Target	view	Predictor	standardized_importance	model	raw_importance	oob_r2	internal_meta_r2	importance_interpretable	status	native_standardized_importance	native_p_intra_field	calibration_slope_p	standardization_status	section_id	dataset	cohort	patient_uid	specimen	Predictor_label	Target_label
M01	intra	M01	NA	wang_style_cellcell_intra	NA	0.713642788462811	0.738200117274337	True	PASS	NA	5.54065313211109e-08	0.0	PROJECT_CORRECTED_NATIVE_COEFFICIENT_SERIALIZATION	Inhousedata_T4384654	Inhousedata__UNVERIFIED	Inhousedata__UNVERIFIED	NA	Inhousedata_T4384654	B	B
M01	intra	M02	-0.49883667745162	wang_style_cellcell_intra	1139.17691286694	0.713642788462811	0.738200117274337	True	PASS	-0.49883664981281	5.54065313211109e-08	0.0	PROJECT_CORRECTED_NATIVE_COEFFICIENT_SERIALIZATION	Inhousedata_T4384654	Inhousedata__UNVERIFIED	Inhousedata__UNVERIFIED	NA	Inhousedata_T4384654	Endothelial	B
M01	intra	M03	-0.362830992869948	wang_style_cellcell_intra	1562.91940500932	0.713642788462811	0.738200117274337	True	PASS	-0.362830972766742	5.54065313211109e-08	0.0	PROJECT_CORRECTED_NATIVE_COEFFICIENT_SERIALIZATION	Inhousedata_T4384654	Inhousedata__UNVERIFIED	Inhousedata__UNVERIFIED	NA	Inhousedata_T4384654	Epithelial	B
M01	intra	M04	-0.0797515104415127	wang_style_cellcell_intra	2444.88846187305	0.713642788462811	0.738200117274337	True	PASS	-0.0797515060227581	5.54065313211109e-08	0.0	PROJECT_CORRECTED_NATIVE_COEFFICIENT_SERIALIZATION	Inhousedata_T4384654	Inhousedata__UNVERIFIED	Inhousedata__UNVERIFIED	NA	Inhousedata_T4384654	Fibroblast	B
M01	intra	M05	-0.386587986277601	wang_style_cellcell_intra	1488.90156065721	0.713642788462811	0.738200117274337	True	PASS	-0.386587964858102	5.54065313211109e-08	0.0	PROJECT_CORRECTED_NATIVE_COEFFICIENT_SERIALIZATION	Inhousedata_T4384654	Inhousedata__UNVERIFIED	Inhousedata__UNVERIFIED	NA	Inhousedata_T4384654	Mast	B
M01	intra	M06	-0.490926512663093	wang_style_cellcell_intra	1163.82200730588	0.713642788462811	0.738200117274337	True	PASS	-0.490926485462557	5.54065313211109e-08	0.0	PROJECT_CORRECTED_NATIVE_COEFFICIENT_SERIALIZATION	Inhousedata_T4384654	Inhousedata__UNVERIFIED	Inhousedata__UNVERIFIED	NA	Inhousedata_T4384654	Mural	B
M01	intra	M07	-0.224804398586556	wang_style_cellcell_intra	1992.95829068876	0.713642788462811	0.738200117274337	True	PASS	-0.224804386130924	5.54065313211109e-08	0.0	PROJECT_CORRECTED_NATIVE_COEFFICIENT_SERIALIZATION	Inhousedata_T4384654	Inhousedata__UNVERIFIED	Inhousedata__UNVERIFIED	NA	Inhousedata_T4384654	Myeloid	B
M01	intra	M08	-0.407068772745862	wang_style_cellcell_intra	1425.09114327803	0.713642788462811	0.738200117274337	True	PASS	-0.407068750191593	5.54065313211109e-08	0.0	PROJECT_CORRECTED_NATIVE_COEFFICIENT_SERIALIZATION	Inhousedata_T4384654	Inhousedata__UNVERIFIED	Inhousedata__UNVERIFIED	NA	Inhousedata_T4384654	Plasma	B
M01	intra	M09	2.45080685103619	wang_style_cellcell_intra	10329.1552842675	0.713642788462811	0.738200117274337	True	PASS	2.45080671524548	5.54065313211109e-08	0.0	PROJECT_CORRECTED_NATIVE_COEFFICIENT_SERIALIZATION	Inhousedata_T4384654	Inhousedata__UNVERIFIED	Inhousedata__UNVERIFIED	NA	Inhousedata_T4384654	T_NK	B
M02	intra	M01	-0.851116619612335	wang_style_cellcell_intra	460.164878890273	0.702897542690074	0.703641994228059	True	PASS	-0.694059920439387	0.184530175482278	0.0	PROJECT_CORRECTED_NATIVE_COEFFICIENT_SERIALIZATION	Inhousedata_T4384654	Inhousedata__UNVERIFIED	Inhousedata__UNVERIFIED	NA	Inhousedata_T4384654	B	Endothelial
M02	intra	M02	NA	wang_style_cellcell_intra	NA	0.702897542690074	0.703641994228059	True	PASS	NA	0.184530175482278	0.0	PROJECT_CORRECTED_NATIVE_COEFFICIENT_SERIALIZATION	Inhousedata_T4384654	Inhousedata__UNVERIFIED	Inhousedata__UNVERIFIED	NA	Inhousedata_T4384654	Endothelial	Endothelial
M02	intra	M03	-0.975528545196002	wang_style_cellcell_intra	381.156153118916	0.702897542690074	0.703641994228059	True	PASS	-0.795514091563013	0.184530175482278	0.0	PROJECT_CORRECTED_NATIVE_COEFFICIENT_SERIALIZATION	Inhousedata_T4384654	Inhousedata__UNVERIFIED	Inhousedata__UNVERIFIED	NA	Inhousedata_T4384654	Epithelial	Endothelial
M02	intra	M04	1.997054658827	wang_style_cellcell_intra	2268.9173954385	0.702897542690074	0.703641994228059	True	PASS	1.62853781218595	0.184530175482278	0.0	PROJECT_CORRECTED_NATIVE_COEFFICIENT_SERIALIZATION	Inhousedata_T4384654	Inhousedata__UNVERIFIED	Inhousedata__UNVERIFIED	NA	Inhousedata_T4384654	Fibroblast	Endothelial
M02	intra	M05	0.752800215021946	wang_style_cellcell_intra	1478.74428559241	0.702897542690074	0.703641994228059	True	PASS	0.613885859240849	0.184530175482278	0.0	PROJECT_CORRECTED_NATIVE_COEFFICIENT_SERIALIZATION	Inhousedata_T4384654	Inhousedata__UNVERIFIED	Inhousedata__UNVERIFIED	NA	Inhousedata_T4384654	Mast	Endothelial
M02	intra	M06	-0.26038490986968	wang_style_cellcell_intra	835.313478516396	0.702897542690074	0.703641994228059	True	PASS	-0.212336036758491	0.184530175482278	0.0	PROJECT_CORRECTED_NATIVE_COEFFICIENT_SERIALIZATION	Inhousedata_T4384654	Inhousedata__UNVERIFIED	Inhousedata__UNVERIFIED	NA	Inhousedata_T4384654	Mural	Endothelial
M02	intra	M07	0.383465870130844	wang_style_cellcell_intra	1244.19574182101	0.702897542690074	0.703641994228059	True	PASS	0.312704845824135	0.184530175482278	0.0	PROJECT_CORRECTED_NATIVE_COEFFICIENT_SERIALIZATION	Inhousedata_T4384654	Inhousedata__UNVERIFIED	Inhousedata__UNVERIFIED	NA	Inhousedata_T4384654	Myeloid	Endothelial
M02	intra	M08	-0.581457537793585	wang_style_cellcell_intra	631.413899811869	0.702897542690074	0.703641994228059	True	PASS	-0.474161076309042	0.184530175482278	0.0	PROJECT_CORRECTED_NATIVE_COEFFICIENT_SERIALIZATION	Inhousedata_T4384654	Inhousedata__UNVERIFIED	Inhousedata__UNVERIFIED	NA	Inhousedata_T4384654	Plasma	Endothelial
M02	intra	M09	-0.464833131508187	wang_style_cellcell_intra	705.477103087777	0.702897542690074	0.703641994228059	True	PASS	-0.379057392181005	0.184530175482278	0.0	PROJECT_CORRECTED_NATIVE_COEFFICIENT_SERIALIZATION	Inhousedata_T4384654	Inhousedata__UNVERIFIED	Inhousedata__UNVERIFIED	NA	Inhousedata_T4384654	T_NK	Endothelial
M03	intra	M01	0.32953264568762	wang_style_cellcell_intra	723.383956286963	0.635626255063254	0.63972287303307	True	PASS	0.32953264568762	3.8389595372425397e-28	0.0	PROJECT_CORRECTED_NATIVE_COEFFICIENT_SERIALIZATION	Inhousedata_T4384654	Inhousedata__UNVERIFIED	Inhousedata__UNVERIFIED	NA	Inhousedata_T4384654	B	Epithelial
M03	intra	M02	-0.734234720522793	wang_style_cellcell_intra	423.897827757805	0.635626255063254	0.63972287303307	True	PASS	-0.734234720522793	3.8389595372425397e-28	0.0	PROJECT_CORRECTED_NATIVE_COEFFICIENT_SERIALIZATION	Inhousedata_T4384654	Inhousedata__UNVERIFIED	Inhousedata__UNVERIFIED	NA	Inhousedata_T4384654	Endothelial	Epithelial
M03	intra	M03	NA	wang_style_cellcell_intra	NA	0.635626255063254	0.63972287303307	True	PASS	NA	3.8389595372425397e-28	0.0	PROJECT_CORRECTED_NATIVE_COEFFICIENT_SERIALIZATION	Inhousedata_T4384654	Inhousedata__UNVERIFIED	Inhousedata__UNVERIFIED	NA	Inhousedata_T4384654	Epithelial	Epithelial
M03	intra	M04	1.85496281833429	wang_style_cellcell_intra	1152.84362130281	0.635626255063254	0.63972287303307	True	PASS	1.85496281833429	3.8389595372425397e-28	0.0	PROJECT_CORRECTED_NATIVE_COEFFICIENT_SERIALIZATION	Inhousedata_T4384654	Inhousedata__UNVERIFIED	Inhousedata__UNVERIFIED	NA	Inhousedata_T4384654	Fibroblast	Epithelial
M03	intra	M05	-0.796695653524786	wang_style_cellcell_intra	406.312983925149	0.635626255063254	0.63972287303307	True	PASS	-0.796695653524786	3.8389595372425397e-28	0.0	PROJECT_CORRECTED_NATIVE_COEFFICIENT_SERIALIZATION	Inhousedata_T4384654	Inhousedata__UNVERIFIED	Inhousedata__UNVERIFIED	NA	Inhousedata_T4384654	Mast	Epithelial
M03	intra	M06	-0.666646352692466	wang_style_cellcell_intra	442.926216161201	0.635626255063254	0.63972287303307	True	PASS	-0.666646352692466	3.8389595372425397e-28	0.0	PROJECT_CORRECTED_NATIVE_COEFFICIENT_SERIALIZATION	Inhousedata_T4384654	Inhousedata__UNVERIFIED	Inhousedata__UNVERIFIED	NA	Inhousedata_T4384654	Mural	Epithelial
M03	intra	M07	1.05729629046827	wang_style_cellcell_intra	928.273787826047	0.635626255063254	0.63972287303307	True	PASS	1.05729629046827	3.8389595372425397e-28	0.0	PROJECT_CORRECTED_NATIVE_COEFFICIENT_SERIALIZATION	Inhousedata_T4384654	Inhousedata__UNVERIFIED	Inhousedata__UNVERIFIED	NA	Inhousedata_T4384654	Myeloid	Epithelial
M03	intra	M08	-0.812977993101854	wang_style_cellcell_intra	401.72896020133	0.635626255063254	0.63972287303307	True	PASS	-0.812977993101854	3.8389595372425397e-28	0.0	PROJECT_CORRECTED_NATIVE_COEFFICIENT_SERIALIZATION	Inhousedata_T4384654	Inhousedata__UNVERIFIED	Inhousedata__UNVERIFIED	NA	Inhousedata_T4384654	Plasma	Epithelial
M03	intra	M09	-0.231237034648274	wang_style_cellcell_intra	565.5085166985	0.635626255063254	0.63972287303307	True	PASS	-0.231237034648274	3.8389595372425397e-28	0.0	PROJECT_CORRECTED_NATIVE_COEFFICIENT_SERIALIZATION	Inhousedata_T4384654	Inhousedata__UNVERIFIED	Inhousedata__UNVERIFIED	NA	Inhousedata_T4384654	T_NK	Epithelial
M04	intra	M01	-0.535947913917271	wang_style_cellcell_intra	2858.37003860888	0.852783500968838	0.852954125753258	True	PASS	-0.535946078498728	3.42462111704156e-06	0.0	PROJECT_CORRECTED_NATIVE_COEFFICIENT_SERIALIZATION	Inhousedata_T4384654	Inhousedata__UNVERIFIED	Inhousedata__UNVERIFIED	NA	Inhousedata_T4384654	B	Fibroblast
M04	intra	M02	1.3784769437623	wang_style_cellcell_intra	8114.39713848207	0.852783500968838	0.852954125753258	True	PASS	1.37847222300105	3.42462111704156e-06	0.0	PROJECT_CORRECTED_NATIVE_COEFFICIENT_SERIALIZATION	Inhousedata_T4384654	Inhousedata__UNVERIFIED	Inhousedata__UNVERIFIED	NA	Inhousedata_T4384654	Endothelial	Fibroblast
M04	intra	M03	-1.05594372709519	wang_style_cellcell_intra	1430.72868986644	0.852783500968838	0.852954125753258	True	PASS	-1.055940110888	3.42462111704156e-06	0.0	PROJECT_CORRECTED_NATIVE_COEFFICIENT_SERIALIZATION	Inhousedata_T4384654	Inhousedata__UNVERIFIED	Inhousedata__UNVERIFIED	NA	Inhousedata_T4384654	Epithelial	Fibroblast
M04	intra	M04	NA	wang_style_cellcell_intra	NA	0.852783500968838	0.852954125753258	True	PASS	NA	3.42462111704156e-06	0.0	PROJECT_CORRECTED_NATIVE_COEFFICIENT_SERIALIZATION	Inhousedata_T4384654	Inhousedata__UNVERIFIED	Inhousedata__UNVERIFIED	NA	Inhousedata_T4384654	Fibroblast	Fibroblast
M04	intra	M05	0.908157491587703	wang_style_cellcell_intra	6823.14155521333	0.852783500968838	0.852954125753258	True	PASS	0.90815438149238	3.42462111704156e-06	0.0	PROJECT_CORRECTED_NATIVE_COEFFICIENT_SERIALIZATION	Inhousedata_T4384654	Inhousedata__UNVERIFIED	Inhousedata__UNVERIFIED	NA	Inhousedata_T4384654	Mast	Fibroblast
M04	intra	M06	1.21896137987745	wang_style_cellcell_intra	7676.44935313699	0.852783500968838	0.852954125753258	True	PASS	1.21895720539657	3.42462111704156e-06	0.0	PROJECT_CORRECTED_NATIVE_COEFFICIENT_SERIALIZATION	Inhousedata_T4384654	Inhousedata__UNVERIFIED	Inhousedata__UNVERIFIED	NA	Inhousedata_T4384654	Mural	Fibroblast
M04	intra	M07	-0.307712434349915	wang_style_cellcell_intra	3484.98740671629	0.852783500968838	0.852954125753258	True	PASS	-0.307711380551414	3.42462111704156e-06	0.0	PROJECT_CORRECTED_NATIVE_COEFFICIENT_SERIALIZATION	Inhousedata_T4384654	Inhousedata__UNVERIFIED	Inhousedata__UNVERIFIED	NA	Inhousedata_T4384654	Myeloid	Fibroblast
M04	intra	M08	-0.839296301205367	wang_style_cellcell_intra	2025.53121608043	0.852783500968838	0.852954125753258	True	PASS	-0.839293426933531	3.42462111704156e-06	0.0	PROJECT_CORRECTED_NATIVE_COEFFICIENT_SERIALIZATION	Inhousedata_T4384654	Inhousedata__UNVERIFIED	Inhousedata__UNVERIFIED	NA	Inhousedata_T4384654	Plasma	Fibroblast
M04	intra	M09	-0.766695438659716	wang_style_cellcell_intra	2224.85588504478	0.852783500968838	0.852954125753258	True	PASS	-0.766692813018326	3.42462111704156e-06	0.0	PROJECT_CORRECTED_NATIVE_COEFFICIENT_SERIALIZATION	Inhousedata_T4384654	Inhousedata__UNVERIFIED	Inhousedata__UNVERIFIED	NA	Inhousedata_T4384654	T_NK	Fibroblast
M05	intra	M01	-0.80897308863724	wang_style_cellcell_intra	17.277458382044	0.655886226818064	0.655556080805499	True	PASS	-0.149162388733956	0.815615141184451	0.0	PROJECT_CORRECTED_NATIVE_COEFFICIENT_SERIALIZATION	Inhousedata_T4384654	Inhousedata__UNVERIFIED	Inhousedata__UNVERIFIED	NA	Inhousedata_T4384654	B	Mast
M05	intra	M02	0.700599848850701	wang_style_cellcell_intra	41.5194498032785	0.655886226818064	0.655556080805499	True	PASS	0.129180004216531	0.815615141184451	0.0	PROJECT_CORRECTED_NATIVE_COEFFICIENT_SERIALIZATION	Inhousedata_T4384654	Inhousedata__UNVERIFIED	Inhousedata__UNVERIFIED	NA	Inhousedata_T4384654	Endothelial	Mast
M05	intra	M03	-1.25796126758105	wang_style_cellcell_intra	10.0672287125163	0.655886226818064	0.655556080805499	True	PASS	-0.231949010718362	0.815615141184451	0.0	PROJECT_CORRECTED_NATIVE_COEFFICIENT_SERIALIZATION	Inhousedata_T4384654	Inhousedata__UNVERIFIED	Inhousedata__UNVERIFIED	NA	Inhousedata_T4384654	Epithelial	Mast
M05	intra	M04	1.35260973636008	wang_style_cellcell_intra	51.9899727618213	0.655886226818064	0.655556080805499	True	PASS	0.24940075527129	0.815615141184451	0.0	PROJECT_CORRECTED_NATIVE_COEFFICIENT_SERIALIZATION	Inhousedata_T4384654	Inhousedata__UNVERIFIED	Inhousedata__UNVERIFIED	NA	Inhousedata_T4384654	Fibroblast	Mast
M05	intra	M05	NA	wang_style_cellcell_intra	NA	0.655886226818064	0.655556080805499	True	PASS	NA	0.815615141184451	0.0	PROJECT_CORRECTED_NATIVE_COEFFICIENT_SERIALIZATION	Inhousedata_T4384654	Inhousedata__UNVERIFIED	Inhousedata__UNVERIFIED	NA	Inhousedata_T4384654	Mast	Mast
M05	intra	M06	0.367240070191858	wang_style_cellcell_intra	36.1660782014529	0.655886226818064	0.655556080805499	True	PASS	0.0677135084937381	0.815615141184451	0.0	PROJECT_CORRECTED_NATIVE_COEFFICIENT_SERIALIZATION	Inhousedata_T4384654	Inhousedata__UNVERIFIED	Inhousedata__UNVERIFIED	NA	Inhousedata_T4384654	Mural	Mast
M05	intra	M07	1.0499779808969	wang_style_cellcell_intra	47.1300575914156	0.655886226818064	0.655556080805499	True	PASS	0.19360004176711	0.815615141184451	0.0	PROJECT_CORRECTED_NATIVE_COEFFICIENT_SERIALIZATION	Inhousedata_T4384654	Inhousedata__UNVERIFIED	Inhousedata__UNVERIFIED	NA	Inhousedata_T4384654	Myeloid	Mast
M05	intra	M08	-1.03377602193433	wang_style_cellcell_intra	13.6673838734713	0.655886226818064	0.655556080805499	True	PASS	-0.190612645851261	0.815615141184451	0.0	PROJECT_CORRECTED_NATIVE_COEFFICIENT_SERIALIZATION	Inhousedata_T4384654	Inhousedata__UNVERIFIED	Inhousedata__UNVERIFIED	NA	Inhousedata_T4384654	Plasma	Mast
M05	intra	M09	-0.369717258146916	wang_style_cellcell_intra	24.3313978175201	0.655886226818064	0.655556080805499	True	PASS	-0.068170264445091	0.815615141184451	0.0	PROJECT_CORRECTED_NATIVE_COEFFICIENT_SERIALIZATION	Inhousedata_T4384654	Inhousedata__UNVERIFIED	Inhousedata__UNVERIFIED	NA	Inhousedata_T4384654	T_NK	Mast
M06	intra	M01	-0.56256879288276	wang_style_cellcell_intra	13598.5796037428	0.849240518641182	0.846522768773284	True	PASS	-0.562566979420948	3.22353787661965e-06	0.0	PROJECT_CORRECTED_NATIVE_COEFFICIENT_SERIALIZATION	Inhousedata_T4384654	Inhousedata__UNVERIFIED	Inhousedata__UNVERIFIED	NA	Inhousedata_T4384654	B	Mural
M06	intra	M02	-0.520706208763749	wang_style_cellcell_intra	14414.4824671131	0.849240518641182	0.846522768773284	True	PASS	-0.520704530247563	3.22353787661965e-06	0.0	PROJECT_CORRECTED_NATIVE_COEFFICIENT_SERIALIZATION	Inhousedata_T4384654	Inhousedata__UNVERIFIED	Inhousedata__UNVERIFIED	NA	Inhousedata_T4384654	Endothelial	Mural
M06	intra	M03	-0.995321636275909	wang_style_cellcell_intra	5164.21532627023	0.849240518641182	0.846522768773284	True	PASS	-0.995318427818915	3.22353787661965e-06	0.0	PROJECT_CORRECTED_NATIVE_COEFFICIENT_SERIALIZATION	Inhousedata_T4384654	Inhousedata__UNVERIFIED	Inhousedata__UNVERIFIED	NA	Inhousedata_T4384654	Epithelial	Mural
M06	intra	M04	1.90219857378742	wang_style_cellcell_intra	61636.9602801626	0.849240518641182	0.846522768773284	True	PASS	1.90219244197827	3.22353787661965e-06	0.0	PROJECT_CORRECTED_NATIVE_COEFFICIENT_SERIALIZATION	Inhousedata_T4384654	Inhousedata__UNVERIFIED	Inhousedata__UNVERIFIED	NA	Inhousedata_T4384654	Fibroblast	Mural
M06	intra	M05	1.00387683503363	wang_style_cellcell_intra	44128.6460109512	0.849240518641182	0.846522768773284	True	PASS	1.00387359899863	3.22353787661965e-06	0.0	PROJECT_CORRECTED_NATIVE_COEFFICIENT_SERIALIZATION	Inhousedata_T4384654	Inhousedata__UNVERIFIED	Inhousedata__UNVERIFIED	NA	Inhousedata_T4384654	Mast	Mural
M06	intra	M06	NA	wang_style_cellcell_intra	NA	0.849240518641182	0.846522768773284	True	PASS	NA	3.22353787661965e-06	0.0	PROJECT_CORRECTED_NATIVE_COEFFICIENT_SERIALIZATION	Inhousedata_T4384654	Inhousedata__UNVERIFIED	Inhousedata__UNVERIFIED	NA	Inhousedata_T4384654	Mural	Mural
M06	intra	M07	-0.798049876586551	wang_style_cellcell_intra	9009.04710098948	0.849240518641182	0.846522768773284	True	PASS	-0.798047304042547	3.22353787661965e-06	0.0	PROJECT_CORRECTED_NATIVE_COEFFICIENT_SERIALIZATION	Inhousedata_T4384654	Inhousedata__UNVERIFIED	Inhousedata__UNVERIFIED	NA	Inhousedata_T4384654	Myeloid	Mural
M06	intra	M08	0.26659631368	wang_style_cellcell_intra	29759.0292961929	0.849240518641182	0.846522768773284	True	PASS	0.266595454296685	3.22353787661965e-06	0.0	PROJECT_CORRECTED_NATIVE_COEFFICIENT_SERIALIZATION	Inhousedata_T4384654	Inhousedata__UNVERIFIED	Inhousedata__UNVERIFIED	NA	Inhousedata_T4384654	Plasma	Mural
M06	intra	M09	-0.296025207992081	wang_style_cellcell_intra	18793.5210700177	0.849240518641182	0.846522768773284	True	PASS	-0.296024253743611	3.22353787661965e-06	0.0	PROJECT_CORRECTED_NATIVE_COEFFICIENT_SERIALIZATION	Inhousedata_T4384654	Inhousedata__UNVERIFIED	Inhousedata__UNVERIFIED	NA	Inhousedata_T4384654	T_NK	Mural
M07	intra	M01	-0.0264369501049424	wang_style_cellcell_intra	1149.1572271726	0.793723367031366	0.794695879918132	True	PASS	-0.0264368508121584	3.75583354200071e-06	0.0	PROJECT_CORRECTED_NATIVE_COEFFICIENT_SERIALIZATION	Inhousedata_T4384654	Inhousedata__UNVERIFIED	Inhousedata__UNVERIFIED	NA	Inhousedata_T4384654	B	Myeloid
M07	intra	M02	0.12729911400446	wang_style_cellcell_intra	1256.16548015542	0.793723367031366	0.794695879918132	True	PASS	0.127298635890178	3.75583354200071e-06	0.0	PROJECT_CORRECTED_NATIVE_COEFFICIENT_SERIALIZATION	Inhousedata_T4384654	Inhousedata__UNVERIFIED	Inhousedata__UNVERIFIED	NA	Inhousedata_T4384654	Endothelial	Myeloid
M07	intra	M03	-1.00728489453521	wang_style_cellcell_intra	466.43632116199	0.793723367031366	0.794695879918132	True	PASS	-1.00728111134082	3.75583354200071e-06	0.0	PROJECT_CORRECTED_NATIVE_COEFFICIENT_SERIALIZATION	Inhousedata_T4384654	Inhousedata__UNVERIFIED	Inhousedata__UNVERIFIED	NA	Inhousedata_T4384654	Epithelial	Myeloid
M07	intra	M04	-0.0792341695862779	wang_style_cellcell_intra	1112.40763135214	0.793723367031366	0.794695879918132	True	PASS	-0.0792338719959261	3.75583354200071e-06	0.0	PROJECT_CORRECTED_NATIVE_COEFFICIENT_SERIALIZATION	Inhousedata_T4384654	Inhousedata__UNVERIFIED	Inhousedata__UNVERIFIED	NA	Inhousedata_T4384654	Fibroblast	Myeloid
M07	intra	M05	0.974381216816366	wang_style_cellcell_intra	1845.77844104411	0.793723367031366	0.794695879918132	True	PASS	0.97437755720271	3.75583354200071e-06	0.0	PROJECT_CORRECTED_NATIVE_COEFFICIENT_SERIALIZATION	Inhousedata_T4384654	Inhousedata__UNVERIFIED	Inhousedata__UNVERIFIED	NA	Inhousedata_T4384654	Mast	Myeloid
M07	intra	M06	-1.12330400421241	wang_style_cellcell_intra	385.681019462939	0.793723367031366	0.794695879918132	True	PASS	-1.12329978526955	3.75583354200071e-06	0.0	PROJECT_CORRECTED_NATIVE_COEFFICIENT_SERIALIZATION	Inhousedata_T4384654	Inhousedata__UNVERIFIED	Inhousedata__UNVERIFIED	NA	Inhousedata_T4384654	Mural	Myeloid
M07	intra	M07	NA	wang_style_cellcell_intra	NA	0.793723367031366	0.794695879918132	True	PASS	NA	3.75583354200071e-06	0.0	PROJECT_CORRECTED_NATIVE_COEFFICIENT_SERIALIZATION	Inhousedata_T4384654	Inhousedata__UNVERIFIED	Inhousedata__UNVERIFIED	NA	Inhousedata_T4384654	Myeloid	Myeloid
M07	intra	M08	-0.679170932852677	wang_style_cellcell_intra	694.820610966204	0.793723367031366	0.794695879918132	True	PASS	-0.679168381999706	3.75583354200071e-06	0.0	PROJECT_CORRECTED_NATIVE_COEFFICIENT_SERIALIZATION	Inhousedata_T4384654	Inhousedata__UNVERIFIED	Inhousedata__UNVERIFIED	NA	Inhousedata_T4384654	Plasma	Myeloid
M07	intra	M09	1.8137506204707	wang_style_cellcell_intra	2430.02296436146	0.793723367031366	0.794695879918132	True	PASS	1.81374380832528	3.75583354200071e-06	0.0	PROJECT_CORRECTED_NATIVE_COEFFICIENT_SERIALIZATION	Inhousedata_T4384654	Inhousedata__UNVERIFIED	Inhousedata__UNVERIFIED	NA	Inhousedata_T4384654	T_NK	Myeloid
M08	intra	M01	1.6576335669121	wang_style_cellcell_intra	11041.6857221466	0.649796998153932	0.651723536891296	True	PASS	1.65741546573884	0.0001315738155983	0.0	PROJECT_CORRECTED_NATIVE_COEFFICIENT_SERIALIZATION	Inhousedata_T4384654	Inhousedata__UNVERIFIED	Inhousedata__UNVERIFIED	NA	Inhousedata_T4384654	B	Plasma
M08	intra	M02	-0.404043903020661	wang_style_cellcell_intra	5798.28837052134	0.649796998153932	0.651723536891296	True	PASS	-0.403990741422671	0.0001315738155983	0.0	PROJECT_CORRECTED_NATIVE_COEFFICIENT_SERIALIZATION	Inhousedata_T4384654	Inhousedata__UNVERIFIED	Inhousedata__UNVERIFIED	NA	Inhousedata_T4384654	Endothelial	Plasma
M08	intra	M03	-0.633255679724532	wang_style_cellcell_intra	5215.34150300302	0.649796998153932	0.651723536891296	True	PASS	-0.633172359858501	0.0001315738155983	0.0	PROJECT_CORRECTED_NATIVE_COEFFICIENT_SERIALIZATION	Inhousedata_T4384654	Inhousedata__UNVERIFIED	Inhousedata__UNVERIFIED	NA	Inhousedata_T4384654	Epithelial	Plasma
M08	intra	M04	0.745043906627886	wang_style_cellcell_intra	8720.72607756603	0.649796998153932	0.651723536891296	True	PASS	0.744945878358303	0.0001315738155983	0.0	PROJECT_CORRECTED_NATIVE_COEFFICIENT_SERIALIZATION	Inhousedata_T4384654	Inhousedata__UNVERIFIED	Inhousedata__UNVERIFIED	NA	Inhousedata_T4384654	Fibroblast	Plasma
M08	intra	M05	-1.32360645296943	wang_style_cellcell_intra	3459.59480211738	0.649796998153932	0.651723536891296	True	PASS	-1.32343230101806	0.0001315738155983	0.0	PROJECT_CORRECTED_NATIVE_COEFFICIENT_SERIALIZATION	Inhousedata_T4384654	Inhousedata__UNVERIFIED	Inhousedata__UNVERIFIED	NA	Inhousedata_T4384654	Mast	Plasma
M08	intra	M06	-0.26886885004937	wang_style_cellcell_intra	6142.0746926266	0.649796998153932	0.651723536891296	True	PASS	-0.268833473948874	0.0001315738155983	0.0	PROJECT_CORRECTED_NATIVE_COEFFICIENT_SERIALIZATION	Inhousedata_T4384654	Inhousedata__UNVERIFIED	Inhousedata__UNVERIFIED	NA	Inhousedata_T4384654	Mural	Plasma
M08	intra	M07	-0.687352406817298	wang_style_cellcell_intra	5077.75905390197	0.649796998153932	0.651723536891296	True	PASS	-0.687261969238472	0.0001315738155983	0.0	PROJECT_CORRECTED_NATIVE_COEFFICIENT_SERIALIZATION	Inhousedata_T4384654	Inhousedata__UNVERIFIED	Inhousedata__UNVERIFIED	NA	Inhousedata_T4384654	Myeloid	Plasma
M08	intra	M08	NA	wang_style_cellcell_intra	NA	0.649796998153932	0.651723536891296	True	PASS	NA	0.0001315738155983	0.0	PROJECT_CORRECTED_NATIVE_COEFFICIENT_SERIALIZATION	Inhousedata_T4384654	Inhousedata__UNVERIFIED	Inhousedata__UNVERIFIED	NA	Inhousedata_T4384654	Plasma	Plasma
M08	intra	M09	0.914449819041297	wang_style_cellcell_intra	9151.57063276559	0.649796998153932	0.651723536891296	True	PASS	0.914329501389433	0.0001315738155983	0.0	PROJECT_CORRECTED_NATIVE_COEFFICIENT_SERIALIZATION	Inhousedata_T4384654	Inhousedata__UNVERIFIED	Inhousedata__UNVERIFIED	NA	Inhousedata_T4384654	T_NK	Plasma
M09	intra	M01	2.40057280991125	wang_style_cellcell_intra	27661.7697147605	0.896794936517963	0.901954216301729	True	PASS	2.40057280991125	9.93526204659194e-46	0.0	PROJECT_CORRECTED_NATIVE_COEFFICIENT_SERIALIZATION	Inhousedata_T4384654	Inhousedata__UNVERIFIED	Inhousedata__UNVERIFIED	NA	Inhousedata_T4384654	B	T_NK
M09	intra	M02	-0.547963030064511	wang_style_cellcell_intra	2169.58669825479	0.896794936517963	0.901954216301729	True	PASS	-0.547963030064511	9.93526204659194e-46	0.0	PROJECT_CORRECTED_NATIVE_COEFFICIENT_SERIALIZATION	Inhousedata_T4384654	Inhousedata__UNVERIFIED	Inhousedata__UNVERIFIED	NA	Inhousedata_T4384654	Endothelial	T_NK
M09	intra	M03	-0.600927633200214	wang_style_cellcell_intra	1711.67014922514	0.896794936517963	0.901954216301729	True	PASS	-0.600927633200214	9.93526204659194e-46	0.0	PROJECT_CORRECTED_NATIVE_COEFFICIENT_SERIALIZATION	Inhousedata_T4384654	Inhousedata__UNVERIFIED	Inhousedata__UNVERIFIED	NA	Inhousedata_T4384654	Epithelial	T_NK
M09	intra	M04	-0.229469817615931	wang_style_cellcell_intra	4923.18634970782	0.896794936517963	0.901954216301729	True	PASS	-0.229469817615931	9.93526204659194e-46	0.0	PROJECT_CORRECTED_NATIVE_COEFFICIENT_SERIALIZATION	Inhousedata_T4384654	Inhousedata__UNVERIFIED	Inhousedata__UNVERIFIED	NA	Inhousedata_T4384654	Fibroblast	T_NK
M09	intra	M05	-0.303846750545978	wang_style_cellcell_intra	4280.14502704419	0.896794936517963	0.901954216301729	True	PASS	-0.303846750545978	9.93526204659194e-46	0.0	PROJECT_CORRECTED_NATIVE_COEFFICIENT_SERIALIZATION	Inhousedata_T4384654	Inhousedata__UNVERIFIED	Inhousedata__UNVERIFIED	NA	Inhousedata_T4384654	Mast	T_NK
M09	intra	M06	-0.519897857161879	wang_style_cellcell_intra	2412.23001780475	0.896794936517963	0.901954216301729	True	PASS	-0.519897857161879	9.93526204659194e-46	0.0	PROJECT_CORRECTED_NATIVE_COEFFICIENT_SERIALIZATION	Inhousedata_T4384654	Inhousedata__UNVERIFIED	Inhousedata__UNVERIFIED	NA	Inhousedata_T4384654	Mural	T_NK
M09	intra	M07	0.166194977781847	wang_style_cellcell_intra	8343.98905480615	0.896794936517963	0.901954216301729	True	PASS	0.166194977781847	9.93526204659194e-46	0.0	PROJECT_CORRECTED_NATIVE_COEFFICIENT_SERIALIZATION	Inhousedata_T4384654	Inhousedata__UNVERIFIED	Inhousedata__UNVERIFIED	NA	Inhousedata_T4384654	Myeloid	T_NK
M09	intra	M08	-0.364662699104587	wang_style_cellcell_intra	3754.34802978225	0.896794936517963	0.901954216301729	True	PASS	-0.364662699104587	9.93526204659194e-46	0.0	PROJECT_CORRECTED_NATIVE_COEFFICIENT_SERIALIZATION	Inhousedata_T4384654	Inhousedata__UNVERIFIED	Inhousedata__UNVERIFIED	NA	Inhousedata_T4384654	Plasma	T_NK
M09	intra	M09	NA	wang_style_cellcell_intra	NA	0.896794936517963	0.901954216301729	True	PASS	NA	9.93526204659194e-46	0.0	PROJECT_CORRECTED_NATIVE_COEFFICIENT_SERIALIZATION	Inhousedata_T4384654	Inhousedata__UNVERIFIED	Inhousedata__UNVERIFIED	NA	Inhousedata_T4384654	T_NK	T_NK
M01	intra	M01	NA	wang_style_cellcell_intra	NA	0.790060351543878	0.79281740439243	True	PASS	NA	2.82407964302301e-05	0.0	PROJECT_CORRECTED_NATIVE_COEFFICIENT_SERIALIZATION	Inhousedata_T4398343	Inhousedata__UNVERIFIED	Inhousedata__UNVERIFIED	NA	Inhousedata_T4398343	B	B
M01	intra	M02	-1.28471949057847	wang_style_cellcell_intra	253.59543924893	0.790060351543878	0.79281740439243	True	PASS	-1.28468320907686	2.82407964302301e-05	0.0	PROJECT_CORRECTED_NATIVE_COEFFICIENT_SERIALIZATION	Inhousedata_T4398343	Inhousedata__UNVERIFIED	Inhousedata__UNVERIFIED	NA	Inhousedata_T4398343	Endothelial	B
M01	intra	M03	0.997217324741923	wang_style_cellcell_intra	1729.07234745449	0.790060351543878	0.79281740439243	True	PASS	0.997189162530458	2.82407964302301e-05	0.0	PROJECT_CORRECTED_NATIVE_COEFFICIENT_SERIALIZATION	Inhousedata_T4398343	Inhousedata__UNVERIFIED	Inhousedata__UNVERIFIED	NA	Inhousedata_T4398343	Epithelial	B
M01	intra	M04	-1.00498104863299	wang_style_cellcell_intra	434.471442763516	0.790060351543878	0.79281740439243	True	PASS	-1.00495266716778	2.82407964302301e-05	0.0	PROJECT_CORRECTED_NATIVE_COEFFICIENT_SERIALIZATION	Inhousedata_T4398343	Inhousedata__UNVERIFIED	Inhousedata__UNVERIFIED	NA	Inhousedata_T4398343	Fibroblast	B
M01	intra	M05	-0.58916576872559	wang_style_cellcell_intra	703.333332130184	0.790060351543878	0.79281740439243	True	PASS	-0.589149130215051	2.82407964302301e-05	0.0	PROJECT_CORRECTED_NATIVE_COEFFICIENT_SERIALIZATION	Inhousedata_T4398343	Inhousedata__UNVERIFIED	Inhousedata__UNVERIFIED	NA	Inhousedata_T4398343	Mast	B
M01	intra	M06	-0.670175769379395	wang_style_cellcell_intra	650.953097718818	0.790060351543878	0.79281740439243	True	PASS	-0.67015684308192	2.82407964302301e-05	0.0	PROJECT_CORRECTED_NATIVE_COEFFICIENT_SERIALIZATION	Inhousedata_T4398343	Inhousedata__UNVERIFIED	Inhousedata__UNVERIFIED	NA	Inhousedata_T4398343	Mural	B
M01	intra	M07	0.476434916523708	wang_style_cellcell_intra	1392.33979098457	0.790060351543878	0.79281740439243	True	PASS	0.476421461622218	2.82407964302301e-05	0.0	PROJECT_CORRECTED_NATIVE_COEFFICIENT_SERIALIZATION	Inhousedata_T4398343	Inhousedata__UNVERIFIED	Inhousedata__UNVERIFIED	NA	Inhousedata_T4398343	Myeloid	B
M01	intra	M08	0.74769237555794	wang_style_cellcell_intra	1567.73207805249	0.790060351543878	0.79281740439243	True	PASS	0.74767126012977	2.82407964302301e-05	0.0	PROJECT_CORRECTED_NATIVE_COEFFICIENT_SERIALIZATION	Inhousedata_T4398343	Inhousedata__UNVERIFIED	Inhousedata__UNVERIFIED	NA	Inhousedata_T4398343	Plasma	B
M01	intra	M09	1.32769746049287	wang_style_cellcell_intra	1942.75740904227	0.790060351543878	0.79281740439243	True	PASS	1.32765996525916	2.82407964302301e-05	0.0	PROJECT_CORRECTED_NATIVE_COEFFICIENT_SERIALIZATION	Inhousedata_T4398343	Inhousedata__UNVERIFIED	Inhousedata__UNVERIFIED	NA	Inhousedata_T4398343	T_NK	B
M02	intra	M01	-0.507176448301012	wang_style_cellcell_intra	147.250276237822	0.397414257517472	0.392787238157513	True	PASS	-0.507176411115666	7.33183596110597e-08	0.0	PROJECT_CORRECTED_NATIVE_COEFFICIENT_SERIALIZATION	Inhousedata_T4398343	Inhousedata__UNVERIFIED	Inhousedata__UNVERIFIED	NA	Inhousedata_T4398343	B	Endothelial
M02	intra	M02	NA	wang_style_cellcell_intra	NA	0.397414257517472	0.392787238157513	True	PASS	NA	7.33183596110597e-08	0.0	PROJECT_CORRECTED_NATIVE_COEFFICIENT_SERIALIZATION	Inhousedata_T4398343	Inhousedata__UNVERIFIED	Inhousedata__UNVERIFIED	NA	Inhousedata_T4398343	Endothelial	Endothelial
M02	intra	M03	0.453651740536149	wang_style_cellcell_intra	196.387231458179	0.397414257517472	0.392787238157513	True	PASS	0.453651707275147	7.33183596110597e-08	0.0	PROJECT_CORRECTED_NATIVE_COEFFICIENT_SERIALIZATION	Inhousedata_T4398343	Inhousedata__UNVERIFIED	Inhousedata__UNVERIFIED	NA	Inhousedata_T4398343	Epithelial	Endothelial
M02	intra	M04	1.84618097178256	wang_style_cellcell_intra	267.601468585842	0.397414257517472	0.392787238157513	True	PASS	1.8461808364236	7.33183596110597e-08	0.0	PROJECT_CORRECTED_NATIVE_COEFFICIENT_SERIALIZATION	Inhousedata_T4398343	Inhousedata__UNVERIFIED	Inhousedata__UNVERIFIED	NA	Inhousedata_T4398343	Fibroblast	Endothelial
M02	intra	M05	-0.754600664145401	wang_style_cellcell_intra	134.59694991411	0.397414257517472	0.392787238157513	True	PASS	-0.754600608819319	7.33183596110597e-08	0.0	PROJECT_CORRECTED_NATIVE_COEFFICIENT_SERIALIZATION	Inhousedata_T4398343	Inhousedata__UNVERIFIED	Inhousedata__UNVERIFIED	NA	Inhousedata_T4398343	Mast	Endothelial
M02	intra	M06	0.977658281995799	wang_style_cellcell_intra	223.185035958522	0.397414257517472	0.392787238157513	True	PASS	0.977658210315498	7.33183596110597e-08	0.0	PROJECT_CORRECTED_NATIVE_COEFFICIENT_SERIALIZATION	Inhousedata_T4398343	Inhousedata__UNVERIFIED	Inhousedata__UNVERIFIED	NA	Inhousedata_T4398343	Mural	Endothelial
M02	intra	M07	-0.266844734663655	wang_style_cellcell_intra	159.540890510205	0.397414257517472	0.392787238157513	True	PASS	-0.266844715099037	7.33183596110597e-08	0.0	PROJECT_CORRECTED_NATIVE_COEFFICIENT_SERIALIZATION	Inhousedata_T4398343	Inhousedata__UNVERIFIED	Inhousedata__UNVERIFIED	NA	Inhousedata_T4398343	Myeloid	Endothelial
M02	intra	M08	-0.912331340628662	wang_style_cellcell_intra	126.530570016769	0.397414257517472	0.392787238157513	True	PASS	-0.912331273738025	7.33183596110597e-08	0.0	PROJECT_CORRECTED_NATIVE_COEFFICIENT_SERIALIZATION	Inhousedata_T4398343	Inhousedata__UNVERIFIED	Inhousedata__UNVERIFIED	NA	Inhousedata_T4398343	Plasma	Endothelial
M02	intra	M09	-0.836537806575782	wang_style_cellcell_intra	130.406667254566	0.397414257517472	0.392787238157513	True	PASS	-0.836537745242202	7.33183596110597e-08	0.0	PROJECT_CORRECTED_NATIVE_COEFFICIENT_SERIALIZATION	Inhousedata_T4398343	Inhousedata__UNVERIFIED	Inhousedata__UNVERIFIED	NA	Inhousedata_T4398343	T_NK	Endothelial
M03	intra	M01	0.446853377020048	wang_style_cellcell_intra	2700226.52775384	0.965108078959145	0.965219836537434	True	PASS	0.446846598825491	1.51687217910727e-05	0.0	PROJECT_CORRECTED_NATIVE_COEFFICIENT_SERIALIZATION	Inhousedata_T4398343	Inhousedata__UNVERIFIED	Inhousedata__UNVERIFIED	NA	Inhousedata_T4398343	B	Epithelial
M03	intra	M02	-0.741156061730256	wang_style_cellcell_intra	295704.780970229	0.965108078959145	0.965219836537434	True	PASS	-0.741144819340152	1.51687217910727e-05	0.0	PROJECT_CORRECTED_NATIVE_COEFFICIENT_SERIALIZATION	Inhousedata_T4398343	Inhousedata__UNVERIFIED	Inhousedata__UNVERIFIED	NA	Inhousedata_T4398343	Endothelial	Epithelial
M03	intra	M03	NA	wang_style_cellcell_intra	NA	0.965108078959145	0.965219836537434	True	PASS	NA	1.51687217910727e-05	0.0	PROJECT_CORRECTED_NATIVE_COEFFICIENT_SERIALIZATION	Inhousedata_T4398343	Inhousedata__UNVERIFIED	Inhousedata__UNVERIFIED	NA	Inhousedata_T4398343	Epithelial	Epithelial
M03	intra	M04	-0.539692857956604	wang_style_cellcell_intra	703464.718601717	0.965108078959145	0.965219836537434	True	PASS	-0.539684671505789	1.51687217910727e-05	0.0	PROJECT_CORRECTED_NATIVE_COEFFICIENT_SERIALIZATION	Inhousedata_T4398343	Inhousedata__UNVERIFIED	Inhousedata__UNVERIFIED	NA	Inhousedata_T4398343	Fibroblast	Epithelial
M03	intra	M05	0.49091885985059	wang_style_cellcell_intra	2789414.71792513	0.965108078959145	0.965219836537434	True	PASS	0.490911413238982	1.51687217910727e-05	0.0	PROJECT_CORRECTED_NATIVE_COEFFICIENT_SERIALIZATION	Inhousedata_T4398343	Inhousedata__UNVERIFIED	Inhousedata__UNVERIFIED	NA	Inhousedata_T4398343	Mast	Epithelial
M03	intra	M06	-0.781207105191666	wang_style_cellcell_intra	214641.784462692	0.965108078959145	0.965219836537434	True	PASS	-0.781195255278426	1.51687217910727e-05	0.0	PROJECT_CORRECTED_NATIVE_COEFFICIENT_SERIALIZATION	Inhousedata_T4398343	Inhousedata__UNVERIFIED	Inhousedata__UNVERIFIED	NA	Inhousedata_T4398343	Mural	Epithelial
M03	intra	M07	2.14205914658548	wang_style_cellcell_intra	6131309.65322206	0.965108078959145	0.965219836537434	True	PASS	2.14202665428623	1.51687217910727e-05	0.0	PROJECT_CORRECTED_NATIVE_COEFFICIENT_SERIALIZATION	Inhousedata_T4398343	Inhousedata__UNVERIFIED	Inhousedata__UNVERIFIED	NA	Inhousedata_T4398343	Myeloid	Epithelial
M03	intra	M08	-0.541328200119614	wang_style_cellcell_intra	700154.798944408	0.965108078959145	0.965219836537434	True	PASS	-0.541319988862749	1.51687217910727e-05	0.0	PROJECT_CORRECTED_NATIVE_COEFFICIENT_SERIALIZATION	Inhousedata_T4398343	Inhousedata__UNVERIFIED	Inhousedata__UNVERIFIED	NA	Inhousedata_T4398343	Plasma	Epithelial
M03	intra	M09	-0.476447158457982	wang_style_cellcell_intra	831473.516237996	0.965108078959145	0.965219836537434	True	PASS	-0.476439931363588	1.51687217910727e-05	0.0	PROJECT_CORRECTED_NATIVE_COEFFICIENT_SERIALIZATION	Inhousedata_T4398343	Inhousedata__UNVERIFIED	Inhousedata__UNVERIFIED	NA	Inhousedata_T4398343	T_NK	Epithelial
M04	intra	M01	-0.572022477368504	wang_style_cellcell_intra	383.684190577415	0.730292352756116	0.729894270947472	True	PASS	-0.572022477029082	5.93372869503394e-10	0.0	PROJECT_CORRECTED_NATIVE_COEFFICIENT_SERIALIZATION	Inhousedata_T4398343	Inhousedata__UNVERIFIED	Inhousedata__UNVERIFIED	NA	Inhousedata_T4398343	B	Fibroblast
M04	intra	M02	0.798442616193848	wang_style_cellcell_intra	514.187078130043	0.730292352756116	0.729894270947472	True	PASS	0.798442615720073	5.93372869503394e-10	0.0	PROJECT_CORRECTED_NATIVE_COEFFICIENT_SERIALIZATION	Inhousedata_T4398343	Inhousedata__UNVERIFIED	Inhousedata__UNVERIFIED	NA	Inhousedata_T4398343	Endothelial	Fibroblast
M04	intra	M03	-0.0922418435941852	wang_style_cellcell_intra	429.371423614941	0.730292352756116	0.729894270947472	True	PASS	-0.0922418435394508	5.93372869503394e-10	0.0	PROJECT_CORRECTED_NATIVE_COEFFICIENT_SERIALIZATION	Inhousedata_T4398343	Inhousedata__UNVERIFIED	Inhousedata__UNVERIFIED	NA	Inhousedata_T4398343	Epithelial	Fibroblast
M04	intra	M04	NA	wang_style_cellcell_intra	NA	0.730292352756116	0.729894270947472	True	PASS	NA	5.93372869503394e-10	0.0	PROJECT_CORRECTED_NATIVE_COEFFICIENT_SERIALIZATION	Inhousedata_T4398343	Inhousedata__UNVERIFIED	Inhousedata__UNVERIFIED	NA	Inhousedata_T4398343	Fibroblast	Fibroblast
M04	intra	M05	0.661192965428851	wang_style_cellcell_intra	501.117445182396	0.730292352756116	0.729894270947472	True	PASS	0.661192965036517	5.93372869503394e-10	0.0	PROJECT_CORRECTED_NATIVE_COEFFICIENT_SERIALIZATION	Inhousedata_T4398343	Inhousedata__UNVERIFIED	Inhousedata__UNVERIFIED	NA	Inhousedata_T4398343	Mast	Fibroblast
M04	intra	M06	0.329498884142054	wang_style_cellcell_intra	469.531791818892	0.730292352756116	0.729894270947472	True	PASS	0.329498883946538	5.93372869503394e-10	0.0	PROJECT_CORRECTED_NATIVE_COEFFICIENT_SERIALIZATION	Inhousedata_T4398343	Inhousedata__UNVERIFIED	Inhousedata__UNVERIFIED	NA	Inhousedata_T4398343	Mural	Fibroblast
M04	intra	M07	1.43893752731378	wang_style_cellcell_intra	575.178369157122	0.730292352756116	0.729894270947472	True	PASS	1.43893752645995	5.93372869503394e-10	0.0	PROJECT_CORRECTED_NATIVE_COEFFICIENT_SERIALIZATION	Inhousedata_T4398343	Inhousedata__UNVERIFIED	Inhousedata__UNVERIFIED	NA	Inhousedata_T4398343	Myeloid	Fibroblast
M04	intra	M08	-1.03297677161365	wang_style_cellcell_intra	339.789700516083	0.730292352756116	0.729894270947472	True	PASS	-1.03297677100071	5.93372869503394e-10	0.0	PROJECT_CORRECTED_NATIVE_COEFFICIENT_SERIALIZATION	Inhousedata_T4398343	Inhousedata__UNVERIFIED	Inhousedata__UNVERIFIED	NA	Inhousedata_T4398343	Plasma	Fibroblast
M04	intra	M09	-1.53083090050219	wang_style_cellcell_intra	292.381414303504	0.730292352756116	0.729894270947472	True	PASS	-1.53083089959384	5.93372869503394e-10	0.0	PROJECT_CORRECTED_NATIVE_COEFFICIENT_SERIALIZATION	Inhousedata_T4398343	Inhousedata__UNVERIFIED	Inhousedata__UNVERIFIED	NA	Inhousedata_T4398343	T_NK	Fibroblast
M05	intra	M01	-0.153468610939882	wang_style_cellcell_intra	15.3447872630831	0.506397385253301	0.514116356404586	True	PASS	-0.0634200112069243	0.586755813983566	0.0	PROJECT_CORRECTED_NATIVE_COEFFICIENT_SERIALIZATION	Inhousedata_T4398343	Inhousedata__UNVERIFIED	Inhousedata__UNVERIFIED	NA	Inhousedata_T4398343	B	Mast
M05	intra	M02	-0.658489759670005	wang_style_cellcell_intra	11.0184049955958	0.506397385253301	0.514116356404586	True	PASS	-0.272117064734988	0.586755813983566	0.0	PROJECT_CORRECTED_NATIVE_COEFFICIENT_SERIALIZATION	Inhousedata_T4398343	Inhousedata__UNVERIFIED	Inhousedata__UNVERIFIED	NA	Inhousedata_T4398343	Endothelial	Mast
M05	intra	M03	1.79725564652265	wang_style_cellcell_intra	32.0561247139295	0.506397385253301	0.514116356404586	True	PASS	0.742705446710694	0.586755813983566	0.0	PROJECT_CORRECTED_NATIVE_COEFFICIENT_SERIALIZATION	Inhousedata_T4398343	Inhousedata__UNVERIFIED	Inhousedata__UNVERIFIED	NA	Inhousedata_T4398343	Epithelial	Mast
M05	intra	M04	0.230260109458526	wang_style_cellcell_intra	18.6320894594995	0.506397385253301	0.514116356404586	True	PASS	0.0951536515052436	0.586755813983566	0.0	PROJECT_CORRECTED_NATIVE_COEFFICIENT_SERIALIZATION	Inhousedata_T4398343	Inhousedata__UNVERIFIED	Inhousedata__UNVERIFIED	NA	Inhousedata_T4398343	Fibroblast	Mast
M05	intra	M05	NA	wang_style_cellcell_intra	NA	0.506397385253301	0.514116356404586	True	PASS	NA	0.586755813983566	0.0	PROJECT_CORRECTED_NATIVE_COEFFICIENT_SERIALIZATION	Inhousedata_T4398343	Inhousedata__UNVERIFIED	Inhousedata__UNVERIFIED	NA	Inhousedata_T4398343	Mast	Mast
M05	intra	M06	-0.890557433343348	wang_style_cellcell_intra	9.03034277134646	0.506397385253301	0.514116356404586	True	PASS	-0.368017681642857	0.586755813983566	0.0	PROJECT_CORRECTED_NATIVE_COEFFICIENT_SERIALIZATION	Inhousedata_T4398343	Inhousedata__UNVERIFIED	Inhousedata__UNVERIFIED	NA	Inhousedata_T4398343	Mural	Mast
M05	intra	M07	1.16387529172486	wang_style_cellcell_intra	26.630123164366	0.506397385253301	0.514116356404586	True	PASS	0.48096469755348	0.586755813983566	0.0	PROJECT_CORRECTED_NATIVE_COEFFICIENT_SERIALIZATION	Inhousedata_T4398343	Inhousedata__UNVERIFIED	Inhousedata__UNVERIFIED	NA	Inhousedata_T4398343	Myeloid	Mast
M05	intra	M08	-0.786970329289647	wang_style_cellcell_intra	9.91774602415119	0.506397385253301	0.514116356404586	True	PASS	-0.325210913146385	0.586755813983566	0.0	PROJECT_CORRECTED_NATIVE_COEFFICIENT_SERIALIZATION	Inhousedata_T4398343	Inhousedata__UNVERIFIED	Inhousedata__UNVERIFIED	NA	Inhousedata_T4398343	Plasma	Mast
M05	intra	M09	-0.701904914463158	wang_style_cellcell_intra	10.646478876641	0.506397385253301	0.514116356404586	True	PASS	-0.290058125038262	0.586755813983566	0.0	PROJECT_CORRECTED_NATIVE_COEFFICIENT_SERIALIZATION	Inhousedata_T4398343	Inhousedata__UNVERIFIED	Inhousedata__UNVERIFIED	NA	Inhousedata_T4398343	T_NK	Mast
M06	intra	M01	-0.14854288341688	wang_style_cellcell_intra	2902.7283327655	0.803767876220521	0.803030937746778	True	PASS	-0.148538641785753	2.85549265589465e-05	0.0	PROJECT_CORRECTED_NATIVE_COEFFICIENT_SERIALIZATION	Inhousedata_T4398343	Inhousedata__UNVERIFIED	Inhousedata__UNVERIFIED	NA	Inhousedata_T4398343	B	Mural
M06	intra	M02	-0.896249161131511	wang_style_cellcell_intra	1575.31476489031	0.803767876220521	0.803030937746778	True	PASS	-0.896223568802536	2.85549265589465e-05	0.0	PROJECT_CORRECTED_NATIVE_COEFFICIENT_SERIALIZATION	Inhousedata_T4398343	Inhousedata__UNVERIFIED	Inhousedata__UNVERIFIED	NA	Inhousedata_T4398343	Endothelial	Mural
M06	intra	M03	0.114925475359211	wang_style_cellcell_intra	3370.46744980775	0.803767876220521	0.803030937746778	True	PASS	0.114922193670702	2.85549265589465e-05	0.0	PROJECT_CORRECTED_NATIVE_COEFFICIENT_SERIALIZATION	Inhousedata_T4398343	Inhousedata__UNVERIFIED	Inhousedata__UNVERIFIED	NA	Inhousedata_T4398343	Epithelial	Mural
M06	intra	M04	-0.602234108422749	wang_style_cellcell_intra	2097.28386125532	0.803767876220521	0.803030937746778	True	PASS	-0.602216911672011	2.85549265589465e-05	0.0	PROJECT_CORRECTED_NATIVE_COEFFICIENT_SERIALIZATION	Inhousedata_T4398343	Inhousedata__UNVERIFIED	Inhousedata__UNVERIFIED	NA	Inhousedata_T4398343	Fibroblast	Mural
M06	intra	M05	-1.1702020456802	wang_style_cellcell_intra	1088.96232042513	0.803767876220521	0.803030937746778	True	PASS	-1.17016863064673	2.85549265589465e-05	0.0	PROJECT_CORRECTED_NATIVE_COEFFICIENT_SERIALIZATION	Inhousedata_T4398343	Inhousedata__UNVERIFIED	Inhousedata__UNVERIFIED	NA	Inhousedata_T4398343	Mast	Mural
M06	intra	M06	NA	wang_style_cellcell_intra	NA	0.803767876220521	0.803030937746778	True	PASS	NA	2.85549265589465e-05	0.0	PROJECT_CORRECTED_NATIVE_COEFFICIENT_SERIALIZATION	Inhousedata_T4398343	Inhousedata__UNVERIFIED	Inhousedata__UNVERIFIED	NA	Inhousedata_T4398343	Mural	Mural
M06	intra	M07	1.97555549293253	wang_style_cellcell_intra	6673.67033005064	0.803767876220521	0.803030937746778	True	PASS	1.97549908109051	2.85549265589465e-05	0.0	PROJECT_CORRECTED_NATIVE_COEFFICIENT_SERIALIZATION	Inhousedata_T4398343	Inhousedata__UNVERIFIED	Inhousedata__UNVERIFIED	NA	Inhousedata_T4398343	Myeloid	Mural
M06	intra	M08	0.0010853563752259	wang_style_cellcell_intra	3168.36547071277	0.803767876220521	0.803030937746778	True	PASS	0.0010853253829543	2.85549265589465e-05	0.0	PROJECT_CORRECTED_NATIVE_COEFFICIENT_SERIALIZATION	Inhousedata_T4398343	Inhousedata__UNVERIFIED	Inhousedata__UNVERIFIED	NA	Inhousedata_T4398343	Plasma	Mural
M06	intra	M09	0.725661873984378	wang_style_cellcell_intra	4454.71644716562	0.803767876220521	0.803030937746778	True	PASS	0.72564115276286	2.85549265589465e-05	0.0	PROJECT_CORRECTED_NATIVE_COEFFICIENT_SERIALIZATION	Inhousedata_T4398343	Inhousedata__UNVERIFIED	Inhousedata__UNVERIFIED	NA	Inhousedata_T4398343	T_NK	Mural
M07	intra	M01	0.336341485654799	wang_style_cellcell_intra	8314.08620277065	0.915669849759802	0.91588331533706	True	PASS	0.336338833590413	7.88503500029014e-06	0.0	PROJECT_CORRECTED_NATIVE_COEFFICIENT_SERIALIZATION	Inhousedata_T4398343	Inhousedata__UNVERIFIED	Inhousedata__UNVERIFIED	NA	Inhousedata_T4398343	B	Myeloid
M07	intra	M02	-0.746009613068989	wang_style_cellcell_intra	1156.87098730392	0.915669849759802	0.91588331533706	True	PASS	-0.74600373075708	7.88503500029014e-06	0.0	PROJECT_CORRECTED_NATIVE_COEFFICIENT_SERIALIZATION	Inhousedata_T4398343	Inhousedata__UNVERIFIED	Inhousedata__UNVERIFIED	NA	Inhousedata_T4398343	Endothelial	Myeloid
M07	intra	M03	2.29212547018243	wang_style_cellcell_intra	21247.0124119577	0.915669849759802	0.91588331533706	True	PASS	2.29210739669287	7.88503500029014e-06	0.0	PROJECT_CORRECTED_NATIVE_COEFFICIENT_SERIALIZATION	Inhousedata_T4398343	Inhousedata__UNVERIFIED	Inhousedata__UNVERIFIED	NA	Inhousedata_T4398343	Epithelial	Myeloid
M07	intra	M04	-0.47188184692999	wang_style_cellcell_intra	2969.58353603728	0.915669849759802	0.91588331533706	True	PASS	-0.471878126125111	7.88503500029014e-06	0.0	PROJECT_CORRECTED_NATIVE_COEFFICIENT_SERIALIZATION	Inhousedata_T4398343	Inhousedata__UNVERIFIED	Inhousedata__UNVERIFIED	NA	Inhousedata_T4398343	Fibroblast	Myeloid
M07	intra	M05	0.155119580644938	wang_style_cellcell_intra	7115.72813075335	0.915669849759802	0.91588331533706	True	PASS	0.155118357521615	7.88503500029014e-06	0.0	PROJECT_CORRECTED_NATIVE_COEFFICIENT_SERIALIZATION	Inhousedata_T4398343	Inhousedata__UNVERIFIED	Inhousedata__UNVERIFIED	NA	Inhousedata_T4398343	Mast	Myeloid
M07	intra	M06	-0.610579618427512	wang_style_cellcell_intra	2052.42291996373	0.915669849759802	0.91588331533706	True	PASS	-0.61057480398585	7.88503500029014e-06	0.0	PROJECT_CORRECTED_NATIVE_COEFFICIENT_SERIALIZATION	Inhousedata_T4398343	Inhousedata__UNVERIFIED	Inhousedata__UNVERIFIED	NA	Inhousedata_T4398343	Mural	Myeloid
M07	intra	M07	NA	wang_style_cellcell_intra	NA	0.915669849759802	0.91588331533706	True	PASS	NA	7.88503500029014e-06	0.0	PROJECT_CORRECTED_NATIVE_COEFFICIENT_SERIALIZATION	Inhousedata_T4398343	Inhousedata__UNVERIFIED	Inhousedata__UNVERIFIED	NA	Inhousedata_T4398343	Myeloid	Myeloid
M07	intra	M08	-0.457062731246561	wang_style_cellcell_intra	3067.57724655715	0.915669849759802	0.91588331533706	True	PASS	-0.457059127290927	7.88503500029014e-06	0.0	PROJECT_CORRECTED_NATIVE_COEFFICIENT_SERIALIZATION	Inhousedata_T4398343	Inhousedata__UNVERIFIED	Inhousedata__UNVERIFIED	NA	Inhousedata_T4398343	Plasma	Myeloid
M07	intra	M09	-0.498052726809113	wang_style_cellcell_intra	2796.52451674689	0.915669849759802	0.91588331533706	True	PASS	-0.498048799645931	7.88503500029014e-06	0.0	PROJECT_CORRECTED_NATIVE_COEFFICIENT_SERIALIZATION	Inhousedata_T4398343	Inhousedata__UNVERIFIED	Inhousedata__UNVERIFIED	NA	Inhousedata_T4398343	T_NK	Myeloid
M08	intra	M01	1.26718554986427	wang_style_cellcell_intra	4030.54742996655	0.547960001968578	0.546941942896584	True	PASS	1.26493462780681	0.0017763160712365	0.0	PROJECT_CORRECTED_NATIVE_COEFFICIENT_SERIALIZATION	Inhousedata_T4398343	Inhousedata__UNVERIFIED	Inhousedata__UNVERIFIED	NA	Inhousedata_T4398343	B	Plasma
M08	intra	M02	-1.14525778377163	wang_style_cellcell_intra	1597.32691229852	0.547960001968578	0.546941942896584	True	PASS	-1.14322344396461	0.0017763160712365	0.0	PROJECT_CORRECTED_NATIVE_COEFFICIENT_SERIALIZATION	Inhousedata_T4398343	Inhousedata__UNVERIFIED	Inhousedata__UNVERIFIED	NA	Inhousedata_T4398343	Endothelial	Plasma
M08	intra	M03	0.71972614612708	wang_style_cellcell_intra	3478.37302852434	0.547960001968578	0.546941942896584	True	PASS	0.718447685006826	0.0017763160712365	0.0	PROJECT_CORRECTED_NATIVE_COEFFICIENT_SERIALIZATION	Inhousedata_T4398343	Inhousedata__UNVERIFIED	Inhousedata__UNVERIFIED	NA	Inhousedata_T4398343	Epithelial	Plasma
M08	intra	M04	-0.46796166475526	wang_style_cellcell_intra	2280.45624858174	0.547960001968578	0.546941942896584	True	PASS	-0.467130416929432	0.0017763160712365	0.0	PROJECT_CORRECTED_NATIVE_COEFFICIENT_SERIALIZATION	Inhousedata_T4398343	Inhousedata__UNVERIFIED	Inhousedata__UNVERIFIED	NA	Inhousedata_T4398343	Fibroblast	Plasma
M08	intra	M05	-1.0790580250144	wang_style_cellcell_intra	1664.0968169122	0.547960001968578	0.546941942896584	True	PASS	-1.07714127690277	0.0017763160712365	0.0	PROJECT_CORRECTED_NATIVE_COEFFICIENT_SERIALIZATION	Inhousedata_T4398343	Inhousedata__UNVERIFIED	Inhousedata__UNVERIFIED	NA	Inhousedata_T4398343	Mast	Plasma
M08	intra	M06	-0.4131886383537	wang_style_cellcell_intra	2335.70100803239	0.547960001968578	0.546941942896584	True	PASS	-0.41245468473494	0.0017763160712365	0.0	PROJECT_CORRECTED_NATIVE_COEFFICIENT_SERIALIZATION	Inhousedata_T4398343	Inhousedata__UNVERIFIED	Inhousedata__UNVERIFIED	NA	Inhousedata_T4398343	Mural	Plasma
M08	intra	M07	-0.272876168218976	wang_style_cellcell_intra	2477.22192023634	0.547960001968578	0.546941942896584	True	PASS	-0.272391453895912	0.0017763160712365	0.0	PROJECT_CORRECTED_NATIVE_COEFFICIENT_SERIALIZATION	Inhousedata_T4398343	Inhousedata__UNVERIFIED	Inhousedata__UNVERIFIED	NA	Inhousedata_T4398343	Myeloid	Plasma
M08	intra	M08	NA	wang_style_cellcell_intra	NA	0.547960001968578	0.546941942896584	True	PASS	NA	0.0017763160712365	0.0	PROJECT_CORRECTED_NATIVE_COEFFICIENT_SERIALIZATION	Inhousedata_T4398343	Inhousedata__UNVERIFIED	Inhousedata__UNVERIFIED	NA	Inhousedata_T4398343	Plasma	Plasma
M08	intra	M09	1.39143058412262	wang_style_cellcell_intra	4155.86252539726	0.547960001968578	0.546941942896584	True	PASS	1.38895896361403	0.0017763160712365	0.0	PROJECT_CORRECTED_NATIVE_COEFFICIENT_SERIALIZATION	Inhousedata_T4398343	Inhousedata__UNVERIFIED	Inhousedata__UNVERIFIED	NA	Inhousedata_T4398343	T_NK	Plasma
M09	intra	M01	2.36144172251997	wang_style_cellcell_intra	10793.1947050504	0.832100272838859	0.83435528164556	True	PASS	2.36144172250013	8.398983960060049e-12	0.0	PROJECT_CORRECTED_NATIVE_COEFFICIENT_SERIALIZATION	Inhousedata_T4398343	Inhousedata__UNVERIFIED	Inhousedata__UNVERIFIED	NA	Inhousedata_T4398343	B	T_NK
M09	intra	M02	-0.841604627671525	wang_style_cellcell_intra	982.242993949845	0.832100272838859	0.83435528164556	True	PASS	-0.841604627664457	8.398983960060049e-12	0.0	PROJECT_CORRECTED_NATIVE_COEFFICIENT_SERIALIZATION	Inhousedata_T4398343	Inhousedata__UNVERIFIED	Inhousedata__UNVERIFIED	NA	Inhousedata_T4398343	Endothelial	T_NK
M09	intra	M03	-0.199731194514552	wang_style_cellcell_intra	2948.3054759882	0.832100272838859	0.83435528164556	True	PASS	-0.199731194512875	8.398983960060049e-12	0.0	PROJECT_CORRECTED_NATIVE_COEFFICIENT_SERIALIZATION	Inhousedata_T4398343	Inhousedata__UNVERIFIED	Inhousedata__UNVERIFIED	NA	Inhousedata_T4398343	Epithelial	T_NK
M09	intra	M04	-0.399582555329788	wang_style_cellcell_intra	2336.15946372747	0.832100272838859	0.83435528164556	True	PASS	-0.399582555326432	8.398983960060049e-12	0.0	PROJECT_CORRECTED_NATIVE_COEFFICIENT_SERIALIZATION	Inhousedata_T4398343	Inhousedata__UNVERIFIED	Inhousedata__UNVERIFIED	NA	Inhousedata_T4398343	Fibroblast	T_NK
M09	intra	M05	-0.376182295623933	wang_style_cellcell_intra	2407.83461072858	0.832100272838859	0.83435528164556	True	PASS	-0.376182295620774	8.398983960060049e-12	0.0	PROJECT_CORRECTED_NATIVE_COEFFICIENT_SERIALIZATION	Inhousedata_T4398343	Inhousedata__UNVERIFIED	Inhousedata__UNVERIFIED	NA	Inhousedata_T4398343	Mast	T_NK
M09	intra	M06	-0.597881429302964	wang_style_cellcell_intra	1728.76872871668	0.832100272838859	0.83435528164556	True	PASS	-0.597881429297943	8.398983960060049e-12	0.0	PROJECT_CORRECTED_NATIVE_COEFFICIENT_SERIALIZATION	Inhousedata_T4398343	Inhousedata__UNVERIFIED	Inhousedata__UNVERIFIED	NA	Inhousedata_T4398343	Mural	T_NK
M09	intra	M07	-0.0607719828763968	wang_style_cellcell_intra	3373.93844102882	0.832100272838859	0.83435528164556	True	PASS	-0.0607719828758864	8.398983960060049e-12	0.0	PROJECT_CORRECTED_NATIVE_COEFFICIENT_SERIALIZATION	Inhousedata_T4398343	Inhousedata__UNVERIFIED	Inhousedata__UNVERIFIED	NA	Inhousedata_T4398343	Myeloid	T_NK
M09	intra	M08	0.114312362799193	wang_style_cellcell_intra	3910.22292554468	0.832100272838859	0.83435528164556	True	PASS	0.114312362798233	8.398983960060049e-12	0.0	PROJECT_CORRECTED_NATIVE_COEFFICIENT_SERIALIZATION	Inhousedata_T4398343	Inhousedata__UNVERIFIED	Inhousedata__UNVERIFIED	NA	Inhousedata_T4398343	Plasma	T_NK
M09	intra	M09	NA	wang_style_cellcell_intra	NA	0.832100272838859	0.83435528164556	True	PASS	NA	8.398983960060049e-12	0.0	PROJECT_CORRECTED_NATIVE_COEFFICIENT_SERIALIZATION	Inhousedata_T4398343	Inhousedata__UNVERIFIED	Inhousedata__UNVERIFIED	NA	Inhousedata_T4398343	T_NK	T_NK
M01	intra	M01	NA	wang_style_cellcell_intra	NA	0.661034125633987	0.665627535364323	True	PASS	NA	1.09279269605174e-13	0.0	PROJECT_CORRECTED_NATIVE_COEFFICIENT_SERIALIZATION	Inhousedata_T4413900	Inhousedata__UNVERIFIED	Inhousedata__UNVERIFIED	NA	Inhousedata_T4413900	B	B
M01	intra	M02	-0.0817699526679957	wang_style_cellcell_intra	548.02788707378	0.661034125633987	0.665627535364323	True	PASS	-0.0817699526679868	1.09279269605174e-13	0.0	PROJECT_CORRECTED_NATIVE_COEFFICIENT_SERIALIZATION	Inhousedata_T4413900	Inhousedata__UNVERIFIED	Inhousedata__UNVERIFIED	NA	Inhousedata_T4413900	Endothelial	B
M01	intra	M03	1.09692887844269	wang_style_cellcell_intra	827.100916329675	0.661034125633987	0.665627535364323	True	PASS	1.09692887844257	1.09279269605174e-13	0.0	PROJECT_CORRECTED_NATIVE_COEFFICIENT_SERIALIZATION	Inhousedata_T4413900	Inhousedata__UNVERIFIED	Inhousedata__UNVERIFIED	NA	Inhousedata_T4413900	Epithelial	B
M01	intra	M04	1.23640357789341	wang_style_cellcell_intra	860.123454278227	0.661034125633987	0.665627535364323	True	PASS	1.23640357789327	1.09279269605174e-13	0.0	PROJECT_CORRECTED_NATIVE_COEFFICIENT_SERIALIZATION	Inhousedata_T4413900	Inhousedata__UNVERIFIED	Inhousedata__UNVERIFIED	NA	Inhousedata_T4413900	Fibroblast	B
M01	intra	M05	-1.02551239848331	wang_style_cellcell_intra	324.583987546986	0.661034125633987	0.665627535364323	True	PASS	-1.02551239848319	1.09279269605174e-13	0.0	PROJECT_CORRECTED_NATIVE_COEFFICIENT_SERIALIZATION	Inhousedata_T4413900	Inhousedata__UNVERIFIED	Inhousedata__UNVERIFIED	NA	Inhousedata_T4413900	Mast	B
M01	intra	M06	-0.557700026348575	wang_style_cellcell_intra	435.344949014984	0.661034125633987	0.665627535364323	True	PASS	-0.557700026348515	1.09279269605174e-13	0.0	PROJECT_CORRECTED_NATIVE_COEFFICIENT_SERIALIZATION	Inhousedata_T4413900	Inhousedata__UNVERIFIED	Inhousedata__UNVERIFIED	NA	Inhousedata_T4413900	Mural	B
M01	intra	M07	1.13048881978089	wang_style_cellcell_intra	835.046690299837	0.661034125633987	0.665627535364323	True	PASS	1.13048881978076	1.09279269605174e-13	0.0	PROJECT_CORRECTED_NATIVE_COEFFICIENT_SERIALIZATION	Inhousedata_T4413900	Inhousedata__UNVERIFIED	Inhousedata__UNVERIFIED	NA	Inhousedata_T4413900	Myeloid	B
M01	intra	M08	-0.862363808842207	wang_style_cellcell_intra	363.211641981041	0.661034125633987	0.665627535364323	True	PASS	-0.862363808842113	1.09279269605174e-13	0.0	PROJECT_CORRECTED_NATIVE_COEFFICIENT_SERIALIZATION	Inhousedata_T4413900	Inhousedata__UNVERIFIED	Inhousedata__UNVERIFIED	NA	Inhousedata_T4413900	Plasma	B
M01	intra	M09	-0.9364750897749	wang_style_cellcell_intra	345.664785119876	0.661034125633987	0.665627535364323	True	PASS	-0.936475089774798	1.09279269605174e-13	0.0	PROJECT_CORRECTED_NATIVE_COEFFICIENT_SERIALIZATION	Inhousedata_T4413900	Inhousedata__UNVERIFIED	Inhousedata__UNVERIFIED	NA	Inhousedata_T4413900	T_NK	B
M02	intra	M01	-0.499080254858674	wang_style_cellcell_intra	78.549559377429	0.440630851779933	0.44107038351489	True	PASS	-0.126389256106354	0.746755647261292	0.0	PROJECT_CORRECTED_NATIVE_COEFFICIENT_SERIALIZATION	Inhousedata_T4413900	Inhousedata__UNVERIFIED	Inhousedata__UNVERIFIED	NA	Inhousedata_T4413900	B	Endothelial
M02	intra	M02	NA	wang_style_cellcell_intra	NA	0.440630851779933	0.44107038351489	True	PASS	NA	0.746755647261292	0.0	PROJECT_CORRECTED_NATIVE_COEFFICIENT_SERIALIZATION	Inhousedata_T4413900	Inhousedata__UNVERIFIED	Inhousedata__UNVERIFIED	NA	Inhousedata_T4413900	Endothelial	Endothelial
M02	intra	M03	0.858890037582369	wang_style_cellcell_intra	123.989096409287	0.440630851779933	0.44107038351489	True	PASS	0.217509051641272	0.746755647261292	0.0	PROJECT_CORRECTED_NATIVE_COEFFICIENT_SERIALIZATION	Inhousedata_T4413900	Inhousedata__UNVERIFIED	Inhousedata__UNVERIFIED	NA	Inhousedata_T4413900	Epithelial	Endothelial
M02	intra	M04	0.878149852406219	wang_style_cellcell_intra	124.633556066311	0.440630851779933	0.44107038351489	True	PASS	0.222386490980205	0.746755647261292	0.0	PROJECT_CORRECTED_NATIVE_COEFFICIENT_SERIALIZATION	Inhousedata_T4413900	Inhousedata__UNVERIFIED	Inhousedata__UNVERIFIED	NA	Inhousedata_T4413900	Fibroblast	Endothelial
M02	intra	M05	-0.597099641556895	wang_style_cellcell_intra	75.2696970884628	0.440630851779933	0.44107038351489	True	PASS	-0.15121211224659	0.746755647261292	0.0	PROJECT_CORRECTED_NATIVE_COEFFICIENT_SERIALIZATION	Inhousedata_T4413900	Inhousedata__UNVERIFIED	Inhousedata__UNVERIFIED	NA	Inhousedata_T4413900	Mast	Endothelial
M02	intra	M06	1.54026150689612	wang_style_cellcell_intra	146.788714548708	0.440630851779933	0.44107038351489	True	PASS	0.390062528362255	0.746755647261292	0.0	PROJECT_CORRECTED_NATIVE_COEFFICIENT_SERIALIZATION	Inhousedata_T4413900	Inhousedata__UNVERIFIED	Inhousedata__UNVERIFIED	NA	Inhousedata_T4413900	Mural	Endothelial
M02	intra	M07	0.0379609094483014	wang_style_cellcell_intra	96.5196887749529	0.440630851779933	0.44107038351489	True	PASS	0.0096133859426078	0.746755647261292	0.0	PROJECT_CORRECTED_NATIVE_COEFFICIENT_SERIALIZATION	Inhousedata_T4413900	Inhousedata__UNVERIFIED	Inhousedata__UNVERIFIED	NA	Inhousedata_T4413900	Myeloid	Endothelial
M02	intra	M08	-1.26692885702992	wang_style_cellcell_intra	52.8562984957774	0.440630851779933	0.44107038351489	True	PASS	-0.320842578364533	0.746755647261292	0.0	PROJECT_CORRECTED_NATIVE_COEFFICIENT_SERIALIZATION	Inhousedata_T4413900	Inhousedata__UNVERIFIED	Inhousedata__UNVERIFIED	NA	Inhousedata_T4413900	Plasma	Endothelial
M02	intra	M09	-0.952153552887524	wang_style_cellcell_intra	63.3891092420137	0.440630851779933	0.44107038351489	True	PASS	-0.241127510208862	0.746755647261292	0.0	PROJECT_CORRECTED_NATIVE_COEFFICIENT_SERIALIZATION	Inhousedata_T4413900	Inhousedata__UNVERIFIED	Inhousedata__UNVERIFIED	NA	Inhousedata_T4413900	T_NK	Endothelial
M03	intra	M01	-0.348077592432224	wang_style_cellcell_intra	268583.95623474	0.963253967757825	0.963877330169501	True	PASS	-0.348077592331937	2.88116424924304e-10	0.0	PROJECT_CORRECTED_NATIVE_COEFFICIENT_SERIALIZATION	Inhousedata_T4413900	Inhousedata__UNVERIFIED	Inhousedata__UNVERIFIED	NA	Inhousedata_T4413900	B	Epithelial
M03	intra	M02	-0.358404435080274	wang_style_cellcell_intra	262420.133937094	0.963253967757825	0.963877330169501	True	PASS	-0.358404434977011	2.88116424924304e-10	0.0	PROJECT_CORRECTED_NATIVE_COEFFICIENT_SERIALIZATION	Inhousedata_T4413900	Inhousedata__UNVERIFIED	Inhousedata__UNVERIFIED	NA	Inhousedata_T4413900	Endothelial	Epithelial
M03	intra	M03	NA	wang_style_cellcell_intra	NA	0.963253967757825	0.963877330169501	True	PASS	NA	2.88116424924304e-10	0.0	PROJECT_CORRECTED_NATIVE_COEFFICIENT_SERIALIZATION	Inhousedata_T4413900	Inhousedata__UNVERIFIED	Inhousedata__UNVERIFIED	NA	Inhousedata_T4413900	Epithelial	Epithelial
M03	intra	M04	-0.474217505385304	wang_style_cellcell_intra	193294.341143127	0.963253967757825	0.963877330169501	True	PASS	-0.474217505248674	2.88116424924304e-10	0.0	PROJECT_CORRECTED_NATIVE_COEFFICIENT_SERIALIZATION	Inhousedata_T4413900	Inhousedata__UNVERIFIED	Inhousedata__UNVERIFIED	NA	Inhousedata_T4413900	Fibroblast	Epithelial
M03	intra	M05	1.00761680236684	wang_style_cellcell_intra	1077762.48487574	0.963253967757825	0.963877330169501	True	PASS	1.00761680207653	2.88116424924304e-10	0.0	PROJECT_CORRECTED_NATIVE_COEFFICIENT_SERIALIZATION	Inhousedata_T4413900	Inhousedata__UNVERIFIED	Inhousedata__UNVERIFIED	NA	Inhousedata_T4413900	Mast	Epithelial
M03	intra	M06	-0.505281546975811	wang_style_cellcell_intra	174753.027138819	0.963253967757825	0.963877330169501	True	PASS	-0.505281546830232	2.88116424924304e-10	0.0	PROJECT_CORRECTED_NATIVE_COEFFICIENT_SERIALIZATION	Inhousedata_T4413900	Inhousedata__UNVERIFIED	Inhousedata__UNVERIFIED	NA	Inhousedata_T4413900	Mural	Epithelial
M03	intra	M07	2.0702364721201	wang_style_cellcell_intra	1712012.37495025	0.963253967757825	0.963877330169501	True	PASS	2.07023647152363	2.88116424924304e-10	0.0	PROJECT_CORRECTED_NATIVE_COEFFICIENT_SERIALIZATION	Inhousedata_T4413900	Inhousedata__UNVERIFIED	Inhousedata__UNVERIFIED	NA	Inhousedata_T4413900	Myeloid	Epithelial
M03	intra	M08	-0.68230172060445	wang_style_cellcell_intra	69094.3151266421	0.963253967757825	0.963877330169501	True	PASS	-0.682301720407867	2.88116424924304e-10	0.0	PROJECT_CORRECTED_NATIVE_COEFFICIENT_SERIALIZATION	Inhousedata_T4413900	Inhousedata__UNVERIFIED	Inhousedata__UNVERIFIED	NA	Inhousedata_T4413900	Plasma	Epithelial
M03	intra	M09	-0.709570474008882	wang_style_cellcell_intra	52818.3093820411	0.963253967757825	0.963877330169501	True	PASS	-0.709570473804443	2.88116424924304e-10	0.0	PROJECT_CORRECTED_NATIVE_COEFFICIENT_SERIALIZATION	Inhousedata_T4413900	Inhousedata__UNVERIFIED	Inhousedata__UNVERIFIED	NA	Inhousedata_T4413900	T_NK	Epithelial
M04	intra	M01	-0.394363630520095	wang_style_cellcell_intra	249.876738237488	0.783815056003375	0.785042762570796	True	PASS	-0.394362969865385	1.67524248674872e-06	0.0	PROJECT_CORRECTED_NATIVE_COEFFICIENT_SERIALIZATION	Inhousedata_T4413900	Inhousedata__UNVERIFIED	Inhousedata__UNVERIFIED	NA	Inhousedata_T4413900	B	Fibroblast
M04	intra	M02	-0.310850718401659	wang_style_cellcell_intra	276.878749269559	0.783815056003375	0.785042762570796	True	PASS	-0.310850197651328	1.67524248674872e-06	0.0	PROJECT_CORRECTED_NATIVE_COEFFICIENT_SERIALIZATION	Inhousedata_T4413900	Inhousedata__UNVERIFIED	Inhousedata__UNVERIFIED	NA	Inhousedata_T4413900	Endothelial	Fibroblast
M04	intra	M03	0.2509568239137	wang_style_cellcell_intra	458.526509725887	0.783815056003375	0.785042762570796	True	PASS	0.250956403500166	1.67524248674872e-06	0.0	PROJECT_CORRECTED_NATIVE_COEFFICIENT_SERIALIZATION	Inhousedata_T4413900	Inhousedata__UNVERIFIED	Inhousedata__UNVERIFIED	NA	Inhousedata_T4413900	Epithelial	Fibroblast
M04	intra	M04	NA	wang_style_cellcell_intra	NA	0.783815056003375	0.785042762570796	True	PASS	NA	1.67524248674872e-06	0.0	PROJECT_CORRECTED_NATIVE_COEFFICIENT_SERIALIZATION	Inhousedata_T4413900	Inhousedata__UNVERIFIED	Inhousedata__UNVERIFIED	NA	Inhousedata_T4413900	Fibroblast	Fibroblast
M04	intra	M05	-0.507475409951481	wang_style_cellcell_intra	213.304603000101	0.783815056003375	0.785042762570796	True	PASS	-0.507474559807113	1.67524248674872e-06	0.0	PROJECT_CORRECTED_NATIVE_COEFFICIENT_SERIALIZATION	Inhousedata_T4413900	Inhousedata__UNVERIFIED	Inhousedata__UNVERIFIED	NA	Inhousedata_T4413900	Mast	Fibroblast
M04	intra	M06	2.35086400943521	wang_style_cellcell_intra	1137.48399727421	0.783815056003375	0.785042762570796	True	PASS	2.35086007116794	1.67524248674872e-06	0.0	PROJECT_CORRECTED_NATIVE_COEFFICIENT_SERIALIZATION	Inhousedata_T4413900	Inhousedata__UNVERIFIED	Inhousedata__UNVERIFIED	NA	Inhousedata_T4413900	Mural	Fibroblast
M04	intra	M07	-0.0762478987811082	wang_style_cellcell_intra	352.732264167534	0.783815056003375	0.785042762570796	True	PASS	-0.0762477710473886	1.67524248674872e-06	0.0	PROJECT_CORRECTED_NATIVE_COEFFICIENT_SERIALIZATION	Inhousedata_T4413900	Inhousedata__UNVERIFIED	Inhousedata__UNVERIFIED	NA	Inhousedata_T4413900	Myeloid	Fibroblast
M04	intra	M08	-0.785150735114806	wang_style_cellcell_intra	123.524567755242	0.783815056003375	0.785042762570796	True	PASS	-0.785149419796936	1.67524248674872e-06	0.0	PROJECT_CORRECTED_NATIVE_COEFFICIENT_SERIALIZATION	Inhousedata_T4413900	Inhousedata__UNVERIFIED	Inhousedata__UNVERIFIED	NA	Inhousedata_T4413900	Plasma	Fibroblast
M04	intra	M09	-0.52773244057976	wang_style_cellcell_intra	206.754950370025	0.783815056003375	0.785042762570796	True	PASS	-0.527731556499954	1.67524248674872e-06	0.0	PROJECT_CORRECTED_NATIVE_COEFFICIENT_SERIALIZATION	Inhousedata_T4413900	Inhousedata__UNVERIFIED	Inhousedata__UNVERIFIED	NA	Inhousedata_T4413900	T_NK	Fibroblast
M05	intra	M01	-0.529370518865977	wang_style_cellcell_intra	11.9149393547988	0.828952101421747	0.827925925138046	True	PASS	-0.401060949227714	0.242381404074276	0.0	PROJECT_CORRECTED_NATIVE_COEFFICIENT_SERIALIZATION	Inhousedata_T4413900	Inhousedata__UNVERIFIED	Inhousedata__UNVERIFIED	NA	Inhousedata_T4413900	B	Mast
M05	intra	M02	-0.315002674080801	wang_style_cellcell_intra	20.1775646817899	0.828952101421747	0.827925925138046	True	PASS	-0.238651883649945	0.242381404074276	0.0	PROJECT_CORRECTED_NATIVE_COEFFICIENT_SERIALIZATION	Inhousedata_T4413900	Inhousedata__UNVERIFIED	Inhousedata__UNVERIFIED	NA	Inhousedata_T4413900	Endothelial	Mast
M05	intra	M03	1.77436247805352	wang_style_cellcell_intra	100.710358397461	0.828952101421747	0.827925925138046	True	PASS	1.34429000928619	0.242381404074276	0.0	PROJECT_CORRECTED_NATIVE_COEFFICIENT_SERIALIZATION	Inhousedata_T4413900	Inhousedata__UNVERIFIED	Inhousedata__UNVERIFIED	NA	Inhousedata_T4413900	Epithelial	Mast
M05	intra	M04	-0.506722419561726	wang_style_cellcell_intra	12.7878909819752	0.828952101421747	0.827925925138046	True	PASS	-0.38390232803244	0.242381404074276	0.0	PROJECT_CORRECTED_NATIVE_COEFFICIENT_SERIALIZATION	Inhousedata_T4413900	Inhousedata__UNVERIFIED	Inhousedata__UNVERIFIED	NA	Inhousedata_T4413900	Fibroblast	Mast
M05	intra	M05	NA	wang_style_cellcell_intra	NA	0.828952101421747	0.827925925138046	True	PASS	NA	0.242381404074276	0.0	PROJECT_CORRECTED_NATIVE_COEFFICIENT_SERIALIZATION	Inhousedata_T4413900	Inhousedata__UNVERIFIED	Inhousedata__UNVERIFIED	NA	Inhousedata_T4413900	Mast	Mast
M05	intra	M06	-0.557312161594924	wang_style_cellcell_intra	10.8379526214513	0.828952101421747	0.827925925138046	True	PASS	-0.422230057359876	0.242381404074276	0.0	PROJECT_CORRECTED_NATIVE_COEFFICIENT_SERIALIZATION	Inhousedata_T4413900	Inhousedata__UNVERIFIED	Inhousedata__UNVERIFIED	NA	Inhousedata_T4413900	Mural	Mast
M05	intra	M07	1.4348418649634	wang_style_cellcell_intra	87.6238266017746	0.828952101421747	0.827925925138046	True	PASS	1.08706287910901	0.242381404074276	0.0	PROJECT_CORRECTED_NATIVE_COEFFICIENT_SERIALIZATION	Inhousedata_T4413900	Inhousedata__UNVERIFIED	Inhousedata__UNVERIFIED	NA	Inhousedata_T4413900	Myeloid	Mast
M05	intra	M08	-0.652197632257968	wang_style_cellcell_intra	7.18067326665997	0.828952101421747	0.827925925138046	True	PASS	-0.494117054417363	0.242381404074276	0.0	PROJECT_CORRECTED_NATIVE_COEFFICIENT_SERIALIZATION	Inhousedata_T4413900	Inhousedata__UNVERIFIED	Inhousedata__UNVERIFIED	NA	Inhousedata_T4413900	Plasma	Mast
M05	intra	M09	-0.648598936655516	wang_style_cellcell_intra	7.31938191234678	0.828952101421747	0.827925925138046	True	PASS	-0.491390615707869	0.242381404074276	0.0	PROJECT_CORRECTED_NATIVE_COEFFICIENT_SERIALIZATION	Inhousedata_T4413900	Inhousedata__UNVERIFIED	Inhousedata__UNVERIFIED	NA	Inhousedata_T4413900	T_NK	Mast
M06	intra	M01	-0.286542160043881	wang_style_cellcell_intra	61.5559312940022	0.706518696912378	0.70781698537786	True	PASS	-0.286373924792126	0.0005871221593653	0.0	PROJECT_CORRECTED_NATIVE_COEFFICIENT_SERIALIZATION	Inhousedata_T4413900	Inhousedata__UNVERIFIED	Inhousedata__UNVERIFIED	NA	Inhousedata_T4413900	B	Mural
M06	intra	M02	0.126460503089878	wang_style_cellcell_intra	88.067040563907	0.706518696912378	0.70781698537786	True	PASS	0.126386255326229	0.0005871221593653	0.0	PROJECT_CORRECTED_NATIVE_COEFFICIENT_SERIALIZATION	Inhousedata_T4413900	Inhousedata__UNVERIFIED	Inhousedata__UNVERIFIED	NA	Inhousedata_T4413900	Endothelial	Mural
M06	intra	M03	0.0883570099979031	wang_style_cellcell_intra	85.6211341349714	0.706518696912378	0.70781698537786	True	PASS	0.088305133639398	0.0005871221593653	0.0	PROJECT_CORRECTED_NATIVE_COEFFICIENT_SERIALIZATION	Inhousedata_T4413900	Inhousedata__UNVERIFIED	Inhousedata__UNVERIFIED	NA	Inhousedata_T4413900	Epithelial	Mural
M06	intra	M04	2.34802727221711	wang_style_cellcell_intra	230.67193061433	0.706518696912378	0.70781698537786	True	PASS	2.3466486933748	0.0005871221593653	0.0	PROJECT_CORRECTED_NATIVE_COEFFICIENT_SERIALIZATION	Inhousedata_T4413900	Inhousedata__UNVERIFIED	Inhousedata__UNVERIFIED	NA	Inhousedata_T4413900	Fibroblast	Mural
M06	intra	M05	-0.688079532408479	wang_style_cellcell_intra	35.7807920396078	0.706518696912378	0.70781698537786	True	PASS	-0.687675545667597	0.0005871221593653	0.0	PROJECT_CORRECTED_NATIVE_COEFFICIENT_SERIALIZATION	Inhousedata_T4413900	Inhousedata__UNVERIFIED	Inhousedata__UNVERIFIED	NA	Inhousedata_T4413900	Mast	Mural
M06	intra	M06	NA	wang_style_cellcell_intra	NA	0.706518696912378	0.70781698537786	True	PASS	NA	0.0005871221593653	0.0	PROJECT_CORRECTED_NATIVE_COEFFICIENT_SERIALIZATION	Inhousedata_T4413900	Inhousedata__UNVERIFIED	Inhousedata__UNVERIFIED	NA	Inhousedata_T4413900	Mural	Mural
M06	intra	M07	-0.331278641757545	wang_style_cellcell_intra	58.6842458039792	0.706518696912378	0.70781698537786	True	PASS	-0.331084140726045	0.0005871221593653	0.0	PROJECT_CORRECTED_NATIVE_COEFFICIENT_SERIALIZATION	Inhousedata_T4413900	Inhousedata__UNVERIFIED	Inhousedata__UNVERIFIED	NA	Inhousedata_T4413900	Myeloid	Mural
M06	intra	M08	-0.690555401252034	wang_style_cellcell_intra	35.6218632110347	0.706518696912378	0.70781698537786	True	PASS	-0.690149960873689	0.0005871221593653	0.0	PROJECT_CORRECTED_NATIVE_COEFFICIENT_SERIALIZATION	Inhousedata_T4413900	Inhousedata__UNVERIFIED	Inhousedata__UNVERIFIED	NA	Inhousedata_T4413900	Plasma	Mural
M06	intra	M09	-0.566389049842952	wang_style_cellcell_intra	43.5922421061108	0.706518696912378	0.70781698537786	True	PASS	-0.566056510280968	0.0005871221593653	0.0	PROJECT_CORRECTED_NATIVE_COEFFICIENT_SERIALIZATION	Inhousedata_T4413900	Inhousedata__UNVERIFIED	Inhousedata__UNVERIFIED	NA	Inhousedata_T4413900	T_NK	Mural
M07	intra	M01	-0.529409941377916	wang_style_cellcell_intra	874.920116256606	0.934707202394193	0.93495785443092	True	PASS	-0.529409930185191	2.11418866773003e-08	0.0	PROJECT_CORRECTED_NATIVE_COEFFICIENT_SERIALIZATION	Inhousedata_T4413900	Inhousedata__UNVERIFIED	Inhousedata__UNVERIFIED	NA	Inhousedata_T4413900	B	Myeloid
M07	intra	M02	-0.36235673036814	wang_style_cellcell_intra	1478.26288072503	0.934707202394193	0.93495785443092	True	PASS	-0.362356722707235	2.11418866773003e-08	0.0	PROJECT_CORRECTED_NATIVE_COEFFICIENT_SERIALIZATION	Inhousedata_T4413900	Inhousedata__UNVERIFIED	Inhousedata__UNVERIFIED	NA	Inhousedata_T4413900	Endothelial	Myeloid
M07	intra	M03	2.0256528547658	wang_style_cellcell_intra	10102.9896726421	0.934707202394193	0.93495785443092	True	PASS	2.02565281193968	2.11418866773003e-08	0.0	PROJECT_CORRECTED_NATIVE_COEFFICIENT_SERIALIZATION	Inhousedata_T4413900	Inhousedata__UNVERIFIED	Inhousedata__UNVERIFIED	NA	Inhousedata_T4413900	Epithelial	Myeloid
M07	intra	M04	-0.445792818165217	wang_style_cellcell_intra	1176.9184194984	0.934707202394193	0.93495785443092	True	PASS	-0.445792808740316	2.11418866773003e-08	0.0	PROJECT_CORRECTED_NATIVE_COEFFICIENT_SERIALIZATION	Inhousedata_T4413900	Inhousedata__UNVERIFIED	Inhousedata__UNVERIFIED	NA	Inhousedata_T4413900	Fibroblast	Myeloid
M07	intra	M05	1.09696348210845	wang_style_cellcell_intra	6748.86070951352	0.934707202394193	0.93495785443092	True	PASS	1.09696345891658	2.11418866773003e-08	0.0	PROJECT_CORRECTED_NATIVE_COEFFICIENT_SERIALIZATION	Inhousedata_T4413900	Inhousedata__UNVERIFIED	Inhousedata__UNVERIFIED	NA	Inhousedata_T4413900	Mast	Myeloid
M07	intra	M06	-0.481352299696595	wang_style_cellcell_intra	1048.48894627535	0.934707202394193	0.93495785443092	True	PASS	-0.481352289519899	2.11418866773003e-08	0.0	PROJECT_CORRECTED_NATIVE_COEFFICIENT_SERIALIZATION	Inhousedata_T4413900	Inhousedata__UNVERIFIED	Inhousedata__UNVERIFIED	NA	Inhousedata_T4413900	Mural	Myeloid
M07	intra	M07	NA	wang_style_cellcell_intra	NA	0.934707202394193	0.93495785443092	True	PASS	NA	2.11418866773003e-08	0.0	PROJECT_CORRECTED_NATIVE_COEFFICIENT_SERIALIZATION	Inhousedata_T4413900	Inhousedata__UNVERIFIED	Inhousedata__UNVERIFIED	NA	Inhousedata_T4413900	Myeloid	Myeloid
M07	intra	M08	-0.623831759769308	wang_style_cellcell_intra	533.898710022972	0.934707202394193	0.93495785443092	True	PASS	-0.623831746580328	2.11418866773003e-08	0.0	PROJECT_CORRECTED_NATIVE_COEFFICIENT_SERIALIZATION	Inhousedata_T4413900	Inhousedata__UNVERIFIED	Inhousedata__UNVERIFIED	NA	Inhousedata_T4413900	Plasma	Myeloid
M07	intra	M09	-0.679872787497078	wang_style_cellcell_intra	331.496443173127	0.934707202394193	0.93495785443092	True	PASS	-0.679872773123285	2.11418866773003e-08	0.0	PROJECT_CORRECTED_NATIVE_COEFFICIENT_SERIALIZATION	Inhousedata_T4413900	Inhousedata__UNVERIFIED	Inhousedata__UNVERIFIED	NA	Inhousedata_T4413900	T_NK	Myeloid
M08	intra	M01	-0.759816230615198	wang_style_cellcell_intra	51.6730479793981	0.232129973192989	0.224731553864429	True	PASS	-0.6508407971375	0.143423408301589	1.3669311913890098e-288	PROJECT_CORRECTED_NATIVE_COEFFICIENT_SERIALIZATION	Inhousedata_T4413900	Inhousedata__UNVERIFIED	Inhousedata__UNVERIFIED	NA	Inhousedata_T4413900	B	Plasma
M08	intra	M02	-0.907468079948565	wang_style_cellcell_intra	50.8844625309517	0.232129973192989	0.224731553864429	True	PASS	-0.777315914997443	0.143423408301589	1.3669311913890098e-288	PROJECT_CORRECTED_NATIVE_COEFFICIENT_SERIALIZATION	Inhousedata_T4413900	Inhousedata__UNVERIFIED	Inhousedata__UNVERIFIED	NA	Inhousedata_T4413900	Endothelial	Plasma
M08	intra	M03	0.194449183842195	wang_style_cellcell_intra	56.7696304007783	0.232129973192989	0.224731553864429	True	PASS	0.166560619154085	0.143423408301589	1.3669311913890098e-288	PROJECT_CORRECTED_NATIVE_COEFFICIENT_SERIALIZATION	Inhousedata_T4413900	Inhousedata__UNVERIFIED	Inhousedata__UNVERIFIED	NA	Inhousedata_T4413900	Epithelial	Plasma
M08	intra	M04	0.645349619397001	wang_style_cellcell_intra	59.1778191487148	0.232129973192989	0.224731553864429	True	PASS	0.55279137743695	0.143423408301589	1.3669311913890098e-288	PROJECT_CORRECTED_NATIVE_COEFFICIENT_SERIALIZATION	Inhousedata_T4413900	Inhousedata__UNVERIFIED	Inhousedata__UNVERIFIED	NA	Inhousedata_T4413900	Fibroblast	Plasma
M08	intra	M05	0.479447397810365	wang_style_cellcell_intra	58.2917613147032	0.232129973192989	0.224731553864429	True	PASS	0.410683417915075	0.143423408301589	1.3669311913890098e-288	PROJECT_CORRECTED_NATIVE_COEFFICIENT_SERIALIZATION	Inhousedata_T4413900	Inhousedata__UNVERIFIED	Inhousedata__UNVERIFIED	NA	Inhousedata_T4413900	Mast	Plasma
M08	intra	M06	-0.0482737461709841	wang_style_cellcell_intra	55.4732851705841	0.232129973192989	0.224731553864429	True	PASS	-0.0413501609636557	0.143423408301589	1.3669311913890098e-288	PROJECT_CORRECTED_NATIVE_COEFFICIENT_SERIALIZATION	Inhousedata_T4413900	Inhousedata__UNVERIFIED	Inhousedata__UNVERIFIED	NA	Inhousedata_T4413900	Mural	Plasma
M08	intra	M07	1.75285246702646	wang_style_cellcell_intra	65.0928187487647	0.232129973192989	0.224731553864429	True	PASS	1.50145239195568	0.143423408301589	1.3669311913890098e-288	PROJECT_CORRECTED_NATIVE_COEFFICIENT_SERIALIZATION	Inhousedata_T4413900	Inhousedata__UNVERIFIED	Inhousedata__UNVERIFIED	NA	Inhousedata_T4413900	Myeloid	Plasma
M08	intra	M08	NA	wang_style_cellcell_intra	NA	0.232129973192989	0.224731553864429	True	PASS	NA	0.143423408301589	1.3669311913890098e-288	PROJECT_CORRECTED_NATIVE_COEFFICIENT_SERIALIZATION	Inhousedata_T4413900	Inhousedata__UNVERIFIED	Inhousedata__UNVERIFIED	NA	Inhousedata_T4413900	Plasma	Plasma
M08	intra	M09	-1.35654061134128	wang_style_cellcell_intra	48.4860363334328	0.232129973192989	0.224731553864429	True	PASS	-1.16198093336319	0.143423408301589	1.3669311913890098e-288	PROJECT_CORRECTED_NATIVE_COEFFICIENT_SERIALIZATION	Inhousedata_T4413900	Inhousedata__UNVERIFIED	Inhousedata__UNVERIFIED	NA	Inhousedata_T4413900	T_NK	Plasma
M09	intra	M01	1.68708256435145	wang_style_cellcell_intra	103.476735648748	0.374073167318006	0.377686939801372	True	PASS	1.6870825642918	3.5360728436565094e-11	0.0	PROJECT_CORRECTED_NATIVE_COEFFICIENT_SERIALIZATION	Inhousedata_T4413900	Inhousedata__UNVERIFIED	Inhousedata__UNVERIFIED	NA	Inhousedata_T4413900	B	T_NK
M09	intra	M02	-0.321420897170583	wang_style_cellcell_intra	78.1145267554825	0.374073167318006	0.377686939801372	True	PASS	-0.321420897159217	3.5360728436565094e-11	0.0	PROJECT_CORRECTED_NATIVE_COEFFICIENT_SERIALIZATION	Inhousedata_T4413900	Inhousedata__UNVERIFIED	Inhousedata__UNVERIFIED	NA	Inhousedata_T4413900	Endothelial	T_NK
M09	intra	M03	-0.515250960573129	wang_style_cellcell_intra	75.666953897388	0.374073167318006	0.377686939801372	True	PASS	-0.515250960554909	3.5360728436565094e-11	0.0	PROJECT_CORRECTED_NATIVE_COEFFICIENT_SERIALIZATION	Inhousedata_T4413900	Inhousedata__UNVERIFIED	Inhousedata__UNVERIFIED	NA	Inhousedata_T4413900	Epithelial	T_NK
M09	intra	M04	0.758061560485758	wang_style_cellcell_intra	91.7456008921178	0.374073167318006	0.377686939801372	True	PASS	0.758061560458953	3.5360728436565094e-11	0.0	PROJECT_CORRECTED_NATIVE_COEFFICIENT_SERIALIZATION	Inhousedata_T4413900	Inhousedata__UNVERIFIED	Inhousedata__UNVERIFIED	NA	Inhousedata_T4413900	Fibroblast	T_NK
M09	intra	M05	-1.18088243011165	wang_style_cellcell_intra	67.2617483800552	0.374073167318006	0.377686939801372	True	PASS	-1.18088243006989	3.5360728436565094e-11	0.0	PROJECT_CORRECTED_NATIVE_COEFFICIENT_SERIALIZATION	Inhousedata_T4413900	Inhousedata__UNVERIFIED	Inhousedata__UNVERIFIED	NA	Inhousedata_T4413900	Mast	T_NK
M09	intra	M06	0.604834132098257	wang_style_cellcell_intra	89.8107344000298	0.374073167318006	0.377686939801372	True	PASS	0.60483413207687	3.5360728436565094e-11	0.0	PROJECT_CORRECTED_NATIVE_COEFFICIENT_SERIALIZATION	Inhousedata_T4413900	Inhousedata__UNVERIFIED	Inhousedata__UNVERIFIED	NA	Inhousedata_T4413900	Mural	T_NK
M09	intra	M07	-1.19335409628719	wang_style_cellcell_intra	67.1042634621297	0.374073167318006	0.377686939801372	True	PASS	-1.19335409624499	3.5360728436565094e-11	0.0	PROJECT_CORRECTED_NATIVE_COEFFICIENT_SERIALIZATION	Inhousedata_T4413900	Inhousedata__UNVERIFIED	Inhousedata__UNVERIFIED	NA	Inhousedata_T4413900	Myeloid	T_NK
M09	intra	M08	0.160930127207077	wang_style_cellcell_intra	84.2053738336729	0.374073167318006	0.377686939801372	True	PASS	0.160930127201387	3.5360728436565094e-11	0.0	PROJECT_CORRECTED_NATIVE_COEFFICIENT_SERIALIZATION	Inhousedata_T4413900	Inhousedata__UNVERIFIED	Inhousedata__UNVERIFIED	NA	Inhousedata_T4413900	Plasma	T_NK
M09	intra	M09	NA	wang_style_cellcell_intra	NA	0.374073167318006	0.377686939801372	True	PASS	NA	3.5360728436565094e-11	0.0	PROJECT_CORRECTED_NATIVE_COEFFICIENT_SERIALIZATION	Inhousedata_T4413900	Inhousedata__UNVERIFIED	Inhousedata__UNVERIFIED	NA	Inhousedata_T4413900	T_NK	T_NK
M01	intra	M01	NA	wang_style_cellcell_intra	NA	0.735223549739342	0.734671708728146	True	PASS	NA	0.0001120201284072	0.0	PROJECT_CORRECTED_NATIVE_COEFFICIENT_SERIALIZATION	Inhousedata_T4463209	Inhousedata__UNVERIFIED	Inhousedata__UNVERIFIED	NA	Inhousedata_T4463209	B	B
M01	intra	M02	-0.78386562594539	wang_style_cellcell_intra	262.810215147763	0.735223549739342	0.734671708728146	True	PASS	-0.783777817217317	0.0001120201284072	0.0	PROJECT_CORRECTED_NATIVE_COEFFICIENT_SERIALIZATION	Inhousedata_T4463209	Inhousedata__UNVERIFIED	Inhousedata__UNVERIFIED	NA	Inhousedata_T4463209	Endothelial	B
M01	intra	M03	0.975396583456054	wang_style_cellcell_intra	736.721063640599	0.735223549739342	0.734671708728146	True	PASS	0.975287319405527	0.0001120201284072	0.0	PROJECT_CORRECTED_NATIVE_COEFFICIENT_SERIALIZATION	Inhousedata_T4463209	Inhousedata__UNVERIFIED	Inhousedata__UNVERIFIED	NA	Inhousedata_T4463209	Epithelial	B
M01	intra	M04	-0.497430681618247	wang_style_cellcell_intra	339.97018981138	0.735223549739342	0.734671708728146	True	PASS	-0.497374959369419	0.0001120201284072	0.0	PROJECT_CORRECTED_NATIVE_COEFFICIENT_SERIALIZATION	Inhousedata_T4463209	Inhousedata__UNVERIFIED	Inhousedata__UNVERIFIED	NA	Inhousedata_T4463209	Fibroblast	B
M01	intra	M05	0.198335046694	wang_style_cellcell_intra	527.395875928333	0.735223549739342	0.734671708728146	True	PASS	0.198312829176601	0.0001120201284072	0.0	PROJECT_CORRECTED_NATIVE_COEFFICIENT_SERIALIZATION	Inhousedata_T4463209	Inhousedata__UNVERIFIED	Inhousedata__UNVERIFIED	NA	Inhousedata_T4463209	Mast	B
M01	intra	M06	-1.05750366042696	wang_style_cellcell_intra	189.097477837733	0.735223549739342	0.734671708728146	True	PASS	-1.05738519873112	0.0001120201284072	0.0	PROJECT_CORRECTED_NATIVE_COEFFICIENT_SERIALIZATION	Inhousedata_T4463209	Inhousedata__UNVERIFIED	Inhousedata__UNVERIFIED	NA	Inhousedata_T4463209	Mural	B
M01	intra	M07	1.16940351551095	wang_style_cellcell_intra	788.982738615649	0.735223549739342	0.734671708728146	True	PASS	1.16927251877898	0.0001120201284072	0.0	PROJECT_CORRECTED_NATIVE_COEFFICIENT_SERIALIZATION	Inhousedata_T4463209	Inhousedata__UNVERIFIED	Inhousedata__UNVERIFIED	NA	Inhousedata_T4463209	Myeloid	B
M01	intra	M08	-1.15576070187218	wang_style_cellcell_intra	162.628951638022	0.735223549739342	0.734671708728146	True	PASS	-1.15563123340995	0.0001120201284072	0.0	PROJECT_CORRECTED_NATIVE_COEFFICIENT_SERIALIZATION	Inhousedata_T4463209	Inhousedata__UNVERIFIED	Inhousedata__UNVERIFIED	NA	Inhousedata_T4463209	Plasma	B
M01	intra	M09	1.15142552420178	wang_style_cellcell_intra	784.139819197501	0.735223549739342	0.734671708728146	True	PASS	1.15129654136671	0.0001120201284072	0.0	PROJECT_CORRECTED_NATIVE_COEFFICIENT_SERIALIZATION	Inhousedata_T4463209	Inhousedata__UNVERIFIED	Inhousedata__UNVERIFIED	NA	Inhousedata_T4463209	T_NK	B
M02	intra	M01	-0.62586006602431	wang_style_cellcell_intra	133.329254210028	0.713676780850299	0.713598977427339	True	PASS	-0.625860047588096	2.94574075541326e-08	0.0	PROJECT_CORRECTED_NATIVE_COEFFICIENT_SERIALIZATION	Inhousedata_T4463209	Inhousedata__UNVERIFIED	Inhousedata__UNVERIFIED	NA	Inhousedata_T4463209	B	Endothelial
M02	intra	M02	NA	wang_style_cellcell_intra	NA	0.713676780850299	0.713598977427339	True	PASS	NA	2.94574075541326e-08	0.0	PROJECT_CORRECTED_NATIVE_COEFFICIENT_SERIALIZATION	Inhousedata_T4463209	Inhousedata__UNVERIFIED	Inhousedata__UNVERIFIED	NA	Inhousedata_T4463209	Endothelial	Endothelial
M02	intra	M03	0.219116416779047	wang_style_cellcell_intra	272.733295131681	0.713676780850299	0.713598977427339	True	PASS	0.219116410324445	2.94574075541326e-08	0.0	PROJECT_CORRECTED_NATIVE_COEFFICIENT_SERIALIZATION	Inhousedata_T4463209	Inhousedata__UNVERIFIED	Inhousedata__UNVERIFIED	NA	Inhousedata_T4463209	Epithelial	Endothelial
M02	intra	M04	-0.371403558440341	wang_style_cellcell_intra	175.309434863495	0.713676780850299	0.713598977427339	True	PASS	-0.371403547499755	2.94574075541326e-08	0.0	PROJECT_CORRECTED_NATIVE_COEFFICIENT_SERIALIZATION	Inhousedata_T4463209	Inhousedata__UNVERIFIED	Inhousedata__UNVERIFIED	NA	Inhousedata_T4463209	Fibroblast	Endothelial
M02	intra	M05	-0.691598785784295	wang_style_cellcell_intra	122.483694166565	0.713676780850299	0.713598977427339	True	PASS	-0.691598765411587	2.94574075541326e-08	0.0	PROJECT_CORRECTED_NATIVE_COEFFICIENT_SERIALIZATION	Inhousedata_T4463209	Inhousedata__UNVERIFIED	Inhousedata__UNVERIFIED	NA	Inhousedata_T4463209	Mast	Endothelial
M02	intra	M06	2.29301626860929	wang_style_cellcell_intra	614.884852832769	0.713676780850299	0.713598977427339	True	PASS	2.29301620106298	2.94574075541326e-08	0.0	PROJECT_CORRECTED_NATIVE_COEFFICIENT_SERIALIZATION	Inhousedata_T4463209	Inhousedata__UNVERIFIED	Inhousedata__UNVERIFIED	NA	Inhousedata_T4463209	Mural	Endothelial
M02	intra	M07	-0.130959640486921	wang_style_cellcell_intra	214.977821451648	0.713676780850299	0.713598977427339	True	PASS	-0.13095963662919	2.94574075541326e-08	0.0	PROJECT_CORRECTED_NATIVE_COEFFICIENT_SERIALIZATION	Inhousedata_T4463209	Inhousedata__UNVERIFIED	Inhousedata__UNVERIFIED	NA	Inhousedata_T4463209	Myeloid	Endothelial
M02	intra	M08	-0.809467656339395	wang_style_cellcell_intra	103.037712901218	0.713676780850299	0.713598977427339	True	PASS	-0.809467632494577	2.94574075541326e-08	0.0	PROJECT_CORRECTED_NATIVE_COEFFICIENT_SERIALIZATION	Inhousedata_T4463209	Inhousedata__UNVERIFIED	Inhousedata__UNVERIFIED	NA	Inhousedata_T4463209	Plasma	Endothelial
M02	intra	M09	0.117157021686922	wang_style_cellcell_intra	255.912055753972	0.713676780850299	0.713598977427339	True	PASS	0.11715701823578	2.94574075541326e-08	0.0	PROJECT_CORRECTED_NATIVE_COEFFICIENT_SERIALIZATION	Inhousedata_T4463209	Inhousedata__UNVERIFIED	Inhousedata__UNVERIFIED	NA	Inhousedata_T4463209	T_NK	Endothelial
M03	intra	M01	0.276279038414718	wang_style_cellcell_intra	2142065.15541242	0.99063415958638	0.991008366827718	True	PASS	0.276278822167441	7.82713297063058e-07	0.0	PROJECT_CORRECTED_NATIVE_COEFFICIENT_SERIALIZATION	Inhousedata_T4463209	Inhousedata__UNVERIFIED	Inhousedata__UNVERIFIED	NA	Inhousedata_T4463209	B	Epithelial
M03	intra	M02	-0.742248118930133	wang_style_cellcell_intra	376814.446194118	0.99063415958638	0.991008366827718	True	PASS	-0.742247537962661	7.82713297063058e-07	0.0	PROJECT_CORRECTED_NATIVE_COEFFICIENT_SERIALIZATION	Inhousedata_T4463209	Inhousedata__UNVERIFIED	Inhousedata__UNVERIFIED	NA	Inhousedata_T4463209	Endothelial	Epithelial
M03	intra	M03	NA	wang_style_cellcell_intra	NA	0.99063415958638	0.991008366827718	True	PASS	NA	7.82713297063058e-07	0.0	PROJECT_CORRECTED_NATIVE_COEFFICIENT_SERIALIZATION	Inhousedata_T4463209	Inhousedata__UNVERIFIED	Inhousedata__UNVERIFIED	NA	Inhousedata_T4463209	Epithelial	Epithelial
M03	intra	M04	-0.28168246057601	wang_style_cellcell_intra	1175039.46080307	0.99063415958638	0.991008366827718	True	PASS	-0.281682240099403	7.82713297063058e-07	0.0	PROJECT_CORRECTED_NATIVE_COEFFICIENT_SERIALIZATION	Inhousedata_T4463209	Inhousedata__UNVERIFIED	Inhousedata__UNVERIFIED	NA	Inhousedata_T4463209	Fibroblast	Epithelial
M03	intra	M05	1.22310246613418	wang_style_cellcell_intra	3783043.22382575	0.99063415958638	0.991008366827718	True	PASS	1.22310150879562	7.82713297063058e-07	0.0	PROJECT_CORRECTED_NATIVE_COEFFICIENT_SERIALIZATION	Inhousedata_T4463209	Inhousedata__UNVERIFIED	Inhousedata__UNVERIFIED	NA	Inhousedata_T4463209	Mast	Epithelial
M03	intra	M06	-0.871443467338878	wang_style_cellcell_intra	152900.750067676	0.99063415958638	0.991008366827718	True	PASS	-0.871442785248489	7.82713297063058e-07	0.0	PROJECT_CORRECTED_NATIVE_COEFFICIENT_SERIALIZATION	Inhousedata_T4463209	Inhousedata__UNVERIFIED	Inhousedata__UNVERIFIED	NA	Inhousedata_T4463209	Mural	Epithelial
M03	intra	M07	1.75092049752555	wang_style_cellcell_intra	4697826.05267119	0.99063415958638	0.991008366827718	True	PASS	1.75091912705679	7.82713297063058e-07	0.0	PROJECT_CORRECTED_NATIVE_COEFFICIENT_SERIALIZATION	Inhousedata_T4463209	Inhousedata__UNVERIFIED	Inhousedata__UNVERIFIED	NA	Inhousedata_T4463209	Myeloid	Epithelial
M03	intra	M08	-0.842330263227972	wang_style_cellcell_intra	203358.024411118	0.99063415958638	0.991008366827718	True	PASS	-0.842329603924874	7.82713297063058e-07	0.0	PROJECT_CORRECTED_NATIVE_COEFFICIENT_SERIALIZATION	Inhousedata_T4463209	Inhousedata__UNVERIFIED	Inhousedata__UNVERIFIED	NA	Inhousedata_T4463209	Plasma	Epithelial
M03	intra	M09	-0.512597692001455	wang_style_cellcell_intra	774830.911523256	0.99063415958638	0.991008366827718	True	PASS	-0.512597290784426	7.82713297063058e-07	0.0	PROJECT_CORRECTED_NATIVE_COEFFICIENT_SERIALIZATION	Inhousedata_T4463209	Inhousedata__UNVERIFIED	Inhousedata__UNVERIFIED	NA	Inhousedata_T4463209	T_NK	Epithelial
M04	intra	M01	-0.522909909554755	wang_style_cellcell_intra	77.39060709668	0.721296984628319	0.720320435180742	True	PASS	-0.521418533329825	0.0028520710693731	0.0	PROJECT_CORRECTED_NATIVE_COEFFICIENT_SERIALIZATION	Inhousedata_T4463209	Inhousedata__UNVERIFIED	Inhousedata__UNVERIFIED	NA	Inhousedata_T4463209	B	Fibroblast
M04	intra	M02	0.193418338648799	wang_style_cellcell_intra	106.146318419447	0.721296984628319	0.720320435180742	True	PASS	0.192866695800852	0.0028520710693731	0.0	PROJECT_CORRECTED_NATIVE_COEFFICIENT_SERIALIZATION	Inhousedata_T4463209	Inhousedata__UNVERIFIED	Inhousedata__UNVERIFIED	NA	Inhousedata_T4463209	Endothelial	Fibroblast
M04	intra	M03	2.06813588019038	wang_style_cellcell_intra	181.403487980321	0.721296984628319	0.720320435180742	True	PASS	2.06223740967896	0.0028520710693731	0.0	PROJECT_CORRECTED_NATIVE_COEFFICIENT_SERIALIZATION	Inhousedata_T4463209	Inhousedata__UNVERIFIED	Inhousedata__UNVERIFIED	NA	Inhousedata_T4463209	Epithelial	Fibroblast
M04	intra	M04	NA	wang_style_cellcell_intra	NA	0.721296984628319	0.720320435180742	True	PASS	NA	0.0028520710693731	0.0	PROJECT_CORRECTED_NATIVE_COEFFICIENT_SERIALIZATION	Inhousedata_T4463209	Inhousedata__UNVERIFIED	Inhousedata__UNVERIFIED	NA	Inhousedata_T4463209	Fibroblast	Fibroblast
M04	intra	M05	-0.214785914927597	wang_style_cellcell_intra	89.7596916097324	0.721296984628319	0.720320435180742	True	PASS	-0.214173330233523	0.0028520710693731	0.0	PROJECT_CORRECTED_NATIVE_COEFFICIENT_SERIALIZATION	Inhousedata_T4463209	Inhousedata__UNVERIFIED	Inhousedata__UNVERIFIED	NA	Inhousedata_T4463209	Mast	Fibroblast
M04	intra	M06	-0.605153555322185	wang_style_cellcell_intra	74.0890836097155	0.721296984628319	0.720320435180742	True	PASS	-0.603427614374523	0.0028520710693731	0.0	PROJECT_CORRECTED_NATIVE_COEFFICIENT_SERIALIZATION	Inhousedata_T4463209	Inhousedata__UNVERIFIED	Inhousedata__UNVERIFIED	NA	Inhousedata_T4463209	Mural	Fibroblast
M04	intra	M07	0.760360088449778	wang_style_cellcell_intra	128.905176994391	0.721296984628319	0.720320435180742	True	PASS	0.758191487439205	0.0028520710693731	0.0	PROJECT_CORRECTED_NATIVE_COEFFICIENT_SERIALIZATION	Inhousedata_T4463209	Inhousedata__UNVERIFIED	Inhousedata__UNVERIFIED	NA	Inhousedata_T4463209	Myeloid	Fibroblast
M04	intra	M08	-0.916499208512473	wang_style_cellcell_intra	61.5906713982872	0.721296984628319	0.720320435180742	True	PASS	-0.913885287634771	0.0028520710693731	0.0	PROJECT_CORRECTED_NATIVE_COEFFICIENT_SERIALIZATION	Inhousedata_T4463209	Inhousedata__UNVERIFIED	Inhousedata__UNVERIFIED	NA	Inhousedata_T4463209	Plasma	Fibroblast
M04	intra	M09	-0.762565718971953	wang_style_cellcell_intra	67.7700549410057	0.721296984628319	0.720320435180742	True	PASS	-0.760390827346377	0.0028520710693731	0.0	PROJECT_CORRECTED_NATIVE_COEFFICIENT_SERIALIZATION	Inhousedata_T4463209	Inhousedata__UNVERIFIED	Inhousedata__UNVERIFIED	NA	Inhousedata_T4463209	T_NK	Fibroblast
M05	intra	M01	0.0739523134932801	wang_style_cellcell_intra	628.16373702064	0.973201981693647	0.972344667069866	True	PASS	0.0730573466470463	0.0121019452125065	0.0	PROJECT_CORRECTED_NATIVE_COEFFICIENT_SERIALIZATION	Inhousedata_T4463209	Inhousedata__UNVERIFIED	Inhousedata__UNVERIFIED	NA	Inhousedata_T4463209	B	Mast
M05	intra	M02	-0.671545411470351	wang_style_cellcell_intra	121.32529778064	0.973201981693647	0.972344667069866	True	PASS	-0.663418405693027	0.0121019452125065	0.0	PROJECT_CORRECTED_NATIVE_COEFFICIENT_SERIALIZATION	Inhousedata_T4463209	Inhousedata__UNVERIFIED	Inhousedata__UNVERIFIED	NA	Inhousedata_T4463209	Endothelial	Mast
M05	intra	M03	1.93886596102695	wang_style_cellcell_intra	1896.05482613088	0.973201981693647	0.972344667069866	True	PASS	1.91540191139221	0.0121019452125065	0.0	PROJECT_CORRECTED_NATIVE_COEFFICIENT_SERIALIZATION	Inhousedata_T4463209	Inhousedata__UNVERIFIED	Inhousedata__UNVERIFIED	NA	Inhousedata_T4463209	Epithelial	Mast
M05	intra	M04	-0.457341133470239	wang_style_cellcell_intra	266.95546981826	0.973201981693647	0.972344667069866	True	PASS	-0.451806416129557	0.0121019452125065	0.0	PROJECT_CORRECTED_NATIVE_COEFFICIENT_SERIALIZATION	Inhousedata_T4463209	Inhousedata__UNVERIFIED	Inhousedata__UNVERIFIED	NA	Inhousedata_T4463209	Fibroblast	Mast
M05	intra	M05	NA	wang_style_cellcell_intra	NA	0.973201981693647	0.972344667069866	True	PASS	NA	0.0121019452125065	0.0	PROJECT_CORRECTED_NATIVE_COEFFICIENT_SERIALIZATION	Inhousedata_T4463209	Inhousedata__UNVERIFIED	Inhousedata__UNVERIFIED	NA	Inhousedata_T4463209	Mast	Mast
M05	intra	M06	-0.753455138424263	wang_style_cellcell_intra	65.6376722148873	0.973201981693647	0.972344667069866	True	PASS	-0.744336865618971	0.0121019452125065	0.0	PROJECT_CORRECTED_NATIVE_COEFFICIENT_SERIALIZATION	Inhousedata_T4463209	Inhousedata__UNVERIFIED	Inhousedata__UNVERIFIED	NA	Inhousedata_T4463209	Mural	Mast
M05	intra	M07	1.100310616905	wang_style_cellcell_intra	1325.94969019385	0.973201981693647	0.972344667069866	True	PASS	1.08699471810247	0.0121019452125065	0.0	PROJECT_CORRECTED_NATIVE_COEFFICIENT_SERIALIZATION	Inhousedata_T4463209	Inhousedata__UNVERIFIED	Inhousedata__UNVERIFIED	NA	Inhousedata_T4463209	Myeloid	Mast
M05	intra	M08	-0.755748535213563	wang_style_cellcell_intra	64.0784700733871	0.973201981693647	0.972344667069866	True	PASS	-0.746602507845976	0.0121019452125065	0.0	PROJECT_CORRECTED_NATIVE_COEFFICIENT_SERIALIZATION	Inhousedata_T4463209	Inhousedata__UNVERIFIED	Inhousedata__UNVERIFIED	NA	Inhousedata_T4463209	Plasma	Mast
M05	intra	M09	-0.475038672846816	wang_style_cellcell_intra	254.923517290906	0.973201981693647	0.972344667069866	True	PASS	-0.469289780854202	0.0121019452125065	0.0	PROJECT_CORRECTED_NATIVE_COEFFICIENT_SERIALIZATION	Inhousedata_T4463209	Inhousedata__UNVERIFIED	Inhousedata__UNVERIFIED	NA	Inhousedata_T4463209	T_NK	Mast
M06	intra	M01	1.95235682129173	wang_style_cellcell_intra	861.912533072196	0.749014298283698	0.749628964596446	True	PASS	1.95235681546909	2.9823618258852303e-09	0.0	PROJECT_CORRECTED_NATIVE_COEFFICIENT_SERIALIZATION	Inhousedata_T4463209	Inhousedata__UNVERIFIED	Inhousedata__UNVERIFIED	NA	Inhousedata_T4463209	B	Mural
M06	intra	M02	0.368327639009807	wang_style_cellcell_intra	470.352282607368	0.749014298283698	0.749628964596446	True	PASS	0.368327637911321	2.9823618258852303e-09	0.0	PROJECT_CORRECTED_NATIVE_COEFFICIENT_SERIALIZATION	Inhousedata_T4463209	Inhousedata__UNVERIFIED	Inhousedata__UNVERIFIED	NA	Inhousedata_T4463209	Endothelial	Mural
M06	intra	M03	-0.723014098649866	wang_style_cellcell_intra	200.580709633476	0.749014298283698	0.749628964596446	True	PASS	-0.723014096493577	2.9823618258852303e-09	0.0	PROJECT_CORRECTED_NATIVE_COEFFICIENT_SERIALIZATION	Inhousedata_T4463209	Inhousedata__UNVERIFIED	Inhousedata__UNVERIFIED	NA	Inhousedata_T4463209	Epithelial	Mural
M06	intra	M04	-0.33960968395127	wang_style_cellcell_intra	295.355433690286	0.749014298283698	0.749628964596446	True	PASS	-0.339609682938431	2.9823618258852303e-09	0.0	PROJECT_CORRECTED_NATIVE_COEFFICIENT_SERIALIZATION	Inhousedata_T4463209	Inhousedata__UNVERIFIED	Inhousedata__UNVERIFIED	NA	Inhousedata_T4463209	Fibroblast	Mural
M06	intra	M05	-1.06638436597955	wang_style_cellcell_intra	115.702129502712	0.749014298283698	0.749628964596446	True	PASS	-1.06638436279921	2.9823618258852303e-09	0.0	PROJECT_CORRECTED_NATIVE_COEFFICIENT_SERIALIZATION	Inhousedata_T4463209	Inhousedata__UNVERIFIED	Inhousedata__UNVERIFIED	NA	Inhousedata_T4463209	Mast	Mural
M06	intra	M06	NA	wang_style_cellcell_intra	NA	0.749014298283698	0.749628964596446	True	PASS	NA	2.9823618258852303e-09	0.0	PROJECT_CORRECTED_NATIVE_COEFFICIENT_SERIALIZATION	Inhousedata_T4463209	Inhousedata__UNVERIFIED	Inhousedata__UNVERIFIED	NA	Inhousedata_T4463209	Mural	Mural
M06	intra	M07	-0.843413830433061	wang_style_cellcell_intra	170.818790055068	0.749014298283698	0.749628964596446	True	PASS	-0.843413827917695	2.9823618258852303e-09	0.0	PROJECT_CORRECTED_NATIVE_COEFFICIENT_SERIALIZATION	Inhousedata_T4463209	Inhousedata__UNVERIFIED	Inhousedata__UNVERIFIED	NA	Inhousedata_T4463209	Myeloid	Mural
M06	intra	M08	-0.0946369281186426	wang_style_cellcell_intra	355.910879703408	0.749014298283698	0.749628964596446	True	PASS	-0.0946369278364011	2.9823618258852303e-09	0.0	PROJECT_CORRECTED_NATIVE_COEFFICIENT_SERIALIZATION	Inhousedata_T4463209	Inhousedata__UNVERIFIED	Inhousedata__UNVERIFIED	NA	Inhousedata_T4463209	Plasma	Mural
M06	intra	M09	0.746374446830856	wang_style_cellcell_intra	563.802646030972	0.749014298283698	0.749628964596446	True	PASS	0.746374444604897	2.9823618258852303e-09	0.0	PROJECT_CORRECTED_NATIVE_COEFFICIENT_SERIALIZATION	Inhousedata_T4463209	Inhousedata__UNVERIFIED	Inhousedata__UNVERIFIED	NA	Inhousedata_T4463209	T_NK	Mural
M07	intra	M01	0.194538326104795	wang_style_cellcell_intra	39959.3868313537	0.986978298112339	0.986960247219571	True	PASS	0.194537161390942	5.98706628148846e-06	0.0	PROJECT_CORRECTED_NATIVE_COEFFICIENT_SERIALIZATION	Inhousedata_T4463209	Inhousedata__UNVERIFIED	Inhousedata__UNVERIFIED	NA	Inhousedata_T4463209	B	Myeloid
M07	intra	M02	-0.646660535402562	wang_style_cellcell_intra	8245.88658126186	0.986978298112339	0.986960247219571	True	PASS	-0.646656663803075	5.98706628148846e-06	0.0	PROJECT_CORRECTED_NATIVE_COEFFICIENT_SERIALIZATION	Inhousedata_T4463209	Inhousedata__UNVERIFIED	Inhousedata__UNVERIFIED	NA	Inhousedata_T4463209	Endothelial	Myeloid
M07	intra	M03	1.95853368533242	wang_style_cellcell_intra	106462.647624862	0.986978298112339	0.986960247219571	True	PASS	1.95852195946143	5.98706628148846e-06	0.0	PROJECT_CORRECTED_NATIVE_COEFFICIENT_SERIALIZATION	Inhousedata_T4463209	Inhousedata__UNVERIFIED	Inhousedata__UNVERIFIED	NA	Inhousedata_T4463209	Epithelial	Myeloid
M07	intra	M04	-0.500551422962183	wang_style_cellcell_intra	13754.2527785432	0.986978298112339	0.986960247219571	True	PASS	-0.500548426127636	5.98706628148846e-06	0.0	PROJECT_CORRECTED_NATIVE_COEFFICIENT_SERIALIZATION	Inhousedata_T4463209	Inhousedata__UNVERIFIED	Inhousedata__UNVERIFIED	NA	Inhousedata_T4463209	Fibroblast	Myeloid
M07	intra	M05	1.01605913862915	wang_style_cellcell_intra	70931.0175427429	0.986978298112339	0.986960247219571	True	PASS	1.01605305541574	5.98706628148846e-06	0.0	PROJECT_CORRECTED_NATIVE_COEFFICIENT_SERIALIZATION	Inhousedata_T4463209	Inhousedata__UNVERIFIED	Inhousedata__UNVERIFIED	NA	Inhousedata_T4463209	Mast	Myeloid
M07	intra	M06	-0.762542355699992	wang_style_cellcell_intra	3877.10019180062	0.986978298112339	0.986960247219571	True	PASS	-0.762537790308366	5.98706628148846e-06	0.0	PROJECT_CORRECTED_NATIVE_COEFFICIENT_SERIALIZATION	Inhousedata_T4463209	Inhousedata__UNVERIFIED	Inhousedata__UNVERIFIED	NA	Inhousedata_T4463209	Mural	Myeloid
M07	intra	M07	NA	wang_style_cellcell_intra	NA	0.986978298112339	0.986960247219571	True	PASS	NA	5.98706628148846e-06	0.0	PROJECT_CORRECTED_NATIVE_COEFFICIENT_SERIALIZATION	Inhousedata_T4463209	Inhousedata__UNVERIFIED	Inhousedata__UNVERIFIED	NA	Inhousedata_T4463209	Myeloid	Myeloid
M07	intra	M08	-0.788932009804258	wang_style_cellcell_intra	2882.20072113822	0.986978298112339	0.986960247219571	True	PASS	-0.788927286416024	5.98706628148846e-06	0.0	PROJECT_CORRECTED_NATIVE_COEFFICIENT_SERIALIZATION	Inhousedata_T4463209	Inhousedata__UNVERIFIED	Inhousedata__UNVERIFIED	NA	Inhousedata_T4463209	Plasma	Myeloid
M07	intra	M09	-0.47044482619737	wang_style_cellcell_intra	14889.2823271085	0.986978298112339	0.986960247219571	True	PASS	-0.470442009613014	5.98706628148846e-06	0.0	PROJECT_CORRECTED_NATIVE_COEFFICIENT_SERIALIZATION	Inhousedata_T4463209	Inhousedata__UNVERIFIED	Inhousedata__UNVERIFIED	NA	Inhousedata_T4463209	T_NK	Myeloid
M08	intra	M01	-0.766418085079046	wang_style_cellcell_intra	192.789601068292	0.515524913202392	0.517402578843853	True	PASS	-0.766418070323816	1.92521943571262e-08	0.0	PROJECT_CORRECTED_NATIVE_COEFFICIENT_SERIALIZATION	Inhousedata_T4463209	Inhousedata__UNVERIFIED	Inhousedata__UNVERIFIED	NA	Inhousedata_T4463209	B	Plasma
M08	intra	M02	-0.55019252156952	wang_style_cellcell_intra	218.497441322565	0.515524913202392	0.517402578843853	True	PASS	-0.550192510977106	1.92521943571262e-08	0.0	PROJECT_CORRECTED_NATIVE_COEFFICIENT_SERIALIZATION	Inhousedata_T4463209	Inhousedata__UNVERIFIED	Inhousedata__UNVERIFIED	NA	Inhousedata_T4463209	Endothelial	Plasma
M08	intra	M03	2.34995676083505	wang_style_cellcell_intra	563.306691697426	0.515524913202392	0.517402578843853	True	PASS	2.34995671559322	1.92521943571262e-08	0.0	PROJECT_CORRECTED_NATIVE_COEFFICIENT_SERIALIZATION	Inhousedata_T4463209	Inhousedata__UNVERIFIED	Inhousedata__UNVERIFIED	NA	Inhousedata_T4463209	Epithelial	Plasma
M08	intra	M04	-0.352516301558456	wang_style_cellcell_intra	241.999882956341	0.515524913202392	0.517402578843853	True	PASS	-0.352516294771744	1.92521943571262e-08	0.0	PROJECT_CORRECTED_NATIVE_COEFFICIENT_SERIALIZATION	Inhousedata_T4463209	Inhousedata__UNVERIFIED	Inhousedata__UNVERIFIED	NA	Inhousedata_T4463209	Fibroblast	Plasma
M08	intra	M05	-0.272399150871347	wang_style_cellcell_intra	251.525301126432	0.515524913202392	0.517402578843853	True	PASS	-0.272399145627065	1.92521943571262e-08	0.0	PROJECT_CORRECTED_NATIVE_COEFFICIENT_SERIALIZATION	Inhousedata_T4463209	Inhousedata__UNVERIFIED	Inhousedata__UNVERIFIED	NA	Inhousedata_T4463209	Mast	Plasma
M08	intra	M06	0.311345367049448	wang_style_cellcell_intra	320.92880075174	0.515524913202392	0.517402578843853	True	PASS	0.311345361055366	1.92521943571262e-08	0.0	PROJECT_CORRECTED_NATIVE_COEFFICIENT_SERIALIZATION	Inhousedata_T4463209	Inhousedata__UNVERIFIED	Inhousedata__UNVERIFIED	NA	Inhousedata_T4463209	Mural	Plasma
M08	intra	M07	-0.488633826222373	wang_style_cellcell_intra	225.816377532327	0.515524913202392	0.517402578843853	True	PASS	-0.4886338168151	1.92521943571262e-08	0.0	PROJECT_CORRECTED_NATIVE_COEFFICIENT_SERIALIZATION	Inhousedata_T4463209	Inhousedata__UNVERIFIED	Inhousedata__UNVERIFIED	NA	Inhousedata_T4463209	Myeloid	Plasma
M08	intra	M08	NA	wang_style_cellcell_intra	NA	0.515524913202392	0.517402578843853	True	PASS	NA	1.92521943571262e-08	0.0	PROJECT_CORRECTED_NATIVE_COEFFICIENT_SERIALIZATION	Inhousedata_T4463209	Inhousedata__UNVERIFIED	Inhousedata__UNVERIFIED	NA	Inhousedata_T4463209	Plasma	Plasma
M08	intra	M09	-0.23114224258375	wang_style_cellcell_intra	256.430484354668	0.515524913202392	0.517402578843853	True	PASS	-0.231142238133755	1.92521943571262e-08	0.0	PROJECT_CORRECTED_NATIVE_COEFFICIENT_SERIALIZATION	Inhousedata_T4463209	Inhousedata__UNVERIFIED	Inhousedata__UNVERIFIED	NA	Inhousedata_T4463209	T_NK	Plasma
M09	intra	M01	1.77671724706661	wang_style_cellcell_intra	3143.58697023125	0.744297824658872	0.744101537572554	True	PASS	1.77457268275362	0.0012070374824871	0.0	PROJECT_CORRECTED_NATIVE_COEFFICIENT_SERIALIZATION	Inhousedata_T4463209	Inhousedata__UNVERIFIED	Inhousedata__UNVERIFIED	NA	Inhousedata_T4463209	B	T_NK
M09	intra	M02	-0.427822619399526	wang_style_cellcell_intra	1314.6955433719	0.744297824658872	0.744101537572554	True	PASS	-0.427306221462055	0.0012070374824871	0.0	PROJECT_CORRECTED_NATIVE_COEFFICIENT_SERIALIZATION	Inhousedata_T4463209	Inhousedata__UNVERIFIED	Inhousedata__UNVERIFIED	NA	Inhousedata_T4463209	Endothelial	T_NK
M09	intra	M03	0.296968973100902	wang_style_cellcell_intra	1915.9843428839	0.744297824658872	0.744101537572554	True	PASS	0.296610520419234	0.0012070374824871	0.0	PROJECT_CORRECTED_NATIVE_COEFFICIENT_SERIALIZATION	Inhousedata_T4463209	Inhousedata__UNVERIFIED	Inhousedata__UNVERIFIED	NA	Inhousedata_T4463209	Epithelial	T_NK
M09	intra	M04	-0.973296628304972	wang_style_cellcell_intra	862.169030408024	0.744297824658872	0.744101537572554	True	PASS	-0.972121822793029	0.0012070374824871	0.0	PROJECT_CORRECTED_NATIVE_COEFFICIENT_SERIALIZATION	Inhousedata_T4463209	Inhousedata__UNVERIFIED	Inhousedata__UNVERIFIED	NA	Inhousedata_T4463209	Fibroblast	T_NK
M09	intra	M05	-0.759346137422404	wang_style_cellcell_intra	1039.66285780463	0.744297824658872	0.744101537572554	True	PASS	-0.758429578172353	0.0012070374824871	0.0	PROJECT_CORRECTED_NATIVE_COEFFICIENT_SERIALIZATION	Inhousedata_T4463209	Inhousedata__UNVERIFIED	Inhousedata__UNVERIFIED	NA	Inhousedata_T4463209	Mast	T_NK
M09	intra	M06	0.010692307517262	wang_style_cellcell_intra	1678.48855187556	0.744297824658872	0.744101537572554	True	PASS	0.0106794015013144	0.0012070374824871	0.0	PROJECT_CORRECTED_NATIVE_COEFFICIENT_SERIALIZATION	Inhousedata_T4463209	Inhousedata__UNVERIFIED	Inhousedata__UNVERIFIED	NA	Inhousedata_T4463209	Mural	T_NK
M09	intra	M07	1.04926329745774	wang_style_cellcell_intra	2540.08947303818	0.744297824658872	0.744101537572554	True	PASS	1.04799679732871	0.0012070374824871	0.0	PROJECT_CORRECTED_NATIVE_COEFFICIENT_SERIALIZATION	Inhousedata_T4463209	Inhousedata__UNVERIFIED	Inhousedata__UNVERIFIED	NA	Inhousedata_T4463209	Myeloid	T_NK
M09	intra	M08	-0.973176440015617	wang_style_cellcell_intra	862.268738893841	0.744297824658872	0.744101537572554	True	PASS	-0.972001779575445	0.0012070374824871	0.0	PROJECT_CORRECTED_NATIVE_COEFFICIENT_SERIALIZATION	Inhousedata_T4463209	Inhousedata__UNVERIFIED	Inhousedata__UNVERIFIED	NA	Inhousedata_T4463209	Plasma	T_NK
M09	intra	M09	NA	wang_style_cellcell_intra	NA	0.744297824658872	0.744101537572554	True	PASS	NA	0.0012070374824871	0.0	PROJECT_CORRECTED_NATIVE_COEFFICIENT_SERIALIZATION	Inhousedata_T4463209	Inhousedata__UNVERIFIED	Inhousedata__UNVERIFIED	NA	Inhousedata_T4463209	T_NK	T_NK
M01	intra	M01	NA	wang_style_cellcell_intra	NA	0.886436144302664	0.887281444481567	True	PASS	NA	3.8105723438833396e-12	0.0	PROJECT_CORRECTED_NATIVE_COEFFICIENT_SERIALIZATION	Inhousedata_T4465935	Inhousedata__UNVERIFIED	Inhousedata__UNVERIFIED	NA	Inhousedata_T4465935	B	B
M01	intra	M02	-0.583467012975229	wang_style_cellcell_intra	5496.6206934169	0.886436144302664	0.887281444481567	True	PASS	-0.583467012973006	3.8105723438833396e-12	0.0	PROJECT_CORRECTED_NATIVE_COEFFICIENT_SERIALIZATION	Inhousedata_T4465935	Inhousedata__UNVERIFIED	Inhousedata__UNVERIFIED	NA	Inhousedata_T4465935	Endothelial	B
M01	intra	M03	-0.632507565788501	wang_style_cellcell_intra	4648.27321048076	0.886436144302664	0.887281444481567	True	PASS	-0.632507565786091	3.8105723438833396e-12	0.0	PROJECT_CORRECTED_NATIVE_COEFFICIENT_SERIALIZATION	Inhousedata_T4465935	Inhousedata__UNVERIFIED	Inhousedata__UNVERIFIED	NA	Inhousedata_T4465935	Epithelial	B
M01	intra	M04	-0.225201869255401	wang_style_cellcell_intra	11694.2125936497	0.886436144302664	0.887281444481567	True	PASS	-0.225201869254543	3.8105723438833396e-12	0.0	PROJECT_CORRECTED_NATIVE_COEFFICIENT_SERIALIZATION	Inhousedata_T4465935	Inhousedata__UNVERIFIED	Inhousedata__UNVERIFIED	NA	Inhousedata_T4465935	Fibroblast	B
M01	intra	M05	-0.579552344479198	wang_style_cellcell_intra	5564.34014139667	0.886436144302664	0.887281444481567	True	PASS	-0.57955234447699	3.8105723438833396e-12	0.0	PROJECT_CORRECTED_NATIVE_COEFFICIENT_SERIALIZATION	Inhousedata_T4465935	Inhousedata__UNVERIFIED	Inhousedata__UNVERIFIED	NA	Inhousedata_T4465935	Mast	B
M01	intra	M06	0.0429560626593062	wang_style_cellcell_intra	16333.0490977039	0.886436144302664	0.887281444481567	True	PASS	0.0429560626591425	3.8105723438833396e-12	0.0	PROJECT_CORRECTED_NATIVE_COEFFICIENT_SERIALIZATION	Inhousedata_T4465935	Inhousedata__UNVERIFIED	Inhousedata__UNVERIFIED	NA	Inhousedata_T4465935	Mural	B
M01	intra	M07	-0.155259726768484	wang_style_cellcell_intra	12904.1345281732	0.886436144302664	0.887281444481567	True	PASS	-0.155259726767892	3.8105723438833396e-12	0.0	PROJECT_CORRECTED_NATIVE_COEFFICIENT_SERIALIZATION	Inhousedata_T4465935	Inhousedata__UNVERIFIED	Inhousedata__UNVERIFIED	NA	Inhousedata_T4465935	Myeloid	B
M01	intra	M08	-0.269904193108735	wang_style_cellcell_intra	10920.9116876267	0.886436144302664	0.887281444481567	True	PASS	-0.269904193107706	3.8105723438833396e-12	0.0	PROJECT_CORRECTED_NATIVE_COEFFICIENT_SERIALIZATION	Inhousedata_T4465935	Inhousedata__UNVERIFIED	Inhousedata__UNVERIFIED	NA	Inhousedata_T4465935	Plasma	B
M01	intra	M09	2.40293664971624	wang_style_cellcell_intra	57158.1107243763	0.886436144302664	0.887281444481567	True	PASS	2.40293664970709	3.8105723438833396e-12	0.0	PROJECT_CORRECTED_NATIVE_COEFFICIENT_SERIALIZATION	Inhousedata_T4465935	Inhousedata__UNVERIFIED	Inhousedata__UNVERIFIED	NA	Inhousedata_T4465935	T_NK	B
M02	intra	M01	-1.04573455312584	wang_style_cellcell_intra	947.242700911995	0.665153461033971	0.665706065638476	True	PASS	-0.831547897774526	0.204819334611329	0.0	PROJECT_CORRECTED_NATIVE_COEFFICIENT_SERIALIZATION	Inhousedata_T4465935	Inhousedata__UNVERIFIED	Inhousedata__UNVERIFIED	NA	Inhousedata_T4465935	B	Endothelial
M02	intra	M02	NA	wang_style_cellcell_intra	NA	0.665153461033971	0.665706065638476	True	PASS	NA	0.204819334611329	0.0	PROJECT_CORRECTED_NATIVE_COEFFICIENT_SERIALIZATION	Inhousedata_T4465935	Inhousedata__UNVERIFIED	Inhousedata__UNVERIFIED	NA	Inhousedata_T4465935	Endothelial	Endothelial
M02	intra	M03	-0.876814868190604	wang_style_cellcell_intra	1139.19229027708	0.665153461033971	0.665706065638476	True	PASS	-0.697226230310485	0.204819334611329	0.0	PROJECT_CORRECTED_NATIVE_COEFFICIENT_SERIALIZATION	Inhousedata_T4465935	Inhousedata__UNVERIFIED	Inhousedata__UNVERIFIED	NA	Inhousedata_T4465935	Epithelial	Endothelial
M02	intra	M04	1.84956696964634	wang_style_cellcell_intra	4237.27925643432	0.665153461033971	0.665706065638476	True	PASS	1.47073989360428	0.204819334611329	0.0	PROJECT_CORRECTED_NATIVE_COEFFICIENT_SERIALIZATION	Inhousedata_T4465935	Inhousedata__UNVERIFIED	Inhousedata__UNVERIFIED	NA	Inhousedata_T4465935	Fibroblast	Endothelial
M02	intra	M05	0.589622006204189	wang_style_cellcell_intra	2805.55791236445	0.665153461033971	0.665706065638476	True	PASS	0.46885601922125	0.204819334611329	0.0	PROJECT_CORRECTED_NATIVE_COEFFICIENT_SERIALIZATION	Inhousedata_T4465935	Inhousedata__UNVERIFIED	Inhousedata__UNVERIFIED	NA	Inhousedata_T4465935	Mast	Endothelial
M02	intra	M06	0.127072587223169	wang_style_cellcell_intra	2279.94616339328	0.665153461033971	0.665706065638476	True	PASS	0.101045664460779	0.204819334611329	0.0	PROJECT_CORRECTED_NATIVE_COEFFICIENT_SERIALIZATION	Inhousedata_T4465935	Inhousedata__UNVERIFIED	Inhousedata__UNVERIFIED	NA	Inhousedata_T4465935	Mural	Endothelial
M02	intra	M07	0.683573254215907	wang_style_cellcell_intra	2912.31813680544	0.665153461033971	0.665706065638476	True	PASS	0.543564235129304	0.204819334611329	0.0	PROJECT_CORRECTED_NATIVE_COEFFICIENT_SERIALIZATION	Inhousedata_T4465935	Inhousedata__UNVERIFIED	Inhousedata__UNVERIFIED	NA	Inhousedata_T4465935	Myeloid	Endothelial
M02	intra	M08	-0.614552228306245	wang_style_cellcell_intra	1437.21087852456	0.665153461033971	0.665706065638476	True	PASS	-0.48868004982065	0.204819334611329	0.0	PROJECT_CORRECTED_NATIVE_COEFFICIENT_SERIALIZATION	Inhousedata_T4465935	Inhousedata__UNVERIFIED	Inhousedata__UNVERIFIED	NA	Inhousedata_T4465935	Plasma	Endothelial
M02	intra	M09	-0.712733167666919	wang_style_cellcell_intra	1325.64430177546	0.665153461033971	0.665706065638476	True	PASS	-0.566751634509956	0.204819334611329	0.0	PROJECT_CORRECTED_NATIVE_COEFFICIENT_SERIALIZATION	Inhousedata_T4465935	Inhousedata__UNVERIFIED	Inhousedata__UNVERIFIED	NA	Inhousedata_T4465935	T_NK	Endothelial
M03	intra	M01	-0.156277971074876	wang_style_cellcell_intra	5218.61013864006	0.734884086233588	0.74105218102655	True	PASS	-0.156277971074195	4.35457587977973e-12	0.0	PROJECT_CORRECTED_NATIVE_COEFFICIENT_SERIALIZATION	Inhousedata_T4465935	Inhousedata__UNVERIFIED	Inhousedata__UNVERIFIED	NA	Inhousedata_T4465935	B	Epithelial
M03	intra	M02	0.127917755861643	wang_style_cellcell_intra	6008.88143207818	0.734884086233588	0.74105218102655	True	PASS	0.127917755861086	4.35457587977973e-12	0.0	PROJECT_CORRECTED_NATIVE_COEFFICIENT_SERIALIZATION	Inhousedata_T4465935	Inhousedata__UNVERIFIED	Inhousedata__UNVERIFIED	NA	Inhousedata_T4465935	Endothelial	Epithelial
M03	intra	M03	NA	wang_style_cellcell_intra	NA	0.734884086233588	0.74105218102655	True	PASS	NA	4.35457587977973e-12	0.0	PROJECT_CORRECTED_NATIVE_COEFFICIENT_SERIALIZATION	Inhousedata_T4465935	Inhousedata__UNVERIFIED	Inhousedata__UNVERIFIED	NA	Inhousedata_T4465935	Epithelial	Epithelial
M03	intra	M04	1.92774280925536	wang_style_cellcell_intra	11013.7071141529	0.734884086233588	0.74105218102655	True	PASS	1.92774280924697	4.35457587977973e-12	0.0	PROJECT_CORRECTED_NATIVE_COEFFICIENT_SERIALIZATION	Inhousedata_T4465935	Inhousedata__UNVERIFIED	Inhousedata__UNVERIFIED	NA	Inhousedata_T4465935	Fibroblast	Epithelial
M03	intra	M05	-0.884012956037737	wang_style_cellcell_intra	3194.97637733713	0.734884086233588	0.74105218102655	True	PASS	-0.884012956033888	4.35457587977973e-12	0.0	PROJECT_CORRECTED_NATIVE_COEFFICIENT_SERIALIZATION	Inhousedata_T4465935	Inhousedata__UNVERIFIED	Inhousedata__UNVERIFIED	NA	Inhousedata_T4465935	Mast	Epithelial
M03	intra	M06	-0.721511383337926	wang_style_cellcell_intra	3646.8492095838	0.734884086233588	0.74105218102655	True	PASS	-0.721511383334784	4.35457587977973e-12	0.0	PROJECT_CORRECTED_NATIVE_COEFFICIENT_SERIALIZATION	Inhousedata_T4465935	Inhousedata__UNVERIFIED	Inhousedata__UNVERIFIED	NA	Inhousedata_T4465935	Mural	Epithelial
M03	intra	M07	1.02984444720901	wang_style_cellcell_intra	8516.89511912652	0.734884086233588	0.74105218102655	True	PASS	1.02984444720452	4.35457587977973e-12	0.0	PROJECT_CORRECTED_NATIVE_COEFFICIENT_SERIALIZATION	Inhousedata_T4465935	Inhousedata__UNVERIFIED	Inhousedata__UNVERIFIED	NA	Inhousedata_T4465935	Myeloid	Epithelial
M03	intra	M08	-0.708167197060073	wang_style_cellcell_intra	3683.95577506018	0.734884086233588	0.74105218102655	True	PASS	-0.70816719705699	4.35457587977973e-12	0.0	PROJECT_CORRECTED_NATIVE_COEFFICIENT_SERIALIZATION	Inhousedata_T4465935	Inhousedata__UNVERIFIED	Inhousedata__UNVERIFIED	NA	Inhousedata_T4465935	Plasma	Epithelial
M03	intra	M09	-0.615535504815401	wang_style_cellcell_intra	3941.53940600588	0.734884086233588	0.74105218102655	True	PASS	-0.61553550481272	4.35457587977973e-12	0.0	PROJECT_CORRECTED_NATIVE_COEFFICIENT_SERIALIZATION	Inhousedata_T4465935	Inhousedata__UNVERIFIED	Inhousedata__UNVERIFIED	NA	Inhousedata_T4465935	T_NK	Epithelial
M04	intra	M01	-0.932874493001287	wang_style_cellcell_intra	5975.71653788734	0.917372638773434	0.917539415318424	True	PASS	-0.928457089942998	0.0047352597712018	0.0	PROJECT_CORRECTED_NATIVE_COEFFICIENT_SERIALIZATION	Inhousedata_T4465935	Inhousedata__UNVERIFIED	Inhousedata__UNVERIFIED	NA	Inhousedata_T4465935	B	Fibroblast
M04	intra	M02	1.15431195088384	wang_style_cellcell_intra	30787.1964684643	0.917372638773434	0.917539415318424	True	PASS	1.1488459839394	0.0047352597712018	0.0	PROJECT_CORRECTED_NATIVE_COEFFICIENT_SERIALIZATION	Inhousedata_T4465935	Inhousedata__UNVERIFIED	Inhousedata__UNVERIFIED	NA	Inhousedata_T4465935	Endothelial	Fibroblast
M04	intra	M03	-1.18623905549652	wang_style_cellcell_intra	2963.839100734	0.917372638773434	0.917539415318424	True	PASS	-1.180621905418	0.0047352597712018	0.0	PROJECT_CORRECTED_NATIVE_COEFFICIENT_SERIALIZATION	Inhousedata_T4465935	Inhousedata__UNVERIFIED	Inhousedata__UNVERIFIED	NA	Inhousedata_T4465935	Epithelial	Fibroblast
M04	intra	M04	NA	wang_style_cellcell_intra	NA	0.917372638773434	0.917539415318424	True	PASS	NA	0.0047352597712018	0.0	PROJECT_CORRECTED_NATIVE_COEFFICIENT_SERIALIZATION	Inhousedata_T4465935	Inhousedata__UNVERIFIED	Inhousedata__UNVERIFIED	NA	Inhousedata_T4465935	Fibroblast	Fibroblast
M04	intra	M05	1.47091530499152	wang_style_cellcell_intra	34550.8265885287	0.917372638773434	0.917539415318424	True	PASS	1.46395013892095	0.0047352597712018	0.0	PROJECT_CORRECTED_NATIVE_COEFFICIENT_SERIALIZATION	Inhousedata_T4465935	Inhousedata__UNVERIFIED	Inhousedata__UNVERIFIED	NA	Inhousedata_T4465935	Mast	Fibroblast
M04	intra	M06	-0.574104710598318	wang_style_cellcell_intra	10240.6011062343	0.917372638773434	0.917539415318424	True	PASS	-0.571386175657765	0.0047352597712018	0.0	PROJECT_CORRECTED_NATIVE_COEFFICIENT_SERIALIZATION	Inhousedata_T4465935	Inhousedata__UNVERIFIED	Inhousedata__UNVERIFIED	NA	Inhousedata_T4465935	Mural	Fibroblast
M04	intra	M07	0.776077501295879	wang_style_cellcell_intra	26290.9251926046	0.917372638773434	0.917539415318424	True	PASS	0.772402572724657	0.0047352597712018	0.0	PROJECT_CORRECTED_NATIVE_COEFFICIENT_SERIALIZATION	Inhousedata_T4465935	Inhousedata__UNVERIFIED	Inhousedata__UNVERIFIED	NA	Inhousedata_T4465935	Myeloid	Fibroblast
M04	intra	M08	-0.205772520328559	wang_style_cellcell_intra	14619.1590321149	0.917372638773434	0.917539415318424	True	PASS	-0.204798133991029	0.0047352597712018	0.0	PROJECT_CORRECTED_NATIVE_COEFFICIENT_SERIALIZATION	Inhousedata_T4465935	Inhousedata__UNVERIFIED	Inhousedata__UNVERIFIED	NA	Inhousedata_T4465935	Plasma	Fibroblast
M04	intra	M09	-0.502313977746551	wang_style_cellcell_intra	11094.0151999161	0.917372638773434	0.917539415318424	True	PASS	-0.499935390575215	0.0047352597712018	0.0	PROJECT_CORRECTED_NATIVE_COEFFICIENT_SERIALIZATION	Inhousedata_T4465935	Inhousedata__UNVERIFIED	Inhousedata__UNVERIFIED	NA	Inhousedata_T4465935	T_NK	Fibroblast
M05	intra	M01	-0.919392679397561	wang_style_cellcell_intra	234.036641752549	0.803203379402114	0.803773197368805	True	PASS	-0.412755436656822	0.551056424631004	0.0	PROJECT_CORRECTED_NATIVE_COEFFICIENT_SERIALIZATION	Inhousedata_T4465935	Inhousedata__UNVERIFIED	Inhousedata__UNVERIFIED	NA	Inhousedata_T4465935	B	Mast
M05	intra	M02	0.674704971782196	wang_style_cellcell_intra	823.094809061987	0.803203379402114	0.803773197368805	True	PASS	0.302904462351137	0.551056424631004	0.0	PROJECT_CORRECTED_NATIVE_COEFFICIENT_SERIALIZATION	Inhousedata_T4465935	Inhousedata__UNVERIFIED	Inhousedata__UNVERIFIED	NA	Inhousedata_T4465935	Endothelial	Mast
M05	intra	M03	-0.900898369215767	wang_style_cellcell_intra	240.870742821123	0.803203379402114	0.803773197368805	True	PASS	-0.404452534919824	0.551056424631004	0.0	PROJECT_CORRECTED_NATIVE_COEFFICIENT_SERIALIZATION	Inhousedata_T4465935	Inhousedata__UNVERIFIED	Inhousedata__UNVERIFIED	NA	Inhousedata_T4465935	Epithelial	Mast
M05	intra	M04	1.61435908583329	wang_style_cellcell_intra	1170.32004329909	0.803203379402114	0.803773197368805	True	PASS	0.72475613992342	0.551056424631004	0.0	PROJECT_CORRECTED_NATIVE_COEFFICIENT_SERIALIZATION	Inhousedata_T4465935	Inhousedata__UNVERIFIED	Inhousedata__UNVERIFIED	NA	Inhousedata_T4465935	Fibroblast	Mast
M05	intra	M05	NA	wang_style_cellcell_intra	NA	0.803203379402114	0.803773197368805	True	PASS	NA	0.551056424631004	0.0	PROJECT_CORRECTED_NATIVE_COEFFICIENT_SERIALIZATION	Inhousedata_T4465935	Inhousedata__UNVERIFIED	Inhousedata__UNVERIFIED	NA	Inhousedata_T4465935	Mast	Mast
M05	intra	M06	1.07814878787079	wang_style_cellcell_intra	972.177191023716	0.803203379402114	0.803773197368805	True	PASS	0.484027971606464	0.551056424631004	0.0	PROJECT_CORRECTED_NATIVE_COEFFICIENT_SERIALIZATION	Inhousedata_T4465935	Inhousedata__UNVERIFIED	Inhousedata__UNVERIFIED	NA	Inhousedata_T4465935	Mural	Mast
M05	intra	M07	-0.0592569588588382	wang_style_cellcell_intra	551.877879899376	0.803203379402114	0.803773197368805	True	PASS	-0.0266030309755803	0.551056424631004	0.0	PROJECT_CORRECTED_NATIVE_COEFFICIENT_SERIALIZATION	Inhousedata_T4465935	Inhousedata__UNVERIFIED	Inhousedata__UNVERIFIED	NA	Inhousedata_T4465935	Myeloid	Mast
M05	intra	M08	-0.811757529835832	wang_style_cellcell_intra	273.810468589309	0.803203379402114	0.803773197368805	True	PASS	-0.364433327777203	0.551056424631004	0.0	PROJECT_CORRECTED_NATIVE_COEFFICIENT_SERIALIZATION	Inhousedata_T4465935	Inhousedata__UNVERIFIED	Inhousedata__UNVERIFIED	NA	Inhousedata_T4465935	Plasma	Mast
M05	intra	M09	-0.675907308178281	wang_style_cellcell_intra	324.0104563623	0.803203379402114	0.803773197368805	True	PASS	-0.303444243551591	0.551056424631004	0.0	PROJECT_CORRECTED_NATIVE_COEFFICIENT_SERIALIZATION	Inhousedata_T4465935	Inhousedata__UNVERIFIED	Inhousedata__UNVERIFIED	NA	Inhousedata_T4465935	T_NK	Mast
M06	intra	M01	-0.984943648187534	wang_style_cellcell_intra	58753.58940698	0.910535872282774	0.913162236615146	True	PASS	-0.984943647861418	3.31101322554608e-10	0.0	PROJECT_CORRECTED_NATIVE_COEFFICIENT_SERIALIZATION	Inhousedata_T4465935	Inhousedata__UNVERIFIED	Inhousedata__UNVERIFIED	NA	Inhousedata_T4465935	B	Mural
M06	intra	M02	0.718028499724261	wang_style_cellcell_intra	193402.873070014	0.910535872282774	0.913162236615146	True	PASS	0.718028499486521	3.31101322554608e-10	0.0	PROJECT_CORRECTED_NATIVE_COEFFICIENT_SERIALIZATION	Inhousedata_T4465935	Inhousedata__UNVERIFIED	Inhousedata__UNVERIFIED	NA	Inhousedata_T4465935	Endothelial	Mural
M06	intra	M03	0.58230641792711	wang_style_cellcell_intra	182671.704557569	0.910535872282774	0.913162236615146	True	PASS	0.582306417734308	3.31101322554608e-10	0.0	PROJECT_CORRECTED_NATIVE_COEFFICIENT_SERIALIZATION	Inhousedata_T4465935	Inhousedata__UNVERIFIED	Inhousedata__UNVERIFIED	NA	Inhousedata_T4465935	Epithelial	Mural
M06	intra	M04	0.345526764144037	wang_style_cellcell_intra	163950.19416354	0.910535872282774	0.913162236615146	True	PASS	0.345526764029633	3.31101322554608e-10	0.0	PROJECT_CORRECTED_NATIVE_COEFFICIENT_SERIALIZATION	Inhousedata_T4465935	Inhousedata__UNVERIFIED	Inhousedata__UNVERIFIED	NA	Inhousedata_T4465935	Fibroblast	Mural
M06	intra	M05	1.68808968853365	wang_style_cellcell_intra	270102.920303705	0.910535872282774	0.913162236615146	True	PASS	1.68808968797472	3.31101322554608e-10	0.0	PROJECT_CORRECTED_NATIVE_COEFFICIENT_SERIALIZATION	Inhousedata_T4465935	Inhousedata__UNVERIFIED	Inhousedata__UNVERIFIED	NA	Inhousedata_T4465935	Mast	Mural
M06	intra	M06	NA	wang_style_cellcell_intra	NA	0.910535872282774	0.913162236615146	True	PASS	NA	3.31101322554608e-10	0.0	PROJECT_CORRECTED_NATIVE_COEFFICIENT_SERIALIZATION	Inhousedata_T4465935	Inhousedata__UNVERIFIED	Inhousedata__UNVERIFIED	NA	Inhousedata_T4465935	Mural	Mural
M06	intra	M07	-0.794926507143804	wang_style_cellcell_intra	73777.7176386774	0.910535872282774	0.913162236615146	True	PASS	-0.794926506880602	3.31101322554608e-10	0.0	PROJECT_CORRECTED_NATIVE_COEFFICIENT_SERIALIZATION	Inhousedata_T4465935	Inhousedata__UNVERIFIED	Inhousedata__UNVERIFIED	NA	Inhousedata_T4465935	Myeloid	Mural
M06	intra	M08	-0.348839477956943	wang_style_cellcell_intra	109048.58158383	0.910535872282774	0.913162236615146	True	PASS	-0.348839477841441	3.31101322554608e-10	0.0	PROJECT_CORRECTED_NATIVE_COEFFICIENT_SERIALIZATION	Inhousedata_T4465935	Inhousedata__UNVERIFIED	Inhousedata__UNVERIFIED	NA	Inhousedata_T4465935	Plasma	Mural
M06	intra	M09	-1.20524173704077	wang_style_cellcell_intra	41335.2306318248	0.910535872282774	0.913162236615146	True	PASS	-1.20524173664172	3.31101322554608e-10	0.0	PROJECT_CORRECTED_NATIVE_COEFFICIENT_SERIALIZATION	Inhousedata_T4465935	Inhousedata__UNVERIFIED	Inhousedata__UNVERIFIED	NA	Inhousedata_T4465935	T_NK	Mural
M07	intra	M01	-0.679269550229128	wang_style_cellcell_intra	1979.23565763036	0.869374104676073	0.870305406547792	True	PASS	-0.678819304431634	0.0006628381874931	0.0	PROJECT_CORRECTED_NATIVE_COEFFICIENT_SERIALIZATION	Inhousedata_T4465935	Inhousedata__UNVERIFIED	Inhousedata__UNVERIFIED	NA	Inhousedata_T4465935	B	Myeloid
M07	intra	M02	-0.0028921131905192	wang_style_cellcell_intra	3371.91558787983	0.869374104676073	0.870305406547792	True	PASS	-0.0028901961874539	0.0006628381874931	0.0	PROJECT_CORRECTED_NATIVE_COEFFICIENT_SERIALIZATION	Inhousedata_T4465935	Inhousedata__UNVERIFIED	Inhousedata__UNVERIFIED	NA	Inhousedata_T4465935	Endothelial	Myeloid
M07	intra	M03	-0.973703310666108	wang_style_cellcell_intra	1372.98836655601	0.869374104676073	0.870305406547792	True	PASS	-0.97305790292851	0.0006628381874931	0.0	PROJECT_CORRECTED_NATIVE_COEFFICIENT_SERIALIZATION	Inhousedata_T4465935	Inhousedata__UNVERIFIED	Inhousedata__UNVERIFIED	NA	Inhousedata_T4465935	Epithelial	Myeloid
M07	intra	M04	0.564599978511063	wang_style_cellcell_intra	4540.39756762832	0.869374104676073	0.870305406547792	True	PASS	0.564225740084648	0.0006628381874931	0.0	PROJECT_CORRECTED_NATIVE_COEFFICIENT_SERIALIZATION	Inhousedata_T4465935	Inhousedata__UNVERIFIED	Inhousedata__UNVERIFIED	NA	Inhousedata_T4465935	Fibroblast	Myeloid
M07	intra	M05	-0.25279813394515	wang_style_cellcell_intra	2857.35214963548	0.869374104676073	0.870305406547792	True	PASS	-0.252630569688244	0.0006628381874931	0.0	PROJECT_CORRECTED_NATIVE_COEFFICIENT_SERIALIZATION	Inhousedata_T4465935	Inhousedata__UNVERIFIED	Inhousedata__UNVERIFIED	NA	Inhousedata_T4465935	Mast	Myeloid
M07	intra	M06	-1.23229757045611	wang_style_cellcell_intra	840.535602809113	0.869374104676073	0.870305406547792	True	PASS	-1.23148075656806	0.0006628381874931	0.0	PROJECT_CORRECTED_NATIVE_COEFFICIENT_SERIALIZATION	Inhousedata_T4465935	Inhousedata__UNVERIFIED	Inhousedata__UNVERIFIED	NA	Inhousedata_T4465935	Mural	Myeloid
M07	intra	M07	NA	wang_style_cellcell_intra	NA	0.869374104676073	0.870305406547792	True	PASS	NA	0.0006628381874931	0.0	PROJECT_CORRECTED_NATIVE_COEFFICIENT_SERIALIZATION	Inhousedata_T4465935	Inhousedata__UNVERIFIED	Inhousedata__UNVERIFIED	NA	Inhousedata_T4465935	Myeloid	Myeloid
M07	intra	M08	0.857813173028861	wang_style_cellcell_intra	5144.13167957203	0.869374104676073	0.870305406547792	True	PASS	0.857244581700043	0.0006628381874931	0.0	PROJECT_CORRECTED_NATIVE_COEFFICIENT_SERIALIZATION	Inhousedata_T4465935	Inhousedata__UNVERIFIED	Inhousedata__UNVERIFIED	NA	Inhousedata_T4465935	Plasma	Myeloid
M07	intra	M09	1.71854752694709	wang_style_cellcell_intra	6916.40762246357	0.869374104676073	0.870305406547792	True	PASS	1.71740840801921	0.0006628381874931	0.0	PROJECT_CORRECTED_NATIVE_COEFFICIENT_SERIALIZATION	Inhousedata_T4465935	Inhousedata__UNVERIFIED	Inhousedata__UNVERIFIED	NA	Inhousedata_T4465935	T_NK	Myeloid
M08	intra	M01	-0.564698390604453	wang_style_cellcell_intra	717.484892281784	0.508753645525561	0.517268802045495	True	PASS	-0.389627780997676	0.310024984167887	0.0	PROJECT_CORRECTED_NATIVE_COEFFICIENT_SERIALIZATION	Inhousedata_T4465935	Inhousedata__UNVERIFIED	Inhousedata__UNVERIFIED	NA	Inhousedata_T4465935	B	Plasma
M08	intra	M02	-0.572238817092071	wang_style_cellcell_intra	715.201401982308	0.508753645525561	0.517268802045495	True	PASS	-0.394830486882851	0.310024984167887	0.0	PROJECT_CORRECTED_NATIVE_COEFFICIENT_SERIALIZATION	Inhousedata_T4465935	Inhousedata__UNVERIFIED	Inhousedata__UNVERIFIED	NA	Inhousedata_T4465935	Endothelial	Plasma
M08	intra	M03	-0.291387734904124	wang_style_cellcell_intra	800.252389857686	0.508753645525561	0.517268802045495	True	PASS	-0.201050257003756	0.310024984167887	0.0	PROJECT_CORRECTED_NATIVE_COEFFICIENT_SERIALIZATION	Inhousedata_T4465935	Inhousedata__UNVERIFIED	Inhousedata__UNVERIFIED	NA	Inhousedata_T4465935	Epithelial	Plasma
M08	intra	M04	-0.236756009575625	wang_style_cellcell_intra	816.796681488422	0.508753645525561	0.517268802045495	True	PASS	-0.16335573145529	0.310024984167887	0.0	PROJECT_CORRECTED_NATIVE_COEFFICIENT_SERIALIZATION	Inhousedata_T4465935	Inhousedata__UNVERIFIED	Inhousedata__UNVERIFIED	NA	Inhousedata_T4465935	Fibroblast	Plasma
M08	intra	M05	-0.665083765888723	wang_style_cellcell_intra	687.084883602259	0.508753645525561	0.517268802045495	True	PASS	-0.458891181898753	0.310024984167887	0.0	PROJECT_CORRECTED_NATIVE_COEFFICIENT_SERIALIZATION	Inhousedata_T4465935	Inhousedata__UNVERIFIED	Inhousedata__UNVERIFIED	NA	Inhousedata_T4465935	Mast	Plasma
M08	intra	M06	-0.701584273598688	wang_style_cellcell_intra	676.031323777954	0.508753645525561	0.517268802045495	True	PASS	-0.484075620283816	0.310024984167887	0.0	PROJECT_CORRECTED_NATIVE_COEFFICIENT_SERIALIZATION	Inhousedata_T4465935	Inhousedata__UNVERIFIED	Inhousedata__UNVERIFIED	NA	Inhousedata_T4465935	Mural	Plasma
M08	intra	M07	2.09999364502252	wang_style_cellcell_intra	1524.44169034055	0.508753645525561	0.517268802045495	True	PASS	1.44894314847175	0.310024984167887	0.0	PROJECT_CORRECTED_NATIVE_COEFFICIENT_SERIALIZATION	Inhousedata_T4465935	Inhousedata__UNVERIFIED	Inhousedata__UNVERIFIED	NA	Inhousedata_T4465935	Myeloid	Plasma
M08	intra	M08	NA	wang_style_cellcell_intra	NA	0.508753645525561	0.517268802045495	True	PASS	NA	0.310024984167887	0.0	PROJECT_CORRECTED_NATIVE_COEFFICIENT_SERIALIZATION	Inhousedata_T4465935	Inhousedata__UNVERIFIED	Inhousedata__UNVERIFIED	NA	Inhousedata_T4465935	Plasma	Plasma
M08	intra	M09	0.931755346641169	wang_style_cellcell_intra	1170.66053138211	0.508753645525561	0.517268802045495	True	PASS	0.642887910050397	0.310024984167887	0.0	PROJECT_CORRECTED_NATIVE_COEFFICIENT_SERIALIZATION	Inhousedata_T4465935	Inhousedata__UNVERIFIED	Inhousedata__UNVERIFIED	NA	Inhousedata_T4465935	T_NK	Plasma
M09	intra	M01	2.27979915196415	wang_style_cellcell_intra	27470.7201681755	0.9133770012428	0.918329519392594	True	PASS	2.27979915196415	1.18107820543238e-29	0.0	PROJECT_CORRECTED_NATIVE_COEFFICIENT_SERIALIZATION	Inhousedata_T4465935	Inhousedata__UNVERIFIED	Inhousedata__UNVERIFIED	NA	Inhousedata_T4465935	B	T_NK
M09	intra	M02	-0.469158004093277	wang_style_cellcell_intra	4191.93160007867	0.9133770012428	0.918329519392594	True	PASS	-0.469158004093277	1.18107820543238e-29	0.0	PROJECT_CORRECTED_NATIVE_COEFFICIENT_SERIALIZATION	Inhousedata_T4465935	Inhousedata__UNVERIFIED	Inhousedata__UNVERIFIED	NA	Inhousedata_T4465935	Endothelial	T_NK
M09	intra	M03	-0.741714440839014	wang_style_cellcell_intra	1883.86228372105	0.9133770012428	0.918329519392594	True	PASS	-0.741714440839014	1.18107820543238e-29	0.0	PROJECT_CORRECTED_NATIVE_COEFFICIENT_SERIALIZATION	Inhousedata_T4465935	Inhousedata__UNVERIFIED	Inhousedata__UNVERIFIED	NA	Inhousedata_T4465935	Epithelial	T_NK
M09	intra	M04	-0.416719561001066	wang_style_cellcell_intra	4635.99215114761	0.9133770012428	0.918329519392594	True	PASS	-0.416719561001066	1.18107820543238e-29	0.0	PROJECT_CORRECTED_NATIVE_COEFFICIENT_SERIALIZATION	Inhousedata_T4465935	Inhousedata__UNVERIFIED	Inhousedata__UNVERIFIED	NA	Inhousedata_T4465935	Fibroblast	T_NK
M09	intra	M05	-0.557316166479679	wang_style_cellcell_intra	3445.38841797674	0.9133770012428	0.918329519392594	True	PASS	-0.557316166479679	1.18107820543238e-29	0.0	PROJECT_CORRECTED_NATIVE_COEFFICIENT_SERIALIZATION	Inhousedata_T4465935	Inhousedata__UNVERIFIED	Inhousedata__UNVERIFIED	NA	Inhousedata_T4465935	Mast	T_NK
M09	intra	M06	-0.508628939635298	wang_style_cellcell_intra	3857.68282466833	0.9133770012428	0.918329519392594	True	PASS	-0.508628939635298	1.18107820543238e-29	0.0	PROJECT_CORRECTED_NATIVE_COEFFICIENT_SERIALIZATION	Inhousedata_T4465935	Inhousedata__UNVERIFIED	Inhousedata__UNVERIFIED	NA	Inhousedata_T4465935	Mural	T_NK
M09	intra	M07	0.526021633303238	wang_style_cellcell_intra	12619.3369945863	0.9133770012428	0.918329519392594	True	PASS	0.526021633303238	1.18107820543238e-29	0.0	PROJECT_CORRECTED_NATIVE_COEFFICIENT_SERIALIZATION	Inhousedata_T4465935	Inhousedata__UNVERIFIED	Inhousedata__UNVERIFIED	NA	Inhousedata_T4465935	Myeloid	T_NK
M09	intra	M08	-0.112283673219054	wang_style_cellcell_intra	7214.02384167508	0.9133770012428	0.918329519392594	True	PASS	-0.112283673219054	1.18107820543238e-29	0.0	PROJECT_CORRECTED_NATIVE_COEFFICIENT_SERIALIZATION	Inhousedata_T4465935	Inhousedata__UNVERIFIED	Inhousedata__UNVERIFIED	NA	Inhousedata_T4465935	Plasma	T_NK
M09	intra	M09	NA	wang_style_cellcell_intra	NA	0.9133770012428	0.918329519392594	True	PASS	NA	1.18107820543238e-29	0.0	PROJECT_CORRECTED_NATIVE_COEFFICIENT_SERIALIZATION	Inhousedata_T4465935	Inhousedata__UNVERIFIED	Inhousedata__UNVERIFIED	NA	Inhousedata_T4465935	T_NK	T_NK
M01	intra	M01	NA	wang_style_cellcell_intra	NA	0.953545723014559	0.953502503400857	True	PASS	NA	0.0205627627924304	0.0	PROJECT_CORRECTED_NATIVE_COEFFICIENT_SERIALIZATION	Inhousedata_T4469479	Inhousedata__UNVERIFIED	Inhousedata__UNVERIFIED	NA	Inhousedata_T4469479	B	B
M01	intra	M02	-0.0268471859686507	wang_style_cellcell_intra	7468.44187819798	0.953545723014559	0.953502503400857	True	PASS	-0.026295133651933	0.0205627627924304	0.0	PROJECT_CORRECTED_NATIVE_COEFFICIENT_SERIALIZATION	Inhousedata_T4469479	Inhousedata__UNVERIFIED	Inhousedata__UNVERIFIED	NA	Inhousedata_T4469479	Endothelial	B
M01	intra	M03	2.06344076114959	wang_style_cellcell_intra	18747.7207891055	0.953545723014559	0.953502503400857	True	PASS	2.02101071824184	0.0205627627924304	0.0	PROJECT_CORRECTED_NATIVE_COEFFICIENT_SERIALIZATION	Inhousedata_T4469479	Inhousedata__UNVERIFIED	Inhousedata__UNVERIFIED	NA	Inhousedata_T4469479	Epithelial	B
M01	intra	M04	0.64768403489051	wang_style_cellcell_intra	11108.2398231052	0.953545723014559	0.953502503400857	True	PASS	0.634365861716612	0.0205627627924304	0.0	PROJECT_CORRECTED_NATIVE_COEFFICIENT_SERIALIZATION	Inhousedata_T4469479	Inhousedata__UNVERIFIED	Inhousedata__UNVERIFIED	NA	Inhousedata_T4469479	Fibroblast	B
M01	intra	M05	-0.712200380513878	wang_style_cellcell_intra	3770.24812244565	0.953545723014559	0.953502503400857	True	PASS	-0.697555573028693	0.0205627627924304	0.0	PROJECT_CORRECTED_NATIVE_COEFFICIENT_SERIALIZATION	Inhousedata_T4469479	Inhousedata__UNVERIFIED	Inhousedata__UNVERIFIED	NA	Inhousedata_T4469479	Mast	B
M01	intra	M06	-1.21068531941564	wang_style_cellcell_intra	1080.40308625762	0.953545723014559	0.953502503400857	True	PASS	-1.18579028437622	0.0205627627924304	0.0	PROJECT_CORRECTED_NATIVE_COEFFICIENT_SERIALIZATION	Inhousedata_T4469479	Inhousedata__UNVERIFIED	Inhousedata__UNVERIFIED	NA	Inhousedata_T4469479	Mural	B
M01	intra	M07	0.0013704920838027	wang_style_cellcell_intra	7620.70561842124	0.953545723014559	0.953502503400857	True	PASS	0.0013423109801746	0.0205627627924304	0.0	PROJECT_CORRECTED_NATIVE_COEFFICIENT_SERIALIZATION	Inhousedata_T4469479	Inhousedata__UNVERIFIED	Inhousedata__UNVERIFIED	NA	Inhousedata_T4469479	Myeloid	B
M01	intra	M08	-0.551826794711083	wang_style_cellcell_intra	4635.63052428454	0.953545723014559	0.953502503400857	True	PASS	-0.540479711228932	0.0205627627924304	0.0	PROJECT_CORRECTED_NATIVE_COEFFICIENT_SERIALIZATION	Inhousedata_T4469479	Inhousedata__UNVERIFIED	Inhousedata__UNVERIFIED	NA	Inhousedata_T4469479	Plasma	B
M01	intra	M09	-0.210935607514649	wang_style_cellcell_intra	6475.09325666064	0.953545723014559	0.953502503400857	True	PASS	-0.206598188652848	0.0205627627924304	0.0	PROJECT_CORRECTED_NATIVE_COEFFICIENT_SERIALIZATION	Inhousedata_T4469479	Inhousedata__UNVERIFIED	Inhousedata__UNVERIFIED	NA	Inhousedata_T4469479	T_NK	B
M02	intra	M01	-0.976823780465882	wang_style_cellcell_intra	531.63261645731	0.934819075824461	0.934263812253144	True	PASS	-0.741377188973176	0.241032821068723	0.0	PROJECT_CORRECTED_NATIVE_COEFFICIENT_SERIALIZATION	Inhousedata_T4469479	Inhousedata__UNVERIFIED	Inhousedata__UNVERIFIED	NA	Inhousedata_T4469479	B	Endothelial
M02	intra	M02	NA	wang_style_cellcell_intra	NA	0.934819075824461	0.934263812253144	True	PASS	NA	0.241032821068723	0.0	PROJECT_CORRECTED_NATIVE_COEFFICIENT_SERIALIZATION	Inhousedata_T4469479	Inhousedata__UNVERIFIED	Inhousedata__UNVERIFIED	NA	Inhousedata_T4469479	Endothelial	Endothelial
M02	intra	M03	0.635850906692251	wang_style_cellcell_intra	1981.28422237984	0.934819075824461	0.934263812253144	True	PASS	0.482589968873113	0.241032821068723	0.0	PROJECT_CORRECTED_NATIVE_COEFFICIENT_SERIALIZATION	Inhousedata_T4469479	Inhousedata__UNVERIFIED	Inhousedata__UNVERIFIED	NA	Inhousedata_T4469479	Epithelial	Endothelial
M02	intra	M04	-0.766849310218572	wang_style_cellcell_intra	720.381054329267	0.934819075824461	0.934263812253144	True	PASS	-0.582013457641985	0.241032821068723	0.0	PROJECT_CORRECTED_NATIVE_COEFFICIENT_SERIALIZATION	Inhousedata_T4469479	Inhousedata__UNVERIFIED	Inhousedata__UNVERIFIED	NA	Inhousedata_T4469479	Fibroblast	Endothelial
M02	intra	M05	1.3690378522201	wang_style_cellcell_intra	2640.35430110655	0.934819075824461	0.934263812253144	True	PASS	1.03905479654963	0.241032821068723	0.0	PROJECT_CORRECTED_NATIVE_COEFFICIENT_SERIALIZATION	Inhousedata_T4469479	Inhousedata__UNVERIFIED	Inhousedata__UNVERIFIED	NA	Inhousedata_T4469479	Mast	Endothelial
M02	intra	M06	0.681413418990972	wang_style_cellcell_intra	2022.24088254798	0.934819075824461	0.934263812253144	True	PASS	0.517170420297494	0.241032821068723	0.0	PROJECT_CORRECTED_NATIVE_COEFFICIENT_SERIALIZATION	Inhousedata_T4469479	Inhousedata__UNVERIFIED	Inhousedata__UNVERIFIED	NA	Inhousedata_T4469479	Mural	Endothelial
M02	intra	M07	-0.344422751472051	wang_style_cellcell_intra	1100.10508928039	0.934819075824461	0.934263812253144	True	PASS	-0.261405564044491	0.241032821068723	0.0	PROJECT_CORRECTED_NATIVE_COEFFICIENT_SERIALIZATION	Inhousedata_T4469479	Inhousedata__UNVERIFIED	Inhousedata__UNVERIFIED	NA	Inhousedata_T4469479	Myeloid	Endothelial
M02	intra	M08	0.800285237469415	wang_style_cellcell_intra	2129.09611127354	0.934819075824461	0.934263812253144	True	PASS	0.607390229022509	0.241032821068723	0.0	PROJECT_CORRECTED_NATIVE_COEFFICIENT_SERIALIZATION	Inhousedata_T4469479	Inhousedata__UNVERIFIED	Inhousedata__UNVERIFIED	NA	Inhousedata_T4469479	Plasma	Endothelial
M02	intra	M09	-1.39849157321624	wang_style_cellcell_intra	152.590644884266	0.934819075824461	0.934263812253144	True	PASS	-1.06140920408309	0.241032821068723	0.0	PROJECT_CORRECTED_NATIVE_COEFFICIENT_SERIALIZATION	Inhousedata_T4469479	Inhousedata__UNVERIFIED	Inhousedata__UNVERIFIED	NA	Inhousedata_T4469479	T_NK	Endothelial
M03	intra	M01	-0.127192426685711	wang_style_cellcell_intra	115246.649336033	0.978467606183129	0.978415430556414	True	PASS	-0.126379552347465	0.0063909020326774	0.0	PROJECT_CORRECTED_NATIVE_COEFFICIENT_SERIALIZATION	Inhousedata_T4469479	Inhousedata__UNVERIFIED	Inhousedata__UNVERIFIED	NA	Inhousedata_T4469479	B	Epithelial
M03	intra	M02	0.666700428988732	wang_style_cellcell_intra	180281.259994486	0.978467606183129	0.978415430556414	True	PASS	0.662439611861922	0.0063909020326774	0.0	PROJECT_CORRECTED_NATIVE_COEFFICIENT_SERIALIZATION	Inhousedata_T4469479	Inhousedata__UNVERIFIED	Inhousedata__UNVERIFIED	NA	Inhousedata_T4469479	Endothelial	Epithelial
M03	intra	M03	NA	wang_style_cellcell_intra	NA	0.978467606183129	0.978415430556414	True	PASS	NA	0.0063909020326774	0.0	PROJECT_CORRECTED_NATIVE_COEFFICIENT_SERIALIZATION	Inhousedata_T4469479	Inhousedata__UNVERIFIED	Inhousedata__UNVERIFIED	NA	Inhousedata_T4469479	Epithelial	Epithelial
M03	intra	M04	-1.1668822283323	wang_style_cellcell_intra	30076.6909816296	0.978467606183129	0.978415430556414	True	PASS	-1.15942479832735	0.0063909020326774	0.0	PROJECT_CORRECTED_NATIVE_COEFFICIENT_SERIALIZATION	Inhousedata_T4469479	Inhousedata__UNVERIFIED	Inhousedata__UNVERIFIED	NA	Inhousedata_T4469479	Fibroblast	Epithelial
M03	intra	M05	1.24481735689017	wang_style_cellcell_intra	227639.803470974	0.978467606183129	0.978415430556414	True	PASS	1.2368618511137	0.0063909020326774	0.0	PROJECT_CORRECTED_NATIVE_COEFFICIENT_SERIALIZATION	Inhousedata_T4469479	Inhousedata__UNVERIFIED	Inhousedata__UNVERIFIED	NA	Inhousedata_T4469479	Mast	Epithelial
M03	intra	M06	-0.545418638486078	wang_style_cellcell_intra	80986.1333769995	0.978467606183129	0.978415430556414	True	PASS	-0.541932921400717	0.0063909020326774	0.0	PROJECT_CORRECTED_NATIVE_COEFFICIENT_SERIALIZATION	Inhousedata_T4469479	Inhousedata__UNVERIFIED	Inhousedata__UNVERIFIED	NA	Inhousedata_T4469479	Mural	Epithelial
M03	intra	M07	0.152447228569738	wang_style_cellcell_intra	138154.345222466	0.978467606183129	0.978415430556414	True	PASS	0.151472953266795	0.0063909020326774	0.0	PROJECT_CORRECTED_NATIVE_COEFFICIENT_SERIALIZATION	Inhousedata_T4469479	Inhousedata__UNVERIFIED	Inhousedata__UNVERIFIED	NA	Inhousedata_T4469479	Myeloid	Epithelial
M03	intra	M08	1.16882479623153	wang_style_cellcell_intra	221414.597437126	0.978467606183129	0.978415430556414	True	PASS	1.16135495146545	0.0063909020326774	0.0	PROJECT_CORRECTED_NATIVE_COEFFICIENT_SERIALIZATION	Inhousedata_T4469479	Inhousedata__UNVERIFIED	Inhousedata__UNVERIFIED	NA	Inhousedata_T4469479	Plasma	Epithelial
M03	intra	M09	-1.39329651717608	wang_style_cellcell_intra	11529.1438948671	0.978467606183129	0.978415430556414	True	PASS	-1.38439209563234	0.0063909020326774	0.0	PROJECT_CORRECTED_NATIVE_COEFFICIENT_SERIALIZATION	Inhousedata_T4469479	Inhousedata__UNVERIFIED	Inhousedata__UNVERIFIED	NA	Inhousedata_T4469479	T_NK	Epithelial
M04	intra	M01	-1.15398438835115	wang_style_cellcell_intra	2498.93286654441	0.935946725690989	0.935642535566308	True	PASS	-0.62261145722088	0.460468041417367	0.0	PROJECT_CORRECTED_NATIVE_COEFFICIENT_SERIALIZATION	Inhousedata_T4469479	Inhousedata__UNVERIFIED	Inhousedata__UNVERIFIED	NA	Inhousedata_T4469479	B	Fibroblast
M04	intra	M02	0.185986081342028	wang_style_cellcell_intra	6665.36674424034	0.935946725690989	0.935642535566308	True	PASS	0.100345434735573	0.460468041417367	0.0	PROJECT_CORRECTED_NATIVE_COEFFICIENT_SERIALIZATION	Inhousedata_T4469479	Inhousedata__UNVERIFIED	Inhousedata__UNVERIFIED	NA	Inhousedata_T4469479	Endothelial	Fibroblast
M04	intra	M03	-0.386630595994976	wang_style_cellcell_intra	4884.90248972819	0.935946725690989	0.935642535566308	True	PASS	-0.20859956270514	0.460468041417367	0.0	PROJECT_CORRECTED_NATIVE_COEFFICIENT_SERIALIZATION	Inhousedata_T4469479	Inhousedata__UNVERIFIED	Inhousedata__UNVERIFIED	NA	Inhousedata_T4469479	Epithelial	Fibroblast
M04	intra	M04	NA	wang_style_cellcell_intra	NA	0.935946725690989	0.935642535566308	True	PASS	NA	0.460468041417367	0.0	PROJECT_CORRECTED_NATIVE_COEFFICIENT_SERIALIZATION	Inhousedata_T4469479	Inhousedata__UNVERIFIED	Inhousedata__UNVERIFIED	NA	Inhousedata_T4469479	Fibroblast	Fibroblast
M04	intra	M05	1.16406116605578	wang_style_cellcell_intra	9706.54209851124	0.935946725690989	0.935642535566308	True	PASS	0.62804820083206	0.460468041417367	0.0	PROJECT_CORRECTED_NATIVE_COEFFICIENT_SERIALIZATION	Inhousedata_T4469479	Inhousedata__UNVERIFIED	Inhousedata__UNVERIFIED	NA	Inhousedata_T4469479	Mast	Fibroblast
M04	intra	M06	-1.46647555564945	wang_style_cellcell_intra	1527.28922561365	0.935946725690989	0.935642535566308	True	PASS	-0.791210428753105	0.460468041417367	0.0	PROJECT_CORRECTED_NATIVE_COEFFICIENT_SERIALIZATION	Inhousedata_T4469479	Inhousedata__UNVERIFIED	Inhousedata__UNVERIFIED	NA	Inhousedata_T4469479	Mural	Fibroblast
M04	intra	M07	0.704781196376976	wang_style_cellcell_intra	8278.48105664731	0.935946725690989	0.935642535566308	True	PASS	0.380251979253481	0.460468041417367	0.0	PROJECT_CORRECTED_NATIVE_COEFFICIENT_SERIALIZATION	Inhousedata_T4469479	Inhousedata__UNVERIFIED	Inhousedata__UNVERIFIED	NA	Inhousedata_T4469479	Myeloid	Fibroblast
M04	intra	M08	-0.240994796102778	wang_style_cellcell_intra	5337.73480521581	0.935946725690989	0.935642535566308	True	PASS	-0.130024394349554	0.460468041417367	0.0	PROJECT_CORRECTED_NATIVE_COEFFICIENT_SERIALIZATION	Inhousedata_T4469479	Inhousedata__UNVERIFIED	Inhousedata__UNVERIFIED	NA	Inhousedata_T4469479	Plasma	Fibroblast
M04	intra	M09	1.19325689232358	wang_style_cellcell_intra	9797.32175803158	0.935946725690989	0.935642535566308	True	PASS	0.643800228207565	0.460468041417367	0.0	PROJECT_CORRECTED_NATIVE_COEFFICIENT_SERIALIZATION	Inhousedata_T4469479	Inhousedata__UNVERIFIED	Inhousedata__UNVERIFIED	NA	Inhousedata_T4469479	T_NK	Fibroblast
M05	intra	M01	-1.47106892314725	wang_style_cellcell_intra	75.8285541975238	0.965918898801326	0.965993105107856	True	PASS	-1.13960719758569	0.225320323436935	0.0	PROJECT_CORRECTED_NATIVE_COEFFICIENT_SERIALIZATION	Inhousedata_T4469479	Inhousedata__UNVERIFIED	Inhousedata__UNVERIFIED	NA	Inhousedata_T4469479	B	Mast
M05	intra	M02	0.501300244234185	wang_style_cellcell_intra	1248.18630529795	0.965918898801326	0.965993105107856	True	PASS	0.388347111064323	0.225320323436935	0.0	PROJECT_CORRECTED_NATIVE_COEFFICIENT_SERIALIZATION	Inhousedata_T4469479	Inhousedata__UNVERIFIED	Inhousedata__UNVERIFIED	NA	Inhousedata_T4469479	Endothelial	Mast
M05	intra	M03	0.877399788628127	wang_style_cellcell_intra	1471.73635026289	0.965918898801326	0.965993105107856	True	PASS	0.679703784470939	0.225320323436935	0.0	PROJECT_CORRECTED_NATIVE_COEFFICIENT_SERIALIZATION	Inhousedata_T4469479	Inhousedata__UNVERIFIED	Inhousedata__UNVERIFIED	NA	Inhousedata_T4469479	Epithelial	Mast
M05	intra	M04	-0.597197750151654	wang_style_cellcell_intra	595.249390858008	0.965918898801326	0.965993105107856	True	PASS	-0.462636959931673	0.225320323436935	0.0	PROJECT_CORRECTED_NATIVE_COEFFICIENT_SERIALIZATION	Inhousedata_T4469479	Inhousedata__UNVERIFIED	Inhousedata__UNVERIFIED	NA	Inhousedata_T4469479	Fibroblast	Mast
M05	intra	M05	NA	wang_style_cellcell_intra	NA	0.965918898801326	0.965993105107856	True	PASS	NA	0.225320323436935	0.0	PROJECT_CORRECTED_NATIVE_COEFFICIENT_SERIALIZATION	Inhousedata_T4469479	Inhousedata__UNVERIFIED	Inhousedata__UNVERIFIED	NA	Inhousedata_T4469479	Mast	Mast
M05	intra	M06	-0.301463238854708	wang_style_cellcell_intra	771.031213206797	0.965918898801326	0.965993105107856	True	PASS	-0.233537444371619	0.225320323436935	0.0	PROJECT_CORRECTED_NATIVE_COEFFICIENT_SERIALIZATION	Inhousedata_T4469479	Inhousedata__UNVERIFIED	Inhousedata__UNVERIFIED	NA	Inhousedata_T4469479	Mural	Mast
M05	intra	M07	0.908449854318803	wang_style_cellcell_intra	1490.19221835627	0.965918898801326	0.965993105107856	True	PASS	0.703757639317454	0.225320323436935	0.0	PROJECT_CORRECTED_NATIVE_COEFFICIENT_SERIALIZATION	Inhousedata_T4469479	Inhousedata__UNVERIFIED	Inhousedata__UNVERIFIED	NA	Inhousedata_T4469479	Myeloid	Mast
M05	intra	M08	1.16792389138289	wang_style_cellcell_intra	1644.42115459809	0.965918898801326	0.965993105107856	True	PASS	0.904766902426776	0.225320323436935	0.0	PROJECT_CORRECTED_NATIVE_COEFFICIENT_SERIALIZATION	Inhousedata_T4469479	Inhousedata__UNVERIFIED	Inhousedata__UNVERIFIED	NA	Inhousedata_T4469479	Plasma	Mast
M05	intra	M09	-1.0853438664104	wang_style_cellcell_intra	305.099913503686	0.965918898801326	0.965993105107856	True	PASS	-0.840793835390512	0.225320323436935	0.0	PROJECT_CORRECTED_NATIVE_COEFFICIENT_SERIALIZATION	Inhousedata_T4469479	Inhousedata__UNVERIFIED	Inhousedata__UNVERIFIED	NA	Inhousedata_T4469479	T_NK	Mast
M06	intra	M01	-1.05103017069847	wang_style_cellcell_intra	318.760895679568	0.932352838560338	0.931676392249866	True	PASS	-0.86516255725159	0.176843271134032	0.0	PROJECT_CORRECTED_NATIVE_COEFFICIENT_SERIALIZATION	Inhousedata_T4469479	Inhousedata__UNVERIFIED	Inhousedata__UNVERIFIED	NA	Inhousedata_T4469479	B	Mural
M06	intra	M02	1.41150429166853	wang_style_cellcell_intra	2613.87928382765	0.932352838560338	0.931676392249866	True	PASS	1.16188925551014	0.176843271134032	0.0	PROJECT_CORRECTED_NATIVE_COEFFICIENT_SERIALIZATION	Inhousedata_T4469479	Inhousedata__UNVERIFIED	Inhousedata__UNVERIFIED	NA	Inhousedata_T4469479	Endothelial	Mural
M06	intra	M03	-0.0773240245547243	wang_style_cellcell_intra	1226.26936503079	0.932352838560338	0.931676392249866	True	PASS	-0.0636497911152186	0.176843271134032	0.0	PROJECT_CORRECTED_NATIVE_COEFFICIENT_SERIALIZATION	Inhousedata_T4469479	Inhousedata__UNVERIFIED	Inhousedata__UNVERIFIED	NA	Inhousedata_T4469479	Epithelial	Mural
M06	intra	M04	-0.437444971352021	wang_style_cellcell_intra	890.631338606045	0.932352838560338	0.931676392249866	True	PASS	-0.360085771676997	0.176843271134032	0.0	PROJECT_CORRECTED_NATIVE_COEFFICIENT_SERIALIZATION	Inhousedata_T4469479	Inhousedata__UNVERIFIED	Inhousedata__UNVERIFIED	NA	Inhousedata_T4469479	Fibroblast	Mural
M06	intra	M05	1.40127705028702	wang_style_cellcell_intra	2604.34734422905	0.932352838560338	0.931676392249866	True	PASS	1.15347063294922	0.176843271134032	0.0	PROJECT_CORRECTED_NATIVE_COEFFICIENT_SERIALIZATION	Inhousedata_T4469479	Inhousedata__UNVERIFIED	Inhousedata__UNVERIFIED	NA	Inhousedata_T4469479	Mast	Mural
M06	intra	M06	NA	wang_style_cellcell_intra	NA	0.932352838560338	0.931676392249866	True	PASS	NA	0.176843271134032	0.0	PROJECT_CORRECTED_NATIVE_COEFFICIENT_SERIALIZATION	Inhousedata_T4469479	Inhousedata__UNVERIFIED	Inhousedata__UNVERIFIED	NA	Inhousedata_T4469479	Mural	Mural
M06	intra	M07	-0.4411166466686	wang_style_cellcell_intra	887.209283133047	0.932352838560338	0.931676392249866	True	PASS	-0.36310813592005	0.176843271134032	0.0	PROJECT_CORRECTED_NATIVE_COEFFICIENT_SERIALIZATION	Inhousedata_T4469479	Inhousedata__UNVERIFIED	Inhousedata__UNVERIFIED	NA	Inhousedata_T4469479	Myeloid	Mural
M06	intra	M08	0.378982580936465	wang_style_cellcell_intra	1651.55384202024	0.932352838560338	0.931676392249866	True	PASS	0.311962061620843	0.176843271134032	0.0	PROJECT_CORRECTED_NATIVE_COEFFICIENT_SERIALIZATION	Inhousedata_T4469479	Inhousedata__UNVERIFIED	Inhousedata__UNVERIFIED	NA	Inhousedata_T4469479	Plasma	Mural
M06	intra	M09	-1.18484810961821	wang_style_cellcell_intra	194.040605680635	0.932352838560338	0.931676392249866	True	PASS	-0.975315694116351	0.176843271134032	0.0	PROJECT_CORRECTED_NATIVE_COEFFICIENT_SERIALIZATION	Inhousedata_T4469479	Inhousedata__UNVERIFIED	Inhousedata__UNVERIFIED	NA	Inhousedata_T4469479	T_NK	Mural
M07	intra	M01	-1.36763629703535	wang_style_cellcell_intra	2027.96584378355	0.972275584122789	0.972334377276199	True	PASS	-1.35252225377121	0.0110512153683712	0.0	PROJECT_CORRECTED_NATIVE_COEFFICIENT_SERIALIZATION	Inhousedata_T4469479	Inhousedata__UNVERIFIED	Inhousedata__UNVERIFIED	NA	Inhousedata_T4469479	B	Myeloid
M07	intra	M02	-0.0487162003000218	wang_style_cellcell_intra	20546.1632897296	0.972275584122789	0.972334377276199	True	PASS	-0.0481778270785776	0.0110512153683712	0.0	PROJECT_CORRECTED_NATIVE_COEFFICIENT_SERIALIZATION	Inhousedata_T4469479	Inhousedata__UNVERIFIED	Inhousedata__UNVERIFIED	NA	Inhousedata_T4469479	Endothelial	Myeloid
M07	intra	M03	0.434270930014741	wang_style_cellcell_intra	27327.5074099371	0.972275584122789	0.972334377276199	True	PASS	0.429471708438925	0.0110512153683712	0.0	PROJECT_CORRECTED_NATIVE_COEFFICIENT_SERIALIZATION	Inhousedata_T4469479	Inhousedata__UNVERIFIED	Inhousedata__UNVERIFIED	NA	Inhousedata_T4469479	Epithelial	Myeloid
M07	intra	M04	-0.416702226491235	wang_style_cellcell_intra	15379.4834376101	0.972275584122789	0.972334377276199	True	PASS	-0.412097160441801	0.0110512153683712	0.0	PROJECT_CORRECTED_NATIVE_COEFFICIENT_SERIALIZATION	Inhousedata_T4469479	Inhousedata__UNVERIFIED	Inhousedata__UNVERIFIED	NA	Inhousedata_T4469479	Fibroblast	Myeloid
M07	intra	M05	1.84213773459189	wang_style_cellcell_intra	47094.5543518146	0.972275584122789	0.972334377276199	True	PASS	1.82177987374871	0.0110512153683712	0.0	PROJECT_CORRECTED_NATIVE_COEFFICIENT_SERIALIZATION	Inhousedata_T4469479	Inhousedata__UNVERIFIED	Inhousedata__UNVERIFIED	NA	Inhousedata_T4469479	Mast	Myeloid
M07	intra	M06	-1.07804227597228	wang_style_cellcell_intra	6093.9887017911	0.972275584122789	0.972334377276199	True	PASS	-1.0661285986043	0.0110512153683712	0.0	PROJECT_CORRECTED_NATIVE_COEFFICIENT_SERIALIZATION	Inhousedata_T4469479	Inhousedata__UNVERIFIED	Inhousedata__UNVERIFIED	NA	Inhousedata_T4469479	Mural	Myeloid
M07	intra	M07	NA	wang_style_cellcell_intra	NA	0.972275584122789	0.972334377276199	True	PASS	NA	0.0110512153683712	0.0	PROJECT_CORRECTED_NATIVE_COEFFICIENT_SERIALIZATION	Inhousedata_T4469479	Inhousedata__UNVERIFIED	Inhousedata__UNVERIFIED	NA	Inhousedata_T4469479	Myeloid	Myeloid
M07	intra	M08	0.25447731927467	wang_style_cellcell_intra	24803.1288737048	0.972275584122789	0.972334377276199	True	PASS	0.251665035613	0.0110512153683712	0.0	PROJECT_CORRECTED_NATIVE_COEFFICIENT_SERIALIZATION	Inhousedata_T4469479	Inhousedata__UNVERIFIED	Inhousedata__UNVERIFIED	NA	Inhousedata_T4469479	Plasma	Myeloid
M07	intra	M09	0.380211015917588	wang_style_cellcell_intra	26568.4832919182	0.972275584122789	0.972334377276199	True	PASS	0.376009222095256	0.0110512153683712	0.0	PROJECT_CORRECTED_NATIVE_COEFFICIENT_SERIALIZATION	Inhousedata_T4469479	Inhousedata__UNVERIFIED	Inhousedata__UNVERIFIED	NA	Inhousedata_T4469479	T_NK	Myeloid
M08	intra	M01	-0.936775752657073	wang_style_cellcell_intra	306.992133126445	0.963992537945149	0.964023112424694	True	PASS	-0.797133670168074	0.149066713237312	0.0	PROJECT_CORRECTED_NATIVE_COEFFICIENT_SERIALIZATION	Inhousedata_T4469479	Inhousedata__UNVERIFIED	Inhousedata__UNVERIFIED	NA	Inhousedata_T4469479	B	Plasma
M08	intra	M02	0.439693530528893	wang_style_cellcell_intra	1346.12127350961	0.963992537945149	0.964023112424694	True	PASS	0.374149861101241	0.149066713237312	0.0	PROJECT_CORRECTED_NATIVE_COEFFICIENT_SERIALIZATION	Inhousedata_T4469479	Inhousedata__UNVERIFIED	Inhousedata__UNVERIFIED	NA	Inhousedata_T4469479	Endothelial	Plasma
M08	intra	M03	1.59587925172153	wang_style_cellcell_intra	2218.95315523921	0.963992537945149	0.964023112424694	True	PASS	1.35798677694378	0.149066713237312	0.0	PROJECT_CORRECTED_NATIVE_COEFFICIENT_SERIALIZATION	Inhousedata_T4469479	Inhousedata__UNVERIFIED	Inhousedata__UNVERIFIED	NA	Inhousedata_T4469479	Epithelial	Plasma
M08	intra	M04	-0.631615621701528	wang_style_cellcell_intra	537.364716396223	0.963992537945149	0.964023112424694	True	PASS	-0.53746275694514	0.149066713237312	0.0	PROJECT_CORRECTED_NATIVE_COEFFICIENT_SERIALIZATION	Inhousedata_T4469479	Inhousedata__UNVERIFIED	Inhousedata__UNVERIFIED	NA	Inhousedata_T4469479	Fibroblast	Plasma
M08	intra	M05	1.17129782642339	wang_style_cellcell_intra	1898.42661906288	0.963992537945149	0.964023112424694	True	PASS	0.996696309216451	0.149066713237312	0.0	PROJECT_CORRECTED_NATIVE_COEFFICIENT_SERIALIZATION	Inhousedata_T4469479	Inhousedata__UNVERIFIED	Inhousedata__UNVERIFIED	NA	Inhousedata_T4469479	Mast	Plasma
M08	intra	M06	-0.242577035278518	wang_style_cellcell_intra	831.059124854016	0.963992537945149	0.964023112424694	True	PASS	-0.206416873922698	0.149066713237312	0.0	PROJECT_CORRECTED_NATIVE_COEFFICIENT_SERIALIZATION	Inhousedata_T4469479	Inhousedata__UNVERIFIED	Inhousedata__UNVERIFIED	NA	Inhousedata_T4469479	Mural	Plasma
M08	intra	M07	-0.160225231661083	wang_style_cellcell_intra	893.228444538301	0.963992537945149	0.964023112424694	True	PASS	-0.136340982999679	0.149066713237312	0.0	PROJECT_CORRECTED_NATIVE_COEFFICIENT_SERIALIZATION	Inhousedata_T4469479	Inhousedata__UNVERIFIED	Inhousedata__UNVERIFIED	NA	Inhousedata_T4469479	Myeloid	Plasma
M08	intra	M08	NA	wang_style_cellcell_intra	NA	0.963992537945149	0.964023112424694	True	PASS	NA	0.149066713237312	0.0	PROJECT_CORRECTED_NATIVE_COEFFICIENT_SERIALIZATION	Inhousedata_T4469479	Inhousedata__UNVERIFIED	Inhousedata__UNVERIFIED	NA	Inhousedata_T4469479	Plasma	Plasma
M08	intra	M09	-1.23567696737562	wang_style_cellcell_intra	81.3445534063525	0.963992537945149	0.964023112424694	True	PASS	-1.05147866322588	0.149066713237312	0.0	PROJECT_CORRECTED_NATIVE_COEFFICIENT_SERIALIZATION	Inhousedata_T4469479	Inhousedata__UNVERIFIED	Inhousedata__UNVERIFIED	NA	Inhousedata_T4469479	T_NK	Plasma
M09	intra	M01	-0.86233767822303	wang_style_cellcell_intra	1456.277380897	0.937400850497973	0.937381584356354	True	PASS	-0.861884153377858	0.0005259248860683	0.0	PROJECT_CORRECTED_NATIVE_COEFFICIENT_SERIALIZATION	Inhousedata_T4469479	Inhousedata__UNVERIFIED	Inhousedata__UNVERIFIED	NA	Inhousedata_T4469479	B	T_NK
M09	intra	M02	-0.159610144442315	wang_style_cellcell_intra	3235.94782295542	0.937400850497973	0.937381584356354	True	PASS	-0.159526201495284	0.0005259248860683	0.0	PROJECT_CORRECTED_NATIVE_COEFFICIENT_SERIALIZATION	Inhousedata_T4469479	Inhousedata__UNVERIFIED	Inhousedata__UNVERIFIED	NA	Inhousedata_T4469479	Endothelial	T_NK
M09	intra	M03	-0.671367926127985	wang_style_cellcell_intra	1939.91180077279	0.937400850497973	0.937381584356354	True	PASS	-0.671014837027927	0.0005259248860683	0.0	PROJECT_CORRECTED_NATIVE_COEFFICIENT_SERIALIZATION	Inhousedata_T4469479	Inhousedata__UNVERIFIED	Inhousedata__UNVERIFIED	NA	Inhousedata_T4469479	Epithelial	T_NK
M09	intra	M04	1.14643268130149	wang_style_cellcell_intra	6543.52537087601	0.937400850497973	0.937381584356354	True	PASS	1.14582974382419	0.0005259248860683	0.0	PROJECT_CORRECTED_NATIVE_COEFFICIENT_SERIALIZATION	Inhousedata_T4469479	Inhousedata__UNVERIFIED	Inhousedata__UNVERIFIED	NA	Inhousedata_T4469479	Fibroblast	T_NK
M09	intra	M05	0.767390550250898	wang_style_cellcell_intra	5583.59418204619	0.937400850497973	0.937381584356354	True	PASS	0.766986960463188	0.0005259248860683	0.0	PROJECT_CORRECTED_NATIVE_COEFFICIENT_SERIALIZATION	Inhousedata_T4469479	Inhousedata__UNVERIFIED	Inhousedata__UNVERIFIED	NA	Inhousedata_T4469479	Mast	T_NK
M09	intra	M06	-1.2490124157771	wang_style_cellcell_intra	477.016475303394	0.937400850497973	0.937381584356354	True	PASS	-1.24835552906463	0.0005259248860683	0.0	PROJECT_CORRECTED_NATIVE_COEFFICIENT_SERIALIZATION	Inhousedata_T4469479	Inhousedata__UNVERIFIED	Inhousedata__UNVERIFIED	NA	Inhousedata_T4469479	Mural	T_NK
M09	intra	M07	1.45977456448388	wang_style_cellcell_intra	7337.06947004978	0.937400850497973	0.937381584356354	True	PASS	1.45900683271237	0.0005259248860683	0.0	PROJECT_CORRECTED_NATIVE_COEFFICIENT_SERIALIZATION	Inhousedata_T4469479	Inhousedata__UNVERIFIED	Inhousedata__UNVERIFIED	NA	Inhousedata_T4469479	Myeloid	T_NK
M09	intra	M08	-0.431269631465842	wang_style_cellcell_intra	2547.96516094209	0.937400850497973	0.937381584356354	True	PASS	-0.431042816034048	0.0005259248860683	0.0	PROJECT_CORRECTED_NATIVE_COEFFICIENT_SERIALIZATION	Inhousedata_T4469479	Inhousedata__UNVERIFIED	Inhousedata__UNVERIFIED	NA	Inhousedata_T4469479	Plasma	T_NK
M09	intra	M09	NA	wang_style_cellcell_intra	NA	0.937400850497973	0.937381584356354	True	PASS	NA	0.0005259248860683	0.0	PROJECT_CORRECTED_NATIVE_COEFFICIENT_SERIALIZATION	Inhousedata_T4469479	Inhousedata__UNVERIFIED	Inhousedata__UNVERIFIED	NA	Inhousedata_T4469479	T_NK	T_NK
M01	intra	M01	NA	wang_style_cellcell_intra	NA	0.992880953951529	0.99292072204645	True	PASS	NA	0.177275755607438	0.0	PROJECT_CORRECTED_NATIVE_COEFFICIENT_SERIALIZATION	Inhousedata_T4471438	Inhousedata__UNVERIFIED	Inhousedata__UNVERIFIED	NA	Inhousedata_T4471438	B	B
M01	intra	M02	-1.1408485957395	wang_style_cellcell_intra	24317.7654993982	0.992880953951529	0.99292072204645	True	PASS	-0.938603798896098	0.177275755607438	0.0	PROJECT_CORRECTED_NATIVE_COEFFICIENT_SERIALIZATION	Inhousedata_T4471438	Inhousedata__UNVERIFIED	Inhousedata__UNVERIFIED	NA	Inhousedata_T4471438	Endothelial	B
M01	intra	M03	1.25206129589889	wang_style_cellcell_intra	649317.338072058	0.992880953951529	0.99292072204645	True	PASS	1.03010118360159	0.177275755607438	0.0	PROJECT_CORRECTED_NATIVE_COEFFICIENT_SERIALIZATION	Inhousedata_T4471438	Inhousedata__UNVERIFIED	Inhousedata__UNVERIFIED	NA	Inhousedata_T4471438	Epithelial	B
M01	intra	M04	-0.894975829096392	wang_style_cellcell_intra	88536.8046684768	0.992880953951529	0.99292072204645	True	PASS	-0.736318312742936	0.177275755607438	0.0	PROJECT_CORRECTED_NATIVE_COEFFICIENT_SERIALIZATION	Inhousedata_T4471438	Inhousedata__UNVERIFIED	Inhousedata__UNVERIFIED	NA	Inhousedata_T4471438	Fibroblast	B
M01	intra	M05	1.12339631324022	wang_style_cellcell_intra	615711.576548092	0.992880953951529	0.99292072204645	True	PASS	0.92424538296395	0.177275755607438	0.0	PROJECT_CORRECTED_NATIVE_COEFFICIENT_SERIALIZATION	Inhousedata_T4471438	Inhousedata__UNVERIFIED	Inhousedata__UNVERIFIED	NA	Inhousedata_T4471438	Mast	B
M01	intra	M06	-1.20793779859894	wang_style_cellcell_intra	6794.86450847187	0.992880953951529	0.99292072204645	True	PASS	-0.993799712625527	0.177275755607438	0.0	PROJECT_CORRECTED_NATIVE_COEFFICIENT_SERIALIZATION	Inhousedata_T4471438	Inhousedata__UNVERIFIED	Inhousedata__UNVERIFIED	NA	Inhousedata_T4471438	Mural	B
M01	intra	M07	0.043158033759663	wang_style_cellcell_intra	333566.199778511	0.992880953951529	0.99292072204645	True	PASS	0.0355071607143874	0.177275755607438	0.0	PROJECT_CORRECTED_NATIVE_COEFFICIENT_SERIALIZATION	Inhousedata_T4471438	Inhousedata__UNVERIFIED	Inhousedata__UNVERIFIED	NA	Inhousedata_T4471438	Myeloid	B
M01	intra	M08	0.047610140898487	wang_style_cellcell_intra	334729.037154266	0.992880953951529	0.99292072204645	True	PASS	0.0391700171961311	0.177275755607438	0.0	PROJECT_CORRECTED_NATIVE_COEFFICIENT_SERIALIZATION	Inhousedata_T4471438	Inhousedata__UNVERIFIED	Inhousedata__UNVERIFIED	NA	Inhousedata_T4471438	Plasma	B
M01	intra	M09	0.77753643963757	wang_style_cellcell_intra	525377.095535233	0.992880953951529	0.99292072204645	True	PASS	0.639698079788502	0.177275755607438	0.0	PROJECT_CORRECTED_NATIVE_COEFFICIENT_SERIALIZATION	Inhousedata_T4471438	Inhousedata__UNVERIFIED	Inhousedata__UNVERIFIED	NA	Inhousedata_T4471438	T_NK	B
M02	intra	M01	1.61935465702185	wang_style_cellcell_intra	1032.93288950861	0.786062364579721	0.78558989586799	True	PASS	1.28609368940199	0.205798628592429	0.0	PROJECT_CORRECTED_NATIVE_COEFFICIENT_SERIALIZATION	Inhousedata_T4471438	Inhousedata__UNVERIFIED	Inhousedata__UNVERIFIED	NA	Inhousedata_T4471438	B	Endothelial
M02	intra	M02	NA	wang_style_cellcell_intra	NA	0.786062364579721	0.78558989586799	True	PASS	NA	0.205798628592429	0.0	PROJECT_CORRECTED_NATIVE_COEFFICIENT_SERIALIZATION	Inhousedata_T4471438	Inhousedata__UNVERIFIED	Inhousedata__UNVERIFIED	NA	Inhousedata_T4471438	Endothelial	Endothelial
M02	intra	M03	0.883014892256949	wang_style_cellcell_intra	846.503910451545	0.786062364579721	0.78558989586799	True	PASS	0.701291638403778	0.205798628592429	0.0	PROJECT_CORRECTED_NATIVE_COEFFICIENT_SERIALIZATION	Inhousedata_T4471438	Inhousedata__UNVERIFIED	Inhousedata__UNVERIFIED	NA	Inhousedata_T4471438	Epithelial	Endothelial
M02	intra	M04	-1.55910801204643	wang_style_cellcell_intra	228.199017021649	0.786062364579721	0.78558989586799	True	PASS	-1.23824572133981	0.205798628592429	0.0	PROJECT_CORRECTED_NATIVE_COEFFICIENT_SERIALIZATION	Inhousedata_T4471438	Inhousedata__UNVERIFIED	Inhousedata__UNVERIFIED	NA	Inhousedata_T4471438	Fibroblast	Endothelial
M02	intra	M05	-0.134475377357164	wang_style_cellcell_intra	588.892300646359	0.786062364579721	0.78558989586799	True	PASS	-0.10680052911761	0.205798628592429	0.0	PROJECT_CORRECTED_NATIVE_COEFFICIENT_SERIALIZATION	Inhousedata_T4471438	Inhousedata__UNVERIFIED	Inhousedata__UNVERIFIED	NA	Inhousedata_T4471438	Mast	Endothelial
M02	intra	M06	-0.659382206704171	wang_style_cellcell_intra	455.994623544147	0.786062364579721	0.78558989586799	True	PASS	-0.523682252846203	0.205798628592429	0.0	PROJECT_CORRECTED_NATIVE_COEFFICIENT_SERIALIZATION	Inhousedata_T4471438	Inhousedata__UNVERIFIED	Inhousedata__UNVERIFIED	NA	Inhousedata_T4471438	Mural	Endothelial
M02	intra	M07	-0.736251221996157	wang_style_cellcell_intra	436.532667626851	0.786062364579721	0.78558989586799	True	PASS	-0.584731730209848	0.205798628592429	0.0	PROJECT_CORRECTED_NATIVE_COEFFICIENT_SERIALIZATION	Inhousedata_T4471438	Inhousedata__UNVERIFIED	Inhousedata__UNVERIFIED	NA	Inhousedata_T4471438	Myeloid	Endothelial
M02	intra	M08	0.297175941617349	wang_style_cellcell_intra	698.179233874456	0.786062364579721	0.78558989586799	True	PASS	0.236017540381835	0.205798628592429	0.0	PROJECT_CORRECTED_NATIVE_COEFFICIENT_SERIALIZATION	Inhousedata_T4471438	Inhousedata__UNVERIFIED	Inhousedata__UNVERIFIED	NA	Inhousedata_T4471438	Plasma	Endothelial
M02	intra	M09	0.289671327207772	wang_style_cellcell_intra	696.279190348977	0.786062364579721	0.78558989586799	True	PASS	0.230057365325864	0.205798628592429	0.0	PROJECT_CORRECTED_NATIVE_COEFFICIENT_SERIALIZATION	Inhousedata_T4471438	Inhousedata__UNVERIFIED	Inhousedata__UNVERIFIED	NA	Inhousedata_T4471438	T_NK	Endothelial
M03	intra	M01	0.0543453197043014	wang_style_cellcell_intra	588773.563342287	0.998416183641309	0.998433346098435	True	PASS	0.0541133460908019	0.0042685113412103	0.0	PROJECT_CORRECTED_NATIVE_COEFFICIENT_SERIALIZATION	Inhousedata_T4471438	Inhousedata__UNVERIFIED	Inhousedata__UNVERIFIED	NA	Inhousedata_T4471438	B	Epithelial
M03	intra	M02	-0.915444758458932	wang_style_cellcell_intra	177058.451543917	0.998416183641309	0.998433346098435	True	PASS	-0.911537172125199	0.0042685113412103	0.0	PROJECT_CORRECTED_NATIVE_COEFFICIENT_SERIALIZATION	Inhousedata_T4471438	Inhousedata__UNVERIFIED	Inhousedata__UNVERIFIED	NA	Inhousedata_T4471438	Endothelial	Epithelial
M03	intra	M03	NA	wang_style_cellcell_intra	NA	0.998416183641309	0.998433346098435	True	PASS	NA	0.0042685113412103	0.0	PROJECT_CORRECTED_NATIVE_COEFFICIENT_SERIALIZATION	Inhousedata_T4471438	Inhousedata__UNVERIFIED	Inhousedata__UNVERIFIED	NA	Inhousedata_T4471438	Epithelial	Epithelial
M03	intra	M04	-1.08297627874499	wang_style_cellcell_intra	105934.545290963	0.998416183641309	0.998433346098435	True	PASS	-1.07835358221691	0.0042685113412103	0.0	PROJECT_CORRECTED_NATIVE_COEFFICIENT_SERIALIZATION	Inhousedata_T4471438	Inhousedata__UNVERIFIED	Inhousedata__UNVERIFIED	NA	Inhousedata_T4471438	Fibroblast	Epithelial
M03	intra	M05	1.12733392864375	wang_style_cellcell_intra	1044300.62536851	0.998416183641309	0.998433346098435	True	PASS	1.122521890984	0.0042685113412103	0.0	PROJECT_CORRECTED_NATIVE_COEFFICIENT_SERIALIZATION	Inhousedata_T4471438	Inhousedata__UNVERIFIED	Inhousedata__UNVERIFIED	NA	Inhousedata_T4471438	Mast	Epithelial
M03	intra	M06	-1.29490621150506	wang_style_cellcell_intra	15961.7172280192	0.998416183641309	0.998433346098435	True	PASS	-1.28937888965544	0.0042685113412103	0.0	PROJECT_CORRECTED_NATIVE_COEFFICIENT_SERIALIZATION	Inhousedata_T4471438	Inhousedata__UNVERIFIED	Inhousedata__UNVERIFIED	NA	Inhousedata_T4471438	Mural	Epithelial
M03	intra	M07	0.77616687477187	wang_style_cellcell_intra	895216.00788243	0.998416183641309	0.998433346098435	True	PASS	0.772853797664235	0.0042685113412103	0.0	PROJECT_CORRECTED_NATIVE_COEFFICIENT_SERIALIZATION	Inhousedata_T4471438	Inhousedata__UNVERIFIED	Inhousedata__UNVERIFIED	NA	Inhousedata_T4471438	Myeloid	Epithelial
M03	intra	M08	0.146052897159824	wang_style_cellcell_intra	627707.139128471	0.998416183641309	0.998433346098435	True	PASS	0.14542946871188	0.0042685113412103	0.0	PROJECT_CORRECTED_NATIVE_COEFFICIENT_SERIALIZATION	Inhousedata_T4471438	Inhousedata__UNVERIFIED	Inhousedata__UNVERIFIED	NA	Inhousedata_T4471438	Plasma	Epithelial
M03	intra	M09	1.18942822842923	wang_style_cellcell_intra	1070662.16706075	0.998416183641309	0.998433346098435	True	PASS	1.18435114054663	0.0042685113412103	0.0	PROJECT_CORRECTED_NATIVE_COEFFICIENT_SERIALIZATION	Inhousedata_T4471438	Inhousedata__UNVERIFIED	Inhousedata__UNVERIFIED	NA	Inhousedata_T4471438	T_NK	Epithelial
M04	intra	M01	-0.933481272404323	wang_style_cellcell_intra	38.6346845787936	0.779240350321128	0.776870566856495	True	PASS	-0.869697936376782	0.0683284581202765	0.0	PROJECT_CORRECTED_NATIVE_COEFFICIENT_SERIALIZATION	Inhousedata_T4471438	Inhousedata__UNVERIFIED	Inhousedata__UNVERIFIED	NA	Inhousedata_T4471438	B	Fibroblast
M04	intra	M02	-0.857464466806117	wang_style_cellcell_intra	41.0919210562027	0.779240350321128	0.776870566856495	True	PASS	-0.79887524189633	0.0683284581202765	0.0	PROJECT_CORRECTED_NATIVE_COEFFICIENT_SERIALIZATION	Inhousedata_T4471438	Inhousedata__UNVERIFIED	Inhousedata__UNVERIFIED	NA	Inhousedata_T4471438	Endothelial	Fibroblast
M04	intra	M03	0.0130395306088937	wang_style_cellcell_intra	69.2308853200346	0.779240350321128	0.776870566856495	True	PASS	0.0121485595877758	0.0683284581202765	0.0	PROJECT_CORRECTED_NATIVE_COEFFICIENT_SERIALIZATION	Inhousedata_T4471438	Inhousedata__UNVERIFIED	Inhousedata__UNVERIFIED	NA	Inhousedata_T4471438	Epithelial	Fibroblast
M04	intra	M04	NA	wang_style_cellcell_intra	NA	0.779240350321128	0.776870566856495	True	PASS	NA	0.0683284581202765	0.0	PROJECT_CORRECTED_NATIVE_COEFFICIENT_SERIALIZATION	Inhousedata_T4471438	Inhousedata__UNVERIFIED	Inhousedata__UNVERIFIED	NA	Inhousedata_T4471438	Fibroblast	Fibroblast
M04	intra	M05	0.587096984363467	wang_style_cellcell_intra	87.787241436209	0.779240350321128	0.776870566856495	True	PASS	0.546981552654847	0.0683284581202765	0.0	PROJECT_CORRECTED_NATIVE_COEFFICIENT_SERIALIZATION	Inhousedata_T4471438	Inhousedata__UNVERIFIED	Inhousedata__UNVERIFIED	NA	Inhousedata_T4471438	Mast	Fibroblast
M04	intra	M06	-0.988750844952539	wang_style_cellcell_intra	36.848100563752	0.779240350321128	0.776870566856495	True	PASS	-0.921191024251811	0.0683284581202765	0.0	PROJECT_CORRECTED_NATIVE_COEFFICIENT_SERIALIZATION	Inhousedata_T4471438	Inhousedata__UNVERIFIED	Inhousedata__UNVERIFIED	NA	Inhousedata_T4471438	Mural	Fibroblast
M04	intra	M07	-0.421518377167692	wang_style_cellcell_intra	55.1838396157043	0.779240350321128	0.776870566856495	True	PASS	-0.392716676386462	0.0683284581202765	0.0	PROJECT_CORRECTED_NATIVE_COEFFICIENT_SERIALIZATION	Inhousedata_T4471438	Inhousedata__UNVERIFIED	Inhousedata__UNVERIFIED	NA	Inhousedata_T4471438	Myeloid	Fibroblast
M04	intra	M08	1.80571443342249	wang_style_cellcell_intra	127.178942051233	0.779240350321128	0.776870566856495	True	PASS	1.68233275038121	0.0683284581202765	0.0	PROJECT_CORRECTED_NATIVE_COEFFICIENT_SERIALIZATION	Inhousedata_T4471438	Inhousedata__UNVERIFIED	Inhousedata__UNVERIFIED	NA	Inhousedata_T4471438	Plasma	Fibroblast
M04	intra	M09	0.795364012935818	wang_style_cellcell_intra	94.5194546043674	0.779240350321128	0.776870566856495	True	PASS	0.741018016287558	0.0683284581202765	0.0	PROJECT_CORRECTED_NATIVE_COEFFICIENT_SERIALIZATION	Inhousedata_T4471438	Inhousedata__UNVERIFIED	Inhousedata__UNVERIFIED	NA	Inhousedata_T4471438	T_NK	Fibroblast
M05	intra	M01	-0.208994208439207	wang_style_cellcell_intra	10338.6908396547	0.99552120256021	0.995420385074388	True	PASS	-0.187931627395102	0.100780692447905	0.0	PROJECT_CORRECTED_NATIVE_COEFFICIENT_SERIALIZATION	Inhousedata_T4471438	Inhousedata__UNVERIFIED	Inhousedata__UNVERIFIED	NA	Inhousedata_T4471438	B	Mast
M05	intra	M02	-0.953160559046767	wang_style_cellcell_intra	3718.71617006304	0.99552120256021	0.995420385074388	True	PASS	-0.857100377892001	0.100780692447905	0.0	PROJECT_CORRECTED_NATIVE_COEFFICIENT_SERIALIZATION	Inhousedata_T4471438	Inhousedata__UNVERIFIED	Inhousedata__UNVERIFIED	NA	Inhousedata_T4471438	Endothelial	Mast
M05	intra	M03	1.22463451501724	wang_style_cellcell_intra	23092.0030891702	0.99552120256021	0.995420385074388	True	PASS	1.10121500059819	0.100780692447905	0.0	PROJECT_CORRECTED_NATIVE_COEFFICIENT_SERIALIZATION	Inhousedata_T4471438	Inhousedata__UNVERIFIED	Inhousedata__UNVERIFIED	NA	Inhousedata_T4471438	Epithelial	Mast
M05	intra	M04	-0.963835555611089	wang_style_cellcell_intra	3623.75325377947	0.99552120256021	0.995420385074388	True	PASS	-0.866699540910692	0.100780692447905	0.0	PROJECT_CORRECTED_NATIVE_COEFFICIENT_SERIALIZATION	Inhousedata_T4471438	Inhousedata__UNVERIFIED	Inhousedata__UNVERIFIED	NA	Inhousedata_T4471438	Fibroblast	Mast
M05	intra	M05	NA	wang_style_cellcell_intra	NA	0.99552120256021	0.995420385074388	True	PASS	NA	0.100780692447905	0.0	PROJECT_CORRECTED_NATIVE_COEFFICIENT_SERIALIZATION	Inhousedata_T4471438	Inhousedata__UNVERIFIED	Inhousedata__UNVERIFIED	NA	Inhousedata_T4471438	Mast	Mast
M05	intra	M06	-1.32631382540255	wang_style_cellcell_intra	399.209491033706	0.99552120256021	0.995420385074388	True	PASS	-1.19264699967525	0.100780692447905	0.0	PROJECT_CORRECTED_NATIVE_COEFFICIENT_SERIALIZATION	Inhousedata_T4471438	Inhousedata__UNVERIFIED	Inhousedata__UNVERIFIED	NA	Inhousedata_T4471438	Mural	Mast
M05	intra	M07	0.882161977237688	wang_style_cellcell_intra	20045.4268454575	0.99552120256021	0.995420385074388	True	PASS	0.793257082320461	0.100780692447905	0.0	PROJECT_CORRECTED_NATIVE_COEFFICIENT_SERIALIZATION	Inhousedata_T4471438	Inhousedata__UNVERIFIED	Inhousedata__UNVERIFIED	NA	Inhousedata_T4471438	Myeloid	Mast
M05	intra	M08	0.375614002585195	wang_style_cellcell_intra	15539.2639984077	0.99552120256021	0.995420385074388	True	PASS	0.33775936331153	0.100780692447905	0.0	PROJECT_CORRECTED_NATIVE_COEFFICIENT_SERIALIZATION	Inhousedata_T4471438	Inhousedata__UNVERIFIED	Inhousedata__UNVERIFIED	NA	Inhousedata_T4471438	Plasma	Mast
M05	intra	M09	0.969893653659494	wang_style_cellcell_intra	20825.8726089068	0.99552120256021	0.995420385074388	True	PASS	0.872147099642862	0.100780692447905	0.0	PROJECT_CORRECTED_NATIVE_COEFFICIENT_SERIALIZATION	Inhousedata_T4471438	Inhousedata__UNVERIFIED	Inhousedata__UNVERIFIED	NA	Inhousedata_T4471438	T_NK	Mast
M06	intra	M01	-0.335103286677939	wang_style_cellcell_intra	36.9105311389535	0.559145292266298	0.564137682363154	True	PASS	-0.33510328667743	1.5192299643699599e-12	0.0	PROJECT_CORRECTED_NATIVE_COEFFICIENT_SERIALIZATION	Inhousedata_T4471438	Inhousedata__UNVERIFIED	Inhousedata__UNVERIFIED	NA	Inhousedata_T4471438	B	Mural
M06	intra	M02	1.75968210614439	wang_style_cellcell_intra	68.4679438622039	0.559145292266298	0.564137682363154	True	PASS	1.75968210614172	1.5192299643699599e-12	0.0	PROJECT_CORRECTED_NATIVE_COEFFICIENT_SERIALIZATION	Inhousedata_T4471438	Inhousedata__UNVERIFIED	Inhousedata__UNVERIFIED	NA	Inhousedata_T4471438	Endothelial	Mural
M06	intra	M03	-0.58980615890303	wang_style_cellcell_intra	33.0734967161694	0.559145292266298	0.564137682363154	True	PASS	-0.589806158902134	1.5192299643699599e-12	0.0	PROJECT_CORRECTED_NATIVE_COEFFICIENT_SERIALIZATION	Inhousedata_T4471438	Inhousedata__UNVERIFIED	Inhousedata__UNVERIFIED	NA	Inhousedata_T4471438	Epithelial	Mural
M06	intra	M04	0.585344663452839	wang_style_cellcell_intra	50.7768469687633	0.559145292266298	0.564137682363154	True	PASS	0.58534466345195	1.5192299643699599e-12	0.0	PROJECT_CORRECTED_NATIVE_COEFFICIENT_SERIALIZATION	Inhousedata_T4471438	Inhousedata__UNVERIFIED	Inhousedata__UNVERIFIED	NA	Inhousedata_T4471438	Fibroblast	Mural
M06	intra	M05	-0.875115570944475	wang_style_cellcell_intra	28.7753825033865	0.559145292266298	0.564137682363154	True	PASS	-0.875115570943146	1.5192299643699599e-12	0.0	PROJECT_CORRECTED_NATIVE_COEFFICIENT_SERIALIZATION	Inhousedata_T4471438	Inhousedata__UNVERIFIED	Inhousedata__UNVERIFIED	NA	Inhousedata_T4471438	Mast	Mural
M06	intra	M06	NA	wang_style_cellcell_intra	NA	0.559145292266298	0.564137682363154	True	PASS	NA	1.5192299643699599e-12	0.0	PROJECT_CORRECTED_NATIVE_COEFFICIENT_SERIALIZATION	Inhousedata_T4471438	Inhousedata__UNVERIFIED	Inhousedata__UNVERIFIED	NA	Inhousedata_T4471438	Mural	Mural
M06	intra	M07	1.00784550119907	wang_style_cellcell_intra	57.1417153502032	0.559145292266298	0.564137682363154	True	PASS	1.00784550119754	1.5192299643699599e-12	0.0	PROJECT_CORRECTED_NATIVE_COEFFICIENT_SERIALIZATION	Inhousedata_T4471438	Inhousedata__UNVERIFIED	Inhousedata__UNVERIFIED	NA	Inhousedata_T4471438	Myeloid	Mural
M06	intra	M08	-1.01462299543356	wang_style_cellcell_intra	26.6737383981503	0.559145292266298	0.564137682363154	True	PASS	-1.01462299543202	1.5192299643699599e-12	0.0	PROJECT_CORRECTED_NATIVE_COEFFICIENT_SERIALIZATION	Inhousedata_T4471438	Inhousedata__UNVERIFIED	Inhousedata__UNVERIFIED	NA	Inhousedata_T4471438	Plasma	Mural
M06	intra	M09	-0.538224258837293	wang_style_cellcell_intra	33.85056500918	0.559145292266298	0.564137682363154	True	PASS	-0.538224258836475	1.5192299643699599e-12	0.0	PROJECT_CORRECTED_NATIVE_COEFFICIENT_SERIALIZATION	Inhousedata_T4471438	Inhousedata__UNVERIFIED	Inhousedata__UNVERIFIED	NA	Inhousedata_T4471438	T_NK	Mural
M07	intra	M01	-0.190955394706271	wang_style_cellcell_intra	72913.414841902	0.995063530544474	0.994944267365221	True	PASS	-0.154273816378027	0.192095009332771	0.0	PROJECT_CORRECTED_NATIVE_COEFFICIENT_SERIALIZATION	Inhousedata_T4471438	Inhousedata__UNVERIFIED	Inhousedata__UNVERIFIED	NA	Inhousedata_T4471438	B	Myeloid
M07	intra	M02	-1.09447162211264	wang_style_cellcell_intra	13083.5998854657	0.995063530544474	0.994944267365221	True	PASS	-0.884229085648461	0.192095009332771	0.0	PROJECT_CORRECTED_NATIVE_COEFFICIENT_SERIALIZATION	Inhousedata_T4471438	Inhousedata__UNVERIFIED	Inhousedata__UNVERIFIED	NA	Inhousedata_T4471438	Endothelial	Myeloid
M07	intra	M03	0.988286380672037	wang_style_cellcell_intra	151001.461375737	0.995063530544474	0.994944267365221	True	PASS	0.798441499153391	0.192095009332771	0.0	PROJECT_CORRECTED_NATIVE_COEFFICIENT_SERIALIZATION	Inhousedata_T4471438	Inhousedata__UNVERIFIED	Inhousedata__UNVERIFIED	NA	Inhousedata_T4471438	Epithelial	Myeloid
M07	intra	M04	-1.00567849819346	wang_style_cellcell_intra	18963.379365175	0.995063530544474	0.994944267365221	True	PASS	-0.812492677697223	0.192095009332771	0.0	PROJECT_CORRECTED_NATIVE_COEFFICIENT_SERIALIZATION	Inhousedata_T4471438	Inhousedata__UNVERIFIED	Inhousedata__UNVERIFIED	NA	Inhousedata_T4471438	Fibroblast	Myeloid
M07	intra	M05	1.077785949766	wang_style_cellcell_intra	156928.020849875	0.995063530544474	0.994944267365221	True	PASS	0.870748647686968	0.192095009332771	0.0	PROJECT_CORRECTED_NATIVE_COEFFICIENT_SERIALIZATION	Inhousedata_T4471438	Inhousedata__UNVERIFIED	Inhousedata__UNVERIFIED	NA	Inhousedata_T4471438	Mast	Myeloid
M07	intra	M06	-1.22380007361328	wang_style_cellcell_intra	4519.61720626425	0.995063530544474	0.994944267365221	True	PASS	-0.98871418705109	0.192095009332771	0.0	PROJECT_CORRECTED_NATIVE_COEFFICIENT_SERIALIZATION	Inhousedata_T4471438	Inhousedata__UNVERIFIED	Inhousedata__UNVERIFIED	NA	Inhousedata_T4471438	Mural	Myeloid
M07	intra	M07	NA	wang_style_cellcell_intra	NA	0.995063530544474	0.994944267365221	True	PASS	NA	0.192095009332771	0.0	PROJECT_CORRECTED_NATIVE_COEFFICIENT_SERIALIZATION	Inhousedata_T4471438	Inhousedata__UNVERIFIED	Inhousedata__UNVERIFIED	NA	Inhousedata_T4471438	Myeloid	Myeloid
M07	intra	M08	0.539078269642694	wang_style_cellcell_intra	121255.412168667	0.995063530544474	0.994944267365221	True	PASS	0.435524024404587	0.192095009332771	0.0	PROJECT_CORRECTED_NATIVE_COEFFICIENT_SERIALIZATION	Inhousedata_T4471438	Inhousedata__UNVERIFIED	Inhousedata__UNVERIFIED	NA	Inhousedata_T4471438	Plasma	Myeloid
M07	intra	M09	0.909754988544927	wang_style_cellcell_intra	145801.202081309	0.995063530544474	0.994944267365221	True	PASS	0.734995595529854	0.192095009332771	0.0	PROJECT_CORRECTED_NATIVE_COEFFICIENT_SERIALIZATION	Inhousedata_T4471438	Inhousedata__UNVERIFIED	Inhousedata__UNVERIFIED	NA	Inhousedata_T4471438	T_NK	Myeloid
M08	intra	M01	-0.335542850858104	wang_style_cellcell_intra	11186.1639094586	0.987527277313384	0.987104959932554	True	PASS	-0.133581986262214	0.601892914956773	0.0	PROJECT_CORRECTED_NATIVE_COEFFICIENT_SERIALIZATION	Inhousedata_T4471438	Inhousedata__UNVERIFIED	Inhousedata__UNVERIFIED	NA	Inhousedata_T4471438	B	Plasma
M08	intra	M02	-1.04045435952427	wang_style_cellcell_intra	2406.55682221131	0.987527277313384	0.987104959932554	True	PASS	-0.414212252190725	0.601892914956773	0.0	PROJECT_CORRECTED_NATIVE_COEFFICIENT_SERIALIZATION	Inhousedata_T4471438	Inhousedata__UNVERIFIED	Inhousedata__UNVERIFIED	NA	Inhousedata_T4471438	Endothelial	Plasma
M08	intra	M03	0.802080321036664	wang_style_cellcell_intra	25355.1543994608	0.987527277313384	0.987104959932554	True	PASS	0.319313858578442	0.601892914956773	0.0	PROJECT_CORRECTED_NATIVE_COEFFICIENT_SERIALIZATION	Inhousedata_T4471438	Inhousedata__UNVERIFIED	Inhousedata__UNVERIFIED	NA	Inhousedata_T4471438	Epithelial	Plasma
M08	intra	M04	-0.93526623722086	wang_style_cellcell_intra	3716.66507369485	0.987527277313384	0.987104959932554	True	PASS	-0.372336115439344	0.601892914956773	0.0	PROJECT_CORRECTED_NATIVE_COEFFICIENT_SERIALIZATION	Inhousedata_T4471438	Inhousedata__UNVERIFIED	Inhousedata__UNVERIFIED	NA	Inhousedata_T4471438	Fibroblast	Plasma
M08	intra	M05	0.839591202648866	wang_style_cellcell_intra	25822.3489309766	0.987527277313384	0.987104959932554	True	PASS	0.334247206314477	0.601892914956773	0.0	PROJECT_CORRECTED_NATIVE_COEFFICIENT_SERIALIZATION	Inhousedata_T4471438	Inhousedata__UNVERIFIED	Inhousedata__UNVERIFIED	NA	Inhousedata_T4471438	Mast	Plasma
M08	intra	M06	-1.17099192461853	wang_style_cellcell_intra	780.723625329398	0.987527277313384	0.987104959932554	True	PASS	-0.466180181719041	0.601892914956773	0.0	PROJECT_CORRECTED_NATIVE_COEFFICIENT_SERIALIZATION	Inhousedata_T4471438	Inhousedata__UNVERIFIED	Inhousedata__UNVERIFIED	NA	Inhousedata_T4471438	Mural	Plasma
M08	intra	M07	1.42862253433995	wang_style_cellcell_intra	33158.679223145	0.987527277313384	0.987104959932554	True	PASS	0.568744752773146	0.601892914956773	0.0	PROJECT_CORRECTED_NATIVE_COEFFICIENT_SERIALIZATION	Inhousedata_T4471438	Inhousedata__UNVERIFIED	Inhousedata__UNVERIFIED	NA	Inhousedata_T4471438	Myeloid	Plasma
M08	intra	M08	NA	wang_style_cellcell_intra	NA	0.987527277313384	0.987104959932554	True	PASS	NA	0.601892914956773	0.0	PROJECT_CORRECTED_NATIVE_COEFFICIENT_SERIALIZATION	Inhousedata_T4471438	Inhousedata__UNVERIFIED	Inhousedata__UNVERIFIED	NA	Inhousedata_T4471438	Plasma	Plasma
M08	intra	M09	0.411961314196282	wang_style_cellcell_intra	20496.2585590359	0.987527277313384	0.987104959932554	True	PASS	0.164004717945259	0.601892914956773	0.0	PROJECT_CORRECTED_NATIVE_COEFFICIENT_SERIALIZATION	Inhousedata_T4471438	Inhousedata__UNVERIFIED	Inhousedata__UNVERIFIED	NA	Inhousedata_T4471438	T_NK	Plasma
M09	intra	M01	0.158182517467371	wang_style_cellcell_intra	157035.886585949	0.997607129669936	0.997557417240041	True	PASS	0.132533181067887	0.162150260408992	0.0	PROJECT_CORRECTED_NATIVE_COEFFICIENT_SERIALIZATION	Inhousedata_T4471438	Inhousedata__UNVERIFIED	Inhousedata__UNVERIFIED	NA	Inhousedata_T4471438	B	T_NK
M09	intra	M02	-1.0124162313631	wang_style_cellcell_intra	21306.6668349039	0.997607129669936	0.997557417240041	True	PASS	-0.848252675805284	0.162150260408992	0.0	PROJECT_CORRECTED_NATIVE_COEFFICIENT_SERIALIZATION	Inhousedata_T4471438	Inhousedata__UNVERIFIED	Inhousedata__UNVERIFIED	NA	Inhousedata_T4471438	Endothelial	T_NK
M09	intra	M03	1.01676168028341	wang_style_cellcell_intra	256586.88984813	0.997607129669936	0.997557417240041	True	PASS	0.851893509051574	0.162150260408992	0.0	PROJECT_CORRECTED_NATIVE_COEFFICIENT_SERIALIZATION	Inhousedata_T4471438	Inhousedata__UNVERIFIED	Inhousedata__UNVERIFIED	NA	Inhousedata_T4471438	Epithelial	T_NK
M09	intra	M04	-0.926142330167948	wang_style_cellcell_intra	31310.0000058953	0.997607129669936	0.997557417240041	True	PASS	-0.775968110155425	0.162150260408992	0.0	PROJECT_CORRECTED_NATIVE_COEFFICIENT_SERIALIZATION	Inhousedata_T4471438	Inhousedata__UNVERIFIED	Inhousedata__UNVERIFIED	NA	Inhousedata_T4471438	Fibroblast	T_NK
M09	intra	M05	1.12758583650998	wang_style_cellcell_intra	269436.789328398	0.997607129669936	0.997557417240041	True	PASS	0.944747499486395	0.162150260408992	0.0	PROJECT_CORRECTED_NATIVE_COEFFICIENT_SERIALIZATION	Inhousedata_T4471438	Inhousedata__UNVERIFIED	Inhousedata__UNVERIFIED	NA	Inhousedata_T4471438	Mast	T_NK
M09	intra	M06	-1.14169789823979	wang_style_cellcell_intra	6316.64588125213	0.997607129669936	0.997557417240041	True	PASS	-0.956571286731808	0.162150260408992	0.0	PROJECT_CORRECTED_NATIVE_COEFFICIENT_SERIALIZATION	Inhousedata_T4471438	Inhousedata__UNVERIFIED	Inhousedata__UNVERIFIED	NA	Inhousedata_T4471438	Mural	T_NK
M09	intra	M07	1.15733397648231	wang_style_cellcell_intra	272886.042824973	0.997607129669936	0.997557417240041	True	PASS	0.969671970815529	0.162150260408992	0.0	PROJECT_CORRECTED_NATIVE_COEFFICIENT_SERIALIZATION	Inhousedata_T4471438	Inhousedata__UNVERIFIED	Inhousedata__UNVERIFIED	NA	Inhousedata_T4471438	Myeloid	T_NK
M09	intra	M08	-0.379607550972236	wang_style_cellcell_intra	94679.9115329294	0.997607129669936	0.997557417240041	True	PASS	-0.318054087728868	0.162150260408992	0.0	PROJECT_CORRECTED_NATIVE_COEFFICIENT_SERIALIZATION	Inhousedata_T4471438	Inhousedata__UNVERIFIED	Inhousedata__UNVERIFIED	NA	Inhousedata_T4471438	Plasma	T_NK
M09	intra	M09	NA	wang_style_cellcell_intra	NA	0.997607129669936	0.997557417240041	True	PASS	NA	0.162150260408992	0.0	PROJECT_CORRECTED_NATIVE_COEFFICIENT_SERIALIZATION	Inhousedata_T4471438	Inhousedata__UNVERIFIED	Inhousedata__UNVERIFIED	NA	Inhousedata_T4471438	T_NK	T_NK
