index	observed	oob_prediction
1	0.0360820304	0.0269123621336046
2	0.8045587465	0.797638527461626
3	1.0413528198	0.992698382514537
4	0.084650568	0.113664621694542
5	1.2052604533	0.867668675741889
6	0.0078707505	0.011366894169
7	0.121707109	0.182589199850632
8	0.3067004373	0.207486756779722
9	0.243253264	0.205836715796202
10	0.950189518	0.924712193731667
11	0.027973905	0.070375603580101
12	0.2455327087	0.296977232378153
13	0.077910449	0.0552030921313979
14	0.142390221	0.111334448635042
15	0.0082751843	0.0169953921799099
16	0.746241048	0.841266146523131
17	0.023978576	0.0338147699007207
18	0.087204117	0.135791899089032
19	1.034735178	1.01434713268736
20	0.08219102	0.412584024424462
21	0.063195193	0.0998131816052315
22	0.09348468	0.221476075166171
23	0.033052337	0.0978975129198572
24	0.577013075	0.392996485657928
25	0.0071438744	0.0113243002769919
26	1.0499521747	0.890238016507222
27	0.051129373	0.0241588913302652
28	0.0516099908	0.0730453044644716
29	0.0696772757	0.160997540743563
30	0.031769945	0.06255247360875
31	0.45442776	0.202303187287833
32	0.080493811	0.08726543537725
33	0.043916831	0.0467958981670556
34	0.671758396	0.663753635495447
35	0.034197816	0.0547938954912613
36	0.123529194	0.08453989894
37	0.070657668	0.0728427176535834
38	0.0126664295	0.0187816921229386
39	0.019587561	0.0585543618304023
40	0.0121811837	0.0138877323836905
41	0.117710229	0.0761668080012281
42	0.207778288	0.228798688695417
43	0.039001732	0.0468669393124731
44	0.206457058	0.234023434187008
45	0.41137767	0.277928430034605
46	0.023936467	0.0265691795223148
47	0.027608377	0.047096135923374
48	0.076323677	0.236129312045573
49	0.116238702	0.181191233733026
50	1.111412267	1.17797867127887
51	0.197532922	0.207489642582412
52	0.127135572	0.0972044240897807
53	0.073802064	0.112683774561422
54	0.24205179	0.200356135131496
55	0.111877842	0.182343834489
56	1.243463988	1.05615568831955
57	0.069941633	0.236684856305122
58	0.03904627	0.075859605967807
59	0.260500593	0.161427976176574
60	0.338493834	0.553564948395312
61	1.3488479386	1.3100358419042
62	0.144638569	0.107457917531364
63	0.9037961	1.04186426735305
64	0.16614292	0.179350264829425
65	0.024091159	0.0192116459746667
66	0.148315856	0.126585733258875
67	0.11648236	0.159501811258548
68	0.80515346	0.438770158401545
69	0.53111646	0.650828710328637
70	0.1360540058	0.21563308198563
71	0.0167069905	0.0377544191106306
72	0.207551834	0.0816881052109756
73	0.0141494387	0.12035927928982
74	0.050122942	0.109121127359054
75	0.201628014	0.182241684979798
76	1.677324513	1.0679605461547
77	1.26561309	1.15150949804532
78	0.173603178	0.207434993685429
79	0.264286833	0.367158466716083
80	0.850250016	1.09484423653412
81	0.21739729	0.261634152142281
82	0.122003846	0.255751771982361
83	0.017732958	0.0463010941004167
84	0.163563508	0.07848676960125
85	0.197158214	0.158722296043011
86	0.21667581	0.1378559781
87	0.8735590313	0.96310207154319
88	0.822190838	0.928988236305166
89	0.4754372795	0.658949924969773
90	0.0155232507	0.0297402619598387
91	0.26710255	0.170693044024674
92	0.344022307	0.124642213296583
93	0.032667111	0.249773983795185
94	0.141067952	0.36458665352
95	0.03354987	0.279604030895526
96	0.053849398	0.116400961741389
97	0.0100162148	0.0135140719284314
98	0.059364027	0.136504200160476
99	0.0335058624	0.266397467286278
100	0.1814415628	0.338160251652598
101	0.3643571	0.147678173875857
102	0.0406231835	0.0679084064565351
103	0.0256952035	0.017278680848
104	0.293367167	0.158892731473472
105	0.0248263903	0.11792196146
106	0.793627838	0.572400645214559
107	0.656558981	0.427102409592103
108	0.0788172435	0.152932640947889
109	0.1627445066	0.0874968788085714
110	0.2067427853	0.29643299645473
111	0.20359636	0.0606880718741667
112	0.228506416	0.297445531523018
113	0.0277764955	0.034100849069951
114	0.0258815	0.0208964057845635
115	0.287732496	0.445622606836581
116	0.127175107	0.117367703845417
117	0.1549341814	0.182184621787323
118	0.8782517297	1.05139403692269
119	0.1739413107	0.348517082293597
120	0.217184734	0.232112130474144
121	0.139453531	0.444723010370194
122	0.042173259	0.0255779884502593
123	0.089398845	0.120854259550958
124	0.04163124	0.0431898395631395
125	0.45116921	0.276216180218537
126	0.490689057	0.357627946189965
127	0.065592722	0.114999683754167
128	0.131512532	0.195005119092
129	0.066121361	0.0661969603010764
130	0.048457794	0.235085937059144
131	0.1718781263	0.0573229523530702
132	0.2665945111	0.434201649172639
133	0.053540617	0.0820724073282184
134	0.0140578756	0.0209646738846581
135	0.125607821	0.151579479683913
136	0.599950745	0.522490587148376
137	0.046812205	0.142467334634461
138	0.087033165	0.147074236443243
139	0.023324637	0.205302290798413
140	0.0323854475	0.156807051180451
141	0.13061985	0.0743741568914352
142	1.289678144	1.16106561960585
143	0.0290941637	0.0820944688883712
144	0.021795098	0.0248723352928646
145	0.0375116114	0.113829019815385
146	0.62757429	0.290796633494798
147	0.5186600008	0.456436107314878
148	0.3182036573	0.310574705511783
149	0.441496359	0.243434268542184
150	0.11117787	0.295472905048485
151	0.004448441	0.0129058058620833
152	0.240055221	0.245093232739861
153	0.833064949	1.03519296359939
154	0.0056669098	0.0169341507428161
155	0.464452937	0.209552739058281
156	0.02026633	0.0330359991509259
157	0.24871639	0.10485904227057
158	0.0792158226	0.149461480771616
159	0.269941795	0.151191170550905
160	0.111596987	0.106487058016032
161	0.054371791	0.18897672352491
162	0.198992463	0.223904609430897
163	0.143747215	0.180582776665122
164	0.20556074	0.201557030668049
165	0.0133261316	0.0171286780565278
166	0.35159684	0.164321381126453
167	0.156598829	0.257527134571278
168	0.245008206	0.398956161188617
169	0.027173651	0.0506080930822222
170	0.377866735	0.709672162452388
171	0.166566485	0.175501694877121
172	0.5772927117	0.399698092674405
173	0.34006919	0.359572997059496
174	0.1582809	0.222507066196842
175	0.062490311	0.274441076897833
176	0.244958397	0.378072935349429
177	0.0386872795	0.092544740499899
178	0.0414693963	0.148393662372564
179	0.032957792	0.0941957275363596
180	0.016126347	0.0384059133554167
181	0.0803027265	0.0767611029620175
182	0.150194714	0.249929496593194
183	0.412873884	0.352268771651111
184	0.4049227818	0.562450980837895
185	0.031723036	0.0389999374425203
186	0.0764031494	0.569820963956545
187	0.557564597	0.450921901482043
188	0.1889885945	0.317179120201413
189	0.0191379745	0.175289162322315
190	0.107557383	0.109898582571216
191	0.798497596	0.967086699225098
192	0.155912332	0.169565336966714
193	0.72270322	0.90813191805973
194	0.113660102	0.234044332092059
195	0.2515629197	0.183969876604487
196	0.26371605	0.206189973778718
197	0.036553365	0.0497120942416667
198	0.023039825	0.0469458954918803
199	1.024379477	0.758252703642055
200	0.0094901272	0.0119546685236937
201	0.106553047	0.182458277372929
202	0.1199636505	0.0736539997555674
203	0.113696671	0.0674466145034896
204	0.021042946	0.0257720683495238
205	0.0113861813	0.0173807163998039
206	0.85241592	0.813063512590746
207	0.299501063	0.279647386726865
208	0.356914576	0.180779175940833
209	0.028271748	0.0623373592904762
210	0.02801336	0.0590025352940217
211	0.69658906	0.397804727669167
212	0.241708497	0.295582678149107
213	0.037617632	0.343513075533333
214	0.175838603	0.270691472799958
215	0.052750682	0.0877620577739352
216	0.165234342	0.221947254384706
217	0.209252566	0.180690024905238
218	0.038376738	0.0668037906387917
219	0.055450039	0.0642118396612393
220	0.135045387	0.252006146513821
221	0.041456856	0.115567061934167
222	0.0136529996	0.0151756140085238
223	0.075924068	0.08724156941125
224	0.736559615	0.667483918100953
225	0.112554971	0.193761557416491
226	0.1239493405	0.255178816551228
227	0.036400365	0.116926197096838
228	0.395401301	0.309881415747659
229	0.2900486364	0.325332296106566
230	0.0140742152	0.018554551296844
231	0.174311798	0.228937656771111
232	0.019855467	0.0571507471368627
233	1.110430117	1.13070566162488
234	0.35014485	0.315025753347879
235	0.297820092	0.344940806505054
236	0.038352473	0.0398466826921875
237	0.037469975	0.100707637012692
238	0.014717171	0.032934220779009
239	0.278176526	0.227090444514211
240	1.170338591	1.16993872700637
241	0.398540263	0.521496935903514
242	0.474073346	0.398608264997778
243	0.357125058	0.284985362696814
244	0.022305579	0.036935973721748
245	0.023754204	0.0456829209703334
246	0.149656726	0.233653122008102
247	1.157872097	0.900080363411259
248	0.334322245	0.207813630531368
249	0.0059249087	0.0530828214368333
250	0.041122652	0.0500230974606771
251	0.128116704	0.100792135855598
252	0.032973224	0.026887023183172
253	0.050441649	0.0511424812127604
254	0.112009839	0.20977585230822
255	0.081074946	0.113219387872713
256	0.035368343	0.0289236065361275
257	0.042552719	0.0659520234151282
258	0.028661571	0.0212926519129398
259	0.104008414	0.0723451431538426
260	0.194648316	0.210916472319222
261	0.0313679185	0.126201762577807
262	0.1214290665	0.241506080137111
263	0.486063969	0.402858051591619
264	0.11585396	0.0978536475905263
265	0.8480924216	1.04145017751802
266	0.095081277	0.0648956174254762
267	0.205526586	0.249830506025049
268	0.024556858	0.0393421921333761
269	0.0080062467	0.0758714569840909
270	0.210102952	0.152869752405641
271	0.47880616	0.33497503427
272	0.148435688	0.169193961920938
273	0.14004243	0.207479158528722
274	0.032756317	0.124345138911494
275	0.164810902	0.089490833839899
276	0.10149231	0.255519737751563
277	0.0123931226	0.0535380575187143
278	0.98200733	0.976697113095886
279	0.2552804585	0.283292590654381
280	0.23674575	0.119362762026009
281	0.11759627	0.0706878155775225
282	0.120075897	0.118798910674275
283	0.100602336	0.182392431018889
284	0.028847482	0.0297264392613441
285	0.097470244	0.222774342222634
286	0.09868798	0.235066043961429
287	0.3322411805	0.474711739833143
288	0.109634427	0.247147962963714
289	0.048758188	0.0701267787847619
290	0.703492598	0.616262093884167
291	0.0178822675	0.0815670454965278
292	0.137307623	0.256146177581197
293	0.0891746013	0.265878532266212
294	0.0089901723	0.0158594427756548
295	0.15681912	0.216528746549524
296	0.1094250807	0.16401932422594
297	0.022368646	0.075726902774086
298	0.044703402	0.107232202937273
299	0.011190799	0.0619873132264957
300	0.665379206	0.1794230114425
301	0.9719394937	1.12282277225271
302	0.4370610718	0.35194838836
303	0.38388789	0.497331503587287
304	0.031867061	0.0215456700520556
305	0.405948655	0.216313132849375
306	0.761125295	0.760055955678583
307	0.1002880335	0.288957301770238
308	0.080361612	0.0916109640434523
309	0.171111297	0.31000014819575
310	0.1818196446	0.222135658422928
311	0.0102375595	0.0284522483471296
312	0.98023775	1.14752620597012
313	0.40603578	0.397606917864095
314	0.023090037	0.037848184647265
315	1.176544259	0.786797155753796
316	0.028839022	0.0318132050929365
317	0.15889723	0.259124294631162
318	0.168146049	0.2700720626275
319	0.0132131777	0.0198934103886905
320	0.080755421	0.271580922581061
321	0.020782288	0.0827195606844231
322	0.011532686	0.0454606081030682
323	0.770097228	0.407242419749333
324	0.27694809	0.554931309563656
325	0.2667495741	0.264413774461397
326	0.171769968	0.201942700699949
327	0.1299797583	0.211137608656744
328	0.0046457532	0.0103889734517188
329	0.047628147	0.0305384769497518
330	0.225675906	0.181283457416167
331	0.220035866	0.206395982621154
332	0.0260919847	0.071573885370463
333	0.2389650925	0.216455970791333
334	0.130017933	0.063856275141375
335	0.0083774413	0.0328328974080631
336	0.098011422	0.136257717132719
337	0.146737352	0.214495719426183
338	0.3327561535	0.186517400911762
339	0.399731952	0.134144786080991
340	0.0246989646	0.119045203648846
341	0.032207896	0.0821364346521212
342	0.040460101	0.0724464637556536
343	0.0121157128	0.0546812146267064
344	0.3854565553	0.35868171039457
345	0.0523282974	0.11025240588175
346	0.3285887143	0.291131865963108
347	0.13143251	0.116810279170132
348	0.027547571	0.0378116001099099
349	0.0713439203	0.198032610954706
350	0.0283487625	0.0313064823334615
351	0.012785032	0.0110733258540833
352	0.0257288546	0.0655931614759722
353	0.3017001203	0.351636521850435
354	0.0080239369	0.0192519072459314
355	0.075082808	0.0436095634493981
356	0.952936251	0.90808630604847
357	0.0172681264	0.0331753724436905
358	0.082388253	0.104023711363657
359	0.3118134805	0.197276051625991
360	0.015792915	0.0239585291740541
361	0.3262242605	0.230840682994952
362	0.223561169	0.159554615714333
363	0.104280445	0.138368150424188
364	0.0924880015	0.114637651503796
365	0.2639758974	0.23478436292329
366	0.022441087	0.0570086476942157
367	0.466060063	0.394749187568718
368	0.350783816	0.253538776742763
369	0.064036193	0.106192819286099
370	0.144664644	0.121084253683714
371	0.1896318945	0.116604981171875
372	0.009860863	0.024355709265171
373	0.9368363423	1.150368271723
374	0.046305986	0.0731116878265833
375	0.135035856	0.0856242206313248
376	0.155726215	0.218380637688191
377	0.921513361	0.627830145429464
378	0.0202252735	0.0524609941399537
379	0.474749475	0.288319956625781
380	0.1948491975	0.23422823929081
381	0.121764804	0.115945161566581
382	0.026331671	0.0549462122024324
383	0.029676363	0.0320466063027778
384	0.3539384308	0.198826093659369
385	0.126462232	0.125379686178083
386	0.3130198416	0.391327033448429
387	0.022788778	0.0491888457110965
388	0.023903964	0.0815363621125725
389	0.040490834	0.0205924347173256
390	0.6354114065	0.598356595209386
391	0.012305337	0.0166140765240952
392	0.139969094	0.175547138604583
393	0.107961392	0.208925848250482
394	0.56544195	0.547301045004951
395	0.012953771	0.0209727473553947
396	0.070000155	0.152926329462094
397	0.2189676327	0.143832736059007
398	0.112434068	0.251752109165593
399	0.259910325	0.186933754961065
400	0.7605173874	0.946074824953728
401	0.098078236	0.157839149542556
402	0.035714691	0.0479051318821605
403	0.3111394513	0.206452481023514
404	1.030077913	1.11040355820028
405	0.040036753	0.277067854886463
406	0.3974028994	0.207872937245161
407	0.0962292066	0.164280922227982
408	0.059541124	0.04831910218
409	0.4656723	0.294116193909524
410	0.1148700204	0.0838998965736842
411	0.109305663	0.0728310574227083
412	0.020070599	0.0463654200612121
413	0.0479968185	0.0485746443815238
414	0.016682942	0.135928381222222
415	0.093408167	0.110148123737056
416	0.875150143	0.7675549776945
417	0.26430259	0.276906035043556
418	0.20951979	0.0592965145410715
419	0.245888897	0.206244225812685
420	0.126118347	0.0793639174532258
421	0.3292733753	0.220888187161539
422	0.0061729932	0.0110576088046296
423	0.0111992545	0.0327975229818018
424	0.0178654025	0.0127779081988636
425	0.034205311	0.15929311424186
426	0.123961976	0.281719245442333
427	0.0119773773	0.0216292109467754
428	0.009108738	0.01779683473625
429	0.3016933843	0.267402931220631
430	0.2219234	0.08237138384
431	0.770739844	0.521708585133171
432	0.194791338	0.182789281665676
433	0.019717655	0.0954038728230263
434	0.202624507	0.204241602602018
435	0.017926285	0.0557458146669271
436	0.6108804805	0.231325838599314
437	0.032479552	0.0700900998857843
438	0.0252274204	0.11457340810412
439	0.243838714	0.130536162065116
440	0.375203245	0.166335029321282
441	0.016790204	0.0117052234176126
442	0.020115365	0.174000221466162
443	0.027089581	0.0895497872480953
444	0.2216900965	0.193653143418333
445	0.177494691	0.062539142312625
446	0.0106281094	0.0180652127960746
447	0.015420073	0.0278465628933871
448	0.021049572	0.0450675191938726
449	0.027459562	0.0904068958449425
450	0.0812769987	0.226483604334186
451	0.2529266484	0.240596714412626
452	0.220670381	0.121515388219355
453	0.017917553	0.0152255542839352
454	0.082900002	0.0464717451081481
455	0.532481388	0.367967062201333
456	0.031411456	0.0562342343397561
457	0.038800345	0.0332327060931373
458	0.072873886	0.201439642805
459	0.090934984	0.286150607905708
460	0.053103902	0.0302201340491667
461	0.5434140654	0.500148461914314
462	0.071915658	0.174348116426806
463	0.1430795933	0.200317799819553
464	0.896098464	0.9861625949125
465	0.145462824	0.139679971872278
466	0.021926809	0.0627575987939259
467	0.2057436295	0.324432664315312
468	0.245011143	0.233492507143095
469	0.217101196	0.241601370100278
470	0.498018703	0.371557546795333
471	0.1920202527	0.197223472944333
472	0.0202342406	0.0398164400854924
473	1.353367797	1.21566804980429
474	0.277533	0.42786286151925
475	0.255807153	0.315593902239722
476	0.414321352	0.533404455979861
477	0.103297824	0.134016411143932
478	0.184735002	0.177551124811207
479	0.100078774	0.110288982378429
480	0.386168421	0.279215644157396
481	0.281151662	0.18022937764875
482	0.0161570335	0.074933240296982
483	0.0143241738	0.0185427310795455
484	0.26628074	0.188423515776157
485	0.0620340832	0.572440393865132
486	0.072157843	0.0549088838633333
487	0.065196497	0.0717094255505556
488	0.024710985	0.0242495892316667
489	0.058806228	0.0564301157745455
490	0.037126349	0.0285892039960648
491	0.15562831	0.136334739330938
492	0.205710747	0.167970741027117
493	0.284662894	0.176463895625736
494	0.102592479	0.12837992524463
495	0.473291148	0.253532851159583
496	0.065861061	0.145588685593509
497	0.047604896	0.256530763727602
498	0.02840339	0.0322982087750427
499	0.015777364	0.027012245222094
500	0.047271097	0.0418890497107895
501	0.046778218	0.0254065488732407
502	0.5203640234	0.266672209006717
503	1.4107874585	1.25835087137852
504	0.088506091	0.114519924491825
505	0.064855317	0.0490219927381746
506	0.021368456	0.0863266065130645
507	0.149175821	0.131108940341927
508	0.013326282	0.0441730960437143
509	0.083413566	0.157777540506458
510	0.0199103788	0.0781026442341026
511	0.6228121869	0.509580251995191
512	0.015322525	0.0347941613979293
513	0.6527648	0.288708372850631
514	0.436558074	0.218789043240938
515	0.120084801	0.0618859602658586
516	0.5898112	0.392492069337879
517	0.068668603	0.0675548241141414
518	0.191204074	0.254996864378333
519	1.0203108965	1.08544327805059
520	0.029765011	0.0316786251862255
521	0.6365849927	0.477744626673837
522	0.61353651	0.516312871026238
523	1.2405761269	1.14325541591226
524	0.10542432	0.166832238267849
525	0.35871878	0.233510930505263
526	0.353852293	0.106008590037069
527	0.3329046403	0.306175384967626
528	0.117919064	0.213753388323784
529	0.039460449	0.0990108811812903
530	0.208394093	0.364024150170602
531	0.0729829881	0.189910250476798
532	0.38072172	0.218751908207895
533	0.0896141887	0.0806647011243333
534	0.159909728	0.201080931779079
535	0.382479644	0.43134251152902
536	0.050014357	0.0359314894430556
537	0.15655442	0.0661099278035145
538	0.051897942	0.122944948729167
539	1.03592062	0.779893929202667
540	0.2885460086	0.315792016963101
541	0.736230358	0.711270020037793
542	0.060317059	0.185145502665708
543	0.171970014	0.112286030303114
544	1.412182455	1.20457794228202
545	0.1380333476	0.0934933174911905
546	0.018150423	0.0431759124766667
547	0.0088734243	0.0108134635281982
548	0.0162037336	0.0483331414046667
549	0.046277389	0.234391664001613
550	0.423087741	0.386317743997949
551	0.0177297866	0.0233800807599099
552	1.229054413	0.944257835783292
553	0.013226479	0.0164042344935088
554	0.247342621	0.247786908958407
555	0.0088228921	0.0443398564786559
556	0.211432913	0.57356720402553
557	0.038373699	0.0593406159494595
558	0.3569207854	0.364849354066061
559	0.16756513	0.0743324080395977
560	0.1727026605	0.250365038279444
561	0.268072693	0.0693651563043137
562	0.0808704843	0.0659348651159259
563	0.027018737	0.0813129662377604
564	0.571599976	0.236493722108803
565	0.081878007	0.0910840077532407
566	0.0364779625	0.027944820495
567	0.410334442	0.290190320874458
568	0.18842835	0.208960226295
569	0.095715518	0.082571495080991
570	0.197297437	0.232496272954138
571	0.22040149	0.43231752908375
572	0.134473612	0.147146522495222
573	0.151573863	0.196584970944484
574	0.050928737	0.0572776372908333
575	0.547655375	0.495162314597801
576	0.0126606737	0.0174738220501282
577	0.024826748	0.0218661034824775
578	0.22643915	0.229171398624405
579	0.17372289	0.353274035340052
580	1.051506743	0.900802413062794
581	0.057835136	0.0698347645917143
582	0.072447739	0.0283658611006439
583	0.291418262	0.224913732466373
584	0.129639427	0.286675973507262
585	0.14804518	0.196508821462183
586	0.0097394909	0.0306435394942521
587	0.316382238	0.203712863496016
588	0.026815191	0.0596418981947297
589	0.2268416867	0.16335044127693
590	0.026601311	0.0343273862228571
591	0.0354170957	0.033953892377695
592	0.0450071446	0.0467920039695
593	1.232262056	0.972829363403262
594	0.3358532484	0.332176178149333
595	0.155421269	0.298140744771429
596	0.076856904	0.0685465499539247
597	0.3323590445	0.180198869594583
598	0.091957664	0.279793322083854
599	0.62663821	0.602836466281814
600	0.025084205	0.0291040077413726
601	0.0031036857	0.0129607312651389
602	0.296607783	0.343234308149394
603	0.023768888	0.0528438381835271
604	0.039363485	0.459766012610657
605	0.3840353335	0.199451553324083
606	0.1089117008	0.176136227432341
607	0.237169878	0.472276204008161
608	0.188762155	0.131905035481048
609	0.4216282971	0.359396002991417
610	0.04440589	0.0638447706108824
611	0.92129341	0.615835696463915
612	0.060904624	0.0389044629328125
613	1.0010767755	1.06662180157486
614	0.031609766	0.10891436871225
615	0.3341438166	0.356010725808889
616	0.42643647	0.338278366392121
617	0.292358114	0.173639230820233
618	0.03665705	0.047143134544079
619	0.1365711625	0.184134399057928
620	0.3672321814	0.415404704832857
621	0.074777501	0.0232003639953509
622	0.0492139066	0.138386409774032
623	0.1738189933	0.315958330090991
624	0.054810766	0.300039614910741
625	0.0191975787	0.0242509897035088
626	0.371926297	0.189076174849868
627	0.189112189	0.362594519756286
628	1.6971766179	1.25226789551623
629	0.0314358744	0.0352590857255556
630	0.0163085565	0.0205635009127604
631	0.0361723015	0.0836217602015151
632	0.563160598	0.307846910232333
633	0.517274808	0.414412523188542
634	0.312737858	0.218660534597824
635	1.2203077207	1.07407758880782
636	0.018778868	0.041941098967807
637	0.044182961	0.0550502494893333
638	0.43103292	0.334505491205
639	0.0167816237	0.0137622866073485
640	0.0586920627	0.0536316626788542
641	0.246825257	0.254498586174324
642	0.9783000513	0.888996761731667
643	0.473744671	0.462748489182917
644	0.57353175	0.323756954567849
645	0.032821693	0.0287602901215766
646	0.037728153	0.137806147368947
647	0.053753908	0.126635559919192
648	0.168249001	0.0967414176938384
649	0.094790604	0.257970424371049
650	0.032303898	0.0448630264760101
651	0.165705773	0.288903548431522
652	0.056142904	0.0851295471246591
653	0.333664064	0.222615657500299
654	0.074445292	0.0465374029770952
655	0.070698985	0.0830400675535088
656	0.1439678236	0.200053668628875
657	0.022670696	0.063556886894394
658	0.082160509	0.196202955328529
659	0.056918457	0.0772395693068699
660	0.29778925	0.345100489480775
661	0.09412385	0.202594447820694
662	0.14422492	0.246519748805052
663	0.060385864	0.0357037460270238
664	0.111593673	0.102063144001364
665	0.053821646	0.115200767916717
666	0.123483524	0.1752453540375
667	0.048564361	0.128424898201708
668	0.280852495	0.385234409036239
669	0.119994025	0.0932838362545
670	0.18201315	0.330558116820495
671	0.120864511	0.0273406447398958
672	0.031195676	0.0760007749597155
673	0.113954845	0.172448153285926
674	0.204483969	0.175540430804293
675	0.18103308	0.0853242394862857
676	0.096846195	0.0831372921970513
677	0.25686254	0.160502408128016
678	0.826233334	0.706507026582048
679	0.138729589	0.261617969040455
680	0.278228751	0.199254551877778
681	0.251397678	0.218893390439254
682	1.457759231	1.01270113685559
683	0.0123476357	0.0179887447011275
684	0.013861447	0.01621364324075
685	0.70861817	0.762002348208009
686	0.029674179	0.0795952935572223
687	0.080730276	0.414975069632969
688	0.068845667	0.552026616575505
689	0.081727512	0.123268071615072
690	0.115810095	0.0726631935139524
691	0.020564436	0.0266913475674691
692	0.012759594	0.0213536971877381
693	0.014639589	0.0132738614383908
694	0.219896507	0.211795154157315
695	0.1464681535	0.173853580629714
696	0.131462407	0.110905179382051
697	0.3640818667	0.395386783300073
698	0.036546533	0.0583374476569608
699	0.527013466	0.414634671924529
700	0.0485826167	0.102524872297206
701	0.6771730724	0.764578844992558
702	0.088718715	0.188473376250471
703	1.1940161659	1.14876554223058
704	0.112703206	0.155531247270278
705	0.048758871	0.0457760579994253
706	0.3795857635	0.387009941241982
707	0.228889617	0.194319484586316
708	0.0049038995	0.0198585167052381
709	0.081171254	0.137134274476982
710	0.0233918815	0.0389781575628472
711	0.09159096	0.164476930264685
712	0.46789654	0.233408434031042
713	0.022939535	0.0324319930727619
714	1.063922704	0.786300219815203
715	0.55846134	0.531623336279537
716	0.86697765	0.72664768640171
717	0.727499466	1.01822742460515
718	0.08415366	0.153551955171857
719	0.1252356185	0.174224565870247
720	0.224030295	0.298121542522667
721	0.052743451	0.0841088702581372
722	0.156739839	0.121719732644023
723	0.32271246	0.1555050106475
724	1.02028764	1.0788828047
725	0.422204502	0.421390608422598
726	0.0817986256	0.223847941837928
727	0.033299373	0.158407968690095
728	0.587571805	0.623756260113906
729	0.030783114	0.05901565453625
730	0.274295476	0.174263524840684
731	0.177138015	0.222869122526993
732	0.023120265	0.0369552196749573
733	1.2580826575	1.24289977219027
734	0.779487656	0.522578785529115
735	0.881495812	0.742487503541768
736	0.462332267	0.613455813003
737	1.0875102663	1.09444800646927
738	0.05000733	0.0769881089737778
739	0.18261853	0.0947817873262037
740	0.042139045	0.0831541096291086
741	1.165519062	0.566109561384915
742	0.294408595	0.177195149553597
743	0.0189301035	0.0515254522935833
744	0.120785538	0.0544432229924667
745	0.0091242168	0.0141552032523457
746	0.46435051	0.527993308471789
747	0.090509656	0.119960379519708
748	0.358424119	0.210142810697143
749	0.0803226825	0.04358862040875
750	0.905262594	0.610745403082667
751	0.155888601	0.209912590151733
752	1.5450611905	1.35362761855183
753	0.0244647835	0.0153525379552941
754	0.444419614	0.371831979653289
755	0.027320017	0.0445698941218966
756	0.507133321	0.405661772364109
757	0.013386461	0.0301522114980417
758	0.02004597	0.0725609904294309
759	1.346202652	1.0136624197229
760	0.037854679	0.150124547162323
761	0.74413526	0.586017324152277
762	0.130466274	0.0802638056294286
763	0.2422813	0.190013288410342
764	1.2417308264	1.11632293668543
765	0.23249099	0.163571386465935
766	0.214485425	0.12969398684697
767	0.011609843	0.0123572697901471
768	0.5655731334	0.309036932948229
769	0.777550199	0.561089389297137
770	0.21013958	0.156593552372958
771	0.079233606	0.0250954861715812
772	0.0117722767	0.0287181487454701
773	0.031955367	0.0963591345788889
774	0.050198724	0.0398400217712613
775	0.027779602	0.0240015325986822
776	0.057806754	0.0488619949474561
777	0.024280863	0.058223962087043
778	0.03459231	0.0585941681103333
779	0.116900415	0.258374628725707
780	0.061809221	0.0232764673038235
781	0.163765246	0.119376432279167
782	0.97100127	1.08428084333222
783	0.248221025	0.222031621884216
784	0.041682292	0.161858750861625
785	0.059039302	0.0432531543010088
786	0.181736888	0.309237287908958
787	0.1939499225	0.482718819346515
788	0.161980587	0.0959292066034314
789	0.0156801035	0.0229467146914516
790	0.064261742	0.0999927801995833
791	0.096895372	0.0917873395706452
792	0.203611314	0.290069373471701
793	0.516840731	0.261838972348333
794	0.080448906	0.219654718708021
795	0.1690167389	0.270336493919615
796	0.307842969	0.547832341208428
797	0.033436218	0.0633589081845833
798	0.92230499	0.550012763680741
799	0.35798627	0.446572870624028
800	0.056976002	0.15840278706298
801	0.562783176	0.190625053197683
802	0.22345485	0.142887690039427
803	0.082340145	0.0936328679453175
804	0.240623745	0.198576674049881
805	0.016707631	0.0272191426933333
806	0.63516654	0.454560055991241
807	0.070007587	0.0792681964762745
808	0.422836278	0.424781244202353
809	0.0663211577	0.162772600801552
810	0.61325927	0.207238891934677
811	0.133408811	0.235954146134432
812	0.1025742844	0.180131777458862
813	0.465100105	0.279855017917841
814	0.035644982	0.0814307308954584
815	0.115234744	0.0789935954209804
816	0.094202414	0.0593016690271905
817	0.2533265	0.308692683833377
818	0.0123818554	0.0444659481632955
819	0.113090493	0.213896681832143
820	0.112215876	0.214781339684706
821	0.015895331	0.0176787381448333
822	0.083396097	0.119548183711626
823	0.227856385	0.339494555521494
824	0.231898993	0.221974247762222
825	0.1048666935	0.140817711046789
826	0.065989744	0.255902897180539
827	1.144625076	1.26976304641352
828	0.0381134233	0.127950365128542
829	0.1433388927	0.132132214223737
830	0.360661732	0.536209947049708
831	0.06905751	0.0636202428151042
832	0.75659089	0.713331672405962
833	0.0165806274	0.0355543681284167
834	0.98421779	0.792216243798889
835	0.21771244	0.250645969665602
836	0.020552896	0.0440879356097297
837	0.014981645	0.0746891434031771
838	1.039279135	0.531085799317619
839	0.089727742	0.278058637972103
840	0.122203446	0.203488373920573
841	0.184202774	0.0856958856843055
842	0.10504605	0.0513870442537931
843	0.2110137987	0.205209851112358
844	0.8339512765	1.09384044401458
845	0.0062310248	0.0107695273822588
846	0.019360265	0.0362179037296847
847	0.02583248	0.0433924956631531
848	0.033716172	0.0654173612800387
849	0.079316824	0.03344928591875
850	0.0151352647	0.0141491009935526
851	0.248759553	0.2785057543495
852	0.013629446	0.0226753582165556
853	0.811102637	0.84988274205187
854	0.7934764426	0.713450870945215
855	0.16137015	0.190898451041344
856	0.146712442	0.101614624533833
857	0.0194232361	0.0368553666870476
858	0.13782232	0.0697142184791905
859	0.0124768735	0.0396707385151802
860	0.074021522	0.0479442081304386
861	0.048265748	0.0704800583003333
862	0.031363116	0.0377186637049048
863	1.0331899445	1.0429408020761
864	0.057786121	0.0474365344838235
865	0.0251063515	0.0607784696745
866	0.0138627707	0.064718633515
867	0.977284867	0.951077136018633
868	0.291666401	0.427479062268205
869	0.32573404	0.158397303355571
870	0.189186002	0.194690245153803
871	0.240843358	0.214578210213988
872	0.116966994	0.0739519773764744
873	0.007797796	0.0344601993808333
874	0.301329885	0.201757135188991
875	0.067655982	0.218813848918333
876	0.019943772	0.0279035128256771
877	0.905304516	0.590893638776275
878	0.023669401	0.0954723078610088
879	0.17280111	0.14470554972213
880	0.331208878	0.237087497919714
881	0.0998399855	0.183229781766768
882	0.172811296	0.147497836534729
883	0.0224128423	0.287246445308333
884	0.032165811	0.0273228197520922
885	0.1657676986	0.358194564807989
886	0.077335619	0.20724741722004
887	0.040228586	0.0631702095129048
888	0.1991803016	0.188176078904461
889	0.121573065	0.183679994265541
890	0.149376592	0.143538911424375
891	0.047418618	0.0694723592607071
892	0.1070940166	0.0994627715781034
893	0.51154582	0.562146188547805
894	0.067313753	0.262332178344595
895	0.0695977875	0.171585607889184
896	0.027980839	0.0659555515232954
897	0.345206183	0.2924813799718
898	0.0792158727	0.202503670511724
899	0.122444604	0.105097683500614
900	0.048261484	0.0765248945543056
901	0.0091519288	0.0207375878689881
902	0.032538532	0.0441805656590952
903	0.319710822	0.380489860299196
904	1.076543418	1.01540632345231
905	0.075682481	0.20350484076875
906	0.841627975	0.673503690011191
907	0.24132553	0.174150191245702
908	0.126267656	0.211295252195
909	0.127471835	0.209937690246829
910	0.190633412	0.22829073256721
911	0.135192977	0.102408840809425
912	0.160839003	0.227364849496306
913	0.019204494	0.116963234747481
914	0.100508357	0.160626585437222
915	0.950460452	0.530963736565199
916	0.409399883	0.256569389950556
917	0.0147630219	0.00820450823104938
918	0.142829762	0.153483029758643
919	0.0241971986	0.0735355239718182
920	0.13366766	0.161431017774459
921	0.4105852367	0.387989587818034
922	0.117465642	0.275904673848476
923	0.0328096406	0.0416122971926667
924	0.9760363614	1.13100258089542
925	0.107555564	0.0880964953402651
926	0.0324209203	0.0447951754893939
927	0.36625936	0.263681496902481
928	0.0300252087	0.170613364326623
929	0.175422189	0.285745489045247
930	0.143737182	0.202590654323726
931	1.39733503	1.15344401300868
932	0.5817281343	0.703133656172985
933	0.068224502	0.0566060885465152
934	0.142218562	0.129926928588514
935	0.194732575	0.130285591270746
936	0.0086463948	0.0151558494137179
937	0.042162188	0.0384614914790833
938	0.639197128	0.317767574005445
939	0.026587203	0.0398936234725758
940	0.11013585	0.121301422209762
941	0.10254566	0.369011128662865
942	0.408895583	0.274572665250856
943	0.212837173	0.252074132196722
944	1.006434954	1.00473647972691
945	0.357657642	0.236002035818821
946	0.0559191	0.157967103077138
947	0.1208433856	0.343067935379744
948	0.122451425	0.164806033879902
949	0.08335465	0.0410329111861111
950	0.04379781	0.036332047862037
951	0.7124570817	0.604020564546958
952	0.047945102	0.17195490455562
953	0.58412956	0.258397856224755
954	0.094746362	0.101363774978519
955	1.530365905	1.23887233489387
956	0.41671715	0.230298934651532
957	0.097572125	0.202999482463553
958	0.091017531	0.100339302394125
959	0.019525471	0.05216921991475
960	0.125453876	0.0963136095866667
961	0.032883705	0.037473465300303
962	0.0166165873	0.0133508206165766
963	0.378746328	0.279302358020543
964	0.2394445176	0.177238786136468
965	0.031933818	0.0251874319395238
966	0.0479233394	0.123010838090039
967	0.156249255	0.193575839848243
968	0.1740899	0.26002905168636
969	0.4501091285	0.371657157591852
970	0.0084319829	0.0096321541378125
971	0.420472827	0.238072833155048
972	0.388414806	0.499336901435042
973	0.022974675	0.0312325937426471
974	0.929976337	0.805076165484572
975	0.039669559	0.113033815305253
976	0.021523752	0.0648460415744253
977	0.0086983242	0.0340416018596032
978	0.4116451852	0.338449365972735
979	0.043171274	0.0738208668817105
980	0.042836082	0.0488607015805238
981	0.125036643	0.196534422455882
982	0.132958663	0.0759860013445699
983	0.042262575	0.0374511749899562
984	0.2666940958	0.358926626955526
985	0.072536262	0.154596206673114
986	0.065142636	0.207152972800451
987	0.0196229122	0.0236491258733784
988	0.45542284	0.306337088736476
989	0.0263377945	0.0232887569521759
990	0.031313713	0.0526751368436232
991	0.9056065832	0.855184313656667
992	0.0159783774	0.0253140283792262
993	0.027746655	0.0759615454617029
994	0.7249773017	0.672980573668481
995	0.0197637105	0.0529299909780631
996	0.139727415	0.0691721626650427
997	0.30215435	0.223998771793728
998	0.2091552167	0.251735915200631
999	0.032603499	0.124788516231439
1000	0.101946953	0.276996926702201
1001	0.58986199	0.656234091931323
1002	0.41470754	0.241192223983566
1003	0.154400234	0.295830931746322
1004	0.3531011782	0.220089598670048
1005	0.026044194	0.117053831933958
1006	1.4116722473	1.30169870152774
1007	0.0394419005	0.100210439454691
1008	0.019681083	0.13758705263065
1009	0.230713925	0.200244376543407
1010	0.228121421	0.242959371062521
1011	0.0414257345	0.15854637401782
1012	0.055123821	0.133717231802905
1013	0.116605738	0.2317564976765
1014	0.15399631	0.0796784427702381
1015	0.1869645404	0.225164804333737
1016	0.135743692	0.271116455210578
1017	0.376508699	0.327111418048158
1018	0.2128441346	0.364966032083919
1019	0.063599754	0.051937201377451
1020	0.028270291	0.0725022455077778
1021	0.175609894	0.225343427916162
1022	0.085528346	0.0728858969007265
1023	0.022589747	0.042142971032625
1024	0.282493096	0.220047433207054
1025	1.0958154042	1.07209640724213
1026	0.1847660166	0.102586834229444
1027	0.222697149	0.386565399637143
1028	0.724565037	0.81191632760197
1029	1.28037073	1.22476521812263
1030	0.064676836	0.0537830586819048
1031	0.022493168	0.0518886942755556
1032	0.646549754	0.78683396644906
1033	0.28820168	0.380768629242125
1034	0.8184112805	0.534868551095098
1035	0.01741866	0.0331266990110569
1036	0.244165002	0.143606161345354
1037	0.04927917	0.0763061611868571
1038	0.165224373	0.389974641775556
1039	0.1729337085	0.222410826413008
1040	0.113041658	0.127615139752967
1041	0.126744958	0.163530162881184
1042	0.1053188615	0.134268245772083
1043	0.2590122187	0.32328992397799
1044	0.3255048937	0.231824080025931
1045	0.021638481	0.0797199458460088
1046	1.28956884	1.12441701401349
1047	0.2043486087	0.414665734568375
1048	0.05078097	0.0538136415148333
1049	0.227478964	0.253326587941198
1050	0.0668101185	0.0731440995671296
1051	0.15854518	0.096143895626504
1052	0.242732795	0.398563904845152
1053	0.40678845	0.200866721749948
1054	0.443482556	0.444094113270093
1055	0.260409794	0.195515312091789
1056	0.318624106	0.339136229338869
1057	0.20995161	0.219732453991524
1058	1.1636810847	0.847764214451023
1059	0.043382997	0.245867924515769
1060	0.057124148	0.18076275961451
1061	0.126219476	0.209785847154524
1062	0.033007768	0.0393987599514957
1063	0.07960342	0.203115376826238
1064	0.04797863	0.0785425902250901
1065	0.015850894	0.0626308618383333
1066	0.0107555338	0.00980339796019737
1067	0.06569841	0.244117629912642
1068	0.0196231327	0.02152777916325
1069	0.224952041	0.263894082378182
1070	0.207112243	0.325684134600862
1071	0.048532394	0.18429767911457
1072	0.143572233	0.0961528478100901
1073	0.214425249	0.0366174510308586
1074	0.066007358	0.190700268074613
1075	0.0112977307	0.0319276460235714
1076	0.3342334916	0.51066728161693
1077	0.049683439	0.0447580564473958
1078	0.146607656	0.127886658752368
1079	0.4436021123	0.21269569845803
1080	0.124492952	0.0689372558660853
1081	0.036847851	0.0338286235051351
1082	0.066551343	0.131514992333646
1083	0.1475697057	0.134522735563737
1084	0.040815823	0.127528701088704
1085	0.02484556	0.0296259305958333
1086	0.260047503	0.257542514163611
1087	0.32586142	0.343497678800758
1088	0.2544953956	0.206365639058294
1089	0.2905402855	0.207557820669444
1090	0.505135988	0.358636029524074
1091	0.058356564	0.13737393008088
1092	0.206601954	0.237349798908958
1093	0.2103437	0.184126976579254
1094	0.049870819	0.18191743671798
1095	0.080533927	0.455543250469259
1096	0.820772575	0.930127813329009
1097	0.018478232	0.0217377574975
1098	0.111299012	0.0980477767284167
1099	0.057067211	0.126749712994394
1100	0.138568444	0.271069639519746
1101	0.009270562	0.0444845404189899
1102	0.211527342	0.0631590919232353
1103	0.037975262	0.032826459717598
1104	0.2097776729	0.491721507709323
1105	0.0150270792	0.0176526693755172
1106	0.4129354326	0.419341987893211
1107	0.906878592	0.819952784462236
1108	0.01821728	0.0271642507734722
1109	0.0631404285	0.305896230086404
1110	1.125480298	0.966988567595
1111	0.204309976	0.149626690620952
1112	0.250935527	0.255688863911754
1113	0.042963946	0.087655703155303
1114	0.046536615	0.0861593654517647
1115	0.416122679	0.266443390760854
1116	0.098887853	0.109016750038796
1117	0.037226742	0.0411676237680108
1118	0.138526719	0.17729721080412
1119	0.062299108	0.0822460679725269
1120	0.529996955	0.39002894252
1121	0.155823848	0.0631314365074786
1122	0.0060314466	0.015973385129951
1123	0.0151373915	0.0170354322915351
1124	0.0068178077	0.0136413693663597
1125	0.306281592	0.224873625425365
1126	0.084648265	0.0817541467156202
1127	1.131341465	0.876522734800741
1128	0.045028408	0.22976108452401
1129	0.087378373	0.186817471473243
1130	0.11473679	0.617576571728
1131	0.016569097	0.107602013998016
1132	0.0818933095	0.099431778174375
1133	0.059885536	0.0589793790681313
1134	0.22177653	0.103474009571176
1135	1.053559631	0.902503870651519
1136	0.0458295065	0.17816448080287
1137	0.28341812	0.236330003294559
1138	0.215854816	0.24372626674813
1139	0.029456288	0.0444095828242683
1140	0.201179817	0.149773961108694
1141	0.0115502211	0.018627391574079
1142	0.168353362	0.202393290867176
1143	0.0862564304	0.0954643584850427
1144	0.023050903	0.0298879815497701
1145	0.311441681	0.107080387449333
1146	0.2426215689	0.183294476926863
1147	0.133392998	0.132913244153684
1148	0.176995709	0.273318060096325
1149	0.2593149948	0.27260080486381
1150	0.088145673	0.299060953127724
1151	0.161066587	0.237704755197037
1152	0.13106254	0.119352552525571
1153	0.23538508	0.2640341306635
1154	0.0351472137	0.0483072060272581
1155	0.110838594	0.242686040700667
1156	0.04998992	0.0282114106391057
1157	0.031131428	0.0313524195930476
1158	0.044125229	0.0291333553418571
1159	0.2562963336	0.217229054454318
1160	0.167249944	0.209310905766535
1161	0.352100074	0.350053424536157
1162	0.097319893	0.174068647306863
1163	0.13956019	0.206314711501135
1164	0.5312349258	0.440237889313102
1165	0.674539986	0.794822084391842
1166	1.043042403	1.08347077902371
1167	0.720108434	0.902843335234247
1168	0.025374924	0.0486031547788889
1169	0.356003286	0.365844682087745
1170	0.053193766	0.045645701492
1171	0.060763166	0.11161509444374
1172	0.525376446	0.404598223439333
1173	0.018562444	0.0890403773071839
1174	0.104093805	0.0696038138772396
1175	0.021741828	0.0424556258398198
1176	1.132617364	0.715174670220833
1177	0.087789219	0.0744640335778261
1178	0.046088253	0.0457576833650926
1179	1.02520145	1.02805221419167
1180	0.1217932574	0.0746590665605856
1181	0.059640935	0.16907971173464
1182	0.10498679	0.23470227012619
1183	0.264528048	0.19363289614
1184	0.02326778	0.0388122625345425
1185	0.91691565	0.501772031727604
1186	1.2536849444	1.08401094201673
1187	0.0163311876	0.0161252997937153
1188	0.5133405423	0.395952590423175
1189	0.152910498	0.215658792591111
1190	0.048173272	0.0552445412713889
1191	0.308687498	0.330166859235875
1192	0.109088742	0.144070592823034
1193	0.025600909	0.0232807798478205
1194	0.734142248	0.916277710979828
1195	0.763379126	0.322541908082259
1196	0.84902654	0.817677644333654
1197	0.017758416	0.0222597764966667
1198	0.214996212	0.175657546703137
1199	0.2372222645	0.400483059466344
1200	0.600358692	0.405357658674878
1201	0.02988215	0.221121648801991
1202	0.057540774	0.110275448835625
1203	0.017618497	0.0275196983234397
1204	0.88639588	0.887695280478541
1205	1.0672053422	1.09332628645167
1206	1.0738350276	0.5129865904701
1207	0.1930149032	0.185955247496625
1208	0.0335041367	0.0269841736158889
1209	0.8638299	0.90742117099009
1210	0.13585146	0.073256060765
1211	0.42259938	0.204206645489386
1212	0.71493377	0.421249848375656
1213	1.1281580428	0.873819251858081
1214	0.0343542803	0.0901800741760476
1215	0.16774184	0.205959936458917
1216	0.0152819513	0.0205911123549145
1217	0.1949362767	0.311751947322727
1218	0.285524188	0.192018941730222
1219	0.2073678504	0.391025635581197
1220	0.161317923	0.194700235808556
1221	0.0756168286	0.0644499626302381
1222	0.151041592	0.186792951740083
1223	0.241722038	0.21678351388036
1224	0.1741295555	0.161603185175598
1225	1.102018258	0.961191859012905
1226	1.041804769	0.462215718296065
1227	0.3427099186	0.343319400111958
1228	0.0186025613	0.0301853404686667
1229	0.245357337	0.131253073786869
1230	0.048998372	0.255925728798571
1231	0.434377433	0.35085784166907
1232	0.26792859	0.269501935363704
1233	1.193210024	1.14123656699891
1234	0.2889636386	0.228642478571065
1235	0.019978447	0.0518943486689024
1236	1.326515628	1.1712374010591
1237	0.1284085705	0.0571841030364103
1238	0.032970924	0.028587293260614
1239	0.0527863936	0.239630999116351
1240	0.023614177	0.0555281606670588
1241	0.186727012	0.256175971904472
1242	0.945505818	0.771308952958704
1243	0.099798152	0.104698056176377
1244	0.020996412	0.0329008145477941
1245	0.145523979	0.272990631373229
1246	0.088247178	0.173260566727886
1247	0.030805085	0.02751925724
1248	0.03629162	0.156463855636029
1249	0.127933219	0.203038846459954
1250	0.19559292	0.285904225444428
1251	0.03505698	0.033337879341875
1252	1.3798116177	1.18664006395581
1253	0.69668021	0.383474537648488
1254	0.1278122914	0.0784224293589035
1255	0.036181597	0.0714597098954902
1256	0.0060845073	0.0155225976476667
1257	0.095948758	0.0976567673572396
1258	0.155323671	0.311542733436861
1259	0.029277344	0.0812277582125
1260	0.0651742416	0.0276719265209375
1261	0.1000014256	0.213622341901343
1262	0.0070929653	0.0504283937519919
1263	0.191196954	0.218436058491757
1264	0.0849815637	0.0864563218984946
1265	0.359275132	0.392994777825811
1266	0.105926735	0.197893109567696
1267	0.803700714	0.866393546262054
1268	0.0118493489	0.0147534510108586
1269	0.293921115	0.264698604623939
1270	0.352697304	0.209890374800905
1271	0.204844164	0.115884277110496
1272	0.03686731	0.0731760465664415
1273	0.120118767	0.285034069963423
1274	0.025815984	0.122582979443737
1275	0.209061142	0.171063801533496
1276	0.030287207	0.0431660655980702
1277	0.14979358	0.298530963751935
1278	0.025094797	0.115926779849324
1279	0.026535948	0.129367544729556
1280	1.087090929	1.15824202547016
1281	0.0292861	0.0318313922154504
1282	1.246374718	1.07989906933411
1283	0.0219740613	0.029302835775
1284	0.183809766	0.140531040377179
1285	0.083336323	0.175551238180833
1286	1.36273073	0.789013722134785
1287	0.237288203	0.307208276188874
1288	0.0127142616	0.0160042256175
1289	0.112347514	0.216542747497879
1290	0.0908740713	0.188947573672727
1291	0.384274871	0.347194572207879
1292	0.2266234017	0.221321280646765
1293	0.051859777	0.0282398553210476
1294	0.12578314	0.184703253189954
1295	0.2897979566	0.442887975810586
1296	0.169507792	0.125664681426351
1297	0.125922321	0.156097655689551
1298	0.088166155	0.0549088422663158
1299	0.3075087845	0.194794526014505
1300	0.0280319577	0.0342959143623148
1301	0.1282873838	0.0546782842924243
1302	0.240529372	0.2055942690995
1303	0.2448188343	0.328750564071111
1304	0.499350674	0.269422736273906
1305	0.106839876	0.16056461870803
1306	0.228575602	0.226576900041762
1307	1.30261815	0.942329855508162
1308	0.039385118	0.108660904399429
1309	0.176949232	0.233452936600538
1310	0.173737019	0.2283453998765
1311	0.138256226	0.197814653762963
1312	0.061672166	0.220011240136282
1313	0.037538994	0.0813524879832479
1314	0.076414281	0.0570944766645349
1315	0.3548453344	0.114997073125163
1316	0.0109838182	0.0445964655346296
1317	0.2918063946	0.319996094092675
1318	0.01662906	0.0172330116955405
1319	0.242897691	0.288047540923524
1320	0.1168604675	0.161136413072326
1321	0.2386683664	0.209752866412097
1322	0.066581937	0.112493804238333
1323	0.033978671	0.0722980567625806
1324	0.062547465	0.0888322944020667
1325	0.508918605	0.368305738941343
1326	0.037500451	0.054384595116982
1327	0.0974815583	0.0898061099177941
1328	0.216305421	0.380359142855395
1329	0.120530415	0.323127081206237
1330	0.167110677	0.40533476347213
1331	0.066381377	0.0869117657025214
1332	0.09240759	0.0708744461390625
1333	0.230788832	0.271096932429667
1334	0.144751459	0.240144610493125
1335	0.03255635	0.166304317523102
1336	0.1143921315	0.180766873498636
1337	0.133787583	0.139680868828208
1338	0.047094906	0.12651070867881
1339	0.22220718	0.194718941140708
1340	0.058079011	0.0402705864011458
1341	0.054939019	0.0268226445139785
1342	0.405235216	0.644654554678063
1343	0.189928467	0.0865928697880556
1344	0.017679933	0.0237605808923148
1345	0.482918458	0.23353897711051
1346	0.183958842	0.177061668600077
1347	0.3466303063	0.193296314158857
1348	0.9491868667	1.22454010293859
1349	0.084734299	0.12439724168
1350	0.0177547553	0.0157495318083333
1351	0.179752221	0.147852307206712
1352	0.110997978	0.0529220058189655
1353	0.1386200933	0.211709270631952
1354	0.040401337	0.064586241299596
1355	0.6391673272	0.260519976998532
1356	0.10181949	0.208472617152963
1357	0.121852575	0.250935729904208
1358	0.32133967	0.175239612059907
1359	0.0101890395	0.0870107178180247
1360	0.225928239	0.289677902329912
1361	0.74452473	0.429946009146482
1362	0.0099423075	0.0254570217306771
1363	0.4258265056	0.379638406026667
1364	1.359038292	1.16640854340572
1365	0.1629917	0.0740053566310318
1366	0.131561136	0.312785265483178
1367	0.77297868	0.552557392017454
1368	0.166358373	0.207072392552833
1369	0.05766579	0.107545824292857
1370	0.135325225	0.205295208912879
1371	0.126313425	0.0987153491994737
1372	0.0129606771	0.0123938612511538
1373	0.049507097	0.124371768764414
1374	0.290059875	0.193547044537061
1375	1.796255829	1.36654431295175
1376	0.217749272	0.411527577701097
1377	0.0152024361	0.0708257367038034
1378	0.097530527	0.212506905860041
1379	0.037929547	0.0138694315029048
1380	0.123492482	0.322056502688547
1381	0.135448027	0.259776203432703
1382	0.1616080534	0.267500202577708
1383	0.093008209	0.0646033444114228
1384	0.2046513531	0.366953031058796
1385	0.157401371	0.169943660350167
1386	0.25651278	0.161102683865231
1387	0.335256546	0.139371410832941
1388	1.0373004	1.09869402469195
1389	0.076611616	0.0583224716833333
1390	0.1718822084	0.224141602543381
1391	0.50515739	0.298486742582667
1392	0.0153040907	0.0180032435391667
1393	0.066147475	0.0388281865014865
1394	0.19649387	0.286727474865389
1395	0.910216374	0.839403632696207
1396	0.912553263	0.774537366665721
1397	0.055330495	0.102521830225035
1398	0.039686536	0.0685089393066667
1399	0.1047658384	0.0929136105807222
1400	0.197441066	0.229721822020556
1401	0.43570355	0.483646781726505
1402	0.130791453	0.160610021707125
1403	0.077740483	0.20715294252298
1404	0.13285933	0.234863203546892
1405	0.2140466514	0.224418258575969
1406	1.00716089	0.997092387579792
1407	0.26326868	0.143670479019487
1408	0.183445559	0.101878537820042
1409	0.016221872	0.0439305243877478
1410	0.3564300657	0.370113991625
1411	0.0986232812	0.133331478296081
1412	0.83653133	0.594225015226216
1413	0.147386183	0.116997795955074
1414	0.298738701	0.299077585015427
1415	0.045752175	0.0739717764320968
1416	0.0062079299	0.0148529074658046
1417	0.0894305885	0.0880619104706803
1418	0.8283442055	0.771882995592611
1419	0.046511446	0.0795719882326577
1420	0.0046141637	0.0204395128988034
1421	0.01181891	0.0237619876349479
1422	0.061771931	0.113833294441092
1423	0.71336739	0.744522401485625
1424	0.19308952	0.116666623140833
1425	0.056170448	0.0538742962213333
1426	0.4074893035	0.378926190994667
1427	0.4356717817	0.523370353208096
1428	0.090791613	0.152757475701226
1429	0.046046535	0.0338223696973656
1430	0.034119523	0.053893210245115
1431	0.73425179	0.373619881101667
1432	0.0083175467	0.0228532904095926
1433	0.6675174728	0.492768845958131
1434	0.716218032	0.315433190046618
1435	0.0717721777	0.262925907062387
1436	0.1701370936	0.180681373218333
1437	0.206863752	0.179866622034944
1438	0.122112349	0.0730020766005405
1439	0.109564355	0.114207520617353
1440	0.02310648	0.0492898790864216
1441	1.238940986	1.02457817491942
1442	0.057291428	0.0965350237621717
1443	0.00352230425	0.0124129651743452
1444	0.021060471	0.0474406369771905
1445	0.041784037	0.0353787604052874
1446	0.007777153	0.0122948372153295
1447	0.0220188095	0.0298094559167045
1448	0.176628293	0.151391191529491
1449	0.66117354	0.715286147080833
1450	0.043188276	0.0592158199289431
1451	0.0138113903	0.0302183896073611
1452	0.122889512	0.113130708003056
1453	0.41880514	0.365746285307042
1454	0.3088118853	0.295734197846838
1455	0.087878511	0.0728939564452846
1456	0.116667746	0.0709024034742857
1457	0.11989742	0.233257599762929
1458	0.0060495296	0.0127397863628509
1459	0.0090146375	0.047959617932906
1460	0.019870256	0.0512041702188334
1461	0.1931916887	0.0951955557315873
1462	0.0439681995	0.0619028594355691
1463	1.044447	0.530016546676343
1464	0.12651443	0.111987609748817
1465	0.0450623835	0.10735807356025
1466	0.430083245	0.208983737918929
1467	0.051510545	0.050769159754697
1468	0.059204	0.102092928377402
1469	0.018334221	0.0818847051741892
1470	0.015843764	0.0170513972323016
1471	0.084287534	0.3208503847915
1472	0.180189574	0.292573017530611
1473	0.861567962	1.02959852385276
1474	0.31166228	0.121145196137296
1475	0.020134528	0.337572851493178
1476	0.185876138	0.194036800914545
1477	0.188851196	0.0961243869329924
1478	0.1305874623	0.0748449529952605
1479	0.3688842322	0.321751526066381
1480	0.243228048	0.236069889363929
1481	0.364369735	0.394599869827849
1482	0.127697741	0.256845338620278
1483	0.006964483	0.0321748251071905
1484	1.1460764714	1.12839521075394
1485	0.026452832	0.0653394551949167
1486	0.480404255	0.520319524518917
1487	0.0765063013	0.16690748284096
1488	0.156128882	0.20665826767193
1489	0.0155680775	0.028704431566037
1490	0.119899347	0.332374920307833
1491	0.042742947	0.0632998969038426
1492	0.029707643	0.0334963090745313
1493	0.162617567	0.239330099329798
1494	0.0093435876	0.014735252386375
1495	0.5689077	0.474067781144118
1496	0.133033765	0.0605589815020238
1497	0.0096869162	0.017908191608619
1498	1.306426954	1.15353892857394
1499	0.3053383305	0.378374568138333
1500	0.243159374	0.252616609960698
1501	0.4682298534	0.438542293282719
1502	0.07929944	0.217947229328824
1503	0.198245813	0.162501321333873
1504	0.4829627113	0.334890942096476
1505	0.09631421	0.0973986944502564
1506	0.066579428	0.0605121053241453
1507	0.291121385	0.251493089508125
1508	0.136138103	0.202561600778333
1509	0.182002059	0.189746237111667
1510	0.255211466	0.32699988610509
1511	0.01623653	0.0205121966511905
1512	0.3902176865	0.352530267481111
1513	0.031721201	0.09049984565125
1514	0.347224571	0.220410037096989
1515	1.065554194	0.650999938341961
1516	0.0107828028	0.0363471279652273
1517	0.2329614335	0.23524234075713
1518	0.0114649814	0.125526410226984
1519	0.10540154	0.0890786071955882
1520	0.338874577	0.0919656177293939
1521	0.171380074	0.117092345756146
1522	0.3768591476	0.429638212392765
1523	0.436608513	0.23462295050692
1524	0.033314491	0.100410759810983
1525	0.146290467	0.313451429320185
1526	0.14687566	0.356165921718565
1527	0.0271221125	0.135576460085641
1528	0.167652207	0.212352426957778
1529	0.088490695	0.109145533941111
1530	0.179719376	0.177820190897656
1531	1.1155869065	1.01811773367703
1532	0.4205597244	0.338160312692398
1533	0.0117909974	0.0377266435935135
1534	0.203069567	0.108199489583656
1535	0.859698251	0.742312015617843
1536	0.135917489	0.376018506737778
1537	0.029230829	0.0391896880230342
1538	1.00012433	0.623148061676882
1539	0.242075627	0.206794066957299
1540	0.645886438	0.98267571619066
1541	0.081672876	0.0744937460690104
1542	0.107536297	0.0920125978325
1543	0.034053922	0.0466507053824
1544	0.15032436	0.0891324518958503
1545	0.0275644905	0.0347150892512644
1546	0.163785815	0.144558263961441
1547	0.0290174904	0.0751992463878161
1548	0.084876242	0.0980352464588492
1549	0.029709871	0.106343887276453
1550	0.5718538357	0.508698300718519
1551	0.038525537	0.0875467618077551
1552	0.081691551	0.0537053950688158
1553	0.102064035	0.181865395425794
1554	0.021934367	0.0215152911404545
1555	1.030437482	0.933050652360162
1556	1.89050423	1.18107526952599
1557	0.0071363738	0.0128366171870833
1558	0.0608841507	0.0556289914231429
1559	0.2087926226	0.275767733993618
1560	0.61213543	0.586925120247905
1561	0.072380099	0.206173070635455
1562	0.034142174	0.173418842033816
1563	0.055836678	0.239199847820586
1564	0.359729182	0.395215620922412
1565	0.122995239	0.170895941659298
1566	0.033362371	0.0834916365863414
1567	0.19005193	0.185852529547571
1568	0.026070311	0.0212044301805882
1569	0.719854574	0.549876328899811
1570	0.028289597	0.0315133223692308
1571	0.0145929332	0.0260608950254545
1572	0.99558343	0.741968876452366
1573	1.231645686	0.771726348834483
1574	0.114588813	0.231609561007162
1575	0.134466473	0.101552162819955
1576	0.032276702	0.0138020714665714
1577	0.092734132	0.0737874775064142
1578	0.869506594	0.488902243833049
1579	0.017116177	0.0173580591455914
1580	0.15609071	0.0758785624014103
1581	0.040328044	0.0902089671699549
1582	0.0459717795	0.0384094374983854
1583	0.2940441267	0.27034013854543
1584	0.495408028	0.196138640796131
1585	0.307523592	0.209757315203205
1586	0.020095566	0.0717001191052137
1587	0.447015585	0.204898016101092
1588	0.058545148	0.0330175129521505
1589	0.978874303	0.897140890234798
1590	0.0112600019	0.0273900503927027
1591	0.101568606	0.120613668286151
1592	0.2003366976	0.18585330789725
1593	0.088231534	0.235063663238636
1594	0.153359444	0.119906905766351
1595	0.142838059	0.241241920740814
1596	0.0904857787	0.195008881235043
1597	0.0474937745	0.0513995166481313
1598	0.033371355	0.0347385849754545
1599	0.226409502	0.174824489661765
1600	0.089709177	0.149216457008611
1601	0.293788687	0.194582261988429
1602	0.194440198	0.123739970156771
1603	0.026172576	0.0397378051861111
1604	0.132876421	0.148147281734087
1605	0.15079033	0.0646895239121212
1606	0.0314657177	0.0591044987336111
1607	0.028279391	0.0247579008719298
1608	0.234257475	0.227651295277051
1609	0.868808316	1.08824388669025
1610	0.3837336164	0.349425135842185
1611	0.038481188	0.184687274849881
1612	0.135910999	0.0606151950971429
1613	0.03658808	0.0614927789252846
1614	0.213448191	0.193517315332759
1615	0.279789722	0.159980769768283
1616	0.623586092	0.529993117758333
1617	0.0083995279	0.0169215231469318
1618	0.096225426	0.0320845271418367
1619	0.034497926	0.0395012250760119
1620	0.75188563	0.773724487743235
1621	0.778986279	0.216294988707941
1622	0.0188013923	0.0455127768687388
1623	0.0212070255	0.0808523650265812
1624	0.263305456	0.258342045196798
1625	0.100743597	0.184566110774781
1626	1.2392869992	1.18754128500004
1627	0.086091125	0.0991587956899259
1628	0.079710069	0.282461347363385
1629	0.378654287	0.363711690070231
1630	1.4614839993	1.06434051660707
1631	0.038151745	0.0656397519701389
1632	0.374712844	0.198071233436324
1633	0.02218148	0.0290779267894048
1634	0.089433143	0.358128624754188
1635	0.0058760365	0.016649720945787
1636	0.0149255358	0.023778897067125
1637	0.019875322	0.0405298410105406
1638	0.2028023815	0.152926714022126
1639	1.0547204694	0.76127695963781
1640	0.02782524	0.0636388199470721
1641	0.026208933	0.031081574204798
1642	0.0099878553	0.01357109168125
1643	0.26055291	0.193696837665645
1644	0.520918424	0.501192708999676
1645	0.054102208	0.221557997959445
1646	0.2561333526	0.304693031952355
1647	0.045701019	0.0833360210864474
1648	0.276831156	0.297399353892281
1649	0.183943505	0.285559621507115
1650	0.048431661	0.0873980432647917
1651	0.7606965	0.566055489593137
1652	0.018512465	0.0348309206427193
1653	0.987571459	1.16807555492504
1654	1.5647669748	1.07313626407468
1655	0.55212155	0.430611853180834
1656	0.061579548	0.165023236096367
1657	0.280119459	0.200039994531905
1658	0.2703776098	0.277076513816111
1659	0.896294409	1.04697280491071
1660	0.194386538	0.19380171065995
1661	0.0249398767	0.283213499675504
1662	0.1190779177	0.0756993532247748
1663	1.228693864	1.21623388801019
1664	0.24937593	0.242006792561865
1665	0.204987793	0.228383198509429
1666	0.2011689214	0.300464001107714
1667	0.366622524	0.201481013046532
1668	0.022605067	0.0273101107018376
1669	0.077446937	0.186065003252398
1670	0.09738481	0.0944650846628283
1671	0.114698486	0.151282888898
1672	0.284137628	0.179982739228088
1673	0.746381641	0.702639632996473
1674	0.107072405	0.108967346901395
1675	0.1232023079	0.142369796450465
1676	0.545688379	0.349095580133472
1677	0.048222703	0.131257055847071
1678	0.15615027	0.128792711553153
1679	0.043223663	0.235948016482778
1680	0.276746279	0.29485033308406
1681	0.022739905	0.0453653350583838
1682	0.0179431645	0.0261552783955405
1683	0.2183850448	0.314481111710707
1684	0.22850842	0.175909221452083
1685	0.146854818	0.0724062071369524
1686	1.0160608809	0.899366576149069
1687	0.081140103	0.0651825290793089
1688	0.57444983	0.473160149969952
1689	0.068359612	0.31619483479175
1690	1.35401496	1.2387783780038
1691	0.0536717636	0.0683728793046111
1692	0.1495710276	0.228199842708978
1693	0.283259265	0.208836982686577
1694	0.193608937	0.209564503341542
1695	0.32292835	0.321505768477424
1696	0.279831955	0.270947432838677
1697	0.021511761	0.0344068598353333
1698	0.153199335	0.189519484283718
1699	0.07311396	0.198005867766333
1700	0.094280192	0.104071049199593
1701	0.01501398	0.0473518140197968
1702	0.112433967	0.0633256656316667
1703	0.0118926601	0.0192820250785366
1704	0.0166021705	0.0163095142121717
1705	0.091467534	0.0732514474419118
1706	0.2042810145	0.11170716490718
1707	0.0498331854	0.0131507046339922
1708	0.028857323	0.0307374043226389
1709	1.02194047	1.24583206140072
1710	0.053035912	0.148295646807794
1711	0.070792663	0.110674783155357
1712	0.293037707	0.17873366834338
1713	0.049921403	0.104952205383067
1714	0.0152683945	0.0153338561977778
1715	0.11771469	0.190873262109141
1716	0.43822297	0.348307338503171
1717	0.046256676	0.060823904954359
1718	0.112910874	0.0942117190123874
1719	0.041841231	0.401932416075354
1720	0.80494424	0.881711167657917
1721	0.180686895	0.152691289164943
1722	0.131485365	0.0417512230066667
1723	0.0127330174	0.0380260979526437
1724	0.1960655523	0.35697950612652
1725	0.11663429	0.100790588698089
1726	0.1928036225	0.338785346267626
1727	0.10499303	0.177092262595039
1728	0.054094351	0.185179411159899
1729	0.19982314	0.181071811415041
1730	0.013867655	0.0201777903762821
1731	0.9082730987	0.883190054766351
1732	0.0046975344	0.0111629027803509
1733	0.022483382	0.0608916388385859
1734	0.03859147	0.0547403336951852
1735	0.53654207	0.232614124341719
1736	0.129032392	0.307585069828056
1737	2.090864285	1.31993638527748
1738	0.0046819228	0.0448000339739655
1739	0.2864754344	0.285277333996545
1740	0.052949103	0.0652391262826667
1741	0.979391182	0.705389526518039
1742	0.141057735	0.209755638361302
1743	0.074540943	0.238362386923935
1744	0.0155513843	0.0453368611048095
1745	0.098261658	0.166079043826071
1746	0.925966931	0.704406183868659
1747	0.553417556	0.562561730913068
1748	0.1355941297	0.294892042119649
1749	1.042654277	1.01860430162774
1750	0.1115611202	0.110795909028878
1751	0.095110858	0.169151215195526
1752	0.0883759138	0.0559126242572222
1753	0.034329969	0.0320123582801471
1754	0.1967492496	0.166442091103725
1755	0.2266849164	0.259484156346923
1756	0.1492566495	0.371730136014056
1757	0.0254704731	0.0320760051146429
1758	0.70778868	0.690498737713889
1759	0.008379197	0.0144277865295833
1760	0.374050582	0.232253053204352
1761	0.086578538	0.111128052021375
1762	0.026187942	0.0347307050048333
1763	0.053833462	0.16275773505451
1764	0.1293148135	0.261689841116232
1765	0.3456146167	0.285525948884708
1766	0.0124616056	0.0134737951666146
1767	0.3077156206	0.321981102926992
1768	0.335074909	0.291132289141532
1769	0.0266465713	0.0781421845490991
1770	0.957203554	0.880905907841098
1771	0.320808565	0.452557029158559
1772	1.2158282527	1.19418719340941
1773	0.43867731	0.768478868852906
1774	0.1559119376	0.190107127899444
1775	0.109298284	0.158607934920792
1776	0.012093051	0.0388663403524242
1777	0.246084723	0.220068265187519
1778	0.048766948	0.0711241085425288
1779	0.036809448	0.0585966133827778
1780	0.1501707715	0.097969822023252
1781	0.074932073	0.0686425391483333
1782	1.110060835	1.09114382864057
1783	0.145805442	0.0861291102706896
1784	0.040180162	0.0392214140248649
1785	0.1455814295	0.238767905060857
1786	0.221702926	0.300419153293667
1787	0.1308382793	0.164170740256216
1788	0.8984785874	0.47097812392953
1789	0.7138970406	1.04570066713606
1790	0.071610415	0.239260559584095
1791	0.129442803	0.265039704137765
1792	0.111213984	0.0797917606938571
1793	0.302557485	0.17621961240697
1794	0.022341937	0.093431014524537
1795	0.088000234	0.131990543500528
1796	0.350542988	0.647464388280278
1797	0.237562757	0.202175456357602
1798	0.232611068	0.227467508808514
1799	0.2242600493	0.319509392639905
1800	0.0413331717	0.0701173948352451
1801	0.0657357265	0.120767199828292
1802	0.053936136	0.0452438044705377
1803	0.3099698406	0.210599354729265
1804	0.746779064	0.457987622010667
1805	0.166823215	0.0725523094776667
1806	0.1244477585	0.136133483814865
1807	0.0564834727	0.120154059661852
1808	0.204014433	0.216078053421435
1809	0.1889542192	0.294716957143214
1810	0.020159836	0.0518694848658559
1811	0.236078999	0.189037361045541
1812	0.248029479	0.2177941929545
1813	0.701352155	0.958186394104893
1814	0.164651497	0.179209355989316
1815	0.065334466	0.0544835614987121
1816	0.323072231	0.181608273475101
1817	1.3943417994	0.876276478569445
1818	0.0085139284	0.0137062571560185
1819	0.059798993	0.0555447133590598
1820	0.9672796296	0.924166978893241
1821	0.058739233	0.219126740725077
1822	0.32088147	0.121037096638691
1823	0.0169180736	0.0167620413368519
1824	0.014884232	0.0586888382804701
1825	0.042522014	0.0920250258622222
1826	0.188482063	0.170596167078377
1827	0.04929128	0.0858983336115385
1828	0.2539895982	0.384012758184804
1829	0.0059059123	0.0226723299695946
1830	0.146871358	0.131149390787676
1831	0.0049855858	0.0538104911182197
1832	0.0195406276	0.0179918775246237
1833	0.152307372	0.192262918176333
1834	0.138487947	0.209099630190093
1835	0.125792215	0.243389242802353
1836	0.1586949298	0.244876749776867
1837	0.210118145	0.263440531898763
1838	0.274821929	0.099331432665
1839	0.015564146	0.0147529181605856
1840	0.4655972779	0.407170274679819
1841	0.042157589	0.0693050976138235
1842	0.0146869635	0.023667946440914
1843	0.300322625	0.193548960977833
1844	0.077077557	0.208023101254928
1845	0.27100545	0.191377089555402
1846	0.2687530911	0.324451444246869
1847	0.499604946	0.636606179984681
1848	0.4783713197	0.435344852462297
1849	0.012267676	0.025979875689881
1850	0.344219938	0.203773487382767
1851	0.101809239	0.107847707658906
1852	0.02621069	0.0360179546732843
1853	0.0470144725	0.0336119645940625
1854	0.094683099	0.2739099044635
1855	0.141704558	0.216237208561042
1856	0.5274157316	0.518034145520595
1857	0.021329752	0.0490978575756481
1858	1.200896879	1.12639289268972
1859	0.468113857	0.250095920515787
1860	0.081885865	0.301840857675426
1861	0.210667408	0.263327138611795
1862	0.0135563865	0.0490331965125641
1863	0.007947626	0.0169450273223232
1864	0.3051720015	0.430879209435901
1865	0.11764381	0.0612832826778049
1866	0.050047231	0.0755972689063248
1867	0.0175504	0.0272980056014957
1868	0.6311934303	0.582782330066755
1869	0.137742297	0.200658399535051
1870	0.0101530163	0.0196198875279412
1871	0.055345817	0.0670505423133334
1872	0.037480771	0.0413856329846875
1873	0.142287823	0.132305123107479
1874	0.157989438	0.253914573432408
1875	0.180108724	0.0991480886864912
1876	0.069002563	0.0773108415534762
1877	0.215682333	0.157753593050439
1878	0.026017521	0.0834158463583334
1879	0.1786460833	0.23443958445594
1880	0.190667852	0.100432484375
1881	0.059055747	0.0332334728844186
1882	0.438758746	0.274465921252108
1883	0.098584222	0.0558690534240476
1884	0.27245586	0.237439886325606
1885	0.525305601	0.339153775846162
1886	0.128201561	0.163637000195969
1887	0.220098442	0.135515578958772
1888	0.4861006896	0.296641370603458
1889	0.049247547	0.0972398444272916
1890	0.033409644	0.112658290784079
1891	0.309761254	0.206117491473063
1892	0.069084524	0.0529743358362121
1893	0.0123356393	0.0187811735584108
1894	0.01130719	0.0404132537130952
1895	0.05107476	0.0842615361308095
1896	0.044459132	0.082863678645614
1897	0.0148580044	0.0622555221477632
1898	0.0080160578	0.00905343424492424
1899	0.256435125	0.177514382226619
1900	1.219642775	1.17061224276957
1901	1.0930333177	1.02616745424364
1902	0.66913478	0.546624881542683
1903	0.136835916	0.328569324763507
1904	0.102536755	0.0484004880663889
1905	0.037326484	0.189133428995049
1906	0.246045669	0.164762353437448
1907	0.0187222614	0.0476427941632895
1908	0.0854774724	0.118522920434459
1909	0.0067720133	0.0182202294521053
1910	0.904283178	0.853996866730935
1911	0.360772376	0.412899975511705
1912	0.0150616874	0.105182287792355
1913	0.593217554	0.586933915229598
1914	0.34568004	0.420420200996935
1915	0.15882567	0.054808164718625
1916	0.9141003114	1.03719963287194
1917	1.318975626	0.83259379725434
1918	1.218510585	1.17543602730554
1919	0.2738215437	0.409828264702667
1920	0.0848227516	0.247301623409333
1921	0.3184715667	0.303103578513077
1922	0.1119103713	0.225244492194314
1923	0.086965698	0.177377694140571
1924	0.571318581	0.381817849202121
1925	0.161861394	0.170806195592305
1926	0.3210769433	0.236931823560686
1927	0.0162198943	0.0691755415434762
1928	0.056188007	0.132074929535772
1929	0.068310578	0.166623871196847
1930	0.0459669707	0.0955911294163888
1931	0.2112828325	0.198097543158905
1932	0.061673317	0.0202882975194118
1933	0.249501959	0.291747798361619
1934	0.0591137587	0.0489001004559009
1935	0.2553788484	0.324015912244017
1936	0.020040302	0.0190200834021212
1937	0.044242262	0.0531040899535606
1938	0.5336173503	0.297144871809143
1939	0.423572824	0.21288268734162
1940	0.0492403895	0.0849918127260145
1941	0.0339706	0.0204530990810163
1942	0.127415177	0.074411307351713
1943	0.2113767547	0.232066571130538
1944	0.1243198115	0.107746091247027
1945	0.210832412	0.21173761416581
1946	0.095684088	0.1192432076665
1947	0.043953882	0.0734806572858586
1948	0.354964518	0.523149004796322
1949	0.1753338555	0.174956874287429
1950	1.01553377	1.02299367442405
1951	0.018883927	0.0435282802717816
1952	0.0060851684	0.0129477119016129
1953	0.057266763	0.131227154895439
1954	0.035698839	0.0829409762458572
1955	0.49259414	0.283066963467473
1956	0.015684169	0.0215048331372989
1957	0.231546246	0.154117646138908
1958	0.018055554	0.0780740048038889
1959	0.323290133	0.309885987807958
1960	0.478016772	0.5556339730756
1961	1.601547132	1.38627288205022
1962	0.179539218	0.184508094367072
1963	0.074356114	0.087771283715
1964	0.162081819	0.326396868581583
1965	0.024008145	0.0303957607415741
1966	0.2114860445	0.399535162710586
1967	0.222474383	0.210112799145598
1968	0.469741968	0.188815755243384
1969	0.287037789	0.289739011521296
1970	0.134266011	0.103875117601535
1971	0.139651206	0.0548206082154575
1972	0.021353099	0.0308760938218095
1973	0.9109549	0.3178967924825
1974	0.176082964	0.138817940422949
1975	0.044981821	0.137108871752043
1976	0.097628203	0.144713825539015
1977	0.095610309	0.0881525871505093
1978	0.042547636	0.0675686295296154
1979	0.114041263	0.319924309566026
1980	0.164047577	0.222734737241404
1981	0.103945488	0.0534713734621482
1982	0.0033249143	0.0363943769560476
1983	0.795951378	0.623220231627311
1984	0.145845098	0.149809276457059
1985	0.18431755	0.0369342774451429
1986	1.16107161	0.864471826596505
1987	0.376580974	0.417160606585914
1988	0.0160406184	0.0236130549346053
1989	0.120560065	0.120274111421504
1990	0.0213044547	0.106267746508037
1991	0.299607196	0.422362202030496
1992	0.159585058	0.18384376525953
1993	0.094909024	0.210210136463917
1994	0.2750601027	0.269936763151228
1995	0.158511365	0.116340040742727
1996	0.74094825	0.808067940065569
1997	0.424317441	0.250834204443437
1998	0.030797007	0.0577681408828205
1999	0.069932083	0.0551629233500926
2000	0.101671889	0.0709996044871429
2001	0.177898594	0.201698440339912
2002	0.2435010465	0.215671539540213
2003	0.15427318	0.114559462952255
2004	0.023368648	0.120044526458284
2005	0.199129928	0.242843311977132
2006	0.057032503	0.0378070817290196
2007	0.464030643	0.261482136970631
2008	0.146294989	0.0964970668866312
2009	0.3276421843	0.317791207715357
2010	0.246175824	0.415529128524611
2011	0.41385857	0.657377097963171
2012	0.125542955	0.0490761323963542
2013	0.1181561	0.333230578229798
2014	0.120779765	0.161259461365343
2015	0.2664001858	0.273695715637162
2016	0.022063125	0.0565140357202333
2017	0.113512453	0.199261643025778
2018	0.195575996	0.161955870386019
2019	0.304832607	0.220729227518571
2020	1.4197487258	1.251904482107
2021	0.080400719	0.0827974959951587
2022	1.370874954	1.08325987531867
2023	0.954642961	0.776558739950513
2024	0.044079488	0.11687739064075
2025	0.170754726	0.33947231795547
2026	0.2207532685	0.308551239471296
2027	0.1932728283	0.261765661480083
2028	0.014399088	0.0729859940413889
2029	0.0145325765	0.0348469894846079
2030	0.74013154	0.817115126676447
2031	0.019876307	0.0758475540263158
2032	1.124278891	1.14079671349087
2033	1.014858857	1.24597235704815
2034	0.205011885	0.0743943664137387
2035	0.780332227	0.587879276285051
2036	0.037797799	0.0789814745827027
2037	0.0247410234	0.0388571524559009
2038	0.310398809	0.150716158808194
2039	0.024080411	0.0416103940450877
2040	0.070004963	0.0655295797959167
2041	0.167815246	0.159706844155081
2042	0.057196176	0.0587750284518293
2043	0.0398264645	0.117900096634274
2044	0.122897677	0.209368714648889
2045	0.062570763	0.0813424768264706
2046	0.178188426	0.146049855788519
2047	0.334563737	0.154742297437588
2048	0.028028009	0.0968799352607037
2049	0.336299022	0.315432785052174
2050	0.148951466	0.231034023860395
2051	0.6816277765	0.56413146234974
2052	0.09443775	0.12704594584314
2053	0.9756317467	0.948698598525343
2054	0.196891711	0.181409203767989
2055	0.036410285	0.189741324634775
2056	0.092350046	0.193556043270381
2057	0.752306556	0.898851714016989
2058	0.052235577	0.0395138113405
2059	0.310302555	0.262190353985476
2060	0.0185353226	0.0193433437754825
2061	0.021001834	0.0666848579179167
2062	0.0947415396	0.0983452859160256
2063	0.0094258832	0.0754857274155376
2064	0.1233572536	0.323496272110746
2065	0.3469886358	0.231038598115855
2066	0.9382710825	0.983575415511042
2067	0.020421239	0.030090537415375
2068	0.483051052	0.565588529155375
2069	0.070451491	0.458140529554323
2070	0.373361702	0.362428128740893
2071	0.185142173	0.178123501752238
2072	0.043774288	0.0299115741014368
2073	0.3110215362	0.412110195886274
2074	0.7554368182	0.746676952567265
2075	0.33601834	0.110503605633837
2076	0.356055996	0.389578584432381
2077	0.5511406338	0.5238132371692
2078	0.039819757	0.0873553737654762
2079	0.410360989	0.327758051160631
2080	0.153272413	0.0830526941019658
2081	0.099815316	0.183576878161125
2082	0.0073426392	0.052361603845625
2083	0.014333248	0.0816475365963235
2084	0.146247128	0.098120166542973
2085	0.0115568874	0.0308245782378295
2086	0.144352175	0.177486998592879
2087	0.10320823	0.235606517037222
2088	0.063625076	0.0938313568494286
2089	0.01746791	0.0561019397252703
2090	0.235613385	0.20428383327825
2091	0.15555755	0.218616379950385
2092	0.236739173	0.232082439708333
2093	0.94155035	0.97658656935061
2094	0.45042107	0.335558735814491
2095	0.086091047	0.152416124863106
2096	0.053274753	0.0529886012904412
2097	0.183700574	0.36878670079625
2098	0.181570137	0.143966143353932
2099	0.043161446	0.224628428891048
2100	0.022974547	0.358148523755635
2101	0.040616757	0.167960093690603
2102	0.8949244306	0.818135708357386
2103	0.2344045696	0.311218025077571
2104	0.059989877	0.052848618944899
2105	0.0523754773	0.103860130176875
2106	0.18280729	0.294490872361748
2107	0.227193438	0.181934738167
2108	0.2181623064	0.320697012349948
2109	0.0327448327	0.0526166573318376
2110	0.039810773	0.0387075825774074
2111	0.153693288	0.284888232568472
2112	0.274229532	0.209620913835641
2113	0.353013597	0.225138786911302
2114	0.272877198	0.233120041729697
2115	0.118666755	0.107983565632432
2116	0.039774759	0.0516605506179167
2117	0.0184805503	0.0643251281841881
2118	0.157564895	0.185191120720573
2119	0.050015704	0.0841095612350666
2120	0.20830566	0.19102089763848
2121	0.0100295474	0.0199340499319737
2122	0.8292244286	1.00024935507833
2123	0.051779354	0.118014768817162
2124	0.020383628	0.0463840600646491
2125	0.094610611	0.109279278741556
2126	1.3996103941	1.15922246818116
2127	0.054608009	0.102875586586316
2128	0.611893256	0.217225601234482
2129	0.118169086	0.175768455011798
2130	0.1473698825	0.525895365845801
2131	1.018851319	0.936781719568943
2132	1.048359447	0.843876239920676
2133	0.048243655	0.0997333118064063
2134	0.294764492	0.336036502642193
2135	1.188725706	1.13685189835991
2136	0.736865532	0.724899728162619
2137	0.1571539357	0.285994110828718
2138	1.150356205	1.0261045648545
2139	0.080557337	0.159846399412281
2140	0.055474225	0.129109535808198
2141	0.0741947955	0.199126787422475
2142	0.4279599	0.109935047590983
2143	0.216085469	0.204262650941
2144	0.069637958	0.0742704767990476
2145	1.226291705	1.30447049426842
2146	0.741563631	0.758910341047027
2147	0.167649143	0.130454414294461
2148	0.0975801273	0.20454786126518
2149	0.084523369	0.0762146010906989
2150	1.24129099	1.27484114039424
2151	0.187115458	0.289692689141364
2152	0.6384297224	0.688935787872763
2153	1.0481827872	1.13810293976576
2154	0.22033231	0.174889792240556
2155	0.108207159	0.361069496969324
2156	0.8000562406	0.426884302155407
2157	0.272053509	0.227966730427857
2158	0.212517456	0.297666107880602
2159	0.292609407	0.335074269655104
2160	0.174305265	0.126900886358504
2161	0.214670078	0.346784365749118
2162	0.852356537	1.06243970740569
2163	0.092053625	0.158068876057361
2164	0.665941408	0.886872801910921
2165	0.25904591	0.218433193464008
2166	0.168882499	0.381603177550725
2167	0.038972364	0.0945566866059896
2168	0.0181381155	0.0577796304837302
2169	0.22392273	0.122039075007727
2170	0.085424168	0.0664582619068217
2171	0.232812398	0.268510410384022
2172	0.097312066	0.140605178393722
2173	0.1363927173	0.185727247304325
2174	1.0158671696	0.942487071256837
2175	0.095915615	0.183820555160309
2176	0.026688387	0.271499584203821
2177	0.02993326	0.0466609035671171
2178	0.829924869	0.959098380826316
2179	0.042280434	0.0305556086154546
2180	0.022321839	0.045217206055914
2181	0.0029267351	0.0122959140793333
2182	0.03622609	0.0455993499251471
2183	0.050439155	0.0703664824135897
2184	0.413074573	0.643930843360677
2185	0.132751629	0.218462750799917
2186	1.1110225957	0.842115899545
2187	0.022903247	0.0389206006745299
2188	0.030239216	0.0873535026605747
2189	0.048519103	0.197303010016447
2190	0.0216456124	0.0450736181924359
2191	0.294594683	0.0865629380102991
2192	0.0833974045	0.08239818810375
2193	0.07862565	0.04582554278325
2194	0.0413553487	0.137534088578101
2195	0.047261974	0.0558390157385135
2196	0.276653734	0.132789299632764
2197	0.296223694	0.19783427880886
2198	0.10478133	0.300287800426016
2199	0.092891706	0.178766650026216
2200	0.166153179	0.174276100042072
2201	0.0127323455	0.114502480116
2202	0.16966067	0.148511939442333
2203	0.138578628	0.0662228376234188
2204	0.031806006	0.0563231787244086
2205	0.1969240715	0.452889030666626
2206	0.0136803206	0.0203813557236765
2207	0.199563365	0.155837569132841
2208	0.1473138	0.127742055923476
2209	0.027375397	0.0443724967960417
2210	0.186420636	0.0929931826642857
2211	0.021779179	0.0235323639400926
2212	0.152193735	0.240904648103643
2213	0.181049324	0.257993639612879
2214	0.0120636276	0.0332243769810284
2215	0.0155691439	0.0179343622352536
2216	0.050386119	0.0998703350989035
2217	0.175660383	0.516001825823837
2218	0.5132871727	0.183864817380315
2219	0.205878385	0.269827013169518
2220	0.094199638	0.204038126206313
2221	0.13437095	0.0643744382948485
2222	0.039151814	0.04233028676325
2223	0.052117522	0.125623167824167
2224	0.094979039	0.0989101046190541
2225	0.049693346	0.092470528112549
2226	0.135145588	0.108016968770729
2227	0.2780133024	0.318328421456504
2228	0.01640602	0.0299529071313691
2229	0.5438632288	0.389736277712925
2230	0.020894616	0.0548452467731197
2231	0.2296984975	0.150702526104325
2232	0.0098121998	0.0119910444536111
2233	0.236280019	0.117588869419491
2234	0.882252759	0.979983455342143
2235	0.020089032	0.110810414968409
2236	0.045936128	0.05018310208525
2237	0.0121458918	0.0260651454082843
2238	0.36432831	0.430931635051078
2239	0.0112983174	0.0145873124163248
2240	0.880906744	0.997371299183505
2241	0.3265650966	0.2800417320775
2242	0.084000684	0.116729159331441
2243	0.035996283	0.135085571590354
2244	0.084409073	0.0717952239529279
2245	1.234117677	0.964102563528677
2246	0.1245943964	0.109530875357184
2247	0.509779386	0.35112960371049
2248	0.043236978	0.0658430626521739
2249	0.0165098845	0.192356594584167
2250	0.023026343	0.112807292931333
2251	0.184860233	0.207228228003229
2252	0.166071652	0.156645597937278
2253	0.04276425	0.0748381087714015
2254	0.014443295	0.0144937114447312
2255	0.269798589	0.204661174663485
2256	0.108261093	0.278869960667581
2257	0.0173562435	0.0226920015444048
2258	0.035402258	0.113473296593958
2259	0.0171322725	0.0241421616501316
2260	0.050542069	0.108391833534343
2261	0.055942904	0.38419954478114
2262	0.090820482	0.172867566838125
2263	0.094193504	0.0594609872025
2264	0.3010950754	0.151902533574649
2265	0.253804858	0.196823449104295
2266	0.52716827	0.39084772048371
2267	0.24974884	0.419594966273537
2268	1.04284642	0.593529129960135
2269	0.0093914621	0.0129185678815351
2270	0.65172166	0.627891331097236
2271	0.3715207097	0.623568458381538
2272	0.293498597	0.386141246613889
2273	0.161308394	0.151819703730135
2274	0.0101478231	0.0108677438880741
2275	0.177603571	0.232217017960882
2276	0.042912852	0.108166012086712
2277	0.018457191	0.198286371108018
2278	0.286316846	0.37548829243114
2279	1.3190873642	1.24888668770389
2280	0.2123802	0.327216467780573
2281	1.404996239	1.14205406229183
2282	0.037441263	0.10826767114075
2283	0.733229331	0.746492132831398
2284	0.0165120368	0.0119895176643548
2285	0.226217989	0.2064286037535
2286	0.465822367	0.477444082575162
2287	0.0195554541	0.0251990643511765
2288	0.175637449	0.150267903918577
2289	0.04461232	0.06292433699675
2290	0.16805665	0.17537599446027
2291	0.203194536	0.303109365542667
2292	0.043769571	0.0454186217177083
2293	0.0796118287	0.0959998748021171
2294	0.345207956	0.139062403032838
2295	0.2335643996	0.219194065326912
2296	0.077381498	0.115262404006771
2297	0.241494455	0.152601138119667
2298	0.066754314	0.156655690141316
2299	0.7036013414	0.221403020683229
2300	0.027327399	0.195960643602692
2301	1.08241741	1.05758245978045
2302	0.304098359	0.361276310448131
2303	0.07447973	0.116469785333167
2304	0.0682505072	0.182540074799729
2305	0.1534875285	0.301860882851379
2306	0.398363945	0.263846294010155
2307	0.067156637	0.0486418115432927
2308	0.103081474	0.183845775232639
2309	0.9463464655	0.882503971409825
2310	0.022048754	0.057348584942193
2311	0.037146808	0.0397133935904167
2312	0.1869700194	0.182959105232479
2313	0.290642276	0.186849591918728
2314	0.036185919	0.114703538222143
2315	0.076190139	0.215364936454375
2316	0.254795881	0.322564161768252
2317	0.138573503	0.118536083993191
2318	1.0533880652	0.727575822674737
2319	0.377252168	0.247950415491473
2320	0.32507947	0.196306791328667
2321	0.0203138807	0.020723631782906
2322	0.177436323	0.146681779265101
2323	0.098662839	0.0524206347805702
2324	0.73134224	0.648132342448386
2325	0.239355038	0.18244053149963
2326	0.1584709863	0.205228644685526
2327	1.0296421818	0.947679785802045
2328	0.633525351	0.310964363710505
2329	0.5060060057	0.400391691886605
2330	0.405100667	0.259828457513796
2331	0.020529924	0.0856094475749524
2332	0.138052586	0.269439340804899
2333	0.175222849	0.147468745200745
2334	0.202029038	0.236116810456191
2335	0.109346699	0.156535666952149
2336	0.089248755	0.289321777714167
2337	0.0351654543	0.0570010509372764
2338	0.017819445	0.0182227254953226
2339	0.2405180277	0.0562493580131372
2340	0.044462992	0.0422741427613021
2341	0.705317555	0.621393822407874
2342	0.348454796	0.267758223211151
2343	0.150137341	0.160565805012396
2344	0.094332755	0.100517444755769
2345	0.026677276	0.0698530830625676
2346	0.0070767429	0.0148260290626296
2347	0.834469833	0.648813269403507
2348	0.179819399	0.256069949677333
2349	0.050914036	0.0676413788440476
2350	0.133783203	0.116018536225333
2351	0.021472864	0.0695151516846237
2352	0.3216074466	0.22979198413592
2353	0.147374436	0.219751325563217
2354	0.1883941394	0.210161979041406
2355	0.1755412672	0.310360049072149
2356	0.2218185274	0.173001020862188
2357	0.088504534	0.190314854688514
2358	0.164813024	0.155690075308287
2359	0.053709976	0.0629289351234167
2360	0.78209063	0.356101330186124
2361	0.161430208	0.403389092605407
2362	1.0805661993	1.0343193596301
2363	0.9858921256	0.789296833426716
2364	0.568863995	0.386274817092072
2365	0.79517276	0.298292071113333
2366	0.601386862	0.352342502656351
2367	1.210872203	1.22833177964272
2368	0.134916465	0.0992932593387374
2369	0.452549004	0.173978787012313
2370	0.18261335	0.155799018848667
2371	0.8427034835	0.850020959392796
2372	0.07566487	0.0653440848313462
2373	1.153389774	0.862982351124306
2374	0.0096964526	0.0254354624271318
2375	0.278639467	0.149242487967458
2376	0.340032244	0.500934790713978
2377	0.061503326	0.0958157071600438
2378	0.079117571	0.200083565277549
2379	0.6773049256	0.522427668314444
2380	0.052738373	0.0357997180065556
2381	0.027041551	0.0297833090022685
2382	0.0109292853	0.0120838073626882
2383	0.3292914537	0.21862155314623
2384	0.4353179533	0.45312824685242
2385	0.120055504	0.223866775143657
2386	0.109687642	0.229626711975808
2387	0.0148931323	0.0744351111891667
2388	0.082753743	0.155463775670324
2389	0.0088385487	0.0160528780364103
2390	0.2117954067	0.245683862470813
2391	0.297123222	0.359861222963821
2392	1.0960246464	1.1829287591787
2393	0.1456064483	0.257764126577689
2394	0.1331104184	0.198783182987149
2395	0.0152209454	0.0193647959464646
2396	0.286433801	0.248280726446202
2397	0.0743587873	0.118654513157238
2398	0.4110006433	0.39834169240386
2399	0.325262294	0.195254457549219
2400	0.2528028	0.174727075042941
2401	1.021432779	0.60275447528625
2402	0.586541913	0.181438325019111
2403	0.033532584	0.037749594932807
2404	0.00586091	0.251482818250389
2405	0.302264756	0.357809881004431
2406	0.037429857	0.0877738847741333
2407	0.050092522	0.0772874966907723
2408	0.134442598	0.185765691909379
2409	0.06636875	0.118334067195139
2410	0.096569797	0.182798388124797
2411	0.180456795	0.2938339364265
2412	0.134171958	0.246082729224389
2413	0.135626544	0.123764756453162
2414	0.025553813	0.0274864625613063
2415	0.061712257	0.134737214484693
2416	0.04310402	0.0985613019537501
2417	0.253795584	0.412896814809514
2418	0.85972622	0.832111355634797
2419	0.0131096127	0.0297845242673932
2420	0.030676774	0.0483537744368651
2421	1.100562762	0.795819157554012
2422	0.202223823	0.307147868239314
2423	0.066049883	0.184917653939291
2424	0.2518982	0.240128006231905
2425	1.63411135	1.17246718997352
2426	0.886948205	0.785732974135513
2427	1.429697191	1.04522870053858
2428	0.2229570304	0.37764161119735
2429	0.158386412	0.0828437418441228
2430	0.200523689	0.243605751768088
2431	0.222582937	0.234971448712552
2432	0.297639343	0.239774487923081
2433	0.533201408	0.289406989913222
2434	0.521116598	0.218682132219056
2435	0.093773725	0.0367683535291319
2436	0.043404127	0.0849616276042647
2437	0.0139327394	0.030276026528
2438	0.267103968	0.229858883048469
2439	0.015947037	0.0190489027968687
2440	0.421189602	0.130442161861833
2441	0.0679355662	0.0943506628144949
2442	0.3674135	0.363062107396111
2443	0.0311497725	0.169697548949333
2444	0.1547290324	0.295716616326212
2445	0.0672383844	0.0461288406807083
2446	0.4833202924	0.311414272059324
2447	0.1584702304	0.0630033414152381
2448	0.024330966	0.0841911778750757
2449	0.293713775	0.379163080529643
2450	0.044065929	0.230890374278902
2451	0.345983973	0.32370477842636
2452	1.004317527	1.04756392302079
2453	0.33810637	0.362620719290115
2454	0.301065321	0.195093257974915
2455	0.046072941	0.0977844980733772
2456	0.0082664803	0.0256396764920417
2457	0.202986221	0.431064196021171
2458	0.099515359	0.17539981134693
2459	0.185805669	0.132972132959167
2460	0.859818751	0.469294693414398
2461	0.231209929	0.327294108085657
2462	0.015219445	0.0174044790755833
2463	0.067113805	0.194807451973519
2464	0.270176797	0.113267593285404
2465	0.208295754	0.141079007816667
2466	0.134854253	0.0957936150765657
2467	1.2611120937	1.12456903784454
2468	0.2728261466	0.200539331650505
2469	1.109375799	0.999371727395805
2470	0.613169568	0.513987530165521
2471	0.048431551	0.0393608538809524
2472	0.387740868	0.192427993128294
2473	0.069467029	0.148228421661306
2474	0.9015550707	0.805997327904841
2475	0.452528982	0.31192427169152
2476	0.4075785597	0.735414500667477
2477	0.266131772	0.334468245378143
2478	0.70485415	0.571753597303854
2479	0.099962765	0.0240156432936458
2480	0.023800512	0.0376179825761111
2481	0.015642941	0.016770915802
2482	0.4604430015	0.224977142460417
2483	0.192347348	0.154247660644693
2484	0.162992786	0.192576228224187
2485	0.1075327924	0.301355100599551
2486	0.012959886	0.0243520508277778
2487	0.057688916	0.0463320912052536
2488	0.094110668	0.239103093127167
2489	0.58572822	0.398908522382059
2490	0.3997455565	0.451817290113547
2491	0.0399468937	0.0112090284658571
2492	0.16592241	0.409174317762815
2493	0.271248058	0.0878555508017054
2494	0.026676594	0.0468265020783838
2495	0.8104206514	0.496988766548857
2496	0.515298308	0.544943109391739
2497	0.36938964	0.375845979601057
2498	0.043468493	0.113908901879458
2499	0.028874439	0.02205638987875
2500	0.3024342465	0.24307993940527
2501	0.1640278487	0.234332265372593
2502	0.0037269825	0.0105272347395299
2503	0.1480367533	0.241354194108523
2504	0.0857921924	0.136941739668982
2505	1.0523928016	1.00340554801874
2506	0.16053886	0.297435106757658
2507	0.058200678	0.036248276253018
2508	0.070826141	0.122810785579402
2509	0.030088939	0.13340275211828
2510	0.061864452	0.116453851650203
2511	0.03067138	0.0448793773136782
2512	0.086159848	0.287062215724495
2513	0.1257762767	0.126755032235469
2514	0.357827753	0.278166860600285
2515	0.34571287	0.191835206964188
2516	1.1792370264	1.21686958857656
2517	0.019792449	0.0583974252843023
2518	0.244191334	0.310956361653333
2519	0.175941802	0.248075385219697
2520	0.090718448	0.153242987475202
2521	0.045147088	0.0605312691422549
2522	0.1472024643	0.346208867653177
2523	0.1353139122	0.101505567186574
2524	0.079587743	0.0464656954437255
2525	0.0101344523	0.0201239530288889
2526	0.228274947	0.199577063557368
2527	0.073599312	0.093490770748368
2528	0.351539313	0.145627957431111
2529	0.538658825	0.461479023892188
2530	0.464268469	0.402554518327368
2531	0.303998837	0.211302186927222
2532	0.0073980747	0.011167331233018
2533	0.15418555	0.275221865239685
2534	1.2598131225	1.22460666102544
2535	0.010710314	0.0149059595293434
2536	1.072276152	0.764393818762193
2537	1.086303962	1.19004968260423
2538	0.021835967	0.0167177173312121
2539	0.706779617	0.425687999434815
2540	0.1443540685	0.0856876143180272
2541	0.028900909	0.0552160179536822
2542	0.3298983215	0.325430792419872
2543	0.44866955	0.222017290009643
2544	0.835539208	0.599778611952593
2545	0.206873248	0.216129708106413
2546	0.1799999632	0.213588726677439
2547	0.033102572	0.0582386705623984
2548	0.2295132687	0.20284468985141
2549	0.051309052	0.060411532592402
2550	0.054414702	0.248518237470714
2551	0.0667569197	0.074610921431375
2552	0.12541167	0.115858314567658
2553	0.28522487	0.360602261281974
2554	0.012033985	0.0396035203125238
2555	0.337411585	0.338843345588509
2556	0.169533493	0.0736069761853125
2557	1.647291457	1.06922426061995
2558	0.018246204	0.0361239707433761
2559	0.0337399	0.579378865080143
2560	0.496875885	0.391308255017222
2561	0.126208806	0.10547082521874
2562	0.0097448293	0.0132177120753431
2563	0.025425117	0.0562385691495833
2564	0.069291404	0.0451742084798016
2565	0.0238189988	0.0685752070469118
2566	0.029366828	0.0470285329713415
2567	0.132862568	0.151260990448762
2568	0.0193855925	0.108058018776786
2569	0.048058525	0.0304720977257843
2570	0.211024568	0.198113974075889
2571	0.125666349	0.124871282923905
2572	0.5316934	0.33974323403402
2573	0.210385338	0.131922170615513
2574	0.207344396	0.198125517260645
2575	0.108900144	0.167277332348947
2576	0.44023044	0.203987413168208
2577	0.7174895795	0.180953460933519
2578	0.031690859	0.0346842979222222
2579	0.0065568621	0.0130171626641429
2580	0.013948561	0.0482892538463542
2581	0.025483596	0.0281465581190476
2582	0.7860827668	0.560880145390171
2583	0.350972928	0.207322527874701
2584	0.088082424	0.427483362234079
2585	0.0124976478	0.0249881307595833
2586	0.2041052074	0.284785804846473
2587	0.0510844236	0.0678677479946491
2588	0.078747634	0.157574219226759
2589	0.0107469776	0.0392094262063636
2590	0.2123988685	0.201478552335521
2591	0.0545521537	0.112525793889369
2592	0.0140076444	0.0424330725640323
2593	0.164512895	0.205756330111162
2594	0.830868736	0.793603524237925
2595	0.5718582586	0.808210154829189
2596	0.236435249	0.275581875955463
2597	0.0770776405	0.184056104676911
2598	0.0084216675	0.0141620231116667
2599	0.0943546976	0.245994029545
2600	0.0154413466	0.0139244960382407
2601	0.11672231	0.259826582882222
2602	0.0616688394	0.116917944152072
2603	0.9410316	1.01207286901274
2604	0.174563679	0.376607157923611
2605	0.37166117	0.241999919735625
2606	0.3860529071	0.325364942075333
2607	0.0116235628	0.0638555539113821
2608	0.052956266	0.0635200392447037
2609	0.120295456	0.344045145009693
2610	0.060647251	0.269671428243852
2611	0.0124897415	0.0189494964446465
2612	0.043442616	0.0160575001314966
2613	0.053858915	0.211725140856149
2614	0.927458403	0.46357740215527
2615	0.1376804183	0.239595238881123
2616	0.37851034	0.275565842996865
2617	0.213596514	0.180542645303056
2618	0.393635893	0.255095578226381
2619	0.012016424	0.0144873365774242
2620	0.085442047	0.21840784417287
2621	0.027022839	0.0330363107486111
2622	0.0790864445	0.112239370935231
2623	0.1736851207	0.258896663081577
2624	0.137390253	0.257438330178833
2625	1.1052068245	0.860133474874573
2626	0.358533468	0.109111187780046
2627	0.0071997113	0.0126052841977273
2628	0.0100237244	0.0194941078929675
2629	0.023909402	0.0278592204392593
2630	0.310814806	0.217980410651714
2631	0.0082052348	0.0169390719713964
2632	0.100045797	0.262807845464896
2633	0.2651310285	0.23825324271549
2634	0.0078913835	0.0315249487990698
2635	0.020865444	0.0223440636021429
2636	0.232039191	0.138440288777949
2637	0.07093257	0.0631455509462255
2638	0.0154693789	0.023190201730641
2639	0.2712723	0.239613374771952
2640	0.059571348	0.0629124965053226
2641	1.055666838	0.988859857244615
2642	0.103110971	0.248798302264537
2643	0.126222121	0.188374278720556
2644	0.090363561	0.0560022017850813
2645	0.126915716	0.180906706476316
2646	0.12975966	0.0732654259282871
2647	0.1076973407	0.0870122914191288
2648	0.375184997	0.217933227609658
2649	0.153079278	0.115026288511
2650	0.23010456	0.176918268738218
2651	0.1997635613	0.126392586973506
2652	0.11278938	0.282499207705
2653	0.112591997	0.117168554419685
2654	0.091367073	0.253729201642048
2655	0.770273993	1.07314140017044
2656	0.0666249	0.0808076456066111
2657	0.057454778	0.0765799146094583
2658	0.186946269	0.27557337603906
2659	0.23820758	0.123161578087029
2660	0.011748752	0.358406890812549
2661	0.147925123	0.237703242999829
2662	0.040335068	0.0890144393596465
2663	0.0361512665	0.0857488550933871
2664	0.068738011	0.114923242749143
2665	0.1546279765	0.060170285322439
2666	0.13686944	0.0769374626951667
2667	0.0149580415	0.0437783637050595
2668	0.4800096672	0.334605483029516
2669	0.656264958	0.630927856023857
2670	0.5666452244	0.562062750514941
2671	0.43144872	0.341975627401667
2672	0.061085245	0.023718109839693
2673	0.375801524	0.146765811498395
2674	0.129573741	0.0960775863896237
2675	0.0218877435	0.0436071824607576
2676	0.281217522	0.20882159636482
2677	0.026211845	0.0568699219241176
2678	0.294518664	0.130126635545317
2679	0.1138696276	0.140421394896828
2680	0.3966538746	0.307991666196083
2681	0.126074945	0.629934094325115
2682	1.332882504	1.27432034142783
2683	0.067445407	0.0582973663504825
2684	0.030338712	0.074544476100921
2685	0.89079535	1.06218017231225
2686	0.102532175	0.05723960781825
2687	0.0623180327	0.0619454915038571
2688	0.0865873437	0.11498092463943
2689	0.017621587	0.0163391326018699
2690	0.2390085126	0.315248368696158
2691	0.126733732	0.0594858367955093
2692	0.203470029	0.265180128925
2693	0.124672005	0.15556452035049
2694	0.035159113	0.0364531353835
2695	0.1640914588	0.174450774486162
2696	1.304955685	1.19760633531489
2697	0.15254001	0.0827005772741177
2698	0.021360323	0.0198303679447287
2699	0.8345045825	0.901604628257207
2700	0.39334493	0.18418730865506
2701	0.5676502237	0.496852401705222
2702	0.200934185	0.214943389141616
2703	0.668620756	0.565054745699667
2704	0.298919812	0.292241530009542
2705	0.786272197	0.6142935582725
2706	0.014311052	0.017399935711129
2707	0.0953670327	0.274213443604144
2708	0.22380626	0.082274071707265
2709	0.036573981	0.0958837520080952
2710	0.53066683	0.187124175325267
2711	0.0151342713	0.0239563728936842
2712	0.011114493	0.0725871071834524
2713	0.95209761	0.890283140980417
2714	0.185192275	0.407249741858407
2715	0.019342234	0.149118035596042
2716	0.111416033	0.151733455665278
2717	0.532044915	0.230515357072613
2718	0.464439462	0.31040211009175
2719	0.3466990947	0.37922453880799
2720	0.1825568692	0.330344423083333
2721	0.188555278	0.17561403779454
2722	0.011706156	0.0274738842381019
2723	0.1095885085	0.0962488697755914
2724	0.197239897	0.326833286969804
2725	0.0376547587	0.0666808974962719
2726	0.0320300755	0.0391579950356667
2727	0.275667824	0.526580718171953
2728	1.111698215	1.27584954312924
2729	0.28155701	0.44410074113474
2730	0.14313903	0.263560087898935
2731	1.277457255	1.12110024764911
2732	0.759929274	0.541759427806754
2733	0.29930058	0.224076425965972
2734	0.125986936	0.167659397429815
2735	1.22282838	0.840957223925417
2736	0.124737754	0.162366151257176
2737	0.6743660065	0.450337559912546
2738	0.8872076105	1.10308386237905
2739	0.0094588908	0.0865626147194624
2740	0.0089939497	0.0670806052360753
2741	0.0102141283	0.0161643518828161
2742	0.035528877	0.161274644566444
2743	0.0525726627	0.0379667468889912
2744	1.143550578	0.766675405242857
2745	0.033436795	0.0957975339841464
2746	0.063001828	0.356877020590602
2747	0.094245149	0.0825308438027027
2748	0.109354765	0.101682652872135
2749	0.038031712	0.0415957562121667
2750	1.606498042	1.25056916725341
2751	1.398723712	1.13577347737061
2752	0.0098288277	0.0189444452305
2753	0.183371998	0.0766884783412195
2754	0.216738008	0.232720827825796
2755	0.0282904985	0.133191153216952
2756	0.0120528924	0.0580748167331624
2757	0.475672541	0.277103692171009
2758	0.058396874	0.351377216975926
2759	1.177027747	1.09028347944837
2760	0.619576057	0.313157756964959
2761	0.138863382	0.0796155340249074
2762	0.085704531	0.154887298663873
2763	0.021558539	0.0286042725613636
2764	0.020861161	0.102297470656482
2765	0.41908673	0.363467238192447
2766	0.118652427	0.336315139351961
2767	0.032552562	0.0743844611971429
2768	0.104181556	0.0545609721993333
2769	0.229045443	0.172393026222185
2770	0.0115371083	0.0178913272704054
2771	0.8298625186	0.907784940683802
2772	0.098019422	0.123089746835417
2773	0.025350715	0.0204951466331301
2774	0.145091344	0.110463737732353
2775	0.96265233	0.944234087204844
2776	0.1360988853	0.159820694207323
2777	0.8621540959	0.531522765710556
2778	0.026057653	0.026751808585381
2779	0.04963994	0.111393425823214
2780	0.021270067	0.0501067338139431
2781	0.84684769	0.610994229008333
2782	0.038129094	0.0641516998784722
2783	0.0176856417	0.018113735619009
2784	0.808559201	1.08285049965053
2785	0.199765166	0.261639710702208
2786	0.122463944	0.287867577280833
2787	0.0168714495	0.0307014591753571
2788	0.1017849456	0.1709502230496
2789	0.020229851	0.0270837071982479
2790	0.027645712	0.0380139365022222
2791	0.416161513	0.427909919545049
2792	0.0212616673	0.0579736354886404
2793	0.0344499255	0.0280063068204505
2794	0.07732859	0.107743520591863
2795	0.1619799272	0.299645110692626
2796	0.0124980667	0.0155640531120833
2797	0.0119883977	0.0108574865563333
2798	0.056578961	0.0362879528160345
2799	0.1719442544	0.0317427069292308
2800	0.0178008734	0.0117142350873148
2801	0.0149720079	0.0432509091397009
2802	0.0235932935	0.0437993681489524
2803	1.27772523	1.24472818165209
2804	1.279722958	0.952436811899658
2805	0.111822095	0.158069825234127
2806	0.288216918	0.278517666291212
2807	0.948394475	1.03619944778112
2808	0.030296287	0.095341595365101
2809	0.266228007	0.0822272796621622
2810	0.039026997	0.0531840747029487
2811	0.33092496	0.246744672085625
2812	0.1366632086	0.240179919522798
2813	0.0130983693	0.0229705564127778
2814	0.098927513	0.0505064827051754
2815	0.6677949742	0.413446841563232
2816	0.010635533	0.0982919481760897
2817	0.021888885	0.0632417264851754
2818	0.045458696	0.0774341381351333
2819	0.128525217	0.0522963723344086
2820	0.065922309	0.0498998033202857
2821	0.0929233812	0.198955909010303
2822	0.182210817	0.387799233957688
2823	0.5822319612	0.393171743207292
2824	0.493267925	0.196741095441667
2825	0.124199068	0.192633523077524
2826	0.0106439193	0.0155627467985772
2827	0.254785839	0.188898214895625
2828	0.060952689	0.0765565982980209
2829	0.2261996	0.167549733722632
2830	0.04557468	0.12280214075235
2831	0.125090141	0.180367487497849
2832	0.2670201755	0.446050941275245
2833	0.116863719	0.18929152356672
2834	0.062131277	0.0467116892373932
2835	0.041963632	0.0309417621606452
2836	0.04056756	0.149110324292778
2837	0.366477487	0.288058988760088
2838	0.085249686	0.217634325362917
2839	0.2508895758	0.208998583495864
2840	0.049934087	0.0626259295938462
2841	0.487534426	0.278518420591078
2842	0.58287188	0.34995477233061
2843	0.0060755403	0.0273031851968982
2844	0.0099702436	0.0143925235139899
2845	0.287052955	0.35181451209598
2846	0.0115603886	0.0341234462548291
2847	1.0360224814	1.1070136245996
2848	0.100958801	0.0872090166005555
2849	0.669032807	0.492828977932317
2850	0.0112688357	0.0311260591178947
2851	0.037963736	0.0811398880382292
2852	0.5512758496	0.319359759494896
2853	0.018464011	0.034709139657598
2854	0.041725123	0.115675649672973
2855	0.044449035	0.182070244231444
2856	1.58052711	1.07098752838148
2857	0.02709141	0.0444666808132828
2858	0.38085849	0.271397777157765
2859	0.5716206515	0.439209865722619
2860	0.6516163548	0.75430130176
2861	0.086603308	0.144158565401716
2862	0.4774774095	0.668011154482269
2863	0.379962799	0.297644401244676
2864	0.121656133	0.196078478745833
2865	0.273600586	0.273784757201667
2866	0.501661297	0.241771504480619
2867	0.309104846	0.212752180339017
2868	0.140852723	0.194555343395952
2869	0.1354954832	0.158751814623687
2870	0.6764666595	0.258150471683509
2871	0.0845271705	0.158907737062778
2872	0.168354786	0.24167220490162
2873	0.5605992646	0.464268938863873
2874	0.161062061	0.282465782268088
2875	0.411801952	0.471064305456097
2876	0.064923097	0.0667192630471667
2877	0.130065424	0.296995121835407
2878	0.051899785	0.181515539346833
2879	0.075742433	0.0857672243962037
2880	0.014564851	0.0134113127448148
2881	0.0060528344	0.0133042822665556
2882	0.17759902	0.11151442684631
2883	0.086824996	0.302218380853419
2884	0.0127665297	0.0186236388626296
2885	0.049224889	0.0843017596401351
2886	0.0672555896	0.072572822199375
2887	0.4738502515	0.442544690193553
2888	0.209502461	0.146400456638384
2889	0.193217812	0.539778648241974
2890	0.0962978403	0.0987313092676191
2891	0.77400949	0.896706364379429
2892	0.78272637	0.302959641289722
2893	0.286931216	0.119117729421026
2894	0.183253624	0.233958420924612
2895	0.0154810407	0.0898840435898374
2896	0.0180153633	0.0311011585232018
2897	0.1046267866	0.247086534551623
2898	0.1797249035	0.238966358542674
2899	0.420329211	0.269098842667255
2900	0.994776726	0.909925398706148
2901	0.31663029	0.18482656802939
2902	0.472318363	0.325423573533333
2903	0.011501126	0.0249747501185484
2904	0.092812246	0.211710965430215
2905	1.398493014	1.21668622935905
2906	0.152839237	0.178807758671566
2907	0.0737234974	0.0816405317546
2908	0.0055429423	0.012041454918592
2909	0.39397923	0.666935143955516
2910	0.020457299	0.0633964176289062
2911	0.0196186656	0.0191966479277407
2912	0.023342052	0.206283796636026
2913	0.0134526646	0.0117797067982258
2914	0.0147727447	0.0927348841434445
2915	0.15433284	0.261820833251081
2916	0.0254345666	0.106459317796768
2917	0.162586033	0.224122643088289
2918	0.204321468	0.233417704203437
2919	0.37948438	0.329202533059461
2920	0.106090988	0.237746421204542
2921	0.026481368	0.185406075961458
2922	0.3386506616	0.285201610335395
2923	0.144448465	0.136791362658873
2924	0.325260754	0.137400707634955
2925	1.0144631353	0.96862635093162
2926	0.0209986517	0.0409979418727619
2927	0.0102787584	0.0330010654895417
2928	1.000450306	0.539199182388286
2929	0.104250555	0.235097909956292
2930	0.040073066	0.0776807766316667
2931	0.0257977295	0.0711090197070513
2932	0.076656528	0.0350196134060417
2933	0.77845752	0.568466869306111
2934	0.3512718205	0.325372557211061
2935	0.0153703785	0.0172688149354065
2936	0.0221743305	0.0255695251100855
2937	0.23198808	0.207645383698125
2938	0.0073237377	0.0131719620232479
2939	0.75735332	0.771631904127396
2940	0.0087290324	0.0518025608314634
2941	0.035162191	0.0247860575621458
2942	0.153242409	0.0596267567061111
2943	0.55207567	0.515118252598214
2944	0.175501715	0.0877643310927778
2945	0.020507057	0.0446109718675
2946	0.953692	0.596071229026742
2947	0.041211688	0.0656154592688034
2948	0.105403307	0.191726412787381
2949	0.029929548	0.0434516609073016
2950	0.23770033	0.1436051098685
2951	0.087499492	0.0329579625825
2952	0.326988169	0.308013295932277
2953	0.023412336	0.0267569547519919
2954	0.200447625	0.322058698446667
2955	0.272374925	0.3383144262342
2956	0.051499564	0.146763644271125
2957	0.22083154	0.197076861320172
2958	0.195346264	0.09879533634539
2959	0.013304417	0.0124590015858796
2960	1.6586009105	1.43980237532298
2961	0.044919318	0.0385280687152652
2962	0.290158144	0.212653141547713
2963	0.042792657	0.0460019285938739
2964	0.416810346	0.523412531555556
2965	0.0087630972	0.013346000754951
2966	0.178907686	0.0863157347622523
2967	0.270862889	0.275221376748586
2968	0.156354455	0.237388188255351
2969	0.218265767	0.282595709001857
2970	0.028253711	0.0358895617067157
2971	0.023468805	0.161400565527758
2972	0.2059393	0.201494601272685
2973	0.999634988	0.980957375565432
2974	0.021505011	0.0253432602151389
2975	0.0145366065	0.0472500201003704
2976	0.0228672835	0.0286129144115812
2977	0.0116010325	0.0612045005756019
2978	0.1460685773	0.439531296635676
2979	0.086993828	0.360864059407095
2980	0.166634244	0.0832924390942157
2981	0.11537635	0.0642476282166667
2982	0.037906242	0.294986813373761
2983	0.362328198	0.228745530484762
2984	0.128153001	0.20399307743098
2985	0.074724782	0.0475013306669658
2986	0.0112087025	0.0175147947709677
2987	0.105747836	0.0818708088428736
2988	0.107300824	0.0698831100334259
2989	0.1174622895	0.0599750838567709
2990	0.60938224	0.402599216411613
2991	0.1723670681	0.265645883081716
2992	0.147360692	0.0951300921676563
2993	0.447613408	0.228941080522667
2994	0.298253113	0.263014648803559
2995	0.116446425	0.200760675429462
2996	0.18876624	0.108906197752412
2997	0.092988236	0.0998241266943434
2998	0.065211636	0.183744175684905
2999	0.0120160763	0.0516424101544737
3000	0.0809111713	0.137521255893676
3001	0.3449152588	0.305449949164484
3002	0.2209752897	0.164283374039136
3003	0.1534337863	0.0834078209326423
3004	0.2731093395	0.228520738673559
3005	0.0398073204	0.0314682385641111
3006	0.136703256	0.223615872561325
3007	0.241524695	0.127433168463198
3008	0.018992356	0.10075168499439
3009	0.2837474056	0.356576463787838
3010	0.078559528	0.0437244895786957
3011	0.196097682	0.787123959290333
3012	0.141195704	0.566330591757871
3013	0.097494155	0.111319025762865
3014	0.0082706	0.0113531336974786
3015	0.039986198	0.250525823169775
3016	0.320524954	0.288560284955538
3017	0.062454001	0.0416333127119231
3018	0.295293932	0.491597760625952
3019	0.109723952	0.280488259081786
3020	0.380278055	0.247333599871631
3021	0.070490923	0.0750641520971825
3022	0.032079015	0.0247164404763235
3023	0.318732418	0.267764358149561
3024	0.1888780786	0.218846427773723
3025	0.548136965	0.209332503491389
3026	0.1152940852	0.28711275905087
3027	0.1238141097	0.0702690523809829
3028	0.1282567355	0.108443896328222
3029	0.022264005	0.0983583601443549
3030	0.80789217	0.657925212603103
3031	0.038106309	0.0580063560447436
3032	0.053743738	0.089378950138547
3033	0.3730226805	0.534215176058984
3034	0.5495825014	0.300215683145388
3035	0.1300008858	0.291727953325
3036	0.181997856	0.290348525607586
3037	0.1815176484	0.229063340865083
3038	0.0154249325	0.0771938383983674
3039	0.200355329	0.230236772563294
3040	0.036974195	0.0321399333857895
3041	0.126121196	0.118953220679318
3042	0.172163503	0.300261922484823
3043	0.06658528	0.0668321225514228
3044	0.085712259	0.0746385594865741
3045	0.359798341	0.304465295613857
3046	0.026968435	0.0296803385858333
3047	0.047740533	0.0315786777374359
3048	0.026588575	0.035194443037094
3049	0.044626773	0.0674384725049495
3050	0.013381523	0.0143957758337719
3051	0.496587603	0.234086890950631
3052	0.076928439	0.0757338647649225
3053	0.281914685	0.278266281568488
3054	0.022605694	0.0801946965534722
3055	0.94772845	1.15714799357926
3056	0.87870997	0.488982311487598
3057	0.744482272	0.350321866270509
3058	0.072663619	0.0465518383223899
3059	0.18495237	0.301914209719238
3060	0.1772764265	0.147852402821538
3061	0.02234328	0.091996856011713
3062	0.581229907	0.442948645624444
3063	0.07476378	0.0652327353395299
3064	0.091316794	0.213163376569612
3065	0.26734232	0.234486066221717
3066	0.099045095	0.0313667128644697
3067	0.21883266	0.191425694169008
3068	0.0148539583	0.0402066941594
3069	0.05271356	0.0894586906754701
3070	0.018317039	0.171180871208903
3071	0.075683979	0.116620818708148
3072	0.157491527	0.175885801709167
3073	0.1621111654	0.179170931483741
3074	0.049063972	0.0884594115096667
3075	0.392303079	0.208174541446585
3076	0.157786252	0.189930481831795
3077	0.127548437	0.254185759205635
3078	0.024023051	0.0525243820505208
3079	0.84163904	0.754593999012892
3080	0.070004141	0.272520607929009
3081	0.076391689	0.268357201773148
3082	0.113351576	0.0970376045244565
3083	0.422870137	0.39261008336
3084	0.60473911	0.404301601460652
3085	0.072972167	0.265167176544643
3086	0.2940244926	0.463893355130451
3087	0.115913768	0.378844513914167
3088	0.028955265	0.0142442143609596
3089	0.292952457	0.384220007647026
3090	0.138982617	0.152700623993667
3091	0.0154710114	0.0173172173746914
3092	0.1701728174	0.579709688797988
3093	0.286246158	0.190413487385427
3094	0.039581919	0.116548594920722
3095	0.078472616	0.0423728045186036
3096	0.133902953	0.172211468717626
3097	0.031296704	0.124210316246068
3098	0.043751756	0.0369022165691379
3099	0.775358914	0.69888315056053
3100	0.019012177	0.0233612971254545
3101	0.776251031	0.510903658310492
3102	0.018341667	0.0274398125623106
3103	0.321523082	0.174844142489242
3104	0.247153338	0.176872355435789
3105	0.170427407	0.231758766203678
3106	0.20953625	0.2096112743895
3107	0.113188144	0.0236645039037374
3108	0.053403512	0.0796183810108889
3109	0.040036441	0.063817629114853
3110	0.2786889864	0.390200896820784
3111	0.017777022	0.0590929591195714
3112	0.073993402	0.0629506357060784
3113	0.013156917	0.0598776572018056
3114	0.0233705415	0.114722213717778
3115	0.233982735	0.25525183710581
3116	0.107731483	0.136767559086629
3117	0.8316292029	1.18704275931428
3118	0.3247753264	0.241999509172857
3119	0.5198837109	0.502736331322436
3120	0.080803945	0.0990355224365
3121	0.0183406463	0.0203979098277236
3122	0.573881596	0.399951466238295
3123	0.032152057	0.0365202025189167
3124	0.012332433	0.0634912023185898
3125	0.140960026	0.163877345895354
3126	0.1707739572	0.286833045504596
3127	0.075527199	0.0994001696413131
3128	1.200012733	1.13328384971093
3129	0.057716703	0.191584516589445
3130	0.027054179	0.0571823862544445
3131	0.402854719	0.264566290899186
3132	0.069235854	0.0848052032098684
3133	0.276638346	0.122692916883699
3134	1.256096187	0.993724567042938
3135	0.137381182	0.0529935187102137
3136	0.151574734	0.240071819423153
3137	0.394639023	0.509693517930175
3138	0.47468318	0.327316790393293
3139	0.156777305	0.205384846292674
3140	0.721241723	0.830715511814542
3141	0.0124608813	0.0438473812089167
3142	1.190476459	0.967513466386162
3143	0.039174044	0.0456524841884762
3144	0.072597317	0.091646678250307
3145	0.140975978	0.208110101335854
3146	0.412097665	0.349465763377222
3147	0.21748017	0.125326618374531
3148	0.0347125647	0.0175358311881624
3149	0.9949647714	1.15857723183255
3150	0.165470966	0.225980473774444
3151	0.2286339544	0.199849015008772
3152	0.19756068	0.3480483367872
3153	0.044897519	0.0942803843978846
3154	0.0232754	0.0234351452789167
3155	0.444128	0.661623451190792
3156	0.184686598	0.246061924122936
3157	0.807174298	0.46945590248825
3158	0.300133547	0.191102690632281
3159	0.619370756	0.5546797546688
3160	0.2631777627	0.172453460165606
3161	0.178549569	0.425969079616829
3162	0.4264877352	0.354210016927
3163	0.041619875	0.145121557360333
3164	0.02954451	0.0415695250540741
3165	0.3798844885	0.252333159807527
3166	0.071001222	0.0596580188970721
3167	0.046492235	0.0340271410356098
3168	0.218073549	0.219582956988007
3169	0.259003179	0.297662320697114
3170	1.245714551	0.871300422704958
3171	0.205379489	0.0402506252381852
3172	0.092110695	0.200024635181615
3173	0.519606035	0.244430335510556
3174	0.2895029456	0.105534408715072
3175	0.029322786	0.024158946244381
3176	0.058268787	0.0592605827931746
3177	0.111874607	0.163972766472364
3178	1.0488714863	1.17933501884528
3179	0.2248215948	0.221695157802625
3180	0.0317756444	0.034782772981036
3181	0.179605265	0.0968923266544047
3182	0.061489684	0.233420895112558
3183	1.1440510606	0.946583667622794
3184	0.512006629	0.196443360992132
3185	0.14922669	0.234092726488833
3186	0.03304982	0.0270726534616111
3187	0.738249064	0.52447144572
3188	0.23464889	0.214145065005245
3189	0.07694525	0.133965107675917
3190	0.09910368	0.111267634978667
3191	0.01898048	0.0188923629565972
3192	0.1327493515	0.191325751717688
3193	0.280742806	0.0874025449635088
3194	0.0170126546	0.0433475171714516
3195	0.036072526	0.0705294063219697
3196	0.3815731	0.407249382149219
3197	0.01898374	0.0355053176516667
3198	0.582181042	0.846537552536061
3199	0.224126713	0.325423264797067
3200	0.009848173	0.0191131471782222
3201	0.4333041617	0.263508862465447
3202	0.026875403	0.0399332275292083
3203	0.14256673	0.15414955958886
3204	0.739043677	0.541450228519583
3205	0.287055935	0.283818107691716
3206	1.0026120895	1.00015590129146
3207	0.731649826	0.507997102791778
3208	0.0163337128	0.0290446470063636
3209	1.516486864	1.17953332576233
3210	0.0139144888	0.298816543087708
3211	0.105243781	0.236692163957268
3212	0.047061258	0.0294952874483871
3213	0.3540700207	0.343091831340417
3214	0.152890435	0.397616389502381
3215	0.4281265353	0.301668256793102
3216	0.5771471888	0.366901141775875
3217	0.2750845764	0.279805191303378
3218	0.2081358405	0.160296006697097
3219	0.04435331	0.0983189455698095
3220	0.0154399753	0.0194030311954321
3221	0.30031999	0.352899880667658
3222	0.0259088487	0.164043530488504
3223	0.0085839607	0.0435348776235238
3224	0.118353929	0.0872800735795454
3225	0.044012005	0.313899227253722
3226	0.233214014	0.216515481456626
3227	0.120106092	0.119928450983381
3228	0.942085666	1.12447155059417
3229	0.17844388	0.092521114610045
3230	0.233311773	0.182594371103761
3231	0.018396847	0.0791221234105285
3232	0.79116489	0.541508936261926
3233	0.1190132925	0.0696335287632246
3234	0.088702127	0.0439767606436111
3235	0.017711981	0.0240976222682857
3236	0.179673464	0.114042580718619
3237	0.011170168	0.018943659939798
3238	0.92116153	1.10263343034371
3239	0.136049069	0.304055160295125
3240	0.055544702	0.0572927129327193
3241	0.021924821	0.116874610159841
3242	0.2401982015	0.263554289636097
3243	1.623454572	1.19957675471167
3244	0.137817924	0.373572616586022
3245	0.121221594	0.189186002557436
3246	0.0110888365	0.0390786776266667
3247	0.186162119	0.160631568393472
3248	0.039406752	0.0374616108831905
3249	0.2728717385	0.286469106371263
3250	0.038872007	0.0375747873040952
3251	0.213730654	0.283189579325046
3252	0.021781197	0.0411511463846396
3253	0.019214045	0.01977043004
3254	0.919614828	0.987469836984091
3255	0.0084054373	0.0571715129865351
3256	0.639767946	0.663163388401624
3257	0.498378964	0.724546063425379
3258	0.025776962	0.026472046324
3259	0.1827055155	0.117354016609474
3260	0.9649910075	1.02852210005646
3261	0.0220935544	0.0155554119731349
3262	0.0177985575	0.0138553569875417
3263	0.170745299	0.0776217882969908
3264	0.185727773	0.409070942977973
3265	0.0156044312	0.0719741198155952
3266	0.023201315	0.0593175436089474
3267	0.483848983	0.402394328159714
3268	0.273227462	0.208789664256111
3269	0.027141554	0.0310945724353922
3270	0.100231739	0.122220730742863
3271	0.337098408	0.431827384577273
3272	0.8101251062	0.581405164701126
3273	0.552607017	0.364680187660135
3274	0.077466012	0.173843999294954
3275	0.1911678076	0.0923583333852703
3276	0.177526925	0.128584399139535
3277	0.030506373	0.0277067598681667
3278	0.0434231564	0.0348683219610684
3279	0.59957347	0.287220008120614
3280	0.23970536	0.215131834265972
3281	0.212866698	0.0776809203007812
3282	0.099449638	0.202556897820833
3283	0.103595698	0.0502019737754167
3284	0.512920736	0.419425832479545
3285	0.17723873	0.153341681367157
3286	0.15627291	0.205615919888462
3287	0.0070646717	0.0129252046842381
3288	0.822974557	1.02897615338282
3289	0.131937155	0.21363083820906
3290	0.480203582	0.46836471365951
3291	0.120207877	0.245179023248241
3292	0.0766107945	0.149044105686805
3293	0.136316005	0.0446384827162963
3294	0.033342533	0.0743176415405691
3295	0.294076476	0.224308197792179
3296	0.2019868275	0.205962782951754
3297	0.0302112145	0.0839088994064074
3298	0.0102577197	0.0449236306808081
3299	0.2067912557	0.221426625006375
3300	0.007906822	0.00984504902728174
3301	0.039450424	0.0608079548779845
3302	0.020790027	0.0357638146907317
3303	0.944609191	0.598456086228559
3304	0.058597207	0.0531687135650901
3305	0.0657559093	0.191931188217555
3306	0.0233873805	0.0391669005731707
3307	0.1211918922	0.136619994869231
3308	0.481416821	0.290929637185856
3309	0.235033376	0.318661456700833
3310	0.046065324	0.0227462539332796
3311	0.0152201164	0.0408726579069271
3312	0.032497812	0.0442509755265504
3313	0.21857896	0.250295807906343
3314	0.0443732405	0.147485722849298
3315	0.046753549	0.152207649032525
3316	0.0429679925	0.0621613465935
3317	0.3707577188	0.603286516747917
3318	0.0144373745	0.0597464789798291
3319	0.31640711	0.167439962378021
3320	0.04687064	0.0678197151574167
3321	0.0158550793	0.018841741800625
3322	0.09325291	0.209171488576754
3323	0.17097942	0.09145754630125
3324	0.2937845537	0.186420912298333
3325	0.1126698035	0.0391392421732955
3326	0.4103663636	0.199467527214755
3327	0.021656291	0.083475679879
3328	0.057066858	0.0786547472832456
3329	0.054904692	0.213989054722154
3330	0.268745872	0.197149864307828
3331	0.01902867	0.0487944438914815
3332	0.166688545	0.125361507472093
3333	0.58326827	0.408947993590143
3334	0.046610021	0.0334394441766111
3335	0.015344778	0.0290658841156373
3336	0.0071657335	0.0105887506372917
3337	0.102660106	0.157364019304397
3338	0.072220025	0.132027226488593
3339	0.512891077	0.238966483806333
3340	0.0555698093	0.24978192000864
3341	0.078366618	0.0934282693059524
3342	0.068949809	0.179452267918919
3343	0.020993451	0.0219221185914184
3344	0.272425225	0.252931561751389
3345	0.962990164	0.887771347628694
3346	0.15118156	0.155871982004697
3347	0.078008249	0.213286367770952
3348	0.7398306541	0.722846876736162
3349	0.309063661	0.197348801232424
3350	0.028078978	0.0431226682825463
3351	0.485257678	0.491013554668736
3352	0.043412687	0.0714673598578947
3353	0.237828397	0.182754927598011
3354	0.0072139786	0.0152337538490667
3355	0.3598414907	0.259574509847571
3356	0.064700785	0.028597117895
3357	0.095953914	0.191536877010389
3358	0.141428046	0.367505580222719
3359	0.03197444	0.0549355273300463
3360	0.065439172	0.131276036002222
3361	0.117896958	0.157575578497817
3362	0.037273117	0.023430627489495
3363	0.104237361	0.161617020375351
3364	0.070555286	0.112036188888125
3365	0.0842565887	0.240671509664601
3366	0.0112455717	0.0163740751308333
3367	0.12807401	0.173527667223434
3368	0.068589168	0.0593119504405729
3369	0.234899766	0.377769709960208
3370	0.254208242	0.314983757799341
3371	0.110959147	0.14179903331414
3372	0.5780877695	0.363958772085
3373	1.09025107	1.08608681131509
3374	0.151713692	0.27126298290569
3375	0.024959413	0.0374793054741177
3376	0.093328527	0.210692523597604
3377	0.023011544	0.0386618256443694
3378	0.083111377	0.171974341568376
3379	0.031475917	0.0548923858557778
3380	0.161337405	0.0982850071301351
3381	0.122229675	0.173522821204902
3382	0.78187474	0.333410485015753
3383	0.146060738	0.0987224187812963
3384	0.013499272	0.00921509343208333
3385	0.042779124	0.0950939595912903
3386	0.69531427	0.605681097190208
3387	0.306490869	0.34685741142838
3388	1.154386803	1.11124430125219
3389	0.226588513	0.233740967463974
3390	0.0253831375	0.109327555199425
3391	0.023687136	0.0969895534629032
3392	0.108188895	0.149976439262281
3393	0.105087309	0.237024221266263
3394	0.123570573	0.2983405136375
3395	0.174520925	0.117300824112037
3396	0.060920833	0.109931723337838
3397	0.185176917	0.199018086746167
3398	0.0103561993	0.0127114278508
3399	0.02079119	0.0393978651007018
3400	0.095324828	0.0500058114389535
3401	0.036391703	0.113157673059316
3402	0.26243503	0.286272555011765
3403	0.198601764	0.151361566201786
3404	0.042430537	0.157383943865104
3405	0.18314433	0.193379835921177
3406	0.299376101	0.201486668030343
3407	0.013642261	0.0197185752895679
3408	0.102202692	0.106968908495775
3409	0.072748899	0.0816171661457895
3410	0.399408019	0.336090208531754
3411	0.0122394396	0.0144914288805952
3412	0.259350618	0.20104509385519
3413	0.181050125	0.188026794436905
3414	0.041726634	0.0599471704513096
3415	0.44457687	0.608431811265455
3416	0.249139594	0.19774395440125
3417	0.023484912	0.0567358662434804
3418	0.4325503745	0.401358621805735
3419	0.020428376	0.017992229597526
3420	1.131336153	1.09744698810806
3421	0.039261174	0.039670725415
3422	0.0097911404	0.0507019444368627
3423	0.06890254	0.259008350740323
3424	0.437756142	0.34582984965201
3425	0.1040416393	0.404898052416979
3426	1.3570157268	0.954681656252696
3427	0.1896477354	0.258670571447353
3428	0.017198766	0.079942494894902
3429	0.058386476	0.11839762783957
3430	0.023909906	0.0438110226520155
3431	0.097422944	0.208920229377732
3432	0.055339883	0.169946298515196
3433	0.151134036	0.180265135310658
3434	0.01122011	0.0262804855683333
3435	0.06298232	0.119792399069954
3436	0.2213560117	0.37342737280439
3437	0.0133528408	0.0563609826264706
3438	0.257823775	0.336991851497607
3439	0.265719043	0.219235080732111
3440	0.2120665806	0.127985174306138
3441	0.187477534	0.208907736309524
3442	0.093393992	0.045114510408374
3443	0.172851097	0.11624494003558
3444	0.0503346102	0.0929615206020313
3445	0.161314203	0.168740146646465
3446	0.017850591	0.0840390690272093
3447	0.61885525	0.412490771117281
3448	0.131363873	0.0386051704305
3449	0.069377508	0.0796165213412613
3450	0.019740175	0.0986310735160088
3451	0.262684952	0.413544446896048
3452	0.0193046843	0.0258191091079167
3453	0.157276313	0.129347778887222
3454	0.167911364	0.195457845162237
3455	0.092009528	0.0417931525969048
3456	0.318592472	0.206623403953932
3457	0.047060788	0.0701043255180476
3458	0.033938109	0.0285374602652083
3459	0.49240089	0.512709726206333
3460	0.023032165	0.0371462198368572
3461	0.099093143	0.155323285038063
3462	1.239574666	1.18970926151935
3463	0.014111984	0.0329528850765741
3464	0.263867614	0.381029460744948
3465	0.611590977	0.35619484026561
3466	0.18627435	0.389772443353556
3467	0.046716786	0.0941425849827273
3468	0.075901948	0.100682371117171
3469	0.7954333388	0.97478151045504
3470	0.3750506473	0.233177417017162
3471	0.20837963	0.322390637218068
3472	0.424794963	0.245247552481563
3473	0.035281025	0.103996865268698
3474	0.063289995	0.0923511780587373
3475	0.0173957355	0.0200220832832018
3476	0.185383543	0.220707714378461
3477	0.137666604	0.118421046517597
3478	0.285297479	0.246119496453278
3479	0.141119488	0.213212645082236
3480	0.20588273	0.302029146295897
3481	0.197284523	0.166133060853281
3482	0.012097702	0.0144570106930808
3483	0.034287397	0.0815987747884583
3484	0.021012285	0.045561081714881
3485	0.58382698	0.402799093447125
3486	0.046330607	0.0585223330903333
3487	0.0116443261	0.0180597120534848
3488	0.098769767	0.135366920808922
3489	0.136700938	0.256921688482604
3490	1.02531257	0.852585738322649
3491	0.22479046	0.082443210961092
3492	0.053431521	0.178617617963988
3493	0.273784227	0.158647366834865
3494	0.038521985	0.0695360853674243
3495	0.096696281	0.0825397154348958
3496	0.029251852	0.0099176037737963
3497	0.07239648	0.0748239136657724
3498	0.209441945	0.12457104319938
3499	0.235690066	0.158636245507429
3500	0.22319644	0.191836753318506
3501	0.296757947	0.187394874054563
3502	0.298589215	0.258214487730098
3503	0.021501548	0.0195020562245
3504	0.092336944	0.0789031070128572
3505	0.38611927	0.361674864079333
3506	0.0174892436	0.0169711702777083
3507	0.040644391	0.0374408467880342
3508	0.195280791	0.148641781565889
3509	0.085781363	0.0383937264881481
3510	0.015102098	0.538282328275323
3511	0.096237944	0.188343611319605
3512	0.039622325	0.0275616493242636
3513	0.223914004	0.17750766544991
3514	1.114765168	1.04187899272718
3515	0.024115956	0.290946138165812
3516	0.0144775573	0.0200203875515686
3517	0.0126342829	0.0482558052914062
3518	0.131926235	0.126469420499109
3519	0.026432193	0.0661462960417262
3520	0.094937002	0.0831727863926754
3521	0.047230376	0.220662661864583
3522	0.10772619	0.10605785804298
3523	0.0919541474	0.262890706161286
3524	0.187946498	0.145903596793083
3525	0.086601429	0.0864614588493138
3526	0.286959963	0.374155227864786
3527	0.4469386177	0.437756276545796
3528	0.017444565	0.0354133788394762
3529	0.200021912	0.198662482366581
3530	0.168513816	0.100801720584432
3531	0.008098379	0.0355424812648148
3532	0.647538559	0.590870597597778
3533	0.698249159	0.586743043965886
3534	0.125917357	0.257118644420215
3535	0.025447918	0.0238168380024242
3536	0.0743590067	0.133813838699919
3537	0.57251211	0.456621427580139
3538	0.151588906	0.213007335059198
3539	0.312343276	0.25994819136641
3540	0.282824549	0.157304931748102
3541	0.0075789194	0.0152515715920588
3542	0.0088291682	0.0179595392130303
3543	0.63501085	0.351398742415381
3544	0.194033136	0.197250876380556
3545	1.132044075	1.19492939308638
3546	0.060395597	0.270804747062527
3547	0.0105737164	0.0133831544789706
3548	0.04818029	0.0477050655632895
3549	0.9618940737	0.589432862028922
3550	1.07455819	1.088430954618
3551	0.050157675	0.0437629993825194
3552	0.19420934	0.0673963226823932
3553	1.6352190255	1.11085875598528
3554	0.0224578937	0.0362918675169658
3555	0.0120277433	0.0230948482433824
3556	0.243140335	0.269394547642639
3557	0.054227904	0.0846320652114286
3558	0.121558617	0.127917288405789
3559	0.670190163	0.733434847036667
3560	0.282972138	0.342584396575225
3561	0.3612420166	0.352101785347083
3562	0.379498914	0.213752826465694
3563	0.0103585953	0.0229777833849405
3564	0.920233558	0.900893556438177
3565	0.041871416	0.0800831522346341
3566	0.074994311	0.0766883971316667
3567	0.125864837	0.156538481756083
3568	0.011373009	0.0152022517388021
3569	0.10225452	0.142522417813135
3570	0.027099195	0.0995356861006019
3571	0.095306836	0.214493212765722
3572	0.1020531117	0.267067944916842
3573	0.137759717	0.35076681350725
3574	0.137576014	0.239134693519264
3575	0.101839189	0.195135557797458
3576	0.367182152	0.239102563394352
3577	0.40472698	0.440010495434278
3578	0.24057376	0.270763914942286
3579	0.172125273	0.194434574451795
3580	0.18091924	0.0805065903863636
3581	0.114836661	0.181082227223496
3582	0.1343189943	0.127104499508222
3583	0.0631005857	0.129844643752991
3584	0.596577967	0.818419850904574
3585	0.009320261	0.00916340495977273
3586	0.095558086	0.161236740018382
3587	0.131366443	0.0432404401581197
3588	0.274959205	0.373259646444951
3589	0.2881840805	0.253830393952778
3590	0.018751368	0.0339649310993243
3591	0.0134075206	0.0207157844976357
3592	0.20075744	0.185818133797903
3593	0.161380609	0.116384267511789
3594	0.050789107	0.26973468211881
3595	0.0217109305	0.0222105474825
3596	0.969292887	1.09103515142598
3597	0.03526913	0.0267783802956439
3598	0.0158401045	0.0321381930328948
3599	0.1136890865	0.0683427250444445
3600	0.0088522714	0.0188535077864103
3601	0.4288134954	0.354497439643803
3602	0.196172264	0.291670123777805
3603	0.817422414	0.7505288480075
3604	0.112624393	0.224898339388202
3605	0.0116199858	0.0331239786645238
3606	0.051761699	0.0256877454961765
3607	0.0148248084	0.0159809751592157
3608	0.084471253	0.420825175857867
3609	0.134028619	0.219779495292143
3610	0.6831276168	0.69990282076193
3611	0.2785995463	0.326880857770296
3612	0.0096677013	0.0106441098605714
3613	0.036650993	0.1028924471605
3614	0.033775238	0.0546495286384259
3615	1.0376465067	0.994902918064017
3616	0.028468085	0.0428836706863178
3617	0.089015624	0.168021256358095
3618	0.0064209115	0.0114283874140476
3619	0.0248031887	0.0813981112792342
3620	0.1873678	0.233443870090147
3621	0.020124228	0.0401931535205714
3622	1.178459397	0.914607642149208
3623	0.9262060113	1.03886461255989
3624	0.095668207	0.151894496834192
3625	0.0102903796	0.0552684348690833
3626	1.175791083	1.05420002946453
3627	0.656604912	0.354404220554693
3628	0.1527649564	0.272425510065198
3629	0.9355017	0.99463508375482
3630	0.134684809	0.199770094390722
3631	0.206925644	0.22034391647069
3632	0.2991846715	0.268139629532558
3633	0.303873414	0.178419876872376
3634	0.317305812	0.210350352703288
3635	0.123338533	0.395421080093577
3636	0.09960665	0.0989355665336869
3637	0.051451739	0.0815116112156579
3638	0.069634324	0.0880619117041919
3639	0.207711781	0.239218468522323
3640	0.0083874562	0.10312670221523
3641	0.156949251	0.414533957196838
3642	0.0152929154	0.0241408149397619
3643	0.035410802	0.0727760402883929
3644	0.037571146	0.0381461519573984
3645	0.061543326	0.162284168464216
3646	0.059818453	0.0434081365915714
3647	0.920019845	1.03314808026124
3648	0.084718923	0.0699908859082778
3649	0.110319264	0.075649542131579
3650	0.947425377	0.817556986087389
3651	0.028880921	0.119288838083114
3652	0.024076608	0.229766014446974
3653	0.068842266	0.0648879286513793
3654	0.0412118435	0.0385269709729268
3655	0.2424643433	0.192507554072607
3656	0.0309395535	0.158217129736414
3657	0.15717579	0.164412683289111
3658	0.040016969	0.232334597834243
3659	0.156503046	0.0744642158990741
3660	0.242160031	0.176350052800598
3661	0.234317292	0.369860652800271
3662	0.336474497	0.149325844429279
3663	0.0103870755	0.0198557877658854
3664	0.033151212	0.0920565874480342
3665	0.216092113	0.291287232036667
3666	0.074949375	0.0561001472074167
3667	0.016195304	0.0214776849644298
3668	0.33332483	0.348460588868188
3669	0.0147738215	0.023219172995813
3670	0.958365633	0.998478551807011
3671	0.2634853416	0.272993468130455
3672	0.2964146793	0.576882225759028
3673	0.018991057	0.0626991277609211
3674	0.244319386	0.333311481464
3675	0.063666604	0.111758939448333
3676	0.082226625	0.297795304226204
3677	0.160295684	0.185513003178553
3678	0.0663890544	0.186339456114737
3679	0.124253814	0.0891386268873984
3680	0.109139454	0.350212650993642
3681	0.20144831	0.226793221950054
3682	0.015740024	0.0518608802823809
3683	0.053640146	0.072388479346619
3684	0.24228985	0.277867544643186
3685	0.040335858	0.0854895044732407
3686	0.022756054	0.0634665409646124
3687	0.080979291	0.0440284822640991
3688	0.094409293	0.106664746026389
3689	0.12902457	0.198318913179542
3690	0.19407101	0.146484793842368
3691	0.07103878	0.118411145549708
3692	0.018661359	0.16717539490163
3693	0.22792375	0.440395139767138
3694	0.1735249806	0.168416788449802
3695	0.039650124	0.0987922189506061
3696	1.0032197066	1.10452085533424
3697	0.0121297809	0.0190224764635784
3698	0.023379872	0.0260683694398246
3699	0.021766311	0.0284200975409524
3700	0.193555257	0.24129379443935
3701	0.55244541	0.102453371274798
3702	0.919991008	0.779576117308975
3703	0.202429719	0.188911187691797
3704	1.160121997	1.10828866245383
3705	0.133581847	0.124306836350385
3706	0.229827392	0.206138444176613
3707	0.0658142295	0.467331946201759
3708	0.05172687	0.107083815386667
3709	0.09385066	0.0579663583049603
3710	0.030277115	0.0351868493500877
3711	0.268583694	0.0493283563992708
3712	0.0067357887	0.0137664909393548
3713	0.36058141	0.309875358336886
3714	0.257910558	0.2558142234175
3715	0.120162342	0.0888589834226315
3716	0.19262626	0.0810340336621333
3717	0.309995973	0.229067964485191
3718	0.37828732	0.2180963189075
3719	0.3803336442	0.362641128448286
3720	0.0645321763	0.0634639670502137
3721	0.267355965	0.190869736543333
3722	0.092861531	0.142603296006905
3723	0.961224473	1.03743003803363
3724	0.463325367	0.601636463411476
3725	0.3149665314	0.25985089307713
3726	0.077738693	0.261141883839123
3727	0.089122073	0.213776403579314
3728	0.1638784784	0.274141506726912
3729	0.0111711567	0.00805447519649123
3730	0.822975536	0.722086205474474
3731	0.027922017	0.0620552786472358
3732	0.100997038	0.0592428287349187
3733	1.2437363394	1.20295234779657
3734	0.044195527	0.0362063850510088
3735	0.533713116	0.72692250377848
3736	0.85169987	0.681709717029381
3737	0.22922378	0.248281536048256
3738	0.025669861	0.256450811521154
3739	0.041410782	0.0881970172450833
3740	0.0111436054	0.0649550609
3741	0.719227879	0.930052984504833
3742	0.6901208007	0.524931648491061
3743	0.165024555	0.0708298215194286
3744	0.196355742	0.106801986956212
3745	0.0107215209	0.0174028517207207
3746	0.083870344	0.154615688352238
3747	0.020453241	0.24452390483875
3748	0.124507217	0.184355445062137
3749	0.0116826621	0.0754763482534344
3750	0.787019643	0.57625328834197
3751	0.8260703736	0.762401501193971
3752	0.063476884	0.248230409647308
3753	0.190878266	0.227458726851364
3754	0.053912995	0.13447096991969
3755	0.036550408	0.0597504350460185
3756	0.119934919	0.375700767032542
3757	0.013168186	0.0146477675423437
3758	1.266713586	1.11688214268139
3759	0.2669683884	0.401401469148611
3760	0.1089562265	0.125013460063296
3761	0.0065204778	0.0121762157631609
3762	0.6395248857	0.523964812866349
3763	0.0149178867	0.162147460306282
3764	1.0362011	0.929373823388177
3765	0.072112729	0.0953469191584
3766	0.100950629	0.391649664634518
3767	0.0138094424	0.154923337920156
3768	0.377844284	0.166419097854333
3769	0.021530097	0.126822804313246
3770	0.1604041886	0.260093231712714
3771	0.39327936	0.410720871579518
3772	1.220365761	1.18046627400632
3773	0.335951075	0.170174549122108
3774	0.0189010017	0.0383564237862222
3775	0.024615174	0.0829758456075
3776	0.092441164	0.133993635906863
3777	0.0051930435	0.0196318251717157
3778	0.254621693	0.146124227458191
3779	0.018823191	0.0712696493669298
3780	0.062021284	0.0870346807151755
3781	0.103195628	0.185429446740445
3782	0.016957548	0.03529882720775
3783	0.2213821293	0.277949076435245
3784	0.067442481	0.0450961959335185
3785	0.0622042726	0.126781923457368
3786	0.029365713	0.0163696646102564
3787	0.219518064	0.151239288976111
3788	0.07809872	0.233283690870775
3789	0.211477685	0.111691443019031
3790	0.15489458	0.323782915269573
3791	1.047584464	0.753999923834815
3792	0.1179360995	0.128748239603415
3793	0.1075918864	0.241007051261126
3794	0.069841417	0.0467062829897917
3795	0.043413912	0.12084246336474
3796	0.0339585794	0.0875810816800521
3797	0.272654152	0.248397982236092
3798	0.034239675	0.0225101389800794
3799	0.070584634	0.249380729214048
3800	0.130588691	0.150499694174792
3801	1.305626297	0.971144015487626
3802	0.2969329302	0.683768196893524
3803	0.611116829	0.935515174114386
3804	0.239731585	0.17227886876877
3805	0.189236705	0.116579412243782
3806	0.32593476	0.46916863685219
3807	0.044124133	0.113340230844878
3808	0.276051809	0.207531221393919
3809	0.55507972	0.802969878133796
3810	0.4983294314	0.221185488518198
3811	0.0271750576	0.0739235227945098
3812	0.557619267	0.514020824311313
3813	0.0593208764	0.0777922691295614
3814	0.084756381	0.11529236100307
3815	0.02644298	0.0618782692891667
3816	0.98353404	0.782327506924852
3817	0.044341393	0.0497408928456897
3818	0.037355173	0.105223347576191
3819	0.157677189	0.23642704337
3820	0.338473804	0.233043462360909
3821	0.444442479	0.300616286993333
3822	0.1381509583	0.199378453485062
3823	0.217538604	0.280255486145859
3824	0.013423702	0.0658537026201667
3825	0.133144788	0.1230199820675
3826	0.0196114864	0.0488034717384167
3827	0.021856264	0.027601036341
3828	0.35828533	0.123503804511713
3829	1.17176985	1.07086574793246
3830	0.280853965	0.181405558857727
3831	0.73095256	0.7273991746075
3832	0.128848733	0.228211289661535
3833	0.025293446	0.0386850548875253
3834	0.62897023	0.369685223032114
3835	1.4606861638	1.22101991422009
3836	0.562987635	0.345176497286837
3837	0.038182435	0.0343874191097917
3838	0.038120761	0.0807875784682927
3839	0.191135084	0.231190090073618
3840	0.041218744	0.0833672464191057
3841	0.0733446235	0.265493581200463
3842	0.025823235	0.0837979234365833
3843	0.1478501725	0.197213602833495
3844	0.096462154	0.190549290792906
3845	1.725297379	1.27304192805137
3846	0.127879426	0.163973921325714
3847	0.126138315	0.459123947525972
3848	0.2906536593	0.197863791896882
3849	0.9710598253	1.03580014762028
3850	0.25383589	0.228608870108465
3851	0.086156034	0.0542042712022973
3852	0.190963725	0.201614660735095
3853	0.966889028	0.771652156517843
3854	0.136858661	0.181301399450591
3855	0.018649514	0.0765597421197849
3856	0.0097504407	0.0230963207056989
3857	0.029002201	0.0661125767164683
3858	0.146245352	0.0865617974886574
3859	0.767071186	0.434096261797742
3860	0.091414628	0.141117797250439
3861	0.0140625686	0.0277694433719369
3862	0.057343223	0.0540130275562745
3863	0.11554837	0.231562048212576
3864	0.082146568	0.35262020499009
3865	0.168580263	0.141043473903565
3866	0.537671585	0.279492698001111
3867	1.13024593	1.15070311920929
3868	0.111440662	0.105835343619957
3869	0.346481615	0.154434621319833
3870	0.054844541	0.423968948272564
3871	0.012092244	0.0166701904215854
3872	0.744319216	0.600973313208504
3873	0.627785478	0.464659099119189
3874	0.200189925	0.245771940902288
3875	0.6771489785	0.845596283768202
3876	0.137912145	0.17966010757735
3877	0.148391814	0.191766112996774
3878	0.4838059183	0.295584929748081
3879	0.066039128	0.256037748575833
3880	0.101196822	0.0503957632636364
3881	0.92652627	0.726445245867667
3882	0.10910377	0.0909982853545833
3883	0.03116937	0.028088838141954
3884	0.183464327	0.124493794519487
3885	0.13474321	0.0798354160202564
3886	0.29275197	0.22427376257975
3887	0.0194362933	0.0430535747401351
3888	1.0864262904	1.02875295751851
3889	0.183727481	0.268918303197121
3890	1.043071252	0.328609654058476
3891	0.0202693796	0.0400903780893519
3892	0.017703821	0.0142875783781884
3893	0.035990761	0.0800096680458889
3894	1.0266181	1.06774049486512
3895	0.064901771	0.176325582348775
3896	0.4083515069	0.395829388028904
3897	0.21441138	0.284723323196333
3898	0.19598466	0.236213060891047
3899	0.0191713176	0.0745649196400695
3900	0.019962505	0.0873047799484091
3901	0.651422304	0.275622381175469
3902	0.020649521	0.0197994680983838
3903	0.012451524	0.016423816210101
3904	0.311764422	0.212031015542857
3905	0.065130299	0.0984484583856884
3906	0.037137907	0.0686283339844961
3907	0.137179813	0.237781804910214
3908	0.0112736833	0.0202363522083333
3909	0.1432404774	0.201323258191239
3910	0.0250564	0.0219707948382857
3911	0.172984774	0.0775939085134694
3912	0.551518844	0.27872973072678
3913	0.017266	0.0398765681673737
3914	0.189531442	0.27905404444202
3915	0.1741446246	0.158016261727677
3916	0.024972796	0.117275770424504
3917	0.079114921	0.21281232776557
3918	0.248654478	0.444463055948708
3919	0.0930940057	0.0833711861330357
3920	0.198530896	0.139020156779167
3921	0.221812846	0.195880640129573
3922	0.1723822913	0.199435879712926
3923	0.5219113423	0.36401658866881
3924	0.237431042	0.27019898972912
3925	0.9651331342	0.856947851896944
3926	0.278693788	0.266935861594118
3927	0.518424154	0.272624134952114
3928	0.54695095	0.256363274500287
3929	0.143321437	0.251021851358178
3930	0.496193138	0.258760164147937
3931	0.3982275325	0.298779538142176
3932	0.043842246	0.098655401356282
3933	0.0128350023	0.0309594738889683
3934	0.5836432147	0.595997536115983
3935	0.165464209	0.263378095453172
3936	0.57006913	0.542383901378465
3937	0.3136813126	0.150229284329091
3938	0.193763349	0.176760861043229
3939	0.175181674	0.108596152239537
3940	0.2444414085	0.243596866488472
3941	0.453550313	0.501959422865447
3942	0.0249859	0.034622201994596
3943	0.0345951836	0.146600694019775
3944	0.076276025	0.344738722767268
3945	0.073186431	0.0436137388354701
3946	0.0382866237	0.070690237333046
3947	0.098198817	0.143443533937955
3948	0.036614533	0.0811057460940741
3949	0.302106768	0.285679969026465
3950	0.108552601	0.207962553545926
3951	0.011364753	0.0265101020713426
3952	0.0150813	0.0143330954892982
3953	0.1838480718	0.356660582212095
3954	0.0107892672	0.0194842135066176
3955	0.024381269	0.0548592889837302
3956	0.043914922	0.0359031678028509
3957	0.091238981	0.061354846885
3958	1.085903222	0.975207436955833
3959	0.04986505	0.046491707130404
3960	0.102403051	0.0450847706095833
3961	0.0127529597	0.0867124258898611
3962	0.041067238	0.335307572868485
3963	0.0087679182	0.03615227957
3964	0.215657792	0.243719529762879
3965	0.574721775	0.292874990230556
3966	0.0520449945	0.0424229241279902
3967	0.590902757	0.281489225755069
3968	0.024008424	0.0346485047976316
3969	0.096420994	0.0697651218118982
3970	0.027190738	0.0472617803729762
3971	0.186025063	0.145353138377326
3972	0.033379513	0.118379238008144
3973	0.5825979664	0.419509393780862
3974	0.627000623	0.447410714240733
3975	0.048690381	0.226887949784945
3976	0.046226075	0.15959719681275
3977	0.105505835	0.154322189405781
3978	0.0224720055	0.035701399053871
3979	0.0099398629	0.0114265533630263
3980	0.0135613394	0.0137112775286667
3981	0.060770161	0.195869843447793
3982	0.265280498	0.308491832969792
3983	0.018377765	0.215290742505543
3984	0.0146652665	0.0190120135330081
3985	0.089389702	0.0445270215622685
3986	0.057051082	0.0730928042434685
3987	0.4235701467	0.23759971070152
3988	0.10773627	0.0921560712084649
3989	0.030933732	0.0483409643673333
3990	0.056001458	0.146446051186711
3991	0.112638683	0.0453145952804762
3992	0.4661767744	0.330232296772885
3993	0.180116925	0.734682105466092
3994	0.285936277	0.38783457541399
3995	0.071717152	0.114278278660444
3996	0.193443097	0.21419730945693
3997	0.0105148531	0.0233939182991667
3998	0.42353778	0.289704455747356
3999	0.2743428698	0.220287761680101
4000	0.85466738	0.81235686443475
4001	0.4277112706	0.436015407353274
4002	0.128933024	0.179585809836452
4003	0.81443139	0.422204218142525
4004	0.015250757	0.29234557
4005	0.9123992013	0.701408324751197
4006	0.049102753	0.0361989391522988
4007	0.068157314	0.358415013866863
4008	0.291011472	0.237952319721898
4009	0.032355208	0.034589646969537
4010	0.148956914	0.182089222775556
4011	0.036575844	0.0383900073302778
4012	0.034877642	0.023436702987193
4013	0.037037705	0.0442197802325203
4014	0.7553311185	0.75550998048371
4015	0.492133646	0.585552443005132
4016	0.297263166	0.24920774276178
4017	0.753453875	0.328102479931935
4018	0.100585662	0.174293356014429
4019	0.047716607	0.0894292561622368
4020	0.131547533	0.160022162610256
4021	0.110904082	0.207965251814539
4022	0.027645079	0.0340398030880556
4023	0.2760042413	0.301685977853604
4024	0.641859096	0.263146880957403
4025	0.88214486	0.807893252098834
4026	0.0114103187	0.0154010006380851
4027	0.051683873	0.177008637427273
4028	0.040908699	0.108052732981795
4029	1.107290074	0.789195763048333
4030	0.037967882	0.175931093444518
4031	0.0083800813	0.0132883052974167
4032	0.876658631	0.719150768399755
4033	0.297988437	0.24062443058464
4034	0.848496435	0.680027318910541
4035	0.67893423	0.754179895075
4036	0.021926048	0.240812628817619
4037	0.581368359	0.555569677091892
4038	0.0094274394	0.0155716007321171
4039	0.0152908073	0.0477748956481667
4040	0.105332074	0.0994001502124797
4041	0.086131159	0.105152101389811
4042	0.32624731	0.197292125201912
4043	0.1390545544	0.18565258160187
4044	0.17700217	0.231621288838625
4045	0.9973616775	0.881328925960586
4046	0.405361626	0.161304421398532
4047	0.050252017	0.0836301734525269
4048	0.241940075	0.256645608585854
4049	0.093858206	0.377593924346875
4050	0.4297229748	0.268735177467976
4051	0.061572504	0.0751183305416667
4052	0.128230859	0.225181126585707
4053	0.177491672	0.0872343543704444
4054	0.037695343	0.0639142078851667
4055	0.055559101	0.0843612241694444
4056	0.094350452	0.0728496794573529
4057	0.049050464	0.109457086868519
4058	0.8619920212	0.714127163526783
4059	0.10624684	0.115613724944821
4060	0.1586394896	0.191421526670299
4061	0.592980265	0.525533138886468
4062	0.028197113	0.0540052461821154
4063	0.009250043	0.102354738692108
4064	0.044525158	0.0506461031415686
4065	0.14583292	0.102302410210147
4066	0.371792396	0.231312566548919
4067	0.3449968077	0.135279619896191
4068	0.31558664	0.0949212389701042
4069	0.01629148	0.0391672340414286
4070	0.019502457	0.0390385912242593
4071	0.7414884805	0.71675311897863
4072	0.0065403489	0.0110393051359649
4073	0.044414597	0.0455580377029487
4074	0.125108317	0.243972812238194
4075	0.018391556	0.0186293324236274
4076	0.89051647	0.926181646515638
4077	0.016392972	0.0277225087976111
4078	0.029637149	0.0869848191586434
4079	1.234236034	1.05599136822221
4080	0.102524049	0.285967369054216
4081	0.019428865	0.0306443523047059
4082	0.829127636	0.87826923363677
4083	0.39404673	0.152444309649886
4084	0.122792763	0.418270074026966
4085	1.056982576	0.857399787510942
4086	0.013729551	0.0176035992478829
4087	0.1962705475	0.28625144516837
4088	0.01729566	0.0408502420508108
4089	0.22057529	0.086037836345812
4090	0.044023315	0.268270941903013
4091	0.481786735	0.400265379883889
4092	0.902713838	0.749520224195539
4093	0.23570492	0.105919310696228
4094	0.16712861	0.173423163806023
4095	0.207493713	0.229030998909829
4096	0.7396743	0.846876184420679
4097	1.320786976	0.970744906310521
4098	0.055446742	0.281049165682778
4099	0.279817638	0.210817615297949
4100	0.023785059	0.162251675280326
4101	0.039926276	0.0264968231700833
4102	0.07617396	0.157439034907568
4103	0.482322084	0.259962366255972
4104	0.327421715	0.157280541156191
4105	0.062534618	0.0644548146956911
4106	0.03471806	0.030358918516
4107	0.183691789	0.333857095660317
4108	0.082545366	0.123748814390294
4109	1.1390445875	0.92743371781
4110	0.272963599	0.287421692899459
4111	0.0145887594	0.0493296617767778
4112	0.656071197	0.711406062306095
4113	0.306176206	0.236662927588784
4114	0.063293238	0.15375704665652
4115	0.0258958585	0.075435158885045
4116	0.030927613	0.204412845404138
4117	0.18314427	0.0792426469380208
4118	0.12604359	0.20237342131838
4119	0.127036752	0.25774754381599
4120	0.066881791	0.0935966555413158
4121	0.1359441565	0.366724446103684
4122	0.053295831	0.0646280394244841
4123	0.122700996	0.293893870335555
4124	0.043595969	0.0416556415488739
4125	0.4340827515	0.330605225832619
4126	0.058633275	0.23577628024718
4127	0.050648947	0.0291582144948374
4128	0.6886073108	0.392907682599234
4129	0.340727879	0.386369454028376
4130	0.020864333	0.0795644960805426
4131	0.170769123	0.403117927994091
4132	0.103304648	0.178700544474535
4133	0.039073282	0.0825147775594444
4134	0.335053394	0.186521308456403
4135	0.1082568545	0.0737445241982812
4136	0.563296176	0.341084403846603
4137	0.178810489	0.113689865982236
4138	0.045507236	0.0656585665300901
4139	0.117626134	0.123261793982544
4140	1.080784099	0.806090254840735
4141	0.141951093	0.0470399229587398
4142	0.10776617	0.396645102378083
4143	0.0187342515	0.0241703717266667
4144	0.242343216	0.168398043661111
4145	0.987347859	1.02834818780363
4146	0.152994701	0.552716749152333
4147	0.064581517	0.079923820801627
4148	0.016664742	0.0380344790588384
4149	0.016879088	0.0328099980525521
4150	0.664820995	0.683377764816774
4151	0.007696555	0.0393438499746032
4152	0.1267815014	0.130073250197865
4153	0.532339437	0.252167227579516
4154	0.63106943	0.340432832957742
4155	0.035606793	0.06701073136625
4156	0.030280547	0.133961006308
4157	0.9419032046	0.894106618214957
4158	0.5059886106	0.331666466718375
4159	0.3571427415	0.265136606605517
4160	0.166970156	0.0480897435355392
4161	1.148462022	0.669829739326542
4162	0.035133472	0.0400704461286487
4163	0.044657986	0.130729096881919
4164	0.029456936	0.0522667552813492
4165	0.2903758567	0.279048370873429
4166	0.568640857	0.375739906830294
4167	1.23107867	1.14127506161299
4168	0.163457054	0.179758391027451
4169	0.95893367	0.768265316167778
4170	0.0610682175	0.115019279419912
4171	0.0271987	0.0729026146873333
4172	1.1160574153	1.08912847365233
4173	0.3610959667	0.346622961112821
4174	0.034796525	0.0473330623201905
4175	0.177694623	0.205193257452619
4176	0.0084359666	0.0161864155637745
4177	0.022426993	0.0426770737583333
4178	0.118890102	0.06514419864375
4179	0.044330442	0.0515283873549167
4180	0.0067444364	0.0145540029521774
4181	0.041969571	0.0433178346497685
4182	0.0645913395	0.110701127766889
4183	0.166956038	0.181639092982619
4184	0.1852143	0.169718798208964
4185	0.118809564	0.18833549878
4186	0.63230994	0.147316144938062
4187	0.098859644	0.209134342182639
4188	0.125457353	0.159353511161667
4189	0.091781367	0.136760592804778
4190	0.725787722	0.644211582462709
4191	0.059644149	0.0922862912416667
4192	0.023478899	0.0799145374108536
4193	0.014534898	0.0737234909048246
4194	0.052816241	0.0652147070696111
4195	0.026609921	0.0415530838288739
4196	0.162959207	0.20374751657285
4197	1.1282987673	1.17195373348106
4198	0.1017104	0.163496732926667
4199	0.227416544	0.423966015327607
4200	0.034603019	0.0536780794503226
4201	0.01266856	0.0174227630327033
4202	0.126028206	0.0611395455373656
4203	0.17531437	0.170717139586381
4204	0.0061635489	0.0201110849214744
4205	0.0129117365	0.0258039853776667
4206	0.0107289753	0.0781742489883871
4207	0.030075615	0.226161277206373
4208	0.039191035	0.0564089885085784
4209	1.052520826	1.04762943817519
4210	1.0750868627	0.829670581848162
4211	0.0246569185	0.0301210026352083
4212	0.16774713	0.511673734096491
4213	0.27927504	0.135581695338535
4214	0.067001154	0.205957856614035
4215	1.14906311	1.09103738799623
4216	0.256037093	0.277048237269042
4217	0.041808781	0.0331969543435648
4218	0.384143462	0.371153077873519
4219	0.078006028	0.0716926688086822
4220	0.269530856	0.18983792161907
4221	0.5147361885	0.291931332357635
4222	0.279773026	0.201016301720079
4223	0.1124595446	0.256922162063657
4224	0.0121713327	0.0179703897366667
4225	0.228647306	0.212737068216667
4226	0.0429066094	0.564134178883675
4227	0.058495246	0.0611046733575834
4228	0.083248234	0.127345773236619
4229	0.181313069	0.135488481692361
4230	0.069398191	0.0795302259127132
4231	0.027320497	0.0576216920170588
4232	0.130407288	0.195673031954649
4233	0.160335565	0.118164145135
4234	0.6219354229	0.298594867596216
4235	0.072238546	0.111539048464365
4236	0.3352802552	0.418229034553108
4237	0.15002968	0.135066578738299
4238	0.086591852	0.216279767443621
4239	0.150834608	0.273696613968559
4240	0.0480951843	0.116383659744219
4241	1.093018687	1.11157881230215
4242	0.160712652	0.209611191089138
4243	0.113114953	0.0570733493244608
4244	0.2301048473	0.229298530990968
4245	1.1594302543	1.13355334549846
4246	0.053506203	0.130286471598803
4247	0.85748204	0.653513858041163
4248	0.0158546056	0.0269048127521296
4249	0.294565035	0.258187319073889
4250	0.048654571	0.143259235633698
4251	0.255535674	0.271691317328632
4252	0.2375897189	0.312215660070758
4253	0.27776969	0.327162594402121
4254	0.112432316	0.124151373546724
4255	0.0170601135	0.0400415576523644
4256	0.028537547	0.0427686349559524
4257	0.0175513385	0.060876732626453
4258	0.03741458	0.0441828989346667
4259	0.089535366	0.106215694151111
4260	0.3664538675	0.143255424380761
4261	0.98381951	0.901111259098919
4262	0.10663309	0.262915282287982
4263	0.084259529	0.128323761861127
4264	0.018266885	0.0287496255424713
4265	0.0400677048	0.127383744642792
4266	1.08625321	1.03826246849057
4267	0.565412753	0.780885011667692
4268	0.020182476	0.018275076975
4269	0.078668852	0.0835014998616191
4270	0.1373438	0.228148996748415
4271	0.54032814	0.340948169938333
4272	0.03224324	0.129549030517418
4273	0.021614583	0.0394785548328509
4274	0.40897681	0.474634393289938
4275	0.0051001245	0.0181386289919792
4276	1.01613002	0.869598698786381
4277	0.8782510443	0.65380244568807
4278	0.049908322	0.0229665249503968
4279	1.303308738	1.17134376800886
4280	0.502589473	0.268200603556667
4281	0.3613706933	0.354679885963593
4282	0.325772429	0.245670741800901
4283	0.9786075553	1.27640036852567
4284	0.4779909598	0.61021880572408
4285	0.074874337	0.0524141795472222
4286	0.6107588635	0.443555730788857
4287	0.304539307	0.487999433313824
4288	0.272841486	0.161086222127151
4289	0.370723234	0.495126701374458
4290	0.223271985	0.17481263733
4291	0.06915711	0.0859661460860145
4292	0.070322193	0.0943778515744086
4293	0.0289365846	0.0391667568549242
4294	0.358521445	0.269363951224773
4295	0.081449631	0.0192400308769167
4296	0.197347554	0.230250083464875
4297	0.76182038	0.578824668746179
4298	1.194365108	1.09782823464463
4299	0.0883617355	0.311363511414222
4300	0.02640578	0.0393276475734496
4301	0.16467282	0.338525900631401
4302	0.3276420661	0.353083815200303
4303	0.039227566	0.0472799087275
4304	0.034256338	0.0383153063985556
4305	0.134341458	0.238750023354956
4306	0.2769324023	0.206264566507481
4307	0.06020562	0.120982503087778
4308	0.037574394	0.067315684326875
4309	0.4077156447	0.433051864556261
4310	0.0054046935	0.0197305361077917
4311	0.366823208	0.314354016884722
4312	0.0578894885	0.270407277795758
4313	0.020895692	0.0980421849412791
4314	0.150256289	0.230331516994208
4315	0.159740634	0.167256543840539
4316	0.014735465	0.026212611624798
4317	0.0084666216	0.0115477113884211
4318	0.12969555	0.115546405610071
4319	0.162979608	0.240042065535238
4320	0.026521511	0.0293622960181111
4321	0.0399487121	0.121142632026296
4322	0.010951493	0.0257113919896429
4323	0.479922107	0.306576485400958
4324	0.12389274	0.0863426231176667
4325	0.250954418	0.244614434768476
4326	0.826819882	0.972010573490175
4327	0.0089597195	0.0184492121339729
4328	0.339492237	0.327075970106
4329	0.02049048	0.0552809271676296
4330	0.2386111967	0.260437541100591
4331	0.035926021	0.0365933245787879
4332	0.4548303374	0.527939131342679
4333	0.099089293	0.0694707867592222
4334	0.3161971713	0.431324148144583
4335	0.025294566	0.0827919545122481
4336	0.426739901	0.284116367995238
4337	0.3989566094	0.333183797757941
4338	0.078023045	0.0999110345013248
4339	0.060163072	0.0534970620112121
4340	0.024664322	0.0554206089035938
4341	0.014496697	0.0506673952488739
4342	0.217031705	0.207809405660504
4343	0.4342872365	0.308488454095746
4344	0.02063332	0.0712308114861111
4345	0.070074126	0.073197326738114
4346	0.226851411	0.177527905672436
4347	0.0830206565	0.214213032026111
4348	0.0328219567	0.121455562407061
4349	0.7762761467	0.349302257729028
4350	1.08362236	0.985621875276306
4351	0.144773644	0.126436730546368
4352	0.053865403	0.107615712101111
4353	0.5603966155	0.708625203962538
4354	0.018923462	0.0282119920468137
4355	0.017439888	0.0139503320863248
4356	0.195506523	0.129167140781524
4357	0.4008152186	0.222477186154444
4358	0.78164742	0.903409786399636
4359	0.140445346	0.273523964603241
4360	0.0348389748	0.251638240307963
4361	0.019320173	0.0215320483415686
4362	0.024060051	0.0459452345525
4363	0.023069747	0.0682129055540244
4364	0.1397357366	0.289027481478514
4365	0.071460983	0.147715089529167
4366	0.0997141405	0.0879773724321171
4367	0.570442543	0.438613125648943
4368	1.12599218	1.1280575152493
4369	0.331626534	0.251849134001857
4370	0.010432179	0.04805875658125
4371	0.080395183	0.0578724080452632
4372	0.50630303	0.36084922040188
4373	0.017105476	0.0309260575864414
4374	0.056090673	0.100172547139806
4375	0.0142138156	0.0272414148467857
4376	0.1422745315	0.140269699728871
4377	0.3064812738	0.247272065785265
4378	0.0284395345	0.0509931530649445
4379	0.032118135	0.0508125586975362
4380	0.25673826	0.0458212271204762
4381	0.205009277	0.360361260177652
4382	0.281002695	0.285899782742046
4383	0.029019116	0.0416210849000427
4384	0.161408054	0.209523834182315
4385	0.1154309335	0.146774665098551
4386	0.054125995	0.124124505911619
4387	0.025188185	0.174833674610108
4388	0.027802317	0.063934240054188
4389	0.0145293283	0.0238381764845714
4390	0.021972888	0.0234736730375439
4391	0.086979129	0.197623874745196
4392	0.680056773	0.8247348711125
4393	0.498053745	0.451595820803739
4394	0.132038866	0.256376408296845
4395	0.040764581	0.0396075621408333
4396	0.317290416	0.203320269678762
4397	0.191131002	0.172543051742778
4398	0.164694008	0.134947968476992
4399	0.193334546	0.162925082855225
4400	0.119900456	0.122144910071814
4401	0.351540433	0.205010201085313
4402	0.117016011	0.144119617750098
4403	0.046501399	0.064015037747375
4404	0.0899312127	0.18120379630536
4405	1.3170213616	0.716045313846035
4406	0.54451141	0.434169855972154
4407	0.099416298	0.212452342509228
4408	0.3465255	0.642985102534292
4409	0.77099695	0.546621548447108
4410	0.195696632	0.203853830090952
4411	0.276909813	0.284478183399063
4412	0.042661248	0.0594322950378947
4413	0.197327041	0.177203571430365
4414	0.0918896254	0.150905324351961
4415	0.076511327	0.226351722839603
4416	0.955230734	1.0055250471535
4417	1.245328404	0.937872836686814
4418	0.4447654534	0.259153564787793
4419	0.225308113	0.357254673514657
4420	0.0430651787	0.283369581180732
4421	0.310717667	0.609959347011395
4422	0.3728034593	0.206899552297524
4423	0.904631689	0.926162354486208
4424	0.061815666	0.072181485533619
4425	0.1966866255	0.235694189817865
4426	0.08470415	0.245695524789792
4427	0.026956091	0.040734288695
4428	0.0149329357	0.0677572543974243
4429	0.066271675	0.144890480984458
4430	0.094011961	0.119135498832674
4431	0.1607545	0.0629794362749593
4432	0.07841395	0.185056944984902
4433	0.071998832	0.075607518543018
4434	0.034754693	0.233992225019273
4435	1.037477062	0.994324884901333
4436	0.319369803	0.211774387873381
4437	0.273319341	0.173760661267296
4438	0.410330892	0.188168683784865
4439	0.0099328963	0.0137671018526316
4440	0.051668666	0.100649378744493
4441	0.12270657	0.43097120777527
4442	1.373295375	1.11373292031903
4443	0.0094135669	0.0145560191588426
4444	0.3774793015	0.365543257222841
4445	0.944880838	0.767150836776535
4446	0.0105682202	0.0158060078709804
4447	0.032297047	0.0269960340953704
4448	0.311032768	0.286201584093333
4449	0.142939044	0.201614423308586
4450	0.014510579	0.024734243593381
4451	0.771220918	0.704311380123258
4452	0.1156518607	0.201259914868
4453	0.079606198	0.114257272356574
4454	0.1271383643	0.266355649098018
4455	0.127052194	0.146416011699524
4456	0.256828674	0.0840001790095
4457	0.271624361	0.173104450939015
4458	0.455639404	0.517001920335389
4459	1.057553678	1.14486782562576
4460	0.541226431	0.383099692838829
4461	0.1315444283	0.120110101078922
4462	0.120436871	0.172249664884825
4463	0.43916452	0.437944081719959
4464	0.18086801	0.1675885998106
4465	0.311995621	0.223821727269323
4466	0.031332911	0.129344005693964
4467	0.040624567	0.0524857639018137
4468	0.879148696	0.752492952867454
4469	0.044421525	0.0321923562073656
4470	1.137670131	1.10319998755623
4471	0.011676824	0.0201884926640278
4472	0.041313932	0.0448589383945
4473	0.0253413995	0.02165940234
4474	0.0429887147	0.147410606893062
4475	0.5953047118	0.549786665651146
4476	0.171736476	0.149254496804208
4477	0.4082453144	0.349408680520095
4478	0.0103234463	0.0156512204301282
4479	0.20204402	0.436006846507
4480	0.0335933988	0.230467154233377
4481	0.82420199	0.990231432197952
4482	0.316811109	0.264549005137619
4483	0.297959546	0.396958161077939
4484	0.007120155	0.0159954951119608
4485	0.032253079	0.0406045219973984
4486	0.222269143	0.131964105434706
4487	0.1014163202	0.0948410148891919
4488	0.4349438951	0.127701967021111
4489	1.2126278134	1.01454397956517
4490	0.0134900143	0.0183291931614394
4491	0.076741686	0.180398148497857
4492	0.126936983	0.223700405780244
4493	1.222691191	1.19007271318833
4494	1.077470918	0.915614801835889
4495	0.0170897917	0.0639968710658333
4496	0.1624062515	0.0942156790224031
4497	0.95562926	0.519375543540575
4498	0.075738299	0.163326357506439
4499	0.481581656	0.473841122858677
4500	0.799288436	0.758693436455278
4501	0.160187075	0.0685624547467172
4502	0.45644789	0.334725036675
4503	0.231243378	0.225873342912576
4504	0.22898728	0.290442827785278
4505	1.6304381912	1.17226546584593
4506	0.046884666	0.0505351478388462
