index	observed	oob_prediction
1	2.04358959	2.46239284297906
2	1.121424077	1.5017614896692
3	3.39780272	3.0877897846009
4	9.4610194	9.70679652758772
5	1.593635424	2.59754755236579
6	2.78295617	4.18930864514635
7	10.74905616	8.91844453902451
8	0.705579139	1.23155515804103
9	7.65601208	5.62291453197607
10	1.53667951	1.29485292473372
11	1.891374348	2.11822644520833
12	0.73004794	1.77301224499677
13	0.25877488	0.273764190564583
14	5.43290782	5.06328142807207
15	4.51429579	6.98667915365656
16	3.752732898	1.73247127215278
17	4.95411601	4.96155343367094
18	0.757629666	0.628468498005856
19	0.51930398	0.842699393618182
20	0.614256099	1.61910988804653
21	6.73860237	6.92954177956191
22	4.5024685	5.90828417973039
23	2.356775262	1.30069630579048
24	4.461061	5.30782748425741
25	3.21941018	3.84835487259298
26	1.55334756	1.38916843112162
27	11.66617684	13.1495137396417
28	0.851251141	1.20138759192868
29	1.6826127	3.03456673155225
30	4.15911856	4.28239946983874
31	7.40486462	7.40998436444298
32	7.70382949	8.27863856260715
33	5.12494362	5.00285853364899
34	0.327524451	0.914091627293089
35	0.91224174	1.53190645353382
36	4.62541128	3.43062451824505
37	12.43925493	9.53241053127351
38	7.25592333	5.25380035827281
39	1.54834884	1.17719321389279
40	7.12938295	6.06983162812807
41	4.342278864	4.01864045140476
42	6.82646686	3.07827607713238
43	4.8359972	5.78718653182843
44	0.509221787	1.14947949712325
45	0.389778784	0.404721609757353
46	0.69969339	1.0463814609883
47	2.5014975	3.05204847357117
48	4.44207499	3.55225038652222
49	0.295944138	0.682552256872072
50	4.86524588	4.90142330630451
51	1.15637019	0.842911782032843
52	4.56600109	3.53227447584615
53	6.24124952	5.44140957213739
54	1.947180162	2.93932845965667
55	2.147952086	2.22833737100586
56	2.88152702	4.07377159119516
57	4.92924226	3.94811862927358
58	0.448135613	0.422844149288294
59	0.567371032	1.02242208568699
60	3.00727377	3.90083564929279
61	0.437441278	0.612946337091919
62	4.18339066	4.63140217004381
63	1.03831708	1.07025262299944
64	6.44744738	5.54667671104078
65	1.7906545	2.57502717706473
66	2.417326537	3.55471387160417
67	1.76156672	1.50918050544095
68	5.77591006	2.85936769238843
69	5.69974802	4.34998901123547
70	2.7667257	2.24149865475856
71	4.85182676	4.01201897710699
72	4.01043039	3.30715942396301
73	4.2392469	7.09866531766126
74	1.95826098	2.37130753141528
75	2.16386837	2.96196647668198
76	4.20484227	5.83347273261742
77	5.11276046	2.45697955835856
78	1.45358875	2.2116376664614
79	6.22015576	5.08478067971581
80	3.91194166	4.41730523553889
81	6.03171991	5.79461003476576
82	1.84049878	2.68871655291389
83	1.694134457	1.44311676995969
84	1.91831018	2.27235483762568
85	2.80395193	5.33633116155379
86	5.51107494	4.21645553043333
87	1.56212996	1.07555134549491
88	2.42546508	3.50072882279762
89	0.803153175	1.85231329931176
90	1.91271028	2.20442994841398
91	1.312872232	3.65621706994375
92	4.26830733	4.74854927945208
93	3.0503602	1.98202420903286
94	0.41860206	0.637210218640244
95	12.46230741	10.4426049776167
96	3.87721824	3.45641942619512
97	1.321727706	1.94726490626463
98	0.813234807	1.06172921891088
99	3.86405845	5.44334084080303
100	1.223535792	3.35205003789243
101	1.916394506	2.59940615432442
102	3.16685083	3.68506116092963
103	3.06918722	2.18327918327696
104	1.06897459	2.01360396307304
105	0.55341999	0.53536418653018
106	6.10517651	6.49730692991892
107	5.80013847	5.36099303365625
108	3.56090497	3.27365582915049
109	3.91395279	2.4425360906142
110	0.965777544	1.03741917331566
111	0.763946446	0.605356024699324
112	1.431995415	1.53925921896065
113	1.220264142	0.82473675384394
114	4.249118874	4.21288619810833
115	1.8117066	2.3488895671781
116	2.73214906	3.53267685486
117	1.25209475	1.71528474790513
118	0.65945671	0.399026017216667
119	2.54546952	1.72482313828619
120	2.25376863	2.92868295779915
121	1.06669913	1.13583925208636
122	3.35146162	2.93804120470376
123	0.695409409	1.20840070726569
124	6.14557156	7.84568518438596
125	4.82819294	3.82746816943535
126	3.12970376	3.92112581589246
127	3.62507452	3.44311961152982
128	1.559206603	1.79728622700682
129	0.771357088	1.70509938023354
130	10.39980834	7.83203965304167
131	4.96675364	4.31330778893243
132	1.482859893	1.42492294316143
133	3.25277683	3.71545209176222
134	3.16326131	2.37315775433088
135	4.2467438	3.22429003155051
136	2.522852674	2.17371032225761
137	1.703869755	1.7224888704819
138	9.46025831	8.43701714414141
139	3.86047629	4.30352153995513
140	10.56219416	10.2589959942043
141	1.4238864	2.69450149452105
142	0.58915016	1.69015154677564
143	5.64655336	3.90112987688933
144	0.462442256	0.712142730131945
145	0.26801096	0.321619591518333
146	2.36859323	2.35492219992983
147	0.250076638	1.04828142021762
148	2.280960938	1.85993686229561
149	9.4264622	7.37135336381019
150	2.1684346	2.48850112009643
151	5.564221	6.34520067829037
152	7.06188945	6.59792925641667
153	1.075039747	1.7645994795037
154	1.840032484	2.64447841925469
155	3.76723624	4.29522629479286
156	2.298846913	1.83849243134386
157	1.7861023	2.11319686086782
158	0.96455643	1.97876731927185
159	1.63820896	2.24885411026757
160	7.56133861	4.85263255771742
161	1.442138506	3.44658044477083
162	1.57062737	2.29168215941863
163	0.601320236	0.676225428160606
164	0.56458367	0.809234406883824
165	2.69333922	2.60875333093077
166	1.650419352	0.942290999254792
167	2.15293745	1.83889237746615
168	1.619934346	1.62548760711239
169	5.19653191	5.12391086462121
170	8.09573428	9.22030419443694
171	2.78128024	3.2052192988376
172	2.64701961	3.19458916576167
173	1.91779284	2.12598832562683
174	1.39753764	2.31545698012986
175	0.457569515	0.82449207531982
176	1.538747296	1.31912948038906
177	7.85870227	6.56548438007083
178	5.38413483	5.62615951709649
179	0.871277219	0.898742892654902
180	7.72038948	6.48627863673148
181	14.31166836	10.3933482691759
182	0.624736063	1.05376681695631
183	9.16000717	8.81402497746465
184	6.15262602	6.04702169561574
185	4.52754301	3.29822514438226
186	8.11391115	6.58912568047126
187	0.4564179295	1.08074022317009
188	5.58437238	2.48874224366083
189	9.7856073	7.92198162841667
190	7.04490558	6.57587352918627
191	4.095700056	4.88667798999524
192	1.645547794	2.09212999826923
193	4.89224274	3.20296138851373
194	4.69251154	4.18175812160343
195	0.67794397	0.941026806066815
196	2.959500896	3.77648143757143
197	1.01699759	2.19472294859635
198	1.64027508	1.66060339820333
199	0.617379441	1.47490224941157
200	0.435198754	0.361198721754398
201	5.57632447	5.10125509623423
202	1.048187843	2.8385138472
203	4.28637902	4.32479409157458
204	10.41279514	9.41562526030864
205	0.0949270623	0.661576294107675
206	1.45456682	2.32209881371865
207	1.49014171	2.65119150582407
208	4.31658222	3.37024139610349
209	2.60074365	3.79155625948761
210	12.7051444	13.6581644676611
211	2.97658404	1.57994421267162
212	4.06009187	5.41433392817143
213	1.985788877	2.27535198435625
214	4.37108022	4.52857281767867
215	1.3255007	1.26921097020333
216	3.65873019	1.27334767044167
217	3.04209681	3.98776271909405
218	4.27023895	3.77671301792048
219	4.35162719	5.39991023436344
220	1.82784083	1.80148316165299
221	6.593876706	3.71318925352685
222	0.875990986	1.92043110422479
223	0.615553223	1.14730326167257
224	0.660172443	0.555724613311111
225	3.15754109	3.08037167821048
226	3.289381216	3.06034091308095
227	4.06664973	2.85711760327762
228	1.044605361	1.12229831499676
229	6.76869042	4.7126356832197
230	5.5826019	3.88253005914744
231	0.44691723	0.40687057643125
232	3.61500255	2.17268173146
233	0.4717595	0.339072733528125
234	1.063186012	1.37404107980811
235	3.67779799	3.65237366751414
236	5.12981887	4.46239975808529
237	0.8578664	1.10857986437542
238	0.758240492	1.26842583405735
239	1.84589344	2.9119936602
240	3.71790478	2.75260576900897
241	4.12584274	2.31977540741762
242	1.276105896	1.10931456418659
243	9.584241	11.7297936428447
244	4.13621707	5.10803507176952
245	4.3419179	6.19978238126667
246	1.386971584	2.03161027740427
247	2.462460379	3.14969924570952
248	6.39115863	7.99246645630108
249	0.58373675	0.687219755965686
250	0.244010009	0.355499270557738
251	0.356053329	0.587138448024667
252	5.6550193	3.40290509709954
253	0.227689847	0.594090550370614
254	0.311478707	0.399101814289216
255	2.30728889	5.01856174488044
256	2.59804029	2.0183479810848
257	0.430375137	1.12450600381219
258	0.581147994	0.650700965889815
259	9.3176579	7.97649042393162
260	2.232505373	3.18956095648088
261	4.4835373	5.94001693778148
262	2.00887492	1.81047048956496
263	0.273204496	0.439143428997349
264	4.12208105	3.59028574721316
265	1.741919929	0.90996461655
266	0.398127976	0.83059132810045
267	2.002469225	3.05197324889032
268	4.92864532	4.45800659379264
269	0.681230657	1.07498653291477
270	4.68754037	4.1600300107098
271	0.199559214	0.495614085121599
272	5.76670373	5.8528114749902
273	1.42413886	1.6973064502401
274	4.14387276	3.24736596724167
275	2.30219044	2.06332300705812
276	0.202726953	0.228863449085093
277	0.386433231	1.34417015560093
278	0.49706511	0.617985844775
279	0.1694847	0.377368359971558
280	2.278461845	3.23486667491216
281	15.60503164	12.4218456612456
282	4.24338323	4.81478739406755
283	1.5977535	1.23250555321333
284	2.36148596	1.03685275931798
285	1.15044227	0.936101355539583
286	3.53090179	2.30666925995232
287	1.516857638	1.17693532817733
288	0.76777115	1.15599596121889
289	0.755852142	1.1322233837446
290	6.71994113	5.35108540743628
291	2.855760025	2.98245566541481
292	5.36535473	6.10520250095935
293	0.552853311	0.769766680249225
294	1.56945523	1.54932014684762
295	1.129527164	1.15636395255794
296	2.50374269	2.67199163010983
297	2.59482741	2.52960095254872
298	2.45611015	3.07118621699111
299	1.606137961	3.48887665916324
300	3.44700222	3.32731441038524
301	10.7154459	11.1671349009896
302	1.02842227	1.00116420626714
303	0.733598886	1.25117404284083
304	7.27862328	7.70602913156018
305	3.308213995	4.41057432399028
306	6.13355536	5.31753882010163
307	7.7159638	6.87782846496078
308	1.42270035	1.7076084497496
309	2.66624272	2.20546927278919
310	7.30371595	4.93525250599768
311	4.23070655	4.05526152757451
312	0.298323448	1.04139299836717
313	0.40829571	0.713065085953922
314	1.25779764	1.3167029850737
315	2.68105271	1.96994917777292
316	3.20534995	3.33722632112647
317	4.10605787	3.98218190913177
318	0.460987866	0.803354192341216
319	0.83459835	0.848197193506667
320	0.244834223	0.454138598281083
321	0.603408134	1.27341118111869
322	6.61948099	3.89287636924635
323	0.246399466	0.596076724359008
324	2.314474974	1.53064093060864
325	1.82922532	2.682169794075
326	2.3449084	2.38905699877167
327	5.32146945	5.50550819307843
328	7.92448037	8.04313429643982
329	10.65529886	10.7429523512639
330	0.198578873	0.235352330794625
331	3.98565203	2.14508477768519
332	2.23076756	1.6380292908812
333	3.79238589	2.72500237235375
334	4.19878738	3.26005939848684
335	2.28360869	2.07149528525303
336	2.26351478	2.24615068850702
337	7.3687425	7.78016747654824
338	0.657704527	1.23662299056207
339	4.76780943	4.21618959608276
340	0.21695977	0.804767058591111
341	0.42751415	0.475661729171396
342	0.580726733	1.7972727018543
343	3.692304394	3.7430590032047
344	0.32349924	0.587107224548775
345	4.86205022	3.76001202967063
346	6.13035271	5.01039544181296
347	1.427263526	1.79043925799
348	2.426191182	1.48489222356809
349	4.9535135	4.67556587159314
350	4.3769445	4.63375076267613
351	2.82578157	3.49331258507642
352	0.425869682	0.967898875070085
353	2.34249705	4.26111130910942
354	2.205985004	2.67483691830392
355	1.826395419	1.81137903778649
356	3.308475213	3.96228420961111
357	2.22985922	3.65040711066528
358	3.531711665	3.55662259716174
359	0.704720511	1.10165842812176
360	1.8922903	1.49810506050256
361	5.39133417	4.17406524614014
362	4.96449543	2.56446514834459
363	1.096863186	2.36102963742043
364	6.7121282	4.83165497084417
365	0.953314962	1.26084478417292
366	4.99283746	4.59826913882292
367	0.819231756	1.08574289162604
368	2.93009899	2.22160858436828
369	1.899280252	1.74405683752333
370	0.759102248	0.733462620457576
371	0.401055138	0.856971933383772
372	1.790111722	2.64759109620286
373	3.98399732	3.36947435950476
374	7.29752514	6.38295233783854
375	5.1764662	4.08333946843009
376	1.003924727	0.803707282931482
377	7.57975813	5.90039878802713
378	0.720310974	1.07385057029444
379	3.38847122	3.26579356608158
380	6.76839987	8.11961726230702
381	2.20500709	2.60801064605496
382	0.3476306	0.511497125040598
383	4.44890241	3.38901160803964
384	13.75685648	11.2531441202958
385	0.743159403	0.905454487468018
386	0.304547276	0.605072762310536
387	0.489055816	0.638270598250406
388	1.359133492	1.25757007843016
389	0.213235243	0.352499465499837
390	2.073553756	3.1172493634307
391	2.59773211	2.39953236907793
392	7.03571353	4.89962925689651
393	0.735826169	1.33249350094608
394	13.42186506	9.76987571466146
395	1.23690052	2.03068929489432
396	3.85012385	3.01120375515787
397	4.21352951	2.71813267332973
398	0.119324477	0.361735591356235
399	0.953004437	1.78097309831375
400	1.62217217	3.07174049783737
401	12.2971286	11.1458565432105
402	0.175646381	0.252109963166992
403	4.1739704	3.27993050634009
404	13.28640977	11.4314952074323
405	0.693772197	1.15831743309167
406	2.247410126	1.09215930533
407	0.236564932	0.424363059669643
408	4.461481255	3.73986131298284
409	1.910273246	1.59954506063963
410	7.2157771	5.5958026915873
411	3.4845493	3.2787024562828
412	1.6393166	1.89750669912308
413	0.484300553	1.06329575637381
414	2.266893308	2.08779253602865
415	2.69019365	3.36612968897451
416	4.45579346	3.36372787284144
417	6.77134759	6.98613367593056
418	3.25994534	4.58565404251325
419	1.723815542	3.241395531575
420	4.37939169	4.56791857965891
421	4.35038087	5.32708223358119
422	0.526827865	0.510460963278704
423	4.14702616	4.36352356525307
424	2.71427788	3.29387855663281
425	9.94972195	5.5974027934955
426	3.34657111	3.34519408526398
427	1.23855477	1.81891856218542
428	7.80848256	6.25251105868627
429	1.96865712	1.54993405713208
430	3.32297388	3.90341418733604
431	0.094123517	0.182962470214083
432	3.83269125	6.63336569855833
433	3.50468866	5.72395095197143
434	2.24661928	1.87187931120658
435	1.35909375	1.06890875580062
436	6.0004513	4.53913807231435
437	0.52032867	0.546595353058602
438	1.15099599	1.54194864811235
439	6.77440782	4.54990891019083
440	7.80084865	6.05954461852381
441	0.975772442	0.982748163926111
442	11.15333328	11.8458919160787
443	1.779755092	2.56083804378384
444	3.08991818	3.31605028774688
445	0.599509134	0.72453297715
446	8.32681877	8.10057581256566
447	3.91879048	4.60310694098953
448	0.859532277	1.1267811641377
449	0.772717848	1.23649527109063
450	1.282532526	1.21038343525969
451	3.39086129	4.07116209401389
452	0.227638792	0.517365075649495
453	4.6365472	3.00121230997094
454	0.87508091	1.08254007041316
455	0.246343167	0.471365733754167
456	7.74035746	7.39183506063889
457	4.30152831	4.77182197147407
458	0.77700609	0.597017130884762
459	1.996879688	2.3867690493129
460	3.88350237	3.52037887285098
461	7.33384285	8.38766030288542
462	3.54460663	1.53405180755342
463	1.610159403	1.20772734114529
464	5.8495886	5.8198733399881
465	8.6256286	6.28621450900855
466	9.05060806	8.72854300736364
467	0.782033505	0.873279952105856
468	1.80963195	3.0956407016899
469	3.38431676	2.37895488706389
470	2.323146397	1.69955979462579
471	5.81561012	4.72881405948081
472	3.96026102	3.60653272724624
473	7.62412676	5.30571808788333
474	0.170001017	0.650260891058333
475	0.1318960386	0.442406694424612
476	0.488667145	0.610970566243435
477	7.56676522	6.88700344513704
478	2.23449793	3.18595431699234
479	0.99945205	0.985059496983333
480	2.92199444	2.90444962417072
481	3.14172796	3.37016619242143
482	0.169212433	0.326826320335351
483	0.580443387	0.686773328755808
484	4.73235475	2.8568390165662
485	1.80916642	2.21170988069649
486	0.34019144	0.46979976970329
487	1.63022616	1.4277753145201
488	1.261349547	0.819227401125194
489	2.10842157	3.4131095382464
490	1.001002017	3.54925698687674
491	4.67799129	5.45114454705729
492	0.982566855	1.01189941972642
493	15.44059143	11.7011032613333
494	2.16585597	2.28003303805674
495	3.38233931	4.70364774950463
496	6.28277282	6.16591108720476
497	8.11950527	5.85727156490833
498	0.3784773	0.338999527812403
499	2.181766364	1.87169000899458
500	1.65420242	1.88164284783496
501	8.02333876	8.07893585736782
502	5.71392977	6.6608453555098
503	1.070591019	1.5494749125625
504	5.4686514	4.79670339422072
505	4.57920578	6.16896165232813
506	4.10277792	2.29011382950877
507	2.93283714	2.00711332974938
508	0.265281301	0.858079091076126
509	3.17401623	3.27880058127179
510	7.35863805	7.52430832581373
511	0.965091483	0.910725417933731
512	1.76397632	0.865024757634068
513	6.78382668	7.3568124353875
514	0.55709518	0.405277561517816
515	1.46316244	0.972886021139147
516	0.321413115	0.334987543941905
517	5.130404634	4.94950867511373
518	0.83245105	0.683002576410859
519	7.34822461	5.44875384546154
520	1.47017653	1.9273084441374
521	1.146218527	1.76986486782538
522	0.54504513	1.18273542146938
523	3.70491757	5.07212688122072
524	0.415965071	0.428323066816667
525	10.00489677	6.49880278119048
526	0.83905503	0.676279980543535
527	8.69040847	7.99266645484234
528	2.49388921	2.638486844125
529	2.11564401	1.17184971188384
530	3.41671621	1.84775628416802
531	1.649459804	2.62161965989559
532	2.42971546	2.43606949745093
533	6.10565663	5.28229806146099
534	0.819891307	1.53243040509225
535	0.500725545	0.433136291103611
536	1.248629325	1.18093889254231
537	5.01805761	3.43412453984889
538	2.42043216	2.6294715175213
539	1.48870825	1.76048111591923
540	3.195333595	3.54388013343964
541	4.74092462	3.96281485788921
542	0.112720059	0.384788900961719
543	2.63087662	2.50786811101018
544	5.25846929	5.45491006142793
545	2.55512016	2.13241733853291
546	5.68379753	3.84065344291473
547	1.16907851	1.45982643465152
548	1.260988098	0.727701910510953
549	0.62113067	1.33430108838657
550	1.05372251	1.47524290892524
551	0.590725593	1.33113995186574
552	1.29448687	1.76160718404386
553	0.701159261	1.03732209980857
554	6.20468571	6.44990097261261
555	7.2109012	8.14766326856452
556	3.40968835	3.01318888329032
557	7.29524977	4.47495010874902
558	0.938977174	0.932568918370476
559	6.44663257	4.61388345892886
560	2.20477842	2.23302620828108
561	0.966056817	1.207644783075
562	0.495885279	0.57653431731125
563	5.04422484	2.78617661943333
564	0.307503717	0.873977453230952
565	6.85822953	5.05076241346569
566	0.583479538	0.794113647571154
567	0.797455554	0.591375948521015
568	3.588937734	3.60959821297132
569	13.86451594	11.939810662364
570	3.08348158	2.79377716364886
571	5.42099015	3.49911278175366
572	0.49820457	1.37126043362805
573	7.47783445	5.61423803216847
574	0.407761053	0.825023284505882
575	1.586572905	1.74082620138778
576	4.39457209	4.32042147368385
577	3.254112	3.28666821653935
578	4.625863984	4.40617713314792
579	4.68301549	5.39107084566667
580	2.147257647	1.13488605384625
581	3.65761898	4.64210279573334
582	5.64927574	5.47335526895745
583	1.478443587	1.98596220620758
584	0.327959082	0.679427314113372
585	1.85120004	3.20618185020256
586	4.0133343	6.38531130413793
587	4.96850177	5.46854356519188
588	9.27490786	6.12870613302613
589	4.7426984	5.81501446764167
590	6.40562963	4.72669547614063
591	3.85308848	4.00184449290909
592	3.46934805	3.53963365172037
593	3.91564637	2.82184712298095
594	5.84342348	6.63130432030093
595	1.35896976	1.13000967299386
596	0.942393558	0.977075574846748
597	1.03147043	2.37286584768426
598	5.51938543	4.41652594229206
599	3.009201975	3.16412403335208
600	11.41392847	9.68981188334685
601	3.27023723	2.37883818988155
602	0.625163433	0.794608065077193
603	1.32577471	1.43058917124229
604	0.232726945	0.793620683615405
605	0.896662886	0.97102876918
606	1.153957325	1.03800363401368
607	7.56903966	6.03940848678682
608	1.390003706	1.62290619166624
609	2.04337597	2.82714003358018
610	4.55822562	3.73197469466026
611	2.58214923	2.09365867577188
612	0.47307664	1.75144824410455
613	5.36047462	4.74393605003809
614	2.61134922	3.7633483813844
615	1.35653019	1.8656997890951
616	2.95717727	2.70719891988524
617	2.38587289	1.73943400119254
618	2.47952697	1.82909774449651
619	3.9952171	3.85755720565451
620	1.547819689	0.769282669287698
621	3.164388763	4.08344398681607
622	1.06894563	1.84549785310317
623	6.75211846	6.04508635760417
624	5.15082494	6.20117854477029
625	9.05906351	7.171535327
626	1.2335196	1.8887268828434
627	4.26962164	6.03435280847297
628	3.528499877	4.047207174805
629	3.88354269	6.22024305550505
630	2.103169483	2.4979541918869
631	1.387332297	1.61464761834427
632	7.51547881	4.15999193351351
633	0.825479347	1.8957527391101
634	0.664151734	2.01062380074095
635	1.119323203	1.53059359767544
636	0.619107424	1.30903241210637
637	5.20437253	5.98654340407527
638	9.28821326	11.7977502551
639	9.70088164	9.46972851192544
640	8.44217059	7.62295649466667
641	2.84989904	4.65979606072471
642	2.43627951	1.9950579763815
643	5.77870223	5.80537410367928
644	0.195724046	0.637944584024167
645	4.52043779	3.95800994979167
646	7.29903823	6.69568395228646
647	3.031767244	2.8480652211739
648	1.489140386	2.16805425304109
649	5.78371474	8.02844269233784
650	1.108156396	1.01484997947556
651	3.60632078	4.15582213712311
652	10.51373896	7.80200633657364
653	9.94381858	7.57255744842342
654	2.83497199	3.03824114780937
655	4.92231183	4.22761814823559
656	1.691444395	2.01723719478578
657	3.08428312	1.41084549755202
658	7.36873313	7.81639952326852
659	2.591990238	2.99159420221228
660	0.628747193	1.10182066435937
661	7.04805717	4.03133268341453
662	5.69256575	5.13250068416583
663	7.51636864	6.76140122203889
664	1.508995893	1.43650823488504
665	6.23427195	7.34824190127778
666	1.261837596	1.37113307148542
667	3.8318861	4.35752752198182
668	5.92374965	6.22523886037162
669	3.74830965	2.89188598583874
670	5.01673065	3.19375022539167
671	4.2438761	4.38842065302317
672	1.1565303	1.33705858459565
673	3.14408613	2.41433403738398
674	3.0662423	2.77667348840903
675	5.10987585	6.34912836161184
676	5.0775877	4.79896486083577
677	2.67379806	2.5774203833662
678	1.41811859	0.912568729336021
679	4.462618394	4.17280851310507
680	0.219771096	0.304493246686961
681	0.416499996	0.740009709490952
682	6.5235293	6.90059887524583
683	9.18382129	11.5110222937167
684	11.96323375	13.2925400797286
685	0.61762754	0.709244083582716
686	1.79528693	2.64436174736716
687	1.55764697	2.37764070053924
688	4.67833621	2.39620726902875
689	2.061234634	1.72752144391759
690	1.783490483	3.52260276139017
691	3.36248383	2.12935603972325
692	5.20723087	4.10299331278667
693	5.228452064	4.0345972612442
694	1.92935805	1.93691337275027
695	3.00806192	3.35847771112519
696	1.759222395	2.81829079476825
697	4.54021193	5.30431292817524
698	5.21527372	5.68059418048148
699	11.27637504	6.55071840681905
700	1.028043205	0.873199757944583
701	1.920384974	1.06607486182111
702	4.2889009	4.49476446174167
703	0.36811731	0.368180416917593
704	3.25859686	2.34230748809512
705	2.44911675	3.2694001526675
706	1.57224815	2.64319743681708
707	0.725788958	1.60634661246239
708	3.371748664	4.0322806972172
709	2.484180785	4.43197293557651
710	1.488315035	2.00275021326429
711	3.31958606	3.83186744854907
712	2.80817873	2.0461413810581
713	0.309052	0.563258204781481
714	2.076660776	2.79599094001798
715	6.24649733	7.98114507573413
716	5.1233935	7.09254424005729
717	2.385002545	2.92310861270762
718	4.542908276	5.35863700307703
719	0.281386254	0.326977223442883
720	0.334478191	0.656464418562963
721	1.303868343	1.59145296876566
722	0.787589988	0.701257568542277
723	8.71384403	6.9531509768287
724	3.69944132	2.00876601066018
725	6.40903966	5.67455275368687
726	1.56243492	1.34125997491441
727	0.266326175	0.253414517833514
728	0.60853128	1.01674065024868
729	8.789808	13.1575602607029
730	0.75065585	1.7383349479871
731	3.54426982	2.27513251559323
732	0.4898144	0.963121594114706
733	1.332488511	1.81389121845292
734	2.14344512	3.59619171175641
735	2.321644675	2.08518375557607
736	5.20493283	5.73124521262255
737	1.365930532	1.14060631549017
738	6.50043268	4.52176723453021
739	5.73415568	5.16317613861212
740	4.58126807	4.81744340652927
741	3.40163469	3.75401345434683
742	9.7750842	8.97906754761765
743	0.494106666	0.747067589355983
744	1.13137335	1.52787462894397
745	6.15606752	5.21154070581018
746	0.499307317	0.779917681637302
747	4.63927658	3.13193601615811
748	2.41074535	1.94873937924762
749	2.76433501	2.99582684159778
750	4.84664725	3.95144576885238
751	5.03218829	7.11074588221354
752	1.78012819	1.543048028375
753	0.184710566	0.940978995019608
754	1.36886536	0.81352811383718
755	0.1008237945	0.326958517929205
756	4.95841403	7.07666360638596
757	1.053330914	1.54279449914286
758	9.49339268	8.93884871252778
759	15.13490132	11.7036539101282
760	2.28986035	3.779452127335
761	0.31616376	0.592885461247444
762	0.85199042	0.909790750512222
763	1.30233611	0.987484550727778
764	8.54672388	5.09729359079167
765	0.445584959	0.717177816584678
766	4.45017687	3.53035116773547
767	1.2618423	3.58191610333981
768	4.59668407	3.92505181048704
769	2.54359121	2.86383620921966
770	0.110685814	0.31695726460381
771	2.06195007	4.52829910562155
772	2.029884609	4.28372270275145
773	3.03655617	2.59415680839167
774	1.036224523	0.724470971823611
775	0.15167524	0.162688499869369
776	7.47647453	4.54796335187419
777	1.72549885	2.37854616127658
778	0.212153312	1.25720185122424
779	2.02025577	2.89733160029185
780	2.52184785	3.72848639114389
781	1.40169273	2.4987635540037
782	0.79100784	1.08542933446316
783	3.18397481	4.86082603491944
784	3.716843994	5.50206714572317
785	0.743417421	0.874357492983642
786	0.39499137	0.538049195212667
787	3.40161676	3.31201193357937
788	5.62515214	5.13231943345083
789	7.24472549	5.14279645177353
790	2.032904708	1.07943331430714
791	0.566976241	2.31709451267451
792	3.64121731	3.331007117525
793	5.93727279	4.10864885149243
794	3.247254852	3.39857613161616
795	0.273243484	0.927896738298542
796	1.98105523	2.41048785140303
797	0.71985809	0.46227620050381
798	0.258477856	0.258313925973185
799	1.455830397	1.56270425868162
800	0.316626332	0.341081480272857
801	10.14213471	10.6711400247976
802	0.498441501	0.590870556480808
803	2.83250003	3.47223264593496
804	1.972120217	1.40425448388048
805	12.3947831	11.943624331982
806	3.41650767	3.51432461560325
807	2.78325613	2.0319654182939
808	3.17230087	2.67627100319907
809	1.6605063	2.42411393203182
810	3.88818491	4.30281486030196
811	1.143772552	1.74389304385256
812	1.66529603	4.78621647070524
813	0.2503116295	0.438329193728509
814	3.66844453	3.73545983935952
815	5.18974768	7.72428260931429
816	0.6374344	0.941068860651111
817	7.84777766	9.37457833856481
818	1.145319414	1.00467729912602
819	3.50607712	4.53916385104474
820	0.61776413	0.928494135728829
821	1.623348032	1.53412703063514
822	1.670803027	1.15922597973586
823	3.558104366	4.27333086976471
824	2.61456795	3.32856504432571
825	0.403016146	0.884907539910294
826	6.6959171	5.92089831657692
827	0.287775925	0.320555692965147
828	1.862001263	1.63359125351814
829	2.382238686	2.51770472792048
830	2.175324865	1.95864729357949
831	0.481424684	0.638677307039524
832	0.928351537	2.15502495189186
833	4.21531201	4.94850098427143
834	0.490276407	1.30581660966313
835	3.9206103	5.58728260975045
836	3.03201826	3.33977159691389
837	3.34661778	3.60478158025185
838	5.93613362	7.19143833904324
839	0.252598508	0.485054603318519
840	4.36035	3.36764326924069
841	3.46896329	2.07342779552133
842	4.34765411	4.622553476152
843	0.813220578	0.492081812898873
844	2.99123075	2.18994350128728
845	1.028869305	2.08021640732937
846	2.74556296	2.45084350063762
847	0.38335887	0.313036857726272
848	7.82204911	8.68267008108772
849	3.48224859	4.07257369184837
850	1.877515445	1.47991317127939
851	10.02423178	7.6248635872125
852	5.27981473	4.19061982665238
853	1.64539814	2.26580122183143
854	3.80241682	4.34188557878161
855	3.341779456	4.68932009861569
856	4.15956247	4.01027014848553
857	2.81422709	1.82847013676951
858	0.182623454	0.511318097955319
859	2.836834305	2.79940706260256
860	2.06756353	1.07222036358578
861	2.051821757	2.11017753015429
862	5.81646251	5.31993193322745
863	0.497900331	1.07677546779417
864	1.74028356	1.36009756588081
865	5.92128812	4.903939265
866	8.63570647	4.23595031844676
867	1.457133107	0.913064144704065
868	0.16125824	0.203853616286719
869	11.79467542	11.1556562715333
870	1.87055897	1.42867674218759
871	0.187867882	0.414899780296212
872	6.53063545	9.20104208726496
873	3.22137994	2.17781584244348
874	4.14884157	3.32778137482111
875	2.10833421	1.93842561133131
876	0.4869531085	1.30488576734542
877	4.59698642	4.00926174452024
878	8.56146146	9.84953392275641
879	1.248199542	2.26162834185163
880	1.442926575	1.69483515941218
881	6.11806245	3.28828966439755
882	6.90281006	6.13208630646582
883	2.35183201	3.35127967063518
884	1.9469284	1.40945433506966
885	2.97328003	1.5346799076312
886	0.960108354	1.21858596612658
887	1.375024785	1.55537666499907
888	0.855657878	1.00023080312183
889	2.07993277	4.06433516952046
890	2.62064297	4.11084231515354
891	2.114662224	3.85641105592742
892	0.911290735	1.69013603765318
893	1.573338435	1.06386853160052
894	8.06172119	5.79683016620614
895	8.3973659	4.84155401847412
896	5.8913601	5.44582694171709
897	1.33445404	1.08998960258772
898	1.028365106	0.953326518201587
899	3.38292533	4.11543196833563
900	1.700582151	1.11204610986822
901	3.651816414	3.56140538070262
902	6.15153045	3.83934109119479
903	4.4619427	2.73570262332342
904	4.83820433	3.94057852179429
905	1.220810262	1.12902347589516
906	3.22956838	3.92557571565894
907	1.08820726	2.73961397608241
908	4.22580811	4.77332103352667
909	6.81217659	6.59040510936275
910	4.89033734	3.67446098185721
911	2.31339772	3.21795666683469
912	1.38446891	1.62275793345714
913	1.273488596	1.52132251336515
914	0.704540396	1.48701300558728
915	3.75322248	3.47848970752436
916	0.709665529	0.959244859972358
917	1.150790511	1.22718299632172
918	2.00159977	2.76239415065543
919	0.918886856	0.768330357793452
920	0.86794877	1.13177014664107
921	2.9095347	4.21222614469238
922	0.428446108	0.899049524048016
923	1.91363279	2.61856820345101
924	1.757858947	2.05090740265586
925	3.48419264	4.52914026320707
926	0.253381648	0.738999142784516
927	5.33902983	4.26765299697072
928	3.3597837	4.55038286449919
929	4.53707028	6.411660044875
930	1.301813427	1.24548456096798
931	3.64098318	3.23645304934634
932	0.777228848	1.14601496805602
933	16.9201068	11.9722844172421
934	9.68719721	9.16709829661494
935	6.26986518	5.67219478595556
936	4.02522824	5.08189720385238
937	4.21983528	4.28675860532883
938	0.484553417	1.20655971831368
939	6.80017412	5.67447479547518
940	1.203115617	1.75401252868167
941	0.763958854	1.2832442764092
942	4.9822139	3.50699364816945
943	7.29069754	6.02945362382018
944	2.45727732	2.28010219255602
945	0.530967832	1.27270009580292
946	0.271052095	0.289117084206667
947	2.49605695	3.47295430561222
948	6.0464758	7.19331368707658
949	4.25119545	4.23789242862381
950	0.88948718	0.960717621654914
951	1.95314046	1.84354310609568
952	10.8997499	11.6175357830215
953	9.83559287	9.35977233253333
954	0.750427387	1.20484359211757
955	0.727254985	1.3131784657037
956	4.3223384	5.31901261414524
957	0.305106161	0.607297338481583
958	1.80902894	3.46819783022519
959	8.64254588	7.29046819211966
960	2.29089685	0.732594353276748
961	0.326416645	1.04512304331253
962	12.91285347	11.0901429517738
963	0.99402008	1.07446641024535
964	3.0982903	2.74960682818295
965	7.37051828	5.789024792375
966	0.907704282	1.60983844392544
967	4.57062323	6.0669532195463
968	3.85774427	3.16922908530323
969	1.56089324	2.20977097061992
970	2.104722952	2.24512295956667
971	3.06847636	4.22659974084234
972	2.85050422	2.46248973915405
973	5.84211627	5.59128042336574
974	0.522061853	0.539944638671465
975	6.72503	8.96793115110416
976	1.76175623	1.1426771732225
977	1.41730251	1.27996032923509
978	2.822544354	3.72740325086473
979	0.39335758	0.592707347362525
980	1.456724503	2.20617561572857
981	1.63333148	2.10642952032043
982	7.69205527	5.60372573571368
983	1.678373363	1.96136073376625
984	4.56253464	2.67431587893523
985	0.397959656	0.912142453771111
986	2.31223484	1.8422732399127
987	0.676616685	1.06970428307982
988	0.56289014	0.91526686017027
989	6.59971371	5.47427812951159
990	7.2046107	5.11404675638553
991	3.10701492	4.04791612784412
992	1.37702108	2.28997804614355
993	0.214459916	0.765904842836979
994	0.268804466	0.527459649657941
995	3.26717492	3.50806408913988
996	3.596005605	4.0684297189381
997	5.24056742	6.17822687482162
998	1.584630536	1.21054508370492
999	1.314872966	1.4244019989348
1000	0.17080786	0.265175305889015
1001	0.708633566	1.08896727095405
1002	0.295262599	0.352961629565104
1003	7.05232848	6.78308016227652
1004	3.05873545	2.47641500275194
1005	1.31099379	0.936617985058139
1006	4.79252405	5.01995310411111
1007	2.8924091	3.75507248414667
1008	0.430932777	0.623888102055707
1009	0.644321002	1.13147844385483
1010	5.47960563	5.50759735010043
1011	9.11939526	6.36153806146569
1012	0.97950548	0.804211194375
1013	0.97111165	1.09933939827265
1014	1.371400003	1.19296389193472
1015	0.44880709	0.650476783304065
1016	8.24629497	11.5538332454833
1017	3.85833664	3.87614869030584
1018	0.475941986	0.772939818163393
1019	1.82218727	2.27050751732206
1020	3.55096018	4.29591204669524
1021	6.95238938	8.19578108464131
1022	0.0555107142	0.29112474572735
1023	2.65261378	3.70626475562258
1024	4.98184353	6.65124346034483
1025	1.09906614	1.91510672663699
1026	3.481428	1.16058217170729
1027	7.85859315	7.44990286652151
1028	1.85793346	2.23603764686396
1029	0.167963408	0.573805578578143
1030	2.57570654	1.71399588662577
1031	0.33357245	0.459446542394205
1032	0.293823972	0.531498479947105
1033	0.491829651	0.445357540882883
1034	3.36015903	3.56988330865856
1035	3.11495224	2.94394888606729
1036	4.93270358	4.31016448111919
1037	0.807529016	1.16999813258726
1038	2.64636307	2.8295031506974
1039	0.629484394	1.22705638876923
1040	5.4284679	5.20917401206512
1041	3.81767513	3.73358255830677
1042	4.38596362	4.10252328275945
1043	3.3451586	1.65617059742619
1044	2.982544863	2.39205110741626
1045	0.4191271165	0.58421205725375
1046	4.36407699	2.80978808548073
1047	1.79980702	2.22883548687353
1048	0.967077924	1.5640157279127
1049	0.8831544	1.63068184860677
1050	0.656512625	1.16580694441296
1051	6.06814628	6.98758924706504
1052	3.984261485	2.93641526298514
1053	0.316054043	0.822295948242277
1054	0.386047797	1.18460015637593
1055	0.907773378	2.04069232421667
1056	2.80216414	4.08512853055598
1057	3.88654747	2.42849597935317
1058	0.814907913	1.02551733022524
1059	7.4345194	5.8833379839375
1060	4.87571196	3.86085585829039
1061	2.587300138	2.81615197893333
1062	0.77450122	0.791778285963426
1063	0.310336045	0.731742274835586
1064	3.10812805	3.37115422717143
1065	1.39031986	2.4418361216845
1066	0.862286673	1.00804245361974
1067	1.20353592	2.43857845999074
1068	5.94820187	6.27210743561979
1069	1.88927277	1.25003603830392
1070	1.43297127	1.92003599310219
1071	1.77885637	2.09124525074301
1072	11.41140817	10.5744672595366
1073	3.6545878	4.25218545615991
1074	1.532985785	2.23960728626301
1075	0.256018796	0.286265471610509
1076	2.86041209	3.0462125019473
1077	1.84804615	1.87575148646226
1078	3.189570765	3.26436630246036
1079	1.645415693	0.945763328620176
1080	2.8410378	2.26946341314505
1081	0.95240089	2.18129819694375
1082	4.58904555	4.06665626290544
1083	4.68966712	4.35561008627258
1084	8.12764122	6.66725291569333
1085	0.86395183	0.959101980377642
1086	3.27438112	2.72846744597865
1087	5.46455789	3.26490530703148
1088	0.703466947	0.939404358864341
1089	2.64602729	2.08308722041042
1090	1.983681397	1.47292173528682
1091	3.48334044	1.46960639274069
1092	2.01831237	2.44154495499216
1093	1.78110612	1.16154394881
1094	0.738936567	2.36736870557072
1095	7.15454525	5.35297713854659
1096	5.04768586	5.4932107608
1097	3.3447364	2.50987136011364
1098	0.306819982	0.45920789301325
1099	1.167820579	1.28038182873252
1100	2.30709605	2.7940656253412
1101	3.2051153	3.73039096676708
1102	3.16844462	6.72942185597549
1103	6.22446424	5.82653723636095
1104	0.71772332	1.41755500822033
1105	0.437959196	1.07179173478333
1106	5.7188006	2.91375600411792
1107	1.440718578	1.14613038748194
1108	0.985398391	1.88093953031476
1109	7.45632351	7.6118903736125
1110	5.41749104	5.43934264951111
1111	0.224486778	0.295785638542889
1112	0.771723855	1.21851207028718
1113	4.1861628	4.26364890521905
1114	1.068442122	1.86557648036875
1115	3.09589026	3.97282754611061
1116	2.7900537	2.84858423400694
1117	2.244808984	2.63846473300644
1118	1.230131463	3.43423630897333
1119	2.298100906	2.68577402096989
1120	2.606793025	2.81974745348762
1121	4.12332078	3.99931670523376
1122	3.41119915	3.93396672450625
1123	5.56688418	7.1586695249009
1124	3.63510887	3.57786098671212
1125	1.874345315	4.11453101392143
1126	2.128660574	2.05830447198509
1127	3.68029852	5.18547776728625
1128	5.46537106	3.5190105842781
1129	0.432160566	0.420145122112222
1130	1.007256925	1.00581294763611
1131	2.74093316	1.9603338041185
1132	0.932732805	1.92032715485729
1133	2.08721901	2.52838475725727
1134	1.490949615	1.72512158962236
1135	1.01844636	1.34782576139192
1136	0.750168203	1.1023884397375
1137	4.6467572	4.0095337008543
1138	1.79759695	2.12859681441286
1139	9.29950875	7.30652462905417
1140	0.347415263	1.00662371178788
1141	3.04884049	3.06124972166344
1142	3.332883014	3.12513834530147
1143	7.41989241	4.69188316431444
1144	3.17723895	3.53769719047917
1145	1.16345941	1.24049172911613
1146	7.89442005	8.02015324455238
1147	0.25688023	0.360658739657971
1148	2.726572608	4.01286287556383
1149	0.356965255	0.795696444102381
1150	2.6825432	2.16928830856627
1151	1.91064847	2.61351632604542
1152	1.16189804	1.51949053215509
1153	0.36521019	0.408826619162387
1154	10.72080323	6.52791542455445
1155	6.05482455	7.21276254094118
1156	9.64495201	7.82461327397675
1157	9.31050862	7.89246327174444
1158	0.28003931	0.896587381598532
1159	0.94750051	0.969940916050463
1160	1.489306813	2.12832489299756
1161	3.46593216	3.8023582074
1162	0.488615185	0.610485238252906
1163	5.71593985	5.89909507550397
1164	2.43508121	2.18858199220675
1165	1.023304703	0.788758043514951
1166	2.96102841	2.69570257385667
1167	2.248942	2.61677468771667
1168	0.41847136	1.44161302010875
1169	1.73584544	1.05675829724539
1170	3.33200725	3.61143109757062
1171	3.011132037	2.66505991678627
1172	0.90259508	2.07950525283177
1173	3.6190102	3.89451094207903
1174	1.735720936	1.73571659248611
1175	1.864530995	1.29151310061019
1176	4.04311756	2.85188764735388
1177	11.25651595	9.96558724178095
1178	6.85688663	5.8528145889596
1179	3.73567747	4.94019529428384
1180	1.86465389	3.15022405423238
1181	3.40627701	2.32836984106912
1182	2.741472896	4.00741295542143
1183	5.30573724	5.1449672502525
1184	4.00255218	3.70210831627762
1185	5.80486458	8.12642049613333
1186	0.248005018	0.416764739372017
1187	3.24034377	5.35643314402917
1188	6.36147714	3.93040788192841
1189	6.68025892	6.83262846719524
1190	1.352771036	0.580283718032778
1191	2.77343269	2.83032983269608
1192	0.958939175	1.46590643114545
1193	3.018026324	2.32433140941048
1194	2.57253565	1.89373606115792
1195	1.30742174	1.22753014971624
1196	6.39044905	5.19637717390196
1197	5.04014192	5.98148151639619
1198	2.26876102	1.30281865772237
1199	1.54584197	0.816414395121558
1200	8.57918003	7.27896447592593
1201	1.81973604	3.8126408512175
1202	0.62411105	0.898554190426316
1203	4.64899174	4.63746506122114
1204	2.74646718	2.67217243895225
1205	4.62742961	4.27413234755905
1206	8.71996785	6.06773119298992
1207	0.314696566	0.740325074428571
1208	4.5001607	2.81629766432581
1209	1.713192594	2.81841805621065
1210	1.083372332	1.57735253125625
1211	2.223283985	3.09948744795458
1212	2.77445814	1.99255229729
1213	0.308800248	0.313755932634848
1214	1.595388258	2.26790433979206
1215	3.93995444	4.35181925460417
1216	0.991827786	0.493951420562302
1217	0.973098776	1.18117483482072
1218	1.03811987	1.34550400032419
1219	7.23477601	8.48756271661111
1220	5.76276688	5.75526518327519
1221	0.45793469	0.577393910768056
1222	8.31451787	5.56628914403143
1223	7.57128208	6.85592329873913
1224	6.61093818	7.72955831392308
1225	1.902636925	2.26513792461239
1226	0.247809044	0.450268727747634
1227	4.12103128	3.27948206938217
1228	2.06993317	2.36106213150637
1229	0.201085137	0.364358624012935
1230	3.18494484	3.16611031161771
1231	6.120285	6.62935761465556
1232	7.9315432	9.46975665288436
1233	3.357486425	2.49791199163854
1234	2.502606124	2.93148436122094
1235	1.29940493	1.54468757739595
1236	4.4362338	4.47378854192917
1237	3.25251669	3.3456993334838
1238	4.9899082	4.28353418720753
1239	12.0789173	11.5168483502917
1240	2.38243971	4.30476944144298
1241	2.327369728	3.80771474845691
1242	3.914005425	4.35181908536915
1243	2.79518967	3.09551687865048
1244	0.803889435	1.41421323571786
1245	5.2383147	6.88348163846759
1246	3.03992475	1.30949546552838
1247	1.07699925	1.19851551761706
1248	2.156577106	1.81389829965746
1249	2.59276873	2.21202992588936
1250	11.22405732	6.90274658393056
1251	0.299979082	0.643338820231746
1252	5.47776282	5.44564333751087
1253	2.95134945	2.40455426871905
1254	7.69875886	6.95822390077632
1255	0.951861493	1.81683926639769
1256	2.318799654	3.21600693511051
1257	10.58539782	10.4907275070095
1258	1.26230544	0.719728516914286
1259	1.731013009	2.64566374081944
1260	1.31677588	1.53285138106613
1261	5.22368728	6.25714254365556
1262	3.45749723	2.62289899103452
1263	0.551572836	1.34875560117308
1264	16.11557494	13.7588472433974
1265	1.14924605	0.943636325248809
1266	7.93516561	4.56325161065054
1267	4.30055225	3.13717138570671
1268	8.82668054	8.74576856373738
1269	3.4341253	3.74605823678862
1270	0.355772034	0.387742519065976
1271	5.24195327	3.67997950655702
1272	2.340283625	2.50870363712852
1273	1.74087388	3.7100757300941
1274	1.203354494	1.0353860968631
1275	1.80178579	1.63552997126589
1276	1.243299016	0.953854284125926
1277	0.964088933	1.14321601390366
1278	7.53464884	7.25274252861274
1279	1.919936035	0.837565208461869
1280	0.291371602	0.393361436653764
1281	0.88930971	0.708868650482292
1282	5.26728186	5.58036164836473
1283	5.90123677	3.88017976878241
1284	0.70687091	0.664285703503571
1285	2.677725908	3.48822231890885
1286	1.64624078	2.01933855315269
1287	4.45958555	5.62273439396732
1288	7.43137068	6.11558267397778
1289	1.697043198	2.51612347892426
1290	0.667506089	1.65529938467393
1291	9.57869543	9.26712430821759
1292	0.741745714	1.4078012757787
1293	0.361107367	0.498233702013426
1294	1.99655013	2.06474473671757
1295	4.13128555	4.29158814007564
1296	3.42160215	3.9615113868491
1297	3.30129675	3.74884901837604
1298	3.102303255	3.00373850823977
1299	3.99862986	4.10225423649037
1300	4.48823536	4.43851287759286
1301	3.64335943	4.89791683455294
1302	0.90085253	1.44228357957114
1303	0.93300432	1.17343252277018
1304	2.204740715	2.98179276841724
1305	3.96457534	2.53472605085469
1306	3.24520112	1.84689389491273
1307	1.5306508195	3.28789572568472
1308	3.746525525	3.01241008743627
1309	5.39906034	5.61066810767593
1310	0.0816844047	0.235666429014243
1311	15.4774606	12.0677207140541
1312	1.925681125	1.70604159803829
1313	1.507029417	1.22530426454715
1314	3.99472116	3.61254682262592
1315	5.43290531	3.26860892642315
1316	0.494851293	0.975185989317117
1317	6.8608048	5.84313842954144
1318	0.765015339	0.573000497252381
1319	1.39398904	1.80666925758935
1320	5.2315517	3.513952886075
1321	0.285305355	0.657630318484848
1322	0.747253251	1.16866449329333
1323	2.178283	2.09017952374746
1324	0.53628499	0.827894249921191
1325	0.146184575	0.53787110968425
1326	5.72356376	5.88505864071354
1327	1.63956322	1.63095219007059
1328	0.359838817	0.515379915912626
1329	3.92738383	2.79051147414242
1330	7.87269032	5.33338387792315
1331	0.328839721	0.496933522166667
1332	4.5593478	3.77735487537807
1333	0.58444141	0.526128672242072
1334	5.62371378	5.39871413658333
1335	9.66991277	6.6599335690881
1336	2.36362566	3.00764305779083
1337	10.07066882	11.0645303540698
1338	0.929785608	0.895933356435135
1339	0.149506963	0.286153706683452
1340	0.800653486	1.40276440366563
1341	1.069075076	1.79381935527433
1342	4.9132896	3.08245952354844
1343	1.78035384	2.09423712994744
1344	3.81023794	4.78124759413333
1345	4.56364868	4.34174163292478
1346	10.2903135	9.81820547656746
1347	2.913994994	2.57259092985766
1348	6.57902593	5.55162286709115
1349	5.89487011	3.36392868407083
1350	0.72101991	0.96167232129381
1351	5.5820802	4.08473915154381
1352	0.436691986	1.1632609590375
1353	7.46326716	8.28438649928095
1354	0.72651125	1.37703798825181
1355	1.523586886	1.69949476439762
1356	3.06181955	2.50588870668904
1357	0.288275544	0.612913868235392
1358	3.14539866	2.43177859336471
1359	1.316262206	2.84266287051487
1360	0.689883034	0.968316770940104
1361	1.41405336	0.812070942796396
1362	1.85201242	3.40222141899189
1363	1.79002399	1.16810187584833
1364	5.34341565	4.85845808217778
1365	5.48706819	6.80537023680476
1366	0.969666373	1.32899152290746
1367	1.490010857	1.64610223949617
1368	5.50359409	4.84828959079311
1369	1.00598765	1.52882242105598
1370	5.726792	6.55139552957018
1371	4.40529583	4.30413434292762
1372	2.70811139	3.20274577390625
1373	4.54143892	5.35755635822857
1374	0.31940189	0.292401781030325
1375	1.56824526	2.01207463332654
1376	6.32458964	3.75568140160859
1377	2.36232287	3.43080324291505
1378	0.67870625	1.26596246137097
1379	2.224739393	2.73770147021148
1380	4.86370448	4.88426179216146
1381	5.34092436	7.66979068048766
1382	1.83960785	1.35866488470625
1383	0.9842864	1.81595962090256
1384	1.21938584	1.85838214529815
1385	9.18935555	6.67199095102846
1386	1.93114911	2.17644785683034
1387	7.03199636	7.85072727159167
1388	0.459890294	1.17676836679792
1389	0.607936738	0.68472958333018
1390	1.26344622	1.91879168175307
1391	0.739479832	1.31084591624145
1392	2.95872865	2.27433670654619
1393	6.26017714	8.46138181527193
1394	4.31645124	5.35364843059896
1395	4.46331458	5.66824230871296
1396	0.152593454	0.4602535161225
1397	2.75976054	3.82398249696344
1398	3.80552328	3.01029097587875
1399	7.01273518	6.09768074991944
1400	1.61007549	0.756684745710853
1401	2.83161458	1.84423940409009
1402	3.32355357	5.40937251685128
1403	5.55917776	6.06556526675
1404	2.76914853	3.13714705331945
1405	0.5310189	0.693396107174786
1406	4.04040382	4.21856690874561
1407	3.35199021	1.86798236272667
1408	4.25238356	3.08177075997677
1409	3.78933271	4.46110811927222
1410	2.1628982	1.43825863383438
1411	1.173582796	1.53775603856373
1412	3.67050372	3.74412214271716
1413	8.3323663	8.38908347238889
1414	1.633940556	1.67273210514375
1415	4.30050693	3.99981780408333
1416	3.460588395	2.21613387015088
1417	2.84926477	2.44119004232607
1418	0.900255309	1.52318313983775
1419	3.65049548	2.83476022566786
1420	1.183323934	0.944878051288518
1421	2.22128356	2.71950845457417
1422	1.893094876	0.933847881076
1423	1.559787562	1.87766268748684
1424	0.702120114	0.578565808572817
1425	6.4350634	4.45582174849412
1426	3.70675767	3.87791840549167
1427	0.213647934	0.44924663838464
1428	2.30244384	3.2747604011037
1429	0.949058603	0.584809782691778
1430	2.47229583	2.03414523416185
1431	0.755808043	0.652255335649802
1432	1.43231914	2.03160005215317
1433	0.331455263	0.461467531921428
1434	8.5096559	8.1953759994023
1435	1.90225622	1.87181561279542
1436	1.12310067	3.18838355311398
1437	6.39862936	7.18456837361539
1438	5.86756304	4.85704616956838
1439	2.300518997	1.77075431638651
1440	3.64471157	4.60620923173889
1441	0.168696676	0.338498839985714
1442	1.517329367	2.13544262520942
1443	1.32710367	1.24374001440972
1444	0.80518954	1.00450393045245
1445	0.494079443	0.770268717650219
1446	0.583422742	1.26855772201823
1447	3.287220295	3.89763651267407
1448	3.26893715	4.75404461282692
1449	0.499490219	0.8168684186395
1450	8.61535272	8.85518046766228
1451	6.22763061	3.94880559579015
1452	1.255629886	0.658969805321368
1453	1.9813871	2.77896067248718
1454	2.30548748	1.13146534370325
1455	3.41846406	3.87263129024121
1456	7.70959828	5.75656433080093
1457	9.71570884	8.99632718946512
1458	2.86006203	4.10860234566071
1459	3.67517835	3.94799232505898
1460	0.148792792	0.293693868520155
1461	0.454624312	1.05622479770914
1462	3.4185738	1.48990159684333
1463	0.8005774	0.837031904213763
1464	3.88236126	5.01546805097778
1465	1.19605039	1.92304748307439
1466	0.349126806	0.592379418137597
1467	0.467636864	0.805158401645946
1468	2.72829336	3.57260989373784
1469	6.01336231	3.63161157125556
1470	6.39547912	7.77000620155983
1471	0.487492404	1.03315458871198
1472	1.324920012	2.43445184216094
1473	5.6268392	4.46479430966623
1474	0.82279259	0.783774843804248
1475	0.589431906	0.4496429754875
1476	5.12687268	4.63025680849074
1477	1.176860533	0.880912490406349
1478	6.31428602	4.15137679565591
1479	0.719892742	0.995528228158866
1480	0.64947753	1.06516419755156
1481	1.42312772	1.63365757259907
1482	0.1607847425	0.659266203725676
1483	0.534495046	1.23578509897027
1484	5.75246147	4.4452100269009
1485	0.640088163	0.919710515883333
1486	1.063132643	0.963969418069445
1487	2.06187899	2.43758872114091
1488	3.1684746	4.88843409930556
1489	10.0043959	12.9196705642252
1490	6.10595925	7.62049821916667
1491	4.78981587	3.67715908082024
1492	0.337355468	0.889254642539286
1493	4.11501404	6.37443518521875
1494	1.177741128	1.41132109705172
1495	4.99140374	6.87147746593617
1496	14.63799833	9.59377222072581
1497	2.38052774	3.30803018212714
1498	1.61761528	2.10643159866622
1499	1.03414455	1.2876043363186
1500	0.918936465	1.09705148115417
1501	2.67940206	1.72900419828649
1502	0.330122102	1.47853184396562
1503	4.7035178	5.92060781921429
1504	2.0450788	2.6009465898494
1505	8.54846938	8.09131649165104
1506	0.601182723	0.837025731340556
1507	5.3585316	7.72471795224786
1508	0.8678662	1.46467589038775
1509	0.832240448	1.31944366482833
1510	5.46123804	6.22376844575667
1511	0.243676766	0.404364127272464
1512	0.58127096	0.656904458858333
1513	6.13194791	4.84140091866047
1514	0.965123749	0.965154727943011
1515	1.1501466	1.39082867507361
1516	8.76540653	8.64992106044118
1517	4.43524455	4.06910570191131
1518	0.410873218	0.662093225756667
1519	4.34938438	3.95652601331389
1520	5.3741835	6.77378417936743
1521	0.387621014	0.595063222794902
1522	3.29014511	4.04787776436842
1523	2.273955832	1.56424654153763
1524	6.55521076	6.91562142355729
1525	0.82442419	2.08299636136146
1526	0.571396655	1.09317311260545
1527	10.70651626	11.067833615345
1528	5.65667831	3.31690036169099
1529	3.12159486	2.13723590471898
1530	3.29143079	3.63374839930625
1531	2.436688836	4.44267532320085
1532	2.286096552	2.50980780980714
1533	3.44521748	1.99530349592286
1534	1.56220007	2.17853264746504
1535	5.28106476	4.57073787367667
1536	1.488560866	1.14364245124457
1537	3.51095141	2.69929667601757
1538	4.4049913	4.50415194022581
1539	2.68541327	2.86764640098519
1540	1.80227813	1.60765907756768
1541	0.722847804	0.751440155955351
1542	0.318027683	1.27176390312311
1543	2.28816122	5.24597859715116
1544	2.55165334	2.5061902908
1545	0.83658437	0.544088097150269
1546	3.06351015	3.77596258197593
1547	0.91400854	0.684245276106783
1548	4.23429248	4.19507396654041
1549	1.484206976	2.05919360782222
1550	2.18318011	3.86348850856847
1551	3.51967185	4.58514164873772
1552	0.292554076	0.335042116573413
1553	0.407373354	0.333609475238333
1554	2.43746706	2.75884373444802
1555	1.686945942	1.87750782232778
1556	12.6631561	11.4448202930135
1557	0.56127403	1.13013249058241
1558	1.860101927	2.00274514397907
1559	0.72489811	0.665317853577778
1560	0.411854947	0.552065684022581
1561	7.54201783	7.87656297883334
1562	0.541445605	0.448416369924865
1563	2.27170837	4.02572355373333
1564	2.19201574	2.94023504882273
1565	3.64017326	2.02091431801072
1566	1.72497019	3.18394068729459
1567	7.56703409	8.08524755255
1568	0.418044871	0.733332508810684
1569	4.67648474	5.75767647478579
1570	1.177959315	1.26069344995632
1571	1.745718455	1.27496074527803
1572	7.94673341	4.77683601274762
1573	1.59420972	2.53650813124118
1574	6.45789884	4.93043637443432
1575	2.09316091	1.87018668204398
1576	5.50628863	4.52192858478537
1577	0.75563781	2.01877099182991
1578	0.411259493	0.611973513495349
1579	0.473164362	0.501079804878922
1580	1.39178202	2.83473883791261
1581	2.03753073	1.41108877664
1582	1.68506299	2.61505085452209
1583	3.613876565	4.04320489824091
1584	0.88475446	1.68301046650991
1585	1.406136204	1.97973580963646
1586	1.5649702	1.76352443103775
1587	7.60907257	7.59213552031061
1588	0.91489376	0.768610326392188
1589	6.34383123	4.00777360314884
1590	0.456740808	0.642902299254824
1591	5.35387864	5.05188092333824
1592	3.70007577	3.27609059068441
1593	2.361821752	1.69536839081111
1594	4.44231993	4.78298378513375
1595	0.447272481	0.587009861784286
1596	4.08406648	4.28163978615855
1597	0.260716012	0.481656663199802
1598	5.40236287	6.02095152113334
1599	3.812510895	2.50326988422647
1600	3.78485112	4.69877645995569
1601	0.216339862	0.4952478176625
1602	0.919578398	0.99822020519
1603	5.7585134	3.68202747728946
1604	1.53122704	3.10431717892865
1605	1.93563169	3.34675657438021
1606	0.291713751	0.59067125447376
1607	9.28480693	7.55584652601852
1608	3.02591186	3.04540255507564
1609	0.885967069	1.11878495880662
1610	1.624088294	1.93407175124352
1611	1.57480855	0.694185382449375
1612	1.335580007	1.95089793497875
1613	3.46266898	5.24469798451095
1614	0.428481369	0.72530893337043
1615	3.58062243	5.2238614267625
1616	0.78857298	1.32713529089524
1617	1.018632625	0.540939926963816
1618	5.14925517	4.22076019105595
1619	1.317765099	1.80345662618276
1620	5.37325575	4.39664655059444
1621	0.567534955	0.727383616495737
1622	1.444562774	1.56617995019781
1623	0.337421955	0.594495617022414
1624	1.44485977	1.20644715148472
1625	2.19136757	2.25437691990174
1626	0.897527557	1.36081891635556
1627	5.09499645	4.67995139365172
1628	2.70689502	5.28965763021154
1629	0.414849442	1.56183160048761
1630	2.07889353	2.616489959395
1631	3.37292493	3.2765066561845
1632	3.68575823	4.52764623777639
1633	0.152759076	0.394546453624561
1634	2.07218441	1.22698788663829
1635	2.86012565	1.72071691438649
1636	3.4865667	4.78831566537635
1637	2.84782125	2.82947270569864
1638	4.04923658	2.48214778734414
1639	1.74139661	1.25473779669024
1640	6.18761308	4.61220226687639
1641	2.61593424	2.76812075890167
1642	0.85432546	1.26126360807375
1643	7.87066754	9.75604879671297
1644	1.70981323	2.64863552910043
1645	0.219866939	0.820168130379605
1646	8.33258274	6.79673263071569
1647	1.74666848	1.0009725486851
1648	2.89126079	4.33746470051852
1649	2.73953852	3.24968292602222
1650	0.346272734	0.379815165755556
1651	5.6105164	4.97100276899306
1652	6.03033047	4.00194038693992
1653	9.00824597	5.07614951317593
1654	6.73912773	6.60307895013978
1655	0.864964677	1.6401926008402
1656	4.07476735	4.22924430766036
1657	1.196612561	1.06801090585389
1658	1.509110737	3.98712254606222
1659	1.199283872	1.48507517224
1660	6.8521048	5.40688946854222
1661	0.263858386	0.414606211149524
1662	5.1300343	4.06503771595695
1663	2.8395715	2.89627097082222
1664	9.87918942	11.9717349052821
1665	0.722444685	1.22772216951746
1666	5.12625498	3.1780406872202
1667	0.707428956	0.769317212954902
1668	8.13899817	9.15803899262601
1669	0.3424454	0.373280320765385
1670	0.165922034	0.300368998173824
1671	0.549961116	1.37141847825753
1672	0.766586567	0.820474499748276
1673	1.55598766	1.33819055204621
1674	2.829050718	1.93974525157478
1675	5.33094534	4.66482481383698
1676	3.0429439	2.47915703198468
1677	0.175441378	0.26823651531957
1678	3.99784526	3.87965458425762
1679	1.14272983	3.98767485833333
1680	3.67210387	4.96115425122222
1681	0.098520476	0.196516577633016
1682	1.039278364	1.16810295750735
1683	16.10614653	13.3929147743712
1684	7.48551046	4.95544416607424
1685	0.33107017	0.880929898398925
1686	2.44201741	2.72162308456626
1687	0.185289836	0.456851309636022
1688	6.59953135	7.06401149442083
1689	3.93525755	2.3447098730953
1690	6.02721337	5.63440830280342
1691	11.21699498	12.9157102136282
1692	2.483962723	1.48263383709596
1693	2.9918357	2.95779806939445
1694	3.00776103	4.46056214706154
1695	0.588986518	0.6435051735125
1696	2.93982375	3.34923097992815
1697	1.465012178	1.25617833192958
1698	0.819523006	0.618529389925521
1699	5.12994069	3.0238708576942
1700	0.208427089	0.301628221835208
1701	5.09527566	4.94910137356863
1702	3.641177532	3.94945941145795
1703	3.258300685	3.00513733127024
1704	8.43116413	9.37431549573077
1705	6.05476922	3.2916525368906
1706	1.80495014	2.24796006142895
1707	2.86838276	4.39561887961951
1708	1.94058254	1.13986260821571
1709	3.71790897	2.92596484048284
1710	2.20859915	2.42497343604596
1711	2.139265675	1.71789104316982
1712	7.92612632	8.62875974902315
1713	3.70101358	5.52408641648106
1714	0.265204541	0.351801704284804
1715	2.107351443	2.1171536501681
1716	4.33914062	4.6955869415619
1717	0.429411228	0.919684263711861
1718	0.824751386	1.31383550433687
1719	4.61744113	3.99525647270833
1720	8.73207568	6.71772931822222
1721	3.86018841	4.52510814464537
1722	4.26735254	3.61206177040625
1723	5.04320838	5.50620213662778
1724	6.9942983	7.68750752544444
1725	1.3897211	2.96140094833762
1726	8.5686925	7.24744957162084
1727	1.454163536	2.77754687028125
1728	7.46409356	6.58183441520556
1729	1.09096366	0.97143775065101
1730	0.566611338	0.753996753819697
1731	3.42692871	3.86886838791574
1732	3.94928169	5.17856499617105
1733	7.4529509	9.16066607180208
1734	1.145562593	1.3185506690991
1735	1.381719982	0.843950055988034
1736	0.985316116	1.26113872507826
1737	3.02620953	1.12415196379845
1738	2.38167002	3.19625103194459
1739	0.494227922	0.546078938769608
1740	6.5394915	5.32314041667857
1741	5.2160788	3.64496296951607
1742	3.69537467	4.01210872955
1743	8.30491242	6.76300759815151
1744	0.553197169	0.77749882377906
1745	8.68258007	6.16853028790278
1746	0.965924468	1.13531236359688
1747	0.677576752	1.70937264605303
1748	9.83211855	10.9810980967829
1749	1.17362353	1.24878389792824
1750	1.47682816	2.4636797723057
1751	0.702220125	1.26972509411406
1752	0.982178514	1.16177900313081
1753	4.83369928	5.65928037876371
1754	3.4683997	4.3833469068814
1755	2.20354968	2.00450794279323
1756	8.1664736	8.62975716282946
1757	0.267027084	0.727914884608975
1758	1.58927233	2.71579260165926
1759	9.51544799	10.3081927632521
1760	0.425064697	0.946840210657365
1761	6.41092922	6.78169146877424
1762	10.03081248	8.58726625113596
1763	5.3704057	5.20393237705284
1764	6.85260193	6.77594684653226
1765	2.9695788	3.11937875378452
1766	6.42598432	5.07217472621809
1767	6.95189207	9.02392035088333
1768	7.89499783	8.25191126660417
1769	3.37357885	3.47775640964804
1770	9.7737712	8.5182508436
1771	0.637250147	1.62278041312407
1772	1.539472164	1.01899698797927
1773	6.52088147	5.70959358210667
1774	5.82583706	4.8075208819
1775	6.3604276	4.7997003146819
1776	3.86212411	4.06437959821212
1777	0.293876224	0.407587166479687
1778	5.27589787	4.20969549760714
1779	3.80788205	4.12216743077381
1780	6.24981054	6.82083169220081
1781	6.15004355	6.0531139628287
1782	0.528835741	0.990105629304938
1783	0.455583926	0.329781454964722
1784	2.71148779	1.80794502882581
1785	7.529103	5.76763175998148
1786	5.70084622	3.19115533096847
1787	1.70658657	2.26650227830125
1788	1.6868002	2.73852586546991
1789	7.11417438	6.19175007258108
1790	7.79336218	8.31866657955093
1791	2.225946346	3.94469465081018
1792	3.91294125	4.49366458848158
1793	2.077639676	2.39884810423804
1794	0.402223264	0.834821041182521
1795	0.255958427	0.271772650004065
1796	3.91431943	4.6431765863769
1797	1.927692206	1.51207777472748
1798	5.85497017	3.90209951890524
1799	8.09597096	7.16471643096569
1800	4.17318841	3.71567615554375
1801	6.05436131	4.90506260783333
1802	4.20474144	3.38752734594857
1803	0.125880544	0.283585808170513
1804	3.099554793	3.14162160197628
1805	2.0268512	1.42257497139625
1806	9.9638765	7.34490294101667
1807	0.922410652	1.37289734325675
1808	1.08611113	1.51802555479645
1809	2.03275509	2.34035437494917
1810	1.64585603	1.91116284857387
1811	2.14970988	1.77052900707521
1812	1.88664613	2.68550470432094
1813	1.54904625	1.6774353959047
1814	1.602873512	1.45082214839815
1815	1.01479921	0.796057854118982
1816	0.464830486	1.21735567700089
1817	10.32020372	8.93073826501613
1818	1.145894894	1.26766992626556
1819	5.6452999	5.52163137827586
1820	4.37713783	4.33473362229412
1821	1.5965723	0.764833705997222
1822	0.569096941	1.11597902786306
1823	1.98235541	3.35736257345602
1824	3.04656077	2.16514119043628
1825	0.77846014	0.709734217750388
1826	1.41797619	0.854805963762403
1827	0.60504117	0.628777393310714
1828	4.20471427	5.69348337947794
1829	7.50323958	6.50824255535
1830	3.31589767	4.02235681349762
1831	4.04655873	4.93610535301724
1832	3.19319184	3.44165386433382
1833	3.97756927	3.11823385594675
1834	1.79265416	1.66284814835747
1835	1.96409964	2.89413174206301
1836	7.91281469	6.25661737934259
1837	5.30380706	6.44687107336666
1838	0.25171254	0.907870545127619
1839	1.375172955	1.97495349393509
1840	2.47742905	1.90718191650781
1841	5.3724356	4.92764350556531
1842	5.0519154	3.5334020111782
1843	2.65344126	2.62575597279633
1844	2.51982012	4.47735642576423
1845	0.279758148	0.912626510446581
1846	5.28127985	3.08054336867562
1847	3.34190572	1.86392610031918
1848	3.83586888	6.29652535804054
1849	0.82354389	0.704945153232353
1850	1.67044372	2.35910326502444
1851	2.77723268	2.22740450843935
1852	0.182154632	0.466266270534615
1853	2.022618274	1.90263838198389
1854	2.62445883	2.27914744439872
1855	0.686639848	1.07788000765625
1856	1.11973208	1.56420531900753
1857	0.606375298	0.964293558712037
1858	4.4558661	4.0695341094373
1859	8.61878398	6.75658373133333
1860	0.875095604	0.970180388744017
1861	11.95975782	10.698074029951
1862	0.848974856	1.14317094844573
1863	0.430613211	0.830302894663889
1864	1.01331407	1.60666182341238
1865	0.829492442	1.13873248449701
1866	0.756055191	1.81817588821071
1867	5.35277595	4.75437644971569
1868	0.342464358	0.751344046394074
1869	0.739603536	1.18287633176081
1870	2.530214009	3.12779401758333
1871	5.92203129	3.97630984286545
1872	1.03740326	2.18066664030175
1873	0.390238323	0.747272494326667
1874	1.24977684	2.41831623662137
1875	8.07349787	6.66770212637037
1876	2.792456435	3.6653525741
1877	2.237483061	3.13697836474143
1878	2.44313205	3.03021195775481
1879	0.680912132	1.185152255173
1880	9.03531044	8.08631193604167
1881	4.61331624	4.85972228949815
1882	1.044439352	2.2441637298982
1883	7.00748686	7.12527252691936
1884	3.18594882	2.84053893137647
1885	0.562966848	0.590940578413158
1886	2.31922606	1.62342303107704
1887	0.37306392	0.340235608160648
1888	4.069190695	4.1618880952
1889	3.81929327	4.09585950926532
1890	0.167935053	0.289936560779474
1891	0.631688606	2.23134783362157
1892	0.5768893518	0.750133685459324
1893	0.61118502	0.543431346879762
1894	1.47478314	2.14369450923684
1895	1.20822045	1.22899589264417
1896	1.142763628	1.83671738742083
1897	0.170783441	0.247532538606306
1898	0.56021192	0.393065893544369
1899	1.145729054	2.53791131480784
1900	3.46233191	5.61674709318229
1901	1.044945845	1.08064225403246
1902	0.824266966	0.762746356517568
1903	10.3020976	12.1293837499491
1904	10.71587394	11.6349616079352
1905	2.56890479	2.47525446199792
1906	1.262498673	2.37064968355078
1907	7.87676044	6.2525182651129
1908	6.70090166	6.20941156053846
1909	7.26485298	6.4942628879187
1910	1.98402694	2.33206949613423
1911	8.31794428	8.9052104157043
1912	0.181213181	0.852372299467778
1913	2.17135065	2.3395269381752
1914	7.67390595	10.413793989848
1915	2.85331485	3.0930260811939
1916	2.45548176	2.01499711290812
1917	4.14885833	1.8884786384375
1918	3.88696678	3.75564976722143
1919	0.956095447	0.839173929404273
1920	2.53799364	3.67314699803714
1921	2.61072949	2.41300173543241
1922	6.85341965	8.06597310357692
1923	1.122570542	2.72707610299844
1924	2.335532214	2.56367651970606
1925	0.399978422	0.3524492701465
1926	3.07245955	2.40549385838283
1927	10.2166544	10.935590188625
1928	0.105672391	0.339275355893496
1929	1.159905775	1.31754135497828
1930	0.744739194	1.14723034273095
1931	0.797401089	1.30024511310736
1932	3.32730399	4.05228672646923
1933	5.9502538	4.0244586251004
1934	0.244742372	0.434509085951111
1935	6.25949218	6.17651160622973
1936	2.169448195	1.08032428212762
1937	2.189066823	2.97359153547344
1938	1.625675428	0.947721872499123
1939	3.59440891	3.55236741010833
1940	6.834182	4.84230629510532
1941	5.99560054	6.07576318648571
1942	2.11812651	2.09620343391023
1943	7.60774444	6.61138801186945
1944	14.82038458	12.4107524330219
1945	7.57959899	6.72121859205556
1946	3.138860524	1.93846984080598
1947	1.28787588	1.55552989342798
1948	3.72572321	3.8306389578197
1949	1.554963517	1.14371629458815
1950	2.13866768	1.76207331028675
1951	0.750705746	1.86587733122149
1952	0.824256718	1.27818536609829
1953	4.12840463	3.34068813909417
1954	2.52918191	1.80326214226624
1955	0.304266109	0.628791704931411
1956	0.89012254	3.21980063797125
1957	4.44377174	4.02239204288021
1958	1.145219763	2.38581022525855
1959	1.25215724	1.88116898392157
1960	4.39738622	5.22953494046396
1961	4.10899657	4.67215899498039
1962	3.85535536	3.61972303114792
1963	0.932921512	1.33851310227296
1964	5.29389811	4.26571572570541
1965	1.899651685	3.1118896133875
1966	4.62048795	4.94484998796667
1967	1.053487955	1.11534498245877
1968	1.605315784	1.57328024260437
1969	1.630558048	1.78403895671222
1970	2.10981089	2.72653885701892
1971	2.53743824	1.91607463242568
1972	9.35385273	6.28363092471875
1973	1.322894017	1.5652082407152
1974	2.82153487	1.86559857982824
1975	0.146903441	0.360955315284687
1976	8.84438004	8.56159552105914
1977	1.372695907	1.26100300374775
1978	0.63942154	1.40335641017793
1979	0.546084354	1.04053442096542
1980	3.169088294	3.89498368738594
1981	5.65815102	4.86179048339545
1982	3.39409876	3.54160633777369
1983	8.90373844	6.87399147565196
1984	7.52908541	4.92835799635853
1985	0.694020294	0.999437014021318
1986	2.133090328	2.28279797391667
1987	3.56101587	2.93766703328603
1988	4.44169162	4.40546867737828
1989	5.96732717	3.49106165531944
1990	0.274385803	0.472179006682752
1991	1.385178768	3.46203879536447
1992	3.835167485	4.38967776192748
1993	4.5769021	2.27155491420505
1994	1.204010384	1.28878345462094
1995	3.83190899	3.36856443897157
1996	1.920665766	0.984475487436486
1997	5.33054083	4.84212308084762
1998	0.776656529	1.21203911776471
1999	2.05977726	2.7051060870219
2000	3.49520046	3.58368282505952
2001	5.3506962	5.83642908715766
2002	5.53878381	6.52647491470086
2003	2.6722873	3.50104997285208
2004	6.32522364	4.43049512896222
2005	8.0202597	7.3461847051
2006	7.7060231	10.6500342034363
2007	2.97390659	2.22551713995476
2008	2.132275044	1.95260756367801
2009	0.648572116	1.25268225615333
2010	0.887844298	1.86721344305741
2011	5.53204082	6.38771714275877
2012	3.20074589	2.57935396981714
2013	0.749588904	1.97817300069861
2014	9.88474953	9.80348182277451
2015	6.58848492	7.869469630625
2016	0.34449548	1.06600389080758
2017	2.263317964	2.52054433367792
2018	1.06340179	1.14328204365856
2019	4.80687555	4.26607395081465
2020	5.56381583	5.92580721128788
2021	3.0774098	2.96977928523434
2022	1.5670485	3.1664403981114
2023	8.44030232	6.28750429659806
2024	4.65237258	4.08627561537143
2025	4.22834771	5.49167744080303
2026	1.78271674	1.84936437234583
2027	5.80213153	3.20721558876984
2028	5.1621657	4.33891919695208
2029	2.20400558	1.71682361375965
2030	3.032503176	3.31610830484062
2031	0.704364521	0.888321753713889
2032	0.993787493	1.18879721813524
2033	6.10718151	6.17079588413333
2034	4.6808257	3.89036021482326
2035	1.86969097	1.37635973953426
2036	2.69613663	5.07189160255702
2037	0.614475495	0.916392267889682
2038	6.34562364	6.4265606300812
2039	1.871577018	1.15062150465046
2040	2.501257785	2.3990244666446
2041	2.886660353	3.09749304581712
2042	3.6054424	1.48281877828611
2043	2.78705738	3.12613905720441
2044	1.8944055	3.88847409627
2045	4.65001912	3.65779446803125
2046	4.62098898	4.26710977607598
2047	4.71232693	3.13159107792118
2048	2.446517203	3.20101827994868
2049	0.223842515	0.551405810130833
2050	0.451271224	0.413744096629688
2051	0.802357777	1.01272928348419
2052	0.668820399	1.45575659633627
2053	0.302914745	0.239011535515686
2054	0.185962572	0.59800924236563
2055	2.178508886	1.20744605869194
2056	0.262452423	0.508666634330556
2057	1.862458845	2.62230208178333
2058	2.84268036	3.11640113162593
2059	1.01732216	2.92436980120862
2060	0.189130587	1.17409280560524
2061	3.64008605	3.32735206390395
2062	6.31442837	10.2800311876157
2063	1.24297358	1.3785358752697
2064	9.39379014	6.91104204194445
2065	8.1886022	6.96820072050555
2066	0.771095917	1.33335041417402
2067	5.79281582	6.22263098013597
2068	3.07059876	4.14815415411099
2069	6.86005062	8.1242390280496
2070	0.489794576	0.705891248886822
2071	0.880527861	0.759565251447083
2072	6.45983877	8.76812772910811
2073	1.046009877	1.30287451405041
2074	0.581784011	0.695891135025439
2075	0.50538012	0.953716042116667
2076	1.16909055	1.35822302882619
2077	1.108243575	1.00963517176759
2078	1.49376333	2.26531518245256
2079	1.175241997	1.06669443818796
2080	0.830834295	1.24036151686199
2081	0.90649087	1.12458458836238
2082	0.327609323	0.615991718859009
2083	1.10270896	1.73384925648077
2084	9.28246944	9.43559160305556
2085	2.22838377	1.8594142600057
2086	7.76827493	7.50403020043243
2087	0.2284079397	0.755346316517886
2088	0.476544756	1.26967198755746
2089	6.08916877	3.54455267907571
2090	0.953079229	0.628647839773611
2091	2.56725303	1.98887360832719
2092	4.27819182	4.5725992609627
2093	1.41358468	2.84275153170637
2094	1.611346119	2.2971379318201
2095	6.70524074	5.90761665060256
2096	2.33009708	3.03401447189697
2097	0.312983424	0.507257142394136
2098	1.496866614	2.70592423450658
2099	10.70303845	10.8139462923333
2100	8.55283142	10.2736355539365
2101	0.94038853	1.73195731160325
2102	3.0335084	3.62517632944762
2103	0.38061461	0.551338027635898
2104	0.802640725	1.46331951005351
2105	0.338274897	0.417294504919798
2106	2.73220944	3.17725106741752
2107	4.81823019	2.97484509451765
2108	4.07405132	5.11317587834017
2109	5.15677073	5.89464441908095
2110	0.572897583	0.713452060278419
2111	1.726694973	2.15634105528559
2112	4.01823435	4.17288717070349
2113	3.40372519	3.33790504372281
2114	2.44051279	2.45350620693571
2115	1.600364156	2.00186233101828
2116	0.67607791	1.84551457620465
2117	4.60790631	3.86701711786771
2118	2.27951127	2.52488203282117
2119	4.74734904	3.06589430887935
2120	0.373906272	1.13861057922
2121	2.07730436	2.55930323158631
2122	0.189985604	0.238831271172103
2123	1.28427549	2.11631982764286
2124	2.7267917	2.06311270187796
2125	4.85245419	5.00954122721991
2126	1.840003854	1.86743931132374
2127	3.548668573	2.57875517111375
2128	0.288600036	0.62701663255303
2129	7.47847658	8.26865797976563
2130	3.57124534	4.21477061314625
2131	5.6708012	5.76031494406911
2132	4.20854783	4.84130580451032
2133	4.56533081	3.579287493575
2134	0.997595937	0.837540014543519
2135	1.617202415	2.38555107881111
2136	0.516257093	1.62809066643455
2137	5.28398922	6.48891408916325
2138	8.25383906	8.62886731008844
2139	3.189590465	2.09139466104167
2140	4.26366662	4.93888796460855
2141	2.06437941	1.61890675125631
2142	3.66906884	4.55347384020746
2143	2.57633035	2.61839639094663
2144	5.37194554	5.34224716515859
2145	4.20507376	6.13990755899767
2146	1.850380477	1.65925830428153
2147	2.31331905	3.21788570951272
2148	0.308049921	0.375302010813333
2149	5.18150893	3.37227029173081
2150	0.76924057	2.54348115691167
2151	0.294025718	0.630803867578055
2152	2.01636793	1.41894298446111
2153	13.94565536	10.2132963902883
2154	3.65938246	4.13748618635342
2155	1.068338486	0.674635467121667
2156	0.227615327	0.888196914510976
2157	0.429767402	0.815130225262037
2158	3.5131445	3.65363981123971
2159	0.623408764	0.655583291820707
2160	1.59990874	2.90516038326992
2161	1.27653237	1.20298619773977
2162	0.91736198	0.780585202584684
2163	2.35095141	1.89834941548
2164	7.98996359	5.89615242194896
2165	1.95562247	2.38233962404685
2166	8.11292697	6.40878964771079
2167	4.27950194	2.84140717720325
2168	9.78310952	7.40796747516666
2169	0.329256886	0.584426276475815
2170	0.365816108	0.765584196535556
2171	0.74525195	1.09529004852097
2172	2.41258687	2.2789915485859
2173	4.21697669	4.85202811635484
2174	3.96450234	5.2973520064875
2175	3.70841654	3.47337776060076
2176	6.87145682	6.88342684556838
2177	2.683330811	2.726546596675
2178	0.70722862	0.697055341264035
2179	5.42709017	3.23013234545897
2180	0.811136629	1.02282755086051
2181	2.285408264	3.78657923440769
2182	0.540507156	1.05612821076951
2183	5.98173048	5.70275598400476
2184	2.30000914	2.95470221961538
2185	5.30808704	4.57353601714242
2186	3.21557889	3.25040369902679
2187	7.66745377	6.01296313863889
2188	3.933971066	3.81307321014762
2189	2.720455724	2.91014334204762
2190	0.45170595	1.20219445532061
2191	2.17690551	2.12333776697393
2192	5.82188887	5.83546171134921
2193	7.9456519	6.75112145216667
2194	7.05847891	7.99310977950407
2195	0.265338755	1.08021812468417
2196	4.82605457	4.71060517510125
2197	4.5734862	3.31038371831154
2198	3.76162752	2.85329853738131
2199	5.67900005	7.04507852664148
2200	4.11507621	3.27508257463542
2201	10.05058064	9.29672035473932
2202	3.469564984	4.32641147216442
2203	6.01437922	6.63841406063334
2204	1.465544585	2.16615110793981
2205	10.39599043	8.39745420289259
2206	3.22828659	4.89627357068333
2207	3.96267302	3.36806828715588
2208	4.20053575	4.62347976719634
2209	1.062772634	2.28162178540572
2210	4.2418633	4.34864753526563
2211	6.40667583	3.37904837521417
2212	0.94908121	2.31094974123114
2213	3.824507685	2.85202025156049
2214	1.98910531	2.47577151082778
2215	0.290536846	0.390958807238889
2216	3.71497639	4.76250089067333
2217	0.61664896	0.524057389830072
2218	0.4969861725	1.1843987217094
2219	0.523394016	1.05700191794624
2220	3.98342652	3.76942449690111
2221	4.13117066	3.67061962732222
2222	2.02485282	3.1046205089563
2223	4.97367799	4.45889188907292
2224	3.00512262	5.32494531767941
2225	1.278215008	1.45478395252476
2226	0.361899568	0.981995815488751
2227	2.399190586	1.58692615317454
2228	2.925448149	2.65081200413991
2229	5.4332591	8.00199376132829
2230	0.888359445	1.27388352327244
2231	4.21500966	4.56900886674697
2232	4.83408474	3.80810305190125
2233	6.45369018	8.10411188695238
2234	4.910944135	4.63301000278333
2235	6.58408551	8.14206041215196
2236	3.97959015	4.67304053018526
2237	0.812250085	0.998135786713334
2238	4.35176836	4.104228251875
2239	7.66145828	6.91884057722973
2240	4.73482437	3.29602107047742
2241	1.959374174	2.06019967802358
2242	1.26404862	2.14192333011445
2243	5.98401575	5.96024175452258
2244	0.289710071	0.505438455973659
2245	2.52942795	3.65488045193509
2246	2.13596003	2.80021258297255
2247	9.8481349	6.15080303044017
2248	2.33095241	1.83837381954018
2249	4.77618379	3.63326066769143
2250	0.866343876	0.594148839836111
2251	2.322104479	1.55637455116333
2252	2.299481904	2.40954905640375
2253	7.14953914	4.93222681226667
2254	5.02664217	2.66296414163101
2255	1.78869231	2.76424786682193
2256	6.93618584	5.64110545128378
2257	2.35753907	1.44489289912764
2258	2.76185108	2.71244948217033
2259	7.27777336	5.14405549200238
2260	8.46649834	9.64397436402315
2261	0.858126974	1.55521730094571
2262	9.20438776	9.36252826639583
2263	0.899667953	2.11320927875524
2264	0.481000801	1.1301096471652
2265	1.724640143	1.37128645198194
2266	1.36413788	3.32007360451325
2267	2.49635234	2.52337910114919
2268	5.35789636	6.74451349851852
2269	0.782796892	0.701625264459259
2270	3.75574596	4.1033207201902
2271	1.56357486	2.07052857267568
2272	2.87227224	2.58599129099804
2273	2.460054937	1.88462076997276
2274	0.555798342	0.896947663428947
2275	8.1703234	7.94682846235366
2276	0.8722209	1.36757737780404
2277	1.94097232	2.85025635442708
2278	1.548507494	0.757841925943809
2279	8.64174683	6.16122429035586
2280	3.42143366	4.90030717623333
2281	7.28507827	5.53809117123643
2282	3.25958511	4.24612646080496
2283	3.80624389	3.53592937167222
2284	1.384147334	0.980731658136403
2285	0.777412927	0.899159944791905
2286	3.211989016	2.72720043516389
2287	2.70225604	2.41009367013526
2288	1.658390136	3.72545118857037
2289	1.483602256	0.767900764119524
2290	3.27255394	2.69199934357262
2291	1.374633182	1.64094737626279
2292	10.7019816	7.35592632176882
2293	6.45469462	6.22416498693496
2294	3.4801316	4.74364775644912
2295	2.0863811	2.18685289794321
2296	10.13614354	9.85088346616228
2297	1.71606344	2.40284087867095
2298	0.947076465	0.74550999079126
2299	0.811223417	0.715330737326631
2300	3.6294849	2.95187636502393
2301	0.180067752	0.378407327311667
2302	0.176409084	0.427232312014444
2303	3.204252446	4.17051358781143
2304	1.33779911	1.64095425581094
2305	0.218996939	0.466507491892647
2306	5.21003679	5.06160617867
2307	1.57397429	3.01959038732207
2308	1.84705265	1.45814521914849
2309	7.1890684	8.25132466285119
2310	7.77767994	3.97135303210278
2311	0.603127535	0.667890224022991
2312	3.34021026	3.29209257676375
2313	2.6099479	2.14781866981991
2314	2.08602212	1.08850663300439
2315	2.346517855	2.46376155687296
2316	5.5408264	5.97698143692177
2317	1.300874951	1.61971417712865
2318	0.85441626	1.5713227237537
2319	5.27759586	5.28587926901016
2320	8.29476124	5.5912871504009
2321	2.03586734	1.56332325161765
2322	0.74357246	0.671784118406021
2323	3.25261282	2.93603014356806
2324	1.56904055	2.00098369604286
2325	3.940614175	3.84602245098232
2326	4.26974668	5.0943891258697
2327	1.8592318	1.97242316385644
2328	4.49664382	4.75984788006566
2329	1.457394934	1.53915507769756
2330	0.746200664	1.33236516107456
2331	4.82284321	4.06780638598167
2332	5.76591908	4.76800617916049
2333	1.230814582	2.20794454810921
2334	5.5794015	6.41674147907456
2335	3.15802875	2.37347187604234
2336	7.92378481	7.25126164786667
2337	3.29837386	3.53793090397024
2338	2.46208897	2.59733822285833
2339	0.288079978	0.475027640539147
2340	5.91944402	8.03153750124775
2341	2.0664942	3.61090639160795
2342	2.38304694	4.187871074725
2343	1.033401267	1.01516375918534
2344	7.05186422	6.08357675944608
2345	0.81470378	1.20563685821626
2346	2.988222045	2.56940250483542
2347	0.78670296	0.946760645480721
2348	2.61063915	2.81647748648281
2349	1.17822332	1.7449815278303
2350	1.74404513	3.04363974919811
2351	2.450610257	1.81920423956429
2352	1.31945858	2.6696923506566
2353	3.9685428	3.79547906402583
2354	0.76126115	1.03525057821268
2355	0.468491	0.794568450357071
2356	4.40957532	4.6398054100627
2357	6.0010659	5.9323898444394
2358	1.83826815	1.99084735750741
2359	6.22263762	6.88248904334722
2360	12.7366633	9.87970802204167
2361	7.31513921	6.50551475836667
2362	4.52932389	6.15264953757658
2363	4.9220466	5.24022571975
2364	5.61871097	3.70112859227958
2365	5.11473787	5.26245574660313
2366	2.51606724	3.7094145794725
2367	9.02694108	7.93000449578495
2368	4.23163789	4.17600327304342
2369	0.499624016	0.794994607717647
2370	8.41455688	7.51079877577976
2371	0.778798542	1.37079644258377
2372	0.912691675	1.40886419795148
2373	0.528139397	0.361980377362626
2374	1.436774951	2.20309681854802
2375	10.68514463	9.3559922304619
2376	3.29237583	2.16644947362407
2377	1.75101181	3.08182648062588
2378	3.13012437	2.90049923398667
2379	4.77124816	4.65097016884556
2380	0.29118907	0.557512296203658
2381	1.041016855	2.06644652283932
2382	0.9469522	1.14353723550614
2383	5.60114033	5.57672833751626
2384	1.419102891	1.2613456967875
2385	4.9768327	4.48411876754345
2386	5.4147185	3.76046019627292
2387	0.799699246	0.693566381230645
2388	0.723136933	0.707971833376563
2389	4.32307875	3.70598269377149
2390	1.218909635	1.25861639883333
2391	6.00228288	5.35276220294829
2392	5.86886038	5.25799132490463
2393	0.255645624	0.296762854685185
2394	8.49756692	6.29746393428829
2395	0.658698923	1.3484338140596
2396	3.5856586	4.72994453343103
2397	10.45160808	8.03775195205405
2398	1.549261677	1.7190264478526
2399	1.31588961	1.13871786681389
2400	2.74824986	1.94011610809819
2401	4.3534142	3.99589887199167
2402	0.560753658	0.413176900270265
2403	0.98302186	1.23632586165602
2404	0.422790118	1.36558667660482
2405	1.908496954	1.55977452563431
2406	1.77065513	1.60426015390524
2407	7.43551721	4.39464900865611
2408	4.19604646	3.914215231465
2409	3.46968994	4.35855419406494
2410	7.78944594	7.80838684381818
2411	1.741399302	1.40028927779167
2412	2.50390779	2.67298601599225
2413	0.5803484155	0.618432701805556
2414	2.473739126	1.27648961027659
2415	3.49898326	4.25994189752481
2416	2.31182348	2.50222338780128
2417	3.135387847	2.72913691803424
2418	4.10335499	3.57184987739143
2419	0.263020536	0.352017607793519
2420	1.08274623	1.59767931337387
2421	4.63237217	6.90500287799074
2422	0.94993996	2.49680599382675
2423	3.42866953	3.30016060305467
2424	4.34816852	6.93208567759167
2425	0.213067593	0.548608483296491
2426	5.8321274	4.42414192139706
2427	0.26020699	0.71863334951
2428	0.156583787	0.417397591128659
2429	2.27796977	3.28603196425376
2430	1.94121905	3.57238240115497
2431	0.326117097	0.712493968164865
2432	3.66583804	3.56153777911061
2433	2.64885931	1.60121290704685
2434	3.359849484	4.36768000888175
2435	0.90464024	1.02805713580303
2436	3.83419631	3.62782184341508
2437	0.85539799	1.29398992219844
2438	4.29843598	3.56244458915556
2439	11.5990117	9.32698185818148
2440	1.25115212	1.16649612565122
2441	1.86672914	2.37336973917939
2442	0.727567094	0.92849704078619
2443	3.52614339	2.49152051954167
2444	5.31564552	6.79989696213636
2445	1.41091985	2.56450986612315
2446	3.31664668	3.4906628143036
2447	3.81855052	2.59079566283532
2448	6.02422399	8.0476821969495
2449	4.94832503	4.30829043370926
2450	0.51213925	0.856377879202564
2451	1.8046512	1.94485613778947
2452	1.163271608	2.00688716913198
2453	6.93548378	6.68779754557527
2454	4.86661587	3.57780434714324
2455	2.50354564	3.10473667478649
2456	0.289484296	0.281885682495772
2457	2.49819561	2.45744032438958
2458	4.266670036	3.60228438367278
2459	3.87257927	4.01863523294167
2460	2.03271996	1.57025192592701
2461	1.19683932	1.75482104902917
2462	4.31351669	5.28043268810461
2463	0.78737088	1.72283625483465
2464	2.42357556	3.26609184094474
2465	1.04949428	0.88614524335115
2466	1.335658773	3.09775186163252
2467	0.924204425	0.974135595566771
2468	4.03628656	1.65045787187475
2469	3.02171921	2.73193502450933
2470	0.555260864	0.976906467147143
2471	5.81796944	6.19107833115834
2472	5.01625923	3.46310733583889
2473	11.45473927	13.0044426867315
2474	13.02691547	6.45055346164762
2475	0.58043472	0.713380446206863
2476	0.943476679	2.58006207379048
2477	0.360078922	0.885515617455285
2478	2.12608748	3.06063449224823
2479	0.445805714	1.05926247173981
2480	1.0987465	1.28275063516437
2481	4.13257986	2.53511579876823
2482	5.50752963	7.94585475678889
2483	3.22442463	1.53936749536
2484	2.99088876	2.45658560674192
2485	3.62839808	4.2368724035125
2486	0.139626094	0.19400125505
2487	4.46008748	3.33114114847207
2488	3.151426907	3.61714466827549
2489	0.316399004	0.369547387158455
2490	3.01861947	2.41112519661395
2491	2.45917415	4.30586554434868
2492	3.50902596	2.42482037948465
2493	0.252403012	0.401271716720325
2494	3.84678872	2.07283063480556
2495	9.67690485	9.10606311268699
2496	4.11490321	4.53305145206857
2497	0.926494439	1.95144210865641
2498	2.44819717	2.17373752737607
2499	3.02440709	2.69414637860625
2500	9.7548062	10.3791499057481
2501	9.83268227	9.63497812988021
2502	4.64295459	4.24379861462202
2503	0.854593315	0.981293654781167
2504	0.830462718	1.12515583214429
2505	0.289131221	0.635936108736047
2506	1.50512865	1.03227175180203
2507	7.71077765	7.091487607025
2508	1.511868657	2.54985828470088
2509	5.605648	6.89442347107692
2510	0.845319978	1.3099841844641
2511	4.42010108	3.89274656597677
2512	1.636276266	0.963005498260714
2513	4.4844928	4.88467411351712
2514	0.319475974	0.824317208953419
2515	5.5249972	6.19255146893628
2516	6.17956901	7.80107517563063
2517	1.705861845	1.88117017779878
2518	4.21069117	6.16501404346774
2519	0.224555296	0.324630587398333
2520	0.487039383	0.855964195481982
2521	0.46773351	1.17602096587692
2522	3.42549816	3.04486147012222
2523	4.00878567	4.0910566023407
2524	7.85072166	5.72362096671429
2525	1.63689738	1.78888367096125
2526	3.67313042	2.49799956534611
2527	3.73254447	2.76793375803611
2528	0.91761678	0.673959641175
2529	2.22439726	1.89924977904325
2530	4.35400331	5.90361638673838
2531	5.92540324	4.97576909524781
2532	1.60838013	1.89056275710741
2533	2.28372911	2.8321253266454
2534	0.372704472	0.474221640493333
2535	7.84521709	4.4118744503025
2536	4.55375085	5.62529974435727
2537	4.48033723	4.70730463938951
2538	2.09546092	2.90726303270513
2539	1.63042129	2.17483765903438
2540	2.864316368	1.22608532191333
2541	2.02824991	0.686821588331667
2542	0.345120724	1.63718549968083
2543	8.57743067	7.20916475609211
2544	5.01315062	3.93580932019675
2545	3.12693274	2.38978898922396
2546	2.61428218	2.92510440238429
2547	1.93961507	2.80956299089545
2548	10.30306274	13.030499098543
2549	0.286624805	0.949009141297794
2550	2.89879839	3.09836681887969
2551	3.52440497	4.01062893917556
2552	3.43990476	3.08711946316259
2553	2.77903054	4.1726327735
2554	2.35090363	4.0242152443
2555	3.22974753	2.59760283118929
2556	0.416149027	0.563662000139634
2557	3.19868386	2.45082069894445
2558	6.11347807	6.52666705264706
2559	7.80230034	7.18231490565812
2560	6.05290372	6.13964596867105
2561	3.2989568	4.13314828517445
2562	6.70334817	5.62112887241713
2563	0.694864668	0.807533396057018
2564	5.19332778	4.50125333850294
2565	1.415729774	1.52853823216717
2566	0.595198874	0.545629567154279
2567	0.914769777	0.916590678798982
2568	3.828087218	2.74265797168006
2569	0.298447141	0.448033054789394
2570	1.455296703	2.22774367780405
2571	4.93221168	4.3732168039
2572	3.37179696	2.34253106145
2573	1.46437146	1.26423213871714
2574	3.6847576	4.99889155627879
2575	3.18574738	2.91237387919
2576	7.36592792	6.4523975912043
2577	3.62081521	3.84557829449715
2578	3.16729122	2.63980375388256
2579	0.987013074	1.00791559582366
2580	3.41906409	3.08263472232167
2581	1.3283852	1.10898492267204
2582	4.76197897	4.3852152575963
2583	1.648193057	2.20102610965256
2584	4.07308548	5.40462937048519
2585	0.337167378	0.308561690461354
2586	0.345800238	0.787290058550417
2587	7.04933428	6.46467705314035
2588	5.69530057	4.41011590307607
2589	4.74484578	4.91305691876852
2590	2.33776588	1.88158420793194
2591	6.8236918	5.58211382500463
2592	1.66878014	1.46196928335198
2593	5.07474127	4.5513631032829
2594	3.56228834	3.88046828872451
2595	1.344246904	2.66462194061482
2596	1.57253065	3.99145981867095
2597	11.9431772	9.48180300239706
2598	0.92428711	1.56277638773226
2599	2.16195723	2.8955817988539
2600	1.69273597	1.89412621281452
2601	0.861696544	1.9307983956672
2602	1.04589538	1.77413078743586
2603	7.85113826	7.75490406615714
2604	1.13197168	2.1013106255094
2605	1.14575302	0.945219820795833
2606	6.16451864	7.21671952960833
2607	1.370309595	1.95336627358602
2608	1.179737932	1.52410798661982
2609	1.39107702	2.2945801272175
2610	0.530862352	0.819867456787597
2611	1.81590131	1.56420790624352
2612	1.49998481	1.72145930958889
2613	1.054051789	1.07460941966496
2614	0.643978353	0.808684318687302
2615	11.1978785	12.7131509357813
2616	4.11216935	3.35326684921263
2617	4.08611216	4.43294609132097
2618	1.23445657	1.25046882127521
2619	9.7259542	8.49216938119608
2620	3.566577212	3.3316459534375
2621	1.430417784	1.26015290528292
2622	4.45194656	4.79983632000286
2623	0.70022517	0.783444491470834
2624	1.207248355	1.88924234761583
2625	1.48643426	1.70589668147403
2626	15.38691577	12.2977228399375
2627	1.115786492	1.64653976450303
2628	7.17083492	5.16460124464747
2629	4.458290635	3.59541205336333
2630	2.97889004	3.27723017368288
2631	5.17514843	3.87871607081177
2632	2.80305477	4.28006309620315
2633	7.50732373	6.80430449276471
2634	6.11370383	6.97654510355975
2635	1.57944237	1.71657940649146
2636	5.41509027	5.45722499608571
2637	1.129504982	0.837943306842544
2638	1.82628718	2.80609940741111
2639	0.704713853	1.29388292561184
2640	13.97204747	12.024914417375
2641	0.767780555	1.251013871805
2642	2.56817536	2.11873346110732
2643	0.272711188	0.854886349937374
2644	4.81986303	5.45328491562195
2645	0.57111487	0.546113666905
2646	1.49693753	2.16746876480175
2647	2.51021695	2.99796427754902
2648	5.1293464	3.91092739077027
2649	1.182007259	2.56339200629963
2650	0.361524819	0.485360747590741
2651	1.00998575	0.736344002513833
2652	0.2086366796	0.279407036981721
2653	5.39437301	6.75104556022719
2654	6.75971994	6.95591610535366
2655	2.88002961	2.04227898939778
2656	1.013082229	0.931928409232143
2657	1.259603386	1.19437441607903
2658	8.5924978	7.15528301765417
2659	6.11217902	6.29265605531771
2660	3.04902942	2.69001938370857
2661	3.8183537	3.18194860454804
2662	1.934779782	2.05311654343646
2663	4.8144427	5.98910296820588
2664	6.25616321	7.00900209259677
2665	1.333071466	2.03512032004074
2666	0.84518835	1.26449936024074
2667	2.8282412	2.6680548236318
2668	3.65754305	4.11458425726023
2669	2.01011334	1.21222404786615
2670	0.530593505	1.04478696560504
2671	0.309943979	0.521117042399685
2672	2.68339898	4.75589976548095
2673	0.46000222	0.73576857271508
2674	2.257969575	1.27601410382905
2675	2.77674752	2.84195660332874
2676	1.740051341	3.19928988251367
2677	10.93705235	8.99736773701754
2678	3.48651318	2.9265915915494
2679	6.63989299	8.52763615360965
2680	0.671180507	1.68353212403958
2681	3.423294	2.76706285843044
2682	2.273926834	2.82689570128162
2683	1.51103367	1.14360645550908
2684	4.41060133	3.82870167270458
2685	0.732398618	1.29265894165787
2686	10.10463798	6.75648654933712
2687	9.70747793	9.92950953604167
2688	0.401330495	0.727158157539352
2689	4.65690339	5.97193487913426
2690	0.106885548	0.2812878164575
2691	6.65784109	6.85143114594716
2692	2.46301581	2.45426714419472
2693	1.163188243	0.532272722323874
2694	6.0310622	6.87436330950463
2695	2.11983623	3.0823028911713
2696	0.645435445	0.774463512763008
2697	3.92148641	4.6393488624298
2698	9.91389901	10.6289609532157
2699	2.96271084	2.95290001825155
2700	3.07194136	3.21938207085539
2701	5.26050157	5.41108058480952
2702	0.358866443	0.579229825262393
2703	5.26779891	3.15311329724125
2704	0.555108114	1.40611412039868
2705	0.444375336	0.5698198193025
2706	6.70771815	5.87964317295946
2707	4.35707712	3.63821162209583
2708	2.63451458	1.91843871989326
2709	1.71132338	2.12563103516667
2710	12.34087212	12.9875073186154
2711	3.54300989	4.0025991777364
2712	9.94553391	8.59569890475862
2713	0.221298983	0.632262389395833
2714	1.90461318	1.92802488260147
2715	0.948070194	1.55132368980792
2716	1.75230706	2.33866898676173
2717	9.95725164	7.96734185877236
2718	2.76060554	3.76409203584865
2719	0.372709395	1.05395903463889
2720	1.756899815	1.48428544637748
2721	11.92086039	10.8063264028712
2722	0.92219237	1.3455132042787
2723	2.24786161	1.7065516684419
2724	0.168401911	0.317217491402297
2725	1.97909568	4.08212249306825
2726	3.6665982	2.30602012515395
2727	3.948276604	3.09227249640563
2728	2.921075203	2.26344966476036
2729	5.59374653	4.57533720322561
2730	0.832580046	0.713053849767521
2731	5.91938708	6.20641465343981
2732	0.172226679	0.327513667531018
2733	2.14603131	2.40566240553677
2734	0.581527021	1.02529305680441
2735	4.2043883	5.22370790113596
2736	1.83604426	1.9571094347596
2737	2.383652378	2.49018180130795
2738	0.602093771	1.11484970743476
2739	1.438870575	2.24345334801989
2740	1.59801063	2.14537293255789
2741	5.40853193	4.83140358113721
2742	1.026304494	1.05730591376626
2743	6.17044103	3.97970278424949
2744	2.421133053	2.52130891015325
2745	1.418599784	1.47480192824074
2746	0.351697495	0.310178333081197
2747	2.51005173	1.38476084182083
2748	0.802237021	1.48031215038935
2749	7.42242252	5.38604473858602
2750	7.15362719	7.62843862134286
2751	1.77422023	1.89881769906504
2752	1.471447083	1.17221197858083
2753	2.47107065	2.42231721585766
2754	0.23254248	0.273999267754228
2755	0.961110052	2.73790251077238
2756	0.80807524	0.767947360902556
2757	5.79499145	5.14385961641453
2758	6.89829914	4.76448113148827
2759	2.78271234	3.082893538065
2760	1.32771727	2.04486835919444
2761	0.222259632	0.362779962682937
2762	5.1616189	4.27404681334861
2763	2.4915457	2.89575160145854
2764	5.86171789	6.73569391501736
2765	1.567155734	1.90122857157419
2766	0.562900635	0.576875464881667
2767	3.58856748	3.88856630187024
2768	0.648259012	2.65330611125278
2769	1.024471904	1.90929839971138
2770	0.768261576	1.03969050628547
2771	3.02082356	1.28454523284306
2772	0.403627374	0.255910026142304
2773	1.7900817	1.62107584911842
2774	3.77668731	4.64666908363063
2775	0.616074748	1.20216721789099
2776	7.5542431	8.11725186444286
2777	0.353632677	0.803462082099537
2778	0.87747584	1.11503377927604
2779	2.11998742	2.35970758911754
2780	2.47253607	3.54491475706174
2781	1.005346435	1.26435288312204
2782	0.604062836	2.07954505439957
2783	5.43171703	3.40096393598333
2784	1.99344198	2.66308903969265
2785	7.79188667	7.48561073815385
2786	2.12456511	2.43933127086367
2787	14.58279626	8.82403303275926
2788	2.87596265	3.12939427651019
2789	9.53644855	10.7491608652302
2790	4.75729547	5.4160471193125
2791	2.26372602	2.49759563679208
2792	1.25624895	1.0791786617812
2793	4.29018228	2.70463537749083
2794	0.2458905575	0.506646125854845
2795	0.78707751	1.27971088928186
2796	3.44656882	5.35092184540104
2797	2.09353912	1.75680699017798
2798	1.73517785	3.09561828299167
2799	1.07409371	1.50935158731798
2800	3.08639352	3.20938388932419
2801	4.34132666	5.36847436300439
2802	5.48667168	7.23536945588637
2803	2.17071113	3.03647281041624
2804	7.61399654	6.82807689389316
2805	2.36512411	2.56206250891528
2806	3.05361678	1.6427491901844
2807	0.2804929	0.494287335431313
2808	6.727001	6.44927039655702
2809	0.440173905	0.674844863580631
2810	7.23721561	4.62619948261961
2811	2.690307176	3.67857810064595
2812	2.2439106	3.18714117306
2813	0.331340662	0.576850012895299
2814	4.98862768	4.9788070936
2815	7.4702285	7.76889705560965
2816	0.596017574	0.610079071659445
2817	1.64411971	1.221162225775
2818	3.68557643	2.44596411500619
2819	3.08064978	5.27475372742432
2820	1.770884856	2.09806570300303
2821	2.946491483	1.89049936629792
2822	2.187898559	0.966931798926042
2823	2.85322922	2.93814643185947
2824	4.41401268	4.52403219254583
2825	1.067971825	2.29719058672857
2826	1.139879567	1.9809222317345
2827	4.58000702	4.69810786159677
2828	0.346424881	0.755880369632381
2829	4.35447105	5.2039300544401
2830	1.83119912	2.79828273233286
2831	9.31494985	8.4148751676
2832	0.1571723804	0.215677062387308
2833	0.746457146	1.04472426513421
2834	1.93432242	2.21240884418384
2835	0.582347929	0.606935111427315
2836	1.21114645	1.77541513636842
2837	1.61754114	1.1909807723844
2838	1.603153979	1.27368607910128
2839	1.15874244	1.48947280452525
2840	0.443969222	0.521171111217619
2841	0.55628958	0.976892783125238
2842	1.218838721	0.92273245466875
2843	3.29527954	5.5977868689213
2844	3.823839124	3.29351042515172
2845	0.682038063	1.10634557150747
2846	1.97816106	2.56346725333384
2847	0.952604718	1.38436693555778
2848	6.01121462	4.34570809997454
2849	8.28849054	8.4620203517549
2850	0.55017994	1.21032112635202
2851	2.669152677	2.07056272843232
2852	5.07809737	4.54874078024206
2853	7.1812683	4.97399187271228
2854	3.788754734	2.78457695837667
2855	6.30033573	6.87703089223039
2856	2.149379866	1.24187296441029
2857	2.039365642	3.38577719472564
2858	1.25056852	2.27464197637658
2859	1.047102958	1.28338599714298
2860	0.452588772	0.878866098752525
2861	4.38188137	3.97883259767308
2862	3.002869124	2.97827318197824
2863	0.419966389	1.41903102204902
2864	6.81643163	6.46895214197154
2865	5.37596084	7.27213269802525
2866	0.395961079	0.592519000890686
2867	2.99493973	4.6144530885662
2868	1.84658518	1.4799776467725
2869	1.218768353	1.54395976686389
2870	3.19594011	2.78778308306771
2871	4.9574496	3.38773507354786
2872	8.09922033	8.19064973692308
2873	1.0401626	3.55408649453108
2874	1.741861544	1.72046362887094
2875	4.38656116	5.90587549823667
2876	0.121053166	0.206325434596286
2877	1.164825363	1.51256278645648
2878	2.602429835	2.87337081684292
2879	1.974379595	1.62775472073065
2880	0.306865227	0.535369759177778
2881	1.031176824	0.886855748930645
2882	0.843082429	1.85394141253137
2883	1.265565954	1.82872592003469
2884	0.206039266	0.300205050703241
2885	4.67387082	3.61312558600048
2886	0.68318776	1.16108145813772
2887	2.584331358	2.82183022083056
2888	3.434021184	3.14175000734755
2889	0.261667238	0.648503343422549
2890	4.28787704	6.12445636847154
2891	1.820389206	1.43800856907246
2892	8.37636432	5.29513322923577
2893	3.645860276	4.33075932057983
2894	2.947636975	3.10478079277675
2895	1.825129067	1.64775424714889
2896	2.4111255	2.09453714825504
2897	1.294311451	3.31839910461838
2898	3.13864614	2.81362211746778
2899	2.15292733	2.78540600713591
2900	1.90659242	1.72635130371373
2901	4.36714654	4.52456330218333
2902	1.542529674	2.13524452337667
2903	1.779226621	3.20136216453599
2904	5.36683934	4.14415711390483
2905	6.13319581	4.93324968383195
2906	1.009011646	0.759275065837153
2907	5.14887259	4.00842250585402
2908	3.10234118	3.43582524510427
2909	0.384971104	0.684776329035185
2910	3.74852384	3.93302756172191
2911	1.113265536	1.06636814453241
2912	5.58947609	4.40226543455958
2913	0.990625516	1.59162666902083
2914	2.79474859	1.73404006632
2915	0.102257969	0.339133793706869
2916	4.45127717	3.5698432165973
2917	3.99621163	2.51444215416559
2918	0.48745813	1.09477811933993
2919	3.4442181	3.908391673775
2920	4.14349325	4.0242186264619
2921	6.77688707	7.78403375063235
2922	0.63094946	0.95080495270935
2923	0.525439074	1.32321801371524
2924	15.89123077	11.3486402285104
2925	4.27142017	6.21637854839855
2926	7.68529934	7.87948538983333
2927	2.557719165	2.44806259647529
2928	2.093905686	2.67580378801765
2929	1.3969507	1.52810638005833
2930	3.87524193	2.28771756934865
2931	4.81960906	2.75080176661744
2932	2.38893536	3.2636587209125
2933	1.46237049	3.13965440929271
2934	1.493882084	1.06437752103915
2935	2.72835586	3.56053307765176
2936	8.43890234	6.83182240014474
2937	5.11036943	4.53774094794714
2938	0.62525044	1.37788417328984
2939	1.163655059	0.871177919487301
2940	0.256458391	0.392302379583675
2941	6.04349292	6.34162038775
2942	0.729030853	0.761514373743056
2943	2.03036979	2.92781418311708
2944	0.187166633	0.323339938371951
2945	3.35893532	2.57344812686798
2946	2.74418324	4.1382086798451
2947	2.908075636	0.809193885905284
2948	0.485886157	1.03291193425469
2949	2.80820335	3.04448686804685
2950	5.14121587	3.94860974638854
2951	0.652690232	1.06287072066984
2952	5.30716513	4.39394407958333
2953	2.29967877	2.73501088132647
2954	0.326034258	0.341164764560044
2955	5.33534209	6.74992280179798
2956	1.127738885	1.19491945106551
2957	6.51594242	5.37285248071898
2958	8.6019549	5.65888470806577
2959	2.659733996	3.75527686232928
2960	0.50849564	0.640453936824419
2961	5.5945391	3.76203215168594
2962	2.10211124	3.47814948300097
2963	1.55572512	0.992329382294118
2964	0.31225633	0.742824361730715
2965	1.76622636	1.53849120316
2966	0.600767206	1.0371935779619
2967	4.25575323	4.03999765491036
2968	4.27501312	6.45169779911979
2969	2.98848299	1.76928682058081
2970	1.422417174	1.6773662900536
2971	0.2122385685	0.400699496472696
2972	0.612773521	1.1337062542475
2973	4.5072333	4.10598900339
2974	3.42599929	3.78383101429425
2975	11.46097922	8.80894225191935
2976	7.26396793	7.36562784846078
2977	2.452247214	3.69898145656111
2978	1.37294722	2.78731942208382
2979	4.16042236	4.21065148391828
2980	2.85169561	2.03282113695495
2981	1.57827781	1.18061959337037
2982	0.325475947	0.675049777796491
2983	0.47047418	0.494470639764147
2984	0.865454579	1.55853106683232
2985	1.75481883	3.0986040774399
2986	2.02713216	3.18320387013763
2987	3.97072435	6.7997463718
2988	1.30505202	2.82665194937602
2989	1.87889832	2.26896804701075
2990	1.263536883	1.70086708644231
2991	2.77564204	3.15667048281471
2992	0.95799948	1.05168123979071
2993	6.55302651	5.16432899198984
2994	4.48888045	4.93560080581746
2995	1.80273437	1.62993242016667
2996	0.1894550373	0.481582888521605
2997	4.70462821	5.95589990821171
2998	1.49223512	1.52852529745152
2999	1.516043296	1.1006407530837
3000	8.9693248	9.24096040609649
3001	0.92376209	2.93187579692828
3002	1.692409595	2.13797166492478
3003	0.258085966	0.600598255087619
3004	4.86037523	3.72752473654899
3005	3.11191492	3.43534266659405
3006	2.80337557	2.10861998026708
3007	1.66185165	1.77337354954535
3008	2.90184802	3.18369622188485
3009	2.92061843	0.887643412727128
3010	2.49722618	1.20241072188839
3011	0.82338089	1.97513413531162
3012	5.20422838	3.56932282419425
3013	5.9126947	7.96226175205556
3014	1.23106195	1.2495151277537
3015	11.45402538	9.50231884975225
3016	1.81724166	2.32692887504924
3017	4.55292945	4.17011850045122
3018	12.24884867	9.66447803776768
3019	0.492198613	0.50944420764328
3020	0.403513458	0.389257759024375
3021	1.330783874	1.36836870108971
3022	5.160334385	4.12291985177677
3023	1.566075882	4.00273401535877
3024	1.730721856	2.94440690856833
3025	1.29290596	1.34589702535732
3026	1.160357867	1.85434151857341
3027	0.9163954	1.04751067815784
3028	0.320492396	0.589174041467157
3029	0.19615694	0.445595460520362
3030	2.835940834	2.45092523323148
3031	1.720230465	2.99575833466154
3032	0.844507264	2.5807674838799
3033	6.7737157	6.22204046119619
3034	0.803514306	1.1451708884547
3035	0.435064277	0.705897215091442
3036	0.61639971	0.721845795962791
3037	4.09898625	4.27762520997619
3038	1.342139755	0.947788466470952
3039	3.2577486	2.93345564957647
3040	9.81147527	7.30494277010294
3041	0.477033333	0.738430389095
3042	6.68207095	6.94056309673246
3043	0.765101873	1.16155267152917
3044	4.70738575	4.81297581346342
3045	2.71650073	2.49118789547531
3046	3.93267753	5.45882556327381
3047	0.26970626	0.407680725834314
3048	1.737011705	3.37492766511476
3049	0.79832714	0.777357048151875
3050	2.650584087	2.75585383832121
3051	2.81111235	1.46243237344009
3052	0.804625952	1.21018292484792
3053	1.26815717	1.86179616875426
3054	0.224090079	0.504219892245635
3055	2.06279102	1.98071725859716
3056	3.63072239	3.78407794085524
3057	0.342750655	0.767289148677778
3058	0.428228704	0.610568160003333
3059	1.137291647	2.41722322375931
3060	0.587512028	0.366577115258462
3061	0.681901995	1.52730950075811
3062	0.663223904	1.04757001343542
3063	0.640033209	1.14874633729146
3064	4.41685472	3.24802493981719
3065	2.9428716	3.32610328548476
3066	0.768050526	0.828515223530392
3067	3.7292538	3.7088389880545
3068	1.302564278	1.70013897811032
3069	2.409066214	1.85638270069943
3070	1.468199012	2.25917203828917
3071	1.8350216	2.22962482531316
3072	2.954942644	2.58132932591977
3073	10.31423805	9.55464004202174
3074	3.42739311	2.66146282731616
3075	0.90701434	0.297943769223864
3076	0.371113166	0.367115594432639
3077	1.983366206	2.23523917017031
3078	7.7844317	6.8473740834951
3079	3.72457396	3.43763661310098
3080	2.62504961	3.00332375404324
3081	7.08496178	6.9395753475307
3082	5.70187424	6.62229138631482
3083	0.271597297	0.57621677584009
3084	2.44292738	1.41980774477297
3085	2.63925341	2.57790863367308
3086	2.03106985	1.48890441277268
3087	10.39088724	8.20595827764167
3088	5.09782495	4.38815849469872
3089	10.44902713	6.7311352432625
3090	1.353311	2.86898235173889
3091	0.8620943	1.27832420871491
3092	5.83561581	4.67232806519192
3093	1.705877886	2.35750932009167
3094	1.17266046	1.54003117379872
3095	4.41846143	3.68061605647143
3096	0.81693043	0.770781012474242
3097	0.780140609	0.854896550298374
3098	1.076248378	1.54238354941423
3099	0.1989260756	0.726436682336042
3100	0.657362339	0.561155196698411
3101	7.42401527	5.56778811131579
3102	6.38325202	4.75244670378431
3103	0.389000465	0.428642237011171
3104	10.86686542	10.8829802336524
3105	0.2447781505	0.405838644729798
3106	3.97324598	2.00225979970541
3107	2.55290451	2.13706536379238
3108	5.27135375	3.11486620203958
3109	0.514622044	0.823143519479365
3110	4.74342265	6.02183792844444
3111	2.89594886	2.49938143414091
3112	2.09047291	2.89657274644167
3113	3.206466856	3.71961253790107
3114	0.130286116	0.208261452907071
3115	1.77494423	1.26159615548849
3116	1.069478197	1.7432067914325
3117	0.743134222	1.38567530605125
3118	6.55320358	4.82547351666912
3119	4.11902814	3.99622751185119
3120	0.893777742	1.11258524557821
3121	1.14041018	1.66174168430509
3122	0.709547324	0.845714464854167
3123	3.84941093	4.54239418796198
3124	9.64886876	8.6137955253373
3125	8.56439726	10.8402374419744
3126	7.09590665	5.8366630048116
3127	0.782912808	0.689149310025582
3128	2.033363796	2.28381329550463
3129	0.927186927	0.816195120670707
3130	9.2997177	7.70184088066667
3131	4.24226277	4.43319938578548
3132	6.39621535	4.7664577284054
3133	1.381210576	1.21929430993241
3134	0.39646475	0.540477433897727
3135	0.998500184	1.20461961703105
3136	2.22966032	2.16861790963167
3137	0.80300752	0.990655118115686
3138	1.415535684	0.814792275170313
3139	3.72836162	4.25876769419542
3140	2.32513811	1.68406388253824
3141	4.08244983	5.18907281237524
3142	3.72058383	5.0054380886935
3143	0.12594197	0.202442535685057
3144	3.071686755	4.49081665179143
3145	6.5636206	4.67150001646667
3146	0.919270738	1.97954272225794
3147	2.79366833	2.60491348434008
3148	6.95452423	4.97737310237037
3149	1.056224696	2.08970571434143
3150	6.13826027	3.41046595053108
3151	7.67557073	5.02644479429479
3152	2.50327708	2.03531612008161
3153	5.34081479	4.50662630558182
3154	0.936973846	1.22913128613857
3155	1.46641144	1.08668549687059
3156	0.391375762	0.487321103552957
3157	0.23678416	0.611699251709762
3158	4.01477961	2.74274720605965
3159	3.73091218	3.48791170397183
3160	5.21633547	3.19639258422843
3161	4.37157293	2.53189684313018
3162	3.55233727	4.25284127083529
3163	0.178782321	0.348814457225
3164	0.90746292	1.23361161240167
3165	2.43575526	1.91116126169905
3166	0.423766637	0.439913382921171
3167	0.979865455	1.55201714390857
3168	2.1816861	2.36526843259069
3169	11.09181347	10.1723824364563
3170	4.47879113	3.60012484083182
3171	3.95757823	4.64238880942258
3172	1.76440083	2.29180686763455
3173	2.645049895	2.4801596755047
3174	1.218549402	1.15161465949643
3175	1.421099744	2.2910519329404
3176	2.571266817	3.70726298753636
3177	5.26384771	5.60933322896296
3178	0.873696064	1.05238853738991
3179	0.231071503	0.501788005136286
3180	5.79264776	4.913946692375
3181	0.98358436	1.22375814662402
3182	0.61083951	0.885400908156667
3183	0.500434224	0.520815259631429
3184	5.17360815	4.97941090374691
3185	0.540031169	1.02352903689375
3186	3.78246708	3.79639770544715
3187	0.86781934	1.06948455150891
3188	9.4622622	7.15679579922857
3189	0.565344976	1.60697761610299
3190	1.102060895	1.13376054161892
3191	1.134322307	1.90111275074167
3192	4.73587543	5.88543788534722
3193	6.0709337	6.03384786534752
3194	3.92320874	2.87789284388571
3195	0.350449042	0.525809219371463
3196	3.28905629	2.99081667241889
3197	5.93823009	4.20031098081765
3198	2.67636079	1.39165428712407
3199	2.8663278	1.5547026812126
3200	2.810375145	2.21713349672982
3201	1.99650287	1.75208483000248
3202	2.27873237	2.28577967233
3203	8.46445436	7.45859106358586
3204	10.80606655	9.33297040198095
3205	3.8151837	4.98132519395079
3206	2.22369741	2.15436103237926
3207	2.16689295	3.00785347569778
3208	7.19692428	4.14558287586752
3209	4.68307957	5.21552723665407
3210	0.781218503	1.3213334916587
3211	0.270741781	0.573564108309091
3212	6.6738483	7.60542430351667
3213	6.99713031	7.81692766720176
3214	0.522308121	0.784399398576437
3215	3.76198777	5.40302699789912
3216	1.73561372	2.22260663822958
3217	0.891702582	1.51468655794167
3218	1.60439059	1.63890316264571
3219	4.12668095	3.10590159814186
3220	0.96158817	0.774166270329365
3221	1.778265002	2.28273572106053
3222	4.15938368	2.41071878484008
3223	5.47324789	3.85918282025808
3224	1.62761544	2.55684850711531
3225	2.73268663	3.10806488837402
3226	2.863591485	3.04133534132048
3227	0.725432906	0.811948937192177
3228	3.3887865	3.29322057575556
3229	7.96087179	5.79667831399917
3230	8.64627867	6.83363132571905
3231	13.35089656	12.2748707171341
3232	2.230018593	1.77656298601875
3233	0.685261723	1.05012070270667
3234	5.0100052	3.64225724856538
3235	3.32836655	3.34627707206532
3236	1.133950738	0.801327934736403
3237	3.50774905	3.70180925738182
3238	2.06020268	1.72407067877014
3239	2.08968299	1.70295906075541
3240	0.616607635	1.1630949629386
3241	1.417868728	2.93911955734981
3242	1.121904704	1.07627327176623
3243	6.12515599	5.28930541105285
3244	4.44827407	3.53591133053594
3245	1.554258118	1.69708384714024
3246	1.544794934	2.38954587484915
3247	0.386229754	0.395784516565675
3248	0.694530096	1.12636509533235
3249	1.185820568	1.68699607179495
3250	0.904246099	0.867229566359524
3251	9.91516227	7.35090841472765
3252	4.35683225	3.6107673874437
3253	5.02732507	3.5736888740977
3254	0.63259244	0.701170209888376
3255	4.931352	5.39317496587374
3256	1.662892813	1.69845266290392
3257	7.22661112	4.15664098524314
3258	2.737535185	2.09537709067083
3259	0.587716874	1.09569553041875
3260	0.710628205	1.07095650772381
3261	3.81016573	4.12314374460909
3262	2.556013175	2.57944046591667
3263	1.7143171	2.45935817886774
3264	1.22219541	1.64583590632237
3265	0.366950557	0.388457949512121
3266	0.67775024	1.56718883815675
3267	1.200796422	1.01670904890052
3268	3.81780488	5.1301950780098
3269	8.9218943	8.35972724414881
3270	1.283655735	3.46571029250333
3271	0.997970744	0.947960006223438
3272	0.0584416306	0.108793434466032
3273	0.118645276	0.213604652096581
3274	9.603553	8.54607778239912
3275	1.73034734	1.68199274022184
3276	3.29568237	2.98319003785405
3277	0.368770853	0.19025621448598
3278	2.41484805	2.21866542321667
3279	5.08464787	6.20039715585714
3280	8.71786075	5.39539142761842
3281	1.893193804	1.72247018884646
3282	1.69812324	1.49990449812675
3283	0.201709282	0.530026166886458
3284	1.638220917	2.41478598947408
3285	1.64430353	1.73960004234571
3286	1.62944954	1.60419627317817
3287	0.401648626	0.498822085958333
3288	1.30968831	1.6612697134557
3289	0.635294762	0.968800702209009
3290	0.605810542	0.882949318521759
3291	0.408052422	0.594596303523984
3292	0.84210518	0.798740104789048
3293	1.03081574	0.969845820455953
3294	3.186539076	3.66968539712341
3295	2.290138976	1.38244148650772
3296	0.825974785	2.1524029700036
3297	1.41672101	2.19536391323291
3298	9.1015985	8.50524250170556
3299	1.88132422	2.84598148558575
3300	0.278486104	0.728564285162195
3301	3.194985624	3.97449701891042
3302	4.29145168	4.04447001372952
3303	2.24640024	1.82687817319605
3304	1.03199353	0.993757966093799
3305	15.0559146	13.7677911452632
3306	3.56672147	2.58118204271491
3307	10.61715043	7.21145236996053
3308	0.637376398	1.09983244562479
3309	3.57991777	2.90086006476126
3310	3.913742915	2.68943641275333
3311	1.338019862	1.10281664093158
3312	2.58397972	2.39579479093542
3313	3.06058999	3.0860934372125
3314	2.35302203	1.35659975079848
3315	1.650217884	4.32441954534667
3316	13.75160947	13.017022336009
3317	2.03153679	1.54405930928737
3318	6.57290317	4.55782710092522
3319	4.34907247	3.78459036842898
3320	6.34948383	3.95681642818571
3321	12.9030607	11.2888120058281
3322	1.219299808	1.34428839347083
3323	0.783064115	0.822994852487222
3324	11.20237832	8.28381417382906
3325	10.55892684	9.59481584296581
3326	7.9713292	6.75070965450595
3327	4.18218143	3.62525897454476
3328	2.73524042	2.84866390825357
3329	1.6420026	2.64403619230595
3330	0.346510662	0.333298265075586
3331	3.62076078	2.17146904259333
3332	1.36222531	1.71396071620081
3333	4.96140606	4.22375534034537
3334	2.96163118	2.6063038286631
3335	3.81568511	5.14257987832143
3336	2.71213894	3.07773393614474
3337	5.57900755	6.64652247159009
3338	9.1630879	7.21797380954955
3339	1.57927338	1.52531144635465
3340	4.1111989	4.15456769334222
3341	0.979173494	0.687271267180263
3342	1.79450872	1.42275688062024
3343	3.373581454	3.09652252610758
3344	5.4811807	4.78062893587803
3345	4.34736101	3.68566323763657
3346	1.299618949	4.031449178954
3347	0.604693182	0.833773408425287
3348	1.673851802	0.879588717857207
3349	2.20744534	2.54753627288561
3350	2.812419435	2.76677199815509
3351	5.15736172	4.92684246332157
3352	10.02108394	7.30861453797675
3353	3.87940631	4.77659001069907
3354	1.384529842	1.20383940844
3355	0.116516112	0.143753404974943
3356	0.307665363	0.610852342621079
3357	2.905460456	2.44785237674226
3358	3.20240822	2.77681011233217
3359	0.769276547	1.21475862378571
3360	2.40680667	3.12427225397381
3361	0.876796847	1.104140147395
3362	0.093457203	0.224852581041552
3363	2.290230736	3.3537641824037
3364	0.171236658	0.204886911362991
3365	3.46894894	2.85457005711184
3366	1.17032421	1.38887282038043
3367	0.511164624	0.633773315495238
3368	3.24798127	2.91670466306333
3369	1.063817051	1.89044284785602
3370	0.15059576	0.354676172865196
3371	0.38591092	0.536907067702941
3372	7.52264274	6.97000325218081
3373	1.6889384	1.03146556745052
3374	5.90281294	6.03526402293243
3375	3.37043871	3.51761959114189
3376	5.27252624	5.0584376035977
3377	5.65260971	5.42387968938889
3378	1.761354215	1.29004289706504
3379	0.61340613	1.67306446090602
3380	1.90238976	1.82474314791907
3381	1.660078857	1.50964620175887
3382	3.47914078	2.33864464830381
3383	8.55566515	6.08816030508975
3384	5.29518888	5.6598547918125
3385	7.03345398	5.72442765850476
3386	5.99853753	8.22805344463235
3387	2.05706369	2.85017663529444
3388	3.59582171	3.94517048866049
3389	1.064215175	0.877182450696667
3390	1.973567846	1.5335522493
3391	2.3915078	2.68815729794333
3392	1.747593609	2.37810605603114
3393	1.23123784	1.46804730341473
3394	2.18090928	3.21895928187458
3395	1.284127215	1.78700748689619
3396	4.67268047	6.00274881678519
3397	1.21625945	0.992070689286538
3398	2.747237968	2.93740754990769
3399	4.22032076	4.62574488883333
3400	0.25869415	0.378404555755405
3401	2.37765666	1.96924947422727
3402	0.261331607	1.06597758796929
3403	5.39655028	6.49345326139524
3404	0.297278261	0.414782106070833
3405	1.25254105	1.96000691306053
3406	1.89835844	2.43310668299688
3407	0.488838523	0.360768790452043
3408	2.08910162	2.15945753903089
3409	2.15738041	1.78940068318008
3410	1.780596737	1.11250562463238
3411	6.63275952	5.97510172320614
3412	6.06193475	3.42754221185481
3413	0.292571707	0.435926042208772
3414	2.327698778	2.71228648385389
3415	0.775700904	1.58895319461982
3416	0.199744181	0.544031771518229
3417	0.970854486	1.88234037542593
3418	7.44062124	6.97023538542105
3419	0.640768712	0.641441976968803
3420	1.05190729	1.69749189264167
3421	2.619371474	3.15061184128472
3422	0.8220950965	1.75872378739189
3423	5.50055986	4.09496272153964
3424	0.79756045	2.92957054425778
3425	0.883920544	1.41057294080135
3426	0.872103567	1.12516947466368
3427	5.090023906	3.93401678083222
3428	0.636704165	0.619246344214063
3429	2.2150893	2.58544032946096
3430	2.586344884	2.77576653671055
3431	1.04408815	1.77576237779461
3432	0.420963893	0.695858830748572
3433	1.202074583	2.20808388976667
3434	2.9747229	1.7458474359825
3435	1.902430255	1.77933581307613
3436	1.859807495	2.57732625865185
3437	1.555388273	3.22152805828778
3438	3.51526265	3.53925451256482
3439	3.32953578	3.56188906068772
3440	6.15735532	4.83776667783403
3441	4.70832324	5.12417505869722
3442	5.1613179	3.37587494140614
3443	0.423243512	0.880562528528947
3444	3.77002687	5.28290722891167
3445	4.05067882	4.15138887546508
3446	2.212733155	1.43955193885667
3447	3.22330956	2.82031312009188
3448	2.06037445	2.26907763274798
3449	1.753807484	2.55029703214306
3450	1.8271553	1.88053047105161
3451	2.275496446	1.8742147960131
3452	3.91096707	6.26400699321951
3453	1.990784905	1.00518681059954
3454	1.030625495	1.33367918143704
3455	2.781557285	1.44114049066577
3456	0.203634436	0.518198363712897
3457	2.230948474	2.71655327759922
3458	1.28530951	2.03661676807154
3459	1.580816456	2.32544989920128
3460	1.48400082	1.58808532585694
3461	0.78247864	0.791429805621296
3462	1.009361644	1.54429268663796
3463	5.88622815	7.79430047715054
3464	0.1237765804	0.175521858917955
3465	5.92377117	5.97063959218182
3466	10.19549874	8.44146390450521
3467	5.22713908	4.93377700644959
3468	0.45346216	1.05410268214444
3469	2.549567772	3.16365968723258
3470	1.24746133	0.389705828290196
3471	2.08941093	2.81627719550114
3472	1.258040366	0.962527633377143
3473	1.98824806	4.03346308292597
3474	4.28053114	3.81271753587988
3475	4.666525	3.9231802463543
3476	0.984482855	1.35393098942763
3477	2.27254228	3.12221123470083
3478	4.42410906	4.05142102353162
3479	0.187659724	0.223553323582778
3480	2.71915152	1.21669335578848
3481	12.80062168	13.4571872358143
3482	6.82744507	3.85508552234685
3483	1.638367152	1.12489140592236
3484	3.22926874	3.24023520283984
3485	2.08020357	2.62425899971476
3486	3.88483322	3.39049467026389
3487	6.32616485	7.79422837242593
3488	1.017895459	0.924087653127519
3489	1.211199847	0.963907341314444
3490	0.560442869	0.463368121078829
3491	1.66567824	0.874372785245714
3492	4.27298883	3.78015631659504
3493	0.69964943	0.773083327825555
3494	0.655756426	1.52097041658636
3495	1.094870114	1.04381065388261
3496	0.690499854	1.01076583012061
3497	1.317840698	2.48878959666583
3498	1.850622915	1.43971265311167
3499	7.58558934	7.95914273632738
3500	6.43054597	5.93251496594697
3501	2.17731355	2.50838451388039
3502	2.40829503	2.54533511143809
3503	10.3398299	8.72137966972807
3504	1.60341907	1.73743683386008
3505	6.93564308	4.2522349425045
3506	3.25821444	3.57189888224301
3507	7.44287267	4.60674778660185
3508	2.29677812	1.24036876161627
3509	8.2087304	10.4655653831709
3510	8.56430946	8.65762270649074
3511	5.24951738	4.44164403510637
3512	7.5700043	5.8778792408252
3513	3.065173725	2.27823236551667
3514	0.568944338	1.03186698452745
3515	0.620171896	1.66256925436204
3516	3.48281795	4.01789408629963
3517	0.59498571	0.943150152731771
3518	0.880493016	0.786739363575
3519	0.650028623	0.779836535436364
3520	2.44898293	2.59557913361759
3521	2.06953811	3.62216600566016
3522	7.09866432	6.99592614969512
3523	7.18297747	7.1828044650125
3524	1.23172975	1.40242527435133
3525	3.4398301	3.42165198877604
3526	1.686773778	3.36509284761375
3527	10.72159036	8.02910313000833
3528	0.176578007	0.688110353088889
3529	0.209657171	0.453562975534647
3530	6.09921876	5.11849896652632
3531	3.93685606	3.01997527014138
3532	1.562868871	1.18020630928229
3533	1.511732554	1.37258168049583
3534	0.413561028	1.02764740450539
3535	1.911897632	1.69183079913979
3536	3.8643837	2.06753313362524
3537	1.25150455	1.44895664196838
3538	0.656034923	1.01872425662529
3539	2.258782707	1.50288421545123
3540	1.468451935	2.13303054668283
3541	4.59177547	4.61154732565556
3542	0.3232382025	0.399108768281138
3543	0.304096206	0.572268170272727
3544	1.109066144	1.32162010065968
3545	5.47999621	7.72389059017111
3546	2.05850608	2.15999225388981
3547	0.82669492	0.635951938353295
3548	4.21643953	4.21073663372525
3549	3.037955737	3.76883925838496
3550	5.38506817	6.3717301098125
3551	2.60227755	2.84740083190072
3552	4.27742202	6.5622466982807
3553	0.77318045	1.88672548455538
3554	4.86228247	5.16729757141398
3555	1.62572285	2.2689178066902
3556	2.43073829	3.54812294845873
3557	3.14071875	5.01613942497576
3558	0.334407107	0.638612369081548
3559	1.67703557	2.60791570176343
3560	0.874043655	1.81267250775039
3561	0.729623147	1.4000241927
3562	1.627512996	1.63358439699755
3563	1.2910055	1.14377197370333
3564	1.254587212	1.16056493768571
3565	3.74693391	3.8145586748537
3566	0.286912485	0.575299987575225
3567	7.23844289	7.36990346546429
3568	0.188962051	0.377010920750439
3569	1.525843216	1.42817369417056
3570	1.930763226	1.93786993148605
3571	0.575050564	0.697085743322421
3572	1.00737551	1.31451441034242
3573	3.46319687	4.92924792943376
3574	3.00855722	3.34163447386667
3575	0.143162715	0.210730190314341
3576	0.580905232	0.648973360147863
3577	1.096051252	1.66784523179301
3578	2.69321196	2.23352577576828
3579	2.57505973	3.18373535572656
3580	0.213994561	0.742245411937083
3581	2.63522262	6.44992936494444
3582	1.41219726	0.621260177707334
3583	1.941722563	0.935563738634946
3584	0.474076524	0.970148071864912
3585	5.01142406	5.04033979731183
3586	1.39553944	2.22036028772803
3587	5.0723622	4.71931605821951
3588	4.34317858	3.49524510383889
3589	1.33732053	2.30091234713682
3590	3.16191328	3.38010093542529
3591	7.08821838	6.89241555119643
3592	6.01172863	6.36085700801429
3593	1.331124383	1.50603734806771
3594	2.41341376	2.61911108366282
3595	5.5724007	4.45579940963441
3596	1.181165106	1.08977752430185
3597	1.07075144	0.6870783644
3598	6.7941168	5.08126995895238
3599	2.313326693	1.03301365673009
3600	0.410396032	0.912996676064744
3601	1.23154044	1.19661742913815
3602	4.25870086	3.16355517437717
3603	5.60941154	4.82631439324309
3604	0.374957228	0.747957606128788
3605	4.3701272	4.27259637180637
3606	4.553279815	2.75408426239363
3607	0.496482092	0.730215177911979
3608	2.220069752	2.82002313703281
3609	4.68671231	4.63631869537171
3610	2.606669415	3.78880785504752
3611	0.56072227	0.758029221507639
3612	2.39709505	3.44058381238722
3613	1.049952704	1.13935334158333
3614	1.59533472	2.40001697112619
3615	4.77569173	5.24236375375484
3616	1.488533343	1.90562947109246
3617	9.1466748	7.80039174346552
3618	1.533649463	1.90424880296667
3619	6.7260829	4.31115284041228
3620	7.34209349	8.07192402332857
3621	0.797235776	0.783694805594791
3622	7.57671805	8.41539226268982
3623	1.325195816	1.24229894725482
3624	2.001219434	2.36731283701979
3625	4.2381401	2.35313870033919
3626	5.7836883	4.99144271767302
3627	5.66941776	5.00821349637121
3628	2.028262984	1.47153406398376
3629	2.69221332	4.20573958685617
3630	1.83236736	1.89106280739815
3631	5.24576796	4.49104934558698
3632	7.34412028	8.20795877610145
3633	2.863296896	3.57468535677333
3634	2.14200584	1.87514061696098
3635	2.59869772	2.89163101881882
3636	4.29665218	4.38404106423188
3637	0.723539804	1.1937861589955
3638	1.54548303	1.10647688938333
3639	3.12728473	3.53528768354228
3640	4.00437942	2.5292652763919
3641	6.89520009	5.08830041214
3642	0.159439614	0.343766052759804
3643	2.8310885	3.86526532676839
3644	5.25048753	4.78932915368472
3645	3.83484346	2.8385080701955
3646	0.61664359	0.463586213946377
3647	1.78137782	1.82142753112304
3648	7.44365735	5.55841196583854
3649	0.801657526	0.666911166550505
3650	3.28537103	4.95119056336071
3651	2.888373796	1.84599357448222
3652	8.36361595	6.39069114170833
3653	2.07175849	2.23320859094722
3654	4.75384134	5.53567520839493
3655	2.800783696	3.05987422896569
3656	5.187544644	2.73416688035833
3657	2.81047767	2.34331896253068
3658	1.405106265	1.78940701079804
3659	2.20380391	3.76097853608565
3660	0.446869635	1.29909516787899
3661	3.62871304	2.41825084812042
3662	2.072777307	2.72219670188089
3663	1.128562382	2.11946132682717
3664	0.638740273	1.62271449738819
3665	2.937028526	2.87241968021757
3666	0.405904698	0.705857592172222
3667	1.636080857	1.29413946075965
3668	1.338041493	1.53093668093238
3669	0.847765995	0.893364385674797
3670	2.702559396	2.36108981766667
3671	3.88120376	2.94760637334125
3672	1.589581998	2.26717761721126
3673	2.383655005	1.65130097309737
3674	7.68920043	6.36652288003125
3675	4.37646615	4.46585049755171
3676	2.59561646	3.39984680994683
3677	4.26959016	4.45089526374833
3678	0.243338059	0.460241785632246
3679	0.558363628	0.592343004416459
3680	5.2391363	5.01749926112396
3681	3.61469137	3.77922947814706
3682	0.77793726	1.33402432890859
3683	0.861533415	0.972273973291666
3684	5.5618307	6.2812867429899
3685	10.22396846	9.34649199248718
3686	1.20256628	1.39301574076396
3687	0.38402683	0.793637901961628
3688	5.36436429	4.79537725187963
3689	13.07936475	11.1519487455811
3690	0.248341331	0.292507884369123
3691	3.21495406	2.68147327562863
3692	2.62061377	2.62849018235699
3693	1.92245399	0.86648535057549
3694	0.533270982	0.945840055006629
3695	5.90739791	5.35733770844624
3696	0.391312852	0.787869129449583
3697	3.03683574	3.66758160795238
3698	1.16941157	1.556062668885
3699	3.366291814	2.94549898633333
3700	3.26103635	4.10961053559952
3701	0.903746465	1.00595357905278
3702	3.91070901	3.63091933008642
3703	4.85142148	5.72748266803838
3704	3.13482788	3.16326604588222
3705	9.29410152	7.1314713947625
3706	1.19917345	0.62450412326131
3707	1.26170443	0.758428605777478
3708	6.62828032	5.06451754786111
3709	1.654299423	3.95263532789259
3710	8.41893683	8.15462970323874
3711	8.48834947	8.44210593531081
3712	3.85771215	3.83982759585985
3713	2.60383973	4.7501905416631
3714	1.303859162	1.10981993972037
3715	1.73825942	2.7167240636275
3716	2.949498393	2.67553228834363
3717	8.7423389	4.79239142632813
3718	3.863034185	4.43106464298594
3719	1.98379003	3.77711134105856
3720	0.64054196	0.709545262346079
3721	2.34757668	1.63093657408125
3722	0.290204239	0.714326588519512
3723	4.76312562	3.78549624433143
3724	1.407639566	1.61627903317037
3725	7.46306894	6.45214201588636
3726	4.14097812	4.33164110739845
3727	0.561258535	0.68793714739438
3728	2.27628042	1.16441494782276
3729	2.23144059	3.96119699737892
3730	1.265702674	1.66403462840833
3731	1.38824001	1.69189909696739
3732	7.46796012	5.93768740031863
3733	1.15650508	2.21134623138951
3734	0.414346695	0.5304118681
3735	0.126189299	0.162000528183089
3736	3.6034143	3.91997708629572
3737	5.60131107	5.41073593487132
3738	2.48159052	3.31775122709651
3739	0.693947607	1.5618454082049
3740	1.316017764	1.31235007460985
3741	1.3059636	0.886964140515657
3742	4.40957294	4.8344076734023
3743	1.704760426	1.86994653036569
3744	1.741747884	1.940480606655
3745	0.704983165	1.38255885213763
3746	0.253881718	0.451300222046459
3747	6.72597502	6.9315863466625
3748	6.51839456	8.12863185235965
3749	1.68726829	1.45112322999625
3750	0.559048809	0.865812321429386
3751	3.3808892	3.62217613224238
3752	4.63499585	5.49983179672581
3753	0.683408546	1.89770609867937
3754	0.94784563	1.82411912674264
3755	3.95111462	3.69832581015083
3756	2.54546413	3.42300667566143
3757	4.89043324	5.81884645522059
3758	0.398175593	0.593592665910516
3759	1.44372713	1.24385911575185
3760	9.13343651	5.49486227892929
3761	7.33993965	7.54458142176471
3762	0.453659898	0.751874331830079
3763	5.36013214	7.95488181974762
3764	1.254933084	0.769111278779675
3765	0.508731927	0.986758359262745
3766	0.54275099	0.600958500754563
3767	3.9048983	4.14662886112358
3768	0.1250657937	0.549371201885365
3769	7.8375413	5.28826666607561
3770	4.29416493	7.11252138235043
3771	3.51500637	5.10223306879914
3772	1.397668287	1.29735586649484
3773	3.914732025	2.08629969957462
3774	0.212413596	0.458897011364247
3775	1.001977921	1.43352440026624
3776	4.17943797	4.98470732738095
3777	0.544843071	0.715799595405263
3778	5.33128988	4.40759294060794
3779	4.02172761	4.45689348570754
3780	4.03600072	3.86597773073269
3781	0.916609905	2.41542894549009
3782	4.64030937	2.8052649878869
3783	15.00417466	9.65011829146666
3784	5.05092147	7.02719465051515
3785	7.92444591	7.82351810041667
3786	2.64216104	3.56987701392763
3787	0.33465629	0.807492170039899
3788	5.15936678	4.67843319564
3789	0.694491674	0.768363560766135
3790	0.559114423	1.1644345095381
3791	10.1221806	8.57573077647549
3792	0.671091456	1.21314608593947
3793	6.83264425	6.973300618125
3794	1.862136281	1.40726720124608
3795	1.829582618	0.803757907212346
3796	2.6316367	3.1862455803928
3797	3.13277089	2.62262721327162
3798	1.623240754	2.15264953019762
3799	3.88105016	3.96550290692792
3800	1.78084709	2.61925947066453
3801	0.632099496	1.11879482421138
3802	1.213714246	2.00014000944225
3803	2.20961474	2.62603169026504
3804	10.5302035	8.54482815544309
3805	2.927552324	2.39208852046886
3806	0.82237423	1.46601111793542
3807	3.35269414	4.13998179805
3808	0.967646156	1.01980069796272
3809	3.75396534	2.94555252777222
3810	1.878024674	1.35633436094778
3811	1.38106666	1.54571912119187
3812	0.199796672	0.558979418157143
3813	2.55193583	4.89115930145732
3814	4.726866675	2.45280780540937
3815	4.0411264	5.19446113177763
3816	0.777145627	1.11320570293444
3817	2.229090416	2.87130801449259
3818	0.438077265	0.658897967418468
3819	0.883439862	1.30183604707857
3820	1.99075073	0.929667659721212
3821	3.17970273	3.06817304903429
3822	5.74552948	7.15069830038426
3823	2.041570065	1.42759964231012
3824	4.57233086	4.30723623137708
3825	0.7729718	0.896525641167778
3826	2.893859966	2.39844949229414
3827	1.008979592	1.94253672704865
3828	0.39262978	0.943464778776111
3829	0.639151958	1.10447375885517
3830	0.366420699	0.49528905458588
3831	3.1425061	3.12625517867798
3832	3.9625671	4.41296558097738
3833	7.60329617	8.79925829790244
3834	5.47752775	4.58305533520476
3835	2.99483937	1.28830917963105
3836	0.1102186895	0.184979042927027
3837	1.856466524	4.35547053436029
3838	0.802529075	0.754738208698889
3839	2.460967671	2.77133810739524
3840	2.9531945	3.76735348729531
3841	2.02696992	2.57902540191452
3842	1.48439807	1.89915736667072
3843	0.866851773	1.80348551794833
3844	7.60983981	4.13247441699196
3845	1.760745524	2.33175276273148
3846	0.59556249	0.499337065332829
3847	1.59021191	2.55142905077342
3848	0.821053407	0.676405094654701
3849	12.87777307	10.1537496388333
3850	9.8854233	7.33739366073718
3851	7.74319522	4.81868737712018
3852	3.05515501	3.4481934727047
3853	5.73476048	5.39893665002973
3854	2.90142715	2.04357609728056
3855	0.80107721	1.38112669528021
3856	0.215454047	0.261506040543148
3857	2.132316938	1.5298497416406
3858	2.45774373	3.1174298906181
3859	1.96655205	1.14406292528021
3860	3.15156953	3.69972017401892
3861	3.446014726	2.92321569833011
3862	4.69994339	6.16027096053125
3863	2.43378994	3.39746092019407
3864	3.20589039	3.89899339284917
3865	2.444276115	3.81011973509032
3866	1.707245864	0.432683013035043
3867	1.650394506	1.89018694871198
3868	5.56666826	5.59820382191569
3869	8.3418081	11.3264345396741
3870	1.700708677	1.21566461211992
3871	0.356353323	1.38274764952724
3872	6.82985919	6.1241495005381
3873	3.57919901	3.2194110455125
3874	0.834453025	0.892291760732843
3875	0.889192267	1.34517514418509
3876	3.99129568	3.62042673210588
3877	1.448950488	2.49530698861848
3878	2.452558688	3.31568520904246
3879	1.99187771	1.81916118135539
3880	2.26818825	2.21851005859714
3881	0.749707605	0.741161888453419
3882	1.250934337	1.4067173252527
3883	4.55392266	6.17415836793421
3884	3.064170605	3.49536055880571
3885	4.455951	4.88045207672685
3886	0.587852952	1.25683956215556
3887	1.342073	0.737201134158333
3888	1.68213036	1.8020649307536
3889	2.87703411	2.28122350937381
3890	1.79125291	2.15731593795758
3891	0.419536744	0.759524055175595
3892	2.29393074	2.93775390967286
3893	6.87131465	6.14523033508991
3894	7.35372876	4.62244547877871
3895	2.38351182	2.47245592005976
3896	2.774077696	2.13088217436818
3897	5.31658633	4.14143044232518
3898	3.70856033	2.99692092570407
3899	3.40888394	1.94544421315098
3900	9.26624223	10.1319888574658
3901	2.56861264	2.31234434202333
3902	4.16461866	4.30727393918796
3903	0.45232482	0.800631052578572
3904	3.21563199	3.43376076101759
3905	2.57739818	2.89054641385726
3906	3.05253367	1.56182686055938
3907	10.47762144	9.15332210799291
3908	2.67203451	2.23105539423409
3909	1.936240776	1.11660028611912
3910	0.497153111	0.716524270303658
3911	3.55876637	4.90731026365376
3912	1.51797917	1.31137105403
3913	4.108874944	3.95747062579907
3914	6.91776065	7.642766481275
3915	7.18218704	6.57814091459259
3916	1.54679495	2.56966043204768
3917	2.17545688	2.82831539165556
3918	0.912872286	1.42561243623775
3919	4.41331747	3.94344721863761
3920	1.61159728	0.557475401575676
3921	2.45105324	3.18426608214468
3922	2.924964156	3.57738596982857
3923	4.96195832	5.22207813350833
3924	1.58160511	1.13660842247619
3925	2.479231945	2.84579291351149
3926	2.399776202	2.76973731770132
3927	5.23773246	4.71985882459069
3928	2.97777038	3.99399765736944
3929	5.84069042	6.68742194023232
3930	0.80917087	0.738589369295699
3931	1.196474598	3.02498526353739
3932	3.18616777	3.42145106508829
3933	5.33030795	3.46660485307407
3934	1.951082489	2.71522966772658
3935	3.6324051	4.41676226970641
3936	11.29558946	9.36693824979675
3937	2.10391671	3.05309065040496
3938	1.045559575	1.13011119079537
3939	0.447591656	0.336662051821465
3940	1.03895118	2.13538383538739
3941	1.557898084	2.72515754013153
3942	0.37569056	0.602229217843485
3943	0.208705542	0.251887258564228
3944	7.90020827	7.26070693280953
3945	1.52657236	2.2959933229697
3946	0.331468944	0.889365438831795
3947	6.58012767	8.31142135707724
3948	0.489861354	0.607720611567172
3949	2.63362734	3.96771701459524
3950	2.64041483	3.89970665926296
3951	0.391660206	0.477801137569425
3952	3.06712124	4.01191196276795
3953	1.29908834	2.36323804553333
3954	4.46097933	4.42732747698025
3955	8.2379807	8.86635709395726
3956	4.046499	2.60639827085721
3957	0.62540251	0.838353207550388
3958	1.303859153	1.38522188853426
3959	0.44448404	0.89799960644
3960	2.72912442	5.20492622815196
3961	3.43335413	2.67155110436863
3962	0.559463314	2.11750428967125
3963	1.02405197	1.24706969220992
3964	0.220751342	0.27421982886276
3965	1.53997022	1.63138434243287
3966	1.67815874	2.14431826178485
3967	4.7466565	5.76309490507471
3968	0.976740383	1.53597763919565
3969	0.210248817	0.305863379586364
3970	2.24745622	2.94036253223
3971	3.787416104	4.94901450052333
3972	3.8357327	3.82837666850303
3973	0.63515151	0.597691439138889
3974	9.50189279	4.66204976380214
3975	0.772714016	2.33610808301611
3976	1.15387859	2.65256787132833
3977	1.339025304	2.24053136557571
3978	0.419026217	0.82089975762549
3979	5.18548962	3.25659736615307
3980	4.15900163	4.9231371980119
3981	3.241238586	3.95477549994106
3982	0.219912036	0.574639114068018
3983	0.903889007	0.737368829837838
3984	2.23058906	2.43690018829079
3985	6.519975374	4.43970754696961
3986	1.00684331	0.328986508565882
3987	3.39421143	2.62989403276126
3988	0.529661635	0.681009785525203
3989	2.412383435	2.12697518522179
3990	8.28082947	5.98340321036286
3991	1.525502882	3.53691243621491
3992	7.3767292	5.80469477513542
3993	6.16745439	6.95077221997407
3994	7.82767455	7.19045467411574
3995	3.42774933	2.7200265825863
3996	0.222555822	0.507140227589123
3997	3.894732834	3.78120389366593
3998	0.664820683	0.826924008226191
3999	2.32203419	2.80568577530726
4000	0.72373776	1.20391594278948
4001	1.39842499	1.3724830152463
4002	0.418831906	0.862492931782963
4003	3.99541732	3.15258472866458
4004	4.67616057	2.97860964278
4005	6.64170407	6.94045355394286
4006	1.626716782	3.18534272770062
4007	8.32132936	8.59313121055729
4008	2.162951088	1.73543966274431
4009	16.4491445	11.3388110926474
4010	9.79274195	8.21249909488572
4011	1.487831694	0.871829114210476
4012	0.366933665	1.36311778508143
4013	6.2165134	5.38622479427632
4014	2.9299885	3.47190788991938
4015	1.629640105	1.14750349466954
4016	0.818140015	0.652263671882031
4017	4.73280433	4.20969014103333
4018	2.065722157	1.48051884898009
4019	3.23975404	3.0439284682402
4020	5.27674514	5.9706506573
4021	2.150031654	3.22818757509958
4022	2.960502974	1.45134827531792
4023	1.9015078	1.88794193783906
4024	0.434152261	0.946695617266296
4025	3.458886904	4.3914809657787
4026	3.60346077	4.28429671637833
4027	3.4445184	2.12590440157752
4028	1.183351537	0.966283851061494
4029	3.70635322	2.79108088566191
4030	1.13207419	0.620566483205093
4031	9.83511784	11.4064436861667
4032	0.512008965	1.42758222797696
4033	1.00145804	1.29793360483765
4034	7.3239373	4.88968346366892
4035	0.90177141	2.61027166815
4036	5.53176063	5.02858293109524
4037	0.478041206	1.3367116323303
4038	6.22249714	5.29660125673026
4039	0.620924616	0.827819152905921
4040	3.46636019	5.54216972595238
4041	0.793342122	0.994500259755172
4042	5.80722698	5.88492712753559
4043	2.166430098	1.70611730507114
4044	5.2079062	4.1717762737018
4045	4.48743873	4.03019690030526
4046	3.28048764	5.24073602912
4047	1.4616733	1.30669106507317
4048	4.45962097	4.49297099489875
4049	0.744348622	2.49370713104417
4050	4.59953179	2.73863579100775
4051	2.79039409	3.13764618716667
4052	1.105984307	2.07264245260042
4053	4.81288096	7.30458476195946
4054	4.70845336	3.38498542148578
4055	3.409325145	3.03326552159167
4056	5.75077365	4.8322122342549
4057	0.856495765	1.64172642232398
4058	0.582318526	0.610339393552381
4059	6.48041128	4.77221218560811
4060	5.48256955	3.85371190137344
4061	2.5424749	1.43452121935289
4062	2.09685903	2.74496593975278
4063	0.140315449	0.659206899800585
4064	5.567383714	3.96916478114952
4065	2.66853763	3.66589314138434
4066	2.613629948	1.40094576332604
4067	1.4011576	3.03319865259785
4068	5.72947138	5.33372422679948
4069	9.47787698	6.8109986619902
4070	2.2939938	1.16626780985158
4071	5.53794038	7.06501459594444
4072	8.29880391	7.48039852530476
4073	1.177314468	1.69928591760088
4074	3.77677925	3.91129204668577
4075	5.23279778	5.55535003032883
4076	1.18582262	1.07157872956056
4077	7.61855952	6.55458005520416
4078	2.89231978	2.10514404555935
4079	12.63070294	12.3849390271759
4080	2.11499925	1.76930842134961
4081	5.65126358	5.84357753307527
4082	0.914226764	0.784597363598016
4083	4.09280258	2.17331688224243
4084	0.128799106	0.153553025253429
4085	1.04521694	3.21485163414508
4086	0.422235145	0.449250341699912
4087	3.80746614	2.19218608406351
4088	3.11637843	2.56960535142191
4089	3.83789889	4.00899776117938
4090	1.64855456	1.48711594827792
4091	1.096777402	1.41140667979545
4092	6.32607944	6.63865822705729
4093	2.055946528	3.06382355169912
4094	2.22657375	2.30630096168108
4095	0.4598373525	0.970988124784234
4096	4.70321431	3.02597098458444
4097	0.767473218	1.49525526920667
4098	4.02480284	4.90771312922863
4099	4.17274474	4.82233618900926
4100	2.81399242	3.31638888806667
4101	1.986892244	2.23459282943198
4102	0.948456355	0.853446526453659
4103	4.51153892	3.21520931761286
4104	0.185328811	0.957635279567803
4105	1.099572937	1.27065607086532
4106	0.620098613	0.875698368113889
4107	2.049523846	2.1653840542913
4108	2.04692219	2.04457089832482
4109	0.425656306	0.449301881619246
4110	2.32594447	2.44404989784902
4111	2.49090962	2.65559663059781
4112	6.79499887	5.96063829389115
4113	0.42318142	0.845742922334602
4114	5.94707586	6.20852642120635
4115	1.81302718	2.84643660468904
4116	8.23549209	5.77029063547685
4117	2.793858787	3.51288543930787
4118	4.40888104	5.53636847241398
4119	0.766453954	0.838876070563793
4120	1.1769804	1.79344512665417
4121	3.364575834	3.11884443798821
4122	3.46794236	3.16514853170958
4123	2.694054012	2.34488966368162
4124	1.133292105	1.14363329374676
4125	3.66199048	2.77267775605556
4126	1.897960361	3.92030521435658
4127	4.85760304	5.26831583829394
4128	9.77038103	6.87201481167857
4129	5.22938488	4.37821277091414
4130	1.43109407	2.02629118602957
4131	0.742209921	1.67327383515787
4132	1.511354417	5.38750317143784
4133	3.823411	3.24312250949186
4134	5.06656093	5.76297712268081
4135	2.02814535	2.40587945737708
4136	0.785254375	0.730799263027778
4137	3.224524275	2.37700389206204
4138	2.81210046	3.23853057302713
4139	7.93086364	5.35297973362917
4140	3.55006498	2.67734265147103
4141	1.8627688	2.38196382880299
4142	4.61925675	4.49855890854368
4143	3.93323173	4.49653638280729
4144	2.668332847	3.55547483991179
4145	1.94626231	3.38195759797451
4146	1.10174383	1.28852305589922
4147	0.534948741	0.508823141851842
4148	0.495398808	0.636664856524584
4149	1.570540672	2.33180855896752
4150	3.76814348	2.95188398535
4151	6.67806559	6.36629650906373
4152	2.6310655	2.94398380850635
4153	0.919891112	0.916962863257692
4154	0.630424903	0.944887161425676
4155	1.784925415	1.92327752813444
4156	1.743721355	1.46205800841136
4157	1.502160095	1.62176793152448
4158	0.984662665	1.80768408911133
4159	5.32884171	5.57190994046847
4160	5.69376089	7.36867776291666
4161	2.002183	1.71297615285714
4162	0.8790931	1.63316884300294
4163	6.41589752	4.42838583778542
4164	0.623058975	0.928482639475757
4165	5.17210349	5.03649495046847
4166	3.77270559	5.66817837372766
4167	0.9261876	1.35379280819239
4168	5.7923258	5.62358965722072
4169	6.5948922	5.48155667498599
4170	2.40634769	2.76507233420637
4171	6.61787088	3.99080987707593
4172	3.81339594	3.4675471799437
4173	2.627677724	2.96440262440694
4174	6.49496975	4.92100096513211
4175	1.70625403	3.00373635598518
4176	0.473987864	0.687220472430556
4177	8.0015893	7.26221548870732
4178	1.33091667	1.36371496229409
4179	0.703716992	1.04714697538378
4180	3.74778572	3.05768840205875
4181	1.26195749	2.42190483395758
4182	0.76397418	1.33158081358056
4183	1.9157567	2.77029901949355
4184	3.489100088	3.78096474865556
4185	1.084025104	1.48765156316667
4186	1.612141313	1.83717092642355
4187	0.324917615	0.799063511734188
4188	0.652389694	0.836912781255238
4189	0.85693236	0.883310012551802
4190	0.697834286	1.09791853578587
4191	0.790965826	0.630226254668659
4192	2.464129685	3.17003037085741
4193	0.947844598	0.950458635482143
4194	0.393819263	0.559838802657143
4195	0.614186522	0.973084426830645
4196	3.08190697	2.47831551948457
4197	11.83067958	14.0755209605294
4198	8.3489117	6.93557270900968
4199	2.76239549	2.57659371237381
4200	0.733637218	2.1375276546435
4201	4.19270533	4.41420150864286
4202	0.63399109	0.962110863264646
4203	7.54797874	6.0259231940155
4204	6.76087977	8.18696622969658
4205	8.95689124	10.1905956595046
4206	10.51144615	8.80778520267084
4207	4.77389966	4.2640040606225
4208	1.45472116	0.846291705612121
4209	0.333747023	0.935997752843334
4210	4.30162432	3.24429835694857
4211	2.618604954	4.59542510637353
4212	0.203123778	0.441853155942473
4213	5.08374107	4.3850918737402
4214	5.00305607	3.77820033053431
4215	3.85574096	2.61114824124136
4216	0.976158374	1.6542648806201
4217	4.56958834	5.72435068640171
4218	5.29122124	5.50011438163121
4219	4.82173184	5.65140304093214
4220	0.822701278	0.86092479544537
4221	1.042150982	1.45718618837477
4222	4.35299811	2.97847442398276
4223	0.307532308	0.851666146583838
4224	4.77910087	5.93972765116667
4225	6.8692059	5.94737514999571
4226	3.97186552	2.67378263074693
4227	2.097221745	4.01142212800877
4228	2.14492524	3.11373827314012
4229	2.33571928	2.04582743638496
4230	1.388377212	1.89686187753407
4231	0.374406266	0.523698681851577
4232	3.065701165	2.77851728084086
4233	15.59933442	14.3450262028476
4234	0.995254865	2.74835285127054
4235	2.29864006	3.31007536053254
4236	5.05943539	4.06311121624191
4237	1.68187884	2.51405132720429
4238	7.96324376	7.01406746661628
4239	0.58847536	1.39230028672255
4240	2.734322655	3.62860752626716
4241	0.978717562	1.30157853105171
4242	5.11252719	5.16867171222451
4243	2.733282844	2.13461335066439
4244	8.57066437	5.94225740022358
4245	0.632135125	1.39238585141524
4246	0.54216513	1.11072673147525
4247	12.5058283	12.6564286866282
4248	0.711764824	1.21185322111032
4249	0.451681836	0.807922619348062
4250	1.60538851	1.83942864369955
4251	1.928173544	1.8759828270027
4252	2.05493754	2.28576579923947
4253	0.518926511	0.702948036190132
4254	3.2553986	2.6707918328126
4255	6.02636998	4.41411266961936
4256	0.867174496	1.22964741683761
4257	4.33394092	5.20222191727696
4258	1.342059314	1.80250328739946
4259	7.09181319	8.36932317866216
4260	5.54449557	3.2647704043807
4261	0.38773574	0.687983264468287
4262	7.15519563	8.73528818596552
4263	2.60973215	2.1399846899718
4264	1.49154303	2.61899769628728
4265	2.577149963	4.41166637771157
4266	3.414259446	2.90868183146325
4267	1.7526681	1.11545288635794
4268	2.97375514	2.98699556510787
4269	4.41985925	4.07300181720155
4270	3.26764092	1.51012193907199
4271	0.40860949	0.48002688451902
4272	1.06735957	0.988439134208975
4273	6.17009313	7.31366357013248
4274	3.85854935	3.76814453854849
4275	4.5925843	4.64444107475245
4276	2.362379024	1.75870614002952
4277	7.26290968	6.82316054752083
4278	3.53845237	3.14435989471719
4279	0.616337687	1.0116303320688
4280	0.76222067	2.07874994023761
4281	1.600023697	1.4953620025681
4282	2.62875586	2.51444928889792
4283	1.29149462	1.69112426928548
4284	0.763853918	0.965108039106667
4285	2.16214215	2.38139068885894
4286	1.886027295	3.17082052026609
4287	7.2358268	8.25424615515591
4288	3.02285476	3.33675534919286
4289	0.807145886	0.86497709674
4290	4.70894644	4.92797535943137
4291	1.45744581	3.26796337240256
4292	0.871742633	0.601196136304167
4293	0.504337298	0.555249639790351
4294	6.27489933	4.91392966835227
4295	1.22298786	2.07954498032815
4296	0.53552443	0.863005907225758
4297	0.68636583	0.999090422157238
4298	0.341442936	0.629985125782667
4299	3.40505031	3.85264298596019
4300	7.95124681	8.5203772272125
4301	0.760990214	0.839716063007187
4302	0.730546796	1.50245862063286
4303	0.486692006	0.878536103685526
4304	4.32767268	4.00958702042917
4305	1.737744126	0.841455047519643
4306	3.1876589	4.39082026816667
4307	3.32679269	3.81451498759375
4308	1.605443162	1.99608826192325
4309	0.708979747	0.941181574867803
4310	2.206245913	2.02965516766126
4311	3.14021097	3.365938772519
4312	4.71213363	6.21520816768452
4313	1.020069075	1.85787052745852
4314	6.34658727	6.57310921467172
4315	5.82647947	4.98617483598704
4316	0.600282892	1.0596219198631
4317	2.10906534	2.63426396701792
4318	3.30063181	3.23463915389685
4319	3.91270015	6.2716857637549
4320	4.35472841	3.86893446003144
4321	1.457273649	1.07517615371865
4322	0.59874105	1.29125198964583
4323	8.81206864	8.4320993379697
4324	9.48573197	7.36604777321078
4325	7.72716886	7.02898072775521
4326	0.296513129	0.360882809112381
4327	3.88625629	2.75326729688256
4328	3.78922164	3.15103471183085
4329	1.30992275	1.11935323935469
4330	5.39298436	4.49847215692353
4331	0.334085377	0.659353085577083
4332	0.305727956	0.359115285550833
4333	0.152380026	0.306685428480797
4334	0.527963347	0.441947833136628
4335	5.13311362	5.22625687556944
4336	0.192453554	0.270784421605625
4337	1.77574364	2.3660809796675
4338	5.23057468	5.21662946294445
4339	1.412504787	1.8225033289131
4340	0.400690156	0.489910200403604
4341	2.84503348	1.87277451900933
4342	5.40824434	5.35885028612791
4343	1.50155504	2.76411634466875
4344	2.17584548	0.948712562438726
4345	2.451965265	2.05508405769054
4346	1.6053373	2.97049663225
4347	2.147055088	2.5359285321627
4348	6.73545334	4.61025972640855
4349	6.47413905	3.97974298383333
4350	3.56018589	3.08487754794792
4351	8.74636337	9.41861736066162
4352	4.94082489	3.47103461870917
4353	0.888380252	0.84856613066276
4354	6.81404094	6.418262711125
4355	1.411651975	1.61904136806535
4356	0.696252125	1.13370458429208
4357	3.106622104	4.16197156388792
4358	2.33768275	2.1818808658375
4359	0.72141318	0.794759609363334
4360	2.294680995	2.79773696452304
4361	1.030373125	0.735194788704268
4362	1.18141874	1.57775587398944
4363	3.3178261	2.61353886157879
4364	1.396487984	1.09582489249276
4365	2.38114716	1.9651166624303
4366	1.719979166	1.92215584499167
4367	0.348780001	0.919747871593641
4368	0.103557513	0.198532674450794
4369	2.923774441	1.53165591742865
4370	3.34572879	3.4437403715809
4371	5.92880859	8.46824652794574
4372	2.34044467	2.09759966712824
4373	3.818831735	2.31503866610667
4374	0.520292946	1.05656007572794
4375	0.427699833	1.22833594478375
4376	2.19807472	2.13132012092794
4377	5.32465684	7.61188828226344
4378	0.706394825	1.96632076731081
4379	5.6602113	6.40724045313793
4380	0.37018736	1.03189127487763
4381	1.524530866	2.14626147659146
4382	0.837168058	0.819053825410345
4383	0.82912339	1.15827115268583
4384	1.027176747	1.23849834885154
4385	0.830290522	0.778858526834896
4386	4.83276052	5.9237083305162
4387	0.151310631	0.349364255821429
4388	7.94569296	7.23926502674786
4389	2.846700744	3.3498528152724
4390	1.655260376	1.7530683320886
4391	0.448551704	1.28683663511338
4392	1.87678545	1.59989800269306
4393	1.099438423	1.10156982740741
4394	2.7761527	2.37133873479444
4395	1.238576618	0.808385854534259
4396	0.634791774	0.747555822023095
4397	7.60413844	6.52881605862613
4398	7.95194848	4.73636895158873
4399	1.356005835	1.46603742956316
4400	3.71029747	4.14245860597326
4401	0.214483002	0.493147031676919
4402	2.98287639	3.2250240667
4403	8.537295	7.22593262924537
4404	6.23287614	5.73167290350952
4405	3.725712074	2.37691417720463
4406	6.99733047	4.74009367182957
4407	1.679715093	1.61305084334954
4408	0.87631737	1.78482157568158
4409	4.99963418	3.98432253526607
4410	2.01192176	3.18135155241282
4411	4.13977122	3.22164049177708
4412	4.04560399	4.60970238263056
4413	6.05076014	5.73267021356452
4414	0.2522378575	0.552947950230555
4415	3.07028177	4.89116401787552
4416	7.12113223	8.3551667712193
4417	1.691763243	1.33448264930732
4418	1.37573636	3.17169195765476
4419	1.85528265	1.84341992100104
4420	0.696946629	1.21050728735676
4421	7.34050342	6.08508246532184
4422	2.49872668	5.12280313300969
4423	4.07095295	5.59133078955208
4424	3.63995611	3.7332945887441
4425	0.24709912	0.305543104030476
4426	1.77586443	2.94528975971488
4427	4.19560674	3.22757593167735
4428	1.70921365	1.03939872371505
4429	1.212437001	2.51579523376468
4430	2.91831611	2.80953069204329
4431	1.823637238	1.20594369439234
4432	0.657157985	1.42597365195937
4433	0.901725113	0.408745483272093
4434	6.82525347	6.76487321766129
4435	9.68474173	6.76186690477917
4436	0.51434964	0.334029999740161
4437	1.95084145	1.81644185174429
4438	2.05093438	2.81653086567549
4439	3.003054557	3.27085425020469
4440	1.183441325	1.27006088463979
4441	0.93617293	1.00877345891978
4442	1.64905124	0.846701629281944
4443	0.657433412	1.01319705225983
4444	5.69080946	4.63883800847183
4445	2.55917886	2.47515732145753
4446	3.305432846	3.27891286168621
4447	2.991160822	2.85344954118377
4448	1.316059194	1.46024133812939
4449	1.8785338	2.92047549122949
4450	4.25320984	3.20652083914188
4451	1.333826555	1.99482990902863
4452	2.05266795	2.78196254591279
4453	5.42335407	6.06009967869187
4454	3.41505443	2.52845356539722
4455	0.602470837	1.31917131316667
4456	5.85825896	5.41142036462821
4457	1.681545748	1.63616997122042
4458	4.56557888	5.99306926026036
4459	0.98277555	1.28161945408333
4460	2.63813662	2.98705072371875
4461	5.724075895	4.98249961054748
4462	4.20617986	4.89457037626667
4463	3.077665705	3.13851045791441
4464	6.08308874	6.24308035104365
4465	0.621255223	1.51106484434192
4466	8.95868648	6.84230990467054
4467	0.576789188	1.07440903916095
4468	1.288165275	5.35066484391447
4469	3.52584928	4.66771051243333
4470	5.83780893	4.13289733693241
4471	1.92959674	2.11608403783511
4472	1.18522777	1.78692644902356
4473	0.545971579	1.09090304349504
4474	7.9408224	9.18208259592473
4475	0.602683279	0.846881858932843
4476	0.81794368	0.417274159851226
4477	0.2145352485	0.582424936712381
4478	1.274940705	2.06147838135
4479	6.42955806	5.69010816045699
4480	0.187001464	0.770392700782796
4481	0.141640734	0.342355962240991
4482	5.5699494	5.33343195624414
4483	1.80227005	1.75346003441757
4484	2.63101018	2.41721303963278
4485	0.173850408	0.29208518537101
4486	2.547578425	3.01272040829957
4487	13.46118078	11.929381013776
4488	3.71836907	4.64841023191919
4489	0.265870008	0.389098104977586
4490	0.376934068	0.314111700248618
4491	3.92952522	4.4725983146431
4492	3.27469312	4.17265293507073
4493	9.69731331	8.61508219347968
4494	0.175678374	0.290528188605447
4495	0.581592566	2.28289381459561
4496	0.560123234	0.956946753481373
4497	1.624609634	1.69525301513056
4498	3.0675246	2.61261677916593
4499	3.771131906	3.79341145547625
4500	3.59378776	5.10769476606667
4501	3.64488324	3.05100250481138
4502	4.01872752	5.31708286377939
4503	8.46473775	9.82518554194318
4504	1.722421943	1.34012863408438
4505	2.97208399	4.10869112617207
4506	0.121966391	0.275967545096705
4507	1.15805987	1.57332424070637
4508	0.312407596	0.265973757342308
4509	1.04393147	1.42617469598595
4510	4.76674538	4.01714813281571
4511	0.813529235	1.23161249203889
4512	4.36924545	6.14935086795299
4513	0.076853358	0.180529104551802
4514	5.71052375	5.54555728556458
4515	4.9674031	4.75518342776991
4516	0.314470772	0.651168343457222
4517	0.829562324	1.08894572464601
4518	1.15068587	1.0821417364662
4519	4.51911552	4.28438266242973
4520	4.68057615	4.53624709833506
4521	2.80493534	2.67613856382679
4522	3.08467312	3.09379549131406
4523	0.830782428	0.990453682913514
4524	1.285259236	2.66945678677634
4525	2.59598532	3.43477133992581
4526	0.365014557	0.325501273509402
4527	1.7115741	6.2123741630813
4528	1.520626624	2.77835732593974
4529	1.55850698	2.74073146383529
4530	3.22917942	2.68105872121149
4531	1.557595023	1.96520824978232
4532	1.632212427	1.40119359144491
4533	2.26569853	3.32166924143248
4534	3.99632432	5.23501521096154
4535	2.581712895	3.33960875663691
4536	8.62666301	7.57574651938739
4537	7.10704831	6.48643424711778
4538	0.54312914	0.288930970218469
4539	1.164918085	1.31495624074248
4540	1.092461707	0.792895786118966
4541	3.39157508	3.35673435380631
4542	3.61679771	4.17766598430741
4543	1.2385242	1.09508548086982
4544	0.40957514	0.488963472566667
4545	1.40280913	0.933790405216216
4546	6.37426132	5.15796534945098
4547	1.288182646	0.700869711557607
4548	0.80221921	1.44652741868651
4549	0.86969947	0.986685868037963
4550	1.41613737	2.47376484433381
4551	10.6431893	10.8661211069359
4552	3.47898152	1.80516418804286
4553	7.28532637	7.44238916157456
4554	3.39432937	3.45292938779957
4555	2.73468256	2.69826247099889
4556	3.32959819	5.31552193797619
4557	0.65937115	0.966417137621065
4558	2.44046869	2.50871426655602
4559	1.30839511	0.882627701744828
4560	1.693677895	1.54912068538919
4561	3.411999943	3.69103172775046
4562	1.339746506	1.86281894719875
4563	3.58319636	4.21723891829293
4564	5.53411716	6.36399698777027
4565	2.19307619	3.57373606587544
4566	0.482046336	0.768829450318889
4567	2.52507252	5.28787574736833
4568	1.023073025	1.1177220853837
4569	5.7618719	7.91565614395833
4570	0.3046849885	0.47632125524939
4571	11.36056768	9.02538964844286
4572	0.858835419	1.05852432442037
4573	5.33814038	4.80395631098958
4574	12.39876328	9.77422359868376
4575	1.48967061	0.944084963160811
4576	1.91061183	1.77697570443382
4577	2.93551857	2.10604260082656
4578	1.02255907	1.03633863319024
4579	0.500492945	0.660789225422778
4580	2.42912041	2.26019162506275
4581	1.41093078	1.41990571995238
4582	0.261768039	0.360480574156818
4583	0.174948252	0.2769781272
4584	8.83902769	6.29411660663218
4585	3.17273567	3.67103888356974
4586	2.43346364	2.66557294612308
4587	3.92114781	3.29128271027667
4588	1.227934604	1.42676789887604
4589	1.14644419	1.55614007845049
4590	4.12911327	5.66987223844127
4591	3.13293249	2.21598187990606
4592	3.55652045	3.57402058260048
4593	1.80145763	1.29839883829811
4594	0.98241535	1.26432743683646
4595	2.853719006	3.89732341983056
4596	0.263969985	0.493014464132381
4597	0.210890005	0.341118576322381
4598	0.89256925	2.43373523683889
4599	5.8011145	4.01539500825
4600	0.408935323	0.422783728662857
4601	5.41038498	4.96088897283026
4602	2.13583767	2.85777602460185
4603	5.3111769	7.52258744079444
4604	0.25927541	0.339869262584884
4605	8.58176854	11.3855094463829
4606	3.23572844	3.07147074483619
4607	0.224464517	0.526727506613034
4608	8.13828428	5.62068327835227
4609	3.1596875	2.65527495380745
4610	1.319912072	1.49248124139369
4611	0.279784025	0.329500371723256
4612	6.91026206	7.003388774
4613	0.217923938	0.316997321881667
4614	3.00455462	3.00672064629658
4615	0.839097112	0.809004544411992
4616	2.54711239	3.15364317161667
4617	0.284085861	0.259893832705285
4618	1.034476373	0.754065223628646
4619	0.258724138	0.472308559449187
4620	5.92444737	4.66411194203571
4621	2.65700691	2.30693276514702
4622	1.57239523	1.86531200792479
4623	3.76990939	3.60631674022287
4624	1.84012573	3.13789957035426
4625	0.758177207	1.02626673019693
4626	3.47300378	4.38811253357083
4627	0.437683735	0.857682474801163
4628	0.879706813	1.03701882384031
4629	2.04673698	2.01585291438677
4630	5.19614222	6.09439510315
4631	5.33547422	6.86977473977619
4632	4.524384034	3.86983542770139
4633	4.36408025	2.38953399535
4634	1.906687152	1.05162274442527
4635	1.42317643	1.86708203597602
4636	4.466922715	3.87728169988571
4637	3.44827431	3.67122033783678
4638	5.89600582	5.65220000567054
4639	1.373576985	1.70727908666048
4640	7.58545603	8.07886747135417
4641	1.3703995	1.12371927931496
4642	2.998776205	3.98685801017027
4643	4.22251498	3.51936257891605
4644	0.326897074	0.750286229399524
4645	4.91410974	5.49261033041613
4646	1.460812813	1.9062093264125
4647	5.94373039	4.09869924766301
4648	1.266273822	1.52377473870787
4649	2.48415948	2.63408241393485
4650	1.17135019	1.14570975712202
4651	6.73441135	3.38996595600034
4652	4.77334285	4.40794546702626
4653	1.81308743	2.81279200898381
4654	1.25641959	1.88913250439414
4655	0.533216408	0.653064737063691
4656	7.93407652	7.22068105297619
4657	0.871790791	0.840200708301613
4658	5.98860931	3.94803767283472
4659	1.16899491	0.993917607115277
4660	2.4431432	2.75640586880389
4661	1.275636656	2.46778045312626
4662	12.51997297	9.80496469084146
4663	3.97942226	3.94080847108952
4664	0.441083034	0.794777572553175
4665	3.72600699	2.46702162265614
4666	0.169586076	0.42545977540375
4667	3.934435016	3.84761705772238
4668	2.42692518	2.13608412473548
4669	1.081447848	1.06191568256944
4670	6.5714859	6.57892672167262
4671	6.80897023	5.29484285608796
4672	2.95313562	2.53262599759608
4673	0.2067456433	0.356993217345833
4674	12.49236556	10.1738185015114
4675	4.40642871	5.68905156389431
4676	0.884154655	1.09993776597875
4677	2.49550901	2.83040440242252
4678	6.54205967	4.65305433498198
4679	2.75577329	2.85183181037018
4680	0.467435609	0.593532896227027
4681	0.616813811	0.769723535619583
4682	5.85421474	6.91685571313821
4683	3.24331465	4.16067019621752
4684	2.90007195	2.42014303570741
4685	12.4075587	14.0314726539394
4686	2.6650063	3.97324215385598
4687	0.699585846	1.01870510937704
4688	5.36229823	5.49150451940526
4689	0.61541187	1.15923274726313
4690	1.14505032	1.76844518043211
4691	3.176299534	3.68355880669234
4692	2.173961708	2.7601078654991
4693	3.52278777	3.31952893260238
4694	0.725481462	0.777405449897381
4695	9.2690303	7.71892250433854
4696	5.62738808	7.27608825296847
4697	3.341499405	2.16479960993411
4698	1.04249762	1.2276372169298
4699	4.15799636	4.33177634878476
4700	7.76561715	4.77904876310762
4701	0.683936335	1.00645599062667
4702	0.850490965	1.22683110091707
4703	2.258799093	3.26935930963876
4704	0.256581067	0.318048483917544
4705	1.49113229	2.1027369380672
4706	1.17776246	1.240764124265
4707	0.6040205	1.38937868403687
4708	7.2048051	6.49249004052084
4709	3.73972848	3.00537697247576
4710	11.8431024	8.93190620074537
4711	0.791791431	1.15665231477798
4712	2.379748756	1.54908215386528
4713	2.378222379	3.49634653173333
4714	7.5380368	9.12218700722727
4715	1.783319764	2.38179529762564
4716	9.93416853	7.79091723691414
4717	1.1760978	1.90767079318718
4718	6.62865433	5.32630917158095
4719	2.67510249	4.97792196662341
4720	2.88128378	2.25454722511
4721	2.0667235	5.11668049033712
4722	7.76919501	6.3941960782981
4723	4.11278906	3.30064315656757
4724	2.63776888	3.2804636050875
4725	5.35274364	5.48355565953241
4726	0.34232972	0.379764214577315
4727	6.70025221	5.8912275713252
4728	0.081846854	0.141798908201802
4729	1.016549324	0.578054994853509
4730	1.13117495	1.27481302638784
4731	0.888369225	0.854646827376667
4732	6.76035376	4.19197818108387
4733	1.217212188	2.53526838494054
4734	1.016957426	1.06611907335524
4735	2.443069115	3.47529671591414
4736	12.77500891	7.51713403101282
4737	6.7803777	6.55077672900397
4738	3.144511536	3.58682077647276
4739	0.984576992	1.652997493836
4740	0.370929443	0.422733862849781
4741	5.44747789	7.8688666502625
4742	4.51392678	4.41142434282133
4743	5.08692906	4.56197744340598
4744	9.47209232	7.58549717670098
4745	4.18768402	4.52627082245855
4746	0.4646548	1.13214716732881
4747	1.300002762	2.95911372248803
4748	2.29857966	1.6618910087381
4749	12.52812285	8.68131767606989
4750	0.57556214	0.959882064498438
4751	7.47179537	6.74768565268333
4752	3.12091748	3.68963863599069
4753	11.71959902	7.53728752314865
4754	7.07055263	7.45658109400538
4755	3.4018591	4.91720483677632
