index	observed	oob_prediction
1	0	0.0244854297573067
2	0.0377932783766646	0.0462257478668135
3	0.0319911223842739	0.0173068518740681
4	0	0.0338248652504756
5	0.0406785034876348	0.0179948742337772
6	0.0760304375396322	0.0281062620601251
7	0.0467660114140774	0.0474353554569154
8	0.0452758402029169	0.0372871955658893
9	0	0.0135966398488692
10	0.0410906785034876	0.0286557357248543
11	0.0360494610019023	0.0334454332757527
12	0.0208306911857958	0.0286562970146841
13	0	0.00998043552656742
14	0.0430881420418516	0.029309451428003
15	0.0428662016487001	0.0384873062663171
16	0.0226062143310082	0.0132692465769511
17	0.0202282815472416	0.00646450935320228
18	0	0.032216127668569
19	0.0122067216233354	0.0271484022213255
20	0.0459099556119214	0.0259802938639337
21	0.0421686746987952	0.0434195621893783
22	0.045149017121116	0.0363406121110623
23	0	0.0243479992845877
24	0.0207038681039949	0.032765840690698
25	0.0712111604311985	0.0402251429962273
26	0.0181674064679772	0.0261853925396878
27	0.0322447685478757	0.0302434947546418
28	0.038427393785669	0.0182932330827068
29	0.104533925174382	0.0207268623365643
30	0.0655358275206088	0.0312835981193622
31	0.0333861762840837	0.0347521123630826
32	0	0.0112833926800319
33	0.0396639188332276	0.0354940655765006
34	0.00377298668357641	0.00624378466245936
35	0	0.041297131847227
36	0.0246036778693722	0.0278335961198992
37	0.0287254280279011	0.0239589687069078
38	0	0.0211573361113627
39	0.0451807228915663	0.0219001610995904
40	0.0136334812935954	0.027686104528919
41	0.0121116043119848	0.0140047169286565
42	0.0394419784400761	0.0373668928916234
43	0.0398858592263792	0.0335009864017473
44	0.0241280913126189	0.0400444502468077
45	0.0293595434369055	0.0330796689480244
46	0.0252694990488269	0.0135698936095258
47	0	0.0304723519276468
48	0.0780913126188966	0.0317152941911185
49	0.0410272669625872	0.0216530008924587
50	0	0.0283288834006386
51	0.0237476220672162	0.0185390979121163
52	0.053424223208624	0.0325463373963691
53	0	0.0265701831717112
54	0	0.00778047863970502
55	0.000380469245402663	0.01090727823575
56	0.00884590995561192	0.027205337641292
57	0.049429296131896	0.0288400972310294
58	0.0312618896639188	0.0305586352199971
59	0.0512365250475587	0.0354589485762599
60	0.00862396956246037	0.0234251410072423
61	0.0655992390615092	0.0405561960761707
62	0.0257767913760304	0.0273774430198329
63	0.0085288522511097	0.0100571791811208
64	0.0324667089410273	0.0425801451419714
65	0.011001902346227	0.0224964400538442
66	0.00244134432466709	0.0272443799967673
67	0.0452441344324667	0.0371923185318873
68	0.0209258084971465	0.0209751471258997
69	0.0450221940393152	0.034659717818643
70	0.000951173113506658	0.0224576615873382
71	0.0330374128091313	0.0297918340026774
72	0.0385225110970197	0.0189052752362835
73	0.0329422954977806	0.0283816343066502
74	0.0450856055802156	0.0212261429619406
75	0.0266645529486367	0.0348273910582909
76	0.000729232720355105	0.0363787606566617
77	0.0372225745085606	0.0308608691057135
78	0	0.0354519876682597
79	0.0287888395688015	0.0439882129135738
80	0.0413443246670894	0.0410443296732637
81	0.035573874445149	0.0317427728048055
82	0.0324032974001268	0.0230524659091558
83	0.0241597970830691	0.0291192012632574
84	0.0343690551680406	0.0264125581272458
85	0.0114457831325301	0.0304641896176455
86	0	0.0146507080955401
87	0.035573874445149	0.0409170563834284
88	0.034432466708941	0.016466900741367
89	0.0408053265694356	0.0400768864933418
90	0.0283449587824984	0.0309758011311594
91	0.0302473050095117	0.0205298427492098
92	0.032720355104629	0.0338688714758785
93	0.039854153455929	0.0319551474596447
94	0.00865567533291059	0.0406099888274904
95	0.0609384908053266	0.0402743576645764
96	0.0151870640456563	0.0446873939137731
97	0.0368421052631579	0.0413746414228342
98	0	0.0258718358005525
99	0.0300887761572606	0.0406458942731878
100	0.00104629042485732	0.0159393668858259
101	0.017564996829423	0.0260541056191525
102	0.0401712111604312	0.0405735357082852
103	0.028852251109702	0.031787632051161
104	0.0320545339251744	0.0163978809976749
105	0.137317691819911	0.0388134047661632
106	0.0112238427393786	0.0322106541219959
107	0.0355104629042486	0.0381415721364992
108	0.0500317057704502	0.0431060950956322
109	0.0441978440076094	0.0440703370758576
110	0.00840202916930881	0.0237250449165081
111	0.0265060240963855	0.0283921248905396
112	0.0407736207989854	0.0261446370276427
113	0.00421686746987952	0.0413592772650054
114	0.0132530120481928	0.0232012259564574
115	0	0.0263846089846508
116	0	0.0274023366192041
117	0.0415979708306912	0.0343815509716886
118	0.0405199746353836	0.0302857842854672
119	0.0306277742549144	0.0151253939201783
120	0.0309448319594166	0.0347333463408289
121	0.00345592897907419	0.0187674991463831
122	0	0.0312331463013137
123	0.0388712745719721	0.0417499295427323
124	0.0346861128725428	0.0338042395144488
125	0.0249841471147749	0.0136000778028126
126	0.0341154090044388	0.0351133646427817
127	0	0.0180610159937998
128	0.0159162967660114	0.00988068061720567
129	0.0352251109701966	0.0558332159045539
130	0.0419784400760939	0.0317046947187245
131	0	0.0241718938342274
132	0.0344958782498415	0.0332553278127992
133	0.0149017121116043	0.0154101079239559
134	0	0.015572225104565
135	0	0.00673127918372053
136	0	0.0151355541784362
137	0.00152187698161065	0.0144386592422321
138	0	0.0230415899185715
139	0.0216550412175016	0.00904964095357247
140	0	0.0115295580819519
141	0	0.0328719448430843
142	0.0340837032339886	0.0361405651053717
143	0.0123652504755866	0.0467388187172588
144	0.0140456563094483	0.0158189696585385
145	0.00827520608750793	0.035061443140985
146	0.0353519340519975	0.0217152536175999
147	0.0273937856689918	0.0328580752597874
148	0.0319277108433735	0.0416731399281336
149	0.0398224476854788	0.0355052874034839
150	0	0.0120351391340611
151	0	0.0139261895226335
152	0.0287571337983513	0.0312377752344423
153	0.0370640456563095	0.0293652778756351
154	0.0426442612555485	0.0399617769322906
155	0.00298034242232086	0.0216852633204884
156	0.0622384273937857	0.040432043965335
157	0	0.0178668969506836
158	0.0296131896005073	0.028000435325261
159	0.0350665821179455	0.0254431174992367
160	0	0.029288322882172
161	0.0371274571972099	0.0173462947606892
162	0.0448953709575143	0.0193148820326679
163	0.012428662016487	0.0179402874656521
164	0.0379835129993659	0.0201118123811034
165	0.0206087507926443	0.027178325490327
166	0	0.0332161648014533
167	0.0468294229549778	0.0240744934625721
168	0.0818642993024731	0.0440902331129027
169	0.0285351934051997	0.0309543889845095
170	0.0310716550412175	0.025765012960429
171	0.026284083703234	0.0440651531564856
172	0.0458782498414711	0.0215968356858232
173	0.0383322764743183	0.0366500677633133
174	0.0441978440076094	0.0362096411963644
175	0.0374445149017121	0.0256367718384205
176	0.064711477488903	0.0411790285079196
177	0.00225110970196576	0.027736362652149
178	0.02143310082435	0.0369441041678677
179	0.0198161065313887	0.0131527947776418
180	0.0299302473050095	0.0190058429205544
181	0	0.0334408607316026
182	0.0368738110336081	0.0331900893045868
183	0.0471781864299302	0.028865786110951
184	0.0396322130627774	0.0324098851546537
185	0.0413126188966392	0.0350639663918833
186	0.0177552314521243	0.0281283141720199
187	0.0192771084337349	0.0225361352530867
188	0	0.0236945579134162
189	0.0456880152187698	0.0656722711278551
190	0.0505389980976538	0.0362072033544214
191	0.0238427393785669	0.0157732244768548
192	0.0642993024730501	0.0289212304932181
193	0.0295180722891566	0.0361188320533596
194	0.0153772986683576	0.0161470443176214
195	0	0.0430810853061368
196	0.0344958782498415	0.0372046079053054
197	0	0.029210178032705
198	0	0.0224114812827559
199	0.0386493341788205	0.0224127409468093
200	0	0.0290887233143099
201	0	0.0175687364843991
202	0.0205453392517438	0.0175617601986895
203	0.0311033608116677	0.0142926613995098
204	0.0402980342422321	0.0317352964489537
205	0.00481927710843374	0.03016813305855
206	0.0200380469245403	0.0114917715976689
207	0.0240963855421687	0.0270550337909247
208	0.00367786937222575	0.0146747065282955
209	0.024857324032974	0.0166847158370323
210	0.00383639822447685	0.0143128608617295
211	0.0177869372225745	0.0309085600160426
212	0	0.00230806583374751
213	0.00174381737476221	0.0193770696822377
214	0.0351299936588459	0.0154073880661967
215	0	0.00994794969351089
216	0.00773620798985415	0.0178021633658256
217	0	0.0178726540511075
218	0	0.0148504184200919
219	0.0308814204185162	0.0202097243463016
220	0	0.0120681176719261
221	0	0.0335277239827018
222	0.0683259353202283	0.0439786665458828
223	0.0012999365884591	0.0333622551824757
224	0	0.0228072207859779
225	0.0195307545973367	0.0229431576722402
226	0.0455611921369689	0.0360749537223856
227	0.019720989220038	0.0190258680149963
228	0.0380469245402663	0.0317417261430942
229	0.0423906150919467	0.0288464654840685
230	0	0.0202989356808037
231	0	0.0210186407079242
232	0.0376981610653139	0.0333176503004499
233	0.0103994927076728	0.0307662410075875
234	0.0098287888395688	0.0476101379201015
235	0.0379201014584654	0.0302207367481623
236	0	0.0134805420512459
237	0.00355104629042486	0.0294580677279756
238	0.0487317691819911	0.0285424914451547
239	0	0.0280744171565351
240	0.0303107165504122	0.0183413038117382
241	0.0157577679137603	0.0104961009451339
242	0.00516804058338618	0.00824608029641787
243	0.0402663284717819	0.0423645323534353
244	0.0454026632847178	0.0429632840572818
245	0.038142041851617	0.0454416647915942
246	0.00358275206087508	0.0237226177437021
247	0.0164870006341154	0.0258539576261703
248	0.0289790741915029	0.0421536943367104
249	0.0336081166772353	0.0356738449643449
250	0.0323398858592264	0.0256813476817487
251	0.00180722891566265	0.0174013277992352
252	0	0.023742567524101
253	0.0325301204819277	0.0443122489959839
254	0.04714648065948	0.0256987951807229
255	0	0.0103089826410907
256	0.0215916296766011	0.0218460911314431
257	0.0409004438807863	0.0222935350424253
258	0.0153138871274572	0.0370829890535027
259	0.0103360811667724	0.0308695051854276
260	0.0556119213696893	0.0308849152591226
261	0.00393151553582752	0.0266385870159404
262	0.0103994927076728	0.0265840013224287
263	0	0.0246436510046979
264	0.010431198478123	0.0129083676135039
265	0.0541217501585289	0.0187425768235851
266	0.011001902346227	0.0187800644363739
267	0.0481610653138871	0.0413283474455096
268	0.00453392517438174	0.030148977488903
269	0.0361762840837032	0.0385953518019446
270	0.0940393151553583	0.0385333732591183
271	0.0150919467343056	0.0322099582540689
272	0.0164552948636652	0.0320950688719791
273	0	0.0151658891203913
274	0	0.0312239748467554
275	0.0587507926442613	0.0342302802541435
276	0.00485098287888396	0.0283417882054534
277	0.0415979708306912	0.0303715593367623
278	0.037856689917565	0.0322653487349112
279	0	0.0194860902941911
280	0.0216550412175016	0.00686963644049884
281	0.00754597336715282	0.013940172454524
282	0.0188332276474318	0.0124115925144888
283	0	0.0254188126060081
284	0.10279010779962	0.0376992707672797
285	0	0.0161746987951807
286	0.0311667723525682	0.0322945164115107
287	0.0142358909321497	0.0268983389699147
288	0.017850348763475	0.0356250990805327
289	0.0033291058972733	0.0326130683725615
290	0	0.0425249935913868
291	0	0.0325435954343691
292	0.0402663284717819	0.021262963036356
293	0.0405516804058339	0.0142675463759801
294	0.0192454026632847	0.0303390315648559
295	0.0754914394419784	0.0314699434211755
296	0.0485415345592898	0.0274500073659871
297	0.0085288522511097	0.0318515509406045
298	0	0.0110054387590849
299	0.062714013950539	0.0221386256262604
300	0.0350665821179455	0.0380444291787031
301	0.0166772352568167	0.0296423644717374
302	0.0287888395688015	0.0167325089833016
303	0.0395370957514268	0.0413742035812423
304	0.0623652504755866	0.0221429350679458
305	0.0226062143310082	0.0197484235186359
306	0.0694039315155358	0.0293052737264849
307	0.0417882054533925	0.0128183145098174
308	0	0.0140338639878072
309	0.0839251743817375	0.0303893525738802
310	0.038712745719721	0.0365732774626243
311	0.0360811667723526	0.0255758592779333
312	0.0444831959416614	0.0300977188104645
313	0.010716550412175	0.0203678275856462
314	0.0363348129359543	0.0221557105615444
315	0.000412175015852885	0.0170821531740999
316	0	0.0247541896910952
317	0.0305960684844642	0.029927424718128
318	0	0.021752143709975
319	0.0412492073557388	0.0242489548838629
320	0.0353836398224477	0.0352779072948139
321	0	0.018067741881654
322	0	0.0187502364026744
323	0.0108750792644261	0.0224362185584443
324	0.0335129993658846	0.0311665246512365
325	0.0341154090044388	0.027592148780882
326	0	0.0270362451088049
327	0.0253646163601776	0.026956295577045
328	0.0244451490171211	0.0337043709126778
329	0.0176284083703234	0.0223439019234834
330	0.0311350665821179	0.0140635040160643
331	0.0174698795180723	0.0393739640000445
332	0	0.0178487790169968
333	0.00440710209258085	0.0296918541877324
334	0.0326886493341788	0.0300969668146269
335	0.051141407736208	0.0352421920969797
336	0.0396639188332276	0.0252758262968773
337	0.00615091946734306	0.0215600617573268
338	0.0777425491439442	0.0428576410906785
339	0.0303107165504122	0.0324741363113272
340	0	0.0296386490631893
341	0	0.025277679137603
342	0.0463221306277743	0.0265524039477749
343	0.0269816106531389	0.0229354523356584
344	0.0201965757767914	0.0434621972463356
345	0.0316740646797717	0.0343121902815942
346	0.0145212428662017	0.0194962169867053
347	0.0498731769181991	0.0372205136334813
348	0.0285034876347495	0.0156453332125494
349	0.0312301838934686	0.0218590706315567
350	0.0523779327837667	0.0343262952235685
351	0	0.01994624110477
352	0.0430247305009512	0.033640350877193
353	0	0.0248731448921684
354	0.0301838934686113	0.0338671528218136
355	0.042136968928345	0.0206233706756852
356	0.0383639822447686	0.0271091175848906
357	0.0406467977171845	0.0248624186354053
358	0	0.0174051566891347
359	0.0174064679771718	0.0138155781018812
360	0.0107482561826252	0.0107834099556119
361	0	0.0125957139253108
362	0.0428662016487001	0.0340070929651621
363	0.045149017121116	0.0263464685810913
364	0	0.0172003951478428
365	0.0220355104629042	0.0352317356718272
366	0.0464489537095751	0.0300953119959061
367	0.0281547241597971	0.0359547664341577
368	0.0396956246036779	0.0319738603536955
369	0.0438807863031072	0.0340839509353202
370	0.0400443880786303	0.032478433470725
371	0.0464489537095751	0.0320961941649957
372	0.0318008877615726	0.0342565122645972
373	0.0340837032339886	0.0370546885874693
374	0.0163284717818643	0.0291965522910355
375	0.0388712745719721	0.0313155652914689
376	0.0638237159162968	0.012489893785669
377	0.0185478757133798	0.0151497569224265
378	0.0367469879518072	0.0220460373349353
379	0.0346861128725428	0.0426744181808905
380	0.0372542802790108	0.0332497391944689
381	0.00713379835129994	0.0153236427491342
382	0.0166138237159163	0.0160996089621644
383	0.0347495244134432	0.0241477337923121
384	0.0439441978440076	0.0342953832875361
385	0	0.0267775208665213
386	0.0356689917564997	0.028574639953841
387	0	0.0112469953252422
388	0.0383639822447686	0.0271831369800532
389	0.0323081800887762	0.0406299840510367
390	0.0478757133798351	0.0249494383180991
391	0.0445466074825618	0.0484332779196445
392	0.039283449587825	0.039629973528198
393	0.0562143310082435	0.031906118626553
394	0.0389663918833228	0.0266301820554529
395	0	0.0362713023145212
396	0.103804692454027	0.0629395412591354
397	0	0.00818346612996609
398	0.0171528218135701	0.0302657174751638
399	0.0412492073557388	0.0579743032279494
400	0.0149017121116043	0.0190842878794011
401	0.0247305009511731	0.0238638636703425
402	0	0.0252741492284929
403	0.0397273303741281	0.0253089483439832
404	0.0882054533925174	0.0404648858592264
405	0.0298034242232086	0.0234444661236037
406	0.039568801521877	0.0287792691232767
407	0.0278693722257451	0.0319336945304438
408	0.0408053265694356	0.0373357583963164
409	0.0136968928344959	0.0332162141388521
410	0.107482561826252	0.0536627430775735
411	0.0336398224476855	0.0307058532851177
412	0.0702282815472416	0.0216323187486789
413	0.0516804058338618	0.0285566767979359
414	0.0286620164870006	0.0400518538391081
415	0.0160431198478123	0.030209786514479
416	0.0260621433100824	0.0299387608915193
417	0.0681039949270767	0.0328923009109609
418	0.0359226379201015	0.0271596284888929
419	0.0313570069752695	0.038607403911853
420	0.0428979074191503	0.034204275749615
421	0	0.0207054785558273
422	0.070862396956246	0.026725439770779
423	0.0260621433100824	0.0320233263882598
424	0.0129042485732403	0.0398363790088584
425	0.0469879518072289	0.0356638217164533
426	0.023145212428662	0.0272154113530144
427	0.0435003170577045	0.0397397841722509
428	6.34115409004439e-05	0.0166735362502642
429	0.0469879518072289	0.024930570234153
430	0.00152187698161065	0.00788372789403227
431	0	0.0107242592661668
432	0.0465440710209258	0.0287312814009073
433	0.0397590361445783	0.0270488419844793
434	0	0.00909547730395265
435	0.0391566265060241	0.0319131085746495
436	0	0.0136239695624604
437	0.000475586556753329	0.0372797536896813
438	0.00589727330374128	0.0185338937542489
439	0.0380152187698161	0.0424061785991082
440	0	0.0108568950725503
441	0	0.0182339103000697
442	0.0539315155358275	0.029267567345405
443	0.027996195307546	0.01376953868104
444	0	0.0132701164769883
445	0.0219403931515536	0.0196234194537936
446	0.0290107799619531	0.0322904350849919
447	0	0.0105775206087508
448	0.0159797083069119	0.0292452069486523
449	0.0809765377298668	0.0348409573968388
450	0	0.0228133939265835
451	0.0267279644895371	0.0285704220390333
452	0.0391566265060241	0.0233631367575565
453	0.0283449587824984	0.0138849533472235
454	0.0251109701965758	0.00984207728747809
455	0.0188015218769816	0.0180422258022131
456	0.0077996195307546	0.0306912914817163
457	0.04714648065948	0.0344250309508712
458	0	0.0115068167406468
459	0.0436588459099556	0.0386267438173748
460	0.00843373493975904	0.0273781495753595
461	0	0.0182995138448531
462	0	0.0150012169891688
463	0.0305326569435637	0.0102595998027196
464	0.0404565630944832	0.0371294916508138
465	0.0454977805960685	0.0276890016205172
466	0.012714013950539	0.0182450998874588
467	0	0.0291952899316565
468	0	0.0214686582587661
469	0.0365250475586557	0.0296502067649817
470	0.0425491439441978	0.0218109719580075
471	0.0480342422320862	0.0241500588821451
472	0.0303424223208624	0.0330079219453402
473	0.0454026632847178	0.0203578071685237
474	0.00237793278376665	0.0425355649071565
475	0.0483830057070387	0.0401026914676249
476	0.0383639822447686	0.0266899175649968
477	0.0230500951173114	0.038201959886329
478	0.0825618262523779	0.0405222695292448
479	0	0.0225755797014516
480	0.0465123652504756	0.0384302208835341
481	0.025998731769182	0.03932683952183
482	0.00922637920101458	0.0146765277484206
483	0.011572606214331	0.0107556371496171
484	0.0397907419150285	0.0198035493775657
485	0.0477805960684845	0.0250741562742197
486	0	0.0268209451076618
487	0.0216233354470514	0.0291522816411846
488	0.0226379201014585	0.0280384974802256
489	0	0.0344345217125813
490	0.0408053265694356	0.02058064092055
491	0.0482561826252378	0.0262102476893219
492	0.0278376664552949	0.0207593842863715
493	0.0398224476854788	0.0289976726126474
494	0.0416296766011414	0.0199984432752347
495	0.0208306911857958	0.0284326025908144
496	0	0.0269012893679983
497	0	0.0131658678055877
498	0	0.0217781388712746
499	0.0374445149017121	0.0215601385806383
500	0.0302473050095117	0.0239237652363841
501	0.00963855421686747	0.0135844479509224
502	0	0.0195676726042928
503	0.00827520608750793	0.0248249697354009
504	0.0682942295497781	0.0293088013156606
505	0.022574508560558	0.0232100382955972
506	0.0693088142041852	0.0314431244715705
507	0.0302473050095117	0.0286191043666499
508	0.048858592263792	0.0301155395576112
509	0	0.0191216973155781
510	0.0182625237793278	0.0216509243829664
511	0.00605580215599239	0.0185504725669596
512	0.0456563094483196	0.0311692223439211
513	0.00237793278376665	0.0130210043954495
514	0	0.00649153191714225
515	0.0619213696892834	0.0368272035510463
516	0.0221940393151554	0.0207211956762177
517	0.0458148383005707	0.0299329855306393
518	0.00811667723525682	0.015772158401046
519	0.0227330374128091	0.0348865362766857
520	0.0316423589093215	0.0304475477668249
521	0.0247939124920736	0.032587643808316
522	0.0401077996195308	0.0419045850994004
523	0.0256499682942296	0.0279981004349809
524	0.0325618262523779	0.0274736389165685
525	0.0354787571337984	0.026735948059664
526	0.0345592897907419	0.0419821701667351
527	0.0441344324667089	0.0375956589515959
528	0.0313253012048193	0.0269011836820968
529	0.0287254280279011	0.0264251882877772
530	0.00672162333544705	0.0169819503578223
531	0.041851616994293	0.0338232025847752
532	0.00951173113506658	0.023543505458534
533	0.0577045022194039	0.0380792644261256
534	0.00713379835129994	0.0115863624276393
535	0.0547875713379835	0.0345633503543259
536	0.0172162333544705	0.0154261317716687
537	0.0363031071655041	0.0409473497705994
538	0.0219720989220038	0.0363028740348391
539	0.00760938490805327	0.0339009778727097
540	0.0316423589093215	0.0188320651025153
541	0.0287888395688015	0.0319967208806777
542	0.02143310082435	0.0159171970533205
543	0.036715282181357	0.0245023349978863
544	0.0423589093214965	0.0302925071552212
545	0.0310082435003171	0.0245182704502219
546	0.0110970196575777	0.0343129794720678
547	0.0177552314521243	0.0317769176119683
548	0.0036144578313253	0.02304598193628
549	0	0.032304881959781
550	0	0.0120984300177115
551	0.00589727330374128	0.0320523179304655
552	0.0612555485098288	0.0304261894067498
553	0.0296131896005073	0.0357529159701005
554	0.0361762840837032	0.0295022451809807
555	0.0128408370323399	0.0345482078690703
556	0.02428662016487	0.0266760756476197
557	0.0106214331008243	0.0134539123195251
558	0	0.00680622009569378
559	0.00697526949904883	0.0208820495012632
560	0	0.0214454161675944
561	0.0313570069752695	0.0327109005010083
562	0.0194990488268865	0.0255945792740339
563	0.0399175649968294	0.0355286805115198
564	0.0460684844641725	0.0415003875149722
565	0	0.0174432152507612
566	0	0.00754263523928835
567	0.0197526949904883	0.03102968661349
568	0	0.00994681944150872
569	0.014140773620799	0.0278541963908265
570	0.0124920735573874	0.0241083589814972
571	0	0.0159113363470861
572	0	0.0173418596988574
573	0.0198478123018389	0.0230564640834807
574	0.042136968928345	0.0246609158070021
575	0.04857324032974	0.0474745858433735
576	0.0381103360811668	0.0403749060569764
577	0.0393468611287254	0.0414132446852802
578	0	0.0172323504544494
579	0	0.0270431453582023
580	0.0454660748256183	0.040879417302011
581	0.0496512365250476	0.0346864221971325
582	0	0.0181805029506361
583	0.0201965757767914	0.0157303248080039
584	0	0.00895241785856878
585	0.0365884590995561	0.0170343107851034
586	0.022574508560558	0.035051039001742
587	0.0691502853519341	0.0394304410624956
588	0.0435003170577045	0.0399086749474679
589	0.0337032339885859	0.0362589765268903
590	0.0525998731769182	0.0281180068320821
591	0.0466391883322765	0.0378752906362291
592	0.0699112238427394	0.0258648309345836
593	0.00665821179454661	0.0227245309865908
594	0.033576410906785	0.042175446940115
595	0.00218769816106531	0.0135997410695413
596	0	0.0236559202148775
597	0	0.0214843870503351
598	0	0.0113865660008455
599	0.0278059606848446	0.0342394042742806
600	0.0142358909321497	0.0295706577998905
601	0.0261572606214331	0.0344604885708247
602	0.0456563094483196	0.0200927687357618
603	0.0396956246036779	0.0369192559712534
604	0.0331008243500317	0.0166808285774678
605	0	0.0249387902487142
606	0	0.015158489220038
607	0.0206087507926443	0.0354924812030075
608	0.00925808497146481	0.0402714013950539
609	0.0290424857324033	0.0322612232555955
610	0.0532974001268231	0.024680736102304
611	0.0558338617628408	0.0359960354237463
612	0.0493024730500951	0.0223065344083099
613	0.00668991756499683	0.012662391854168
614	0.0400760938490805	0.0255346477710106
615	0.0253329105897273	0.0192521841752977
616	0.00916296766011414	0.03746997686035
617	0.0642358909321497	0.0336399734275448
618	0.0450538998097654	0.0296281324126917
619	0.0344641724793913	0.0326364254008515
620	0	0.0338054103205274
621	0.0258402029169309	0.0360956193193828
622	0.0784083703233989	0.0309357899433993
623	0.0454026632847178	0.0311911281489595
624	0.0146480659480025	0.0320503350528715
625	0	0.0188169167899669
626	0.0181039949270767	0.0327835483811677
627	0	0.0146417071795956
628	0.034147114774889	0.024308008978269
629	0.0450538998097654	0.0391932586031733
630	0.0334495878249841	0.0291007937567444
631	0	0.0299034344003695
632	0.022289156626506	0.0504661739061509
633	0.0428979074191503	0.0345777848235046
634	0.0342422320862397	0.0247415122795592
635	0.021718452758402	0.0128294331826457
636	0.0121116043119848	0.00949908405552033
637	0.0363348129359543	0.0209638960701104
638	0.0425174381737476	0.0227692423830661
639	0.0467660114140774	0.0267286778693722
640	0.0362079898541535	0.0260264317030431
641	0.0383005707038681	0.0146870797861097
642	0.0156943563728599	0.0179836418846116
643	0	0.0133165410178727
644	0.0157260621433101	0.0246218587008061
645	0.00558021559923906	0.0150024770133164
646	0	0.0125346959081512
647	0.0483195941661382	0.0368049723788468
648	0.0385542168674699	0.0294115437568196
649	0.0020291693088142	0.00804565150554371
650	0.015567533291059	0.0274318179149346
651	0.00443880786303107	0.0212661623939367
652	0.0320228281547242	0.0202149747314617
653	0.012999365884591	0.0209886178741895
654	0.0526632847178186	0.0395974011579051
655	0.0400760938490805	0.0268183259353202
656	0.00770450221940393	0.0203113250449966
657	0.0627774254914394	0.0366397696047347
658	0.0319277108433735	0.0298784334011948
659	0	0.0182061931938279
660	0.0325935320228282	0.0281704627899936
661	0.00605580215599239	0.0259732253790515
662	0.00500951173113507	0.0239540870247909
663	0.0112555485098288	0.0281335517508631
664	0.0327520608750793	0.0288219942588691
665	0.0298985415345593	0.021352390988101
666	0.0687381103360812	0.0285547452969774
667	0	0.0399091101247094
668	0	0.00919574733569252
669	0.0227013316423589	0.0213919890086662
670	0.00776791376030438	0.0164495003607898
671	0.0374128091312619	0.0231622221460522
672	0	0.0183892231861376
673	0.0479074191502854	0.0295328683153667
674	0.0191819911223843	0.0284440558285775
675	0.0532656943563729	0.0252804039122999
676	0.0281864299302473	0.0294534173847091
677	0.0128091312618897	0.0253556010325192
678	0.0185478757133798	0.0235490227920669
679	0	0.0254257713642622
680	0.0153772986683576	0.0286985869173288
681	0.0582435003170577	0.038481486923303
682	0	0.0253118594328354
683	0.0335447051363348	0.0173324584889265
684	0.023430564362714	0.0268741995847166
685	0	0.0380068056158151
686	0	0.0124126721310192
687	0.0342422320862397	0.0276999162061781
688	0.0481293595434369	0.0366526275800214
689	0.0366201648700063	0.0258047062391442
690	0.0150285351934052	0.022412848763475
691	0.0233354470513634	0.0331037600695178
692	0.0152504755865568	0.0284046072647848
693	0.0416613823715916	0.0212412293590279
694	0.0231769181991122	0.020011214448437
695	0.0421052631578947	0.0468937188064826
696	0.04857324032974	0.0282842589193338
697	0.0470196575776791	0.0246633259610973
698	0.025428027901078	0.0327084569176536
699	0.0139505389980977	0.020846959265634
700	0.0458148383005707	0.0412145890784681
701	0.0263792010145847	0.0189363358440179
702	0.0144895370957514	0.0306126347495244
703	0.0384590995561192	0.024100348763475
704	0	0.019157778211361
705	0	0.0135046325653491
706	0.0485098287888396	0.0312454401647336
707	0.0361128725428028	0.0310985898481143
708	0.0311033608116677	0.0116961499247765
709	0.0255548509828789	0.0336955578546875
710	0.0326569435637286	0.0311027594953316
711	0.0335447051363348	0.0290158838176841
712	0.00900443880786303	0.0122335316498191
713	0.041280913126189	0.0353729007711662
714	0.024857324032974	0.00678880529229293
715	0.0266011414077362	0.0213155530710098
716	0	0.0186535798365877
717	0.0870640456563094	0.0189426125554851
718	0.029708306911858	0.0328057178929088
719	0.0342422320862397	0.0366731314957478
720	0.0239061509194673	0.0227976702130158
721	0.0338300570703868	0.0261767411038178
722	0.0809448319594166	0.0399444028106045
723	0.00840202916930881	0.0194646715517039
724	0.0258402029169309	0.0147848048540913
725	0.0238427393785669	0.0149473392663212
726	0.0435637285986049	0.0250224582540689
727	0	0.0139070888818432
728	0.0569118579581484	0.02676789479104
729	0.0578313253012048	0.0391640516180782
730	0	0.0168586375577498
731	0	0.0162333864965444
732	0.0439441978440076	0.0280682107647865
733	0.0113506658211795	0.0261848126901732
734	0.0500951173113507	0.0316130604288499
735	0.0538046924540266	0.0308507413111091
736	0.0375079264426126	0.025118087481505
737	0.0198478123018389	0.0252185056013528
738	0.0403297400126823	0.0265118368209681
739	0.0366835764109068	0.0301102127809484
740	0	0.0444967909917181
741	0.00421686746987952	0.0263419189222263
742	0.0260304375396322	0.0248241186652728
743	0.00865567533291059	0.0182301652430154
744	0.0374445149017121	0.0322505029866053
745	0.02571337983513	0.0205945249140607
746	0.0246353836398225	0.0107416673272036
747	0	0.0187699559849304
748	0.0165504121750159	0.0215894388959346
749	0.0954977805960685	0.0618214130761272
750	0	0.0134629159914512
751	0	0.0175699288381597
752	0.0169625871908687	0.0505121414450371
753	0.0346227013316424	0.0352808128600773
754	0.0174064679771718	0.00655207876038567
755	0	0.00947322183470725
756	0.0180088776157261	0.0263155874271078
757	0.0241597970830691	0.0314449626761895
758	0	0.0294620587613612
759	0.109765377298668	0.0431757005137254
760	0.0696575776791376	0.0255219075748979
761	0.0121116043119848	0.0217585756560075
762	0.0326569435637286	0.024614729595072
763	0.0317057704502219	0.0251496144762115
764	0	0.0117670682730924
765	0.0394736842105263	0.0330625297241598
766	0.0520291693088142	0.0332188944712724
767	0.0413760304375396	0.0334207304184646
768	0.00336081166772353	0.0261523561350666
769	0	0.0206355060129716
770	0.00110970196575777	0.0407405675332911
771	0	0.0238660959627986
772	0.0571337983512999	0.0300871908687381
773	0.0415028535193405	0.0246558867047136
774	0.0198795180722892	0.0337244326141777
775	0.0275206087507926	0.0142140584498659
776	0.0370957514267597	0.0250243329206551
777	0.00535827520608751	0.00922718738732018
778	0.0858909321496512	0.0467909757050531
779	0.0150919467343056	0.0452771457346413
780	0.0159480025364616	0.0462589913081352
781	0.0360177552314521	0.0374550278677035
782	0.0167406467977172	0.024317719795591
783	0	0.0297318880786303
784	0.0451173113506658	0.0321733068893716
785	0	0.0219637839282828
786	0.0296766011414077	0.0333302711520847
787	0	0.0100403745307043
788	0	0.0115658218612992
789	0.0155041217501585	0.0324878064891144
790	0.0417564996829423	0.0353518711437227
791	0.0455294863665187	0.0332498766997816
792	0.00313887127457197	0.0166898864809082
793	0.0020291693088142	0.0121447569727532
794	0	0.0311205603398313
795	0.0221306277742549	0.00932113248314897
796	0.0137920101458465	0.0191990499108445
797	0.0285986049461002	0.0177141503194442
798	0	0.0321977240398293
799	0.000538998097653773	0.0283555714084408
800	0.0425491439441978	0.0477810151677491
801	0	0.011196966227483
802	0.0129359543436906	0.0219436518001832
803	0.0253646163601776	0.0309491060216097
804	0.0374445149017121	0.0221552414644729
805	0.0193088142041852	0.0408872625002936
806	0.00932149651236525	0.0161574047385715
807	0.0393468611287254	0.0291002286658596
808	0.0361762840837032	0.0329571863703126
809	0.026854787571338	0.0137768422618349
810	0.0229866835764109	0.0396273017767665
811	0	0.0174297817837767
812	0.0376030437539632	0.0337417233192255
813	0.0596702599873177	0.0415205773306598
814	0.0331008243500317	0.0270506367575565
815	0	0.0286646133405804
816	0.00558021559923906	0.0201837745719721
817	0	0.01503359462486
818	0	0.0175614695624604
819	0.00532656943563729	0.0186838406256605
820	0.00659480025364616	0.0313620913240444
821	0.0547241597970831	0.0360540127015238
822	0.0469562460367787	0.0381994805377811
823	0.055992390615092	0.0411065131670056
824	0.0157260621433101	0.0248834619608086
825	0	0.0187928782800374
826	0.0411540900443881	0.0397986390004462
827	0	0.031255714587674
828	0.0182308180088776	0.0301599178669565
829	0	0.01495245735734
830	0.0303741280913126	0.0303330105628774
831	0	0.0317651527161277
832	0.00149017121116043	0.0205481722210479
833	0.0309765377298668	0.0245345496819815
834	0.0334812935954344	0.0310167944505294
835	0.0261255548509829	0.0282237219554911
836	0.0231135066582118	0.0159871202260566
837	0.0567216233354471	0.0335011011789092
838	0.034147114774889	0.00517785914455786
839	0.0209258084971465	0.0294668901168584
840	0.0308814204185162	0.0297131462136635
841	0.0764426125554851	0.0240583716444726
842	0.0595434369055168	0.0196808285774678
843	0.0402663284717819	0.0186369089444549
844	0	0.0207939867578422
845	0.0559289790741915	0.0464273654309149
846	0.0253646163601776	0.0575293492604843
847	0.00995561192136969	0.0201366870992743
848	0	0.0151275570116724
849	0.0561826252377933	0.0343777365099496
850	0.0279644895370958	0.00944736548533315
851	0.0438490805326569	0.0476070470078079
852	0	0.0100918444576268
853	0	0.0105845332549711
854	0.00459733671528218	0.0300360348275694
855	0.00015852885225111	0.0216239359351281
856	0.00703868103994927	0.0125489154341405
857	0.0422003804692454	0.0305530014796026
858	0.041851616994293	0.024784283332159
859	0	0.0345697996665023
860	0.0343373493975904	0.0202142913760304
861	0.0700063411540901	0.034530490382583
862	0	0.0188210850119403
863	0	0.0195666123139173
864	0	0.0212809956932995
865	0.0269499048826886	0.0311933647904311
866	0.015852885225111	0.0143428832288217
867	0.0129359543436906	0.0137439110509022
868	0	0.024261846886292
869	0.0584020291693088	0.0429278435652033
870	0.0113189600507292	0.0215269665921303
871	0.0425808497146481	0.0258000708381178
872	0.0359226379201015	0.00846258719086874
873	0.0020291693088142	0.0402443760002416
874	0.0448002536461636	0.041549847302094
875	0.048858592263792	0.0252998761965154
876	0.0452758402029169	0.049864682413866
877	0	0.0401480415589483
878	0.0310716550412175	0.0433547989968409
879	0.00307545973367153	0.0296094603979829
880	0.0701331642358909	0.0328304269710421
881	0	0.0205490130949865
882	0	0.0140346121327415
883	0.0298351299936588	0.0368435848657789
884	0.0398858592263792	0.0227874250036584
885	0.00155358275206088	0.0182101035721835
886	0.0408370323398859	0.035010234845198
887	0.026854787571338	0.0149533346418255
888	0.0467343056436272	0.0400772035510463
889	0.0553899809765377	0.029595738216022
890	0.00814838300570704	0.0211855805287427
891	0.0263792010145847	0.0272362344113295
892	0.0613189600507292	0.0398831290072571
893	0.0220989220038047	0.0174664975692243
894	0.0342105263157895	0.0280660738190859
895	0	0.0301614491205821
896	0.0507292327203551	0.0326433909010656
897	0.0115091946734306	0.022432889452547
898	0.00653138871274572	0.0119769680224658
899	0.0733671528218136	0.0505930186913066
900	0.0285351934051997	0.0236420613200725
901	0.0212428662016487	0.026211960216399
902	0.0238744451490171	0.00580012796563209
903	0.0463855421686747	0.0357850320199718
904	0.046575776791376	0.0340475251455114
905	0.035573874445149	0.0297070786703
906	0.0148700063411541	0.0164002027001393
907	0.0527266962587191	0.0226009157540546
908	0.0533925174381738	0.0366599835876012
909	0.0610970196575777	0.0223251925831983
910	0.0186112872542803	0.0323853473102938
911	0.0286937222574509	0.0337187074885236
912	0.0102409638554217	0.0412548525295018
913	0.0167406467977172	0.0348651749856569
914	0.0689600507292327	0.0502516517683638
915	0.0316740646797717	0.0294256141714566
916	0.0082435003170577	0.0380040376818278
917	0.0333227647431833	0.0259648758372874
918	0.0467660114140774	0.0377152909885155
919	0.0442929613189601	0.0398446758170202
920	0.0563728598604946	0.0286283524189638
921	0.0446734305643627	0.0272107351712615
922	0.038998097653773	0.0204943802670637
923	0.037571337983513	0.0262090467131685
924	0.00979708306911858	0.0137244524657334
925	0.0423272035510463	0.0282577301687955
926	0	0.00992604696789859
927	0.00123652504755866	0.0122441627872208
928	0.0149017121116043	0.0138589502321681
929	0	0.0123626923963798
930	0.028852251109702	0.015981949576892
931	0.00082435003170577	0.0373695335358053
932	0	0.00644836311189029
933	0.00580215599239062	0.0232937123634516
934	0.0354470513633481	0.0374690365471913
935	0	0.00676457291152916
936	0.0425174381737476	0.0360221638433433
937	0.0141090678503488	0.0356164403530638
938	0.0346861128725428	0.0385118319053448
939	0.0433100824350032	0.0349188508419643
940	0.040424857324033	0.0370233565842317
941	0.046005072923272	0.0470255457921913
942	0.0611921369689284	0.0219503892764039
943	0	0.0186600235528581
944	0	0.018512923875955
945	0.0468294229549778	0.0351946602198267
946	0.0478757133798351	0.0165364226991067
947	0.0366835764109068	0.0386752272246882
948	0.0301204819277108	0.0198899105192701
949	0.0215599239061509	0.00745758336991692
950	0	0.0108675051081519
951	0.00149017121116043	0.0274747782024256
952	0.0211160431198478	0.00939486691706096
953	0.0441661382371592	0.0307092767354247
954	0.0593849080532657	0.0288855421686747
955	0.0230183893468611	0.0183711095988576
956	0.0670894102726696	0.0407492810156095
957	0.0460684844641725	0.0409487184732137
958	0.0488902980342422	0.0306113929401818
959	0.0153138871274572	0.0234914755298472
960	0	0.0160393768054675
961	0.0610970196575777	0.0375203445360389
962	0	0.0207054067663844
963	0.0644578313253012	0.0344491562742197
964	0.0661065313887128	0.0427698425280068
965	0	0.0375226529386243
966	0	0.0247288237618667
967	0.0280279010779962	0.0351260090147218
968	0	0.0110155677790722
969	0.0671845275840203	0.0360400441170891
970	0.00871908687381103	0.0227038857183118
971	0	0.00861819855599684
972	0.0246670894102727	0.0373964758555754
973	0.00615091946734306	0.0201573545644567
974	0.030279010779962	0.0199918357641091
975	0	0.0231719660597276
976	0	0.0165316449209918
977	0.00370957514267597	0.0114415014985719
978	0.0143627140139505	0.0201861159809517
979	0.0428979074191503	0.0307360556778196
980	0	0.0318431006768813
981	0	0.0268725685101716
982	0.00856055802155992	0.0302025806575585
983	0.0437222574508561	0.031632196803408
984	0	0.0111444181830992
985	0.0442929613189601	0.0375822921843848
986	0	0.0208151209489119
987	0.00688015218769816	0.0228290586167384
988	0.0462587190868738	0.0376666638854587
989	0.0658211794546608	0.0524141516278485
990	0.0385859226379201	0.04110140562249
991	0	0.0270834947979051
992	0.0327837666455295	0.0255421686746988
993	0.00380469245402663	0.0154247252166561
994	0.043278376664553	0.0362981844274605
995	0.0376030437539632	0.035647114774889
996	0.0472733037412809	0.0327835238535936
997	0	0.0103140152315802
998	0	0.0361953427746072
999	0.0360811667723526	0.0362326146692031
1000	0.0418199112238427	0.0352679533925174
1001	0.0434369055168041	0.0574201760602783
1002	0.00513633481293595	0.0076555023923445
1003	0.0381103360811668	0.0227563398652376
1004	0	0.0246107857643163
1005	0.0387761572606214	0.0293319096820719
1006	0	0.0408173792594791
1007	0.0264426125554851	0.0376733969370304
1008	0	0.0142722039473684
1009	0.042993024730501	0.0350905879155721
1010	0.0805326569435637	0.0209475445642218
1011	0	0.0203492016847879
1012	0.0072289156626506	0.0149822735919756
1013	0.021147748890298	0.0263969962352968
1014	0	0.020874746549551
1015	0.0341154090044388	0.0448871996329348
1016	0.0252377932783767	0.0427348272546894
1017	0.047717184527584	0.0497726243319141
1018	0.0655041217501585	0.0246400866624392
1019	0	0.0198986696386823
1020	0.0761255548509829	0.0291571329176355
1021	0.0538046924540266	0.0426180319363579
1022	0.0258084971464807	0.0104657749061681
1023	0.0399492707672796	0.0170061216526023
1024	0.0632213062777426	0.0473986393918755
1025	0	0.0131812248995984
1026	0.0256816740646798	0.020025675457247
1027	0.0114774889029803	0.021350179109791
1028	0.0237476220672162	0.0257728436967685
1029	0.0616994292961319	0.0435652148065948
1030	0.050285351934052	0.0319329819277108
1031	0.0202282815472416	0.00909156562453963
1032	0.0437539632213063	0.0262889320439653
1033	0	0.0191285867152822
1034	0.0428979074191503	0.0292611423136154
1035	0.0391249207355739	0.0304104704045384
1036	0	0.0203296409321497
1037	0.0666138237159163	0.0433049928244835
1038	0	0.02269158085978
1039	0.00979708306911858	0.0330191034407902
1040	0.00697526949904883	0.0299669467343057
1041	0.0128725428027901	0.0189338731443995
1042	0.0238110336081167	0.0146687990351499
1043	0.0731135066582118	0.0415793809516067
1044	0	0.0190702224101083
1045	0.016138237159163	0.0184711534616417
1046	0.0349397590361446	0.0368943237063085
1047	0	0.0322958976731963
1048	0.000697526949904883	0.00311637999365885
1049	0	0.0160797440775247
1050	0.0229232720355105	0.0371000502722126
1051	0.0416296766011414	0.0131386217384157
1052	0	0.0268505744171565
1053	0.0706404565630945	0.0343521168600433
1054	0.0617311350665821	0.0359964739340136
1055	0.0674698795180723	0.0396350720019078
1056	0.0373176918199112	0.0309614989117209
1057	0.0434051997463538	0.0383592521562502
1058	0.0189917564996829	0.0244433066547841
1059	0	0.0103259788379524
1060	0.0426759670259987	0.0231142682183844
1061	0.026854787571338	0.0206832722417269
1062	0.0319911223842739	0.0315645146374973
1063	0.0320862396956246	0.0272603278611522
1064	0	0.00620947780039827
1065	0.0586239695624604	0.0278441677395387
1066	0	0.0126043501491346
1067	0.0523779327837667	0.0405325880179758
1068	0	0.014711054745297
1069	0.0316106531388713	0.0243807784745219
1070	0.0371591629676601	0.0202218603280747
1071	0.0402663284717819	0.0333498467554428
1072	0.0438490805326569	0.035512791296766
1073	0.0473684210526316	0.0288734708571127
1074	0.00168040583386176	0.0155705441103459
1075	0.0330374128091313	0.0162616988421522
1076	0	0.0178723116148806
1077	0.0345909955611921	0.0355908841625392
1078	0.0449904882688649	0.0290222778591681
1079	0	0.0371969079324818
1080	0.0578313253012048	0.0286746205093278
1081	0.0450538998097654	0.0371160666056037
1082	0	0.0204371747642198
1083	0	0.0216928494964578
1084	0.0525047558655675	0.0362319453251603
1085	0.0310716550412175	0.040278192566531
1086	0.0218452758402029	0.0318515196520153
1087	0.0677235256816741	0.0301199695112187
1088	0.0135383639822448	0.0244237608328049
1089	0	0.0112225667754458
1090	0.0626506024096386	0.0425029944338759
1091	0.0387444514901712	0.0211064353106205
1092	0.0474952441344325	0.0346563094483196
1093	0.0394419784400761	0.0371083959899749
1094	0	0.0329180207672797
1095	0.0198795180722892	0.0273028046851653
1096	0.0487634749524414	0.0285288816083046
1097	0.0392200380469245	0.0294670002913503
1098	0	0.043776769126367
1099	0.00355104629042486	0.0241787601533955
1100	0.00605580215599239	0.00846833854944396
1101	0.0374445149017121	0.0219940861845552
1102	0.049714648065948	0.0298311907918756
1103	0.0125871908687381	0.0306157084478264
1104	0.0342105263157895	0.042910649776138
1105	0	0.00542096015641513
1106	0.0109067850348763	0.0381509043693571
1107	0.0723208623969563	0.0425806787521603
1108	0.0186429930247305	0.0287252805592013
1109	0.0379201014584654	0.0325779268389347
1110	0.00472415979708307	0.0069781758613401
1111	0.0546290424857324	0.0278182426676403
1112	0.020291693088142	0.0231295959461113
1113	0.0395370957514268	0.0244162400565033
1114	0.0124603677869372	0.0278246142464595
1115	0	0.0154881688917834
1116	0.0313253012048193	0.0165455072652283
1117	0.0275206087507926	0.0350783543530848
1118	0.00786303107165504	0.0133121533073974
1119	0.0480342422320862	0.0373425708523996
1120	0	0.0374646237867544
1121	0.0312301838934686	0.0329909110124709
1122	0.0228281547241598	0.00827054347420642
1123	0.055992390615092	0.0194544644744391
1124	0	0.0153506369977518
1125	0	0.0238870217712957
1126	0	0.0278255542947413
1127	0.0757767913760304	0.0316966697198149
1128	0.0396639188332276	0.0119710420629888
1129	0.0501585288522511	0.0385610600295921
1130	0.0329422954977806	0.0257322167928681
1131	0.00551680405833862	0.00807660718060211
1132	0.0430881420418516	0.0345437567444292
1133	0.0305960684844642	0.0290252952599873
1134	0.0395370957514268	0.0397967737445288
1135	0	0.0148828808055187
1136	0.0560240963855422	0.0429817469323277
1137	0.0409321496512365	0.0294322844918695
1138	0.0204185161699429	0.0341586973784184
1139	0.0490805326569436	0.0488961560527826
1140	0.00301204819277108	0.0285511916085394
1141	0.00329740012682308	0.0298106571020926
1142	0.0166138237159163	0.0212368332981047
1143	0.0605580215599239	0.0435678190344223
1144	0	0.0303574182933726
1145	0.0430247305009512	0.0283003358463092
1146	0.0393468611287254	0.0190906156632219
1147	0	0.0180014224751067
1148	0.0614140773620799	0.0441929296131896
1149	0.0411223842739379	0.0213888580638343
1150	0.0444514901712112	0.0372213758757752
1151	0.0394736842105263	0.0121198189888742
1152	0.0427710843373494	0.0253970267033044
1153	0.02143310082435	0.0333458394983443
1154	0.0447051363348129	0.0159587897870976
1155	0.0154724159797083	0.0157526652663285
1156	0.00104629042485732	0.0191526192489255
1157	0.0380469245402663	0.0213996200727336
1158	0.0409321496512365	0.0291709503186317
1159	0.00339251743817375	0.0223557890710713
1160	0.0326569435637286	0.0316069149893923
1161	0.0366835764109068	0.0314140356439609
1162	0.020862396956246	0.00764617502727839
1163	0	0.0171798838095604
1164	0.0397273303741281	0.0278314888627191
1165	0.0501585288522511	0.0280969699230358
1166	0.0346544071020926	0.0195809313810265
1167	0.0206404565630945	0.025065630944832
1168	0.0420101458465441	0.0387234199957726
1169	0	0.0123670471359121
1170	0.0105580215599239	0.0393812090467132
1171	0.0490805326569436	0.0256154735902675
1172	0	0.0222158810681322
1173	0.0046290424857324	0.0207039583236669
1174	0	0.0232928896035269
1175	0	0.0276875924751638
1176	0.0262206721623335	0.0261348800775859
1177	0.0150919467343056	0.0283457320939728
1178	0.049714648065948	0.0363207718090407
1179	0.0332276474318326	0.0261857181046166
1180	0.00342422320862397	0.00824103431268935
1181	0.017564996829423	0.0300488108038562
1182	0.0506975269499049	0.026148398103693
1183	0.0701965757767914	0.0460608688624467
1184	0.023145212428662	0.0322390585734752
1185	0.04857324032974	0.0156363403753518
1186	0	0.0155360131850303
1187	0.0204502219403932	0.033664579370112
1188	0.0464806594800254	0.0403735996618051
1189	0.0229232720355105	0.0276458036984353
1190	0.0446417247939125	0.0236776638718617
1191	0	0.0141503240175078
1192	0.0529486366518706	0.0357801795416962
1193	0.0010145846544071	0.033109850497295
1194	0	0.0203903425335692
1195	0	0.0225210519497344
1196	0.0344641724793913	0.0316171341713604
1197	0.0265060240963855	0.0432680722891566
1198	0.0502536461636018	0.0294764986720337
1199	0	0.0141490738306242
1200	0	0.0398946487705207
1201	0.00589727330374128	0.00878610720159199
1202	0	0.00642954463658332
1203	0.0536144578313253	0.0238964429145152
1204	0.00808497146480659	0.020282624095243
1205	0.0297717184527584	0.0429124463715459
1206	0.00450221940393152	0.0372064574085817
1207	0.0391883322764743	0.0291353307968717
1208	0	0.0305058429205544
1209	0.0234622701331642	0.0267548509828789
1210	0	0.0198161531575217
1211	0.0315155358275206	0.0268939668448229
1212	0.0212745719720989	0.00799539414022815
1213	0.0332276474318326	0.0312155933676225
1214	0.0199429296131896	0.0302115809730149
1215	0.0193088142041852	0.0391504009458888
1216	0	0.00830445843524474
1217	0.0444197844007609	0.0414440550252218
1218	0.00567533291058973	0.0151309261815062
1219	0	0.00991280913126189
1220	0	0.0132154507075243
1221	0.0416613823715916	0.0343499695375931
1222	0.00450221940393152	0.00903344958782499
1223	0.0399175649968294	0.035415213485521
1224	0.030279010779962	0.0299097871750159
1225	0	0.0169410925435488
1226	0	0.025211557467423
1227	0	0.0175175645373255
1228	0.0581166772352568	0.0344315186442364
1229	0	0.0137882972332543
1230	0.0508877615726062	0.0364446205876136
1231	0.0540266328471782	0.0345540231099838
1232	0.0551680405833862	0.0386185821591887
1233	0	0.00829905316271835
1234	0.0409638554216868	0.0306342871485944
1235	0.0181039949270767	0.0181596687501887
1236	0.032435003170577	0.0263837256922427
1237	0.00551680405833862	0.0212267152279835
1238	0.010145846544071	0.0115578742401824
1239	0.0314521242866202	0.0206328871674465
1240	0	0.0143807237543083
1241	0.0285034876347495	0.0265029122337302
1242	0.0645846544071021	0.0237870400521003
1243	0.0090995561192137	0.00987666455294864
1244	0.0284400760938491	0.0226943763674899
1245	0	0.0280555429739006
1246	0.0357324032974001	0.0428697894069352
1247	0.0357324032974001	0.0330158862597203
1248	0	0.0133243852603396
1249	0	0.0118362631813805
1250	0.0129359543436906	0.012232921895661
1251	0.00967025998731769	0.0330969396790576
1252	0.0468928344958783	0.0454418067004862
1253	0.00843373493975904	0.0223173530830474
1254	0.0151553582752061	0.0274757651294835
1255	0.0982561826252378	0.0453267455788065
1256	0	0.0316789480972893
1257	0	0.0187184703727189
1258	0.0424857324032974	0.036401084213013
1259	0.0255865567533291	0.0317230073174905
1260	0.0558021559923906	0.0416727964489537
1261	0.0389663918833228	0.0266769625190064
1262	0	0.00752926983930588
1263	0.0499048826886493	0.0295652232992119
1264	0.043278376664553	0.0401088262825739
1265	0.0507292327203551	0.0340424857324033
1266	0.0449587824984147	0.0305565323494937
1267	0.093722257450856	0.0372613445471637
1268	0.0808814204185162	0.0266819772163446
1269	0.0802473050095117	0.0509572331880714
1270	0.0342105263157895	0.0302937737793278
1271	0.0287888395688015	0.0361416325998282
1272	0	0.0204626903604393
1273	0.0107482561826252	0.0169260961976561
1274	0	0.00957696484668255
1275	0.0749841471147749	0.0466114938221787
1276	0.0303107165504122	0.036280345553755
1277	0	0.0285831414299859
1278	0.0465123652504756	0.0333037879070461
1279	0	0.0191211488421927
1280	0.0345909955611921	0.010588066551922
1281	0	0.0142577369813013
1282	0.0098287888395688	0.0100077983384895
1283	0.00995561192136969	0.030280067638977
1284	0	0.0259321132078222
1285	0.058148383005707	0.0342262030578454
1286	0.0015852885225111	0.0356923747622067
1287	0	0.00835811919356625
1288	0.0364616360177552	0.0224070242187587
1289	0.00865567533291059	0.0301438874883359
1290	0.0235573874445149	0.0223368738110336
1291	0.00510462904248573	0.0281795940761928
1292	0.0292327203551046	0.0316029564482185
1293	0.0346544071020926	0.0190313226590573
1294	0.0246987951807229	0.0227455977757183
1295	0.0540900443880786	0.0485404905887994
1296	0	0.013519662733089
1297	0.0254597336715282	0.0321788322882172
1298	0.0681039949270767	0.0499309371990888
1299	0.0471781864299302	0.0257920101458465
1300	0.0133164235890932	0.0144950213371266
1301	0	0.0162581604613945
1302	0.0243500317057705	0.0229589478020042
1303	0	0.0212259324378855
1304	0.0319277108433735	0.0278382269108331
1305	0.0264743183259353	0.026620710345627
1306	0	0.0226927848694549
1307	0	0.0236532643732826
1308	0.0367786937222574	0.0333710481021832
1309	0.0345275840202917	0.0244357400361681
1310	0	0.0282973670999789
1311	0.0109701965757768	0.0220123986249708
1312	0.0170577045022194	0.0083505299393061
1313	0	0.0193296532960452
1314	0.0446100190234623	0.0465450346276748
1315	0.0462270133164236	0.0301863091463599
1316	0.0471147748890298	0.0323188629339549
1317	0.0394736842105263	0.0461136731935717
1318	0.0501268230818009	0.0387094241628167
1319	0.0270133164235891	0.0298558191576374
1320	0.0487951807228916	0.0269963927733093
1321	0.0897273303741281	0.0298559056169275
1322	0.00329740012682308	0.0228569247751239
1323	0	0.0104972093209252
1324	0.0442295497780596	0.0382503218616091
1325	0.00193405199746354	0.0122582124162284
1326	0.00830691185795815	0.0138316137951522
1327	0.00840202916930881	0.0192211589580011
1328	0.00279010779961953	0.023050155166119
1329	0.012428662016487	0.0339821273397684
1330	0.0123652504755866	0.0267689644025017
1331	0.00123652504755866	0.0264823981835662
1332	0	0.0287245576734181
1333	0.0117311350665821	0.0439043769061207
1334	0.0198478123018389	0.0327474206034665
1335	0.0342739378566899	0.0289116217190744
1336	0.0180088776157261	0.0253606065127383
1337	0.0416296766011414	0.0279648304593587
1338	0	0.00842446340385465
1339	0.0138237159162968	0.031863450612658
1340	0.0350982878883957	0.019585294084927
1341	0.0535510462904249	0.0333852306733861
1342	0.0100507292327204	0.019647975360087
1343	0.010431198478123	0.0370182264144296
1344	0.0250475586556753	0.0256355381038323
1345	0.0622701331642359	0.0239731395216493
1346	0.0314204185161699	0.0192762277178891
1347	0.0300570703868104	0.027312032510347
1348	0.0464806594800254	0.0281281914361045
1349	0	0.0152984012071679
1350	0.0562460367786937	0.0342981014968967
1351	0.0618896639188332	0.0401541560980765
1352	0.0555485098287888	0.0326229391249207
1353	0.0414394419784401	0.0284726122535254
1354	0.0609384908053266	0.0360257718937367
1355	0.0479391249207356	0.0230749577256394
1356	0.046290424857324	0.0327077208354951
1357	0.0448636651870641	0.0224169937216862
1358	0.0153772986683576	0.0275504909213738
1359	0	0.0204955122157436
1360	0.0927393785668992	0.0315141166168433
1361	0	0.0173829000211372
1362	0.0666772352568167	0.0326373350545037
1363	0.0148065948002536	0.0295461260245661
1364	0.0265060240963855	0.0254226072370978
1365	0.000253646163601776	0.00989487555485098
1366	0.0442612555485098	0.0392492073557388
1367	0.00370957514267597	0.0265124039160493
1368	0.0358275206087508	0.0359187720410729
1369	0.00358275206087508	0.013444859771496
1370	0.0405833861762841	0.0312680737173445
1371	0.0334178820545339	0.0224632098807749
1372	0.0345909955611921	0.0313335681908922
1373	0.0278376664552949	0.041545726766716
1374	0.0323081800887762	0.0387840506763898
1375	0.0142358909321497	0.0184246088193457
1376	0.090424857324033	0.0347790203877712
1377	0.0192771084337349	0.00906608462089694
1378	0.0327837666455295	0.03208886532974
1379	0	0.0191382522571489
1380	0.0130310716550412	0.0171246795549269
1381	0.0173747622067216	0.0180426553860873
1382	0	0.0164465997963144
1383	0.0400126823081801	0.0296340764720934
1384	0.0403614457831325	0.0385383144419784
1385	0.0405833861762841	0.0256562146019977
1386	0.0372225745085606	0.036203490196832
1387	0	0.0259478994282651
1388	0.0301838934686113	0.031755289408909
1389	0.0230818008877616	0.0151600630024342
1390	0.046575776791376	0.0340869578793643
1391	0.00884590995561192	0.0370269046109249
1392	0.0238110336081167	0.0513006078367524
1393	0.0841154090044388	0.0379348610412612
1394	0.00383639822447685	0.034873731769182
1395	0.036429930247305	0.0241041828131238
1396	0	0.019571148732015
1397	0.0818960050729233	0.0528431621221729
1398	0.0244768547875713	0.0244207865946545
1399	0.0363665187064046	0.00917689555213335
1400	0.0188332276474318	0.0161457106621977
1401	0.0394102726696259	0.0129891360313047
1402	0.0102409638554217	0.0228763560643713
1403	0.0327837666455295	0.0415287465652082
1404	0	0.0117331244482574
1405	0.0337666455294864	0.0260736234411329
1406	0.00396322130627774	0.0227239550306489
1407	0	0.00755135250854972
1408	0.0319594166138237	0.0261446839991545
1409	0.0356689917564997	0.0331364594681018
1410	0	0.0127795127879941
1411	0	0.00878877917685781
1412	0	0.0231820453935229
1413	0	0.0301620279125035
1414	0	0.0259596411963644
1415	0.0292961318960051	0.00835908852802514
1416	0	0.018712792345854
1417	0.0969245402663285	0.0255001907501637
1418	0.0718452758402029	0.0516428562547403
1419	0.0335129993658846	0.0209049935299607
1420	0	0.0136922318152502
1421	0	0.0120535883144767
1422	0.0397273303741281	0.0157769959293882
1423	0.00627774254914394	0.0192055062354682
1424	0.0110970196575777	0.0274910424754216
1425	0.046290424857324	0.0314566159374339
1426	0.0383956880152188	0.0304362515852885
1427	0.0513633481293595	0.022644649806657
1428	0.037856689917565	0.0312729400574434
1429	0.025142675967026	0.0388974558521166
1430	0	0.0335832653923967
1431	0.0174698795180723	0.0178136354943584
1432	0	0.025012908777969
1433	0.0142675967025999	0.0337791869231311
1434	0.00773620798985415	0.0192239199713835
1435	0.0255548509828789	0.0121439794264778
1436	0	0.0205520767279645
1437	0.0913760304375396	0.0401135330796872
1438	0.00554850982878884	0.0303565223667455
1439	0.0888078630310717	0.0327880506990368
1440	0.0162967660114141	0.0160273652750537
1441	0.0318960050729233	0.0340673989818925
1442	0.0320545339251744	0.0278431810914373
1443	0.0431198478123018	0.0277649425906207
1444	0.046005072923272	0.0315701255313652
1445	0.0193405199746354	0.0179662333544705
1446	0.00928979074191503	0.0148696921398253
1447	0.0446417247939125	0.0344269559440771
1448	0.0440710209258085	0.0246470903858349
1449	0.0318325935320228	0.0346657232266679
1450	0.0355104629042486	0.0169413013897696
1451	0.0272035510462904	0.0209680441921731
1452	0	0.0224461530331854
1453	0.0399175649968294	0.0207424199722868
1454	0.022003804692454	0.0193156552240256
1455	0.0262523779327838	0.0346176395332021
1456	0.0344958782498415	0.035551971042063
1457	0.00602409638554217	0.0272770192612555
1458	0.0409638554216868	0.0192416866106191
1459	0.0181039949270767	0.0426872952335658
1460	0.0466391883322765	0.0221239945933318
1461	0.0122701331642359	0.0224441686892762
1462	0.00164870006341154	0.0239303786117356
1463	0.0381737476220672	0.0398839819110236
1464	0.0509828788839569	0.0336297382512506
1465	0.00272669625871909	0.00914042636712262
1466	0.0297717184527584	0.0285785103429365
1467	0.0189600507292327	0.0296444269902577
1468	0	0.0200717049484488
1469	0.00374128091312619	0.00745689525017363
1470	0	0.0139161514478969
1471	0.0678186429930247	0.0377115831748045
1472	0	0.0186593743394631
1473	0.0458148383005707	0.0215249960045574
1474	0	0.0145615128390149
1475	0.0143310082435003	0.0272530850217914
1476	0	0.0119857448369329
1477	0	0.0337881601594347
1478	0	0.00597322036684751
1479	0.0386176284083703	0.0316350342892036
1480	0.0241915028535193	0.0291150431686259
1481	0.0437222574508561	0.0503241915028535
1482	0.0443563728598605	0.0567106405708181
1483	0.042993024730501	0.0280426068845343
1484	0	0.00660240316798882
1485	0	0.0340286909410495
1486	0	0.0163536099284355
1487	0.0450856055802156	0.0367067895642721
1488	0.0110970196575777	0.0216331939600507
1489	0.0178820545339252	0.0233078493941811
1490	0.026569435637286	0.0271138690098741
1491	0	0.02285392698614
1492	0	0.0268687175602997
1493	0.00821179454660748	0.0237319588746348
1494	0.0169308814204185	0.0122621896755102
1495	0.0304058338617628	0.0263627084515347
1496	0.034717818642993	0.0206751491090219
1497	0.00298034242232086	0.0114672916416734
1498	0.0415028535193405	0.017567321919256
1499	0.0513633481293595	0.0152212458857988
1500	0.0337349397590361	0.0253375959980272
1501	0.02856689917565	0.0348778126861513
1502	0.0598287888395688	0.0300070750839616
1503	0.0381737476220672	0.0218141572136499
1504	0	0.0157570332678596
1505	0.0206404565630945	0.0284422068579922
1506	0.0153138871274572	0.0131680777162705
1507	0.0293595434369055	0.0226276608358981
1508	0	0.0346840940008346
1509	0.0276474318325935	0.0153111317450252
1510	0.0283449587824984	0.0280732227154231
1511	0.0455294863665187	0.0267120475522505
1512	0.0220355104629042	0.00703975441238639
1513	0.017564996829423	0.00853012928908617
1514	0.0105263157894737	0.00955245129123304
1515	0.00906785034876347	0.0161936964804017
1516	0.045434369055168	0.0333123773288643
1517	0	0.0314500383806695
1518	0.0342422320862397	0.0190232274125743
1519	0.0368421052631579	0.0240009746588694
1520	0.0374445149017121	0.0386596028495204
1521	0	0.0305903010538394
1522	0.0464489537095751	0.044323234458301
1523	0	0.0105946697004737
1524	0.0453075459733672	0.0417951733494566
1525	0.066138237159163	0.0510749577256394
1526	0.0273303741280913	0.0252438408605181
1527	0	0.0154037025294159
1528	0	0.0277386519763264
1529	0.0426125554850983	0.0296018510130748
1530	0.0457831325301205	0.0269899053951051
1531	0.0157894736842105	0.0362796160719433
1532	0.02000634115409	0.0268809928710056
1533	0	0.0160355456915381
1534	0.0281547241597971	0.0235582681603607
1535	0.0319594166138237	0.00581040631115293
1536	0.0123335447051363	0.0386738566106531
1537	0	0.0155987672494489
1538	0.0395370957514268	0.0241384250452101
1539	0.0421052631578947	0.0307958016275629
1540	0.0309765377298668	0.0299560950569194
1541	0.0465440710209258	0.0416667178050061
1542	0.0455294863665187	0.0391690277346789
1543	0.0174698795180723	0.0253478424978108
1544	0.0438490805326569	0.033918289700154
1545	0.0413760304375396	0.0359444922547332
1546	0.0179137603043754	0.0187344371065778
1547	0.0461318960050729	0.030195802465317
1548	0.0254914394419784	0.0289559010033944
1549	0.0345909955611921	0.0318801950333339
1550	0	0.0135035169919444
1551	0.0160748256182625	0.0302992727488903
1552	0.0401077996195308	0.0335119670849862
1553	0.0235890932149651	0.0269683688313626
1554	0.0439759036144578	0.0123192418797999
1555	0.0110970196575777	0.0286634696681463
1556	0.0139188332276474	0.0238588286664664
1557	0.0196575776791376	0.0363656631538686
1558	0.0470830691185796	0.0261968768214805
1559	0.0356055802155992	0.0358759057823738
1560	0	0.0170772438123421
1561	0.0410272669625872	0.0194718053500552
1562	0.0514901712111604	0.0498918205717607
1563	0.0150285351934052	0.0408830057070387
1564	0.0316106531388713	0.0315513281194955
1565	0.0189283449587825	0.025816265060241
1566	0.0294863665187064	0.0302380789159483
1567	0.0261255548509829	0.0269582863618216
1568	0	0.00837681997339202
1569	0.00310716550412175	0.0103728070175439
1570	0.0360811667723526	0.0352280904131644
1571	0.0260304375396322	0.0127888184316212
1572	0.042993024730501	0.0381423589093215
1573	0	0.00842763535344385
1574	0.0447051363348129	0.0246337322976115
1575	0.0267596702599873	0.0145681176719261
1576	0.0420735573874445	0.0372838563184156
1577	0.0306277742549144	0.0218872238178721
1578	0.043278376664553	0.0295014823838289
1579	0	0.00974874731122633
1580	0.0333861762840837	0.027025371221729
1581	0.00913126188966392	0.0322644553578255
1582	0.0269181991122384	0.0253890063176683
1583	0.0386176284083703	0.0377462909961325
1584	0.000475586556753329	0.0293516034448184
1585	0	0.0119404724159797
1586	0.026854787571338	0.037835272009089
1587	0.0486049461001902	0.0244297805256112
1588	0.0177869372225745	0.0248839216515184
1589	0.0296766011414077	0.0328154889294018
1590	0.0463538363982245	0.0342615126223243
1591	0.0130310716550412	0.0362960189214207
1592	0.0221623335447051	0.0420513863233253
1593	0.0233988585922638	0.030992661970785
1594	0.048858592263792	0.0464575656823596
1595	0.0463221306277743	0.0379914781075522
1596	0	0.0225015511962962
1597	0.0334495878249841	0.0161301455823293
1598	0	0.0297779743762827
1599	0.0427710843373494	0.0218676173482178
1600	0	0.01358572269162
1601	0.0770450221940393	0.0512189660899236
1602	0.00532656943563729	0.0103183863272639
1603	0.0233671528218136	0.026232626094706
1604	0.0546607482561826	0.0473009967501585
1605	0.026854787571338	0.0267723390186929
1606	0.0370957514267597	0.0290783189657635
1607	0.0531705770450222	0.0285137420235708
1608	0.0411223842739379	0.0266250808657277
1609	0.0344958782498415	0.0382643732826041
1610	0	0.0248830815840962
1611	0.0650919467343057	0.041888122666103
1612	0.0447685478757134	0.0378295314220872
1613	0.0238110336081167	0.0420698312819429
1614	0	0.0326422149966046
1615	0.0461001902346227	0.0260415093959799
1616	0.0345275840202917	0.00967343056436271
1617	0.0256499682942296	0.0139961454003147
1618	0.0207989854153456	0.0257656150919467
1619	0	0.00450811556475208
1620	0.00703868103994927	0.0229398815357122
1621	0.0368421052631579	0.0244567278401532
1622	0.0303107165504122	0.0365492496300993
1623	0.0054850982878884	0.0185232217435987
1624	0.0046290424857324	0.00976878944348824
1625	0	0.022557375701637
1626	0.0435003170577045	0.0273798903748967
1627	0.00868738110336081	0.0168550442370988
1628	0	0.0445124149850175
1629	0	0.0290638195376365
1630	0.019720989220038	0.0302338829000211
1631	0.0282181357006975	0.036911082928204
1632	0.0439759036144578	0.0426274773278578
1633	0	0.0151797304751741
1634	0.0113506658211795	0.0122101097890012
1635	0.0271084337349398	0.023886317198619
1636	0	0.0273214768498719
1637	0.00500951173113507	0.0300709314992765
1638	0.024001268230818	0.0305165838793772
1639	0	0.0298016671950962
1640	0.0160114140773621	0.0185093780695538
1641	0.0611921369689284	0.0336843011142314
1642	0.0418199112238427	0.0349665003504322
1643	0.0485415345592898	0.0190126353366683
1644	0	0.0291980867995453
1645	0.0519340519974635	0.0279503023535791
1646	0.0269816106531389	0.0512624567590001
1647	0.0166455294863665	0.0219572548567476
1648	0.0285986049461002	0.028761473325519
1649	0.0116994292961319	0.0228513514245918
1650	0.014426125554851	0.0134527894861178
1651	0.0151870640456563	0.0226244851815556
1652	0.0405516804058339	0.0231974514599752
1653	0.0278059606848446	0.0276702038416825
1654	0.0371908687381103	0.019505158793067
1655	0.028852251109702	0.0151501117250959
1656	0.0640139505389981	0.0255998203339675
1657	0.0115091946734306	0.0193351075754373
1658	0.00269499048826887	0.0177151060381878
1659	0	0.0333033151280845
1660	0.0244134432466709	0.023830641124053
1661	0.0347495244134432	0.0216261401882835
1662	0.0336081166772353	0.019350108768407
1663	0.0125237793278377	0.028634280712594
1664	0.0690551680405834	0.0346116967871486
1665	0.0770133164235891	0.0297253223419996
1666	0	0.0120113083914606
1667	0.0386176284083703	0.0281397318597699
1668	0	0.0159118885514357
1669	0.0385542168674699	0.0282162722913816
1670	0.00583386176284084	0.0322040238516393
1671	0.0701648700063412	0.0252901077996195
1672	0.0424857324032974	0.0343920166883071
1673	0.0499682942295498	0.0414283317480448
1674	0.0227013316423589	0.0324449147943124
1675	0.00580215599239062	0.0165896302135998
1676	0	0.0165553390030711
1677	0.0354153455928979	0.0259103269407645
1678	0.0283766645529486	0.0340361783078563
1679	0.0181039949270767	0.0336886493341788
1680	0.011857958148383	0.0249150189273842
1681	0.0374128091312619	0.0118215660425636
1682	0.0531071655041218	0.0405528429507504
1683	0	0.0124508417739236
1684	0.0256182625237793	0.0303447708964513
1685	0.0431198478123018	0.0349878130944832
1686	0.0312301838934686	0.0339181286549708
1687	0.0117311350665821	0.0234679771718453
1688	0.0116043119847812	0.00974251391531037
1689	0	0.0327588115620376
1690	0	0.013965302998277
1691	0.0204185161699429	0.0109254800139391
1692	0.0398858592263792	0.0324667771254799
1693	0.0456880152187698	0.0378825536062378
1694	0.0396322130627774	0.029395315178844
1695	0	0.010654127545837
1696	0.0429296131896005	0.0228020474501134
1697	0	0.012404582444611
1698	0.0451173113506658	0.0346754482043005
1699	0.0385542168674699	0.0352191808168346
1700	0.0430881420418516	0.0202796013776468
1701	0.029708306911858	0.037025269863483
1702	0.0258084971464807	0.0419053029159243
1703	0.0460367786937223	0.0536102168457907
1704	0.0548826886493342	0.0270127502491168
1705	0.038712745719721	0.0166679877404354
1706	0.0241915028535193	0.0360929809463418
1707	0.0261255548509829	0.0284032103646785
1708	0.0400443880786303	0.0268428283772208
1709	0.0248256182625238	0.0284051997463538
1710	0.032435003170577	0.029910899579178
1711	0.111255548509829	0.0435610523588411
1712	0.0171528218135701	0.00785969294379057
1713	0.0145212428662017	0.0277439718387721
1714	0	0.016704487121418
1715	0.0410589727330374	0.0312716584688684
1716	0.0263474952441344	0.0279768048803401
1717	0.0274571972098922	0.0279301822675317
1718	0.0324032974001268	0.0447573695592085
1719	0	0.0283758933315053
1720	0.0445149017121116	0.0291726429527634
1721	0	0.00760707124372312
1722	0.0365250475586557	0.0292582138567105
1723	0	0.0188099314551439
1724	0	0.0161933175029345
1725	0.0589727330374128	0.047507469422498
1726	0.0306911857958148	0.0372984244670992
1727	0.0263474952441344	0.0342691975331667
1728	0.0291058972733037	0.029729670561947
1729	0	0.0124569523279253
1730	0.0403614457831325	0.0238270255537385
1731	0.0445783132530121	0.0329563228992525
1732	0.0342422320862397	0.0340527372648489
1733	0.035859226379201	0.0198346444097871
1734	0.0376030437539632	0.0258234818975149
1735	0.00279010779961953	0.00948809712534348
1736	0	0.0223032921158317
1737	0.00767279644895371	0.0308414828906268
1738	0.0323715916296766	0.0223157542450504
1739	0.0425491439441978	0.0333271884530604
1740	0.0290424857324033	0.0163736260832805
1741	0.0663918833227648	0.0463673735188432
1742	0.0137603043753963	0.0322855844430353
1743	0	0.0154399776138045
1744	0.00117311350665821	0.0360496941325674
1745	0	0.0203503916091107
1746	0.0473367152821814	0.0383848358775281
1747	0	0.0216576233162314
1748	0.0227647431832594	0.0253786475542057
1749	0	0.0152522873448682
1750	0.0583386176284084	0.0329018932874355
1751	0.0338300570703868	0.0199218341510085
1752	0.0051997463538364	0.0277849436021598
1753	0.014711477488903	0.0248162386387656
1754	0	0.0222957958690362
1755	0	0.032453005002466
1756	0	0.0484119183500921
1757	0.0190234622701332	0.0189996168886071
1758	0.00415345592897907	0.0215972222222222
1759	0	0.0185399750478164
1760	0.0185161699429296	0.0195370580064619
1761	0.034147114774889	0.0262939156946766
1762	0.0260304375396322	0.0310805004916692
1763	0.0385859226379201	0.0391266381314733
1764	0.0178820545339252	0.01852228989397
1765	0.0341154090044388	0.0516450165989034
1766	0	0.0349770133164236
1767	0.0130310716550412	0.0371284167139472
1768	0.0154090044388079	0.0229639332955089
1769	0.00833861762840837	0.0238997777393465
1770	0.0178820545339252	0.0332512463203263
1771	0.0337032339885859	0.0293164323962517
1772	0.0246670894102727	0.0199751878326704
1773	0.0458782498414711	0.0340175638542791
1774	0	0.0250948530965969
1775	0.0267913760304375	0.0273417940768924
1776	0.0305326569435637	0.0150161095509859
1777	0	0.0228094293503298
1778	0	0.0114808615266018
1779	0.0295180722891566	0.0313631279503981
1780	0.0931832593532023	0.0378392366458314
1781	0.0359860494610019	0.0273070492496301
1782	0.022574508560558	0.0332813417412339
1783	0.0362396956246037	0.040169501535554
1784	0.0397907419150285	0.0414479874384757
1785	0.0109067850348763	0.0204104000346867
1786	0.0501902346227013	0.0343470328683154
1787	0.0469245402663285	0.0286578834133527
1788	0.0446100190234623	0.0368372853455288
1789	0.0193088142041852	0.0199741683994239
1790	0.0456880152187698	0.0258944403344372
1791	0.0677552314521243	0.0300510462904249
1792	0.0138237159162968	0.0246944948578342
1793	0.0197844007609385	0.00562138506177821
1794	0.0165821179454661	0.0218741247886282
1795	0.020291693088142	0.022387099886962
1796	0.0459099556119214	0.0453608871576532
1797	0	0.00623192016185041
1798	0.0473050095117311	0.0387721279856267
1799	0.0170577045022194	0.0290711200063412
1800	0.0478123018389347	0.0189989008666244
1801	0.0244768547875713	0.0246702750853036
1802	0	0.0299059759910787
1803	0.0466391883322765	0.0333668739284624
1804	0.0324032974001268	0.0206739796155095
1805	0.0466391883322765	0.0400824350031706
1806	0.0455611921369689	0.0328291785563306
1807	0.02285986049461	0.0301578683153667
1808	0.0190234622701332	0.0324608509224869
1809	0.0566582117945466	0.0466098524881023
1810	0.0517438173747622	0.0535408901330611
1811	0.0824667089410273	0.041825249716816
1812	0	0.0285525458876759
1813	0.0446417247939125	0.0346640113083915
1814	0	0.0155262443800808
1815	0.0374762206721623	0.0210559078418939
1816	0	0.0203025523145213
1817	0.0294863665187064	0.0250363062155744
1818	0	0.0277992496300993
1819	0.0483195941661382	0.0302406793164561
1820	0.0446734305643627	0.0365938366468972
1821	0.0101775523145212	0.0204599098146974
1822	0	0.013876382723878
1823	0.0431198478123018	0.0274523137923746
1824	0.0350665821179455	0.0280489742062348
1825	0.0447368421052632	0.0390286176799625
1826	0.0459416613823716	0.0335968666911413
1827	0.0787888395688015	0.0420276236525048
1828	0	0.00846470811475567
1829	0	0.0148278225684694
1830	0.0571337983512999	0.0389071566401429
1831	0.0448636651870641	0.045209992014843
1832	0.0237793278376665	0.0190049992634013
1833	0.027710843373494	0.0213169490828812
1834	0.00792644261255548	0.0233138926898731
1835	0	0.016727775764713
1836	0	0.029062233897998
1837	0.0212428662016487	0.0459702670330445
1838	0.0160748256182625	0.0269064415556965
1839	0	0.013999903121257
1840	0.0258084971464807	0.0181213274149228
1841	0.0455294863665187	0.037497009569378
1842	0.0872225745085606	0.0492631647131821
1843	0	0.0202094342281406
1844	0.0164552948636652	0.025100240141854
1845	0.0285351934051997	0.0209319599585928
1846	0.038998097653773	0.025318584278635
1847	0.0314521242866202	0.0218892147537519
1848	0	0.0178838930282534
1849	0.041851616994293	0.0253374550834919
1850	0	0.0201987375338675
1851	0.0209258084971465	0.0327991910743971
1852	0	0.0181910256656611
1853	0	0.0124764768804084
1854	0.0420735573874445	0.0323275929201571
1855	0.0597019657577679	0.0185044251709725
1856	0.0432149651236525	0.0440110130926181
1857	0.00421686746987952	0.00811724631318797
1858	0.00209258084971465	0.0174333738462622
1859	0.0367786937222574	0.0204355540183061
1860	0.0711794546607483	0.0356685161699429
1861	0.0186112872542803	0.0281155102867611
1862	0.0243183259353202	0.0299831783273445
1863	0.0342739378566899	0.0401006241030604
1864	0.0209258084971465	0.0241829599098147
1865	0.0371274571972099	0.0144273689183981
1866	0.020577045022194	0.0142718707647929
1867	0.011001902346227	0.0266928171525508
1868	0.0176918199112238	0.0327733232097365
1869	0.048287888395688	0.0311154816634961
1870	0.0336081166772353	0.0299862212005918
1871	0.0404565630944832	0.0346184078418939
1872	0.0212428662016487	0.0121806286311676
1873	0.0392517438173748	0.0246408522707722
1874	0.0137603043753963	0.0288529505016972
1875	0.0820545339251744	0.0426341682519552
1876	0.0455928979074191	0.0407885280735129
1877	0.0271718452758402	0.0253385119425069
1878	0.0420735573874445	0.0157590361445783
1879	0.0431198478123018	0.0375715889875291
1880	0.00275840202916931	0.0328938385119425
1881	0.00488268864933418	0.0221687407524836
1882	0.0360811667723526	0.024322734149896
1883	0.0282498414711478	0.0313909175722855
1884	0	0.017971599315924
1885	0.0109067850348763	0.0199192069027992
1886	0.0708306911857958	0.0379030203316824
1887	0.0306594800253646	0.0232458222042877
1888	0.0136968928344959	0.0186506312330662
1889	0.0601141407736208	0.0285274481384183
1890	0	0.00899139163168967
1891	0.0038998097653773	0.0393750982336905
1892	0.0259670259987318	0.0319410643998469
1893	0.0362396956246037	0.0255237709842139
1894	0.0256816740646798	0.0332567605950116
1895	0.0268230818008878	0.0350049672373705
1896	0	0.0105593367622537
1897	0.0384590995561192	0.0139020886176284
1898	0.0235256816740647	0.0250810673032688
1899	0.0311033608116677	0.0273169218226289
1900	0.0252694990488269	0.0245372233033769
1901	0.0359543436905517	0.0209321656642519
1902	0.0299619530754597	0.0357736207989854
1903	0.0131578947368421	0.0208696229225347
1904	0.0093849080532657	0.0284798796894548
1905	0	0.0108601391210776
1906	0	0.00912497228967217
1907	0.0539632213062778	0.0222156315319759
1908	0.0379518072289157	0.0182854461944506
1909	0	0.00754084920223157
1910	0.0150919467343056	0.0402998158045717
1911	0	0.0236148541534559
1912	0	0.0257971524254914
1913	0.0410589727330374	0.0426028438076631
1914	0.0419467343056436	0.0350577309236948
1915	0.00285351934051998	0.0383881740053926
1916	0.0427393785668992	0.0305191074690124
1917	0.00808497146480659	0.0246459362169571
1918	0.0241280913126189	0.0355557131573385
1919	0.0357006975269499	0.0231029095043046
1920	0.0288839568801522	0.0251138339435842
1921	0.0407736207989854	0.0312442401183682
1922	0.0162016487000634	0.0241996297349106
1923	0.0303741280913126	0.0272896548600417
1924	0.0746036778693722	0.0501947679916341
1925	0	0.01437661028181
1926	0.0015852885225111	0.0174292935541911
1927	0	0.00905500116810733
1928	0.0467343056436272	0.0328739167195096
1929	0.0307863031071655	0.0334381091617934
1930	0	0.012034250361771
1931	0.0364933417882055	0.0306548067269076
1932	0.0225110970196576	0.0418305632502308
1933	0.0195624603677869	0.0240969974079142
1934	0.0181039949270767	0.0177846473613753
1935	0.00897273303741281	0.0322508815164966
1936	0.0377932783766646	0.0348637504176298
1937	0.0455928979074191	0.0358285609543437
1938	0.0458782498414711	0.036222953431183
1939	0.033005707038681	0.0335791171063841
1940	0	0.0207998661311914
1941	0.0769816106531389	0.0435277702287848
1942	0.0154407102092581	0.023408128755624
1943	0.0351934051997464	0.0272219328441586
1944	0	0.025973646046173
1945	0.0504755865567533	0.029105549622312
1946	0.0380152187698161	0.0233826660023553
1947	0.0385225110970197	0.0185623674922977
1948	0	0.0299921490473171
1949	0	0.0127453341102675
1950	0.0266962587190869	0.0194757708296072
1951	0.0212428662016487	0.026017632340869
1952	0.0423906150919467	0.0261847719826675
1953	0.0478123018389347	0.0359677170219339
1954	0.0287571337983513	0.00694154608866086
1955	0.0215599239061509	0.0258231874867893
1956	0.0541534559289791	0.0325622465940316
1957	0.035003170577045	0.0333734225665107
1958	0.0539315155358275	0.0361398353362101
1959	0.0333861762840837	0.0420244445273354
1960	0	0.0222590691714225
1961	0	0.0157015622297804
1962	0.0261255548509829	0.0214313393926584
1963	0.0203868103994927	0.031238991051927
1964	0.0194990488268865	0.0222671929282582
1965	0.0144895370957514	0.0436169791949754
1966	0.0236207989854153	0.0284799394948214
1967	0.00856055802155992	0.0356911593743395
1968	0.037856689917565	0.0327105325326072
1969	0.023430564362714	0.0142007743894237
1970	0.0467977171845276	0.0274645365086075
1971	0.0323081800887762	0.0252985306457088
1972	0	0.0282472175453174
1973	0	0.0197453724673129
1974	0	0.025511220319876
1975	0.034432466708941	0.0317082238729354
1976	0	0.0201839836882833
1977	0.0321179454660748	0.039285563305855
1978	0.033291058972733	0.0328985717305312
1979	0.0025998731769182	0.029893070087367
1980	0.0137603043753963	0.0217724880629129
1981	0.0483512999365885	0.0508772094958783
1982	0.0433734939759036	0.031173224108183
1983	0.0326886493341788	0.0233617083965847
1984	0.0267596702599873	0.044404107658705
1985	0	0.0071696040058601
1986	0.0399175649968294	0.0336346928149053
1987	0.0262206721623335	0.0174443167406468
1988	0.0184844641724794	0.0385663932325045
1989	0	0.0206404125273022
1990	0.0348129359543437	0.0283503861938984
1991	0.0382688649334179	0.034087996723737
1992	0.0200697526949905	0.0214517982343709
1993	0.0472098922003805	0.0368339146057916
1994	0.0426125554850983	0.0379887218045113
1995	0.0536778693722258	0.0367700039925785
1996	0.0589727330374128	0.0422763886270544
1997	0	0.0104615911813122
1998	0.00339251743817375	0.0222742164831575
1999	0	0.0334098450103965
2000	0.0257450856055802	0.0268296943106708
2001	0.0574508560558022	0.0366167469429791
2002	0	0.0101051094329471
2003	0.0381737476220672	0.0366187186418805
2004	0.032435003170577	0.0320759214141886
2005	0.0273620798985415	0.0315924294618017
2006	0.0323398858592264	0.0347731422767092
2007	0.0150285351934052	0.0380365558964164
2008	0.038712745719721	0.0308707274920114
2009	0.0356689917564997	0.037649914222373
2010	0.0158211794546607	0.0168721520107357
2011	0.0361762840837032	0.0426535465168946
2012	0.0438807863031072	0.0223450299587178
2013	0	0.0196422928556331
2014	0.042707672796449	0.0250141234795642
2015	0.0363665187064046	0.0261579651941098
2016	0.0326252377932784	0.0235810912824229
2017	0.0102092580849715	0.037586039647311
2018	0	0.0323112545877289
2019	0	0.0138020503064891
2020	0.0333861762840837	0.0214744144040276
2021	0.0359226379201015	0.0164134300359332
2022	0.00237793278376665	0.0241602961553818
2023	0	0.0185914572417092
2024	0.0310082435003171	0.0308910831295105
2025	0.0272669625871909	0.0134641474485198
2026	0	0.0349708835341365
2027	0.0356689917564997	0.0497120587613612
2028	0.0347495244134432	0.0313624724461757
2029	0.0317374762206722	0.0199863569108972
2030	0	0.0044588415581832
2031	0.0396639188332276	0.0240196191464422
2032	0.0300570703868104	0.0154676879262201
2033	0.037285986049461	0.0470246847989397
2034	0.0448636651870641	0.0210259797625048
2035	0	0.0333099454347605
2036	0	0.01051039001742
2037	0.0436271401395054	0.0389739073252073
2038	0.0430564362714014	0.049475982264431
2039	0.0400443880786303	0.0320360246105332
2040	0.00741915028535193	0.0300406739740919
2041	0.0855421686746988	0.0368278647654044
2042	0	0.0238255084320771
2043	0.0418199112238427	0.0246138988085305
2044	0.0675015852885225	0.0341430162240747
2045	0	0.0292764313834285
2046	0	0.0175743800236508
2047	0.0419150285351934	0.0333484292789936
2048	0	0.0147759458888184
2049	0.054565630944832	0.0440731506568539
2050	0.0606214331008244	0.0330745727269982
2051	0	0.0312382455157226
2052	0.0172479391249207	0.00852230488062648
2053	0.0714648065948003	0.0338583769776964
2054	0	0.0182364374055916
2055	0.0244768547875713	0.0156463776834734
2056	0.054565630944832	0.0169033124981128
2057	0.00989220038046924	0.0269020884565219
2058	0.0450538998097654	0.0350480453670638
2059	0.00748256182625238	0.0245406139794636
2060	0.0270450221940393	0.0343427110238128
2061	0	0.0180046684013732
2062	0	0.0179744816586922
2063	0.0139188332276474	0.0252477868128862
2064	0.0477805960684845	0.0364277787843102
2065	0	0.0221245904671317
2066	0	0.0281594066323775
2067	0.0429296131896005	0.0473482155769894
2068	0.0453075459733672	0.0499507599777099
2069	0.0435003170577045	0.0540156113174503
2070	0.0294863665187064	0.0264413267103502
2071	0.0376347495244134	0.0258750178191346
2072	0.0561509194673431	0.0291667627447589
2073	0.00859226379201015	0.0253274809765377
2074	0.0383322764743183	0.0334924683253136
2075	0.0260304375396322	0.038531758613401
2076	0.0462587190868738	0.0241735620273134
2077	0	0.00871781864299303
2078	0	0.0237972189509919
2079	0.0356055802155992	0.018321579347261
2080	0	0.0130907531053005
2081	0	0.0160844974795514
2082	0.0428662016487001	0.0343076399163907
2083	0.00386810399492708	0.0287979990135982
2084	0.0218769816106531	0.0173258892520148
2085	0.0302155992390615	0.0324385740730065
2086	0	0.0189480176344476
2087	0.0344958782498415	0.0317375819065737
2088	0.0385225110970197	0.0222029924208111
2089	0	0.0190432063180954
2090	0.0407419150285352	0.0195333363529305
2091	0.00199746353836398	0.0200627598111745
2092	0	0.0108473089032028
2093	0.0355421686746988	0.0136461636017755
2094	0.0350348763474952	0.037025498114341
2095	0.0353836398224477	0.0321149388843942
2096	0	0.0121428372770862
2097	0.0443563728598605	0.0264135649455878
2098	0.0296448953709575	0.0339711206499412
2099	0.0245402663284718	0.0208036014025141
2100	0.0171845275840203	0.0254132078553448
2101	0.047431832593532	0.0293047125846745
2102	0.0603677869372226	0.0338187049468291
2103	0.0526315789473684	0.0406823786373564
2104	0.0334812935954344	0.0275860602753732
2105	0	0.0312369797427163
2106	0.0462270133164236	0.0363017503870389
2107	0.0292327203551046	0.0261953075459734
2108	0.0249207355738744	0.0216804858989387
2109	0	0.00979170855437153
2110	0.0358275206087508	0.0266126913669716
2111	0.0243500317057705	0.0322350724808659
2112	0.0422320862396956	0.00778477236620506
2113	0	0.0330670306386006
2114	0	0.0173459387790396
2115	0	0.0267413513703939
2116	0.0821813570069753	0.0261189172608276
2117	0	0.00944598677121838
2118	0.0640456563094483	0.0362769247415728
2119	0.036144578313253	0.0227016637980493
2120	0	0.0188298168751561
2121	0.00237793278376665	0.0381781335869795
2122	0.0401712111604312	0.0286830932753571
2123	0.0447685478757134	0.0352242732160993
2124	0.00973367152821814	0.0348274609910628
2125	0.0316740646797717	0.0189696708561642
2126	0.0332593532022828	0.0174016835478472
2127	0.0356689917564997	0.016632209418436
2128	0.0107482561826252	0.0271861525047559
2129	0.0405516804058339	0.0432883567763878
2130	0.0371274571972099	0.030172625486466
2131	0	0.0361574059395477
2132	0	0.0218530554968412
2133	0	0.0171573663073346
2134	0.0394102726696259	0.024832548238065
2135	0.0362396956246037	0.0367337319201619
2136	0.0342105263157895	0.03195407669459
2137	0	0.0301698622745831
2138	0.0341154090044388	0.0447253309111267
2139	0.015282181357007	0.0197772292176224
2140	0.0577996195307546	0.0393294658006136
2141	0.0176284083703234	0.0326683576410907
2142	0.0372542802790108	0.0303850394465486
2143	0.0415028535193405	0.0285406286801341
2144	0.0209892200380469	0.0171712287747481
2145	0	0.0102744977063303
2146	0.0492707672796449	0.03483548637635
2147	0.0407419150285352	0.027115551019869
2148	0.059289790741915	0.0360039791970821
2149	0.0242232086239696	0.0254497287395195
2150	0	0.00886946910448813
2151	0.046005072923272	0.0409973941819911
2152	0.0353519340519975	0.0196896420267536
2153	0.0342105263157895	0.0248370835815351
2154	0.0592580849714648	0.0120662415744851
2155	0	0.00623332804903826
2156	0.0734939759036145	0.0389771219380446
2157	0.0732403297400127	0.032993867701382
2158	0.0210843373493976	0.0296192185007975
2159	0.00171211160431198	0.0151182948166937
2160	0.017564996829423	0.0285912201437328
2161	0.0497780596068485	0.039333557915874
2162	0.0147748890298034	0.013007209760093
2163	0.0213696892834496	0.0307534472254342
2164	0	0.0209444796730783
2165	0.0197526949904883	0.0221031494398647
2166	0.0452441344324667	0.0225597747025253
2167	0.030279010779962	0.0261940461336006
2168	0.0185161699429296	0.0350684240722288
2169	0.0308180088776157	0.0251458336555464
2170	0.097717184527584	0.0384140014003382
2171	0.0571020925808497	0.0193065096643886
2172	0.0219086873811034	0.0103446534676719
2173	0	0.0180313914939537
2174	0.0434369055168041	0.0272686896494837
2175	0.0306594800253646	0.0265682161845764
2176	0.0290741915028535	0.0358879979752806
2177	0.0349714648065948	0.0371284083703234
2178	0.063284717818643	0.0317980401136711
2179	0	0.013787465652082
2180	0.0196575776791376	0.0249849797915746
2181	0.0368421052631579	0.0263260259081439
2182	0.015852885225111	0.044312955616837
2183	0.0782498414711477	0.0388746533182171
2184	0	0.0340676278521287
2185	0.0386810399492708	0.0358565128222706
2186	0.00367786937222575	0.0191045568667481
2187	0.0124920735573874	0.0112155369114786
2188	0.0375396322130628	0.0383049038258296
2189	0.039283449587825	0.0272383793547395
2190	0.0234622701331642	0.0146735207840347
2191	0.0357641090678503	0.0351371704689013
2192	0.0453075459733672	0.0394100779850705
2193	0.0259353202282815	0.012082784579614
2194	0	0.0334040691529889
2195	0	0.00955111674769253
2196	0.0224793912492074	0.0362716089923604
2197	0.0405199746353836	0.0411453357288804
2198	0.0354153455928979	0.0207414722902992
2199	0	0.0178574585423032
2200	0.0387444514901712	0.0202521180025936
2201	0.0432466708941027	0.0238678893204397
2202	0.00846544071020926	0.0236157011948724
2203	0.0252060875079264	0.0333374591483342
2204	0.00310716550412175	0.0260648148148148
2205	0.0368738110336081	0.035452674395287
2206	0.0342739378566899	0.0232676319312337
2207	0.0241597970830691	0.0242572218699359
2208	0.0513950538998098	0.0254117546741992
2209	0.0331959416613824	0.0229814706907288
2210	0.00459733671528218	0.0217160999889281
2211	0.0386493341788205	0.0241431368749853
2212	0.013570069752695	0.0190603234504127
2213	0.00976537729866836	0.0153015857800849
2214	0.0113823715916297	0.0109704452484862
2215	0.00187064045656309	0.0311449380950454
2216	0.0402029169308814	0.0323322156248599
2217	0.0555168040583386	0.0467272192684368
2218	0.040139505389981	0.0308217559232144
2219	0.0549143944197844	0.032117007503699
2220	0.0436588459099556	0.0341906014149477
2221	0	0.0129790934071213
2222	0.0707038681039949	0.0324806627827098
2223	0.0442929613189601	0.0297728535976264
2224	0	0.0291183775349074
2225	0.0137603043753963	0.020112780067639
2226	0.0235256816740647	0.0330148184444316
2227	0	0.0201131981696344
2228	0.0363665187064046	0.033258313389381
2229	0.0631578947368421	0.0284402972968987
2230	0.0351934051997464	0.0372793533480565
2231	0.0252377932783767	0.017489204940061
2232	0.0261572606214331	0.0359186893773926
2233	0.0247939124920736	0.0110121321995133
2234	0	0.033272960262101
2235	0.0468294229549778	0.0143887449109941
2236	0.0322447685478757	0.0294311951754386
2237	0	0.0308289433035787
2238	0.0206404565630945	0.033514927419493
2239	0.0388078630310717	0.029149246107236
2240	0.0405199746353836	0.0234252515038818
2241	0	0.0297211213274149
2242	0.0425174381737476	0.0315192070219938
2243	0.0344958782498415	0.024729262916327
2244	0.00370957514267597	0.0178307792573804
2245	0.00795814838300571	0.00966669937896951
2246	0.0191185795814838	0.0291528154083639
2247	0.0393785668991757	0.0297796855437946
2248	0.0283449587824984	0.0334526496077188
2249	0.0345275840202917	0.0178185769393363
2250	0.0250475586556753	0.0169859666261061
2251	0.0333861762840837	0.0307312709484555
2252	0	0.00969104012065331
2253	0.0371908687381103	0.0103316088487454
2254	0.0311033608116677	0.0120522734211701
2255	0.0125871908687381	0.0210903913135379
2256	0.0239061509194673	0.0306657154935532
2257	0.0200380469245403	0.0104733470221739
2258	0.109162967660114	0.0274220419690458
2259	0.0433734939759036	0.0227110035036478
2260	0	0.0339944681774188
2261	0.00409004438807863	0.0297172902134855
2262	0.0283132530120482	0.0412428496882266
2263	0.00890932149651237	0.0289522882819846
2264	0.0143944197844008	0.0114820427219715
2265	0.0223525681674065	0.028785986049461
2266	0.0474001268230818	0.0456576771482214
2267	0.0284083703233989	0.0168015442952031
2268	0.0292327203551046	0.0311612704688724
2269	0.0388078630310717	0.0134753047276827
2270	0.0386493341788205	0.0365680617205665
2271	0.0191819911223843	0.0159554839858047
2272	0.0682942295497781	0.0336858985650203
2273	0.042993024730501	0.0235453419616387
2274	0	0.0158248927430919
2275	0.0455611921369689	0.0402961407031635
2276	0.0178820545339252	0.00929103632575415
2277	0.0122384273937857	0.0256580608146873
2278	0.0100190234622701	0.011274758476631
2279	0.046290424857324	0.0398832027969631
2280	0.0807228915662651	0.047914829173152
2281	0.0355421686746988	0.0272877855661622
2282	0.0541217501585289	0.0357851669837244
2283	0.0405199746353836	0.0384607470128191
2284	0	0.0110274981504967
2285	0.0203868103994927	0.0180423543391204
2286	0.0296766011414077	0.0325127153350243
2287	0.0390615091946734	0.0259109684351441
2288	0.0492073557387444	0.0386771601642025
2289	0	0.0161705358017436
2290	0.0538998097653773	0.0311952320560437
2291	0.00279010779961953	0.0366351018107518
2292	0.0304058338617628	0.0399969067541024
2293	0.0480976537729867	0.0446327037473201
2294	0.0565313887127457	0.0395334225219234
2295	0.0400443880786303	0.0344569114665289
2296	0.0315472415979708	0.0209156523397827
2297	0	0.022679930247305
2298	0.0283132530120482	0.0319104555875323
2299	0.0534876347495244	0.0162295497780596
2300	0	0.00774043542591419
2301	0	0.0263976246379544
2302	0.0168991756499683	0.031242923329163
2303	0.00225110970196576	0.0140605455879245
2304	0	0.0118252669283107
2305	0.0117311350665821	0.0279158482453563
2306	0.0261572606214331	0.0151751829047941
2307	0.0275206087507926	0.0145602277531177
2308	0.0340519974635384	0.0557967523745236
2309	0.0166455294863665	0.0157250052842951
2310	0.0187698161065314	0.0245945536532093
2311	0.0412175015852885	0.0484737148038136
2312	0	0.0150924622752886
2313	0.000538998097653773	0.0237301838934686
2314	0	0.0182859067850349
2315	0	0.0239036555579041
2316	0.0603994927076728	0.023811978376024
2317	0.109194673430564	0.0497663380795911
2318	0	0.0345617444310348
2319	0.0322447685478757	0.0268106994121579
2320	0	0.00829375983466028
2321	0.0272035510462904	0.0348434489839055
2322	0	0.00953123018389347
2323	0.0188966391883323	0.0447311426155751
2324	0.0487951807228916	0.0326736586234133
2325	0	0.0260832634442694
2326	0.0173113506658212	0.0121059236947791
2327	0.0256182625237793	0.0177541101504864
2328	0.033291058972733	0.0252111453332126
2329	0	0.0173744006496902
2330	0.0020291693088142	0.0198195186762086
2331	0.0568801521876982	0.0335399899191909
2332	0.000887761572606214	0.0186749155867735
2333	0.0232086239695625	0.0477474888110796
2334	0.0140456563094483	0.0167875993136633
2335	0	0.00776438083159706
2336	0.0175967025998732	0.0348670999788628
2337	0.0501585288522511	0.0372293726827652
2338	0.0283132530120482	0.0193453314643616
2339	0.0269499048826886	0.042968745536913
2340	0.0496829422954978	0.0287674261639861
2341	0.0487634749524414	0.0389826927848694
2342	0.0787254280279011	0.0478091312618897
2343	0.0432149651236525	0.0258536552223933
2344	0.116613823715916	0.0348267115649531
2345	0	0.0156950649487904
2346	0	0.0486724316621324
2347	0.0362714013950539	0.0250739801310505
2348	0	0.0135950458179467
2349	0.070291693088142	0.0354781771501926
2350	0.0428662016487001	0.0112319933642064
2351	0.0185478757133798	0.0304966896448272
2352	0.00152187698161065	0.0210243899574908
2353	0.046005072923272	0.0240989120957514
2354	0.141058972733037	0.0436472515448792
2355	0.0160431198478123	0.0234376147248273
2356	0.0468928344958783	0.0364423027864635
2357	0.0438807863031072	0.0410408853458949
2358	0.0406467977171845	0.0271299764541643
2359	0.0435954343690552	0.0364739984870229
2360	0.0318325935320228	0.0206393997040795
2361	0.0366835764109068	0.0339103651447897
2362	0	0.025840622950642
2363	0.00279010779961953	0.0332571569171423
2364	0	0.0248843620094413
2365	0	0.0179071020925808
2366	0	0.00710355592410126
2367	0.0166138237159163	0.0307636353034643
2368	0.00561192136968928	0.0387160243846198
2369	0	0.0161385324580054
2370	0.0259670259987318	0.0311807135663397
2371	0.041280913126189	0.0376750811294714
2372	0.0283449587824984	0.0228781251863053
2373	0.0659797083069119	0.0456446027023072
2374	0.028852251109702	0.0274478711431787
2375	0.0325301204819277	0.0342958246695472
2376	0.0446417247939125	0.0251752243683125
2377	0	0.0429765892178701
2378	0.0334495878249841	0.0328804963443518
2379	0.00583386176284084	0.0156283987625142
2380	0.00783132530120482	0.011622646191172
2381	0.0358275206087508	0.0210815140260289
2382	0.0672162333544705	0.0584217831076629
2383	0.0372542802790108	0.0216991094572195
2384	0.036715282181357	0.0100769265258802
2385	0.0100190234622701	0.0286467977171845
2386	0.0365567533291059	0.0287031605955988
2387	0	0.0114810976898609
2388	0.0476220672162334	0.0163449235538646
2389	0.0192771084337349	0.0374108066615493
2390	0.0644578313253012	0.0352256589711673
2391	0.0189283449587825	0.0199969513682259
2392	0.00447051363348129	0.0231885756743081
2393	0.0292644261255549	0.0387371925374629
2394	0.00329740012682308	0.0194886563799056
2395	0	0.00897010793598844
2396	0.0442295497780596	0.0247007003081578
2397	0.0123969562460368	0.00748089727330374
2398	0	0.010850047362941
2399	0.0423272035510463	0.0271378450088442
2400	0.0646163601775523	0.0266135143913265
2401	0.0317374762206722	0.0427876241809343
2402	0.0378883956880152	0.0243092062647875
2403	0	0.0021314526398276
2404	0.0368103994927077	0.0111988909585711
2405	0.0288839568801522	0.031026682908921
2406	0.0294546607482562	0.0336924429018011
2407	0.0407736207989854	0.0301216164969475
2408	0.0112555485098288	0.0218509355983491
2409	0.0263474952441344	0.0261872301235015
2410	0	0.00840565864566299
2411	0.00694356372859861	0.0103667300782076
2412	0.0240646797717185	0.0116881561333052
2413	0.0686746987951807	0.0287196966001658
2414	0	0.017837534347918
2415	0.00237793278376665	0.0240911177605158
2416	0.0163918833227647	0.0223650787359966
2417	0	0.0115923009248945
2418	0.0418833227647432	0.0319014859929313
2419	0.0253646163601776	0.0348243915511671
2420	0.0418833227647432	0.0426342343056436
2421	0.0409321496512365	0.0241175887761573
2422	0	0.0064814190974424
2423	0.00903614457831325	0.0154173307740207
2424	0.00393151553582752	0.0202521183130692
2425	0.038427393785669	0.0326329580194978
2426	0.0280279010779962	0.03020920341985
2427	0.0560240963855422	0.0224786189291579
2428	0.0396322130627774	0.0510667070194654
2429	0.0077996195307546	0.0180653263207629
2430	0.04571972098922	0.0454200374064039
2431	0.0405833861762841	0.0267061478998702
2432	0	0.0161417275751204
2433	0.0168040583386176	0.0355524730500951
2434	0.0422637920101458	0.0343344227110873
2435	0.0471781864299302	0.0513336271916936
2436	0.00970196575776791	0.0343305954079476
2437	0.0366835764109068	0.0241657807701394
2438	0.105389980976538	0.0431289443488239
2439	0	0.0344569799666502
2440	0.00760938490805327	0.0256995593710876
2441	0.0173430564362714	0.00623115016456805
2442	0.0466074825618263	0.0430765920826162
2443	0.0618262523779328	0.0261441253736752
2444	0.0146797717184528	0.0360483160713028
2445	0.0273303741280913	0.0488410806970572
2446	0.0420418516169943	0.0373179628094023
2447	0.0337349397590361	0.0260490646797717
2448	0.0634115409004439	0.0485105428827686
2449	0	0.037368967096456
2450	0	0.0175094985203974
2451	0.061001902346227	0.0311180480435675
2452	0.00554850982878884	0.0355121701380421
2453	0.061572606214331	0.0378388664306348
2454	0	0.0106081410662894
2455	0	0.0138318370434647
2456	0.0246987951807229	0.0358882900021137
2457	0.0134115409004439	0.00501418718351668
2458	0.0403614457831325	0.0263609301640373
2459	0.0443563728598605	0.0350772897684923
2460	0.0380469245402663	0.0313881700343336
2461	0	0.0156960668157394
2462	0.0621750158528852	0.0302036215035581
2463	0.0319594166138237	0.0275807142199025
2464	0.0260621433100824	0.0224246107235961
2465	0	0.0163041039757115
2466	0.040995561192137	0.0184721286461636
2467	0.0943880786303107	0.0236929367541289
2468	0.0455611921369689	0.0256205398033236
2469	0.0241597970830691	0.0202648993101593
2470	0.0419150285351934	0.030522974249941
2471	0	0.0145503409519083
2472	0	0.018979091237616
2473	0.0180088776157261	0.014446889726087
2474	0	0.0154708449730644
2475	0.0145846544071021	0.0367288452053829
2476	0.0252694990488269	0.0123937721195172
2477	0.0367786937222574	0.0326967562161354
2478	0.0474635383639823	0.026507844242467
2479	0	0.00834581748044811
2480	0.020291693088142	0.0260317741554453
2481	0.0373811033608117	0.0177458309693066
2482	0.0272352568167406	0.0332709164832705
2483	0.0247305009511731	0.025736660090655
2484	0.00396322130627774	0.0328362097036796
2485	0.0155041217501585	0.0167645239828711
2486	0.0206404565630945	0.0335553970267033
2487	0.0462270133164236	0.0416004221564621
2488	0.0127457197209892	0.0151134215223467
2489	0.0324032974001268	0.0298550851605869
2490	0.0335129993658846	0.0343882015208939
2491	0.0346861128725428	0.0345649307757345
2492	0.0427393785668992	0.0271589920051724
2493	0.0336715282181357	0.0292604832284604
2494	0.0339885859226379	0.0294353035410339
2495	0.0468928344958783	0.0323687381103361
2496	0.0443563728598605	0.0411791828970015
2497	0.0101775523145212	0.0129710793638952
2498	0.0110970196575777	0.0218870519672676
2499	0.0139188332276474	0.0127763415334753
2500	0	0.0215031872642926
2501	0	0.0208027835024308
2502	0.021147748890298	0.0187806248919121
2503	0.0387444514901712	0.0373222568637122
2504	0.0340202916930881	0.0190865435425914
2505	0.0419150285351934	0.0322360945708379
2506	0.0101775523145212	0.022488613196419
2507	0.0149651236525048	0.00746939638252257
2508	0.00247305009511731	0.0333803496534615
2509	0.0339885859226379	0.019521269287677
2510	0.0267913760304375	0.0269774953081865
2511	0.0203868103994927	0.0220333838563497
2512	0.100285351934052	0.0447542322399647
2513	0.0455611921369689	0.0342269736842105
2514	0.0342422320862397	0.0322075822085334
2515	0.0366835764109068	0.029785540187064
2516	0.00240963855421687	0.0215267502759576
2517	0	0.0212558001429276
2518	0.0552948636651871	0.0343492537401066
2519	0.0333227647431833	0.0205937682619021
2520	0.0482561826252378	0.0205523220702358
2521	0.0382688649334179	0.0125204200259685
2522	0.0477488902980343	0.0261061350665821
2523	0.0375079264426126	0.0307652493631034
2524	0.0370957514267597	0.0173205049299365
2525	0.0432149651236525	0.0360711870036537
2526	0.0399175649968294	0.0442403552504027
2527	0.00732403297400127	0.0109187854985306
2528	0	0.00877864644172257
2529	0.0154407102092581	0.0209576757321684
2530	0.0619847812301839	0.0454878238716639
2531	0	0.0387471838573807
2532	0.0323398858592264	0.0281464738410348
2533	0	0.0134710095442499
2534	0.00459733671528218	0.031677459439032
2535	0.0067850348763475	0.0130464743966118
2536	0	0.0336001608774278
2537	0.0333861762840837	0.0261051628917831
2538	0	0.0124167080841146
2539	0.0283449587824984	0.0311959750358776
2540	0.0328154724159797	0.0264069364227893
2541	0	0.0124680446933935
2542	0.0198795180722892	0.0126836644824914
2543	0	0.0211195278982216
2544	0.0190234622701332	0.0309629532249666
2545	0.0455611921369689	0.0305630773449416
2546	0.0447685478757134	0.0377862280145513
2547	0.000507292327203551	0.0102452290364465
2548	0.0298351299936588	0.00748244623229761
2549	0.0439124920735574	0.0284413251090486
2550	0	0.0206801403302556
2551	0.030849714648066	0.0468346139977868
2552	0.00450221940393152	0.00871880422546981
2553	0.0441344324667089	0.020160563305855
2554	0	0.0115473833717411
2555	0	0.014426736551469
2556	0.0121750158528852	0.0317741603533247
2557	0.00212428662016487	0.0196211303249984
2558	0.0435003170577045	0.0315415798532476
2559	0.0480976537729867	0.0477603671264003
2560	0.0801838934686113	0.0340301966740893
2561	0	0.0216204687169732
2562	0	0.0201244248248053
2563	0	0.0185637963459777
2564	0.0167723525681674	0.0251757748698142
2565	0.0465440710209258	0.033656335869795
2566	0.0323081800887762	0.0375282269428592
2567	0	0.00625873197539839
2568	0.0402346227013316	0.0417347460015501
2569	0.0122384273937857	0.0437642986807913
2570	0.0498414711477489	0.0528342638848075
2571	0.0227013316423589	0.0286840479326212
2572	0	0.0191920312830269
2573	0.0272669625871909	0.0179398836913104
2574	0.0555802155992391	0.0446196133217079
2575	0.0374762206721623	0.0217612149000862
2576	0.0253012048192771	0.0359208244461098
2577	0	0.0238141268540143
2578	0.0417882054533925	0.0244612983384114
2579	0.00726062143310082	0.04645540546519
2580	0	0.0168718860404022
2581	0.0112238427393786	0.029212382593803
2582	0.0553899809765377	0.0359362216668532
2583	0.0374762206721623	0.0305630507510988
2584	0.0213379835129994	0.0106673800465018
2585	0.00199746353836398	0.0125017294056609
2586	0.0144578313253012	0.0331207342101854
2587	0.0314204185161699	0.0400203998368013
2588	0.0234622701331642	0.0285963560484287
2589	0.0054850982878884	0.0381838000717681
2590	0	0.0190175924180363
2591	0.041280913126189	0.0252758808513406
2592	0.0291058972733037	0.0255865256692404
2593	0.070291693088142	0.0301460931445079
2594	0	0.0210365731933582
2595	0.0749524413443247	0.0329337457793387
2596	0.0236207989854153	0.0380770605642384
2597	0.0469879518072289	0.0375233037412809
2598	0.129232720355105	0.0290428952652716
2599	0.0195624603677869	0.0284649751889765
2600	0.0396005072923272	0.0193894374490443
2601	0	0.0216609312732316
2602	0	0.00948651268005954
2603	0.0396005072923272	0.0358632681508395
2604	0.0239378566899176	0.0525221015641513
2605	0.0319594166138237	0.0334674091101247
2606	0.024857324032974	0.00974272088353414
2607	0.0405833861762841	0.0184881214609129
2608	0.0324984147114775	0.0213084050100537
2609	0.0113823715916297	0.0330659975428028
2610	0.0663601775523145	0.041407493416054
2611	0.0379518072289157	0.0270123556426664
2612	0.0457831325301205	0.0123072475661159
2613	0.0707355738744452	0.0526568146784829
2614	0.00434369055168041	0.0136039532932367
2615	0	0.00724671471508628
2616	0.0159797083069119	0.0210105081982064
2617	0.0186112872542803	0.0157875407446962
2618	0.0542485732403297	0.0298940829105897
2619	0.0279644895370958	0.0334652932415095
2620	0.0134749524413443	0.0220190234622701
2621	0.0636334812935954	0.0258187721646821
2622	0.0294546607482562	0.0249315872512607
2623	0.026569435637286	0.0122566582117946
2624	0.0357958148383006	0.016173581544222
2625	0.0443246670894103	0.0192647696047347
2626	0.030279010779962	0.0216565430697861
2627	0.0266011414077362	0.0117532268292184
2628	0.0036144578313253	0.0292700157354564
2629	0.00821179454660748	0.0231808814204185
2630	0.0170577045022194	0.0362951420573179
2631	0	0.0184147261560863
2632	0.0261889663918833	0.0244351969280631
2633	0.0462587190868738	0.0269679771718453
2634	0.0444197844007609	0.0323579845698584
2635	0.0671211160431199	0.0433615040925954
2636	0.0482244768547876	0.0342427101891274
2637	0.040139505389981	0.0252543507362785
2638	0	0.0167421606768468
2639	0	0.00914695935444565
2640	0.0496829422954978	0.0394797338173019
2641	0.000919467343056436	0.0271287908526336
2642	0.038998097653773	0.00911708754522735
2643	0.0228915662650602	0.0301808388882874
2644	0	0.0118699977720269
2645	0.0271084337349398	0.0214825025390393
2646	0.0440076093849081	0.0261937351459754
2647	0.0299619530754597	0.0259085156415134
2648	0.0278376664552949	0.0221711658664734
2649	0	0.0251687954826826
2650	0.0212745719720989	0.0382681310035464
2651	0.02999365884591	0.0365460886608635
2652	0.042707672796449	0.0258258032128514
2653	0.00431198478123018	0.0292687416331995
2654	0.0125871908687381	0.0273083722449607
2655	0.022289156626506	0.0232244351366686
2656	0.0340837032339886	0.0346518970619319
2657	0.0426759670259987	0.0245275840202917
2658	0.0562460367786937	0.0289586462192259
2659	0	0.00913428568073464
2660	0.0186112872542803	0.0298295154301416
2661	0.0145846544071021	0.0293963302603125
2662	0.0372225745085606	0.0490099254801963
2663	0	0.0202009353202283
2664	0.0095434369055168	0.0251399660721157
2665	0.0219720989220038	0.0267842005139672
2666	0.0318642993024731	0.033098960168158
2667	0.000951173113506658	0.0243704894767038
2668	0.0125554850982879	0.0216366594196334
2669	0.068135700697527	0.0357305405833862
2670	0.066994292961319	0.036606596665299
2671	0.0402980342422321	0.0346173704104343
2672	0	0.0145583471867556
2673	0.0256499682942296	0.0335476023877725
2674	0.0300570703868104	0.0290105487740435
2675	0.0437222574508561	0.0373014138935605
2676	0.0376030437539632	0.02838295008288
2677	0.0302473050095117	0.0422842818642993
2678	0.00665821179454661	0.0326657335374876
2679	0.0564996829422955	0.0401112661171
2680	0.0158211794546607	0.0446994292961319
2681	0.0360811667723526	0.0283929239224103
2682	0.033861762840837	0.0276952605744616
2683	0	0.0072440419573029
2684	0.0529169308814204	0.0277967898759725
2685	0.0255231452124287	0.0286356810350336
2686	0.0121116043119848	0.0172736724130303
2687	0.0104946100190235	0.0327053422868261
2688	0.0104946100190235	0.0238458797596401
2689	0.0344958782498415	0.0197449626648377
2690	0	0.0315638560433685
2691	0.0581166772352568	0.0333780059509292
2692	0	0.0155455506235468
2693	0.0442295497780596	0.031911299332669
2694	0.0352568167406468	0.0304008137814416
2695	0.0204819277108434	0.0255991417192315
2696	0.0194673430564363	0.0345383742099127
2697	0.0413443246670894	0.0213065419573029
2698	0.02999365884591	0.0125805854998943
2699	0.0696258719086874	0.0248047238741595
2700	0.0499048826886493	0.021340652759486
2701	0.0407736207989854	0.0332903191714225
2702	0	0.0196542707331874
2703	0	0.0157987957227019
2704	0.0368103994927077	0.0337751275005555
2705	0.0706721623335447	0.0522128488892915
2706	0.0481927710843374	0.0288795819753924
2707	0.0132530120481928	0.0312119064493267
2708	0.0291058972733037	0.014811781753051
2709	0.0181039949270767	0.0204929014302825
2710	0.0323081800887762	0.021703050971537
2711	0.0484464172479391	0.0637296059236948
2712	0.049429296131896	0.0346501796660325
2713	0.0452758402029169	0.0214789284178456
2714	0.0268864933417882	0.0243719870995016
2715	0.0403614457831325	0.0240482845509462
2716	0.0448953709575143	0.028267564183861
2717	0.0649017121116043	0.0315853747967164
2718	0.0480342422320862	0.0301653984358487
2719	0.0550412175015853	0.0179611655450324
2720	0.0220355104629042	0.0458128000724704
2721	0	0.015475435576894
2722	0.0232720355104629	0.0180573066258843
2723	0	0.0155366762104238
2724	0.0307228915662651	0.0167113024466286
2725	0.0294863665187064	0.0295606939034333
2726	0.0192136968928345	0.00600828521843607
2727	0.0323398858592264	0.0183667532775518
2728	0.0190868738110336	0.042713802578736
2729	0.0171528218135701	0.0300521090208788
2730	0.0298351299936588	0.00850252267651843
2731	0	0.0180049496230536
2732	0.00827520608750793	0.0324033124981127
2733	0.0186429930247305	0.0229877689991831
2734	0	0.0224998428993356
2735	0.0538998097653773	0.0220590420894103
2736	0.0287888395688015	0.0334876787853167
2737	0.00659480025364616	0.0102082973040487
2738	0.0381103360811668	0.0194238196806364
2739	0.00703868103994927	0.0222822255976169
2740	0.012999365884591	0.0121527811651464
2741	0	0.0271444406757999
2742	0.013855421686747	0.0219129748659711
2743	0.0322130627774255	0.034865612032618
2744	0.0692136968928345	0.0388523422182378
2745	0	0.0193853404046809
2746	0.0266645529486367	0.023482814441334
2747	0.0458465440710209	0.028907643732826
2748	0.0467660114140774	0.016960788281907
2749	0.0309131261889664	0.0220160940658721
2750	0.00538998097653773	0.0321339965123652
2751	0	0.0278253217548557
2752	0.0123335447051363	0.0257163200711076
2753	0	0.0317495744751861
2754	0.0180088776157261	0.0391142920966162
2755	0.0563411540900444	0.0455278185108857
2756	0.0316423589093215	0.0179722398365391
2757	0.0519023462270133	0.0327380483822768
2758	0	0.0062428662016487
2759	0	0.0131299812252104
2760	0.070862396956246	0.0440544720602564
2761	0.037285986049461	0.0395784600389864
2762	0.0236842105263158	0.0148887295593859
2763	0	0.013706847303867
2764	0.0374762206721623	0.0264555737570164
2765	0.017564996829423	0.0246697795968563
2766	0.0638237159162968	0.0314699852039738
2767	0.0486366518706405	0.0381264998072786
2768	0.0432149651236525	0.0376421746364676
2769	0.0492707672796449	0.0167936444107624
2770	0.0241597970830691	0.0357924630854244
2771	0	0.00999835758396316
2772	0	0.0150974622172902
2773	0.0402663284717819	0.0308389611075883
2774	0.0293595434369055	0.00927524692069714
2775	0	0.0290724401364858
2776	0	0.00814576942192668
2777	0.0391249207355739	0.036952861231555
2778	0.0363665187064046	0.0255848425795609
2779	0	0.0245070941661382
2780	0	0.015410088396772
2781	0	0.00489194260997778
2782	0.00529486366518706	0.0312398760639477
2783	0.0229549778059607	0.0248367681251321
2784	0.0167723525681674	0.0347777316161197
2785	0.0416613823715916	0.0289735682969569
2786	0.0371908687381103	0.025250845487212
2787	0	0.00990039103783555
2788	0.0431832593532023	0.0320633631015289
2789	0	0.00963268277789521
2790	0.00374128091312619	0.0295225950240591
2791	0.0452758402029169	0.0353655009052227
2792	0	0.0104802690293337
2793	0.041566265060241	0.0388510657137797
2794	0.0212111604311985	0.0367362180551781
2795	0	0.0230610159937998
2796	0	0.0133738352532939
2797	0.0249841471147749	0.0332178714859438
2798	0.0439124920735574	0.0249674589700057
2799	0	0.0128304949119787
2800	0	0.0139297260813589
2801	0.0331959416613824	0.0141865620376242
2802	0.00875079264426126	0.0140264471827566
2803	0.0462587190868738	0.0304578003928422
2804	0.0451173113506658	0.0523955256198092
2805	0.0115091946734306	0.00851359384908053
2806	0	0.00729191955793097
2807	0	0.00646353836398224
2808	0	0.00829112715718562
2809	0.0700697526949905	0.0390132862276172
2810	0.0201965757767914	0.0223854081280191
2811	0.0317691819911224	0.0407580406515706
2812	0.0379201014584654	0.0411743073659159
2813	0.00862396956246037	0.0234028373556144
2814	0.0137285986049461	0.0281191080109913
2815	0.0439441978440076	0.0270103315109656
2816	0.0367786937222574	0.0314377510040161
2817	0.0255865567533291	0.0212441251072401
2818	0.0327520608750793	0.0318809448319594
2819	0.0204819277108434	0.0258424676148202
2820	0.02143310082435	0.0318699505624839
2821	0.0160114140773621	0.0277588660160539
2822	0.020577045022194	0.0134494735699555
2823	0.0348129359543437	0.0420599981111456
2824	0.0207989854153456	0.0331211982432655
2825	0.0562143310082435	0.0236337921344822
2826	0	0.0117669576715675
2827	0.0435003170577045	0.0375784717818643
2828	0.0140456563094483	0.0254599318325935
2829	0.0347812301838935	0.0306383748710952
2830	0.02285986049461	0.0284283499914445
2831	0.0286620164870006	0.0266080395550909
2832	0	0.0289475797928556
2833	0.0207989854153456	0.036284083703234
2834	0.0267279644895371	0.0159242510207033
2835	0.0472098922003805	0.0348408321167166
2836	0.0693722257450856	0.0492909017988283
2837	0.0300887761572606	0.0264002096579776
2838	0.0535193405199746	0.0384108803635595
2839	0	0.0217208013339909
2840	0.0300887761572606	0.0228929012448687
2841	0.0821496512365251	0.0405264599066121
2842	0	0.0128371380257874
2843	0.00602409638554217	0.035205575591841
2844	0	0.0176672752716857
2845	0	0.0228380239223146
2846	0.0423906150919467	0.0320515719387244
2847	0.036144578313253	0.020384213545913
2848	0.018135700697527	0.0136870768560686
2849	0.0159797083069119	0.0236025455204276
2850	0.0329105897273304	0.0127051697093081
2851	0	0.0192153152082012
2852	0.0275840202916931	0.0326926628821049
2853	0	0.028753625925876
2854	0.0171845275840203	0.0290171966059728
2855	0.0278059606848446	0.0304516713470423
2856	0	0.0205355713123627
2857	0.013855421686747	0.0307702594001738
2858	0.0198795180722892	0.0326695069752695
2859	0.0312301838934686	0.016767929417475
2860	0	0.0195998071232298
2861	0	0.0135702987388149
2862	0	0.0218729684027718
2863	0.0250158528852251	0.00919537324261484
2864	0.0223842739378567	0.0346301637873703
2865	0.0120481927710843	0.0350037895944681
2866	0.0441344324667089	0.0381014223097376
2867	0.0467343056436272	0.0323422717985178
2868	0	0.0254634628740526
2869	0	0.0142154834878361
2870	0.053994927076728	0.0204265121427538
2871	0.0420418516169943	0.0314259359419101
2872	0.00577045022194039	0.0345592587066532
2873	0	0.00838341124596304
2874	0.0276474318325935	0.021793657299287
2875	0.0476220672162334	0.0181556899102763
2876	0	0.0210887011543628
2877	0	0.0135273211604854
2878	0.0128091312618897	0.0174115035995375
2879	0.0280913126188966	0.0203318084367545
2880	0.0154724159797083	0.0494555267855046
2881	0.0290424857324033	0.0235343916500849
2882	0.061001902346227	0.0312836785739449
2883	0	0.0195140503534606
2884	0.0188332276474318	0.0324249870294575
2885	0	0.0257453224877732
2886	0.035288522511097	0.0328538213002385
2887	0.0350665821179455	0.0260413865990277
2888	0.0392200380469245	0.0221896875427406
2889	0.00256816740646798	0.00950720173928798
2890	0	0.0229257380398788
2891	0.0611604311984781	0.0415425759520753
2892	0.0156943563728599	0.0194819681201587
2893	0.0300887761572606	0.0341031725586557
2894	0	0.019388535001249
2895	0.0421052631578947	0.0249232302527122
2896	0.0357958148383006	0.0331805841788205
2897	0.0422320862396956	0.0260247777814861
2898	0.0207038681039949	0.0207225612978229
2899	0.00402663284717819	0.00986397894208412
2900	0	0.0111927488346739
2901	0.0428662016487001	0.0264839073882178
2902	0.0290107799619531	0.0389186510105759
2903	0.00875079264426126	0.0124685760586204
2904	0	0.0352293384062566
2905	0.0247939124920736	0.0306309741891543
2906	0.0279327837666455	0.00958663175622694
2907	0.024571972098922	0.031060003170577
2908	0.0217501585288523	0.00917055649498579
2909	0.0411857958148383	0.0261990343646052
2910	0	0.0227628276262947
2911	0.0227647431832594	0.022160019880375
2912	0.0201648700063412	0.0287743633815039
2913	0.049429296131896	0.0233758884221095
2914	0.0171845275840203	0.0314565382272123
2915	0.0393151553582752	0.0378451415310364
2916	0.0327837666455295	0.0348624001588491
2917	0.00691185795814838	0.0207014345470525
2918	0.011572606214331	0.0156287117911374
2919	0.0446734305643627	0.0300398209378869
2920	0.0286937222574509	0.020493103432768
2921	0.0336398224476855	0.0233022147067803
2922	0.0286937222574509	0.0259470439899132
2923	0.0240963855421687	0.0265081084572207
2924	0.00618262523779328	0.0155453280085628
2925	0.00193405199746354	0.021386334812936
2926	0.0675332910589727	0.0366187421751784
2927	0.0230183893468611	0.0127820454751336
2928	0.0555802155992391	0.0348053089551187
2929	0	0.0085459997886282
2930	0.0199112238427394	0.0295677040144383
2931	0.0244134432466709	0.0341025153244557
2932	0.0604946100190235	0.0439711980755101
2933	0	0.0161570844782639
2934	0	0.0196727753117734
2935	0	0.0194034671380898
2936	0.0379201014584654	0.0459952360047477
2937	0.0408370323398859	0.00897031338651003
2938	0.0601141407736208	0.0419753472092705
2939	0.04571972098922	0.0527456420107675
2940	0.0599873176918199	0.0218677836345382
2941	0.064426125554851	0.0307057946699077
2942	0.0376030437539632	0.0220440513584325
2943	0.0643310082435003	0.0469678019557454
2944	0.0407736207989854	0.0292217723796671
2945	0.0243817374762207	0.0064158112714014
2946	0.0396322130627774	0.0170519908581695
2947	0.0310716550412175	0.0114013950538998
2948	0.0174381737476221	0.0410309659691397
2949	0.029422954977806	0.031973203820065
2950	0.0456880152187698	0.0477897740546674
2951	0	0.0108877615726062
2952	0.0183893468611287	0.0548753897167618
2953	0	0.0184814143793218
2954	0.00802155992390615	0.0217027528396133
2955	0	0.024711384236637
2956	0	0.0253639451118842
2957	0.0192136968928345	0.017029947274478
2958	0	0.00666497569224266
2959	0.0434686112872543	0.0280138052208835
2960	0.0435320228281547	0.0310256496480339
2961	0.0444197844007609	0.0325277327634123
2962	0.0596385542168675	0.0496164242296138
2963	0.0370957514267597	0.0434997082150111
2964	0.0555802155992391	0.0370427273001782
2965	0.0434051997463538	0.0356068227390358
2966	0.0396322130627774	0.0334738355335216
2967	0	0.00782626518834509
2968	0.0697526949904883	0.0475568141785644
2969	0.0386176284083703	0.0234234234234234
2970	0	0.00509062566053688
2971	0.0435954343690552	0.0383667948534375
2972	0.00951173113506658	0.0126685337842598
2973	0.0616677235256817	0.046076285752428
2974	0.00532656943563729	0.0104664542109057
2975	0	0.0180683448078026
2976	0.0252377932783767	0.0143336503910378
2977	0.0423906150919467	0.0318909262782123
2978	0.0444514901712112	0.0390478580990629
2979	0.0229866835764109	0.0248806776814862
2980	0.040995561192137	0.0500369127343778
2981	0.0452758402029169	0.0335861590405945
2982	0.065282181357007	0.0198981374414065
2983	0.0488268864933418	0.0421569002054101
2984	0	0.0153350419220743
2985	0.00913126188966392	0.0280115037502482
2986	0	0.0101507014901712
2987	0	0.0142304254612435
2988	0	0.0147849136484017
2989	0.0314521242866202	0.018837661299885
2990	0.0327520608750793	0.0280047073071804
2991	0.020577045022194	0.0322548967801029
2992	0	0.0107975857912446
2993	0	0.0226992071400532
2994	0.0241915028535193	0.0300914050940605
2995	0	0.0191938396862303
2996	0.0271084337349398	0.03189534775817
2997	0.0589093214965124	0.0333683505953639
2998	0.0185161699429296	0.0289320559750966
2999	0.0263474952441344	0.0259298719378421
3000	0.0135066582117945	0.0256837173254421
3001	0.0463538363982245	0.0359093684680241
3002	0.0422637920101458	0.0470045770125035
3003	0.0148383005707039	0.0290332991886575
3004	0	0.0110544223678339
3005	0.0113506658211795	0.0228850238044911
3006	0.0062143310082435	0.0188299513844853
3007	0.0371274571972099	0.0339865929884953
3008	0.0689600507292327	0.0443021445668878
3009	0.0261255548509829	0.0472084880876891
3010	0.00688015218769816	0.0185746170276675
3011	0.0349397590361446	0.0148160779676316
3012	0.0684527584020292	0.0363036626939607
3013	0.0761572606214331	0.0432834035196115
3014	0.0186429930247305	0.0186110925697249
3015	0.0149017121116043	0.0191952018600719
3016	0.0334178820545339	0.0265783911268342
3017	0.0243500317057705	0.00757359848751732
3018	0	0.00548134056694615
3019	0.00710209258084972	0.0309489272880998
3020	0.00859226379201015	0.0267712686102033
3021	0.0342739378566899	0.0272761024605244
3022	0	0.0211786124762207
3023	0.0456246036778694	0.0386515093421421
3024	0	0.0140007398013105
3025	0.0608433734939759	0.0293004992104642
3026	0.0458148383005707	0.0332637769121599
3027	0.0170577045022194	0.0124676624116604
3028	0.0591312618896639	0.0273501502020843
3029	0.0714965123652505	0.0362851279805941
3030	0	0.0109693892529181
3031	0.0201648700063412	0.0328130344343883
3032	0	0.0264115640997881
3033	0.0833861762840837	0.0369857187664069
3034	0	0.0387033583249406
3035	0.011572606214331	0.0274482281901432
3036	0.00951173113506658	0.0239689753164706
3037	0.0173747622067216	0.019693222651371
3038	0.000380469245402663	0.0275671676749673
3039	0.0277742549143944	0.0296504145235914
3040	0.0345909955611921	0.0341545127879941
3041	0	0.0147054231965456
3042	0	0.0314484504433775
3043	0.014426125554851	0.0247304820786907
3044	0.0333227647431833	0.0334919570319063
3045	0.0521559923906151	0.0257256217853872
3046	0.0326886493341788	0.0237594520697391
3047	0.0487634749524414	0.0204458527305628
3048	0.0311984781230184	0.0316594494320773
3049	0.0496195307545973	0.0276157260621433
3050	0.0402980342422321	0.0332515380079876
3051	0.0164870006341154	0.0113112561047514
3052	0.0168357641090679	0.0122761163499499
3053	0.0257450856055802	0.0322311614880575
3054	0.0345592897907419	0.0251541930203947
3055	0.0417882054533925	0.014058441725825
3056	0	0.0124092554428239
3057	0.0251743817374762	0.0312305279871014
3058	0	0.00875079264426126
3059	0.0351934051997464	0.0187731980553794
3060	0.039568801521877	0.025180626813474
3061	0.0247305009511731	0.0337438928646919
3062	0.0245085605580216	0.0215696668251955
3063	0	0.0269740144789685
3064	0.0214013950538998	0.0355093416026107
3065	0.0425174381737476	0.0316639658047394
3066	0.0504438807863031	0.0234849422753671
3067	0	0.0168142610929548
3068	0.0214648065948003	0.0183914049550001
3069	0.0146797717184528	0.0254420841259776
3070	0.0325301204819277	0.0287180940668575
3071	0.0319911223842739	0.0312781108484977
3072	0	0.0325457421792433
3073	0.053709575142676	0.0300020016269224
3074	0	0.0219453437016765
3075	0.0400126823081801	0.0403908887913327
3076	0	0.0380419116008844
3077	0.0440710209258085	0.0292740179217668
3078	0.00916296766011414	0.00877478056269399
3079	0.0250475586556753	0.0282769046109249
3080	0.0222574508560558	0.0288675078180468
3081	0.0352568167406468	0.028758668760254
3082	0.00126823081800888	0.0132364344596431
3083	0.00551680405833862	0.0204181478705892
3084	0	0.0201265244042532
3085	0.0523462270133164	0.0265269377103556
3086	0.0389663918833228	0.0210252119589469
3087	0.0196575776791376	0.0284895094161106
3088	0.0103360811667724	0.0210824878461213
3089	0.0478123018389347	0.0375447630931195
3090	0	0.0300343244322319
3091	0	0.0303204759828789
3092	0.0376347495244134	0.0202105716097473
3093	0.0336398224476855	0.0268806806172057
3094	0.0139505389980977	0.0153335301277706
3095	0.0642358909321497	0.0394385766751215
3096	0.00640456563094483	0.0191909083703234
3097	0.0380786303107166	0.032658449587825
3098	0	0.018183429205544
3099	0.0532339885859226	0.0342446378311028
3100	0.0174064679771718	0.0219409069024637
3101	0.0466708941027267	0.0329980192416525
3102	0.0217501585288523	0.0447596526456704
3103	0.0344958782498415	0.0321455050973123
3104	0.0226062143310082	0.0233436038350433
3105	0	0.0217367364193617
3106	0.0272035510462904	0.023951841199384
3107	0.0473367152821814	0.0340924287651247
3108	0.019720989220038	0.0263525791004308
3109	0.0363348129359543	0.0254005099344747
3110	0	0.0175178785316705
3111	0.0369689283449588	0.0177534645159586
3112	0	0.00795176319312337
3113	0.0772352568167407	0.0459600034486978
3114	0.0118262523779328	0.0268990087774922
3115	0	0.0112720458212826
3116	0.0178186429930247	0.0147366172416429
3117	0.0456880152187698	0.0326998891726222
3118	0.0469245402663285	0.034871446311562
3119	0.0405199746353836	0.0233208741398342
3120	0.046575776791376	0.029740443769538
3121	0.022574508560558	0.0255233112902739
3122	0	0.0281945165030137
3123	0.00719720989220038	0.0273638050654631
3124	0.0369689283449588	0.028163980199235
3125	0.0758719086873811	0.0309115996148336
3126	0.0426125554850983	0.0364820598182203
3127	0.0423906150919467	0.0366916349608962
3128	0.0222574508560558	0.0264626928767702
3129	0	0.0286100357107099
3130	0.067564996829423	0.022570703868104
3131	0.0041851616994293	0.0396894470111021
3132	0.0082435003170577	0.0304075303986027
3133	0.0310399492707673	0.0284450081025858
3134	0.0649651236525048	0.0193777818039074
3135	0	0.0122638415504122
3136	0.0446417247939125	0.0239711341994157
3137	0.0221940393151554	0.0294475743730658
3138	0.0213062777425491	0.0307337621161337
3139	0.0337349397590361	0.0365406159049152
3140	0.0296766011414077	0.028820594495485
3141	0.0286620164870006	0.0137849123767798
3142	0.035003170577045	0.0317599014478969
3143	0	0.0302954635040875
3144	0.033291058972733	0.0295446983178896
3145	0.0320862396956246	0.019958685156137
3146	0.0414711477488903	0.0296246342711566
3147	0.0441027266962587	0.0204441676480358
3148	0.0499365884590996	0.0236075335826063
3149	0	0.0225885765283356
3150	0	0.0309647311048706
3151	0.0190234622701332	0.0248877827097865
3152	0.0441978440076094	0.0292419223172181
3153	0.0464806594800254	0.0396031494398647
3154	0.00903614457831325	0.0233074402874657
3155	0.071147748890298	0.0376629117087545
3156	0.0145529486366519	0.00819622238955823
3157	0.0167723525681674	0.0306989962417062
3158	0.0122701331642359	0.0216517715599239
3159	0	0.02655852428205
3160	0.0251743817374762	0.0327075696882524
3161	0.0248890298034242	0.0303267770329438
3162	0.0313253012048193	0.0249785986049461
3163	0.0432149651236525	0.0465702613083915
3164	0.074857324032974	0.046496704521435
3165	0.0628091312618897	0.038354998943141
3166	0	0.0185830540205937
3167	0.00668991756499683	0.041479400574434
3168	0.0562143310082435	0.0380741477707564
3169	0.0661699429296132	0.0348997437116889
3170	0.0423589093214965	0.043710798874167
3171	0.0755865567533291	0.0352441750808904
3172	0	0.0324632007562413
3173	0.093849080532657	0.0248650358010991
3174	0.00583386176284084	0.0261963226868694
3175	0	0.0160308125541214
3176	0.0283766645529486	0.034327437773855
3177	0.0499048826886493	0.0246528378265855
3178	0.0139505389980977	0.026368834471011
3179	0.0464172479391249	0.0292702535287348
3180	0.034432466708941	0.0386101475043621
3181	0.050570703868104	0.0182410768300061
3182	0	0.0265390429340968
3183	0	0.0138831856587088
3184	0.0181039949270767	0.0399008082190257
3185	0.046005072923272	0.0225931009355983
3186	0.0114457831325301	0.0133453898697282
3187	0.00830691185795815	0.0361323431377331
3188	0.0553582752060875	0.0320409776758857
3189	0.011287254280279	0.0161076504159051
3190	0	0.0264456929128581
3191	0.016708941027267	0.0191394672256277
3192	0.0723842739378567	0.0175376340889875
3193	0.0338934686112873	0.0320775661630187
3194	0.0116994292961319	0.0364063710984288
3195	0.0289156626506024	0.0208391460579159
3196	0.0167406467977172	0.014889928133587
3197	0.0125554850982879	0.0470145544584353
3198	0.0532339885859226	0.0239424093133668
3199	0.0622067216233354	0.0409790764890225
3200	0	0.0253376664552949
3201	0.0211160431198478	0.0195353022937043
3202	0.0161065313887127	0.0127954273233284
3203	0.0139505389980977	0.0330757141626937
3204	0.0360177552314521	0.016084716734685
3205	0	0.0315811271401395
3206	0.0694990488268865	0.042037224288334
3207	0.0560875079264426	0.0339420086360479
3208	0.0224793912492074	0.0128940996182874
3209	0.0365250475586557	0.0225665083835956
3210	0.00618262523779328	0.0267411903252106
3211	0.0291058972733037	0.0207527200213597
3212	0.0158845909955612	0.0229182393735342
3213	0.0293912492073557	0.0296881762639531
3214	0.022289156626506	0.00832049392448885
3215	0.0412492073557388	0.0312141224176484
3216	0.0275206087507926	0.0228683490962731
3217	0	0.0126334284506447
3218	0.0287254280279011	0.0115005398550104
3219	0.0384908053265694	0.03153471026965
3220	0.0342422320862397	0.0185293957786031
3221	0.0356372859860495	0.0175224860661482
3222	0.0295497780596069	0.0333727413641808
3223	0.0483830057070387	0.0425863044708545
3224	0.0171845275840203	0.0244853267058045
3225	0.0476220672162334	0.0294526619062061
3226	0.0126506024096386	0.0247531381894301
3227	0.0426125554850983	0.0387193430820571
3228	0.0191502853519341	0.0387615754625901
3229	0.0296131896005073	0.0230945546053346
3230	0.000348763474952441	0.0121862743371145
3231	0.0444197844007609	0.0330371689185893
3232	0	0.0298375079264426
3233	0	0.0141337670369587
3234	0.0100507292327204	0.021028633146192
3235	0.0239061509194673	0.0184892860917354
3236	0	0.0204786631907748
3237	0.015282181357007	0.0289435965276715
3238	0	0.0225825759177059
3239	0	0.0168093684107418
3240	0.0133481293595434	0.0116516064257028
3241	0.0268230818008878	0.0282322884214202
3242	0.0142041851616994	0.0146531388712746
3243	0.0308180088776157	0.00831174321345532
3244	0.0395370957514268	0.0269522497886282
3245	0.00488268864933418	0.0317189134405368
3246	0.0998097653772987	0.0459302601154218
3247	0.02856689917565	0.0316810833075893
3248	0.0204819277108434	0.0324537383985704
3249	0.0334812935954344	0.0202859963602807
3250	0.00459733671528218	0.0317636179392493
3251	0.0437539632213063	0.0449657904802166
3252	0.0129676601141408	0.0265126223242901
3253	0.0115409004438808	0.00921851147279175
3254	0.0219720989220038	0.0403734606014084
3255	0.0038998097653773	0.0294736577890509
3256	0.0680088776157261	0.0528496656716726
3257	0	0.0299010419083265
3258	0	0.0181641737227548
3259	0.0324984147114775	0.0343066227759335
3260	0.052282815472416	0.0417096544071021
3261	0.0168040583386176	0.0244635182333343
3262	0.0463221306277743	0.0485607151222243
3263	0	0.0283549367749636
3264	0.0527266962587191	0.0345113678397802
3265	0.0455294863665187	0.0395217306472855
3266	0.0440710209258085	0.0286473017576378
3267	0.0173430564362714	0.0290733060263815
3268	0.0319911223842739	0.0212743153063381
3269	0.00149017121116043	0.0080903104250031
3270	0	0.0382266682830393
3271	0.0587824984147115	0.0329868036740262
3272	0.0609384908053266	0.0209041722445337
3273	0.0440076093849081	0.0377791869231311
3274	0.0159162967660114	0.0326150340711216
3275	0.0250475586556753	0.0196280149839123
3276	0.0350348763474952	0.0300937352649464
3277	0.0159162967660114	0.0242897378989643
3278	0.00538998097653773	0.0286153972615609
3279	0	0.0284756207492509
3280	0.0239378566899176	0.0258739528752128
3281	0.0368421052631579	0.0172984348655331
3282	0.0430881420418516	0.0240713732121468
3283	0.0344007609384908	0.0273497458734459
3284	0	0.0301663672232791
3285	0.0441978440076094	0.0280554918441965
3286	0	0.0177508907811698
3287	0.0435320228281547	0.035264403478576
3288	0.0187381103360812	0.0169817163390404
3289	0.0336398224476855	0.0369907113835459
3290	0.0492390615091947	0.0397861034782405
3291	0.00726062143310082	0.0283617059330439
3292	0.0366518706404566	0.021633837983513
3293	0	0.0194699716544992
3294	0.0357006975269499	0.0342186237208897
3295	0	0.0220738690253592
3296	0	0.0238882723877968
3297	0.00906785034876347	0.0410768261013981
3298	0.039283449587825	0.0135070835331055
3299	0.0296448953709575	0.0204986411812664
3300	0.0206721623335447	0.0228248033685991
3301	0.0300570703868104	0.0304760898229509
3302	0.04857324032974	0.0425119734393286
3303	0	0.00835481327871943
3304	0.0825301204819277	0.0437318572535757
3305	0.0350665821179455	0.0359339628897427
3306	0	0.0235799552510427
3307	0.0385859226379201	0.0170070677446629
3308	0.0422003804692454	0.0491718388706341
3309	0.0371591629676601	0.0307098955030649
3310	0.00637285986049461	0.0250662197662832
3311	0.0028852251109702	0.0292054317133582
3312	0.0183893468611287	0.0210404777002748
3313	0.0150919467343056	0.0148206510251532
3314	0	0.0122981970556479
3315	0.0651236525047559	0.00816170974011579
3316	0.0359543436905517	0.0378306299992213
3317	0.0276157260621433	0.0257902020600182
3318	0.0193088142041852	0.0287949165081378
3319	0.0412175015852885	0.0437479743535546
3320	0	0.029700737159163
3321	0.0513950538998098	0.0343697046959769
3322	0.0175332910589727	0.0285354576199535
3323	0.0463538363982245	0.0350813026542259
3324	0	0.00834742478686677
3325	0.02571337983513	0.0393090445452525
3326	0.0216233354470514	0.0280669940772758
3327	0.0222574508560558	0.0443014304729587
3328	0.0467660114140774	0.0330085907539934
3329	0.0389346861128725	0.0229443798586158
3330	0	0.0199379455621529
3331	0.0218452758402029	0.044994275347002
3332	0	0.0117913113247836
3333	0.0515218769816107	0.0311389975821128
3334	0.0348763474952441	0.0373437558282666
3335	0.058719086873811	0.0279264763420985
3336	0.0229232720355105	0.0221693459470885
3337	0.033291058972733	0.0450215085091433
3338	0.0379518072289157	0.0139241175227225
3339	0.0416930881420419	0.028021088621913
3340	0	0.029910945721946
3341	0.0175015852885225	0.0134680625335349
3342	0.0468928344958783	0.0375420497780596
3343	0	0.00949695020684241
3344	0.0443880786303107	0.0356742595381526
3345	0.0139822447685479	0.0371805169395531
3346	0.0219720989220038	0.0124377093701761
3347	0.0254597336715282	0.00699143944197844
3348	0	0.0196870376241809
3349	0.0153772986683576	0.022103118355776
3350	0.085003170577045	0.0381921453125521
3351	0.0321496512365251	0.0151657022828155
3352	0.0522194039315155	0.0254796218366288
3353	0.0386493341788205	0.0265213116849282
3354	0.0366518706404566	0.0112118650038752
3355	0.0347495244134432	0.0234289933560701
3356	0.0246353836398225	0.0215908898752906
3357	0.0710209258084971	0.0383340833623117
3358	0.0163284717818643	0.0359124692225517
3359	0.0403931515535828	0.0397249058152113
3360	0.0380786303107166	0.0385582681603607
3361	0	0.0137871257433718
3362	0	0.00836499738566454
3363	0	0.0145245327660387
3364	0	0.0139041997951319
3365	0.0517755231452124	0.0524386048348519
3366	0.00827520608750793	0.0276917010145847
3367	0	0.0132944015965945
3368	0.00424857324032974	0.0126970058938324
3369	0	0.0140408400519371
3370	0.015852885225111	0.0271270294209419
3371	0.0114457831325301	0.0308079334883393
3372	0.0385225110970197	0.0261456743151945
3373	0	0.0214132516909744
3374	0.0186112872542803	0.0108970619319383
3375	0	0.0200273392739935
3376	0.035859226379201	0.0279525621282121
3377	0.028852251109702	0.030901740935032
3378	0.0374445149017121	0.038701662981942
3379	0.0261889663918833	0.0142757293616056
3380	0	0.01083678954795
3381	0.0411857958148383	0.0350641827623438
3382	0.0624920735573874	0.0401114728490341
3383	0.0341154090044388	0.0242007706941125
3384	0.0264743183259353	0.0250577351852231
3385	0.0513633481293595	0.048461900232509
3386	0.0674064679771718	0.036119468800793
3387	0.034147114774889	0.0282083824017876
3388	0.0369689283449588	0.0216783492433461
3389	0.0617311350665821	0.0362756288311139
3390	0.0267279644895371	0.0199591127668569
3391	0	0.0218805240454997
3392	0.0194356372859861	0.0145935773167859
3393	0.02714013950539	0.032812335931161
3394	0.0404882688649334	0.0126454337085183
3395	0	0.0118301275276545
3396	0.0470830691185796	0.0446400040106445
3397	0.0188966391883323	0.0207719298245614
3398	0.0217818642993025	0.0268413860118838
3399	0.0402029169308814	0.0279408569952324
3400	0	0.00596480659480025
3401	0	0.0273255478052561
3402	0.0158211794546607	0.0213149087578384
3403	0.0549778059606848	0.0399905021749046
3404	0.00377298668357641	0.0236928358595673
3405	0.0132213062777425	0.0197498852921313
3406	0.0260621433100824	0.0260659708535422
3407	0	0.0291271743320029
3408	0.000348763474952441	0.017289156626506
3409	0.0417564996829423	0.0421978217579459
3410	0.0205136334812936	0.0260470662043471
3411	0.0761889663918833	0.0394477581378144
3412	0.0278059606848446	0.0336728337498601
3413	0	0.0313668043439762
3414	0.00624603677869372	0.03516824736015
3415	0	0.0068592498649569
3416	0	0.0247036247806403
3417	0.00741915028535193	0.0092833939636663
3418	0.033576410906785	0.0204765473376761
3419	0.00285351934051998	0.0202351951666314
3420	0.0155041217501585	0.0292746838748182
3421	0.00377298668357641	0.0355250014904422
3422	0.0298668357641091	0.0453601006898407
3423	0.0234939759036145	0.0286107890207446
3424	0	0.0166430116751837
3425	0.0280279010779962	0.0504501537559406
3426	0.014140773620799	0.0429843612677858
3427	0	0.0227882462865817
3428	0.0668674698795181	0.0285073865876022
3429	0.0914077362079898	0.0400082528255437
3430	0.0267596702599873	0.0177015958571127
3431	0.0602092580849715	0.0328076252377933
3432	0	0.00470396822748056
3433	0.0747622067216233	0.0369095177703294
3434	0.0594166138237159	0.0248141777636863
3435	0.00811667723525682	0.0216269438656883
3436	0.0264109067850349	0.0423142641690517
3437	0.0263474952441344	0.0305728625588581
3438	0.0532022828154724	0.052948343079922
3439	0.0296766011414077	0.0253343975657833
3440	0	0.00813170224758684
3441	0.0121750158528852	0.021838808322535
3442	0	0.0262141605471121
3443	0	0.00966195190117194
3444	0.0179137603043754	0.0129412672025228
3445	0	0.0183504646770443
3446	0.014711477488903	0.0310180194462059
3447	0.02571337983513	0.0256538071791811
3448	0.0949904882688649	0.0549773632224489
3449	0.0307863031071655	0.0315474497671708
3450	0.0243183259353202	0.0255316529274995
3451	0	0.0279973166091838
3452	0.0475586556753329	0.0356140820592311
3453	0.0198795180722892	0.0359154856881627
3454	0.00903614457831325	0.0288660468943443
3455	0.030564362714014	0.0286300861340097
3456	0.00795814838300571	0.0114303196164158
3457	0.0536144578313253	0.0359999440486404
3458	0.076854787571338	0.0503553756185335
3459	0.0020291693088142	0.00945561852673853
3460	0.0321813570069753	0.0262834996495678
3461	0	0.0272007813468028
3462	0	0.0313212968834402
3463	0.0322764743183259	0.0180388169218226
3464	0.0540583386176284	0.0294654759388431
3465	0.042993024730501	0.0394589017337908
3466	0.0915979708306912	0.0309153860683495
3467	0.034147114774889	0.0372588795728724
3468	0.0426442612555485	0.0185067434423603
3469	0.0413760304375396	0.0286475203802407
3470	0	0.0373888830174499
3471	0	0.0250975723067709
3472	0.046005072923272	0.0414659634269653
3473	0.0695307545973367	0.0421872853255126
3474	0.0509828788839569	0.0254145614716932
3475	0.00716550412175016	0.0260869794969351
3476	0.0446734305643627	0.0356366147377562
3477	0	0.022787168410484
3478	0.0652187698161065	0.0588708782498415
3479	0.0260938490805327	0.0177611352852426
3480	0.0498731769181991	0.014981352000801
3481	0	0.00916976978462562
3482	0.0164552948636652	0.0439160971370863
3483	0.0268230818008878	0.030150073980131
3484	0.0426125554850983	0.0458858620827549
3485	0.00840202916930881	0.0284413971676178
3486	0	0.0142011246741351
3487	0.0393151553582752	0.0349540266328472
3488	0	0.0113790655198391
3489	0	0.0150783356712336
3490	0.0311350665821179	0.0281390222544313
3491	0.0406150919467343	0.0348938570783847
3492	0.0139505389980977	0.0288106542228292
3493	0	0.0345405635700698
3494	0.016994292961319	0.0239983812013136
3495	0.0419784400760939	0.0405722504910528
3496	0.0161065313887127	0.0298992681251321
3497	0.0385225110970197	0.0237781588875438
3498	0	0.0173812301838935
3499	0.0272669625871909	0.0368360056768427
3500	0.0252377932783767	0.0335365254879166
3501	0.0744134432466709	0.0479285277668283
3502	0.0204185161699429	0.027739692768228
3503	0.0403297400126823	0.047410055735407
3504	0.0497463538363982	0.0282437909532868
3505	0.0148065948002536	0.0432983982714484
3506	0.0220672162333545	0.0248629102877676
3507	0	0.0127930213028501
3508	0	0.022560809025576
3509	0.0379518072289157	0.0234593566299337
3510	0.0331642358909321	0.0400545116755109
3511	0.0448002536461636	0.0308694199548619
3512	0.0179454660748256	0.0258937639898325
3513	0.0373176918199112	0.0371613044977695
3514	0.0272669625871909	0.0269334452821031
3515	0.0906150919467343	0.0462696115531737
3516	0.0261572606214331	0.0330426835547317
3517	0	0.0217278254291404
3518	0	0.00790452833003842
3519	0.052568167406468	0.0189697645069442
3520	0.0282181357006975	0.0415561275573207
3521	0.0415979708306912	0.0483744707698417
3522	0.0270133164235891	0.0295734986730548
3523	0.0313570069752695	0.0359963373229761
3524	0.0857324032974001	0.0271279030596068
3525	0.0465440710209258	0.0414931192915707
3526	0.0145212428662017	0.0322133534136546
3527	0.0262523779327838	0.0322267854311985
3528	0	0.0200409318640137
3529	0.0133164235890932	0.0137052781764176
3530	0.0272669625871909	0.0145771320576423
3531	0.041280913126189	0.0324562047935001
3532	0	0.00548976846218444
3533	0.017850348763475	0.0338144373158268
3534	0.00773620798985415	0.0233599413132406
3535	0.0452758402029169	0.0350223972814334
3536	0	0.0103466629676601
3537	0.0187064045656309	0.0176708909001236
3538	0.063855421686747	0.0150312239670757
3539	0.0403297400126823	0.0341324615674647
3540	0.0450856055802156	0.0237312260738862
3541	0.0298034242232086	0.0278610591273953
3542	0.0185478757133798	0.0221330057070387
3543	0.0145529486366519	0.0185005092138891
3544	0	0.0269156653604973
3545	0.034717818642993	0.025982391102873
3546	0.0400126823081801	0.0408340907489607
3547	0.0188649334178821	0.0205281246443263
3548	0	0.019027661142436
3549	0.0397273303741281	0.0326956195710159
3550	0	0.0223674319409893
3551	0	0.013869501776205
3552	0.0491122384273938	0.0354705022079784
3553	0.0400760938490805	0.0404532534570415
3554	0.0240329740012682	0.0287684882580254
3555	0.0169308814204185	0.0255070501303459
3556	0.055136334812936	0.0289025030512542
3557	0	0.0160088994817747
3558	0.0274889029803424	0.0339279750581272
3559	0.0692771084337349	0.0383916367223279
3560	0	0.0133611740193858
3561	0.0256816740646798	0.0202152515880697
3562	0.0191185795814838	0.017199771974661
3563	0.0540266328471782	0.025290002113718
3564	0.02856689917565	0.0258022508387125
3565	0.0123652504755866	0.0208482933549078
3566	0.0489220038046925	0.033027132453258
3567	0.0263474952441344	0.0302659093725173
3568	0.0434051997463538	0.028805913308406
3569	0.0315155358275206	0.0322502642147538
3570	0.0273620798985415	0.0233337107829815
3571	0.0335447051363348	0.0144644431384073
3572	0	0.0174560546596057
3573	0.012143310082435	0.0114450961741704
3574	0.0743500317057705	0.0189481610653139
3575	0.0451807228915663	0.0314685751315511
3576	0	0.0164876024566101
3577	0.0480659480025365	0.0365734127646319
3578	0.0302155992390615	0.0260212032339886
3579	0.0556436271401395	0.0427886346022047
3580	0.0427710843373494	0.0467548747622067
3581	0.0309131261889664	0.0210445762510891
3582	0.0433734939759036	0.0256611224414015
3583	0.0269499048826886	0.0251455030648911
3584	0	0.0256667428588282
3585	0.0532974001268231	0.0374667793982949
3586	0.0373493975903615	0.0365723023673642
3587	0.0124920735573874	0.0253999550834919
3588	0	0.0334812800459598
3589	0.059289790741915	0.0366153449523773
3590	0.0544071020925809	0.0223204199908569
3591	0.00155358275206088	0.017868379809353
3592	0	0.02075736802116
3593	0.023145212428662	0.031478140223071
3594	0.0681039949270767	0.0262028546032985
3595	0.0583069118579581	0.0322613174134278
3596	0.0456246036778694	0.0376486824490946
3597	0.0484781230183894	0.0383843091664905
3598	0.0287254280279011	0.0332414159562226
3599	0.0676284083703234	0.0289499280014796
3600	0	0.0128854562988797
3601	0.00136334812935954	0.0226374059538295
3602	0	0.0248793519944439
3603	0.0163284717818643	0.0307219635924958
3604	0.0381737476220672	0.025487532266226
3605	0.0317057704502219	0.0401803491243536
3606	0.00174381737476221	0.022889922262148
3607	0.0350348763474952	0.0196508842387092
3608	0.0424540266328472	0.0345862968231389
3609	0	0.0212456359011363
3610	0	0.0143984667811168
3611	0.0269816106531389	0.0290743305632502
3612	0.0371591629676601	0.0273534445870774
3613	0.0390932149651237	0.0279315306338135
3614	0.00478757133798351	0.0100686313933526
3615	0.0299302473050095	0.0314074163690774
3616	0.0457514267596703	0.0371464166074185
3617	0	0.0183114538353917
3618	0.0469245402663285	0.0380653491157613
3619	0.0582752060875079	0.0367789453553563
3620	0.0349080532656944	0.0453900413684815
3621	0.0414077362079899	0.0330662050763509
3622	0	0.023160351934052
3623	0.0272035510462904	0.0302967051619556
3624	0.0634749524413443	0.0409203000198561
3625	0.00190234622701332	0.0153992845384729
3626	0.0623018389346861	0.0447735532774372
3627	0.0369055168040583	0.0309226950476158
3628	0.024001268230818	0.0291528834636793
3629	0.0315155358275206	0.0278413819752695
3630	0	0.0291329765894944
3631	0.0362396956246037	0.0310404777002748
3632	0.0855104629042486	0.0506119043235761
3633	0.0287254280279011	0.0291488541886846
3634	0	0.0136172533938811
3635	0.0374128091312619	0.0322775471903563
3636	0.0119213696892834	0.0164969464323459
3637	0.0308814204185162	0.0179179290260457
3638	0	0.0198546648393233
3639	0.0041851616994293	0.0167443329157451
3640	0.00215599239061509	0.027558374947157
3641	0.0253646163601776	0.0327203198759952
3642	0.0343373493975904	0.0266000551915263
3643	0.0429296131896005	0.0325398187175948
3644	0.00630944831959417	0.0287165251394594
3645	0.0591312618896639	0.0196717550561682
3646	0	0.0143079014623086
3647	0.0308814204185162	0.0400320038588903
3648	0.0584020291693088	0.0296331165067741
3649	0.0391566265060241	0.0377279406249787
3650	0	0.0131937776167326
3651	0.0676918199112239	0.0314550628702229
3652	0	0.0300482485497546
3653	0.0413760304375396	0.0353292115831748
3654	0.04571972098922	0.0389338149182791
3655	0.0199746353836398	0.0289682267080016
3656	0	0.0194354060980765
3657	0.0041851616994293	0.0337899090094715
3658	0	0.0255102339181286
3659	0.0311033608116677	0.0322359717507802
3660	0.0365567533291059	0.0327821302186675
3661	0.0434051997463538	0.0203653073833797
3662	0	0.0137421792432889
3663	0.0326252377932784	0.0277468352943939
3664	0	0.0147511953932372
3665	0.0357641090678503	0.0434689522095172
3666	0.0230500951173114	0.0243411098494345
3667	0	0.0101625321060958
3668	0.0394102726696259	0.0237106455511655
3669	0.0383956880152188	0.0230626283812714
3670	0.0131578947368421	0.0206793164561078
3671	0.0417882054533925	0.0310764446363281
3672	0.00443880786303107	0.051189090728238
3673	0.0183576410906785	0.0216268759247516
3674	0.089283449587825	0.0344290257726131
3675	0.0215282181357007	0.0256675482417475
3676	0.0327520608750793	0.030475356215686
3677	0	0.018426125554851
3678	0	0.0078285015060241
3679	0.0244451490171211	0.0326839375044036
3680	0.00136334812935954	0.0341702776016346
3681	0.0205136334812936	0.0453526474318326
3682	0.029137603043754	0.0290746250860392
3683	0.013855421686747	0.0249531554382537
3684	0.0211160431198478	0.0338550797617715
3685	0.0313253012048193	0.0295441052134234
3686	0.028852251109702	0.0230435682987998
3687	0.00228281547241598	0.00795210447051363
3688	0.0626506024096386	0.0249160881041033
3689	0.0720672162333545	0.0416924784156871
3690	0	0.0249872634939217
3691	0	0.0175864046687391
3692	0.0203551046290425	0.0172502203937702
3693	0.045434369055168	0.0389535481105709
3694	0.0399809765377299	0.0260150588860164
3695	0.00837032339885859	0.0156149011249677
3696	0.0288205453392517	0.0186610183423753
3697	0.0677235256816741	0.023046235980605
3698	0.0290107799619531	0.0235284481579569
3699	0.0477805960684845	0.0382594619965932
3700	0.0369055168040583	0.0275556658768036
3701	0	0.0242956768594847
3702	0.0435003170577045	0.0544780507069831
3703	0.0131578947368421	0.0196081834262257
3704	0.0368738110336081	0.0341394589912925
3705	0.0219403931515536	0.0148656732191926
3706	0.0453709575142676	0.0240546058815328
3707	0.068421052631579	0.0270163452268638
3708	0	0.023204410082977
3709	0	0.0090581498928043
3710	0	0.0263141381314733
3711	0.0941344324667089	0.0331207285281477
3712	0.0472098922003805	0.0291688803578468
3713	0.0264426125554851	0.0239796026210104
3714	0.033861762840837	0.0402432134553251
3715	0	0.00797074939433849
3716	0.0463855421686747	0.0401330350642335
3717	0.0337983512999366	0.021550440738773
3718	0.000475586556753329	0.017233169520186
3719	0.0382371591629677	0.0265438648045326
3720	0.0558972733037413	0.039328320802005
3721	0.0635383639822448	0.0351289896427816
3722	0.0360177552314521	0.0361876893539069
3723	0.00320228281547242	0.0249298698553613
3724	0.0479074191502854	0.0256862278836709
3725	0.0303741280913126	0.0342283754902652
3726	0.00805326569435637	0.0203507919624167
3727	0.0473050095117311	0.0238732441728637
3728	0.0586556753329106	0.0495650558891915
3729	0	0.0202791336705451
3730	0.0383322764743183	0.03181960529097
3731	0.0459099556119214	0.0242193562023987
3732	0.0696575776791376	0.0374634827398236
3733	0.0715916296766011	0.0372379922165442
3734	0	0.0119201366870993
3735	0.0476220672162334	0.0286239402052655
3736	0	0.0115962033250971
3737	0.0388078630310717	0.031725260896708
3738	0.0346861128725428	0.0268529312933244
3739	0.0565313887127457	0.038306284347918
3740	0	0.0227905305432255
3741	0.0216550412175016	0.0387683765916661
3742	0.0441344324667089	0.0213618509124216
3743	0.027996195307546	0.0141229263403359
3744	0.041566265060241	0.02912468168413
3745	0.0316423589093215	0.0267763323028958
3746	0	0.017315720920667
3747	0.00107799619530755	0.0141640979121163
3748	0.0215282181357007	0.0302856222933349
3749	0.0856055802155992	0.0312895484376531
3750	0.0249207355738744	0.0266820317708079
3751	0.0605897273303741	0.0290897462996385
3752	0.0454026632847178	0.0378460902433262
3753	0.0547241597970831	0.0221478017332488
3754	0.0191185795814838	0.0147830297005947
3755	0.00700697526949905	0.0252768330098704
3756	0.0210526315789474	0.0127167041371227
3757	0.0450856055802156	0.0317358794445517
3758	0.0405199746353836	0.0128309522921407
3759	0	0.0270958339938702
3760	0.0108116677235257	0.0276288826019327
3761	0	0.0106364140773621
3762	0.00155358275206088	0.011511650316436
3763	0.0494927076727965	0.0501805467483971
3764	0	0.022023232247877
3765	0	0.0185464093214965
3766	0.0230183893468611	0.0357287630052373
3767	0.011287254280279	0.0371501119186598
3768	0	0.0289162684112574
3769	0	0.0167236049461002
3770	0.0575142675967026	0.0291177713951782
3771	0.0519657577679138	0.0264734148819386
3772	0.0326252377932784	0.0220804269710421
3773	0.0285351934051997	0.0426515897384552
3774	0.0474001268230818	0.0367518612461542
3775	0.00494610019023462	0.0174851114986261
3776	0	0.033118376778808
3777	0.0864616360177552	0.039095902406619
3778	0.0445783132530121	0.0366708725341754
3779	0.00450221940393152	0.041729845076902
3780	0	0.0138750132107377
3781	0	0.0285417400596538
3782	0.0652504755865568	0.0311368803806977
3783	0.0136017755231452	0.0244807024149229
3784	0.0264743183259353	0.0152079062885569
3785	0.0522194039315155	0.0513658094983813
3786	0.0240646797717185	0.0324272088353414
3787	0.0316423589093215	0.034073811694145
3788	0.0370957514267597	0.0360432666337866
3789	0.033005707038681	0.0343565810290604
3790	0.00868738110336081	0.0272361375325865
3791	0.000792644261255549	0.0222572292565849
3792	0.045149017121116	0.0414876758495972
3793	0	0.0210584578530045
3794	0.042707672796449	0.0433530988455502
3795	0.0526632847178186	0.0338590258469777
3796	0.0975269499048827	0.0382387004156979
3797	0.051141407736208	0.0235658918569013
3798	0.00802155992390615	0.0361432116852164
3799	0	0.0382252946623587
3800	0.0413126188966392	0.0294404879978755
3801	0.0522194039315155	0.0473648013105052
3802	0	0.0184736900819653
3803	0	0.0137377107918194
3804	0	0.028679937796298
3805	0	0.028833880413294
3806	0.0432149651236525	0.0379750732252318
3807	0	0.0300386634256324
3808	0.0350982878883957	0.0282927763686324
3809	0.0409004438807863	0.0278799011836821
3810	0.00577045022194039	0.0304742390615092
3811	0.0393468611287254	0.0418436564594541
3812	0.0627774254914394	0.0376460855955149
3813	0.0379201014584654	0.0289756326249668
3814	0.00665821179454661	0.0253243444692899
3815	0	0.0233440131718008
3816	0.00409004438807863	0.0266583050468126
3817	0.0588776157260621	0.030765973249724
3818	0.0266011414077362	0.0226952169580578
3819	0.00659480025364616	0.0259179502389865
3820	0	0.0275092475163813
3821	0.0249524413443247	0.0223982244768548
