index	observed	oob_prediction
1	0.49022424	0.665311430562381
2	0.13324651	0.15961262911062
3	3.401993729	3.80647231088667
4	0.366307587	0.837632383855
5	0.049777262	0.171390688825379
6	0.118112032	0.113522727067857
7	0.070282963	0.162840356622581
8	0.104329533	0.128064104383772
9	0.077492669	0.202176393661085
10	0.042680681	0.0595309337591135
11	0.22321362	0.207536644672727
12	0.043277839	0.132238778276852
13	0.286644282	1.18132603635263
14	0.117095223	0.135604564011538
15	0.328543312	0.981421744696774
16	0.233897054	0.42073437636491
17	2.642912953	1.9484552634735
18	0.132308963	0.288443665603226
19	0.23803256	0.127153190836508
20	1.062925005	1.56658894600397
21	0.063920629	0.0676916828460976
22	1.768472725	1.92925336214927
23	0.057599065	0.277459806936325
24	0.124880863	0.988164215179167
25	0.122362081	0.13727168918547
26	4.23553236	5.16923833738056
27	0.034525006	0.209550314307071
28	0.373269832	0.243721219271138
29	0.24090439	0.146441655543434
30	0.040210513	0.158809860895161
31	0.27590526	0.477251977946581
32	0.152290115	0.236105139691441
33	0.23336009	0.126542186719524
34	0.5045974	0.556941174183334
35	0.396500293	0.372303324063218
36	0.157925285	0.151002816536869
37	0.146664123	0.360709790864815
38	0.543707102	0.163461887475
39	0.387519272	0.682003257172764
40	0.11313221	0.314643061915
41	1.308142948	1.23761819827333
42	3.134037428	2.01071494088148
43	0.241555396	0.93886179964
44	1.078223093	0.772575863339352
45	0.070390974	0.0933863708730159
46	0.059020599	0.298427814973125
47	0.2821351	0.553018848702193
48	0.498695046	0.734504894266111
49	0.078398395	0.147759906928509
50	0.560436471	0.867744845699099
51	0.040371433	0.0847372492578039
52	1.36463654	1.33233768488618
53	0.120626467	0.2901043547875
54	0.16894192	0.154808530057246
55	0.196935	0.182127144770098
56	0.60622524	1.30123319265714
57	0.361188416	0.522250590124444
58	0.080898828	0.104112850584649
59	0.096014028	0.276914681727083
60	0.151431488	0.319479581002604
61	1.616029376	0.406420531993333
62	0.291148396	1.25701021001979
63	3.96305097	2.8954120702494
64	0.096265877	0.531970806777632
65	0.129500887	0.12238417483536
66	0.13038118	0.104687346413889
67	0.042947768	0.0811203048066667
68	0.089601755	0.129972749706306
69	0.085083007	0.256871838880476
70	0.56432149	0.172179334024797
71	0.036082557	0.100111084645042
72	0.436520425	0.758280054811869
73	0.081081091	0.103283180860088
74	0.06265378	0.70147031727625
75	0.082018957	0.143884024999167
76	5.12515507	4.5108999297051
77	2.94758958	1.08289233177071
78	0.05285649	0.306161105347968
79	0.124211698	0.17876033934697
80	1.100066993	0.738763867852857
81	0.0509177775	0.0943439023856482
82	0.172666716	0.414395703293605
83	0.615656042	0.956303487495834
84	0.119932398	0.245183808639063
85	0.499472154	0.83111337926632
86	0.072880698	0.12566525845812
87	0.038418593	0.119709938683578
88	0.246639052	0.384916575060256
89	0.379457353	0.15772093565
90	2.14153856	1.71162146931157
91	0.092295241	0.156702910000855
92	3.4696657	4.32080156327188
93	1.16008968	1.64180260168114
94	0.42143153	0.153975817879054
95	0.069025431	0.105730453069676
96	0.216973633	0.25299580369309
97	0.03798347	0.108790492391667
98	0.132491963	0.219484617485088
99	1.88830429	1.30608728436432
100	0.110263544	0.235814373348062
101	0.03639074	0.0838227148947222
102	0.09633059	0.141400845733333
103	0.16997701	0.238870260181429
104	0.545942975	0.913053208184959
105	0.362313974	0.244353840817735
106	0.075720713	0.196071612565766
107	0.172993083	0.215747728280488
108	0.27274748	0.373298278417634
109	2.768990956	1.69198526683525
110	0.332102549	0.557493929476882
111	0.25541948	0.284752368647685
112	0.389384832	0.447924970557222
113	1.4757247	0.657668153600868
114	0.311419891	1.77861462496177
115	0.472299906	0.681559152874206
116	0.50407197	0.1997030020875
117	0.357271172	0.77137224668848
118	0.09449272	0.137164258709804
119	1.75034107	0.639561732877778
120	0.326340855	0.670388914236712
121	0.689831804	0.759746804932184
122	0.71397788	0.167137640408871
123	1.323483365	0.720842574691905
124	0.106764757	0.152404265833796
125	0.27818554	0.52146671958964
126	0.260010177	0.170575642219792
127	0.765674068	0.534682194786979
128	0.114008967	0.13904584582415
129	0.060786116	0.203637093863821
130	0.11032505	0.224205840371667
131	0.973224197	0.370406764180128
132	3.118912166	4.00119143422798
133	0.153467753	0.109444794661628
134	0.076384942	0.186573562051389
135	0.072511337	0.170404006365591
136	0.062182604	0.191979274337917
137	0.357710132	0.99686253844394
138	0.075338693	0.131983031090917
139	0.044296494	0.63242549148373
140	0.156343877	0.901445639991056
141	0.066255187	0.327462875473437
142	0.028927125	0.146035658804048
143	0.183458745	0.19573723914031
144	1.142776419	1.60566963431318
145	0.32859378	0.155711608789687
146	0.40998477	0.196447413724667
147	0.134819895	0.149053028104701
148	0.782582176	0.662373325795185
149	5.3753188	3.04710282620671
150	0.060038477	0.222008907083333
151	0.689060964	1.0057768107436
152	0.118842747	0.149048806142248
153	3.041389203	2.05860493950052
154	0.356655479	1.29230975235743
155	0.193807193	0.143114142221053
156	2.23158182	3.51013514482412
157	0.059050233	0.303512907880227
158	0.787439283	0.429252523617901
159	0.931066255	0.771083546927272
160	3.54442018	2.49100866713781
161	1.20479064	0.750472788099099
162	0.075629208	0.0961546209551724
163	0.62263535	0.185726902268561
164	0.484231688	0.501069541442793
165	0.094130084	0.192499990432558
166	0.021047242	0.0545987226986111
167	0.02343547	0.146097929531395
168	0.499430866	0.80737359145625
169	0.189487741	0.317559527263597
170	0.367469466	0.589155993760877
171	0.067984324	0.342568911909722
172	0.125770322	0.12650102382973
173	0.071134388	0.378557587461036
174	0.131208862	0.140938685668699
175	0.152254443	0.231996509626667
176	0.93762061	0.967752820501852
177	0.102001135	0.536032807274748
178	0.10029071	0.129807287798485
179	0.14498742	0.265204042752381
180	0.28697035	0.221560370860684
181	0.124209022	0.512253217295946
182	0.13566786	0.208069711491667
183	0.384376926	0.191417598583712
184	0.595064409	0.992250775324479
185	0.345781542	0.388833562021429
186	0.92228998	0.865511300597222
187	0.090460438	0.333360738868627
188	0.081353114	0.143883763910569
189	0.131396568	0.196302317227703
190	1.878618622	1.58890183655903
191	0.324671026	0.199037569807609
192	1.011928953	0.926657790541936
193	1.496588405	0.744308739526923
194	0.04822542	0.1266262761225
195	0.0664722357	0.101447526487677
196	1.549141075	1.03972111148137
197	0.083065486	0.116198061805435
198	0.06588378	0.82776439813547
199	0.094722333	0.145104665178333
200	1.192014839	0.9943361777575
201	0.70988624	0.199416084476404
202	0.57328052	0.256443008584524
203	0.037446767	0.135772378152874
204	0.076506347	0.195627844234524
205	0.012898501	0.112231928678333
206	0.122862576	0.161483348437681
207	0.030206924	0.131122785167432
208	1.078741857	1.34227759153991
209	0.072927043	0.0471547168455159
210	0.0422745985	0.161667151090991
211	1.179167068	1.3004822378125
212	0.099419947	0.567522284915417
213	0.17281152	0.23201058826
214	0.316711404	0.843438585238377
215	0.137553211	0.129127323794086
216	0.98916928	0.668033207938597
217	1.438472325	1.29276575384333
218	0.072835383	0.416553749100208
219	0.124413644	0.23392128685
220	2.606272863	1.8531369310036
221	0.069919227	0.111147870675417
222	0.064453203	0.140601634527586
223	0.879135676	1.0374203567908
224	0.903917497	0.587457333205602
225	0.050789625	0.19370082152455
226	0.30127673	0.256903441893421
227	0.139949474	0.100267289538889
228	0.158840536	0.15102964783114
229	0.23332044	0.297843129997297
230	0.087766295	0.142946502231905
231	1.34005134	1.33170637999323
232	1.570141033	1.00472192285083
233	0.782508243	1.15617723950698
234	0.87752109	1.3462171720457
235	1.15472798	0.530340508491892
236	0.3067094	0.189437920428704
237	0.23152639	0.0799196945086667
238	0.108743685	0.701321940653604
239	0.999172704	0.82227306880926
240	0.00153061628	0.00425386643855093
241	2.678464554	1.08526828511505
242	0.12489771	0.365282160227143
243	0.166324454	0.570765174488372
244	0.848890628	0.238895492773809
245	0.713700324	0.183814094938074
246	0.307798245	0.292710683640556
247	0.069635589	0.136252212441587
248	0.128216026	0.239849094528125
249	0.711211013	0.759694477891667
250	0.17852355	0.182760107424359
251	0.06949216	0.42532867325045
252	0.130239975	0.175186862848649
253	0.054379324	0.171807870644144
254	0.99955857	1.65406907127857
255	0.1123943	0.136165822668229
256	0.042601603	0.143464896745238
257	0.028346137	0.249404103424359
258	0.130673623	0.0853223532642157
259	3.560338475	2.74351105065857
260	0.063113409	0.434686892078829
261	0.906644629	0.614511828252381
262	0.220475352	0.643650616775
263	0.55298317	0.133964517329252
264	1.165192259	1.046882013725
265	0.16596392	0.14520591726626
266	1.653360736	1.67298652374167
267	2.897417961	0.854490487854687
268	3.284003869	3.18924772315599
269	0.060045725	0.137056866285
270	0.071695397	0.205026015618981
271	0.081215698	0.129720164613514
272	5.805478952	5.83324045771359
273	0.481539347	1.75801070085667
274	0.206857885	0.134868418084444
275	0.058217602	0.0870654576048387
276	0.060620726	0.366185670647222
277	1.718097007	1.62963938190486
278	0.132935316	0.227109297758333
279	1.88065513	1.34413353365965
280	0.049966147	0.089730924256746
281	0.094091377	0.194263560758
282	0.127572526	0.318733171505983
283	0.045362976	0.175747526663426
284	0.081085218	0.794447320861707
285	0.400797928	0.915747057156587
286	0.076983391	0.659187281655159
287	0.061563522	0.245014850638492
288	0.23726198	0.225697441982051
289	0.103757397	0.0853884323787879
290	5.093616346	4.79601680353207
291	0.2835161	0.294179455984343
292	0.125561612	0.147360374926667
293	1.3359995	1.31780289621861
294	0.6838031	0.536749197017063
295	0.219999545	0.251735589575595
296	0.068061965	0.115548876977381
297	0.37272633	0.6360271126455
298	0.474898785	0.303757871734946
299	0.414288125	0.225242677475641
300	0.21838429	1.19479047496125
301	0.068519618	0.343129205038597
302	0.632934416	0.285094399866667
303	0.08368331	0.0745637623544445
304	0.081630085	0.202613147066667
305	0.049253794	0.2110434480625
306	0.117343664	0.188529921977143
307	2.887616223	0.680502094251961
308	1.589560496	2.39649877510116
309	0.046524512	0.0972892022720588
310	0.069592649	0.386647067801087
311	2.20467624	1.70117867606081
312	0.194113642	0.955932896192424
313	0.889462232	0.398285699359459
314	0.092350203	0.0935413859873738
315	0.621120938	0.910404414690909
316	0.428238724	0.555548471641442
317	0.044768366	0.232184656126875
318	0.253931285	0.406953023123932
319	2.606021902	2.20441779665806
320	0.085147723	0.155117891674638
321	0.27960373	0.158397418661111
322	0.02829786	0.0520348574860294
323	0.058424775	0.196353947456373
324	5.91522606	3.74412975091729
325	0.166687427	0.259170693346099
326	0.150911347	0.122757568954505
327	0.121738973	0.132544028652703
328	1.591126314	0.415454350748198
329	4.007858618	3.13598274436954
330	0.159946003	0.512567206214024
331	2.876185049	2.71020958009
332	0.095314738	0.101468315682906
333	0.020184528	0.229517287883889
334	0.603830271	0.943414440288889
335	2.702375291	1.10635262385513
336	0.63137569	0.982007467522093
337	0.078695048	0.119383776958974
338	0.06915998	0.45394180406557
339	0.045376778	0.0451080926858796
340	0.656846607	0.261973262526961
341	0.327908611	0.159631831153385
342	0.48258972	0.749760843437152
343	0.134717999	0.180629222966204
344	0.249373548	0.122361155732558
345	0.094387874	0.212585599063095
346	0.28051444	0.180819640856151
347	0.061354846	0.362161633180682
348	0.362851358	0.165834041889912
349	0.36739226	0.146833518148333
350	0.038536097	0.0887991782375
351	0.138402041	0.348193143801562
352	0.05179119	0.453977698538726
353	0.5962088	0.888975346287037
354	0.21381449	0.153475346348684
355	0.058671763	0.0880031523376543
356	0.100057006	0.150079506865873
357	0.165914465	0.215337978538288
358	1.833560279	2.00236433286208
359	0.46544465	0.251482884553763
360	0.051782249	0.31102358122439
361	0.222647394	0.273849233192083
362	1.832853163	0.663400383241379
363	1.002326702	0.737540267094144
364	0.20322549	0.239097599413158
365	0.060062759	0.144814894443056
366	2.709278576	1.75666538960099
367	2.463481717	1.04559761874532
368	0.125890052	0.13630585305
369	0.020855202	0.109337693099595
370	0.079070486	0.142415772381982
371	0.514511739	0.911152273617084
372	0.058787819	0.124674835345946
373	0.473608467	0.956022258031481
374	0.034499823	0.296549852615315
375	0.067599941	0.167843677708108
376	0.153079215	0.25310098809359
377	0.061477635	0.601030252662626
378	0.064513164	0.0886817696119048
379	2.80978585	2.10490376722883
380	0.238742153	0.653795627831566
381	0.11018194	0.201508777356481
382	0.093759854	0.550939008533333
383	0.086316621	0.766994600424
384	0.112030898	0.162881461715812
385	0.046859367	0.160788505008761
386	0.089146796	0.187646797091667
387	1.091023332	0.433015754532353
388	0.75983401	0.717352120176471
389	0.306455314	1.1090788842307
390	1.29445464	0.837923545185484
391	0.19163151	0.166349831847588
392	0.056761287	0.112010264686765
393	0.180310875	0.101542357165741
394	0.075237101	0.353874347264516
395	0.281328216	1.03448748185795
396	0.31231346	0.335588372267105
397	0.47273287	0.458516200777037
398	0.40189435	0.278542214931079
399	0.021262668	0.067089389152598
400	0.1503233135	0.987706733775834
401	0.541807124	0.821401989255238
402	0.0068247637	0.0209318130483431
403	1.21963459	0.88779228599495
404	0.95996496	0.98745576242265
405	0.036257534	0.068989543266
406	0.211701184	0.171075738209804
407	0.54705809	1.34156408470855
408	0.25327229	0.176092702310465
409	0.436973094	0.712045939123737
410	0.153039024	0.322141384648438
411	0.327165774	0.202020184098148
412	0.095258205	0.334955022336937
413	0.125228038	0.139101358665833
414	0.45518155	0.423894558456439
415	0.033940497	0.0341971592201351
416	0.0221866947	0.0557533748708205
417	0.078957977	0.368579003189706
418	0.040886586	0.126441656507619
419	0.11727538	0.169948435913248
420	0.508016677	0.720835007658333
421	0.15937092	0.75511771122451
422	0.065072305	0.178191745455856
423	0.257601941	1.06274473429005
424	0.093100859	0.113312550231313
425	0.15757041	0.0992501670747475
426	0.08726976	0.17314589015307
427	2.06916766	0.692883899541071
428	0.914791568	1.57399932495965
429	0.059225543	0.29273881067246
430	0.31054902	0.362191467716667
431	0.136885707	0.1203091782875
432	0.78752432	0.79003349615787
433	0.581721967	1.60912756356081
434	0.49953564	1.22139433864021
435	0.059400603	0.121323448803419
436	3.733293544	3.54450167685167
437	0.52196878	0.154131127743011
438	0.157887406	0.0987366192626016
439	0.360667886	0.651679093410811
440	1.172620845	1.1716499506925
441	0.760744096	0.997197136938618
442	0.074684404	0.164398943081373
443	0.14142783	0.173501803775214
444	0.950468727	0.379689177219048
445	0.118066058	0.575858640282184
446	0.393224267	0.172893779281884
447	0.15949323	0.467591895567886
448	0.261709595	0.193989509859009
449	0.374306983	1.45994129904017
450	1.713387536	0.321154288512917
451	0.081287708	0.168414526215686
452	0.690708404	0.575597002737917
453	0.182564266	0.647434305918376
454	0.082964409	0.132992666935417
455	1.34056161	0.580470944902381
456	0.162722038	0.0468761994460185
457	2.24871152	2.10692377704259
458	0.089815898	0.0785095401723809
459	0.081795078	0.165829879778125
460	0.00890189876	0.00368368085274747
461	0.06625619	0.498938100743919
462	0.43176149	0.207623475017521
463	0.078927468	0.111368268592424
464	1.288611563	0.914356038686111
465	4.5993954	3.45612876332304
466	0.08457109	0.11252741205
467	0.433890963	0.594144606890909
468	0.06611657	0.138315702636275
469	0.0589642612	0.0750958049762879
470	0.062819457	0.170478924276667
471	2.34080664	1.18063716654143
472	0.430999786	0.589312884993549
473	0.14762274	0.300469631172868
474	0.236944458	0.370678636696324
475	0.058693344	0.281378189129524
476	2.245893511	1.28003775069167
477	0.1680653	0.182763760947222
478	1.958115854	0.701677980716177
479	0.28244972	0.143818512032008
480	0.272817545	0.824439698100463
481	0.188489416	0.132234856158293
482	1.662850706	1.03327493653472
483	0.119972441	0.151080442806306
484	6.37054053	4.10179783898892
485	0.214800126	0.347300650845833
486	0.154694879	0.104667844061789
487	0.059534762	0.173512652531019
488	0.084358892	0.295091178273413
489	0.102828406	0.371188643369369
490	1.3136098815	1.31389728781204
491	0.62040448	0.773595138685417
492	0.139200829	0.0969880462320834
493	2.443502085	2.10927785064302
494	0.00253699617	0.012210631424162
495	2.153224723	1.16875235194583
496	0.20614043	0.195642344344762
497	0.067786321	0.160759842994167
498	0.219204127	0.191110528628455
499	0.16894897	0.478220638435606
500	0.1667672	0.158592145128633
501	0.651903552	0.887907668811508
502	0.535761718	0.868241914260544
503	0.100109152	0.259693479884127
504	1.915061703	1.89372113196111
505	1.45190531	1.5169322529101
506	0.120296406	0.102791571777619
507	0.157466863	1.177626618575
508	0.119343418	0.131204939484146
509	0.027041497	0.243829128810784
510	1.18551516	0.309670392451042
511	0.067518736	0.135160358569608
512	0.18273758	0.13081522788125
513	0.02275573	0.034409804413625
514	0.920530695	1.27860150343678
515	0.086235672	0.156313887118943
516	0.2638723	0.538970717545098
517	0.090202668	0.107760286069643
518	0.03909415	0.0843486726519841
519	0.624942747	0.295532466843137
520	0.0339415447	0.0763375142216239
521	0.52941035	0.197820284998925
522	0.021010063	0.0842327294023424
523	0.13984558	0.186369474547549
524	0.158290182	0.154754198693902
525	0.0809756	0.387338876798958
526	0.088365067	0.62209522273547
527	0.0383269746	0.118515118292095
528	0.102420645	0.741942511798
529	1.80041016	2.51485795416923
530	0.03303566	0.124646393655128
531	0.63990257	0.897614564824806
532	0.578972752	0.250278709127124
533	0.089744141	0.370963963775556
534	0.109252083	0.332004971662766
535	0.056125304	0.0945607577880953
536	1.578995298	0.774834036495959
537	0.057683739	0.096322747745
538	0.038401553	0.144891242560135
539	0.172679605	0.400864423146774
540	0.120078495	0.30916318137381
541	0.439426774	0.703691661175
542	1.56286591	1.19971348498684
543	0.474526734	0.0906718942531531
544	1.20687629	0.725201939425676
545	0.626472338	0.694805579082143
546	0.282336611	0.476215870755128
547	1.106543529	1.66723536092748
548	0.084442004	0.192469577414167
549	0.104655463	0.257103711802941
550	1.51280188	0.948020231608974
551	0.33920198	0.791187281961275
552	0.124680215	0.286696960682558
553	0.044552183	0.0491110319185145
554	0.03630814	0.17402118535914
555	0.028245716	0.156660364405254
556	0.35895537	0.0762511148549019
557	0.061630538	0.170239722267568
558	0.53594289	0.206895287353333
559	0.041902466	0.126487583957143
560	0.29492855	0.241259557785897
561	1.19969977	0.864611824408559
562	5.276624828	4.14136623720323
563	0.077380286	0.176113245310833
564	1.05710988	2.01026885914359
565	0.251344334	0.23563094769375
566	0.089601767	0.185675889257292
567	0.438154737	0.292264832534127
568	0.34191279	0.279262974916667
569	0.063659264	0.205187389595455
570	1.332656103	0.869220118445238
571	0.347194193	0.518369612213131
572	0.105461185	0.144996599357658
573	0.926342804	0.42280628173172
574	0.021148923	0.0365080609367172
575	0.080596607	0.0854211774265766
576	0.198145956	0.17064457885977
577	0.406318116	0.710471224957353
578	2.374483596	1.72876600933532
579	0.10246174	0.274587254637654
580	0.082976598	0.514691484384762
581	0.100346438	0.244618523897619
582	1.20977447	0.646638561469842
583	0.270347335	0.475783863746212
584	0.198766093	0.179650376754762
585	0.64624019	0.820379917148125
586	0.027999093	0.124313417257478
587	1.929767113	0.354172001249537
588	0.060715245	0.0522787064171296
589	0.10142681	0.658402748133854
590	0.167368302	0.161748658532258
591	1.107679574	1.39522858407646
592	0.0241875876	0.114774921612778
593	0.474987137	0.674776763927143
594	0.088613413	0.326583732718229
595	0.071831224	0.0732905921752252
596	3.84802274	1.90042852456613
597	0.093984032	0.0593764867738095
598	0.074685786	0.157763196010088
599	0.45274435	0.453359818686869
600	0.047116493	0.229038072355983
601	0.67092625	0.624381736468919
602	0.965135398	1.44004636138563
603	0.346129465	0.37207871864009
604	2.529871719	0.887365940739361
605	1.875943507	1.56612986709699
606	4.036572796	4.31006645313483
607	0.141833392	0.182707649669444
608	0.606418319	0.942917629495122
609	0.07181394	0.0680410031157657
610	0.151750292	0.0841662350666667
611	0.951507641	0.629300842870652
612	0.259815273	0.4658614253
613	3.37885866	3.12869038679921
614	0.047805682	0.388931792469512
615	0.047238724	0.268982646956202
616	0.134117589	0.106710020273684
617	1.0254502	0.998453201961789
618	0.5706564	0.160170011594737
619	0.486687834	0.49976760826464
620	0.59599264	0.234428917782292
621	0.357214998	0.212538161414228
622	0.93362336	0.174583574554065
623	1.833829832	1.65065938166958
624	0.13473053	0.136688295173333
625	0.254354585	0.298393452835238
626	0.051233901	0.100601747207265
627	1.36611655	1.15528119417432
628	0.06035539	0.116234141084583
629	0.288844918	1.15811826418056
630	2.086492522	2.0209283776025
631	0.370443097	0.410852940098374
632	0.099992071	0.108838166231111
633	0.182977584	0.62247337438151
634	0.08967388	0.148376276534884
635	1.240801573	0.826445958756894
636	0.118061162	0.826945181307407
637	4.715331569	3.63327468312619
638	0.045292313	0.054668682168421
639	0.58880214	0.226114250783333
640	0.078489043	0.107171763787805
641	0.07877493	0.545434768939524
642	0.111277	0.257033381059921
643	0.076138077	0.959812486576389
644	3.955952316	4.37580475010315
645	0.132728855	0.195023089820513
646	0.61255276	0.61034216545463
647	0.056567489	0.081941121667647
648	0.08459017	0.226938841856818
649	2.161357945	1.00501744771048
650	0.893354933	1.37278685997701
651	0.69956456	1.16525499913381
652	0.150988431	0.390867295160648
653	0.525110063	1.13732770952304
654	0.034239644	0.0740991544927778
655	0.066668286	0.122284854041288
656	0.179600742	0.143913763791176
657	0.078221002	0.293966780155808
658	0.056251119	0.108216632520476
659	3.373418054	2.34827651854167
660	0.111218279	0.0927126516359524
661	0.68487834	0.501931176457738
662	0.07190474	0.19642515863725
663	0.0312667015	0.087616110068125
664	0.19886685	0.154972393978509
665	0.316741	0.46606066526075
666	1.333888718	0.530924729830833
667	0.900606907	0.248711301597464
668	0.143709979	0.373849542922917
669	0.074841386	0.13091634706275
670	0.614509625	0.416123904907619
671	0.040481998	0.115404546424457
672	0.0413784405	0.0439909245410555
673	0.170901593	0.168490311822523
674	1.020810817	0.67858648769697
675	0.045606935	0.0555529983876344
676	0.477139447	0.417766235108943
677	0.402408597	0.89388872158
678	0.079075769	0.0954084520569118
679	1.576590516	0.600468177589855
680	0.80566507	0.560377650832558
681	0.11285859	0.554101229622857
682	0.243242076	1.29249411770293
683	3.624404174	2.39501128947988
684	0.028649695	0.0869770737615385
685	0.19442645	0.124088957269192
686	0.119713543	0.217486280876667
687	0.080833329	0.300878232641261
688	1.089261994	0.16462881294213
689	2.266199573	0.463554565840541
690	0.074812984	0.088279550850463
691	1.799551145	1.60013794161722
692	4.38861834	3.56036353381852
693	0.365425415	0.208159448058333
694	0.574348588	0.861029714426961
695	0.22388243	0.260444559311508
696	2.05249421	1.14261186107598
697	0.28390805	0.156632835295952
698	0.174752322	0.156583027877315
699	0.11441241	0.193433094136036
700	0.045110129	0.135182733434146
701	3.540105068	2.6930665802519
702	0.171993308	0.157939599507971
703	0.11575822	0.105451010303226
704	0.183474325	0.420292986653604
705	0.5100792	1.03892801862989
706	1.954820451	0.959879633277891
707	1.70360097	1.41112709010253
708	2.720331608	3.00913131622895
709	0.31183015	0.233147522608559
710	0.60730845	0.339271046051515
711	0.082428205	0.224085241426944
712	0.096180647	0.100034775931667
713	0.48560535	0.642210278561574
714	0.100657832	0.100796297943519
715	0.2899894775	0.157499440414375
716	0.115686202	0.190247790335057
717	0.251292618	0.224342013606771
718	0.049320877	0.397824640028488
719	0.13965257	0.130440614539474
720	0.100718934	0.184144781063376
721	0.03414388	0.466776185454583
722	0.07380845	0.0972573911164682
723	1.444354484	0.970393550944872
724	0.114537924	0.154298425227236
725	0.293884	0.191701571757828
726	0.563466645	0.876000156557408
727	0.154034035	0.205867040342929
728	0.237185197	0.153417875144737
729	0.085067967	0.117661980734849
730	0.135455217	0.153005666308455
731	0.46313655	1.13829262615248
732	2.40057511	0.732405770034009
733	0.153363094	0.144320115281863
734	0.424629807	0.168790413705278
735	0.87541781	0.745078110688333
736	0.099821601	0.474965173455556
737	0.232895234	0.198957043195614
738	0.074134036	0.101568323038953
739	0.119114488	0.17197906951746
740	0.59854124	0.26116455475126
741	0.08985544	0.189476314384409
742	0.194444094	0.237328822086559
743	0.244312956	0.22114963094899
744	0.065338247	0.0730544821304762
745	0.06608223	0.265491307061828
746	0.819028512	0.365477887355556
747	3.345874427	3.51248535862622
748	0.104650333	0.275296411162037
749	0.82352009	0.686073381967094
750	0.832558456	1.24976401522315
751	0.076140327	0.599761680606404
752	0.09601231	0.143796325307456
753	0.112433385	0.0897091933963542
754	1.93554809	1.78857987024328
755	0.247452599	0.263854123281759
756	0.089976328	0.303273770698295
757	0.394847709	0.657243600663158
758	0.21470307	0.155542790544017
759	0.071364437	0.272318935868919
760	0.566920557	0.670823081015196
761	2.100509691	0.572873952385859
762	0.943909239	1.1867940712688
763	0.082619386	0.614270126637301
764	1.073315484	1.18595194719524
765	0.032017405	0.0638546301814729
766	0.101894207	0.208424073870556
767	0.151904978	0.170328989003646
768	0.19440736	0.140759807617143
769	0.419115232	0.259555437171032
770	0.065061189	0.0829167405103603
771	0.035229197	0.214044246320476
772	0.257431229	0.192151197237838
773	0.06674294	0.247055724636325
774	0.607765194	0.969296805672381
775	0.112964782	0.54546574256938
776	0.058359008	0.111490902623062
777	0.23209386	0.227473344021212
778	0.566244446	0.833347328174074
779	3.162796459	3.82322959463381
780	0.32705287	0.119893707527381
781	0.0422839	0.0619380930564516
782	0.742862517	0.41227899463
783	0.093492696	0.177863829677273
784	0.0047059211	0.0141054101063089
785	1.217972957	1.50279457091748
786	1.59770692	1.27350405447505
787	2.04777328	0.936155739235714
788	0.07057691	0.179670248997368
789	2.212560164	0.358794106748227
790	0.18476609	0.159148195599702
791	3.811304613	4.26362171461309
792	0.101383312	0.153163832388636
793	0.057205794	0.188500852314167
794	0.0424151145	0.0870759409034483
795	0.095596149	0.0880465938942857
796	4.60444235	4.5445278923018
797	1.035536308	2.30562986392149
798	0.096566922	0.0921693159509259
799	0.25872964	0.288896246860833
800	0.66947008	0.984395343127222
801	0.677825847	0.116643908359402
802	0.477014654	0.777935409666667
803	0.194700622	0.105997674839487
804	0.26295402	0.663951360632381
805	0.26841749	0.47572770489127
806	0.488770794	0.640020622785859
807	0.22567631	0.200276157420202
808	0.107701826	0.162008584167204
809	0.396084977	0.315763694719643
810	1.286443518	0.443386614954472
811	0.829338241	1.20937901711528
812	0.726295783	0.565029573107724
813	2.251327858	2.40607687744861
814	0.06233751	0.340544048879792
815	0.962572536	0.347387352603929
816	1.0908880985	1.31115374746193
817	0.036478652	0.044401383608254
818	2.988188977	3.01987707980148
819	0.257218157	0.437997870949561
820	0.21153863	0.162452107071569
821	0.145070299	0.135769585887281
822	0.132563326	0.138572229561712
823	0.045206632	0.291375580003947
824	0.104739864	0.10707032322193
825	0.49852704	0.268039572938235
826	0.053060235	0.117242264194301
827	0.820337546	0.740886041311667
828	0.049530553	0.292215271425
829	0.073481028	0.0969450259033333
830	0.145550226	0.178522730965351
831	5.037112878	4.30685017518252
832	0.400057311	0.49145084388871
833	0.102917753	0.161274660042157
834	1.288630243	0.762172682275641
835	0.082811886	0.185286606109657
836	0.085987276	0.174021872352874
837	0.345744056	0.47957968190101
838	0.50753043	0.451571844365079
839	0.59138037	0.314122753631482
840	2.065797763	1.64622242037593
841	0.36310685	0.480686409345977
842	0.131650869	0.217716779669574
843	0.93459683	0.690245506739431
844	0.047646608	0.466538553020513
845	0.123870735	0.62793159097412
846	0.18166191	0.252602412254583
847	0.64648763	0.881300892704274
848	0.386705825	0.2310675477875
849	1.251582129	0.326257343438095
850	0.197935758	0.229053272334921
851	1.081993947	0.941912942878571
852	0.108613734	0.122251543134649
853	1.87766129	1.25774442042796
854	0.57389111	0.141959825742517
855	0.103118413	0.0911771775326577
856	0.602816128	0.771670209888034
857	0.407238965	0.44031924903037
858	0.40613084	0.138773775136667
859	0.152652736	0.204946640939912
860	0.04471244	0.0696615540309524
861	1.875490933	0.75874885017
862	0.064806504	0.281523499414167
863	1.77493638	1.57360153527325
864	0.287759298	0.363908023769767
865	0.088910308	0.739891725304444
866	0.122179446	0.239837072762745
867	0.756968756	1.0207110805023
868	0.102652263	0.07132670895
869	0.07736598	0.19143509840381
870	0.089713728	0.145193008088958
871	0.146844796	0.288767967040686
872	0.986441779	1.28831497639857
873	0.747079392	0.989526004972973
874	0.240361987	0.299099002511667
875	0.047768516	0.134655187226667
876	1.024464254	0.164569939599755
877	0.25121399	0.54399102997381
878	0.065681162	0.121480314676768
879	0.294874016	0.482112766826773
880	5.47154245	4.80337314961985
881	0.878080977	1.11199077026909
882	0.083215241	0.278562403180208
883	0.100050162	0.0967333082328095
884	2.615361885	3.13264060349546
885	0.052613012	0.325494297078889
886	0.11879301	0.299118512741861
887	0.518467895	0.11513926662971
888	0.367093862	0.198609863239048
889	1.559590475	1.00792162690285
890	0.272904264	0.239042115897368
891	0.019584159	0.143628825860351
892	0.058047228	0.0431128892581982
893	0.247890945	0.245229398658333
894	0.495526416	0.87685431068374
895	0.572239967	0.286195683245726
896	0.064740008	0.3946449267525
897	1.596599522	2.13199099334299
898	0.130125407	0.062293608229386
899	0.097953581	0.313474426767094
900	1.641279762	1.29576973435132
901	0.325903169	0.670937534761842
902	0.05277038	0.138161389899524
903	0.03352257	0.159103716012613
904	0.784469083	1.01029993949167
905	1.067586483	0.901570171680797
906	1.79237165	2.23763727696441
907	0.073954953	0.228715963664583
908	0.065845482	0.0913850007479268
909	0.609641683	0.68550831879875
910	1.088929659	1.32295184509244
911	1.8342918	1.00186677268158
912	2.41264654	0.886284087179868
913	0.16858271	0.156313450793137
914	0.42943067	0.380112492400855
915	1.188709176	0.998098603671491
916	0.269674223	0.348745692843011
917	0.223204648	0.684658704523334
918	0.694067975	1.01402565736135
919	0.098109182	0.13980404539086
920	0.202372977	0.169376048823148
921	0.36214602	0.755006879657576
922	0.631674848	0.534729209064352
923	0.056784719	0.202583540405051
924	1.089043864	1.42288456950833
925	0.113424781	1.13074344944079
926	2.570470232	1.11395994119238
927	1.17562257	1.55495318637436
928	0.212972454	0.459881478811435
929	0.049491004	0.150160467075245
930	0.05977813	0.0550045675534314
931	0.085316294	0.159580395545045
932	0.047134968	0.478810138244017
933	0.372844103	1.21164302563737
934	0.59162498	0.775041637924167
935	0.105210525	0.153974308959896
936	0.625167593	0.366231058062162
937	0.136518082	0.161809237709583
938	1.652676967	1.08669688258611
939	0.117471238	0.141217503811212
940	0.634657185	0.645576123321759
941	0.097059019	0.167319562422481
942	0.041800352	0.124749884978788
943	0.825597988	0.832201592675253
944	1.313724834	1.0468616340491
945	0.16687025	0.878458675963235
946	0.269730163	0.208704870481609
947	0.06581226	0.216115169536191
948	0.246597377	0.319114617853241
949	0.074673928	0.12036905395
950	1.149602318	0.504386287731905
951	0.12202961	0.205330673099145
952	0.109987173	0.150101291062393
953	0.00289725157	0.00652805633635185
954	0.172632587	0.69290693810303
955	0.0061846311	0.0159071628407149
956	0.538407487	0.938409967127778
957	0.069578674	0.112716880973932
958	0.36742562	0.165659308374074
959	0.291045205	0.50807126834079
960	0.043766557	0.198620802505049
961	0.25336685	0.444787285786842
962	1.587238836	1.30030309525455
963	0.10249829	0.708323617478571
964	0.0103984784	0.299217660056474
965	0.060825764	0.480648768324405
966	0.111128406	0.0925208751634409
967	0.102669221	0.306393018048062
968	1.006816203	1.68299078892151
969	0.67581614	1.79294717318604
970	0.120547807	0.902854657347475
971	0.07663954	0.102360101458943
972	0.2969812	0.134455871574286
973	3.726031485	2.38179676751453
974	0.081484047	0.131862145385853
975	0.079713781	0.0673130280320513
976	0.161621701	0.138521152357813
977	0.33263895	0.597361164199561
978	1.190557183	1.40139937005873
979	0.31948129	0.128595492004902
980	1.988394615	1.15411353258235
981	0.143111744	0.173369090170351
982	0.077137877	0.28484777369693
983	0.062253757	0.235865796092157
984	0.055494281	0.111070355529167
985	0.212376373	0.175505660461966
986	0.95835878	0.781306360563889
987	0.796374358	1.12005879457342
988	0.24027778	0.25159689291625
989	0.328455854	0.176443055619833
990	1.521994252	2.19790830236619
991	0.126661215	0.491004457612698
992	0.043896337	0.114940103031395
993	0.150884987	0.170967991485417
994	1.524841333	0.756154108615432
995	0.153416253	0.0712434779468627
996	0.243522176	0.241378809055263
997	0.137167746	0.163957126541429
998	1.262299796	1.47159017281732
999	1.206369942	1.31861220321613
1000	0.058144504	0.114567812437838
1001	0.0031515431	0.0173427879312069
1002	0.51863889	1.26454773962656
1003	0.06797817	0.0968844214780555
1004	1.299759685	1.58691138963232
1005	0.087246745	0.362119701398095
1006	0.12559147	0.129504188477407
1007	2.91863042	2.09586150164167
1008	1.03703146	0.877692655946847
1009	0.038095536	0.192341958588542
1010	0.095677121	0.0876587332772727
1011	0.483216221	0.597355577589316
1012	0.22738344	0.628592413639837
1013	0.026944745	0.0616493328269231
1014	0.399253222	0.503131254124797
1015	0.172979	0.113350261066228
1016	0.078920875	0.110528320171429
1017	0.623327117	1.38842679052833
1018	0.111795586	0.125996384440278
1019	0.724855079	0.995068304468137
1020	0.452666753	1.02015874050718
1021	0.24090027	0.205276820403889
1022	0.11823295	0.106096894295175
1023	2.549633668	1.96968105423356
1024	0.107900489	0.175207337294608
1025	0.724169117	0.666214988738597
1026	0.50086914	1.60047455920859
1027	0.055043883	0.111225620153333
1028	2.136066467	1.42411124819293
1029	0.910906583	0.542483010795778
1030	0.42062565	0.283073795253419
1031	0.054198469	0.16290813155061
1032	0.535298946	1.00340441731839
1033	0.139234705	0.144204385881863
1034	0.418666377	0.728836195543694
1035	2.05435731	0.717203922215417
1036	0.61014417	0.329718413895496
1037	1.477016471	0.290391094790371
1038	0.517385063	0.553796389484259
1039	0.721778272	0.994091999385185
1040	1.24620111	1.49016210601958
1041	0.069089051	0.152448361212366
1042	0.09435006	0.176736432629915
1043	0.038911091	0.0943070569108333
1044	3.085884501	1.90365355229667
1045	0.054227092	0.217482703902778
1046	0.763569365	1.0182443215672
1047	0.12839127	0.0929345349187387
1048	0.221257847	0.49005714624125
1049	0.114828467	0.159860028611508
1050	1.224694396	1.33179895688873
1051	0.093161493	0.138260169946581
1052	0.045005302	0.0807681679897222
1053	0.127238262	0.207716216085714
1054	0.267954545	0.469352443454955
1055	0.295183931	0.346327449483333
1056	0.089528197	0.533617440654458
1057	0.14117376	0.129446017710294
1058	0.66914596	0.370483465681505
1059	0.11932964	0.125592242376136
1060	1.43789255	0.205900235116162
1061	0.036198929	0.0708937826424419
1062	1.989304883	2.06848711180429
1063	0.0253138725	0.139277393083458
1064	4.663572492	4.36459598564409
1065	2.26250628	1.81656950445146
1066	1.000119081	2.91515446356892
1067	0.073118116	0.0881160446384259
1068	1.638997926	1.82024466668932
1069	0.2735102	0.26355026209009
1070	0.36021313	0.159034668878455
1071	1.15405097	0.883952073328723
1072	0.753366666	0.813485137392187
1073	0.070851998	0.0859438843949495
1074	1.0776453	1.02141950768088
1075	0.12336455	0.17420843551
1076	1.074366117	0.492717448685417
1077	0.156775153	0.375495536752708
1078	0.69116944	0.949617384078411
1079	0.139863467	0.222774609302564
1080	1.561864693	0.801123517251562
1081	0.213173528	0.357968566780208
1082	4.690776979	3.91598193787024
1083	0.3217213	0.546028586385271
1084	2.555826638	1.57205618566623
1085	0.417699994	0.197397908066667
1086	2.853413461	1.57932483891577
1087	0.241812961	0.135506096724167
1088	0.223711762	0.100647130097794
1089	0.413751195	1.24627084638198
1090	0.43939752	0.357198409263248
1091	0.115540035	0.103433075610095
1092	0.133291163	0.213841608568137
1093	0.134948708	0.506111397459722
1094	0.125989087	0.125899564418817
1095	0.451071945	0.394543929342424
1096	0.084770138	0.115785169061275
1097	0.114424247	0.16744440039057
1098	0.050343761	0.132971808294192
1099	0.53965769	0.954006551954722
1100	4.189158548	3.46396316688854
1101	0.187131393	0.101466429948148
1102	0.205107696	0.104709377196569
1103	0.089433857	0.312577394276068
1104	0.226023017	0.896377569585556
1105	0.10769664	0.198670412627778
1106	1.769962078	1.1094252317763
1107	0.087948557	0.166755678928509
1108	0.1011480275	0.126148408881911
1109	0.13307838	0.10310367345155
1110	0.632374203	1.45032275684015
1111	0.378178329	0.955394872466228
1112	0.177388147	0.646005200391453
1113	0.133138012	0.169976883371429
1114	1.1010224	0.909626940401042
1115	0.0839181784	0.132631435832407
1116	0.445370551	1.21023425369398
1117	0.88353258	0.262760672159829
1118	0.145930384	0.115048580865812
1119	0.270713518	0.432652826552941
1120	0.1892666	0.23483678069951
1121	1.18690201	1.13832856892778
1122	0.171901592	0.909087060701316
1123	0.0410721	0.0727538837270833
1124	0.777785665	0.383604537718391
1125	1.097935097	0.58325374141886
1126	2.643769373	1.64401947567258
1127	1.327015957	0.912787821957778
1128	0.972585606	0.873308803034849
1129	0.07453887	0.12064374099951
1130	0.054880671	0.156168924631944
1131	0.40788011	0.173800115230833
1132	0.162933424	0.168005474313704
1133	1.486172123	0.614564589779688
1134	1.006884113	0.160099707687857
1135	0.101320233	0.137119038001802
1136	0.301056056	0.12184857452813
1137	0.199844274	0.142864539737209
1138	1.78538593	1.03567060471429
1139	0.329488837	0.180681823932381
1140	0.114041793	0.144851028029687
1141	0.28240115	0.318452652518293
1142	0.105319316	0.094650889328125
1143	1.782841282	1.12096811676577
1144	0.0895416215	0.131689304790081
1145	1.364397483	0.835456524431609
1146	0.186362952	0.276697998681395
1147	0.088320513	0.103484573816162
1148	4.825250503	3.8621530268587
1149	1.91389035	1.45518450867949
1150	0.048144783	0.0595658702223958
1151	0.071818378	0.213777840964839
1152	0.146188746	0.0986181953626126
1153	0.822977746	0.54294675161453
1154	0.088527737	0.128258690219444
1155	1.934296625	1.10953978994787
1156	0.093373105	0.133626572530233
1157	0.12221695	0.225307262863979
1158	0.61035841	0.407785350519841
1159	0.36380718	0.641694458256989
1160	1.874921	0.970649359702083
1161	0.590304372	1.24308259883287
1162	0.1356209	0.340896120046296
1163	0.327690655	0.214179746640196
1164	0.08831718	0.199550495208958
1165	0.19053851	0.0890612342925926
1166	0.045483993	0.199258193508889
1167	0.433908117	0.514715832610811
1168	0.17109152	0.167258220272549
1169	0.26224505	0.195699757476852
1170	0.050480101	0.100148935946094
1171	0.324863288	0.544486215996774
1172	1.130790595	1.16931156763725
1173	1.43622812	0.391006210170098
1174	0.557892511	0.726792106768981
1175	1.02677984	0.73635064332
1176	0.257646228	0.641856646199225
1177	0.10942014	0.137857390313333
1178	0.056190272	0.0986045643968468
1179	0.952771419	1.19296469651712
1180	0.432848641	0.698345171544571
1181	0.733842997	0.515171901492157
1182	0.895510278	0.928694585202137
1183	0.343334997	0.232077275204348
1184	0.25237004	0.917266313467083
1185	0.0235496037	0.0446906723523333
1186	1.551566452	1.76348435242297
1187	0.116277945	0.061931749926381
1188	0.142741829	0.126610270700538
1189	0.108626127	0.147314918592803
1190	0.93650743	0.760482216721212
1191	0.052931543	0.182958053582255
1192	0.414408137	0.749575299712745
1193	0.109951596	0.194117622548485
1194	0.587417652	1.20810192484074
1195	0.074225996	0.219790987561111
1196	0.143016125	0.419997824779487
1197	0.049562354	0.325712730272083
1198	0.49433401	0.655869104538739
1199	0.17383661	0.169889536172619
1200	0.036564593	0.0862107707049603
1201	0.05902319	0.078506194822619
1202	0.99562873	0.928158087535859
1203	0.1735554	0.143914328138571
1204	2.63726528	2.44564193207763
1205	0.245218571	1.1763309774904
1206	1.451269857	2.02234434927176
1207	0.420412765	0.881232492012963
1208	2.160936471	1.82461422405
1209	0.11351468	0.186495204489655
1210	0.333528875	0.833220074669271
1211	1.919523527	1.598675293275
1212	0.260567693	0.226659332955833
1213	0.049652925	0.071138791458125
1214	0.086362733	0.230440328636905
1215	0.28300515	0.146298813458621
1216	1.649564698	0.374870245518981
1217	0.876985403	0.536660398
1218	0.164209813	0.194603950660985
1219	0.056960684	0.214020777792949
1220	0.112061042	0.317391569638571
1221	0.244159106	0.144849213959314
1222	0.344407192	1.0621170879053
1223	0.389237984	0.268169236678572
1224	0.161990761	0.172847872191162
1225	2.88024779	1.23647781672042
1226	0.083350596	0.658354782578095
1227	0.098472699	0.140672407284921
1228	0.150861527	0.165997248842636
1229	0.08866084	0.303948620076344
1230	1.129199506	1.05566952537741
1231	0.092376854	0.070104571425
1232	0.465245522	1.07879093045444
1233	0.107531975	0.13083556312957
1234	0.756883502	1.69321835430808
1235	2.95663218	1.50609503397108
1236	0.059568031	0.242618088547163
1237	0.118386644	0.236190333296759
1238	1.165800865	1.39230226441111
1239	0.088840701	0.161111161492276
1240	0.839755494	0.574426756576535
1241	2.228901908	1.40782213063465
1242	0.13790006	0.206962488618229
1243	0.087115338	0.156924915030645
1244	0.057718472	0.202461957538095
1245	0.563457967	0.364179625702917
1246	0.15337324	0.731279632809343
1247	0.68954767	0.368471526214815
1248	0.061161597	0.142944962255702
1249	0.071885545	0.198222887886404
1250	0.151050725	0.187960420427054
1251	6.604414613	4.16086318712477
1252	0.395189018	0.532457957377477
1253	0.124558307	0.30105901255404
1254	0.726985647	0.761769046872523
1255	0.050282926	0.131778004383908
1256	0.33863727	0.258963929231061
1257	1.485515038	1.26023160193248
1258	0.294753385	0.260317593394
1259	0.777265072	0.757016780198959
1260	0.064546803	0.41984143355
1261	0.592110019	0.33603052661625
1262	0.18675116	0.34890409350875
1263	0.053545067	0.225060533831667
1264	0.056142866	0.115309602060215
1265	0.094677946	0.115791859064865
1266	0.447004377	0.25910513189902
1267	0.741414425	0.844632941819573
1268	2.18783655	2.68900467385625
1269	0.154749911	0.259256045718095
1270	0.34897983	0.160902667059524
1271	2.40505253	1.61919486300342
1272	0.09988428	0.149387110724123
1273	0.05423364	0.401173745961275
1274	0.247307918	0.844294763882456
1275	0.37540822	0.185085099494097
1276	1.1687446	1.56106303077407
1277	1.262121721	1.39965487316708
1278	2.713852729	1.77316289941667
1279	0.138926926	0.675416920480247
1280	0.641626144	0.178437228049187
1281	0.040974222	0.084252060952439
1282	0.072049605	0.155460299084074
1283	0.541997582	0.597778159740625
1284	0.43528761	0.287807650971545
1285	0.557805745	0.826700764442544
1286	0.98412902	1.05915563410871
1287	0.047403097	0.0921583291889583
1288	3.513445715	0.668529336113636
1289	0.098308398	0.134761042259314
1290	0.075103955	0.338714665548684
1291	3.372718606	2.27143537930068
1292	1.25967532	0.966628712503846
1293	0.132156296	0.507425132248649
1294	1.329713186	1.09712882048657
1295	0.057037413	0.211264526760965
1296	0.295650237	0.324881701903603
1297	0.070795849	0.224469084660952
1298	0.529255232	0.488850817081771
1299	0.173426544	0.0996512522773504
1300	0.61203979	1.34931657742193
1301	0.064248356	0.14019518657381
1302	2.457062292	0.34019882059359
1303	0.062556556	0.125647760589655
1304	0.09474086	0.122486406707292
1305	0.51096397	0.771926554530263
1306	0.261431333	0.201435230063063
1307	0.767359714	0.685293325917361
1308	0.274902613	0.423489422599099
1309	1.74714778	1.39584573957623
1310	1.946723907	0.721860284317353
1311	0.331288937	1.45162134871957
1312	0.212430906	0.185746225530631
1313	0.98631592	0.275437315612698
1314	0.11552112	0.177013560932828
1315	0.394111453	0.355549044831061
1316	0.074979083	0.119482223243333
1317	0.736090252	0.885227384546944
1318	0.50237972	1.09096074428287
1319	0.133480156	0.198482373739815
1320	0.83810163	0.291163177584741
1321	1.0324248	0.941081666353333
1322	0.889131527	0.454973627056452
1323	0.06667192	0.184881478111712
1324	0.063187474	0.0800799817635965
1325	0.063242673	0.372659326501524
1326	0.11176117	0.0795304073477477
1327	0.097498173	0.129686877166667
1328	0.49108678	1.40245721935081
1329	1.113650167	0.513135709062222
1330	0.2111719	0.623314934544167
1331	0.600045117	0.602607039085985
1332	0.058402662	0.077666626352451
1333	0.066260515	0.203868653379048
1334	1.927535347	1.61251343427273
1335	0.1864599	0.139920821395455
1336	0.216129196	0.193462451331982
1337	0.068319224	0.429337470872093
1338	0.062773637	0.555105780945496
1339	0.775728824	0.598782058214965
1340	0.163497436	0.522476282263809
1341	0.047786554	0.26797841541963
1342	0.104359266	0.09674422656875
1343	0.196175641	0.220587638517982
1344	0.445589566	0.152517110279012
1345	0.322003926	0.219356978059402
1346	0.06438242	0.122424542503509
1347	1.136748375	0.951865402812613
1348	1.387054575	0.595462032956863
1349	1.00260682	0.273221968853704
1350	0.765170182	1.45270454223577
1351	0.646393489	0.914548108691453
1352	1.777415265	2.78733612873291
1353	0.071351144	0.154803905630729
1354	0.118910153	0.141014938254167
1355	0.079602681	0.506499926807317
1356	0.138441205	0.164642720209402
1357	3.272853659	4.23376296252341
1358	2.209972147	0.999404762005128
1359	0.03419066	0.0532224099722222
1360	0.07748558	0.1222170559925
1361	0.39897571	0.776194596572549
1362	0.090370813	0.328048799424731
1363	0.321280054	0.114989053448718
1364	0.227114962	0.257620907735676
1365	0.038802885	0.0707671526647059
1366	0.057727475	0.100755431846111
1367	1.227618345	0.950631159267816
1368	0.080783166	0.184398899494444
1369	0.242508414	0.0820160524526882
1370	0.117837909	0.16872558368881
1371	1.035765	1.86281005778583
1372	1.35274129	0.712953587512644
1373	0.118043841	0.0859856616288288
1374	0.197477152	0.10540706124328
1375	2.079139161	1.64529032432434
1376	0.130981577	0.940157307086111
1377	0.087302803	0.0560308873028736
1378	0.33911392	0.340381407178947
1379	2.992248656	2.24041038244769
1380	0.42548274	0.989821928676667
1381	0.039312988	0.118414594077407
1382	0.356791938	0.625042315767567
1383	0.15002443	0.250025479080417
1384	0.081239816	0.178262055170085
1385	0.173225939	0.166925213937619
1386	3.298962896	2.64501955307708
1387	0.214240413	0.385769589848378
1388	0.10259767	0.0999032184211538
1389	0.074562805	0.301760858501768
1390	0.231365732	0.119137822572917
1391	1.654352695	0.51005769070307
1392	0.085078754	0.0839254448378049
1393	0.04719133	0.257798290563979
1394	0.408365541	0.23420812756625
1395	0.747530448	1.98898284573468
1396	0.037768443	0.165641022693794
1397	0.1254835885	0.177723547833114
1398	0.03534196	0.0640867274
1399	0.36060963	0.296269504938492
1400	0.31244489	0.122126189801905
1401	2.516814642	2.14400049492235
1402	1.59053239	1.65821092479646
1403	0.033140727	0.062228205026282
1404	1.176930655	0.678207936210417
1405	2.40577441	1.91318478408258
1406	0.186194629	0.310080786743056
1407	0.14641729	0.362178128554955
1408	0.120391844	0.115365037241667
1409	2.913370261	2.39801774203125
1410	0.03763303	0.070659143661937
1411	1.123517037	1.07528663935902
1412	3.164979141	1.75289656046935
1413	0.378092032	0.875788260719048
1414	0.061359957	0.156293364451938
1415	0.10466089	0.106005191036905
1416	1.697283259	2.26647122924649
1417	0.18155404	0.331775327798214
1418	0.118561496	0.334443099000877
1419	0.120521687	0.159249801271481
1420	0.124498568	0.719305276382114
1421	0.316581394	0.163406788335088
1422	0.058944361	0.482578519898171
1423	3.444618694	3.7232538356799
1424	0.169323008	0.142322389870614
1425	0.080193928	0.392300551932946
1426	3.012106374	2.41960542860762
1427	0.050560562	0.125490093549145
1428	0.122558445	0.473690673463333
1429	0.28119963	0.607204889739216
1430	0.27548598	0.149339181331818
1431	0.067079873	0.101275062589048
1432	0.2959159	0.132133472200926
1433	0.96334674	0.93466859366579
1434	0.152984456	0.149521350519444
1435	0.041237964	0.228697146782883
1436	0.070286306	0.322586795884286
1437	0.903986611	1.07892897721471
1438	0.26356567	0.154962661618803
1439	0.141759479	0.143789970419231
1440	0.13745341	0.16320915961875
1441	0.085483414	0.177519057289474
1442	0.036222624	0.147101158956786
1443	0.09296383	0.102057384859333
1444	0.10875859	0.387274299440686
1445	0.053696083	0.0876848868121951
1446	1.63560826	1.19662205768434
1447	0.70422899	0.754742437754902
1448	0.082590074	0.208952605679079
1449	0.09909172	0.193619011014103
1450	2.474118538	0.510910843204167
1451	0.19883712	0.331638086433333
1452	0.203392613	0.183626216184722
1453	2.49175355	1.11943714795931
1454	0.77947364	1.32804750894063
1455	0.052777261	0.0809262406036585
1456	0.14281725	0.178965515798016
1457	2.135594515	1.12016644876476
1458	1.751236315	0.343704761155238
1459	1.463568909	1.9660309994406
1460	0.379128123	0.37065367134246
1461	0.063502511	0.107641448637931
1462	1.166174064	0.331261007640046
1463	1.222840828	0.566498508892778
1464	0.790548221	1.80256055430517
1465	0.107778775	0.428026011409829
1466	0.104736318	0.0948787934762626
1467	0.57365304	0.157117638654651
1468	0.042591426	0.0943737182161905
1469	0.174226671	0.605255919117647
1470	2.680995224	3.65583134678333
1471	0.214846154	0.136493979486458
1472	0.11232632	0.437954672468561
1473	4.11413917	0.973900848226126
1474	0.35621886	0.283257671534375
1475	0.397750077	1.2539975204287
1476	0.95578909	0.532582129683333
1477	0.144801975	0.230696607621138
1478	0.72622008	0.760325442576667
1479	0.064743155	0.809653295289341
1480	0.29695411	0.112745008284167
1481	0.13646814	0.192341097204687
1482	0.23333997	0.414313239432197
1483	0.836658316	0.475466276675833
1484	2.628956632	1.64911239139531
1485	0.059277574	0.401403073824786
1486	0.252515765	0.507575715011111
1487	0.092528883	0.169946097611616
1488	0.668321403	1.33373187692449
1489	0.8606675	0.518451631892361
1490	0.634996053	0.489153639558796
1491	0.10729606	0.188136861956667
1492	0.898234922	1.04995245078326
1493	0.054205675	0.148880042893714
1494	0.067275004	0.12470550568447
1495	0.138085098	0.272990174746342
1496	0.029024653	0.171755784952381
1497	1.57918975	2.27722434046208
1498	0.97956932	0.768342194791667
1499	0.184149666	0.272092192948649
1500	0.322419572	0.243917961298667
1501	0.082089766	0.45475481442125
1502	5.916888182	5.51784467597877
1503	0.151571198	0.311021246512381
1504	0.66928342	0.88320702358125
1505	0.035919048	0.107868639538889
1506	0.21422879	0.213455373764198
1507	0.06763842	0.0992727625626126
1508	0.466121125	0.871498579621875
1509	0.33182661	0.555878315818939
1510	0.163371074	0.765753824271667
1511	1.747842953	0.332590380348922
1512	0.025690879	0.0569362249799145
1513	0.076676112	0.217997840455238
1514	0.09337163	0.0792799163390804
1515	1.014932936	1.63071935568039
1516	1.402152485	1.10227690505811
1517	0.682035767	1.05932971108857
1518	0.22039583	0.472695239225676
1519	0.15687957	0.254210682365196
1520	0.065167498	0.289125561719524
1521	0.112116074	0.179603096326531
1522	0.075132093	0.16807373685787
1523	0.109661761	2.85397887003148
1524	0.097516596	0.140340624859091
1525	0.055857976	0.148977380693162
1526	0.690745734	1.1417244487539
1527	4.82988424	5.00377863894005
1528	2.754956897	1.20797975310517
1529	0.0104507679	0.075982588857
1530	0.051540542	0.0716020303009259
1531	0.168609091	0.503149330530775
1532	0.11435315	0.161239618113235
1533	0.050575868	0.174427349138049
1534	4.908515766	4.87885560091806
1535	3.149736955	1.68959701600833
1536	0.33729752	0.226194698684762
1537	0.111751625	0.0798366319269047
1538	3.185527543	2.09806305518287
1539	0.113872173	0.112452345791667
1540	0.0822886035	0.168441352391177
1541	0.6044802	1.21048063578857
1542	0.10279048	0.0958660139407407
1543	0.126224138	0.49065773588125
1544	1.42949471	1.64088160649688
1545	0.07866846	0.0757220916712121
1546	0.259274219	0.716553662530637
1547	4.932524289	3.4504311976759
1548	0.186815393	0.122704072167521
1549	0.202525343	0.439168447198602
1550	0.531248045	0.290419131495833
1551	0.072421026	0.112316941440123
1552	0.64986993	0.925519585447126
1553	1.182834334	1.45827272382389
1554	0.084720969	0.210586592082813
1555	1.764056576	1.63538619993219
1556	0.071522637	0.10354107466626
1557	0.022191704	0.0668461481189912
1558	0.983358284	1.10111981122451
1559	2.943263485	3.41748693391724
1560	0.091488071	0.0840436296820513
1561	0.037851951	0.0538932317080247
1562	0.146800305	0.146685510909804
1563	0.65451523	0.566587073457143
1564	0.733988277	1.28226001345677
1565	0.38182685	0.323760742501268
1566	1.79381671	1.10962223571389
1567	0.855428976	2.09064429236768
1568	1.394218548	1.27218695967127
1569	0.429464112	0.630827275693902
1570	1.236763062	0.96361252001358
1571	0.306845498	0.151982188540351
1572	0.21379148	0.186627577289063
1573	0.063274024	0.0612789735589431
1574	0.021280395	0.0605132502972973
1575	0.71986655	0.279266870544583
1576	0.09810655	0.194707162596364
1577	0.149996564	0.146670816942064
1578	0.032764142	0.0559622769759722
1579	0.10639336	0.133155410509048
1580	0.76096665	1.6340128331099
1581	0.71147324	0.603238383297223
1582	0.133987345	0.361663724732353
1583	0.055333819	0.0988268081626437
1584	0.120835686	0.654124548287255
1585	0.03667046	0.354804934939444
1586	0.823229107	0.661475392978333
1587	0.113411208	0.582661041057292
1588	0.329793285	0.161926838691177
1589	0.042797796	0.0508645169018293
1590	0.114293523	0.104138732729608
1591	0.091438665	0.441863971894961
1592	0.033730841	0.0524359655781373
1593	0.341665137	1.03345433166146
1594	0.182704603	0.173208851051894
1595	0.30490215	0.658975943273333
1596	0.109857864	0.157997028303529
1597	0.080924712	0.151797663828231
1598	0.585521775	0.661836956817982
1599	0.106112782	0.222448457237451
1600	0.253404645	0.658020133208586
1601	1.987122133	1.43874752349231
1602	0.928545107	0.528634056958333
1603	0.074229809	0.153997064332454
1604	0.039716223	0.0431498681911458
1605	0.076087091	0.0945302105603175
1606	0.098604192	0.420882099386559
1607	0.059105186	0.332814343472236
1608	0.080403436	0.0649241117492188
1609	0.350442222	0.128991021479825
1610	0.042474116	0.0984499777310606
1611	0.09921089	0.135250159160811
1612	0.137662803	0.299530581042754
1613	0.196038434	0.250457767801667
1614	0.429305107	0.727166432791802
1615	0.065275314	0.133301243340556
1616	0.080990124	0.110910820834667
1617	0.912341935	0.700093537605342
1618	0.128830638	0.0943271430390476
1619	0.80779675	0.70936027822752
1620	0.146342376	0.206891211747968
1621	0.1367407125	0.495020763822083
1622	0.835088803	0.537761953692157
1623	1.748195261	0.92180068709
1624	0.036711817	0.0940696590354167
1625	0.030391724	0.119419950862851
1626	1.894920577	2.21802233102262
1627	0.082212782	0.110458218744667
1628	0.04327342	0.0857318431595238
1629	0.044891259	0.111047467696078
1630	0.075439104	0.0633624540400794
1631	0.124386769	0.28127840400101
1632	0.331997927	0.200079560647292
1633	0.61077183	0.254970346562602
1634	0.63178121	0.19102802298114
1635	0.896280716	0.315916559747561
1636	0.24727803	0.123556243771667
1637	0.077427868	0.297247202206306
1638	0.082540769	0.0838450058641204
1639	1.60997547	1.42875323394356
1640	0.972175295	1.88549316161379
1641	1.465899204	1.76259189302684
1642	0.062849939	0.0789293342921717
1643	2.84730349	1.23946876256524
1644	0.224973593	0.1781125091625
1645	0.8484961	0.509058614811111
1646	0.030967055	0.112131638621111
1647	0.083323642	0.190982715896667
1648	0.946720889	0.97341319298762
1649	3.382327118	2.7728841820386
1650	0.07064261	0.187140950153161
1651	0.093245783	0.0984693494280953
1652	2.604268897	1.08283312529667
1653	3.753276198	2.3184186670943
1654	0.070282506	0.0616510939661905
1655	3.433247308	2.95517266073018
1656	0.467771899	1.03568503065362
1657	2.467065968	3.27289560657477
1658	0.16935193	0.149912935914368
1659	0.411507464	0.538028136383889
1660	0.043061701	0.324476456970078
1661	0.118638365	0.790646193190054
1662	0.652149856	0.605981079093162
1663	0.095991874	0.187283117238034
1664	0.035692128	0.104340918090556
1665	0.183474405	0.13477261922925
1666	0.168893225	0.20295514558871
1667	0.46492548	0.433397678036111
1668	0.142170052	0.0959164683079167
1669	1.334115713	2.66405751098182
1670	0.58594933	0.154055154496759
1671	0.395195477	0.499386454924074
1672	0.64733109	0.158910253870652
1673	2.64351166	4.45364293497953
1674	0.04268982	0.254395603856349
1675	0.022237734	0.100512239694675
1676	1.267829918	0.835498334264414
1677	0.112388041	0.181036447570417
1678	0.066725109	0.0760919303482114
1679	0.897430037	0.271158806711111
1680	0.451307385	0.421124390125036
1681	0.231344332	0.126002878734314
1682	0.142970179	0.331815332352519
1683	0.761746685	0.736093528086471
1684	0.221480864	0.432105779126423
1685	0.099921755	0.69707224980375
1686	0.030814668	0.245517047762719
1687	0.054845512	0.0726569241856481
1688	0.104647187	0.482418583410884
1689	0.250848285	0.51732295638875
1690	0.526165675	0.286938144260185
1691	1.526075988	1.61336374287759
1692	0.11332902	0.189491381714706
1693	0.06313451	0.102724996047154
1694	0.9098989	0.181997182065741
1695	0.232326163	0.824701648659523
1696	2.9279766	1.97244387105735
1697	0.073171573	0.161152976307527
1698	0.05880593	0.361532661077928
1699	0.05264369	0.111168104166667
1700	0.158522847	0.228144091839583
1701	0.46874716	0.14183280179619
1702	0.092846118	0.174301577252083
1703	0.070650105	0.100905350875231
1704	0.0383139755	0.0782755479406667
1705	0.19391463	0.157439139229825
1706	1.0241875	0.378159214631548
1707	0.31454001	0.452230005174359
1708	0.056462077	0.205769212383333
1709	0.156579476	0.138673836708333
1710	0.086813445	0.299053794188889
1711	0.0434690425	0.124484843043803
1712	0.087469814	0.0966737195776316
1713	0.045011526	0.3400786548625
1714	0.0189904335	0.090114157647265
1715	3.304690345	0.491985917339444
1716	0.517200762	0.780795316752857
1717	0.2440701	0.208580255177778
1718	1.350978856	1.51968258976035
1719	0.791528914	1.00695302196667
1720	4.672326777	2.80398569906036
1721	1.296700492	0.577866917442793
1722	5.3771496	1.93118050890811
1723	0.288682427	0.226279300392778
1724	0.68129721	0.497747445521905
1725	0.266586088	0.665558730114634
1726	1.866063545	0.963876225750877
1727	1.031849613	0.812209113109896
1728	0.318571614	0.597280716562613
1729	0.11030188	0.185926925772358
1730	6.199178299	5.47806135803734
1731	0.059828961	0.128778153882456
1732	0.28280432	0.242429082625439
1733	0.056341001	0.116253246552778
1734	0.62833306	1.58309687744853
1735	0.162628146	0.175771584328125
1736	1.348017938	1.20326282401774
1737	2.810150342	2.3108271928718
1738	0.18249482	0.668990462464706
1739	1.188413482	1.50636015526711
1740	1.298867064	0.905107908099479
1741	1.82706979	1.17971972805815
1742	1.68463811	0.385262938070707
1743	0.0821955515	0.0874675114446296
1744	1.540742286	1.46761966249752
1745	0.328419465	0.622098275115
1746	0.034038167	0.0902909414671053
1747	0.294467352	0.280823916079412
1748	0.0187763235	0.0492067377598437
1749	0.122168895	0.143963043045238
1750	0.071546052	0.128619076451429
1751	0.323680242	0.759546927589431
1752	0.239655198	0.243211523636765
1753	0.392497434	0.16542818852619
1754	2.48043933	3.12117029218143
1755	1.42340207	2.05445043390538
1756	0.154836189	0.181404801821354
1757	2.920032336	2.95913080364274
1758	0.134448676	0.147582210019048
1759	0.51061735	0.124511054570098
1760	0.060376454	0.509316543431624
1761	0.212134855	0.213261862785317
1762	0.151163252	0.792953811201786
1763	0.121145126	0.233110563695556
1764	1.09006966	1.02249844548243
1765	0.0286274416	0.166990795421958
1766	0.070484726	0.342434897600813
1767	5.806127688	5.25107249664265
1768	0.062724862	0.123363548094531
1769	4.574495762	4.85206749290065
1770	0.02844501	0.0681294079037222
1771	0.17150501	0.18229824987265
1772	0.064586879	0.253654677082479
1773	0.440227321	0.489692678229167
1774	0.43962795	0.145074693517619
1775	0.26958001	0.18096097847931
1776	0.182743366	0.262158612986364
1777	0.567190515	0.354861659421667
1778	0.066293984	0.103261581665741
1779	0.041095089	0.146160625977083
1780	0.395389015	0.115645640250952
1781	0.356156104	0.743654094697304
1782	0.081264397	0.104755384611494
1783	0.323333803	0.190149092996354
1784	0.050561179	0.269934397275
1785	0.111668392	0.142541269389247
1786	0.30091222	0.205430571738333
1787	0.685352952	0.843661676848095
1788	0.052843313	0.0766812137697849
1789	1.657099968	1.41200144345901
1790	0.016926803	0.0568870154341667
1791	1.841819937	0.653373170177407
1792	0.042171043	0.21230716273
1793	0.063644776	0.350189204372396
1794	0.071720805	0.286343950029167
1795	0.61231364	0.69531681331125
1796	0.073534474	0.588924939837719
1797	0.078483086	0.114389596626596
1798	0.10415941	0.23960644112973
1799	0.087955583	0.150867360611111
1800	0.130998062	0.181146392227604
1801	2.19100981	0.46375558608964
1802	0.094532827	0.12558248528421
1803	0.13841793	0.112778145382333
1804	1.182969982	1.30184750608725
1805	0.213688046	0.185159624420573
1806	0.091530752	0.128108053040517
1807	0.041717459	0.150821427591667
1808	0.0218337624	0.0749085430793434
1809	0.078773914	0.135893026045437
1810	0.417099198	0.826395589770513
1811	0.256051398	0.382620332480081
1812	0.063656103	0.0665738603873077
1813	0.104424674	0.424973588344074
1814	0.052096602	0.240902412562619
1815	0.100509376	0.147334040284286
1816	2.749466857	1.39171481431325
1817	0.750376404	0.610210542630983
1818	0.154587994	0.386474106177011
1819	0.740698132	0.40049607967931
1820	1.1494313346	1.80762219363704
1821	0.108372953	0.240170957018421
1822	0.056061655	0.126419285801852
1823	0.488751107	0.6146568767
1824	2.466181276	2.45866678979302
1825	0.035527794	0.311603489130476
1826	0.843993805	1.0651485500297
1827	0.049484473	0.195662071302151
1828	0.28917434	0.316467231536765
1829	0.13360823	0.298931787065625
1830	0.012117779	0.123854244465119
1831	0.259256455	0.167091462440417
1832	0.0348303302	0.128945842886748
1833	1.567550935	2.03814609140602
1834	2.2113339	1.16546467807725
1835	0.30081522	0.171864260980952
1836	0.084104146	0.313392986756504
1837	0.107699158	0.232791420621719
1838	0.073758357	0.322726072974786
1839	0.837310727	0.922057332619737
1840	0.031405096	0.0580552066661458
1841	0.071668519	0.101637061963426
1842	0.08969801	0.146259374048387
1843	0.198227028	0.164546612949099
1844	0.49912408	0.929786639381008
1845	0.163323199	0.115525730128704
1846	0.0437821815	0.234971163335058
1847	0.281356727	0.084797154598374
1848	0.040277667	0.496677107180856
1849	1.695389003	0.817971683888333
1850	0.099271297	0.124966992774074
1851	0.098321721	0.206982998137719
1852	0.19056529	0.261523909741667
1853	0.071825336	0.662679287978018
1854	0.16416579	0.306046682706504
1855	0.043773714	0.0354561325404054
1856	0.1500982	0.170379744151961
1857	0.056519096	0.0967814341514706
1858	0.042399257	0.12975115803125
1859	0.171376878	0.119740235317886
1860	0.358779707	0.465621610096748
1861	0.280704743	0.130692945046569
1862	2.85467246	2.89301417988604
1863	5.52366861	4.23304555993042
1864	0.047117356	0.0901728339716146
1865	0.241140042	0.360968390758602
1866	0.20332131	0.198366375224561
1867	0.096970664	0.293938648327143
1868	2.269961514	2.29574005401945
1869	0.115991135	0.121216742213578
1870	0.9342388	0.295555662160897
1871	1.174713081	1.55443379149783
1872	0.511782958	0.213895205803846
1873	0.044003718	0.100336458585238
1874	0.068387765	0.278769321269697
1875	1.260875158	0.636198898024583
1876	0.055398939	0.478141641754167
1877	1.157034515	0.986054208374432
1878	0.31643668	0.725095007428846
1879	0.088262491	0.135293090269792
1880	0.526718727	0.70203881221565
1881	0.138331244	0.812634230875
1882	0.080673072	0.37747640359375
1883	0.040291434	0.0909724334805263
1884	0.376255664	0.615539313992963
1885	0.1642372544	0.176287579567607
1886	3.824835419	3.06856235699048
1887	0.100440593	0.129866708875
1888	1.53938505	1.19498984132917
1889	0.347275224	1.17713032328659
1890	0.254842845	0.503154942768182
1891	0.094578943	0.163527994843464
1892	0.00234265072	0.00504346192449425
1893	0.022376311	0.118098676644595
1894	0.13665092	0.108304378651812
1895	0.456162522	1.2035816259464
1896	0.26791605	0.638075538609756
1897	0.112358527	0.474873971786179
1898	0.081883174	0.15406447765625
1899	0.13447928	0.165316545491919
1900	0.124392307	0.174638261936735
1901	0.392035748	0.927876952427396
1902	0.098869638	0.0797960707708333
1903	0.2328549	0.214291674558602
1904	0.031860764	0.304808241272549
1905	0.46774646	0.306058467417094
1906	0.06544969	0.123820245980952
1907	0.229628607	0.461319834125686
1908	0.093298263	0.143214447037037
1909	1.054209126	1.62283488106447
1910	1.579831036	0.883553256715805
1911	1.556124654	0.995857013146491
1912	0.266119657	0.177530059192829
1913	0.611183649	1.1240243025057
1914	0.16076755	0.181964815292308
1915	0.816358776	0.701422865924479
1916	0.376619335	0.46795803445
1917	0.296275734	0.12530534757027
1918	0.274156317	0.154523228092857
1919	0.085461318	0.144268647047163
1920	0.145633395	0.127662433798649
1921	0.988274372	0.968699823707658
1922	0.04522981	0.233223813261382
1923	0.23372044	0.173398634575
1924	0.096900709	0.329162644872807
1925	0.093185697	0.130505445892593
1926	3.872520387	2.86001553403915
1927	0.036232749	0.0908194805570175
1928	0.062888026	0.213309717981977
1929	0.480297512	0.798103370491177
1930	0.130814534	0.314681003575556
1931	1.060675252	2.15674681655862
1932	0.212638598	0.418874285725757
1933	0.680011438	0.964635050047968
1934	1.16098061	0.521596425923413
1935	0.222626824	0.66306205511586
1936	0.025651201	0.104329859841838
1937	0.032800434	0.132082707060088
1938	0.188705615	0.332992065041111
1939	0.058699047	0.204254579158571
1940	0.066234865	0.108289492975417
1941	0.15993041	0.0921815142900794
1942	0.281623765	0.33541912118062
1943	1.135017805	0.86572423235787
1944	0.113562461	0.148229980924537
1945	0.091037815	0.186932451117949
1946	0.698511144	0.816390121488301
1947	0.262779848	0.438598137542479
1948	1.005420878	0.886338774595313
1949	0.150111222	0.105771057544213
1950	0.27386194	0.838371361916667
1951	0.710490743	1.04168818050983
1952	0.25706183	0.152772186903763
1953	0.047820296	0.488144693889352
1954	0.142042895	0.189426229854902
1955	0.411419033	0.864876705858602
1956	1.28204066	1.4086409862319
1957	1.017519543	0.995904684590104
1958	0.12476948	0.156909384913333
1959	0.040058644	0.136320724362121
1960	0.27174538	0.344118396828632
1961	0.083594812	0.123399726938148
1962	0.181747746	0.146617538734286
1963	0.101112224	0.174225667540909
1964	0.063614793	0.132935629849524
1965	0.054948343	0.241878669035294
1966	0.200636377	0.142143915761742
1967	0.053533889	0.333379524307676
1968	0.02906788	0.0960381784803241
1969	0.049863553	0.0815008474705556
1970	0.131137501	0.120525994196154
1971	0.173660308	0.44289461895463
1972	0.083793398	0.0992446451397436
1973	0.142967864	0.127930274865854
1974	0.12591959	0.106111205008943
1975	0.073000052	0.407430041768018
1976	3.471137617	3.691278904575
1977	0.085427533	0.146583929339899
1978	0.231333506	0.219394266282963
1979	0.094627871	0.310848308823118
1980	2.670957743	4.59443845767222
1981	0.063658651	0.286993319975
1982	0.027268222	0.0514813943174561
1983	0.28845621	0.805233806039583
1984	0.511221884	1.01136309819058
1985	1.0774216	0.9028086480775
1986	0.037098657	0.140260427567094
1987	0.11801287	0.181507140423958
1988	0.884567917	1.28591396301828
1989	0.11573466	0.207599362887719
1990	1.117869706	1.65558531216402
1991	0.88524465	0.348848048244907
1992	0.09911108	0.113377461540926
1993	3.04638195	0.976696499484667
1994	0.045259582	0.131979356682353
1995	0.30457986	0.231482977238095
1996	2.6449788	1.71528412747991
1997	0.22536711	0.323847693155556
1998	0.27038559	0.104577194305714
1999	0.102229781	0.655341761875362
2000	0.090386034	0.110941517074583
2001	2.819260313	1.47816741076693
2002	0.85772168	1.26090801804213
2003	0.91879489	0.721750332455238
2004	0.95055732	1.42328901280534
2005	0.074792853	0.0998472453087963
2006	0.13416276	0.157206845785354
2007	2.779503534	1.20397554294077
2008	2.12176944	1.2832895776301
2009	0.0260838515	0.19220466086619
2010	0.828856147	0.256219097477619
2011	0.26319495	0.209052957365
2012	1.52078749	1.34018273640111
2013	1.564109882	1.55173381078037
2014	0.208550371	0.333209360973577
2015	0.064113151	0.180275916786538
2016	0.166302635	0.206936385785244
2017	0.054591976	0.123123939507456
2018	0.949377567	1.77490096142875
2019	0.120493662	0.216447344036667
2020	1.118576303	0.76943257744697
2021	0.081374593	0.151937107458333
2022	0.276831141	0.202057450507246
2023	0.062260286	0.0528869218931034
2024	0.093192137	0.179191645858095
2025	2.256376963	0.88825651478631
2026	0.33140575	0.361881844171171
2027	0.066831053	0.129946104002546
2028	0.076828025	0.131953542639035
2029	0.053235155	0.0632979372262626
2030	0.82782165	0.380394894656746
2031	1.68562962	0.938030760503205
2032	0.599297667	0.247838824425758
2033	0.61823938	0.785548068720588
2034	0.105295226	0.104427001611712
2035	0.141924109	0.560956844161111
2036	0.156502684	0.181719844922059
2037	0.061079763	0.0651146809353448
2038	0.0823354	0.186055635253153
2039	0.063264305	0.106549555501563
2040	2.053505712	1.35320496416021
2041	0.83652501	0.184008169474748
2042	0.09447385	0.186707041576667
2043	2.817271254	1.57328999505476
2044	0.527882068	0.661145354438334
2045	0.18122461	0.179509254805093
2046	0.043673911	0.179387448438095
2047	0.081106103	0.189785747822807
2048	0.018885975	0.232181651547619
2049	0.449813906	0.863795453309127
2050	0.386194707	0.343260413859829
2051	0.078399437	0.151908522432778
2052	0.256049394	0.564673068875253
2053	0.050459249	0.0944455507067568
2054	0.28416379	0.831072970991379
2055	0.0114760468	0.082607783109875
2056	0.55968365	0.946922429972222
2057	0.595797549	0.758154547298291
2058	0.08697721	0.198637839102976
2059	1.684490686	0.767250534925
2060	0.334984224	0.982215995251041
2061	2.33671205	1.80145842482759
2062	3.206264374	3.27161307670238
2063	0.050282608	0.174012469025238
2064	5.4968554	5.06787028749776
2065	0.636234061	0.765306085496569
2066	0.033153662	0.067997654995202
2067	0.050954686	0.260945063252865
2068	0.14427014	0.220463751802193
2069	0.11430399	0.145094445965833
2070	2.990498014	1.51135575165524
2071	0.18055534	0.140281741000729
2072	0.083284796	0.107752129142735
2073	0.054235413	0.261775501253395
2074	0.71432791	0.819066425219231
2075	1.655395649	1.96987145346838
2076	0.059309574	0.120441359251326
2077	0.26146142	1.13940793896197
2078	1.444976985	0.575485628239062
2079	0.282753833	0.51129754499902
2080	0.115967282	0.079646292775926
2081	0.105717744	0.264560797688636
2082	0.074744262	0.115703038687319
2083	0.233910629	0.200236020577143
2084	3.966635788	1.88414519130466
2085	0.052363681	0.205181523630637
2086	0.130368087	0.14000768830463
2087	0.076440035	0.238786700100219
2088	0.238715385	0.51775423283
2089	0.072195417	0.0634925894837719
2090	0.064092288	0.104914388972358
2091	0.104008014	0.130340325812037
2092	0.384137337	0.307668070031206
2093	0.102284386	0.119577271750463
2094	0.900008642	1.14949338367857
2095	0.627732597	0.821767496132479
2096	0.141044745	0.172530494504762
2097	0.712090352	1.15773986122863
2098	0.310044505	0.440067991234286
2099	0.83659361	0.844779318548291
2100	0.0052158079	0.0182218024494635
2101	0.145001824	0.149906917924138
2102	0.950351762	1.22368754037619
2103	1.699033438	0.625658077027315
2104	0.302887881	2.57774447668846
2105	1.282848841	1.54018386822198
2106	0.167985576	0.243054299832895
2107	0.451681752	0.733509308518182
2108	0.147305197	1.0258935369713
2109	1.42777141	0.664000181782946
2110	0.058548047	0.135860559925862
2111	0.2842393	0.200827524252193
2112	0.227777727	0.182275742815657
2113	1.223152126	1.16846705766048
2114	0.0184975647	0.05656007782
2115	0.064244692	0.110800210980894
2116	0.11664379	0.42825015329902
2117	0.16844574	0.186753286234954
2118	0.185681338	0.648794682295699
2119	0.763220986	0.101157743121396
2120	1.245227252	1.34266467889167
2121	0.12508518	0.133457530566667
2122	0.1106012	0.0834143961148649
2123	1.337818015	1.41197592854491
2124	0.076706743	0.196541412237083
2125	0.040320052	0.1322007107875
2126	0.0294653366	0.117811031803611
2127	0.056566608	0.0996618796096491
2128	0.085264962	0.263478488675581
2129	0.17169974	0.241311132061594
2130	0.019384291	0.0530294776385833
2131	0.51322636	0.134148608120707
2132	0.030846519	0.136073676133114
2133	0.08064683	0.200289515775969
2134	0.807182256	0.897332925033871
2135	0.18152155	0.144880221778947
2136	0.111834471	0.202384650216279
2137	0.85991767	1.31147688016
2138	1.467955738	1.71604184962917
2139	0.041581145	0.0944885892571079
2140	0.448479954	0.468509424545926
2141	0.33185236	0.141215568694841
2142	0.0745956945	0.548313027390702
2143	0.958468853	0.235336350251852
2144	0.059006372	0.0588875490780488
2145	0.185818982	0.232770107170614
2146	0.142149056	0.237924207227917
2147	0.095503526	0.188824674470988
2148	0.21241679	0.207941616284829
2149	0.105795829	0.388988806134877
2150	0.096826413	0.555778746862789
2151	0.82319716	0.570988103316288
2152	0.093455662	0.16788839191358
2153	2.588333177	3.33897594354167
2154	0.105923649	0.0797372122070707
2155	0.17337426	0.240636487857317
2156	0.29092153	0.575524142327957
2157	0.668364447	0.782616968571726
2158	4.187270894	4.38716683911019
2159	0.629796103	0.203160800392157
2160	0.322024453	0.790189107391954
2161	0.405988663	0.16573403287
2162	4.29649243	1.55662814438875
2163	0.73401959	0.96666861589394
2164	0.1818212	0.180015453168518
2165	0.243220857	0.21693136792619
2166	0.102817078	1.06212388879778
2167	2.829676699	2.97805231191667
2168	0.194082037	0.111875711974074
2169	0.043822066	0.154877516247917
2170	2.363721328	3.44222546977708
2171	0.39013419	0.627451933392593
2172	0.20493885	0.202746394017117
2173	2.900736603	2.04111355967708
2174	0.153961125	0.247007002504386
2175	3.38082621	3.34683959389493
2176	0.099272068	0.105444878406349
2177	0.09796869	0.950756811821839
2178	0.58414368	0.359824772607883
2179	0.092260465	0.155125450401754
2180	0.063822053	1.01356348057634
2181	0.103729167	0.144108566881609
2182	0.033830052	0.0864676431636179
2183	0.0327979416	0.0680783508410476
2184	0.079992899	0.370266062190754
2185	0.86252291	0.962451849487097
2186	0.025978688	0.0862194284089583
2187	0.106209134	0.131055517895588
2188	0.029948969	0.100537416407381
2189	2.233396718	1.94084213114884
2190	0.234405252	0.697532440114286
2191	0.043706409	0.149323729717054
2192	0.43818994	0.743989216501149
2193	0.0040300489	0.0828528111826894
2194	1.48268321	0.622229091944118
2195	0.668310247	0.702041162386842
2196	0.15325944	0.266476491987255
2197	0.132485285	0.18664879375881
2198	2.184958474	1.60857211092048
2199	0.059698278	0.0952867213341881
2200	0.510105665	0.70579311846982
2201	0.116110146	0.196570026217982
2202	0.057869454	0.0941693028343678
2203	1.824164132	2.55287607808643
2204	1.433422507	0.693192868460648
2205	0.297030201	1.09482965420484
2206	0.142372589	0.357468545593333
2207	0.218602474	0.649239697861111
2208	0.073957153	0.102551739980645
2209	0.077424181	0.0913143801096899
2210	0.27270894	0.360622563974537
2211	4.005786275	4.18415026271823
2212	0.711437238	0.501181830818571
2213	1.403428323	0.448129150446711
2214	0.029590833	0.0400965306038384
2215	0.16974505	0.21134700871886
2216	3.135612053	1.61570352937813
2217	3.643573584	2.7733701119037
2218	1.777952703	1.11032833675441
2219	0.044700921	0.0790822285792276
2220	0.054018254	0.111739514341667
2221	0.085522064	0.0988835846007207
2222	0.726894443	0.907793080187916
2223	0.035453398	0.0773093269898551
2224	0.111473121	0.109220417945946
2225	0.044268934	0.193980010701068
2226	0.091438588	0.116439781773656
2227	1.029800472	0.245060980723774
2228	0.218046503	0.28741485805
2229	0.037862536	0.0851592252855556
2230	0.814230185	0.633374298971429
2231	0.11059072	0.18744710612122
2232	0.57277294	0.966734821755405
2233	0.15360143	0.361658874525
2234	0.109640426	0.162215234562821
2235	0.078696376	0.241737144151802
2236	0.09224651	0.103106110112302
2237	0.018678748	0.0730175102796296
2238	0.297308474	0.688945891943627
2239	0.105820467	0.201216777025439
2240	0.096758041	0.162221196479762
2241	0.086710644	0.21490318038652
2242	4.27851924	1.06291434318333
2243	2.15486598	0.304790388226423
2244	0.055412033	0.232608623018095
2245	0.061006146	0.0862706060613426
2246	2.009843874	1.21216087420833
2247	0.317910062	0.722772951563178
2248	0.16221465	0.148415562378283
2249	0.11450414	0.172074972942529
2250	0.51970074	0.473814219047059
2251	0.053511199	0.286621594132843
2252	0.46475269	0.567180051469956
2253	0.260446559	0.298744358503333
2254	0.195879396	0.660818675207843
2255	0.30956566	0.10846918277065
2256	0.26742169	0.178419964326667
2257	0.057905838	0.126932445831746
2258	0.0382639535	0.255777865279247
2259	0.057073572	0.0537850299919608
2260	3.442335843	2.08564567500265
2261	1.15897668	1.39053720776709
2262	1.453242185	0.904033684988095
2263	2.986957866	1.76718951910746
2264	0.088046614	0.219772558954762
2265	2.121343786	1.04642575025252
2266	0.212689463	0.298904563066162
2267	1.80579793	0.985295265875806
2268	2.095686741	1.32363100794921
2269	0.072373533	0.115678906052991
2270	0.77792373	1.13001715865392
2271	1.601936726	1.44899000751757
2272	1.116796308	0.909288637258333
2273	0.33293969	0.145007140436022
2274	0.095683046	0.236691746450463
2275	0.071140965	0.146275155493056
2276	4.9047503	1.95777955343241
2277	2.58168652	1.23772554091286
2278	0.4267536	0.221820505778431
2279	0.58387353	0.903198916152315
2280	0.1083617	0.2921840189375
2281	1.429998461	1.52880265385139
2282	1.860371834	1.22779607230303
2283	0.681169732	0.893342581202991
2284	0.2060334	0.167684304281061
2285	2.081027737	2.01296876035444
2286	1.945876218	1.75963103489389
2287	0.054505747	0.135890664298864
2288	0.425073545	0.558902812111905
2289	0.103105852	0.224497749451786
2290	0.710591134	0.79066714580625
2291	0.190046145	0.473325072588889
2292	1.524461795	1.25068550559524
2293	0.026654878	0.12895795663869
2294	0.480899621	0.505110694689584
2295	0.065675147	0.237927640590351
2296	0.057895914	0.180044952918687
2297	1.822490269	1.70455574561535
2298	0.29023483	0.287305972038172
2299	0.450521085	0.65956729534065
2300	0.387145916	0.20851701905
2301	0.407744338	0.650657304055616
2302	0.752606399	0.720142068670202
2303	2.623181397	1.24529938940699
2304	0.670078897	0.658161301735555
2305	0.73976637	0.466756544988372
2306	0.102680702	0.156675265208559
2307	0.636389	0.811219788157246
2308	0.077561545	0.235477023555729
2309	1.16584963	0.609257046592857
2310	0.050775409	0.348272794808202
2311	0.16795416	0.443005825068056
2312	1.974028875	1.28898358672625
2313	0.891157366	1.57593412994561
2314	0.076078793	0.140376319647031
2315	0.277357903	1.0217533012951
2316	0.0227301387	0.134068683456759
2317	0.12272685	0.101303608152703
2318	0.09582551	0.352081444404472
2319	0.189398265	0.251109015552899
2320	0.07149481	0.344001668595238
2321	0.096794876	0.129305962814865
2322	0.10812606	0.15968005299955
2323	0.99747682	0.49666025382037
2324	0.1302267645	0.248727729348919
2325	0.1398435	0.498862885251667
2326	0.107838953	0.178471527664141
2327	0.028763872	0.186736805871053
2328	0.173368137	1.19887020733372
2329	1.524448382	1.27873372851748
2330	0.21990366	0.722234852178723
2331	0.043459736	0.0969626375359649
2332	0.7718144	0.156908656298542
2333	1.351604099	0.90143989897619
2334	0.091512479	0.131956408554762
2335	0.041616536	0.335326955077619
2336	0.160448966	0.245823059742342
2337	0.137236997	0.131792198745833
2338	0.085025989	0.10062029256037
2339	0.086670538	0.154058626394574
2340	0.109127593	0.128000854531579
2341	0.777789812	1.17660031200909
2342	0.03682325	0.0818849499416667
2343	1.41564627	0.911780003615766
2344	2.804035832	1.66351775442778
2345	5.055645856	4.38370315046029
2346	0.29223124	0.143652490647619
2347	0.76951705	0.246882401861429
2348	0.551792905	0.774064798319792
2349	0.360922781	0.247378222769474
2350	0.202762934	0.142201784205691
2351	0.063107305	0.0411056212970833
2352	0.14422607	0.183730346970175
2353	0.171306548	0.204460174729167
2354	0.27755315	0.336281299735417
2355	0.03457224	0.0800118045350575
2356	0.10458158	0.111824338134483
2357	0.25403783	0.193027626853846
2358	0.384670542	0.492506532173874
2359	0.604719796	0.5188268402375
2360	2.74475274	1.5649699768254
2361	0.050153443	0.0762702070203252
2362	0.145632132	0.10614056503
2363	0.890413787	0.591434484943137
2364	0.22933519	0.163581510859524
2365	0.079776192	0.113252329604386
2366	1.442067814	1.47428480512292
2367	0.075677133	0.125833416685526
2368	0.048861762	0.082337682275
2369	0.647059806	1.23247210537222
2370	0.040499766	0.0401499447147619
2371	0.972295844	0.691514601767157
2372	0.085114083	0.125450706429948
2373	0.078760008	0.11256194642093
2374	0.116090502	0.14839312466875
2375	0.50940783	0.494582158844737
2376	0.22639317	1.00573589049722
2377	0.077133444	0.101758391064912
2378	0.574982736	0.491691063308527
2379	1.221279414	0.861180065780333
2380	0.044225201	0.101006810944853
2381	0.750487576	0.936617875542735
2382	0.05786441	0.0746696220942982
2383	0.048496447	0.0857235215230093
2384	0.220683323	1.94111919534559
2385	0.06989155	0.115560321471875
2386	0.112080574	0.0938511911752688
2387	0.048878507	0.0756210037872685
2388	0.132902706	0.1561150565075
2389	0.13381709	0.25266415035
2390	0.102482002	0.179914626187619
2391	0.152454007	0.218028174793798
2392	0.349068482	1.20203075961377
2393	0.076370912	0.14639244339845
2394	0.2434984945	0.669141850371591
2395	1.418905848	1.00153631961068
2396	0.044689193	0.186730226693292
2397	2.27263563	1.62695937899402
2398	0.128306777	0.102865189313158
2399	0.694859435	0.758150200359167
2400	2.540327932	1.00115209673185
2401	0.04688502	0.145402301574242
2402	0.104649872	0.475569570673875
2403	0.028146636	0.168214911538462
2404	0.084180666	0.152084842238979
2405	2.629744453	1.71555342468439
2406	0.10122596	0.17185608974246
2407	2.193700495	0.567201672402193
2408	0.190281712	1.45862340690625
2409	0.057645443	0.154459877510952
2410	0.456010482	0.499248743177143
2411	0.55064295	0.819479245795299
2412	0.25379307	0.582101897498291
2413	0.106182592	0.52999305050303
2414	0.082882106	0.0990516566861905
2415	1.32671515	1.20462064548218
2416	0.060484209	0.108646516233333
2417	0.186443914	0.167768650259649
2418	0.047339723	0.236127090057527
2419	1.465935759	2.1053268665441
2420	0.178822606	0.307306387811111
2421	0.349828666	0.462288197904701
2422	0.133936908	0.368191531246825
2423	0.186729433	0.0862487242993137
2424	0.092115962	0.306026920508889
2425	0.621314623	0.865648204486198
2426	0.030197422	0.284647936287963
2427	0.41282322	0.676355307362903
2428	0.06851092	0.137375846554301
2429	0.422612084	0.917050178129825
2430	0.086940263	0.145303578228161
2431	0.0197292355	0.43610675289688
2432	0.1088102507	0.0511889674426069
2433	0.132619473	0.855712102525199
2434	0.047209572	0.10377232960307
2435	4.548207785	3.27729887054021
2436	1.3152608	0.772113269275
2437	0.059080273	0.138496089448437
2438	0.126523445	0.369798258702151
2439	0.095206011	0.143878837060318
2440	2.180429667	1.33862604747187
2441	0.20255321	0.272639308397619
2442	0.187903653	0.356204458065504
2443	0.098588559	0.112920240070325
2444	0.211775433	0.449513679263462
2445	0.27645623	0.119842258285185
2446	0.432911239	0.320844580828246
2447	0.139911936	0.160756711889247
2448	0.0434852995	0.0917091493926666
2449	0.472189163	0.540940440590952
2450	0.059570361	0.674118789528226
2451	1.04611839	0.95166664666036
2452	0.146401327	0.0947442320496528
2453	0.063667588	0.13169735902957
2454	0.580181374	0.755737162476563
2455	0.16290531	0.559452693470098
2456	5.65702871	2.62284211825856
2457	0.038091892	0.184454243993243
2458	1.25878641	0.539731479272989
2459	0.035993181	0.137432140126852
2460	0.22663359	0.129739954278947
2461	1.33095964	1.11037271166296
2462	0.901511792	2.52845501802891
2463	6.020528315	5.14328664671368
2464	0.079481894	0.240603595626984
2465	1.18566799	0.694895740473039
2466	0.068877236	0.10760052622619
2467	1.473694487	1.32959870093857
2468	0.32825972	0.270550936936905
2469	2.313006617	2.08891712474278
2470	0.049349435	0.06186813275
2471	1.18462845	1.81568257506125
2472	0.422963999	1.18640592997805
2473	0.189103536	0.165711960380645
2474	0.0865533	0.0943268682802777
2475	0.122688954	0.195692027043243
2476	0.083320692	0.102666352882479
2477	0.05745852	0.138313804525225
2478	0.051600791	0.151899437202778
2479	1.208214808	0.689809229551149
2480	0.7123425	1.15109588684634
2481	0.27321531	0.334024578788272
2482	0.064123281	0.489385414030769
2483	5.092775745	3.65727329555177
2484	3.782714674	1.81963221294462
2485	0.125477908	0.122270978681081
2486	0.063417963	0.0896119311463768
2487	0.237485724	0.255991806514198
2488	0.870420958	0.564937012651701
2489	0.110005974	0.105608844282796
2490	0.047179979	0.0616198653072523
2491	0.144093324	0.256842829142222
2492	0.117599278	0.340614012103153
2493	0.027858323	0.0670331756857813
2494	0.038617501	0.120589025465854
2495	0.137564445	0.298208050776716
2496	0.400672232	0.841990086078788
2497	0.049446822	0.0563070029259259
2498	0.294523486	0.683293418904546
2499	0.266739148	0.67817115157803
2500	0.851364112	1.61413190775631
2501	0.23551929	0.458297515237681
2502	0.139088813	0.217128551530238
2503	1.458050223	0.442963807394253
2504	0.035798084	0.178807717430095
2505	2.539124687	1.33616416480606
2506	1.652618027	1.20046171527097
2507	0.121057306	0.284127125505051
2508	0.119880487	0.152772852192929
2509	0.054883728	0.105115791386042
2510	0.089090969	0.195849136481905
2511	0.97687957	1.51033727450969
2512	0.035913258	0.248953466344775
2513	0.091610932	0.262185956573095
2514	0.04524028	0.142069422590833
2515	0.73425306	0.335245894071569
2516	0.207871848	0.104761804087585
2517	0.688103268	1.16608863503602
2518	0.37334553	1.2881318131224
2519	0.010304128	0.00977242374264228
2520	1.44950498	0.848585788219747
2521	0.635659422	0.608907632628947
2522	0.149901239	0.186727440761445
2523	0.396257719	0.521079101324797
2524	0.047524227	0.0829387264085714
2525	0.25537894	0.172503919036667
2526	0.081883855	0.170619517458687
2527	3.604811957	2.67019123366319
2528	0.2241999	0.307784773235965
2529	1.046190486	1.00635095250538
2530	0.103633159	0.699025951413821
2531	0.294186517	0.177046051106746
2532	1.218686897	0.420768562273809
2533	0.40731009	0.326786025579412
2534	0.040836998	0.579145101876061
2535	0.26747043	0.600117159525775
2536	0.387697925	0.14007983035
2537	0.209438697	0.511909677791146
2538	0.13353728	0.203407760985526
2539	2.196409948	1.84246797817273
2540	0.042145271	0.670859986757143
2541	0.15729338	0.388780898008333
2542	1.251966931	1.10855806732308
2543	0.129372465	0.185982926158108
2544	0.053578538	0.0988408655209524
2545	0.064189252	0.117004127716667
2546	0.367493463	0.478398510850617
2547	1.768048274	1.60019426115707
2548	0.383067982	0.955686710008081
2549	0.117996752	0.837858897536487
2550	0.10419699	0.164595544575
2551	3.012388738	1.65207605133676
2552	5.60016371	4.44074818657816
2553	0.360588612	0.449804774112083
2554	1.10101432	1.26873622289619
2555	2.95687203	1.83300592146204
2556	0.025143532	0.0595757575166667
2557	0.43548947	0.315550431206322
2558	0.398078013	0.439566789414508
2559	0.038118976	0.0637281104082258
2560	0.121599688	0.293014867181531
2561	0.048266937	0.0985188959771826
2562	0.0727265935	0.340423060891026
2563	0.218020966	0.20851848604463
2564	0.8812986	0.25617232353172
2565	1.005949722	1.12129333917302
2566	0.090735899	0.17384554204914
2567	0.127152624	0.313514328195556
2568	0.077871792	0.125069874511458
2569	0.23061451	0.272623681412302
2570	0.82942511	0.18072403325381
2571	0.185474834	0.224089970374138
2572	0.212738106	0.167705767552326
2573	2.731396566	1.35866565124259
2574	0.013024813	0.203624062908504
2575	0.025888142	0.0523248622309402
2576	0.223792069	0.989833260195
2577	0.639974928	0.931563908031034
2578	0.0524781	0.154227432392544
2579	0.068407061	0.722893950093721
2580	0.25597665	0.107382558599074
2581	2.084822039	2.13305246302037
2582	0.0238355993	0.0401812714140909
2583	0.222349635	0.178644090513949
2584	0.240995546	0.0754489748496464
2585	4.696239714	5.27902634180505
2586	0.14942467	0.187810879859375
2587	0.095006789	0.381414785868018
2588	0.08317598	0.10824658965098
2589	0.101640721	0.267382269410417
2590	0.496922561	0.549522313142636
2591	3.402098348	1.67453271395235
2592	0.113505868	0.1649695716125
2593	0.602826014	0.31361316115914
2594	0.0266229337	0.136244560863243
2595	0.0176024655	0.0506599065822868
2596	0.053322111	0.207217481899792
2597	0.232383535	0.5030920526375
2598	0.966705738	1.41013744023587
2599	0.046527227	0.22739471481625
2600	0.106206354	0.134238687825
2601	0.54927092	0.813763668717949
2602	0.11333147	0.346856097108974
2603	0.33658793	0.27435598774955
2604	0.128599755	0.965631987518421
2605	0.28983245	0.119929166035507
2606	0.11341048	0.168347936590171
2607	0.507378083	0.88222110151381
2608	0.0245372923	0.305899320747985
2609	0.056832684	0.162506379584635
2610	0.134786032	0.258616028551351
2611	1.52235817	1.1548563909545
2612	0.630435005	0.601760559194737
2613	1.597384043	0.573210026707084
2614	0.082742706	0.147154330525
2615	0.3536409	0.536809193408602
2616	0.086171655	0.173843461395238
2617	3.005902682	2.70376744174167
2618	0.077928308	0.177460582644444
2619	1.948841722	1.05426962313056
2620	0.07328845	0.820016223038167
2621	0.3974636	0.181261612071528
2622	0.153306382	0.207656142605675
2623	0.08792579	0.218178907310859
2624	0.36344005	0.820025016312281
2625	1.91967412	0.992982834442204
2626	0.685802065	0.716225713553704
2627	0.68549847	1.28241683693922
2628	0.045583622	0.191698077160811
2629	0.072260555	0.261150521641667
2630	0.082749192	0.109760853376852
2631	0.773089371	1.13942818900794
2632	0.123956744	0.208386340506019
2633	0.441359089	0.716657735139951
2634	0.070558356	0.112020628404386
2635	1.408785816	1.84684146518381
2636	0.170287365	0.204936160921581
2637	0.0247018005	0.122699427432917
2638	0.3994106	0.518982288478283
2639	0.63864341	0.85369051945307
2640	0.207847026	0.233001759552958
2641	0.472034949	0.890790716463384
2642	0.689602946	0.802633174422917
2643	0.743902897	1.02686126429912
2644	0.043870462	0.0645764583376191
2645	0.111043956	0.199539540014352
2646	0.101958748	0.175772907706944
2647	2.194369016	2.09750617528655
2648	1.96575916	1.51997255822222
2649	5.68697427	4.62708032120255
2650	0.470903503	0.78492895889381
2651	0.049692944	0.20834832586386
2652	0.045381673	0.0974756707058559
2653	0.209755792	0.109407839209375
2654	1.105116218	0.581888290558081
2655	4.304271252	5.21535702603866
2656	0.059894174	0.510185506796124
2657	0.131372195	0.529779244026786
2658	0.514228569	0.454893515461261
2659	0.051148303	0.171978569034143
2660	0.081517853	0.0965117334833333
2661	0.87267895	1.09707872647043
2662	0.079030592	0.224665208059058
2663	0.0669436883	0.0888267975537407
2664	0.07229228	0.0815831291211382
2665	0.327255775	0.426643092951351
2666	0.508386672	0.521121575880539
2667	0.214828553	0.224316990364323
2668	1.457176236	0.84638543439596
2669	0.25364375	0.585763686335354
2670	0.076014507	0.0686770814880952
2671	0.234681725	0.418844951419118
2672	0.149762907	0.207382646182097
2673	0.091433283	0.0958882794862745
2674	0.08801732	0.0775528278277778
2675	0.038111029	0.120100799586708
2676	0.413429204	0.640294423469697
2677	0.048807043	0.32583534513
2678	0.29320937	0.505164080458943
2679	0.08325042	0.200121809061842
2680	0.06151698	0.11046723508875
2681	0.0839531	0.268227477316239
2682	0.131495715	0.117758330765686
2683	0.413042724	0.209460225395455
2684	1.158860933	0.876862966495062
2685	1.931203351	1.11665080763594
2686	0.430790783	0.53534334984375
2687	0.3890661	0.198056826281818
2688	0.119605561	0.123537488158838
2689	0.086504577	0.223972834406191
2690	0.351804673	0.302124148008472
2691	3.334583995	2.79788404470729
2692	1.331205386	1.35893886412
2693	0.137167954	0.205678197565
2694	0.5858528	0.222296351903704
2695	0.093175642	0.163032864507222
2696	0.050553484	0.0843417790557971
2697	0.040567409	0.0469247961783333
2698	1.651225388	0.76342737481886
2699	1.698155448	1.47124519297928
2700	0.05558963	0.0769215693723577
2701	0.092048063	0.196564068032675
2702	0.130007673	0.200249806657447
2703	1.59528134	0.894593942702525
2704	0.035829747	0.101702452895238
2705	1.4879537	0.482707522174352
2706	0.143106338	0.138059888084146
2707	0.142012513	0.23803473675
2708	0.30923983	0.196124501266129
2709	0.566496147	0.119603666381368
2710	2.11795208	2.37165944754605
2711	1.032550652	1.12941370438889
2712	0.05353398	0.159584590428175
2713	0.079030521	0.254819988982986
2714	0.702812524	1.36019342549765
2715	0.019173284	0.131875595955708
2716	2.718516587	2.14792143568781
2717	0.040390953	0.241505932648485
2718	0.046091077	0.0506976117622549
2719	0.934108628	0.879002967986036
2720	0.979905012	0.808704966242381
2721	0.934063855	1.65316038587856
2722	0.31431417	0.142221791465741
2723	0.31752009	0.10158903696383
2724	0.516977163	0.599618296465504
2725	0.065158294	0.0853893722227778
2726	0.08258247	0.0776571693410257
2727	0.120808595	0.144862419659899
2728	0.033352178	0.397165518090404
2729	0.115615677	0.140969549429688
2730	0.56864204	0.777511139031373
2731	2.814957954	2.5378647737641
2732	0.106577136	0.093048130364054
2733	1.499601047	1.90070166839457
2734	0.141000196	0.146364473041667
2735	0.948573416	0.693797915447059
2736	0.283798078	0.204463069859195
2737	0.22907047	0.144173554059167
2738	0.605276514	0.189691482358095
2739	0.259003113	0.210586505215385
2740	0.573363668	1.43177296112892
2741	0.056382102	0.126665967586042
2742	1.566961684	1.09450535727879
2743	0.11841961	0.781178388972778
2744	0.35692176	0.202706285773232
2745	0.19494711	0.406798990614216
2746	0.198949414	0.148414614709649
2747	3.729360187	1.71924347478537
2748	0.589268667	1.3083983874128
2749	0.04621737	0.183194825117619
2750	1.343346272	1.25007192983177
2751	0.069786627	0.137341715392424
2752	0.036739152	0.240532168804496
2753	2.123928523	1.7095953412902
2754	0.29562752	0.82351270300119
2755	1.128936415	0.437619576427083
2756	0.030627091	0.121551914991149
2757	2.679772731	2.06813328696828
2758	0.106860176	0.146929110865217
2759	1.44798806	2.19012569275136
2760	1.772882769	0.448235470569737
2761	0.32807314	0.345472040383333
2762	2.326136551	2.23337874147925
2763	0.276762624	0.135610771815196
2764	0.2564949	0.526909575838964
2765	1.11604728	0.955755758187719
2766	0.2918314	0.399074125851754
2767	0.27924187	0.623202915513636
2768	0.081212284	0.299330530452992
2769	0.061816969	0.150990063416146
2770	0.104684617	0.118578869704762
2771	0.0694219	0.0995235212046297
2772	0.33891498	0.535312610174731
2773	0.69387249	0.906973839703509
2774	0.993067102	0.885343572553419
2775	0.773284083	0.675645565824722
2776	0.136134742	0.148147653348214
2777	0.351287173	0.956700606664762
2778	0.065748204	0.0810161970730769
2779	0.41910873	0.502889526620952
2780	0.088806557	0.0926126909072973
2781	0.042241155	0.363997330595238
2782	3.556546879	3.81192538574931
2783	0.0242102107	0.171215954802
2784	1.783085267	3.5644139780777
2785	0.194771065	0.430513468879583
2786	0.084742034	0.125123837556061
2787	0.44031603	0.143095000928704
2788	0.654522052	0.959622829169608
2789	0.025646639	0.0776310798642222
2790	0.212530296	0.160960479492731
2791	0.192459836	0.215380113480952
2792	5.498002903	3.83584471484167
2793	0.282333404	0.473892639869753
2794	0.067199357	0.249455530538158
2795	0.200776305	0.552025991146667
2796	0.651831937	0.639181759956818
2797	1.060261404	0.140757450958559
2798	0.106025634	0.384663068855556
2799	0.141446405	0.19727424277973
2800	0.058432714	0.193004650863566
2801	0.46256138	0.245779346973256
2802	0.79332748	0.435514896262393
2803	0.117898915	0.137420374335714
2804	0.046974911	0.0793229754883333
2805	0.871256396	0.241055326333333
2806	1.209833433	0.530741176247549
2807	1.72799378	2.09359008326601
2808	0.162944107	0.369134491911828
2809	0.30543576	0.48233750865463
2810	0.485188124	0.883138384814286
2811	0.420065658	0.872912282408547
2812	1.78842585	1.05003829414516
2813	0.054645103	0.135360830670833
2814	0.1382897	0.121005427467754
2815	0.932886803	0.182458924542767
2816	0.055020553	0.120825908566216
2817	0.05289833	0.143760554178476
2818	0.091265617	0.184010652232114
2819	1.684354288	0.607591523621428
2820	0.048734668	0.155854839877778
2821	0.073916071	0.0616396828134259
2822	0.075578066	0.131630407244902
2823	1.776524848	0.603388743293089
2824	2.19435107	0.650516545136486
2825	0.184297234	0.184114701707061
2826	0.091938281	0.151140660198485
2827	1.65252901	1.13605968138804
2828	0.517905866	0.868552149137805
2829	0.41299953	0.719629081104902
2830	0.23954535	0.207272055167117
2831	0.13230841	0.150926222400952
2832	1.443555236	0.91258420158
2833	0.25661719	0.135834912694118
2834	0.19438778	0.487467831185238
2835	0.58519983	0.266660920462821
2836	1.09270484	1.58143728178431
2837	0.123485891	0.241642260910417
2838	0.06076908	0.147385577421717
2839	0.137059647	0.10695046663
2840	0.053749733	0.285043680448958
2841	0.05992515	0.109094918550521
2842	0.093321277	0.127056840461789
2843	0.178501008	0.278589121646667
2844	0.56434528	0.778559172533333
2845	0.210058502	0.90478329522996
2846	0.177489213	0.206790179606429
2847	0.120638055	0.180084802752857
2848	0.905999544	1.13315701366286
2849	1.460379986	0.854924743455392
2850	0.60253029	0.464068870975417
2851	1.471312644	1.97714015809405
2852	0.41840521	0.992020027691905
2853	0.845249309	0.601722448563514
2854	0.081305271	0.666241822357471
2855	0.181467566	0.127756573124806
2856	1.40668307	1.16432536774624
2857	1.21940258	0.968183250215351
2858	0.139689906	0.188176234898077
2859	0.351849328	0.70788118556624
2860	0.236976997	0.6873902271875
2861	1.520888726	0.277233832754472
2862	0.360500506	0.817044372495238
2863	0.17884242	0.185353442801667
2864	0.086939717	0.174460603597009
2865	0.123690204	0.134439047603431
2866	0.06954181	0.0956672813288235
2867	3.326769905	4.529334783206
2868	0.24284583	0.21087792705101
2869	0.125186115	0.150918985858333
2870	0.397489562	0.782972956860648
2871	0.104250197	0.117547853086842
2872	0.142416236	0.728550849768571
2873	0.56599922	0.52474777417973
2874	1.06060833	0.179317582845175
2875	0.059372389	0.091716836063964
2876	0.08708256	0.267948845319792
2877	1.275758921	1.26416488539444
2878	0.1501598	0.160498412943089
2879	0.137484409	1.13175098623829
2880	0.064234365	0.125994855044286
2881	0.081789085	0.0733095275577381
2882	0.121404844	0.126063331926847
2883	0.054633439	0.132550575707778
2884	0.28110688	0.136745546429487
2885	0.17539744	0.33364395367963
2886	0.472635064	1.50278189568434
2887	0.123090986	0.129550692086894
2888	0.109627202	0.154796962
2889	1.036779168	0.157221449736822
2890	2.937902145	1.66208804447172
2891	4.781996038	4.25847203199914
2892	0.13753374	0.124023349776882
2893	0.350770533	0.433320582473039
2894	0.301084297	0.913017922966904
2895	0.101642063	0.250592105345726
2896	0.49562633	0.220661914685586
2897	0.98678989	0.272020697387985
2898	0.2140936965	0.418606868975185
2899	0.044061754	0.0923161292166667
2900	0.18099127	0.130668537615812
2901	0.166535323	0.433362888712393
2902	0.344140635	0.121475200694375
2903	0.092445954	0.259581673550901
2904	0.074854072	0.323060285891667
2905	1.04834655	1.52101386536609
2906	1.5443554	0.889536210574621
2907	0.066433648	0.211289223079524
2908	0.378541345	0.229360892638514
2909	0.18301074	0.385217061992593
2910	4.608598044	3.3967799441951
2911	0.28671437	0.217909351445833
2912	0.147510128	0.128306547740104
2913	1.539285916	2.12710490557389
2914	0.064250084	0.123746792849495
2915	0.075241813	0.115378818849048
2916	0.353254807	0.555246667333527
2917	0.053251932	0.130115925586458
2918	0.062224126	0.652530948087607
2919	2.26029253	0.615588156222072
2920	0.522582335	0.635580352549537
2921	0.183442472	0.224834121130469
2922	0.081525512	0.0598626978875
2923	1.62303548	1.2317056278088
2924	0.040733738	0.150392852764655
2925	0.057913978	0.0996253996726263
2926	0.199587704	0.320700790996154
2927	0.051044412	0.0425776996510417
2928	0.101891082	0.246521501355
2929	0.459866008	0.859322578314801
2930	0.094574923	0.524755287367659
2931	0.39084997	0.90237605313547
2932	0.050502926	0.142725843476667
2933	0.195547312	0.714793985033721
2934	0.027404329	0.0427935889932927
2935	0.039592836	0.333426331845833
2936	0.3613553225	0.495287434091667
2937	0.06339614	0.318975247958958
2938	0.069036923	0.180449040283333
2939	0.144422657	0.24805151642094
2940	0.062657187	0.451798374319444
2941	2.227110927	2.27480639919306
2942	0.135275908	0.168186791446053
2943	5.132207248	4.29786460721026
2944	0.472092805	0.949642681320496
2945	0.057633319	0.159988944248413
2946	0.954592978	0.931711566635555
2947	0.799066103	0.927670757301149
2948	4.201986956	2.68622464157363
2949	0.054444696	0.434391641574405
2950	0.0086250335	0.0356770300155
2951	0.18406394	0.128681828589216
2952	0.645438016	0.416019898996354
2953	0.071962386	0.180313765154301
2954	0.040886628	0.131649486587607
2955	0.0223448883	0.22955868778092
2956	0.049571259	0.0564223522359402
2957	0.06083439	0.124472095330631
2958	0.81582391	1.37041859404495
2959	0.827983972	1.12230424878958
2960	0.208722466	0.183201257757143
2961	1.322358062	1.31272660682778
2962	0.037967361	0.0629268995476852
2963	0.07947919	0.179196923936232
2964	0.214067405	0.17737519930812
2965	0.051011694	0.104298763087281
2966	0.668578782	0.421676448866667
2967	0.206504947	0.195290974863158
2968	0.370495725	1.71120023648621
2969	1.01900389	0.550729887295
2970	0.914401065	1.04320824184246
2971	0.060727706	0.103899500216667
2972	1.23887632	0.196583956264957
2973	0.102802174	0.276620763815054
2974	0.432729871	0.916339156914815
2975	1.775024755	1.81045420844219
2976	0.925335903	0.692648596307247
2977	0.051355573	0.171162503335833
2978	0.069045194	0.147574903445455
2979	0.25751243	0.240332306754048
2980	2.193394852	1.86323211290225
2981	0.47071179	0.247638849651905
2982	0.255498371	0.740816311711828
2983	0.31058735	0.344489625190541
2984	0.57133082	0.452267331490196
2985	0.254520213	0.562966880208824
2986	0.0728998565	0.118744659650538
2987	0.608233889	0.281791075263726
2988	0.1098865	0.203054407282895
2989	0.279616377	0.671221740922304
2990	0.151913683	0.152323940375521
2991	0.049353197	0.731400423793966
2992	0.132528924	0.17349514223252
2993	0.25422186	0.169478513680645
2994	0.71890921	0.876297848006771
2995	0.874793066	0.800587871332716
2996	1.14928317	0.425513147953922
2997	0.070548407	0.1055727058
2998	0.349586906	0.866766032612858
2999	1.651181282	1.61732549846035
3000	0.050162045	0.310060585040404
3001	1.5067972585	1.40534364070203
3002	0.097421355	0.254780540596491
3003	0.129819506	0.140898796306944
3004	0.213811485	0.200989652916239
3005	0.103853307	0.144887426620833
3006	1.500373472	1.51988731576354
3007	2.365195743	0.682901793135784
3008	0.46230844	0.770965655059954
3009	0.729292065	1.01143365954775
3010	0.151938194	0.237177830801389
3011	0.156826344	0.129233597377381
3012	0.068255423	0.238015555225214
3013	0.77021903	1.06667914410135
3014	0.11446744	0.130998393406481
3015	0.051405739	0.220757004677851
3016	0.177575821	0.349316167750379
3017	0.217541449	0.211335987445238
3018	0.19808777	0.260361718344111
3019	0.057318769	0.585807567278947
3020	0.67141428	0.203811637077642
3021	0.787018316	0.352236958282883
3022	0.215867065	0.197732552894298
3023	0.250698663	0.417455263097549
3024	0.4548956955	1.01441307057473
3025	0.029236883	0.253253766147685
3026	0.89039073	0.746966188938272
3027	1.357133115	2.19292790106123
3028	0.081563836	0.170069199312
3029	0.495827323	0.661620910457576
3030	0.568768395	0.527021692353846
3031	0.040206672	0.0746567259550439
3032	0.048981153	0.193793202362963
3033	1.861113178	1.18270867112252
3034	0.21310567	0.1200471870675
3035	0.093399774	0.13294588158172
3036	0.037250715	0.0700269012761111
3037	0.553314443	1.69585996406752
3038	0.118245947	0.156776221886022
3039	0.19184323	0.393372542203889
3040	0.50966758	0.227913387702778
3041	0.191931948	0.177997177368403
3042	0.022947048	0.0621536477210784
3043	0.036554005	0.161027980931852
3044	1.035929688	1.06738661241667
3045	0.044368843	0.126290484223438
3046	0.50187558	0.572763994883333
3047	0.044563674	0.0814090201298781
3048	0.67472416	0.857026594104902
3049	0.088899828	0.185341961686842
3050	0.194182126	0.332330796430769
3051	0.627728088	0.421564909279798
3052	0.105456	0.153365471029398
3053	0.227058072	0.217327138129583
3054	0.09322088	0.211557743862281
3055	0.566847447	1.80346295018238
3056	0.071067384	0.140378215974324
3057	2.825322754	2.9812534384793
3058	0.337803218	0.713134363526191
3059	0.070840461	0.1564380632
3060	2.935553188	3.00869106173476
3061	0.12911871	0.104777719997917
3062	1.08054115	1.23873800811422
3063	0.051144464	0.301533381276389
3064	1.179402987	1.22819942797633
3065	0.22144934	0.137365776894595
3066	0.192059712	0.254949710272917
3067	2.524495496	0.836666397404504
3068	0.13217107	0.161012287118519
3069	0.024817831	0.129266973735076
3070	0.255971288	0.488060089470115
3071	1.22215715	0.627522129228829
3072	0.057250431	0.146962341702451
3073	0.043224473	0.455706477735185
3074	0.514171893	0.361456627866667
3075	0.071744438	0.0943960134179012
3076	0.067195123	0.114775604308991
3077	0.120567184	0.124634075777778
3078	0.051688211	0.167207437465232
3079	0.138345754	0.193137827439035
3080	0.07875998	0.102970638187985
3081	0.20924788	0.208398869237381
3082	0.17622809	0.470646874805747
3083	0.111427918	0.188112701686667
3084	0.203335269	0.14722663707
3085	0.097583957	0.672207618138481
3086	0.083654031	0.130832031503509
3087	0.388636228	0.653373937005435
3088	0.71676337	0.975440991628283
3089	2.811225744	0.655696267445098
3090	0.051168292	0.159842029606548
3091	0.054968809	0.147903311069369
3092	0.243181697	0.237978750445312
3093	0.102912549	0.801860434126961
3094	0.097964544	0.170371004354839
3095	0.155219857	0.225196801604444
3096	0.063322343	0.31967069370155
3097	0.15513684	0.0886165258775
3098	0.100982024	0.162854346925862
3099	0.077008537	0.199902921770076
3100	0.492043383	0.899082990444203
3101	0.038090502	0.086727693339693
3102	0.084007535	0.102122934820567
3103	0.312553613	0.184222174921212
3104	0.212661534	0.108690790053226
3105	0.102854296	0.188885301553153
3106	0.16450686	0.115202876362821
3107	0.027547957	0.128028330614959
3108	0.31362875	0.108258013303535
3109	0.187829296	0.13038421622807
3110	0.20828364	0.18125453576886
3111	0.08365226	0.114367060889837
3112	0.098796889	0.146244964849583
3113	0.035706908	0.200828803132456
3114	0.120219361	0.160457172042929
3115	0.919880562	0.716969227845185
3116	0.056199797	0.222860068991441
3117	0.262179856	0.642148657819388
3118	0.034262459	0.181750045907527
3119	0.032884064	0.142699350767683
3120	0.130457375	0.127763097285088
3121	0.182219989	0.204973717669444
3122	0.95456074	0.95494459042094
3123	0.19697612	0.364852392738889
3124	0.051821717	0.120395332723504
3125	1.055280168	1.52541888093788
3126	0.075626688	0.059430894546875
3127	0.11262488	0.10277639467907
3128	3.243808186	1.16487292631667
3129	1.077961915	1.04710264315772
3130	1.339132557	1.37304367662714
3131	0.18653099	0.267624478992735
3132	1.676572756	1.49367645875667
3133	0.232963474	1.19289614706083
3134	0.112831886	0.125521599644231
3135	0.0227500805	0.103712467304638
3136	1.643729023	1.88060275983073
3137	2.389676519	1.42711386820307
3138	0.20898134	0.237950480997928
3139	0.627275917	1.03430609878437
3140	0.203321346	1.31180598476237
3141	0.0247293314	0.153531846470215
3142	2.461027465	1.11228589273475
3143	0.228532927	0.729697138331771
3144	1.59936363	1.13347419894892
3145	0.203717806	0.185155589393434
3146	0.69747279	0.290446625381375
3147	0.072573776	0.0766340525384616
3148	0.089875305	0.182157560487745
3149	0.029611332	0.0606835507123106
3150	0.140971796	0.233958515433333
3151	0.061954551	0.368815076378829
3152	0.156733695	0.553499049861539
3153	0.80276636	0.255047255788286
3154	6.3622032	4.92283904536686
3155	1.17021579	1.52593489868784
3156	0.067912098	0.152496789790278
3157	0.227509086	0.170535972132083
3158	3.46875726	3.42222040505786
3159	0.090321377	0.227271364737607
3160	0.096702463	0.103313872580797
3161	3.975998413	3.50822267209875
3162	0.33802102	0.474129919631482
3163	0.103975667	0.124815856090476
3164	0.67733935	0.873464854172222
3165	0.133470747	0.198113630456061
3166	0.030880437	0.140514410271667
3167	0.078284102	0.200770320283333
3168	0.246085633	0.153305366281818
3169	3.179121934	1.2533871545202
3170	0.373228535	0.507028578932986
3171	0.192121646	0.203249852205357
3172	0.485189844	0.332275143094595
3173	0.371549028	0.671757275317157
3174	0.093793381	0.507293804845371
3175	0.213727136	0.234838273777236
3176	0.119153286	0.35174848258421
3177	4.209451217	3.06845333695985
3178	0.77852254	1.25799641794722
3179	3.336469373	1.74288019955606
3180	0.10692995	0.499650611068333
3181	3.047281504	3.01750668667963
3182	0.34160419	0.295081493642929
3183	0.197640532	1.26838296892483
3184	1.044316068	1.19549995816944
3185	0.087814546	0.2689541926
3186	0.1362939125	0.395668538758431
3187	1.178813325	0.26600415663964
3188	0.064409049	0.126028685094106
3189	0.074951485	0.130260290573333
3190	1.19926856	0.721637176663542
3191	0.569016804	0.542092934377037
3192	0.108027536	0.0932014192484849
3193	0.850026036	0.653787628746349
3194	0.7966005	0.193260366004505
3195	0.474058864	0.321705075052381
3196	0.59039879	0.778545297659896
3197	0.47962998	0.661207190797454
3198	0.604642772	0.769001813726852
3199	0.070251836	0.152749867314035
3200	0.20959105	0.385822497030833
3201	0.343081793	0.473367555522222
3202	0.02312875	0.0941728776457207
3203	0.053960549	0.104960544928889
3204	0.083002788	0.103432510658333
3205	0.268531944	0.272905300708081
3206	0.090393	0.231394104636574
3207	0.249444765	0.478083115093694
3208	0.058583968	0.189169308515657
3209	0.279732568	0.20600513110381
3210	0.170106145	0.169741282902604
3211	0.063870976	0.0737967761421053
3212	0.822353578	0.840734753141435
3213	0.164478344	0.132929922098062
3214	0.083310463	0.207742568691489
3215	1.404908284	1.54910728419189
3216	0.073632184	0.182520053967886
3217	0.1392453154	0.0684397741006945
3218	0.387170177	0.393368553321825
3219	0.951129706	0.623941923834583
3220	0.606989492	1.45338742549479
3221	0.065743506	0.157710021999405
3222	1.05028537	0.160842432700775
3223	1.43830224	0.723640310119231
3224	0.44908338	1.0494940604756
3225	0.48155094	0.628109988067568
3226	0.135921182	0.0887980315681818
3227	0.056646987	0.412623216159596
3228	0.113027681	0.12508943119955
3229	0.635861984	0.43656903542963
3230	0.151643902	0.205623984968376
3231	0.526256815	0.631916079248016
3232	0.88723357	0.254755843673077
3233	0.738377627	1.18263943344547
3234	0.37032883	0.476325952931579
3235	0.33514602	0.145321281339216
3236	0.13609349	0.186074970155882
3237	0.095990806	0.639848381502161
3238	0.048772469	0.191788386603431
3239	0.416545987	0.651723078728824
3240	0.43474791	0.383578753741473
3241	0.063695023	0.156812108754924
3242	0.117596111	0.102763985262963
3243	2.366058004	1.85721508987917
3244	0.180679497	0.196440015613158
3245	0.116417628	0.122255092888426
3246	0.13057742	0.198750445448039
3247	3.362216255	2.04888607315428
3248	0.034869524	0.329011761511111
3249	0.029926084	0.104694812894603
3250	0.028833743	0.0721788787418919
3251	0.26230871	0.331290380806944
3252	0.71035153	0.254124837379487
3253	0.108167337	0.121109754153876
3254	0.113362622	0.136996370836979
3255	0.066215202	0.637441090614815
3256	0.084839804	0.15222062415
3257	0.070326708	0.141982776330303
3258	0.062242802	0.222177812407143
3259	1.203990095	1.02115582952059
3260	0.126499178	0.100040835445417
3261	0.162479656	0.135539539003241
3262	0.045176603	0.0475890506069118
3263	0.070876289	0.116720324593421
3264	0.21888082	0.150905492118182
3265	0.0727703	0.235971960341912
3266	0.148585727	0.13964137129127
3267	1.88615793	1.05307197942796
3268	2.014377717	1.32830751173974
3269	0.047362453	0.138611097628488
3270	0.0256301165	0.0483245789550926
3271	0.268127178	0.577530190864286
3272	2.566418335	1.54386852181569
3273	1.613021007	1.86671540858227
3274	0.98105669	0.232541003818182
3275	0.077213296	0.125576526067276
3276	0.149112342	0.12760289855814
3277	0.072496085	0.202470098329412
3278	0.466513699	0.590621199113153
3279	0.345448699	1.1797652064487
3280	0.080467719	0.342532399518992
3281	0.089510632	0.187854613271569
3282	0.608205616	0.989215568226144
3283	1.553212333	1.34457234625882
3284	1.234352887	1.57773104394561
3285	0.209972206	0.802928504060606
3286	0.037994692	0.291276927556
3287	0.22018774	0.208635312872358
3288	0.502882033	1.04786439114271
3289	2.265618588	1.67926644719653
3290	0.080547552	0.0775922037688372
3291	1.39560996	0.710076744774123
3292	0.213273017	0.100198639940171
3293	0.170778056	0.213205554626344
3294	0.664423817	0.181960126147143
3295	2.169340667	1.14517566408627
3296	0.102272204	0.138380632525238
3297	0.142153298	0.164228309946
3298	0.117135753	0.884753320263426
3299	0.00523185327	0.00694623000023333
3300	0.064493694	0.101830502037374
3301	0.096331109	0.451899444506452
3302	0.376723428	0.0897738302132184
3303	0.36338775	0.557502952158559
3304	0.330864716	0.360879481789583
3305	3.317199137	2.75726123043485
3306	0.509573863	0.775014642993229
3307	0.0016683511	0.0841421646666535
3308	2.09345056	0.791465169624815
3309	2.346681253	0.411951638557936
3310	0.772919402	2.51073711686859
3311	0.224351127	0.748465209012069
3312	0.069519026	0.124032133622807
3313	0.0705574266	0.120748307465114
3314	0.19596422	0.391238776687634
3315	1.103316031	0.379686682033823
3316	4.8132663735	5.13113323795657
3317	3.077206862	3.32872579217011
3318	0.042847094	0.207059652940278
3319	0.039677745	0.108809496343699
3320	0.0356842495	0.144523394698333
3321	0.12507542	0.0693780432924797
3322	0.031011426	0.0433533665382381
3323	0.097361925	0.1555528779275
3324	0.09054249	0.156636998199524
3325	0.12922131	0.0935539449057895
3326	0.021383355	0.105484828271847
3327	0.258380655	0.818005901773563
3328	0.065708401	0.0833910900942708
3329	2.376859145	2.48920116000714
3330	0.088482335	0.153567302119298
3331	0.126898082	0.196653037297748
3332	0.14048152	0.0692764110598039
3333	0.314764	0.226782356260476
3334	0.11706799	0.182890870455039
3335	0.706922841	0.552634355816239
3336	0.66541923	0.773812785571839
3337	0.309438417	0.393651947613657
3338	0.60339368	0.561615717529902
3339	0.37200391	0.796055273196491
3340	0.26996056	0.200631182260606
3341	0.04018707	0.233810085516176
3342	0.105115677	0.27948225050991
3343	0.297034054	0.979872980625906
3344	0.837597167	0.949269856726357
3345	0.043675011	0.0633347983095238
3346	0.022142688	0.171470198372353
3347	0.12731235	0.115375624227368
3348	1.25055886	1.01055615738478
3349	0.154698717	0.337594880722619
3350	0.051207547	0.154065162441441
3351	1.298005323	1.67358215302737
3352	0.132488436	0.0939222957807693
3353	0.199843966	0.347448202955102
3354	0.04317601	0.113509846125417
3355	1.072078837	1.55102737785135
3356	1.865261644	1.74460544130354
3357	0.130059173	0.224423148516191
3358	0.414397916	0.480839129454167
3359	1.999141298	2.33171258824407
3360	0.070653315	0.294290064455952
3361	0.12958997	0.204932290349462
3362	0.427350456	0.547468974538384
3363	1.16503431	1.03004425052428
3364	0.975949812	0.711184846477546
3365	0.087383047	0.226987513286765
3366	0.167526673	0.124436863668571
3367	0.300399018	0.97769732772625
3368	0.14030403	0.651427853676667
3369	1.90575827	1.02151090039919
3370	0.53240756	0.180048659386274
3371	2.426368166	2.31939774561009
3372	0.092637091	0.211769455274031
3373	0.093921398	0.325231108243889
3374	0.688908663	0.743969215413492
3375	1.09102202	0.916176344736667
3376	0.45098425	0.641226286305747
3377	0.262905165	0.423399005790417
3378	1.14542843	0.263002694630556
3379	0.035941686	0.274451438021111
3380	0.205162348	0.372123424749573
3381	0.607347132	0.49668037461092
3382	0.302826877	0.739866288405357
3383	0.238857808	0.51378559827375
3384	0.091634448	0.0869579903803922
3385	0.07706704	0.0967258923171875
3386	0.47313482	0.511460568797143
3387	0.069538514	0.253539538239583
3388	0.067235916	0.204795519367143
3389	0.162987364	0.101710854899145
3390	0.055553801	0.070121588279798
3391	0.71989887	0.965335717259459
3392	1.07063185	0.719250517145161
3393	0.107829194	0.2754246893
3394	0.14652357	0.121740381889063
3395	0.072763966	0.0820697163720952
3396	0.501322494	0.964785677564815
3397	0.072568897	0.115438221338636
3398	0.034188032	0.0535287124449276
3399	0.104533495	0.101679117552193
3400	3.989549599	2.67315349273283
3401	0.712529202	0.306103379796296
3402	0.0364016335	0.127388654907675
3403	0.05105432	0.073049799681982
3404	0.38873452	1.0783791557807
3405	0.102127302	0.161358906315152
3406	0.095291315	0.224154927193162
3407	0.14240936	0.135736069676471
3408	0.554836504	0.353148161380797
3409	0.053506087	0.190996875721574
3410	0.093041192	0.381294728478571
3411	0.053769134	0.0863499901275
3412	2.78271162	2.29038917501009
3413	0.056754757	0.121374950492342
3414	0.3328624	0.595273972857456
3415	0.14830142	0.211775374757114
3416	0.085214287	0.131773369564286
3417	0.372128557	0.435858551632558
3418	0.080907704	0.167333928277333
3419	0.115853917	0.492864783241927
3420	0.117257588	0.144714577201515
3421	0.088216186	0.227313804583333
3422	1.30051587	2.15058407521296
3423	0.15778139	0.170963716787374
3424	1.130074883	1.75864575785102
3425	0.28124458	0.641892172435417
3426	2.459295219	1.5973290835957
3427	0.099219052	0.200344163881349
3428	0.280733962	0.39312447315505
3429	1.08350898	1.48292248695496
3430	1.50935685	1.8230664682825
3431	0.0278758025	0.204360469984649
3432	0.222149755	1.20685500238841
3433	0.149319377	0.291353311555405
3434	0.059749582	0.170611952583333
3435	0.198391267	0.390539823958587
3436	0.086857472	0.520143560101282
3437	0.072603567	0.070731932783125
3438	2.748666767	1.04981987679527
3439	0.08278293	0.118866908841667
3440	0.083324469	0.112003798510784
3441	0.09483942	0.140235579762366
3442	0.497264784	0.237740364566838
3443	0.096228795	0.129789643838542
3444	0.102347271	0.809207950854167
3445	0.037119974	0.0505820748994715
3446	1.27328793	0.875673034495833
3447	0.034760372	0.131918603103083
3448	0.614416836	0.65723349743018
3449	0.088005155	0.0926934016857843
3450	0.378738484	1.92688312453902
3451	0.523328143	0.422509336826111
3452	0.040941106	0.120141830530637
3453	0.050184741	0.124932769714762
3454	0.024562018	0.0693378600315854
3455	0.120012405	0.200540287735648
3456	0.150683746	0.126490251655983
3457	0.492133624	0.417349818087366
3458	0.054433579	0.155896986474286
3459	1.464063373	0.753533900344048
3460	0.039542672	0.124851268442754
3461	0.17492797	0.152276870045313
3462	2.576735738	1.21553536872897
3463	0.688789275	0.382361183819298
3464	0.135631216	0.166898037734412
3465	0.258937418	0.230687030767117
3466	0.137552849	0.557575682705108
3467	0.203098806	0.197895709408547
3468	0.014044529	0.0455674759404701
3469	0.43388315	0.368254556315171
3470	0.28205419	0.140846407855856
3471	1.60218014	0.838776175776296
3472	3.741408989	2.50459969996532
3473	0.047941284	0.188875887000833
3474	0.351614436	1.34490247379212
3475	0.045847156	0.137132166822222
3476	0.417440988	0.987534641355555
3477	0.847632185	0.530027144575379
3478	0.058908205	0.0812968314137037
3479	0.208348616	0.398672539018333
3480	0.049533876	0.666166698816389
3481	0.626764929	0.940780178134058
3482	0.154435655	0.205576362957265
3483	0.087805404	0.126665890783772
3484	0.025090535	0.0669364607975714
3485	0.238408913	0.141225699628947
3486	0.17429706	0.214862822451754
3487	3.94662843	2.56290747032559
3488	0.029599903	0.207517416215946
3489	0.076855823	0.0505410652668137
3490	0.057179179	0.237854577059907
3491	0.56045417	0.457885289686275
3492	0.12839401	0.213130556185648
3493	0.40410914	0.777127593904545
3494	0.100394024	1.09273272022117
3495	0.718592538	0.476742878806325
3496	0.105363548	0.100150740380081
3497	0.401273825	0.275670317258333
3498	1.146581452	1.2212309217375
3499	0.053440131	0.166907421825556
3500	0.03046315	0.0925137876980769
3501	0.069037709	0.213279963466216
3502	0.058514205	0.0933061857972222
3503	0.045053971	0.119308747964615
3504	0.763825274	1.29197972758597
3505	0.407798155	0.92228408909127
3506	0.050466418	0.222050249725214
3507	0.100403402	0.162274676534804
3508	0.058768348	0.09500751549375
3509	0.11567305	0.204368682379048
3510	0.037785225	0.0923535283826389
3511	0.079194378	0.0980071190487805
3512	0.417577271	0.40474844421218
3513	0.07506462	0.198190031227593
3514	0.0129849787	0.121058648738569
3515	2.730086405	0.366645765317949
3516	0.106480702	0.157902410328571
3517	0.070803767	0.138689243028611
3518	0.124801708	0.148559500198846
3519	0.945033403	1.17995082942583
3520	0.201881378	0.171304101544737
3521	0.03334077	0.11610258821
3522	0.132983895	0.143926361931863
3523	0.084064886	0.180185556796569
3524	1.0641068	1.07147680652986
3525	0.294268456	0.43501375170914
3526	0.064599525	0.230859970448571
3527	0.100644314	0.218562292498246
3528	0.167508903	0.126833239782937
3529	0.027287728	0.0637346588801961
3530	0.072587274	0.139988479223049
3531	0.309435771	0.797858368315278
3532	0.075823875	0.382159248197222
3533	0.065326096	0.21503798669009
3534	0.386432825	0.238130905050617
3535	1.129681834	0.993301594829762
3536	0.16130146	0.145030661905405
3537	0.040806684	0.229300337875439
3538	0.71040831	0.856971184341912
3539	0.24152132	0.156159403239785
3540	0.09628591	0.14487450634375
3541	0.190777822	0.447337509276016
3542	2.623717055	1.03942380174432
3543	2.104654449	0.765888739743519
3544	3.21646738	2.20499109747407
3545	0.450467196	0.426032449635333
3546	2.824459162	1.91215317456344
3547	0.150727607	0.455736133925
3548	0.023218422	0.0503436284628632
3549	2.54152499	2.25916662485036
3550	1.443369976	1.68151611131216
3551	0.179516203	0.111972412496581
3552	0.32577011	0.094114039898374
3553	0.18259435	0.328465212380513
3554	0.098260044	0.434789588128095
3555	0.080625844	0.41979220807069
3556	0.079376313	0.181298698522375
3557	0.072469238	0.103549682920926
3558	0.700915883	0.204099044332955
3559	0.23342716	0.176351775682143
3560	0.099033326	0.107019362601087
3561	0.840473077	1.17995360029621
3562	0.387321763	0.42383251498018
3563	0.100474083	0.180504919206944
3564	0.2297179	0.250619334015766
3565	0.257074838	0.129969837606486
3566	0.113389893	0.184572471686937
3567	0.126864446	0.408545130523611
3568	0.10869444	0.422499782910294
3569	0.051703313	0.460144374765048
3570	0.221886115	0.351005820930278
3571	2.252641375	1.05581827614323
3572	0.092895316	0.36764866216963
3573	0.248829596	0.142250822569643
3574	0.079212146	0.157391836059524
3575	0.066041945	0.307723467547024
3576	1.372738091	0.400235898497561
3577	0.050891678	0.136989057712083
3578	0.079720032	0.098937349872093
3579	0.07309142	0.1333855317
3580	3.154720343	1.28045835265208
3581	0.08030631	0.0999926501525641
3582	0.0369056395	0.159474076924123
3583	0.103599359	0.169422217515116
3584	1.07925466	0.656634924199495
3585	1.792654039	2.3178268411373
3586	1.202302301	1.04698469182424
3587	0.107935831	0.293304025218992
3588	0.113821439	0.192645473132143
3589	0.1736770213	0.331839367137255
3590	0.110217165	0.136032505145
3591	0.06356029	0.301827088046032
3592	0.177613962	0.111572934446759
3593	0.179649306	0.724912882989655
3594	0.803739719	1.12861885382917
3595	0.665038727	1.11725844906983
3596	0.054125551	0.0508361115540404
3597	4.88514127	4.61174126889402
3598	1.584132019	1.59738483380379
3599	0.057311326	0.17320622016875
3600	0.16928679	0.127537372331954
3601	0.13310693	0.555427270713542
3602	0.080288234	0.275699248875641
3603	2.721584687	1.31131802129833
3604	0.848398777	0.9394300138575
3605	0.069608348	0.0786702841119697
3606	0.109498287	0.213586577619136
3607	0.18207643	0.333716044430702
3608	0.145895947	0.334164207142473
3609	1.546079186	0.465150060575203
3610	0.60092642	0.606504535072222
3611	0.99589712	0.685377338474701
3612	0.045539552	0.103478147270476
3613	4.819720848	3.89267345988889
3614	0.113736095	0.707026031530357
3615	0.098846518	0.105515441965833
3616	4.004942837	3.55738516167576
3617	1.224163917	0.946580098997475
3618	0.038666293	0.174383098003226
3619	1.645377531	2.58923299549368
3620	0.37031616	0.416492049990323
3621	0.093392646	0.197425958155208
3622	0.65735107	1.2770350757435
3623	0.193125865	0.567560468506863
3624	0.101099628	0.148052475108594
3625	0.043566523	0.124877553513675
3626	0.2015347	0.321179827984539
3627	0.12094163	0.0866089401933333
3628	0.176767743	0.318519958505
3629	0.195921913	0.685985183365152
3630	0.20141611	0.340643450781667
3631	0.767063255	0.674943576915854
3632	0.047327756	0.152090362468155
3633	0.39201484	0.752104657337097
3634	0.659811917	0.797351571614762
3635	0.108137646	0.271771175068137
3636	0.641184184	1.22490625345215
3637	0.51359822	0.12381999193125
3638	1.042072845	0.327197859310417
3639	0.224142377	0.220121994718229
3640	0.386156096	0.851342811610163
3641	3.334690062	2.94452187110041
3642	0.505931575	0.666731709636403
3643	0.77093723	0.892410237146154
3644	2.37112427	1.22850331482793
3645	1.074484042	2.16958012798431
3646	1.373062197	0.872946487588889
3647	0.059914967	0.109738238869658
3648	0.439044143	0.766847105417094
3649	0.067558735	0.298632097605351
3650	0.400328764	0.305300065703571
3651	0.036694101	0.197215639211905
3652	1.33756841	0.849587964887917
3653	0.049890667	0.100118416239286
3654	1.395445453	2.21984459319615
3655	0.139153706	0.1674061876
3656	0.100455279	0.328732236933333
3657	0.039991208	0.0787309612804762
3658	0.377733879	0.648668082313195
3659	0.125082619	0.159272474591442
3660	0.135900995	0.157527322755556
3661	2.173304917	2.77740733858214
3662	2.807698401	0.837625346238211
3663	0.30078298	0.163318350505039
3664	0.053529462	0.589410323709524
3665	0.0564798285	0.142104878678736
3666	0.12346074	0.180064140757018
3667	0.042286647	0.117983022590323
3668	0.126501	0.258417329395833
3669	0.128340547	0.14435908548313
3670	0.19495048	0.146059983011191
3671	0.800422914	0.767679324778829
3672	0.119315199	0.129252829226344
3673	0.080819638	0.443196630406306
3674	0.11656913	0.116715729209524
3675	4.23638156	2.47397043468354
3676	0.060218383	0.204575229734167
3677	0.06259796	0.251295587905
3678	0.179522394	0.248874323056019
3679	0.060770932	0.332717716663889
3680	0.41693623	0.465212552658889
3681	0.778863523	1.21001136036422
3682	0.118293695	0.169808980147727
3683	0.810651155	0.852864618435714
3684	1.29149917	0.842327133839147
3685	0.50059282	0.160618060464583
3686	4.31452302	3.44065000902524
3687	0.09185969	0.175395212548925
3688	0.14698656	0.985584395363889
3689	0.096502147	0.0933421236459259
3690	0.053097982	0.243063912452451
3691	0.087898523	0.160237494701563
3692	0.56620991	0.316341364558333
3693	0.117903655	0.458283927569697
3694	0.041475	0.237120675456098
3695	1.44459507	1.24216126135417
3696	0.176038781	0.160824903674216
3697	0.065992899	0.162500035063513
3698	2.674719518	3.21632408518148
3699	0.26202828	0.419035739628788
3700	0.109505419	0.105933577578684
3701	0.048620809	0.0793423407153153
3702	0.774692356	1.46936743170035
3703	0.76243611	0.990877803334896
3704	1.344218071	1.41074591852778
3705	0.0448453807	0.0628226351862903
3706	6.143113396	5.38678253320945
3707	0.49344636	1.0711377532463
3708	0.164665431	0.1844264652375
3709	0.298592095	0.188887603810714
3710	0.12381803	0.352893864311348
3711	0.115053987	0.311374997909876
3712	0.22731326	0.206227750054167
3713	0.304596115	0.129972809856667
3714	0.070343647	0.365918229028148
3715	0.69992017	1.18763006902193
3716	0.084897196	0.534247943699573
3717	4.134871877	2.69446613004625
3718	0.101925862	0.355966632914474
3719	2.403215494	1.81488329094516
3720	0.300161714	0.830440919566667
3721	6.66415179	4.24377341556202
3722	0.025840482	0.41630800098496
3723	0.083699338	0.381225216287619
3724	0.107016645	0.253025191804839
3725	0.061593288	0.0929684626434211
3726	0.133133185	0.257207878283429
3727	0.198918108	0.413895272043519
3728	1.329211833	1.51242297445569
3729	0.590876592	1.4423995408539
3730	0.106695026	0.163979133592381
3731	0.047780495	0.402605873689394
3732	0.026067665	0.0909585730489837
3733	0.091492147	0.164069339897952
3734	0.04317534	0.176135475615417
3735	0.045110521	0.0522453788555556
3736	0.080891166	0.162359125286782
3737	0.25693818	0.328561573932796
3738	0.061402307	0.309040826351136
3739	1.532038233	1.07724229143929
3740	0.114897145	0.169097523825287
3741	0.073410468	0.100619667173571
3742	0.18561453	0.217202342841667
3743	0.14442833	0.121355464576894
3744	0.225544611	0.461580448869658
3745	0.08377403	0.304703768815351
3746	0.038422914	0.194739679245727
3747	0.558222666	1.86672660163284
3748	1.227991615	1.11197348249635
3749	0.0260856745	0.0798229727333334
3750	0.271212168	0.652246833762444
3751	0.085261137	0.409345447947778
3752	0.015316153	0.0655278656029457
3753	0.074920919	0.108295720843243
3754	0.056882101	0.324361614832857
3755	0.091709517	0.0645638025777778
3756	0.062290457	0.15661389047963
3757	0.1335634	0.105007776804505
3758	0.182021336	0.152152032236111
3759	1.645570663	1.57623161081532
3760	0.085945487	0.100878997528241
3761	0.081278062	0.151635567047024
3762	0.039170973	0.372427944627928
3763	0.904496608	1.04153339065496
3764	1.41114624	1.06752093668056
3765	2.447142038	3.37685251129231
3766	0.32302436	0.925278983460088
3767	0.090809057	0.122308617076042
3768	0.302319233	0.769447314706167
3769	0.057764253	0.137277494012302
3770	0.816263645	0.441808796214912
3771	0.156209326	0.128645061681481
3772	0.717958536	0.294271355663131
3773	0.726381071	1.12808599080859
3774	0.574482572	0.775991685453704
3775	0.050015066	0.0779917597024306
3776	0.067349953	0.169369000545
3777	0.119090282	0.0874107190220238
3778	0.39353248	0.0976740144670455
3779	0.469902117	1.36188138430901
3780	0.159147555	0.262027714426191
3781	4.865758064	4.58628995744211
3782	3.50817671	3.20111482585807
3783	0.883524365	0.599710781562121
3784	0.066640526	0.0584047208234235
3785	0.098010293	0.171389139834476
3786	3.303932513	2.04130751115727
3787	0.087524921	0.398405066124775
3788	0.884600598	1.23865052187703
3789	0.103600995	0.155912138990789
3790	0.113440698	0.0575464498103646
3791	0.36755898	0.755780543308602
3792	0.071448405	0.0655276952454762
3793	0.110807572	0.0752815639471264
3794	0.058414778	0.372316697323424
3795	1.3312224	1.00432551663465
3796	0.167292672	0.244012794133333
3797	0.362687624	0.155053206018919
3798	0.407095005	1.85416532835854
3799	0.46634294	1.50774579263088
3800	0.0094718788	0.0170305605070319
3801	0.225734405	1.11056391771437
3802	3.201095358	3.34236542853565
3803	0.03875433	0.386844469873167
3804	0.436475323	1.71033621840952
3805	0.608224125	0.227489555673333
3806	0.3752487	0.536478509998188
3807	2.873032264	2.83786805897857
3808	0.881537114	0.495073183613821
3809	0.073226661	1.09865417205488
3810	0.280527433	0.281214487952451
3811	0.191649351	0.505976617335965
3812	1.726789358	1.85669083675048
3813	0.026351833	0.0457907185863636
3814	0.030433162	0.100043346383333
3815	0.992538233	0.634122647323246
3816	0.394617955	1.36486031404065
3817	1.79009334	1.22516502960083
3818	0.066260849	0.0855423026569445
3819	0.44400357	0.427927041641714
3820	0.059085285	0.13811566652877
3821	0.083016291	0.244683743541892
3822	0.271109423	0.526055826585784
3823	0.80325042	1.18666859727108
3824	0.037765077	0.11083966840625
3825	0.072161805	0.219681887418651
3826	0.055554695	0.0723591040563158
3827	0.133135215	0.159460781017917
3828	1.17788458	1.23997672867464
3829	0.101336283	0.0772884513881944
3830	0.281728914	0.313842681278736
3831	0.15358623	0.213452919249537
3832	0.881553593	0.899908806377477
3833	1.83205759	1.37492098583162
3834	1.80201743	0.766580294968982
3835	0.030971425	0.170769632428086
3836	2.989556177	1.46636366928016
3837	0.623892862	0.976729625764352
3838	0.084323362	0.110672593515041
3839	0.767890178	0.613002515398374
3840	0.077447993	0.263645728029825
3841	0.49021335	1.24790691917353
3842	0.109155895	0.523216576900538
3843	0.114530305	0.16085680544386
3844	0.093797438	0.141418859944828
3845	0.568511775	0.256691258379504
3846	0.942080159	1.48468245194818
3847	0.235259086	0.181020365630882
3848	0.173282258	0.226291986067544
3849	0.05480147	0.07109508076
3850	0.20287248	0.0949088588188597
3851	0.109550452	0.103258962193111
3852	2.21924627	1.19845124090045
3853	0.097491622	0.111753879171491
3854	0.083416844	0.152994008952027
3855	1.19825105	1.15746401423235
3856	0.398352546	1.03141796499375
3857	0.15624333	0.265033153894716
3858	0.073464183	0.555201929771349
3859	0.099824866	0.146586137516919
3860	0.065380453	0.0844220193880342
3861	1.355248707	2.3530859192
3862	0.186704736	0.364636372928687
3863	0.080289376	0.14302305952735
3864	0.144863533	0.129374206897549
3865	0.618380654	0.377529721989706
3866	0.085067365	0.200017173251905
3867	0.095424551	0.21030858250942
3868	0.409240754	0.292820299877928
3869	1.36054161	0.662170998032031
3870	0.030053496	0.0990146298185606
3871	0.056296796	0.284215971269118
3872	0.032691839	0.147292131079825
3873	0.3803997465	0.589639965331429
3874	0.185925539	0.957523368502592
3875	0.019106893	0.190595289307931
3876	0.721205707	0.755270935023611
3877	0.256371294	0.778757719644271
3878	0.316328776	0.178859887917117
3879	0.162406175	0.121410465017544
3880	0.046429942	0.20345109847202
3881	0.164125392	0.145316818719565
3882	1.097910432	0.339875125314198
3883	1.45194295	0.147898352286574
3884	0.17726307	0.246175546268333
3885	0.19134122	0.450288972025194
3886	0.093597803	0.0994109443381111
3887	0.18686664	0.134673445576961
3888	0.115604216	0.119984067798095
3889	0.45641259	0.73141091902
3890	0.10088602	0.20469369262451
3891	0.761599	0.661186321669919
3892	1.323426855	1.40758663332971
3893	0.099226309	0.38047281376625
3894	1.157602255	0.753539539354902
3895	1.4227159	0.404997015673148
3896	0.063588628	0.187884015898649
3897	4.265337239	4.44772652990796
3898	0.088947045	0.175058102437805
3899	0.14778182	0.643933870246053
3900	0.10608782	0.537928515464516
3901	0.18645752	0.151272767982895
3902	0.1227399	0.0948629736115741
3903	0.101274686	0.182301212554065
3904	0.257441754	0.161369488520139
3905	0.766011356	0.855720942152084
3906	3.600492235	1.88243731459167
3907	0.084701918	0.0955505836135965
3908	0.55898725	0.585417408609028
3909	2.010653581	1.47803367730741
3910	0.254078001	0.481354712843542
3911	1.319787454	1.51080492136989
3912	1.316495212	1.46178344054524
3913	0.33703022	0.60929253307027
3914	0.71669574	1.86940985436782
3915	0.9106207	0.857405177584375
3916	0.162622516	0.134512116788492
3917	0.491612562	1.54782600340583
3918	0.348557976	0.260684975079348
3919	0.066908844	0.159237452663514
3920	0.248786594	0.285336211592544
3921	0.658777755	0.379962166810952
3922	0.512423624	0.763150690760417
3923	0.135815117	0.1566783762145
3924	0.512248491	1.5081233255359
3925	0.063045433	0.173763399035238
3926	0.563265102	1.02466232990427
3927	0.605584259	0.929786776669298
3928	2.123846334	1.4514021964625
3929	0.133704848	0.243830324697807
3930	0.24679002	0.538460362122685
3931	0.08500774	0.112877024937963
3932	0.094121848	0.0652200775189815
3933	1.882995734	1.36772255678816
3934	0.06035582	0.217679938456439
3935	0.275464604	0.970564601544893
3936	0.042504578	0.150709923220707
3937	1.00682275	0.974144431048016
3938	0.111821538	0.447958541728922
3939	0.181012464	0.274567731280476
3940	0.109372857	0.316223382927928
3941	0.29436557	0.160788433202941
3942	0.594449167	0.313714146150926
3943	0.194643841	0.479068157856373
3944	1.348289194	1.41858641672207
3945	0.343504655	0.44841764445873
3946	3.653964587	1.59329599671139
3947	1.220740007	1.487677915496
3948	0.364708554	0.47272322120101
3949	0.133345362	0.211698243891085
3950	0.069470776	0.215289159653947
3951	0.091356529	0.635423363441667
3952	0.060439489	0.0994488645959596
3953	0.650663142	0.700227866308838
3954	0.092853807	0.224738895757576
3955	0.349437484	0.475560812280952
3956	0.30593701	0.140484013975
3957	0.62471455	0.558915360639394
3958	0.048457654	0.063971771370614
3959	1.188789849	0.976359995403268
3960	0.037049133	0.199912539927778
3961	2.841048388	1.20583106891132
3962	0.089023662	0.321516766951812
3963	0.056433486	0.0694655183308824
3964	0.40938336	1.7458273039875
3965	0.329457619	0.597655052894907
3966	3.455535408	3.72855227330833
3967	1.32408336	0.612752042711261
3968	0.062029641	0.1462157683625
3969	0.053608905	0.0721644515252525
3970	2.765530522	3.25908240496156
3971	0.049480662	0.104762559906061
3972	0.210019805	0.138695492294144
3973	0.0647015455	0.103312132298208
3974	0.095754023	0.122805142827586
3975	0.131695183	0.161401625275
3976	0.169752333	0.301250587304658
3977	0.11833734	0.229534681572349
3978	0.144913696	0.247077959358163
3979	1.91181324	0.840691310929675
3980	0.75790248	0.469517665520588
3981	0.174049096	0.142924987781429
3982	0.119191964	0.366137081521429
3983	1.004804605	0.952991928929268
3984	4.00660422	1.76173698764815
3985	0.30378579	0.303031384179861
3986	0.04693467	0.1683233665625
3987	0.083865647	0.118372528400397
3988	0.0579559	0.124438973236782
3989	0.58864401	0.514019276416667
3990	0.174475534	0.170924779523649
3991	0.131766854	0.34451716571886
3992	1.360671719	1.99681070321
3993	0.07714325	0.112204861446667
3994	0.38620113	0.737576154078829
3995	1.157872343	1.58737372841288
3996	0.101731632	0.145123037299306
3997	0.0445271495	0.0946344188318254
3998	2.570044597	1.26380244731065
3999	0.195700765	0.513990433434127
4000	0.121936007	0.191596706490244
4001	2.475314178	1.7481245060244
4002	0.368234437	0.496387283131373
4003	4.556212957	5.17664874447287
4004	0.057031629	0.211919738607986
4005	0.596211993	0.699452258310465
4006	0.596723395	1.09354967532333
4007	0.154743795	0.110690703685417
4008	0.48845818	0.164282240241892
4009	0.138429107	0.152940177913636
4010	0.452267907	0.854682798659896
4011	0.051134413	0.235652096913978
4012	0.104079966	0.107757122643182
4013	0.16991158	0.112451166136111
4014	0.138438598	0.0939719205333333
4015	0.416759002	0.38929372435
4016	1.678776047	0.819983237016162
4017	2.19902682	1.21219057492333
4018	3.05146119	1.8104422660912
4019	0.173746276	0.164027792429008
4020	0.098648805	0.638642888764815
4021	0.49990757	1.08326131947197
4022	1.66022023	1.12561459840238
4023	0.973926287	0.727170568545833
4024	0.083239914	0.105165033979583
4025	1.500165076	2.0526453307
4026	0.745858686	0.630670364960556
4027	0.054128544	0.242264953979792
4028	0.05202938	0.0685358561197222
4029	2.32985928	1.3735849916125
4030	2.220999292	2.37399318899293
4031	0.230261595	0.168663202657237
4032	0.143208104	0.145655491477273
4033	0.030504426	0.0540999286006667
4034	0.36996503	0.772565605637654
4035	0.397637395	0.481265623758796
4036	0.396317215	2.2516139094047
4037	0.094366435	0.140108075513726
4038	0.566609433	0.276264139605238
4039	0.21191138	0.295678937523232
4040	3.443809835	3.64179195285559
4041	0.18001972	0.194754016480072
4042	0.953127669	1.33426730431491
4043	0.105073202	0.177625581552273
4044	1.251708504	1.44096725975938
4045	0.231286394	0.212379607311857
4046	2.38586798	1.61919467021822
4047	3.702431034	2.31493357500429
4048	0.10288357	0.125562336366204
4049	0.544898676	0.991589142079932
4050	0.636423485	0.734273610586349
4051	0.20686991	0.123639804192982
4052	0.17918126	0.695206806007381
4053	0.596135177	0.75965256122402
4054	0.059158187	0.294268748926
4055	0.125124694	0.119944021251754
4056	1.261742758	0.750037410437619
4057	0.055124918	0.0817207687873984
4058	0.679217774	0.944681062852564
4059	1.201004319	1.28741906211126
4060	0.750695557	1.01144000404583
4061	0.168861088	0.161166954466026
4062	1.065832386	0.555819850050877
4063	0.207039387	0.143464924677778
4064	4.026103553	1.73296909158476
4065	0.616718128	0.237811162685714
4066	0.076046391	0.375594800851974
4067	0.051123434	0.290910052496528
4068	0.06519409	0.205320297198374
4069	0.603614624	0.229930910519697
4070	0.241496484	0.169450426960965
4071	0.204202692	0.0850443166545455
4072	0.12147617	0.148058011429167
4073	0.126821257	0.176943706286869
4074	0.08136392	0.153972288599495
4075	0.045934573	0.125392154912346
4076	0.059990006	0.191057114391435
4077	2.237127625	2.45085614547074
4078	0.045439464	0.150258289280488
4079	0.539913925	0.417688747652469
4080	0.07768793	0.134084633811343
4081	1.0382345	0.431131331715417
4082	0.144170735	0.195847496894444
4083	1.212291938	1.33350172642083
4084	0.61415048	0.21772168627716
4085	0.2338937	0.514125389751316
4086	0.109155623	0.0788573029661905
4087	0.065954182	0.217242505081798
4088	0.15854763	0.473384224544872
4089	0.088955041	0.14014637577027
4090	0.06429163	0.0895195790615686
4091	0.328376282	0.100725439076667
4092	0.169622334	0.0925267294843434
4093	0.09428084	0.136907612191358
4094	0.49300695	0.472887062699495
4095	0.146482515	0.41712181486982
4096	0.098787896	0.232798062552837
4097	0.403745855	0.182628640127083
4098	4.827679035	5.23417041710516
4099	0.2921378	0.242513895334762
4100	0.119532811	0.316679359095098
4101	0.878706657	0.775716185363158
4102	0.551447279	0.463179312945139
4103	1.48972636	0.65006611357381
4104	0.413905495	0.449534886059677
4105	0.280086039	1.06038895823448
4106	0.043571332	0.17142643290045
4107	0.055388885	0.124812013680631
4108	0.078503763	0.116162819834722
4109	0.205584479	0.184853284121622
4110	0.10070104	0.378381699759804
4111	0.124901447	0.132427544326746
4112	0.03028067	0.130834642599755
4113	0.10200471	0.370211473970721
4114	0.775068904	1.82897519114405
4115	0.990734575	0.633202907388235
4116	0.0263342555	0.0817776098555357
4117	0.086779788	0.101735975048039
4118	0.615209828	1.30389432673229
4119	0.31281541	0.230377469452941
4120	0.178533294	0.324216501789352
4121	0.047926973	0.101380214317391
4122	0.600584801	1.140959708815
4123	0.04723293	0.434416432037302
4124	0.100073545	0.249743972716129
4125	0.16682532	0.355176135732018
4126	0.212373913	0.301227181880882
4127	0.094247388	0.27200068203963
4128	4.103931767	4.03537941362071
4129	0.700384802	0.782217509927778
4130	0.063248847	0.0508797321577381
4131	0.061464095	0.208569414868571
4132	0.100800261	0.28636112615303
4133	0.128480627	0.227042948502137
4134	0.554742148	1.25410926632284
4135	0.124725744	0.177652016961667
4136	0.008370075	0.0160627761715253
4137	4.77765695	2.93322625825299
4138	0.290052938	0.241211774105405
4139	0.093498412	0.0920585686913793
4140	0.12188318	0.174572591735185
4141	0.872589817	1.25753808151951
4142	0.1277216724	0.860248163111177
4143	0.155458124	0.261508920668137
4144	0.043074543	0.111591485049324
4145	0.14606337	0.115005182930208
4146	0.391061796	0.566516158712069
4147	0.09924946	0.336946989490476
4148	0.96703529	0.694420707939706
4149	0.39112942	0.224017581324324
4150	0.046016016	0.0582119932315476
4151	0.064403468	0.139378157327917
4152	0.12761506	0.226850604833712
4153	3.287305257	3.51193937672542
4154	1.77675271	0.472344742970833
4155	0.081170983	0.103434007126
4156	0.0483559	0.101890366837097
4157	0.439145001	1.22677864067521
4158	0.118828256	0.420737619874802
4159	0.07850484	0.118721715431667
4160	0.073283233	0.0577170445198039
4161	0.0295928815	0.225071417439697
4162	0.02710877	0.484974253786782
4163	5.263727354	4.25156364886221
4164	0.084663929	0.203942921447619
4165	0.211562235	0.155055624268939
4166	2.051656205	0.39161682452265
4167	1.773405463	1.53817571397535
4168	0.09019019	0.169182343712222
4169	0.984126075	0.167700673555882
4170	0.82314235	0.949170963851481
4171	0.167031955	0.700831244006207
4172	0.02962579	0.0844656236747396
4173	0.113037952	0.912233860110087
4174	0.78308583	0.361812630518694
4175	0.153134571	0.739694738723447
4176	0.685065148	0.380868275355073
4177	0.147732855	0.216897950803261
4178	0.05200041	0.10154623626
4179	1.045529529	1.29366618007877
4180	0.3456185	0.735954654026961
4181	0.416070144	0.369762085338426
4182	0.38320019	0.286279517438691
4183	0.084365815	0.178177763799206
4184	0.15629925	0.227313421557843
4185	0.728696757	1.26426966920985
4186	0.221899906	0.152965022265079
4187	0.112039005	0.125925428235294
4188	0.126579192	0.157203419128632
4189	2.113687541	0.685576382768254
4190	1.888863437	0.904436027494231
4191	0.472390036	0.156739922209188
4192	2.194778921	0.72870700283172
4193	0.61853615	0.180844053840947
4194	0.0194635394	0.10895205202871
4195	0.101067107	0.128716522177976
4196	0.14213655	0.836501110816667
4197	0.028270238	0.0495446392367647
4198	1.212171798	1.95045908291792
4199	0.050095888	0.18521053970625
4200	0.230118995	0.11014552468642
4201	0.910652091	1.27610579374667
4202	0.181918189	0.087945153283046
4203	1.245690687	1.76859364292833
4204	1.09873379	1.16334766549894
4205	0.179727048	0.157058833585648
4206	2.666407517	3.03097782531736
4207	0.990611094	0.577521380804701
4208	0.226928356	0.363319161757407
4209	0.281402812	0.240557237671795
4210	1.081302918	0.331241968612255
4211	0.41654748	0.199787062873874
4212	0.27299243	0.175823502988381
4213	0.15308097	0.131576240441919
4214	0.064953918	0.220759342065727
4215	0.056630078	0.181741598306589
4216	0.604162682	0.690454613761782
4217	2.512643939	2.52493078598889
4218	0.1831674	0.098046658158547
4219	5.42157291	3.90551937777677
4220	0.344812667	0.544864186241379
4221	0.22998477	0.282093017971138
4222	0.106200923	0.0495216413124074
4223	0.103253368	0.176501099703846
4224	0.047732781	0.131815928784167
4225	0.696032607	1.40071236947692
4226	0.08559438	0.128055372132917
4227	0.106127382	0.177055187001754
4228	1.0201101	1.52433094182708
4229	0.097015482	0.130102067806818
4230	0.188775335	0.204192109916667
4231	0.179683557	0.138729101636325
4232	0.065688761	0.702693092174806
4233	1.690829502	1.47324754775684
4234	0.061740355	0.111708697297619
4235	2.938482156	2.06609581035496
4236	0.144627378	0.0873462575399123
4237	0.81521881	0.54893297319086
4238	1.41678618	1.73660252781081
4239	0.190050301	0.124686166871726
4240	0.045967124	0.186676404941085
4241	3.804985367	2.23788115825662
4242	0.082175052	0.163720966841111
4243	0.055730253	0.215728511145167
4244	1.380941112	0.807300260875417
4245	0.042621624	0.093749882675641
4246	0.187828785	0.120033180414394
4247	0.10633115	0.307178602034857
4248	0.22423925	0.215204512699402
4249	0.423723434	0.916115673145946
4250	0.075134003	0.1272963264775
4251	0.094005136	0.301658990384483
4252	0.26293723	0.180337876116667
4253	0.08106751	0.240129060366667
4254	0.167044875	0.0756665821796875
4255	0.657500957	0.207107916671951
4256	0.074679367	0.167538414377917
4257	0.027983156	0.0474660994928862
4258	0.222326118	0.431116138411765
4259	0.93420128	0.468483790585058
4260	0.068506671	0.199153988023171
4261	0.0201555216	0.0777169196579048
4262	0.124688099	0.10447459575819
4263	0.32657742	0.499066097562162
4264	0.082394565	0.14853434293875
4265	0.18571095	0.420589765156863
4266	0.137567228	0.083667384875641
4267	0.038131338	0.226361756073333
4268	0.0695917	0.218769450513597
4269	0.078580486	0.575187972073413
4270	0.0554137886	0.09673692158125
4271	0.081278741	0.149190239773737
4272	2.419328114	1.48309425932292
4273	0.085304537	0.15345959275813
4274	0.054116681	0.32855465045
4275	0.488411562	1.00385649143671
4276	0.062339688	0.0846744480104762
4277	0.158782656	0.179720587046078
4278	0.1571403	0.206808881311538
4279	0.65182949	0.578939250226577
4280	0.058982078	0.131219708530482
4281	0.194282703	0.235384032023118
4282	0.047961535	0.0835537472671171
4283	0.0018523251	0.0082346130800202
4284	0.060182253	0.319857288520238
4285	0.414760114	0.553659810392683
4286	0.766445113	1.29205437599881
4287	0.175018637	0.239559561198214
4288	5.34711488	2.64303006843455
4289	1.233775821	2.29453297838704
4290	0.234100798	0.130386907934848
4291	1.49137917	1.38562303563243
4292	0.733665685	1.11707377378095
4293	0.133382637	0.150997175808333
4294	0.64684231	0.821661549025691
4295	2.170434749	1.44704519919573
4296	0.269958515	0.113500226780081
4297	0.39316662	0.482610514479279
4298	0.13654471	0.130679330795495
4299	0.1595261	0.341878195243243
4300	0.17539423	0.395151497607937
4301	0.14465883	0.155672873089583
4302	0.34497321	0.115946231156028
4303	0.309712814	0.744583042699099
4304	0.306058593	0.266021556266129
4305	3.819017177	2.13169624099865
4306	0.160238701	0.153140110381197
4307	0.085009142	0.137440626569253
4308	0.116692802	0.385028862392105
4309	0.0113866622	0.0268204891225444
4310	0.216561967	0.120827782421622
4311	0.132632705	0.120202615278205
4312	0.0786018	0.252477378574123
4313	0.067835117	0.213395398804065
4314	0.13322101	0.1005362149
4315	0.126205292	0.157323978188889
4316	0.799310326	0.351510277934649
4317	2.60252391	1.63124310065781
4318	0.165712097	0.553368066115385
4319	0.07812079	0.742191061724359
4320	3.116423987	2.03714572030271
4321	2.009417428	2.53038358244445
4322	0.060816299	0.128110191788984
4323	0.60533887	0.213359515764762
4324	0.26388519	0.116196401012162
4325	0.26797139	0.276809060632407
4326	0.120139342	0.183286933317007
4327	0.164262855	0.142804548754545
4328	0.062547368	0.0865636110198039
4329	1.064025476	0.881595861445238
4330	0.050335377	0.0893208450851351
4331	0.094500665	0.15083144531036
4332	0.105352135	0.129017214827027
4333	0.471528017	1.43489606563172
4334	0.068857417	0.100510749813596
4335	1.571981489	2.23515661009556
4336	0.080749821	0.22938334436625
4337	0.61982037	0.718867218041395
4338	1.0001059	1.25154391122863
4339	0.104113357	0.11518371096036
4340	0.677220394	0.746049199472369
4341	1.4759324	0.667628580933772
4342	0.122639221	0.195023294734167
4343	0.91197982	1.94927350410806
4344	0.43256773	0.0796702518558571
4345	1.75955354	1.64408369934951
4346	1.099590788	1.02412529981579
4347	1.316950048	1.45150044503691
4348	3.302332397	3.31797718326184
4349	0.083867483	0.115966407154938
4350	0.0064211155	0.0223186452799658
4351	0.07499082	0.130479457327652
4352	0.728456876	1.35478261724891
4353	1.055029943	0.672397798990598
4354	0.079240542	0.11094185495215
4355	0.095402155	0.172827439382778
4356	0.151148835	0.84535081925656
4357	0.30271149	0.204661465036822
4358	0.163051888	0.275064281281019
4359	1.587475288	0.986682923864583
4360	2.676855305	1.11650026962094
4361	2.851830734	2.321372790378
4362	0.144979138	0.199666515961382
4363	3.334518764	2.04368125988981
4364	0.092183974	0.121908394680357
4365	0.247805135	0.304015969387745
4366	0.103658636	0.10824632759974
4367	0.055582737	0.170453745750926
4368	0.19148147	0.202522726224713
4369	0.088432404	0.202925099575714
4370	0.10286889	0.157904183530476
4371	0.108371604	0.158340070375
4372	0.02210706	0.0626167705099594
4373	0.066335076	0.220982959968651
4374	0.199664472	0.1499533382
4375	0.667456976	0.733185695055833
4376	0.241535744	0.368000303423437
4377	0.045962425	0.409727086767843
4378	0.050060965	0.287301674920052
4379	0.00367569704	0.0124293080907626
4380	0.048399114	0.0849687921071759
4381	0.135364242	0.141866532935772
4382	0.091451054	0.980409640567222
4383	0.36814833	0.141308053559491
4384	0.089179162	0.179588484222549
4385	0.054908627	0.282205493821471
4386	0.17153711	0.194677789659091
4387	0.16545444	0.136025824492045
4388	0.145085065	0.234131770966667
4389	0.1445297	0.263417166867593
4390	0.221282048	0.4753832768845
4391	0.21515674	0.147360744745699
4392	0.86594255	0.545627289694192
4393	1.135894052	1.33136243259111
4394	0.111091934	0.15922755577598
4395	0.088626565	0.149953034163063
4396	0.434575507	0.365193968913333
4397	0.442589323	0.281496960017568
4398	0.21793417	0.513596260953619
4399	1.228156524	0.456322284670175
4400	0.293794383	0.268315460576667
4401	0.074185819	0.121054616135586
4402	0.110973215	0.0960047037286325
4403	0.095598117	0.114174058561111
4404	0.112306683	0.294623220599359
4405	0.695732815	0.378789653154301
4406	1.89793663	0.854263521815986
4407	0.280184885	0.500608926641667
4408	0.144180424	0.392510773021065
4409	0.109185517	0.0865707292153509
4410	0.00400009	0.0125097968266508
4411	0.062966269	0.141036690152593
4412	0.591632581	1.10150123348708
4413	1.6149175235	3.03575822327179
4414	0.67845064	0.727036230667073
4415	0.058982263	0.511731989949792
4416	0.57410762	0.664155636283333
4417	0.037913959	0.125560402546053
4418	3.169401815	2.13044339401543
4419	0.07164808	0.316788494191453
4420	0.02699746	0.183190646438761
4421	2.63489561	2.29029350116572
4422	5.2549779075	4.82902533204651
4423	3.722259242	3.29095730687838
4424	0.15575341	0.149138220808125
4425	0.140608696	0.598737151959009
4426	0.146553645	0.550324331476667
4427	0.106895614	0.193569250541667
4428	0.065554781	0.144932856295062
4429	0.26528593	0.090356452224
4430	0.106445346	0.196787786478991
4431	0.369880152	0.274490240914015
4432	0.470781099	0.423995344203659
4433	0.854213977	0.435735679810606
4434	0.181822757	0.194015570182114
4435	0.145814209	0.222017924816009
4436	0.139937799	0.974012678815686
4437	0.078795293	0.10899186179248
4438	0.092984479	0.127562544935
4439	2.414416724	1.21711964751349
4440	0.090518862	0.198288649950953
4441	0.067806693	0.172479698914646
4442	0.130368833	0.172037178338675
4443	2.71738675	1.16650699289957
4444	0.216914494	0.109336192067892
4445	0.169960623	0.205359307915054
4446	0.294343443	0.698073523155208
4447	0.071723763	0.143661865752885
4448	0.159817713	0.322099567600877
4449	0.349712171	1.06547830969881
4450	0.040275618	0.163707342704054
4451	0.1077599	0.116722385050379
4452	1.963347334	0.273854910046154
4453	0.399808382	0.697824701082018
4454	0.538531629	1.10823631252027
4455	1.057697779	0.860996398854445
4456	0.032157457	0.464539563291616
4457	1.737050648	1.50885407695
4458	0.20462259	0.194972066617439
4459	0.062249714	0.265458065442857
4460	0.56187374	0.608395586042735
4461	0.151318174	0.239471208703571
4462	3.627369946	4.34751178464364
4463	0.115448308	0.12119325734902
4464	0.066754025	0.476178901271354
4465	0.18897993	0.168920008236364
4466	0.035584143	0.324142020105232
4467	0.068114132	0.18521736780101
4468	0.052251493	0.219030402158333
4469	0.4502122135	1.06106565046914
4470	0.036337286	0.104806024926429
4471	0.068484591	0.0892785757265351
4472	0.15465803	0.281477046566667
4473	0.053905554	0.162453719391667
4474	1.252168234	0.266073950205556
4475	0.91364273	0.576317062405691
4476	1.985624159	1.87430327271081
4477	0.316892275	0.915004655876577
4478	0.140883852	0.14488846058062
4479	1.10099167	0.878451727601235
4480	0.061323071	0.282411109784259
4481	4.947878368	3.95095236533476
4482	3.158625188	2.46758198263235
4483	0.153731637	0.273090082928205
4484	0.17255592	0.23631643127449
4485	0.169124297	0.24892879366224
4486	1.357553845	1.0822230097344
4487	0.116443614	0.154314708180233
4488	0.23240717	0.336025867342647
4489	0.11441781	0.102582182471717
4490	0.049800653	0.10302950711619
4491	0.436037605	0.779234619198519
4492	0.108882103	0.627248104271667
4493	3.415476638	1.94369964572509
4494	0.104966397	0.275892061031778
4495	0.1408832	0.119120665803125
4496	0.291202104	0.566000843925204
4497	0.15331452	0.197601580030417
4498	0.04525525	0.26204234970155
4499	0.08337194	0.318740398186905
4500	1.158149655	0.88473865713376
4501	0.136149963	0.230572758454775
4502	0.636080555	1.1683107359557
4503	0.10325044	0.640662888176263
4504	0.236040322	0.41998284195
4505	0.180477566	0.139926351215385
4506	0.122285898	0.142163390528333
4507	0.034663474	0.0414710481177619
4508	0.05792354	0.17729027031886
4509	0.163817736	0.151783713046181
4510	0.472569456	0.14296242163
4511	0.143393547	0.143447355527579
4512	0.52147742	0.172461273056373
4513	0.324147858	0.433868099862857
4514	0.971581417	1.63084616571907
4515	0.132222736	0.606473613220513
4516	0.397255609	0.750385778290476
4517	0.458476856	0.128656469333081
4518	0.89994453	0.757026265668468
4519	0.104049697	0.135925193596053
4520	2.865903974	1.86701817084958
4521	0.070851932	0.215975858578395
4522	0.13183916	0.479075184056579
4523	0.0697539845	0.152161826623374
4524	0.237656016	0.331811485221442
4525	0.06895579	0.217951467803419
4526	0.315045812	1.20487239893088
4527	0.042888399	0.0530222096992424
4528	0.735114353	0.993174398390931
4529	0.072474836	0.123817584737255
4530	0.18936795	0.125763319048438
4531	0.149148914	0.162728936597549
4532	0.708020483	1.10096444326407
4533	0.16185849	0.184354134847222
4534	0.03560476	0.0839484602472869
4535	0.061407097	0.0959674201904762
4536	0.374907946	0.438066401848374
4537	0.072559774	0.166802585835354
4538	1.104053546	0.195925000501302
4539	2.374132194	3.08168801322946
4540	0.061267313	0.209406526623846
4541	0.123542281	0.436317766240541
4542	0.093549456	0.219502549683908
4543	2.791771323	1.26227596381545
4544	0.1709614505	0.609245990730714
4545	0.137856175	0.120985236611905
4546	0.354320041	0.414924286521667
4547	0.11335656	0.118108475241156
4548	0.077179978	0.161707470812593
4549	0.679129148	0.971930191759009
4550	0.101111986	0.71923945742619
4551	1.947002045	1.58663913512906
4552	0.57609578	0.627172882421032
4553	0.19650829	0.253848941125194
4554	1.28575646	0.385057877039
4555	0.54134594	0.410653744810185
4556	0.174892912	0.341104472115833
4557	0.44563841	0.176929265493137
4558	0.932179122	1.53894019193049
4559	0.077064641	0.509195556880926
4560	0.386457726	0.12002129547906
4561	7.402600294	3.85558170342071
4562	0.802958617	0.9456071811375
4563	0.047677161	0.0582127826153846
4564	0.060586788	0.138280866342991
4565	0.0368311624	0.0677422243192188
4566	0.259758241	0.284676010424537
4567	0.136642486	0.128413146494595
4568	0.257977985	1.12831188186581
4569	0.103674614	0.164772995444186
4570	0.099763716	0.165000744582558
4571	0.144804767	0.145600221868452
4572	0.434277589	0.476523908372593
4573	1.352617576	1.01439931778657
4574	0.26129405	0.221466148077652
4575	0.096278664	0.138677174079167
4576	0.166508853	0.206660555448864
4577	0.32518718	0.176989074547059
4578	0.190925383	0.204244120577778
4579	0.131580843	0.185311664347928
4580	0.209039501	0.67233941515505
4581	0.174140343	0.116085063004516
4582	0.144234698	0.137334477071717
4583	0.046135755	0.661543681908333
4584	0.0725903985	0.473861652421875
4585	0.282206756	0.300883000380476
4586	4.309382505	4.97620897211812
4587	2.16586821	2.56339369711707
4588	0.18680451	0.300877941805729
4589	0.076160192	0.255885786319444
4590	0.740888125	0.550883960740404
4591	0.050548983	0.0833394589148649
4592	0.649656778	0.454601150735476
4593	0.089475592	0.195331430699306
4594	0.111447603	0.192768975181081
4595	0.29412566	0.379290269357527
4596	0.113371646	0.220464515787222
4597	0.824140435	0.840106377278333
4598	0.142053374	0.0761016529212121
4599	1.534984814	1.17547745485901
4600	0.165748065	0.272202511482639
4601	0.034177662	0.0518404417177419
4602	0.22134958	0.366009386633854
4603	0.042944474	0.0870128375552381
4604	0.30917592	0.604988577841667
4605	0.294396069	0.565095530810444
4606	0.038825971	0.109992525582946
4607	0.067940163	0.385584264111966
4608	0.2217289	0.787905624585714
4609	0.2377728	0.22358296004125
4610	0.1876278	0.127286760308333
4611	1.07315019	0.860904457313637
4612	1.779939724	1.65281651457794
4613	0.031284197	0.135981322207143
4614	2.437134363	1.75641411063051
4615	0.318775116	0.240738024619624
4616	0.088261038	0.0982744527567708
4617	2.177796012	1.73204961440426
4618	0.79343012	0.758886225023738
4619	1.644174809	1.72206955938256
4620	0.081252703	0.297228810701136
4621	0.57805871	1.40156655387167
4622	0.319682276	0.335167492470588
4623	2.229812288	1.67066820014667
4624	0.558260183	1.20807096534188
4625	0.17725466	0.396594974522807
4626	0.99277905	0.290608892913158
4627	0.033373356	0.117050268066752
4628	1.753804572	2.12883281239746
4629	0.271932631	0.461329478328829
4630	1.078657848	1.05875753692724
4631	0.069074339	0.379627021138971
4632	0.0310118095	0.0810506899603604
4633	0.055246241	0.20443396239023
4634	0.32527134	0.217980273921795
4635	0.48917207	1.03442363923667
4636	1.321507053	0.228001207840952
4637	0.823137842	1.5249134953702
4638	0.491018727	1.19103922513098
4639	0.048674603	0.136568291985345
4640	0.0804819	0.153913141916667
4641	0.584160991	0.883887173401709
4642	0.197231987	0.12334397095
4643	0.1641519	0.286359225523256
4644	0.74321249	0.946788457456451
4645	0.081776131	0.110705836804762
4646	0.116569354	0.154958932328947
4647	0.633692285	0.920798034108572
4648	2.108003136	2.71669042411757
4649	0.754518517	0.979175130791667
4650	0.019917071	0.147203282082117
4651	0.030568016	0.997360152775505
4652	0.097302038	0.189855480763406
4653	0.17061708	0.531259151907353
4654	0.088413487	0.104193909955556
4655	1.52570665	0.99937246133964
4656	0.20353381	0.636820593047059
4657	0.077127286	0.106755990333333
4658	0.036855003	0.0967734953546569
4659	0.150019579	0.124560923795313
4660	0.453602274	1.06331719987114
4661	0.103058012	0.289058943435135
4662	0.48974073	0.316963937121717
4663	0.108221655	0.188331971902652
4664	0.178161845	0.211969060686842
4665	0.313194457	1.12933511034594
4666	2.11424827	2.06980385332907
4667	0.08921474	0.13501347685935
4668	0.154490485	0.158206435897807
4669	0.44499669	0.324783752804065
4670	0.239091682	0.453900468208333
4671	0.113806505	0.34560435162619
4672	0.106027006	0.181307965625417
4673	0.062873575	0.263555223831373
4674	0.063164236	0.272236447635586
4675	0.402138465	0.45057903130873
4676	0.10986326	0.182304824114706
4677	0.043214455	0.156800337757619
4678	0.107988186	0.438188924939394
4679	0.164662217	0.142372874159459
4680	0.0337284505	0.0921056943689705
4681	0.32739151	0.12802760755
4682	0.803867468	0.907196490245614
4683	0.12818916	0.0682062462803419
4684	0.027365755	0.126915075631183
4685	0.169454876	0.156873152192949
4686	0.0348466795	0.219916206144907
4687	0.0768725834	0.353259696947374
4688	0.074281488	0.203642385545161
4689	0.062272338	0.0961187880236842
4690	0.691382323	0.767923072867106
4691	0.113672856	0.282575343156019
4692	0.136091176	0.170697986992063
4693	4.726223086	4.27614314349048
4694	0.487949652	0.695334634466667
4695	0.388160101	0.771210661559869
4696	0.071170988	0.0869717237710526
4697	1.1464821165	0.773800095978049
4698	0.045795512	0.189665407415736
4699	1.924844948	0.842175023044011
4700	0.0408787455	0.0131365024335238
4701	0.095104815	0.387146157082906
4702	0.37510816	0.809911430342929
4703	0.503643406	0.693363509624768
4704	0.0054519665	0.0187700401654141
4705	3.087808903	2.87278504899706
4706	1.852139038	1.14192706897358
4707	0.034332808	0.105692938154701
4708	0.367302244	0.0952701302280488
4709	3.991838981	3.02862662425233
4710	0.052480467	0.0650489320565625
4711	0.63886132	0.542238439189744
4712	0.075710002	0.0655794364456349
4713	0.27535578	0.204166090648611
4714	0.134918489	0.259567193360606
4715	0.29390214	0.205806726592963
4716	0.1722161	0.125603490112879
4717	0.105488176	0.193038257131707
4718	0.089227096	0.672126999580093
4719	2.014988156	0.732405253415385
4720	0.654303414	0.218485255254861
4721	0.568378064	0.688338339645833
4722	0.167692693	0.460756076624786
4723	1.930456926	2.03642973234815
4724	0.2015927485	0.334154792223596
4725	0.047997867	0.272415143900407
4726	1.037298255	0.472795919425833
4727	0.174318895	0.146505415102482
4728	0.638666595	0.898750303170529
4729	0.680722975	0.70710852059902
4730	0.083959794	0.137847515191429
4731	0.301395625	0.222908550636275
4732	0.121368388	0.391370514575794
4733	0.348717979	0.393557758379032
4734	0.43505551	0.150822534781982
4735	0.036748334	0.0814910996712121
4736	0.348949175	0.331207085445935
4737	0.104702644	0.10503200580375
4738	0.106098274	0.29710757916875
4739	0.201499585	0.241066213673214
4740	0.0500159737	0.100971630111127
4741	0.42222389	1.08370724178095
4742	0.197456174	0.546936972691228
4743	0.283223412	0.291183287496296
4744	1.022527447	1.18647066111465
4745	0.207095386	0.152598686061111
4746	0.143790252	0.383752829597009
4747	0.88710842	1.13586233500972
4748	0.081789984	0.254730557959685
4749	1.186061111	1.15330135757561
4750	0.15162411	0.171116629475556
4751	0.722080746	0.380362739913611
4752	0.1240369	0.196929941333333
4753	0.47101715	0.184929111008696
4754	0.067319194	0.0721590539060606
4755	0.562099253	0.974974484777477
4756	0.21328608	0.168171193304701
4757	0.0021008863	0.0067281614202973
4758	0.309573905	0.101790635705405
4759	0.08075129	0.21093552308037
4760	0.19757215	0.264171089851515
4761	0.077561233	0.139005054315104
4762	0.088599269	0.129347034274444
4763	0.826671222	1.01776653612433
4764	0.034868855	0.0750015283958333
4765	0.467004533	0.353635847655285
4766	0.063512253	0.12939210121859
4767	0.049283507	0.118671329968605
4768	0.252913381	0.325028281831667
4769	2.892876909	1.20217178422821
4770	0.121376444	0.0454088635834496
4771	1.26306685	0.56502242825641
4772	0.031889035	0.587217513025758
4773	0.042533187	0.0563805114624712
4774	1.21928184	0.327285914531111
4775	0.073579887	0.152162347876667
4776	1.735118955	1.2076219031298
4777	0.334347394	0.498130435971605
4778	0.065942705	0.0742726767472973
4779	0.0154106705	0.0268478021612917
4780	0.842984637	0.75280293135125
4781	0.88342754	0.859711198047222
4782	0.288112294	0.520817530319271
4783	1.058684292	0.483654819521917
4784	0.063062921	0.112008988569919
4785	0.063507298	0.0725448784484375
4786	0.050407807	0.143082732697481
4787	0.17668848	0.149230345630081
4788	0.085435036	0.0928411521691177
4789	0.187788148	0.525428630218966
4790	0.062465085	0.136363691760569
4791	0.12282532	0.330427340700476
4792	0.67972222	0.233458622192308
4793	0.046097269	0.38178328008018
4794	1.98639815	0.819571677317568
4795	0.831240506	1.01151433618056
4796	0.201414374	0.146445362124638
4797	0.106270028	0.341501891068982
4798	0.201540353	0.134650041375463
4799	1.026187125	0.739470267974243
4800	0.533760846	0.281977258653333
4801	0.058714242	0.0997637647380435
4802	1.672554551	1.60713195588284
4803	0.070500887	0.136421844879343
4804	0.0197943872	0.0682954453282558
4805	0.151714048	0.391533510728455
4806	0.386630421	0.512255894688596
4807	0.04404995	0.0734756542021429
4808	0.571569423	0.558786562716111
4809	0.219267922	0.715815028459553
4810	2.667131937	1.98017588941401
4811	1.00366794	0.757514869120968
4812	3.220478436	2.09962899469333
4813	0.055276984	0.15524692847027
4814	0.093026077	0.120203196255482
4815	0.092983221	0.516373659917778
4816	1.01453305	1.50608478519748
4817	0.20931579	0.164738241834444
4818	0.090540636	0.278955208175983
4819	0.044139623	0.466766917969444
4820	0.773235203	1.48647248454352
4821	0.072867941	0.136087655868478
4822	0.71372261	0.855943849839785
4823	0.053566564	0.290025728198333
4824	0.070529187	0.137952774556713
4825	0.900369934	1.44951914972791
4826	0.085857014	0.101678685238384
4827	0.15755134	0.190960910238542
4828	0.178085747	0.256552159915887
4829	1.029379913	0.641822214692129
4830	0.07486425	0.165788155833696
4831	0.037840249	0.057954715164
4832	0.375311105	0.777755686801923
4833	0.7159888	0.638911777757936
4834	3.01226697	1.40910406338889
4835	0.261245375	0.614445143193056
4836	0.5765122	0.284847508896078
4837	1.194589093	1.57099149132857
4838	0.22324566	0.316011644336765
4839	1.141964552	0.731695702500775
4840	0.113952616	0.0908093912127451
4841	0.075143347	0.0662370870502846
4842	0.040179012	0.139661669587037
4843	2.230548443	1.94855010116423
4844	0.092520932	0.138890843165766
4845	0.070191344	0.121403290278571
4846	0.069948247	0.510518094645175
4847	0.088697952	0.303767094617172
4848	0.976454834	0.886076001565432
4849	0.47072455	0.657330371759583
4850	0.160057336	0.253283066886765
4851	0.053440103	0.0717578207904167
4852	0.112668695	0.123589132531313
4853	0.0314376385	0.0592715730332171
4854	0.067200855	0.165670585746875
4855	0.04491833	0.181754727405714
4856	0.088086147	0.647150261189957
4857	0.24189562	0.28099623141937
4858	0.41412122	0.773259685579167
4859	1.531921663	1.6205323168026
4860	0.024013439	0.138852231138636
4861	1.414659312	1.35960088703
4862	0.9051231	0.813284089201042
4863	0.17027402	0.200861374311429
4864	0.19423057	0.428266159459829
4865	0.447953037	0.375659689047917
4866	1.239953104	0.941031332355556
4867	1.044768774	0.763577543713637
4868	0.478714195	1.03123923913553
4869	0.092786865	0.11679842027973
4870	0.159275884	0.210072185229167
4871	0.15378885	0.104288567643902
4872	0.047554633	0.0933228625636752
4873	0.032604558	0.397117326572464
4874	0.808514974	0.727396283210741
4875	2.00855153	1.99950366945
4876	0.115307534	0.207985818893287
4877	0.422817984	0.6808066695575
4878	0.0306868565	0.263513205133761
4879	0.535181137	1.05935881606322
4880	1.62286587	0.620350080539484
4881	0.058389404	0.1742943661375
4882	0.5228116	1.02827878222167
4883	0.1508141	0.171545663847674
4884	0.813230173	0.8036321224875
4885	0.953259102	0.24720098754875
4886	1.84647064	0.449630666426667
4887	1.03829518	0.503560578648198
4888	1.121270127	0.671580337929365
4889	3.776937892	1.88972074660062
4890	0.031532257	0.29893600955
4891	0.154810861	0.159111767337745
4892	0.096565887	0.199163258164286
4893	1.264037903	2.01104544260878
4894	0.879391403	0.332330692204386
4895	0.08233078	0.225978773531624
4896	0.182895888	0.228965914184804
4897	0.0072018533	0.0111359431770952
4898	0.09733109	0.39262041959951
4899	0.035174528	0.304948061179065
4900	0.1139812	0.168301065186667
4901	0.104396178	0.0943207490961538
4902	3.058547786	1.87871519423161
4903	1.744309424	1.33545371016
4904	0.057282707	0.100789373145946
4905	0.031458708	0.152268111496759
4906	2.74975952	2.05021839378905
4907	0.055237584	0.102389844688725
4908	1.23891649	1.05857097068862
4909	0.884310367	0.530493839883333
4910	2.470301044	3.8232485346636
4911	0.23228923	0.15096568175307
4912	0.020537473	0.376397569073186
4913	0.117712695	0.184182911057936
4914	5.013587135	3.9117974247268
4915	0.18723024	0.284353247134314
4916	0.263636756	0.307434408251616
4917	1.22725401	0.830041964131771
4918	0.82832128	0.855237486321717
4919	1.926747981	1.48533492639976
4920	2.825177676	1.09651379134551
4921	0.25607337	0.168730289540101
4922	0.80069425	0.535846205749167
4923	0.38306104	0.49095249442069
4924	0.095507134	0.154791837499762
4925	0.23434357	0.31032880992906
4926	0.254339867	0.160325039400699
4927	0.71815401	0.842218633083333
4928	0.185560522	0.556040586570238
4929	0.364723292	0.305213156529259
4930	1.068544228	0.703484166336363
4931	1.79875854	1.1348747448625
4932	0.218792898	0.35478749689529
4933	0.19393518	0.559520671234615
4934	0.126594375	0.255421479626389
4935	1.631992565	1.59641909264342
4936	0.155534374	0.151044043599167
4937	0.066017275	0.257022567853175
4938	0.156355489	0.183507948274103
4939	0.064878082	0.160549395775463
4940	2.03829252	1.57072749809146
4941	0.079966411	0.106019176459167
4942	0.072741876	0.544306731647083
4943	0.161463576	0.65800545581579
4944	0.133715082	0.114756904771798
4945	0.866192494	0.75163475084
4946	0.044692136	0.232710042965686
4947	0.078663063	0.142890003063596
4948	1.397377486	2.62146680562683
4949	0.088172378	0.112611283684944
4950	0.045794749	0.337640857588235
4951	0.05053135	0.770137347765517
4952	0.074836033	0.459940367733333
4953	0.303592787	0.173051240753788
4954	5.73815192	4.90887228643285
4955	0.86195448	0.924519643829167
4956	0.053386706	0.448309228608333
4957	0.091739178	0.335514042000952
4958	0.024746162	0.0721472509740741
4959	2.222097241	1.79069343263243
4960	0.034218458	0.123593514512101
4961	0.114904386	0.12514763799086
4962	0.096031646	0.252186141578633
4963	1.823078883	1.52965573080352
4964	0.1365626115	0.190105712869512
4965	2.708496435	0.977530045934762
4966	0.062604436	0.1051215657825
4967	0.049697152	0.217960381968627
4968	0.823786014	0.0924159067408333
4969	0.110949125	0.166679025299495
4970	0.259944968	0.101717245434884
4971	0.124124775	0.27783622604009
4972	0.864135447	0.910289401034685
4973	0.657685534	1.16086965007991
4974	0.310922213	0.187854473116667
4975	2.083829744	1.22279805418793
4976	0.081375093	0.159428662402941
4977	0.102950692	0.396637981049167
4978	1.218131696	1.73698425241519
4979	0.11164117	0.156925193255556
4980	0.261555143	0.340139933169658
4981	1.989590565	2.05531343435
4982	0.119945252	0.193674895319767
4983	0.430649165	0.653916604930794
4984	0.089297966	0.12677891179359
4985	0.250627118	0.27580564146
4986	0.083292514	0.309477693998227
4987	0.034432214	0.0603400753026263
4988	0.102247567	0.630631549957333
4989	0.121179228	0.126695513737299
4990	0.148431704	0.163964543518182
4991	1.12736274	0.465999655941667
4992	0.070370739	0.452531023346857
4993	0.184355504	0.114636870715909
4994	0.042336845	0.231368199458974
4995	0.077008925	0.715699512637255
4996	0.0202503015	0.0440016584716667
4997	1.49513774	0.111538030038889
4998	0.098101071	0.162173523030392
4999	0.9201427	0.430177217762963
5000	0.162256384	0.137032187811111
5001	0.080367195	0.142020589873333
5002	1.327527395	1.45649778881465
5003	2.727485895	1.18499071695333
5004	0.162596713	0.127625806734722
5005	0.090405492	0.112756610322072
5006	0.070877865	0.0687082486636364
5007	0.23727754	0.0693992142619167
5008	0.3223766	1.25431836899238
5009	0.058065956	0.0649998813238492
5010	0.0258688675	0.113121733606806
5011	0.08083231	0.134932783163953
5012	0.184206579	0.645087690743333
5013	0.642144329	0.424271697794286
5014	6.390653856	5.19539299079475
5015	0.032430424	0.0644069277836111
5016	0.449933651	1.40688728065354
5017	4.465936177	4.80956544833607
5018	0.074732482	0.155801089539855
5019	0.027634938	0.12017522570155
5020	0.029538195	0.0673957848057693
5021	0.163025502	0.226015047277011
5022	0.756063165	0.675035830076316
5023	2.07826793	0.294717706539167
5024	0.045163141	0.0674575189829545
5025	1.805129473	0.770425912525641
5026	0.487194022	0.401261178248333
5027	0.120329306	0.372382702513063
5028	0.341525612	0.981634758717982
5029	0.801741184	0.723953531285586
5030	1.09668148	1.74818505654186
5031	0.95411364	0.305620084956548
5032	0.155321408	0.982095774744444
5033	0.066465817	0.137802377984167
5034	0.037643697	0.0767949534748148
5035	0.084178582	0.111442555025397
5036	0.094853768	0.286307054597297
5037	0.76703027	0.9196995640625
5038	0.72432226	0.454941480894106
5039	0.317707086	0.155085910241905
5040	0.39669505	0.90310014179054
5041	0.19927351	0.204102142861842
5042	3.652182029	4.57277551998137
5043	0.0451874265	0.103048230543939
5044	2.464510623	1.38198302466905
5045	0.037065227	0.214893547496402
5046	0.045875324	0.613496946799243
5047	1.048411205	1.38405679691927
5048	0.32102653	0.542165145091204
5049	0.044995695	0.0618235754412037
5050	0.0190408796	0.355521448321852
5051	0.098348549	0.22305127615873
5052	0.2467819	0.163098029347154
5053	0.18740414	0.319404048562613
5054	0.12030008	0.143154449913095
5055	0.085751816	0.201732009098718
5056	0.143445437	0.372786719642188
5057	0.07890293	0.565458781746396
5058	0.085880923	0.124706949423974
5059	0.189331755	0.524668772773016
5060	0.0276884705	0.0755875121869048
5061	0.142959384	0.22959263422
5062	0.23240763	0.564211445864414
5063	0.028186538	0.0395093766994444
5064	2.183632658	0.767433031152083
5065	0.8845805025	0.495926604106973
5066	0.048138668	0.20067934005518
5067	0.255304124	0.193289938348485
5068	0.087593608	0.0909284171002451
5069	0.034237372	0.135519682733929
5070	0.839856897	2.13423260388799
5071	1.254042208	0.753571823878986
5072	0.403979216	0.186374403472549
5073	0.6419065	0.212301484432895
5074	0.068899253	0.199172161925
5075	0.15977062	0.156062040269919
5076	1.187074624	0.993832974215278
5077	0.743176487	0.882229695887179
5078	0.359865667	0.284006407978333
5079	0.843000302	0.819857771593678
5080	0.122172961	0.386567395702525
5081	0.148106294	0.445494436519762
5082	0.051953889	0.143103161942593
5083	1.114546678	1.51385283229825
5084	0.530449368	1.0454474866
5085	0.116011629	0.120294837369658
5086	6.03064148	5.19862757259231
5087	0.20896644	0.171654261603862
5088	0.106400384	0.109405637543981
5089	0.019275956	0.081219036871875
5090	1.2212596	0.946962710030882
5091	0.32949844	0.366495376532184
5092	2.987950629	2.05472821512824
5093	0.38498312	0.756064537347549
5094	0.062594182	0.122250416068229
5095	0.54815386	0.709608235746099
5096	2.4104940775	2.07163311861778
5097	0.94323327	0.528526961892424
5098	0.61267455	1.13110710482174
5099	0.137246678	0.140289755566176
5100	0.189670397	0.315057600858333
5101	0.286724637	0.21637064728156
5102	0.450431672	0.327805555882883
5103	0.074782176	0.0816172267222222
5104	0.099532995	0.31406829025
5105	0.117270016	0.248385863418452
5106	0.108094	0.157370044484722
5107	0.035889695	0.185532924421429
5108	0.064057909	0.14050103395202
5109	0.167769535	0.487648010640909
5110	0.052328314	0.103199338566667
5111	0.172158064	0.215219794412393
5112	0.111943748	0.123976201078646
5113	0.621057915	0.665004399067677
5114	0.39860293	0.29815881901579
5115	0.086690303	0.138601380823016
5116	0.093456853	0.200982777231713
5117	0.052856668	0.201059062747685
5118	0.360910743	0.65989279500125
5119	1.239776612	1.27657413262083
5120	0.116111063	0.221975088135135
5121	0.960416094	0.649424753233824
5122	1.044239902	0.365838458137083
5123	0.311504093	1.18458459214976
5124	0.11037506	0.303012257413178
5125	0.845432236	0.482074825120968
5126	0.04400977	0.0775809026862069
5127	0.091082774	0.468832801264103
5128	0.4676049	0.593602888335088
5129	0.238004843	0.48744392250505
5130	1.78568408	0.118696882039899
5131	0.0251507358	0.042662962199359
5132	0.34704886	0.232497479695161
5133	0.044196655	0.332090374813462
5134	0.24321995	0.285134679973659
5135	0.154955243	0.317448848484188
5136	1.356211866	0.756471374825
5137	0.076445049	0.129004608957353
5138	0.170570906	0.963175187765
5139	0.388525443	0.385771657146795
5140	1.38059304	0.483220227903333
5141	2.989821988	1.47410834856078
5142	0.115517322	0.214288030110333
5143	1.488668166	1.90296430163384
5144	0.14164556	0.527251028781944
5145	1.55726604	1.01075254433657
5146	0.00283707596	0.0248711670760345
5147	0.059791214	0.112049874797252
5148	0.064165309	0.0897461320153659
5149	0.050783517	0.163424754690196
5150	2.438347098	1.28303128072071
5151	0.12577588	0.169240205122043
5152	0.137695801	0.217140571091667
5153	4.620536151	4.67179212274458
5154	0.53591902	0.519618019831783
5155	0.9546929	1.07858407193718
5156	0.096637111	0.0726885420103947
5157	1.996216814	0.818784603116447
5158	0.09818195	0.15444773361375
5159	0.764848658	1.31122839380784
5160	1.18159329	1.33760321419756
5161	0.388135398	1.01010047262989
5162	3.759703468	1.93719090917886
5163	0.44155708	0.302584111492381
5164	0.081271449	0.110086037497619
5165	1.075130274	0.737823664025556
5166	0.151769109	1.05740839907401
5167	0.101962928	0.161980263237393
5168	0.08393018	0.176363635475238
5169	3.37922722	3.2989973016807
5170	0.940412744	0.94186382492451
5171	0.476802724	1.24665691215313
5172	0.11890279	0.176937516963889
5173	0.425521947	0.770702346941473
5174	0.086416528	0.164631744201042
5175	0.168903749	0.176121597265591
5176	1.2775731	2.83170304589971
5177	0.099029306	0.149290057982857
5178	0.41042098	0.315504292901709
5179	1.454663329	0.805675280038172
5180	0.099115663	0.352712982972222
5181	0.1703269	0.317522843661728
5182	0.173747993	0.301565156665
5183	0.168049142	0.509273942402992
5184	0.073797563	0.145018514094309
5185	5.957940071	5.33606565191992
5186	0.478289793	0.868513576221875
5187	0.056893798	0.0680217754683333
5188	0.64589478	1.12535492759902
5189	1.015757732	0.257876336387356
5190	0.99286779	0.906107865198684
5191	1.777623151	0.196215793533784
5192	0.09103859	0.135888771270325
5193	1.240340858	0.928771020198333
5194	0.108498305	0.127780196985897
5195	0.1783880065	0.186409656210351
5196	0.089125043	0.327571657752991
5197	0.149501386	0.733353188762963
5198	2.73212081	1.43124547829355
5199	0.3752472794	0.130893445695395
5200	0.023092802	0.0906457618739189
5201	0.096285904	0.266083145085965
5202	0.131897684	0.203975269721429
5203	0.0610199535	0.107945166497297
5204	3.891299161	3.10711874481429
5205	0.592267817	1.38448805905604
5206	0.449335664	0.353442988833854
5207	0.20592985	0.371181514285833
5208	2.983059036	2.59478399600812
5209	0.063080652	0.121967272927174
5210	1.547278095	1.09090227084646
5211	4.81892465	4.81945908997358
5212	0.864840736	1.165832493975
5213	0.065159675	1.03650134221095
5214	0.033823322	0.10252394059626
5215	0.092395948	0.211607235786979
5216	0.121866912	0.188002869055983
5217	0.268619093	0.776610099610606
5218	0.0844074705	0.290914857141146
5219	0.056079921	0.067126565078373
5220	2.332311097	3.03633881783958
5221	0.219907659	0.246239072979762
5222	0.31001441	0.207595690067778
5223	1.034522103	0.171282576196237
5224	0.039252075	0.0744560874969697
5225	0.493508144	1.17469606944024
5226	0.12309558	0.216792104353509
5227	0.03361308	0.167899345713384
5228	0.6164551	1.04802475470376
5229	2.162824267	1.1129714653883
5230	0.107249027	0.169720538926344
5231	0.414977215	0.502619454261616
5232	0.765927272	2.11002916288232
5233	0.11389818	0.505708671606667
5234	0.116685696	0.114833276958333
5235	0.10029513	0.25975595654619
5236	1.511507071	1.13389221479556
5237	0.08350793	0.441181020261905
5238	0.816467324	1.46771798409941
5239	0.147952176	0.184587862620098
5240	0.053278447	0.108169830556349
5241	0.094514776	0.179491374853646
5242	0.026952206	0.114160803798925
5243	0.045745416	0.0429262206314286
5244	0.267877715	0.534433558422685
5245	0.205810392	0.134125473452222
5246	1.85905763	1.111151715575
5247	0.037417731	0.0643722078108108
5248	0.451706264	0.285448423273577
5249	0.120468061	0.197201190053843
5250	0.120549407	0.249001758342312
5251	0.524449755	1.29555650828492
5252	0.091507629	0.285226863492262
5253	2.037240267	1.25004176889302
5254	0.029218768	0.0544955753941667
5255	0.033241146	0.0455707105379433
5256	0.13412174	0.28295819786036
5257	0.15942431	0.180884346771032
5258	0.46388027	0.40632082402549
5259	0.04141671	0.0744700698729444
5260	0.879983718	0.162507212938372
5261	0.30137661	0.265918971321171
5262	0.59837159	0.525902303890217
5263	1.010617273	1.13456123213687
5264	0.069943133	0.0742430077480953
5265	0.044334702	0.141544081834559
5266	0.144059412	0.557582870845588
5267	0.095437447	0.531401754648958
5268	0.064745887	0.151863339975641
5269	0.170838962	0.11442357059902
5270	0.32372502	0.608969918886191
5271	0.23575919	0.423613446358833
5272	0.095948402	0.126400629673246
5273	0.469797527	0.783322242875969
5274	1.6776209	0.656069338812613
5275	0.12767563	0.853228568500833
5276	0.121327758	0.138380543065972
5277	0.210611233	0.437776681701587
5278	0.77311028	0.879062388817735
5279	0.787393094	0.760829997823232
5280	0.035056226	0.051792395349381
5281	0.30267655	0.280400244416905
5282	0.347650949	0.214697792510417
5283	0.29822896	0.716638997636404
5284	1.277556934	1.56173270644363
5285	0.059124788	0.105961721910135
5286	0.68756775	0.31755570222027
5287	0.937651246	0.808084313180357
5288	0.081649078	0.165313183902083
5289	1.886664447	1.24350109157917
5290	2.267344492	1.7263070675065
5291	0.095446715	0.181643753267793
5292	0.039460738	0.427482487827928
5293	2.033683382	0.868172440795454
5294	0.935627594	0.662619981995833
5295	0.040477684	0.232403372559211
5296	0.97884577	0.751871906068095
5297	0.075718358	0.476592091297222
5298	0.123511285	0.173368026329583
5299	0.103021264	0.23914126314537
5300	0.13721825	0.108624407734954
5301	0.09168482	0.0813334646069444
5302	0.096411484	0.210016612100505
5303	0.13819453	0.196747581268333
5304	0.24533635	0.243605363817241
5305	1.884402916	2.05567991619409
5306	0.182893845	0.288767963683333
5307	0.487464268	0.795542274539247
5308	0.076760476	0.33833244156954
5309	0.037672937	0.13554238428254
5310	1.302264668	1.19665857331435
5311	0.139065744	1.26097067274211
5312	0.72468043	0.205818037873932
5313	2.512494	2.25864149801786
5314	0.182465934	0.119461420091712
5315	0.0510449995	0.0678160058236574
5316	0.194850937	0.687123084270833
5317	0.07083282	0.0813186390858025
5318	0.14136108	0.421954326876754
5319	0.130075612	0.179719462614286
5320	0.26817934	0.207967845063636
5321	0.2850017	0.258565038020833
5322	0.087215803	0.680260096522368
5323	0.29495411	0.74447437967337
5324	0.24495895	0.187323761823106
5325	0.113563301	0.320897798567931
5326	0.0294195425	0.0364500555479167
5327	0.079505707	0.148458788554167
5328	0.052709914	0.453671669925833
5329	1.04285449	0.391639288996667
5330	0.117222035	0.164827169997222
5331	1.14044523	0.844119003054545
5332	0.079129434	0.166134636603604
5333	0.67495197	0.363594428736458
5334	0.797347264	1.54178140176098
5335	2.388222805	0.787636245717188
5336	0.04867056	0.142188466050833
5337	1.201633094	0.582972511504583
5338	0.410610122	0.76274347590303
5339	1.514112046	2.71564757176239
5340	0.230023784	0.17390379721849
5341	0.081499216	0.271692434211667
5342	0.119900778	0.178853231026587
5343	0.056465989	0.13394772352973
5344	0.096500785	0.1414258950375
5345	0.24916846	0.207031293375
5346	1.52672849	1.04746310735386
5347	0.056383686	0.190266356849342
5348	0.050449555	0.0541969610431034
5349	2.504328515	2.0600864823359
5350	0.123611465	0.474448809816146
5351	0.088083331	0.194922636881395
5352	0.27381986	0.604291188847222
5353	0.108803546	0.200168282237387
5354	0.2685991	0.701375114570175
5355	0.404832963	0.680924753426263
5356	0.202167818	0.358683938883951
5357	0.077004608	0.168080768033333
5358	0.187790941	0.149177165401905
5359	0.8655127	1.77774923341389
5360	0.051547432	0.140619400564912
5361	0.57352136	0.91858841910049
5362	0.156296023	0.253875057969167
5363	2.067427406	1.0405717390126
5364	1.577943893	1.80621232187095
5365	0.958752676	0.723828476682639
5366	0.33104527	0.450232596843254
5367	0.09503255	0.290428965122222
5368	0.287771846	0.700532271961232
5369	0.088784375	0.247181211432719
5370	0.088728405	0.13129699641
5371	0.25968433	0.13628341996875
5372	3.066566445	2.02251999665016
5373	0.335037545	0.400990398630833
5374	0.039187297	0.380801118248761
5375	0.251533095	0.196857500562281
5376	1.554639903	0.971737648663211
5377	0.683668628	0.919415012986111
5378	0.0323385987	0.0604202298323077
5379	5.67605908	4.45640027755843
5380	0.099592269	0.211051760818687
5381	0.238042063	0.0783475948681373
5382	0.442853188	0.394277631721545
5383	0.570056128	0.690554739871825
5384	1.548967832	1.97327734651991
5385	0.160609666	0.289515155391162
5386	0.060360587	0.0659976891864286
5387	0.3916601	0.122889814574775
5388	3.333065084	2.71484902528243
5389	2.717239092	1.85358799200238
5390	0.027712666	0.0407489160864035
5391	0.084976265	0.163483017542157
5392	1.587387706	2.76800635356739
5393	1.58208122	1.05942058226552
5394	0.031001955	0.349713500819136
5395	0.279005357	0.229694227305
5396	1.202925532	0.994443028359848
5397	0.97364835	0.4268971971125
5398	0.2024012	0.175724567974111
5399	0.184661952	0.361786635058772
5400	1.123415915	0.518157274574
5401	4.775484846	4.04574945420095
5402	1.453442773	1.64324269012865
5403	0.94766923	1.17237173886301
5404	0.192211319	0.269044831317647
5405	0.939928364	0.342105724748246
5406	1.428109942	1.52269821059368
5407	2.584804483	1.76193283970641
5408	0.0045427049	0.0078978798755914
5409	0.984632773	1.06743835434595
5410	0.097864192	0.159833028816667
5411	0.02835883	0.096164724385644
5412	0.082266953	0.388405440395614
5413	0.047450032	0.123405138298039
5414	1.2619527	1.93603436490407
5415	0.083378863	0.501280345734211
5416	0.035222458	0.159261807183796
5417	0.264571782	0.686418849591667
5418	0.063451299	0.263527514981905
5419	0.064090632	0.363069718260659
5420	0.10710897	0.117264695845833
5421	0.458347587	1.0447974111942
5422	0.086445149	0.200780213880702
5423	0.066789032	0.335601697986191
5424	3.647938855	1.55260970960333
5425	1.700283586	0.666415994433334
5426	0.095087606	0.159216883901587
5427	0.661229609	0.890381331030159
5428	0.577880814	0.8235939390425
5429	1.015185482	0.399904210091429
5430	1.348731816	1.09234979246206
5431	0.35345695	0.295380909126984
5432	0.160853534	0.667494394398958
5433	0.155223396	0.120364383788889
5434	0.315971436	0.909322921011429
5435	0.080330903	0.0868534287291667
5436	2.49250721	0.883370718654598
5437	0.132061056	0.166230491896748
5438	0.199683211	0.411163453245536
5439	0.30935318	0.320873891757843
5440	0.092503685	0.169610523992735
5441	0.460654746	0.90317885485
5442	1.37903175	1.66289782909195
5443	0.072669327	0.156883633744273
5444	0.149862594	0.196679283230808
5445	0.082578614	0.365232811815909
5446	0.060388854	0.110120793106838
5447	0.061574725	0.589411482869355
5448	0.221949855	0.126198077915854
5449	0.377297998	1.28457484230702
5450	0.820530285	0.879145553310545
5451	4.218481543	3.29361786852917
5452	0.039878399	0.348677827243619
5453	0.032800178	0.0438294673050926
5454	0.055523412	0.152635418057154
5455	0.62935386	0.90645066494359
5456	0.051942022	0.144899499628968
5457	0.112880394	0.151412866115714
5458	0.95211837	0.240235465155238
5459	0.2905438195	0.463432281563495
5460	1.77378716	0.959243256934762
5461	0.585253176	1.00289882742544
5462	0.114437144	0.0985217868263566
5463	2.892883617	2.09276522151226
5464	0.989256922	0.554108343812619
5465	1.943171061	2.27706751379236
5466	0.024798118	0.0481272340764957
5467	0.252685383	0.171546804302525
5468	0.047709111	0.0888422425458333
5469	3.354390314	3.24476834785417
5470	0.089329745	0.180796812070721
5471	0.338703794	0.813349372352688
5472	0.218329155	0.174812363426786
5473	0.064868787	0.101405851361515
5474	0.063217122	0.440585059600299
5475	0.136169763	0.103152857988235
5476	0.0377355934	0.0878436729198485
5477	0.2100144	0.223133097318605
5478	0.031837604	0.111269301844343
5479	0.051540049	0.0436614962467778
5480	1.262849086	0.813786154942824
5481	0.122044312	0.125223623215196
5482	0.140075565	0.208569653208519
5483	0.641536741	0.593032634142222
5484	0.09864772	0.185364928650641
5485	0.084937344	0.329899811235772
5486	0.065144583	0.0695012046969697
5487	0.078137049	0.113937195207258
5488	0.15122546	0.100194165821622
5489	0.720159024	1.3164219760849
5490	0.19636117	0.286617483990686
5491	0.17347341	0.175073402398843
5492	0.083643198	0.153184753300505
5493	0.32173193	0.176215966553604
5494	4.421607954	3.60644248020778
5495	0.0206120115	0.0532326627740196
5496	0.330695805	0.22666827147375
5497	0.0189711188	0.0235132702304273
5498	0.298033741	0.623887377354365
5499	0.07857028	0.964877204842188
5500	2.865043949	2.80515855758817
5501	0.047421426	0.251665312529675
5502	0.075794093	0.0951733258440171
5503	0.38561999	0.52656895372695
5504	1.272893025	1.7349852328913
5505	0.037119413	0.181668417856191
5506	0.371726493	0.184552191365208
5507	0.610339888	0.647420848041667
5508	1.083278995	1.22716173462467
5509	0.095425556	0.459056389421015
5510	0.149434564	0.164620084144048
5511	0.05796106	0.0708309364968391
5512	1.161877574	0.957273104652315
5513	0.276605107	0.19277427969
5514	2.185026288	1.79825801119714
5515	0.350284995	0.126195682027477
5516	0.361532636	0.722051686289333
5517	0.180144404	0.722224141789474
5518	2.477052779	1.75054301716646
5519	1.68242658	0.952654357485965
5520	2.03151014	0.543470674557292
5521	0.11901561	0.22190555544619
5522	0.0742136785	0.0246173452317892
5523	0.17173294	0.742057951357639
5524	0.359955456	0.685195369404798
5525	2.050096514	2.02610983737154
5526	0.141235823	0.592842177627451
5527	0.54346951	0.471128422505173
5528	0.11121965	0.585091988763636
5529	0.330113776	1.03510512591833
5530	1.576933787	0.344973352331945
5531	2.600474291	2.1039482663187
5532	0.160858227	0.254781530924286
5533	0.91472749	0.684250330802439
5534	0.3360676	0.0885442519130953
5535	0.778904215	0.735319952642083
5536	0.107351182	0.152945704207658
5537	0.82257768	0.699515413967045
5538	0.044352834	0.0646329123170588
5539	0.281629447	0.159008207830392
5540	0.569265673	0.688000977158559
5541	0.30181437	0.629240993515504
5542	0.601124174	0.128663979201481
5543	0.192983367	0.597749229097917
5544	0.352356675	0.512991548580427
5545	0.036763682	0.101545451370556
5546	0.108947589	0.397383454491026
5547	0.23708932	0.202599305057071
5548	1.91686369	0.835014466663636
5549	0.04274645	0.179837204882813
5550	1.344184802	0.88940421366894
5551	0.082262679	0.0375681083641177
5552	0.065492358	0.101959381988426
5553	0.096727495	0.120438222729688
5554	0.045867708	0.0950884281643519
5555	0.064403105	0.121849248669697
5556	0.636286095	0.572091005594715
5557	3.721243855	3.27506183663333
5558	0.035408329	0.0441861357643981
5559	0.100512405	0.174186101704301
5560	0.452376523	0.15023012454951
5561	1.756088682	1.8479417290491
5562	0.13007102	0.458268092693964
5563	0.055427531	0.0808596871539474
5564	1.163740074	1.6354121632572
5565	0.062843976	0.122051385327083
5566	3.243463303	2.19803772372258
5567	0.116567105	0.26889750683913
5568	0.43910911	2.01400135068056
5569	1.971960385	1.13659673464356
5570	0.12916372	0.105605010530729
5571	0.058807314	0.0830379709461905
5572	0.172663172	0.742483396565079
5573	0.902491047	1.43867535397456
5574	0.033068764	0.260191168012613
5575	0.60820679	0.602514932688572
5576	0.086118262	0.174742010075
5577	0.053108678	0.0740222235122807
5578	3.422369676	3.90468106454833
5579	0.199232803	0.257160649726786
5580	0.249412686	0.182461565049074
5581	0.133301639	0.335542042213565
5582	0.657882935	0.493575758659445
5583	0.041325783	0.0322816116646847
5584	0.06887622	0.14696484233114
5585	0.368848005	0.57219695911828
5586	1.15152773	0.988440610192592
5587	0.114243598	0.150721353851351
5588	0.208641925	0.145622939109211
5589	0.083497983	0.108551649337607
5590	0.589288011	1.35497942901852
5591	4.441689645	1.37921983406505
5592	0.667048696	0.83646805020991
5593	0.897138379	0.67996890228373
5594	0.0665606	0.216461425133333
5595	0.145340846	0.622047772955392
5596	0.686614017	0.534694523855856
5597	0.098515315	0.322309708751515
5598	0.08851081	0.221112563155914
5599	0.161889697	0.53217152800404
5600	0.19329247	0.363535394360648
5601	0.080233006	0.328051990138889
5602	0.387879808	0.149203807758824
5603	0.31575706	0.322285051030741
5604	2.807464708	2.29431027452171
5605	0.318824352	0.285127244087745
5606	0.2080166	0.331861155918919
5607	0.081543709	0.173147837224786
5608	1.059605474	1.69240496086403
5609	0.111564197	0.461168033038158
5610	0.060575463	0.16001937073428
5611	0.198296255	0.340798100332432
5612	0.17294046	0.175427392802941
5613	0.17958903	0.930041421945098
5614	1.78147742	0.694129474034286
5615	0.15587084	0.175813315805983
5616	0.266739315	0.32501951799057
5617	0.045891721	0.0761750006788235
5618	0.073716374	0.313794784923171
5619	0.27935732	0.0967573092871212
5620	0.076751571	0.160960603548062
5621	0.749239768	1.27291700153929
5622	0.63030386	0.625037032885256
5623	0.283265544	0.131754592760516
5624	0.105445037	0.0754649083042857
5625	0.09113244	0.13523995148
5626	0.111037316	0.217671497141228
5627	2.420203561	1.84341618308048
5628	1.5994190515	1.92226856953676
5629	0.09134636	0.228304232079701
5630	0.968444813	1.03690956383714
5631	1.483408083	1.16297643356441
5632	0.126215398	0.200017250811111
5633	0.49655533	0.125232940382724
5634	0.213049782	0.12570863196588
5635	0.45607394	0.365839366123437
5636	0.08841099	0.0798472354555556
5637	0.6719906	0.5227356361
5638	0.04238664	0.104595441635753
5639	0.650576616	0.541198773443694
5640	0.085941033	0.132366182265152
5641	0.030268011	0.0879350301515416
5642	0.050667688	0.328751975642424
5643	0.032152503	0.310993598911261
5644	0.845601627	0.809704156729293
5645	0.64279793	0.444516304908333
5646	1.41061758	0.457308234410215
5647	0.080062567	0.135139686408095
5648	1.61259141	0.393868005471609
5649	0.061845417	0.455204639754701
5650	0.067190433	0.11021224272381
5651	0.330242606	0.759483489337387
5652	0.182366698	0.181728680480392
5653	1.068587141	1.16951752450312
5654	0.17575177	0.166435167162917
5655	0.18024643	0.154387920279412
5656	1.128762254	1.32748504263519
5657	0.093641375	0.101139212893243
5658	0.091840601	0.103517123247403
5659	0.41445269	0.252672768881667
5660	1.200056295	0.969110967186667
5661	2.288915782	2.01869491092129
5662	0.103137201	0.137012333854167
5663	0.681785727	0.933925971288889
5664	0.644658028	1.02585561661833
5665	1.1890692	0.439932698361111
5666	0.129200606	0.24470752196129
5667	0.125663985	0.169346352840591
5668	0.107456178	0.0633992672721354
5669	0.108415986	0.151094490182716
5670	0.059794532	0.203077527313462
5671	0.354329159	1.68005438726712
5672	0.759320815	0.800953957186539
5673	0.04196495	0.125186880068056
5674	0.13468548	0.198394516611382
5675	0.167488477	0.50524270381094
5676	1.669070404	1.63068178091396
5677	0.133943721	0.21490612884785
5678	1.715519704	0.315095350129902
5679	0.74980452	0.636617970708915
5680	0.071267672	0.0854684742467857
5681	0.053209431	0.173096945995746
5682	0.0898786	0.160658292661979
5683	0.076488448	0.123020153260913
5684	0.483671178	0.581050308025269
5685	1.204588513	1.41255862975463
5686	0.283266155	0.540049330794017
5687	0.297853025	0.198420878141398
5688	0.201367372	0.136909793507895
5689	1.743852745	0.830958499480185
5690	0.061164	0.253781657739431
5691	2.447932134	2.83587661416786
5692	0.432872779	0.795446486476961
5693	0.57930452	0.294180303488384
5694	1.419278417	1.56465554164872
5695	1.283285211	1.38930107902576
5696	0.072921438	0.169365887872619
5697	0.54314342	0.722580127166176
5698	1.390162456	1.06063135028438
5699	0.42263529	0.12170281704119
5700	0.419723512	0.684381178445833
5701	0.0607504837	0.401908134971318
5702	0.082639732	0.203671862031757
5703	0.056110942	0.15386090985026
5704	0.074387234	0.168416559143162
5705	0.19686918	0.167191772367117
5706	0.139641485	0.306385591639744
5707	0.25347301	0.132191766237222
5708	3.147241213	2.46768929509
5709	1.9590481425	1.18977542837419
5710	2.295310959	1.56745499262556
5711	0.051738498	0.271220024812016
5712	0.255438638	0.951402684146759
5713	0.360543738	1.49703715011512
5714	0.0713447	0.232803909556452
5715	0.034367742	0.0705437159027778
5716	0.051255312	0.217011874746667
5717	0.0334715	0.142801852614189
5718	0.137963272	0.106156129606944
5719	1.143595846	0.833678825953763
5720	0.571416003	1.11332118852976
5721	0.052340684	0.162361575334286
5722	4.603631538	4.98429442720825
5723	0.686779185	0.565817850391881
5724	0.147937502	0.177694304641057
5725	0.064057903	0.182211408839286
5726	0.060443593	0.176008462871368
5727	0.389342303	0.574557561162626
5728	0.043187131	0.1823656429775
5729	0.073827012	0.0925269062166667
5730	1.714378719	0.708014557348333
5731	3.43160238	2.14842406861176
5732	0.083821461	0.214479124523563
5733	0.081086008	0.141620333672549
5734	0.945488122	1.0291422667697
5735	0.079740799	0.210312218329412
5736	0.042108921	0.100401067479688
5737	1.329196998	0.9358932121025
5738	0.25040503	0.162118407408571
5739	1.55653108	1.25430545835469
5740	0.074712376	0.13787754065614
5741	0.09989104	0.219594945340341
5742	0.098370816	0.223079526564626
5743	0.549356405	0.683591926250813
5744	0.256793704	0.109248703120238
5745	1.12022608	1.23619290102151
5746	0.140376556	0.455796899211111
5747	0.11737055	0.21749134326381
5748	0.187302935	1.00285986017245
5749	0.225796521	0.828831003905914
5750	0.149570212	0.289561315551812
5751	0.55359424	0.373155120495833
5752	0.31121065	0.41498511208435
5753	0.12360768	0.171924145360833
5754	0.424535814	1.25826417080429
5755	0.604319034	0.453124742443939
5756	0.053999734	0.127983592715741
5757	0.039344809	0.244974471453488
5758	0.82899541	0.889207272627632
5759	0.044594115	0.100709428566049
5760	1.330595637	1.22768462202991
5761	0.143567647	0.581570464699549
5762	0.36720097	0.325457835893404
5763	0.042033603	0.375602178996127
5764	0.143054893	0.35164964896954
5765	0.138109747	0.254229711438333
5766	1.119436689	0.287781103344551
5767	0.243020694	0.587069910705209
5768	0.13289313	0.486008993500231
5769	1.399475803	1.67147774757188
5770	0.0658961707	0.0905274496772549
5771	0.0211575764	0.116575257277312
5772	0.267831469	0.619518835736847
5773	0.267619874	0.385132214802315
5774	0.614101171	0.15290725178
5775	0.482763465	0.66765691796982
5776	0.30452367	0.436737216309722
5777	3.112089382	1.80178254985448
5778	0.715246808	0.197781534841204
5779	0.045853818	0.122193870328049
5780	4.08619732	3.80099288072551
5781	1.107496698	1.19051731222396
5782	0.06087258	0.10276789216375
5783	0.139347673	0.152832736867284
5784	0.063457957	0.0918198460616667
5785	0.069938436	0.0944338525357143
5786	0.12667999	0.122352863941414
5787	5.04489517	4.48982258908246
5788	0.216882171	0.161410615336036
5789	0.00138400817	0.00294299568109048
5790	0.087964795	0.133945863818687
5791	0.892104042	0.52800288073114
5792	0.15573697	0.38380209465754
5793	0.697840984	0.975044375718376
5794	0.36200823	0.792371787906439
5795	3.772083113	3.25737437833
5796	0.042015335	0.0633371599775
5797	2.394176863	0.631945219340417
5798	0.282871326	0.925342337202314
5799	2.991718051	2.67547550467458
5800	0.80690952	0.979340061369259
5801	0.91099537	0.261615263817105
5802	0.2206561	0.169423761921667
5803	0.2459839835	0.714778153746154
5804	1.382917137	0.67118814319086
5805	2.428383694	2.2991030922581
5806	0.886344542	0.984198787194608
5807	0.287708224	0.20607959634125
5808	0.09388405	0.123924121263509
5809	0.114559257	0.177891138936806
5810	0.09418539	0.185486042856289
5811	0.20277348	0.292714115076667
5812	3.544972484	2.71421732516921
5813	1.267629115	1.26261461913605
5814	0.09004269	0.125631969778283
5815	0.25952526	0.765788749010049
5816	0.048064038	0.42150104328373
5817	0.709886483	1.08186955148056
5818	0.33088456	0.221607324643478
5819	1.219844296	1.70575741041341
5820	0.041694652	0.0773333998808642
5821	0.64787349	0.776400126570652
5822	0.291447986	1.03219022651372
5823	0.090343163	0.203212805954688
5824	0.253706018	0.288585696066228
5825	0.37797028	0.342169234485965
5826	0.0207829214	0.169431486203677
5827	0.496240341	0.318316010212143
5828	0.398074722	0.539175020213235
5829	0.456696404	0.190039084324638
5830	0.242142051	0.381110819964716
5831	0.09640362	0.119366603906667
5832	1.1065558	0.315530669728676
5833	0.078824417	0.317544534426325
5834	0.060745143	0.117281330149775
5835	0.078336902	0.0749132788924562
5836	0.58596585	0.121722556012939
5837	0.30158551	0.308474485139007
5838	0.22088784	0.158222025654762
5839	0.47321591	0.76971573367973
5840	0.10159824	0.128438813963063
5841	0.079461422	0.116638173134211
5842	1.66199068	0.65138786810946
5843	2.002448193	0.33842188595307
5844	0.186690817	0.101898761690417
5845	0.12549856	0.130569186779915
5846	0.23125343	0.184915850730729
5847	0.73638937	0.687202790526667
5848	0.136344215	0.196407831350538
5849	0.58684328	0.469473032902137
5850	0.053774253	0.1493541841175
5851	0.23194504	0.330114084007408
5852	0.718945056	1.61517047484352
5853	0.076583654	0.157256801642778
5854	0.1021511005	1.02066654464292
5855	0.128423483	0.1409855024
5856	0.147374281	0.233128329781429
5857	0.130350703	0.124840383660185
5858	0.134855851	0.23470444603018
5859	0.035675953	0.222330957122072
5860	0.075503703	0.127742781279687
5861	0.04919241	0.146568455060811
5862	3.814469101	2.53264123025965
5863	2.112400144	0.675822010025
5864	0.386209454	0.824872800154902
5865	0.09638802	0.194124665259048
5866	0.152634456	0.571937624904
5867	2.331914458	1.48401489184778
5868	2.24468781	1.63895890354398
5869	5.304131603	3.34838978076423
5870	0.421734126	0.170603778250775
5871	1.734313795	1.67733769945528
5872	0.175314646	0.496651467655556
5873	0.2802342	0.441365219764474
5874	0.199735374	0.176362784228922
5875	0.09193109	0.102251101797748
5876	0.08568761	0.133375311546774
5877	0.116192933	0.1411639258125
5878	0.096311327	0.180539371514762
5879	0.20098686	0.998035978816111
5880	0.31078384	0.261569421740686
5881	0.094905766	0.0952820696405797
5882	0.315541108	0.149226396685057
5883	0.063449333	0.229006935539583
5884	0.096422273	0.5510852985625
5885	0.625757348	1.2256945576
5886	0.655760366	1.30993134066616
5887	0.023669224	0.0545950579082292
5888	0.717599786	0.982696079585714
5889	0.31026034	0.429583447803241
5890	0.266996962	0.241692538513333
5891	0.073655177	0.0695562112160078
5892	0.72960067	0.5321260722025
5893	0.025320035	0.0822472671317157
5894	0.26540723	0.430962227236979
5895	0.086579788	0.104444998148246
5896	0.0734687	0.0814213683921296
5897	0.808187324	0.946995811317778
5898	0.03119025	0.175577028071368
5899	3.89780449	2.65158740840392
5900	0.28079807	0.506801061552564
5901	0.073823711	0.163284498280392
5902	0.128421316	0.149217361674242
5903	1.373939546	0.438357707481532
5904	0.9530846	1.16576072341622
5905	0.362369132	0.500979314957407
5906	0.091445482	0.518399619068627
5907	1.690334772	2.15014875040043
5908	0.099314351	0.13280529878881
5909	0.152895223	0.177827726692544
5910	0.280232602	0.659497385561382
5911	0.088566777	0.23555222685
5912	0.24098818	0.894896616324562
5913	0.150567943	0.178080639650521
5914	0.149265073	0.1530634541375
5915	0.135990329	0.23996932404246
5916	4.895127414	5.44157256133049
5917	2.346370684	0.958327099614386
5918	0.050836265	0.30790384465813
5919	0.039487757	0.0661399680018018
5920	0.109188545	0.182241599796354
5921	0.115534593	0.163774212334905
5922	0.502956987	0.942580494766406
5923	0.08663718	0.267705073127222
5924	0.135243612	0.184701355012222
5925	0.0251641106	0.220275525709211
5926	0.072614712	1.80272688446885
5927	0.051406076	0.202591396290952
5928	0.202268895	0.112255872207105
5929	0.307234656	0.454029794485898
5930	2.125978906	1.34354876049624
5931	0.058692288	0.082780619344086
5932	0.109550994	0.0801053632106838
5933	0.097888003	0.0975679570310606
5934	1.213707623	1.09502408523915
5935	0.044729176	0.23782167534531
5936	0.061068457	0.227659838379386
5937	0.106932231	0.357720003332292
5938	0.247909615	0.279483693388739
5939	0.039800838	0.129074527980894
5940	0.27816036	0.762232618743421
5941	0.052361321	0.0728807170545635
5942	0.158691486	0.12800437817263
5943	1.103367765	1.54078756226905
5944	0.147527877	0.186728206908527
5945	0.14585346	0.145648343248485
5946	0.053740347	0.127939343960175
5947	0.247177053	0.530634111735058
5948	0.087713487	0.160488461795935
5949	0.49504716	0.107900619637197
5950	0.04380475	0.126775032046847
5951	0.680980241	0.460150850393229
5952	2.306961467	1.4127828220235
5953	0.459665683	0.725607350201587
5954	0.097951682	0.100624474591919
5955	0.607792936	0.965831142500877
5956	0.564983285	1.00213583328475
5957	0.179428247	0.119016863761111
5958	0.109018136	0.144537944070833
5959	0.45875024	0.76368940116509
5960	0.0279752455	0.0779476874143104
5961	0.292594	0.150101567689024
5962	2.958148386	1.18786030740135
5963	1.26043875	1.01908222234632
5964	0.05191458	0.129187262952549
5965	0.501390964	0.738440842865721
5966	0.23267321	0.166654621103604
5967	0.09991348	0.116797110196711
5968	1.03891711	1.09091425533333
5969	0.602887549	1.57912355492647
5970	0.032197516	0.0541787560126126
5971	4.196951768	2.5687291795346
5972	0.10864021	0.234808152428889
5973	2.562573932	1.93937544942478
5974	0.066683142	0.0748145610518939
5975	0.717079937	0.616751039918554
5976	0.021171532	0.163661612284402
5977	0.387419315	0.574104753801905
5978	1.364036882	1.69639354579647
5979	0.184325713	0.676970286501667
5980	2.75631399	2.26211212041778
5981	0.55251315	0.460539425264103
5982	0.532529966	0.535968442407317
5983	0.17396475	0.14721263835812
5984	2.427249281	1.80052681372886
5985	0.067171671	0.106282638452991
5986	0.0184247655	0.199566161456176
5987	0.075941175	0.1439950182725
5988	0.263612579	0.973349610213964
5989	0.244257103	0.694173636329545
5990	1.348789168	0.953275549832187
5991	1.117795944	1.22474601670488
5992	0.619304881	0.52072561343172
5993	0.272717977	0.290975550755555
5994	0.17836828	0.189247568401802
5995	0.128353061	0.214187244154167
5996	0.065685464	0.543621691834375
5997	0.080364201	0.133342378961667
5998	0.14085184	0.234223244214646
5999	0.075440299	0.172214834900521
6000	0.060405966	0.147813973363333
6001	0.647464264	0.393665951162057
6002	1.776313853	1.70381591646838
6003	0.327157783	0.727064133719841
6004	0.115837824	0.16763230092
6005	0.280488016	0.686200855037037
6006	0.101161478	0.382582475290404
6007	2.486459556	2.32811665144683
6008	0.652709462	0.800458973970202
6009	0.030988943	0.125671769384551
6010	1.354246407	1.04767963361198
6011	0.77955015	0.552733735575758
6012	1.406609982	1.1408210054935
6013	0.12133501	0.138995845401429
6014	0.388565237	0.917100948974479
6015	0.083380099	0.142909350858333
6016	0.184735265	0.198142892222626
6017	0.106525042	0.436748478306579
6018	0.097929145	0.104708755355093
6019	0.14337608	0.119386899382407
6020	0.105064945	0.255917800851515
6021	0.075383939	0.05877525826125
6022	1.24345256	0.729811793328889
6023	2.993958096	1.77391653468915
6024	0.112866357	0.176787230243981
6025	0.23761622	0.637814997859804
6026	0.47071685	0.788415211486111
6027	0.104974916	0.143712513658188
6028	0.062263241	0.17432155919798
6029	1.044904453	0.752562524677419
6030	0.81435451	1.21908200528284
6031	0.163028106	0.052191403079065
6032	1.1449824	0.537812194893694
6033	0.080681525	0.138347998098095
6034	0.147873356	0.248443438388158
6035	0.141038377	0.215120311589333
6036	1.025673374	0.666569129717094
6037	0.108299676	0.167253235146748
6038	0.16816914	0.156686798508095
6039	0.69809584	1.27378304682281
6040	0.070916868	0.112364709992982
6041	0.485812803	0.329511656781721
6042	0.068360446	0.0636433980182829
6043	0.55464944	0.816482013237719
6044	0.053860794	0.460172408381183
6045	0.043558908	0.0966185946386752
6046	0.102111261	0.194245409028175
6047	1.59463337	0.868542639460257
6048	0.39076765	0.62708697429875
6049	0.063569611	0.159174525027651
6050	0.068889678	0.105375188194444
6051	0.57530347	0.14285617235049
6052	0.074913233	0.133181736747849
6053	0.140918374	1.50042919994792
6054	0.047176547	0.170728502338889
6055	0.089683688	0.245682569209048
6056	0.160354969	0.16128433832877
6057	0.069654671	0.162677536486667
6058	2.554153332	0.771875288322454
6059	0.323432722	0.415121908476882
6060	0.21342831	0.164342838769369
6061	0.69087247	0.989196751591667
6062	0.305230227	0.187107467430631
6063	0.065395145	0.149404535460648
6064	0.68811287	0.732659159318572
6065	0.020205277	0.0859027507135556
6066	0.107687015	0.107818082996341
6067	1.710440565	1.16011061573802
6068	0.146833859	0.148128828221667
6069	0.107027103	0.321056822364737
6070	0.736816305	1.70975917009069
6071	0.048890586	0.119561265992381
6072	6.71930406	3.26481205481845
6073	0.029525383	0.118031228397475
6074	0.083667325	0.241524894398374
6075	0.477947916	0.884481379143704
6076	0.094387732	0.128496040992963
6077	0.119726842	0.206552426416667
6078	0.069776269	0.0832497777139639
6079	0.061666828	0.398198173779825
6080	0.1639743	0.0454645887645463
6081	0.030341485	0.316422794278829
6082	0.042187841	0.0608199335362613
6083	0.17046764	0.354731892487037
6084	0.1665323	0.178826679159583
6085	0.099582603	0.226447152048781
6086	0.115277827	0.14230557228
6087	0.092691124	0.162757172482171
6088	0.036619353	0.161311335373077
6089	0.0139208905	0.0478666712255417
6090	3.695969971	3.3475852392506
6091	0.143690531	0.112652484563462
6092	1.63755522	1.27050334101325
6093	0.132873318	0.133466050770098
6094	0.84969405	0.684997233136923
6095	0.168093416	0.246600987773457
6096	0.304905029	0.361517724682051
6097	0.242528092	0.406017358302276
6098	1.48189945	0.83642256829375
6099	0.481222961	0.609572652205555
6100	0.025175551	0.144713664205357
6101	0.077717375	0.115092523281548
6102	0.031288743	0.0516021342048245
6103	0.07158785	0.160226869336487
6104	0.686390812	0.570360416527928
6105	0.034348441	0.0620546404531532
6106	0.231589112	0.096760174462027
6107	0.049233424	0.232140523722358
6108	0.168231715	0.366265782791975
6109	0.48687503	0.26356672680614
6110	0.027761668	0.0450384776325439
6111	0.13023389	0.668642357376744
6112	0.070847941	0.0708474226087963
6113	0.050564268	0.168549851483125
6114	0.074239756	0.123026346893056
6115	0.0854294	0.164982995133102
6116	0.048792385	0.346836489854546
6117	0.685763309	1.75911814535153
6118	0.164346825	0.154311417448611
6119	0.066450145	0.110146718072072
6120	0.133601777	0.116015880058333
6121	0.054801568	0.148293471466667
6122	0.119662066	0.63624372192931
6123	0.33250098	0.161332556907265
6124	0.630772618	0.656493038538739
6125	0.067766592	0.18361299904902
6126	0.112324787	0.16647141641375
6127	0.79949253	0.229448516182778
6128	0.20499316	0.132814068961404
6129	0.105382973	0.133730888560556
6130	0.423012586	0.44027038499899
6131	2.7867049105	2.59958822600917
6132	0.381567452	0.266072640424324
6133	0.055049228	0.0624406112988095
6134	0.10221322	0.1134296881375
6135	0.24735712	0.142897603554167
6136	1.169533237	0.206566902431019
6137	0.102322558	0.328147288562626
6138	0.80493646	0.411122876990784
6139	0.123120344	0.111489336402874
6140	0.05240004	0.0621715487195122
6141	0.194617423	0.490626407590789
6142	0.1703064	0.548886064182871
6143	0.097576117	0.151736791785648
6144	0.0926498	0.131293952559402
6145	0.2532457353	1.26196527109265
6146	0.172943927	0.160173420927238
6147	0.29528862	0.193828900538514
6148	1.810587961	0.626074933996847
6149	0.086742932	0.487596290599444
6150	0.028527691	0.165723831196631
6151	1.967527574	1.54301284573596
6152	0.050944469	0.138966273347436
6153	0.039765174	0.154298837082381
6154	0.05334205	0.127353758056202
6155	0.1134112535	0.101745292187607
6156	0.11172257	0.114004812340351
6157	0.060068278	0.109492770409649
6158	0.10577294	0.283592095440351
6159	0.452963695	0.286599355363441
6160	1.88795224	0.898775221126744
6161	1.705544448	0.876509249147043
6162	0.136055048	0.271840916768421
6163	0.309072184	0.476564458849537
6164	0.1136163223	0.0830872097557265
6165	0.117186008	0.68853469315625
6166	0.095499419	0.119985252923148
6167	4.17363684	3.72209522782763
6168	0.177778525	0.119775992718056
6169	0.128147099	0.0999476025763441
6170	0.18997514	0.121129010451351
6171	0.0164933188	0.0593125989143478
6172	0.741245795	1.19133779704899
6173	0.100904509	0.178790482251429
6174	0.06474326	0.0599656398818376
6175	2.063380628	1.74210165337586
6176	0.040863967	0.135597577720155
6177	0.061317651	0.288925059795402
6178	2.354621473	2.27201904209823
6179	0.091548608	0.389639953011444
6180	0.120409567	0.113707025746847
6181	0.37567198	0.176292730145667
6182	0.54982188	0.569899162570834
6183	1.1748203	1.56554672209785
6184	0.269528136	1.02496195536519
6185	0.039526149	0.0533061435714286
6186	0.11940274	0.174694192673016
6187	0.057753779	0.1652727719875
6188	0.1220321	0.126532818456373
6189	0.189025934	0.19644850616381
6190	0.15230311	0.306292082853889
6191	0.066803768	0.0978634645882353
6192	0.62514485	0.129789000819213
6193	0.038292589	0.366481201523809
6194	0.250845557	0.698472719142803
6195	0.071123436	0.0979262023242857
6196	0.040419877	0.089075234179386
6197	0.126098393	0.232483836326768
6198	0.22126999	0.207405347936198
6199	0.495489129	0.882203028958334
6200	0.72037174	0.761554107828922
6201	1.551859325	0.724188317566667
6202	0.328662102	0.177130885146847
6203	0.69775549	1.20997493846068
6204	0.09505647	0.450894577778788
6205	0.95832998	0.787262587575969
6206	0.797558783	0.43587540968172
6207	1.424212571	1.54928221158964
6208	0.525510102	0.879279275580108
6209	0.087210711	0.14055294202193
6210	0.59809786	0.447154153656667
6211	0.82851908	0.785518913846053
6212	0.125397131	0.0989190759425439
6213	0.10060746	0.073679433295
6214	1.009813634	0.722819845323246
6215	0.172737322	0.463459386386111
6216	0.053129703	0.0662939099825397
6217	0.84851165	0.390855365349187
6218	0.0239780233	0.0832945531806944
6219	0.087553362	0.116980141988288
6220	0.22392073	0.128597860455417
6221	0.57604982	0.737883787301587
6222	0.167943887	0.155002840216927
6223	0.091136156	0.414414734377928
6224	0.602711552	0.816592449586742
6225	0.0282940393	0.0570112812995161
6226	0.207446068	0.174984148479167
6227	0.060505627	0.118218802110256
6228	0.146043585	0.089866463050813
6229	0.090659142	0.217529202175225
6230	0.432041957	0.381964412654273
6231	0.161533743	0.107411261849537
6232	0.20921405	0.151826988528986
6233	0.071713916	0.701254293970727
6234	0.317212044	0.504697477624561
6235	2.034383149	0.267623108938291
6236	0.070787149	0.143346850608333
6237	0.131210463	0.280187335362941
6238	0.13698109	0.240548743275877
6239	0.355744374	0.657477149343452
6240	0.76310959	0.701457848686667
6241	0.041227252	0.36188198200969
6242	0.70880557	0.154252807731261
6243	0.265092754	0.162647697629048
6244	1.30484665	1.31224606932917
6245	0.04014426	0.0541436412346667
6246	0.039165795	0.139325402773704
6247	0.111415222	0.153628793889444
6248	0.774439013	0.436242745805556
6249	0.061661871	0.468723972541667
6250	4.531810545	3.45219780912598
6251	0.08016133	0.215555781136842
6252	0.057806636	0.0836600258666667
6253	0.161256363	0.151581160146396
6254	2.912888817	2.52733308331667
6255	0.082106506	0.581420284232558
6256	2.18046087	1.10014734540544
6257	0.473026797	0.485774022543333
6258	0.30639803	0.453653725183553
6259	0.078112917	0.67418290153981
6260	1.521612814	0.887189328705252
6261	0.118398754	0.157445065562403
6262	0.045168903	0.175218941186364
6263	0.025232389	0.0405607759722043
6264	0.16112918	0.198189792562195
6265	2.238590607	1.12615208044561
6266	1.205438968	0.821697276320667
6267	0.458402343	0.593214276975926
6268	0.045450175	0.13588114010881
6269	1.969688515	1.10658294493243
6270	1.489538107	0.724039063755953
6271	2.38212326	1.50929961190857
6272	1.480691145	0.726752740368651
6273	1.163744978	1.49749606760885
6274	0.152489201	0.138600188375556
6275	0.82436857	0.253276595416919
6276	0.0197583875	0.059765448491828
6277	1.1867528	0.288416032884649
6278	1.164668836	0.807942189230769
6279	0.031133279	0.104134479715248
6280	0.68461239	0.850611617069259
6281	0.571948678	0.935950181438796
6282	0.047618914	0.12364573972925
6283	0.55020185	0.316850722174324
6284	0.094029464	0.196442309980476
6285	0.075823115	0.80835782335787
6286	0.652609531	0.717970938403241
6287	0.40161969	0.528013735183839
6288	0.61184467	1.4384109923719
6289	0.105362214	0.169441323620833
6290	2.48355057	1.22197827760746
6291	0.075806653	0.0598094998278632
6292	1.375223808	2.16784810575476
6293	0.044905076	0.15028793135447
6294	0.045259912	0.212201567676875
6295	0.202856473	0.886768785439362
6296	0.198674361	0.778128025679167
6297	0.186730755	0.885570940229386
6298	0.025544989	0.075497160588125
6299	0.96217356	1.11854216320426
6300	0.056017323	0.164959996347968
6301	0.296500335	0.274058394192276
6302	0.37360149	0.183786306323577
6303	0.28950183	0.545578560586667
6304	0.062171184	0.138035037347549
6305	0.132264648	0.217432410088235
6306	0.11546452	0.197752530935586
6307	0.046954934	0.310792750202525
6308	3.130136221	3.26892908528218
6309	3.020019643	0.913953796211111
6310	0.050477415	0.35141418465386
6311	0.115972308	0.30492304775307
6312	0.043806205	0.176565274037179
6313	0.036948961	0.0656310744988095
6314	0.122721642	0.284147340542105
6315	0.092862161	0.393138374033796
6316	0.8056616	0.788914941097155
6317	0.931792435	0.453570126819792
6318	0.061882563	0.119139397024199
6319	0.478444639	0.238624357517105
6320	0.414464451	0.170664151498039
6321	0.0694656	0.11691510431864
6322	0.244880604	0.16580256853
6323	0.055886089	0.324112371726344
6324	0.591924131	0.348667846604902
6325	0.074171556	0.876041347026423
6326	0.980959114	1.09309183541111
6327	0.812907018	0.69617079581036
6328	0.026941048	0.0473608677170588
6329	0.303818274	0.185178668132269
6330	0.7420334	0.874053277624775
6331	0.623609626	0.912706875853604
6332	2.79144483	2.84668108552851
6333	0.0754134995	0.164991357338784
6334	2.819743	1.57264748419375
6335	2.3175510725	2.30686719294125
6336	0.320367332	0.452432184920833
6337	0.13246526	0.0962861322807017
6338	1.513105517	1.31445107778714
6339	1.025734584	0.334536704004924
6340	0.040817463	0.0909339288994253
6341	1.005224869	1.17265591523827
6342	0.09699454	0.16001263193547
6343	0.048251941	0.168621961725794
6344	0.346141013	0.152711681918333
6345	0.031725518	0.0833560794449561
6346	0.033896164	0.0436239188769355
6347	0.68203202	0.944096636947143
6348	0.032990925	0.407304478602632
6349	0.2120686	0.688796664177174
6350	0.98751359	0.725585006334344
6351	0.139274567	0.219994011548413
6352	3.016801337	1.6707816081919
6353	0.138028746	0.347341035675521
6354	0.729682913	0.501394321997101
6355	0.660743683	0.738467157831566
6356	1.60272591	2.14106555684706
6357	0.074629434	0.080697854553125
6358	0.082892789	0.160131497540952
6359	0.138008913	0.169019399673577
6360	2.560566324	2.71137415550616
6361	0.273941475	0.147830607088889
6362	0.391938242	0.153738832534829
6363	0.867664629	1.2987823957509
6364	0.090602748	0.19302874760202
6365	0.069136282	0.0628077080426357
6366	0.93584852	1.23003884355402
6367	0.173090756	0.183826635521667
6368	0.062397149	0.18355377757094
6369	0.35758023	0.190985720862626
6370	0.148029621	0.602235165611616
6371	0.688973346	1.21543091460614
6372	0.17704113	0.607636117886667
6373	0.307478042	0.218985545016414
6374	0.343419924	0.595621138648485
6375	0.526905336	0.425159932720952
6376	0.131066364	0.135933998303646
6377	0.081867496	0.113554168838235
6378	0.62845963	0.668110623220952
6379	0.2825995	1.09577005782325
6380	1.3879709	0.773602648279259
6381	0.211533416	0.209439531356863
6382	0.060368646	0.0657921380166667
6383	0.12241872	0.101787693542063
6384	0.246629626	0.424570841600901
6385	0.410440478	0.866619507247818
6386	2.516662354	2.62083505947879
6387	0.053957089	0.155136174718434
6388	0.041175705	0.101110701965504
6389	3.76874956	3.7899901525703
6390	0.102602398	0.18246551890303
6391	1.752937405	1.66109474806296
6392	0.17497623	0.184888386305151
6393	1.26860968	1.0387939487114
6394	1.3059839	0.724141097835926
6395	0.049786778	0.0801206113539899
6396	1.45964697	1.61301827927598
6397	0.47119592	0.74665070510122
6398	0.109541443	0.253451648288691
6399	0.267839548	0.649173999150252
6400	0.421839106	0.211048402369524
6401	0.137697876	0.0990343721123931
6402	2.292773847	0.878088136784409
6403	0.027899257	0.116486626575035
6404	0.10118034	0.128403598342983
6405	0.16430604	0.209445307332099
6406	0.126187897	0.16081983488062
6407	0.087536723	0.115670506116717
6408	0.04514856	0.0593549847327957
6409	0.20862379	0.107322211277083
6410	0.16372294	0.168771604869697
6411	0.0077567582	0.100788267390675
6412	0.313501585	0.132436755917157
6413	4.225456866	4.79555720781075
6414	0.102980346	0.949318248255417
6415	0.113413157	0.137804426048485
6416	0.896132714	0.818995602797674
6417	0.270361147	0.234425533070968
6418	0.132506374	0.114172545309524
6419	0.081351382	0.204862189733333
6420	0.19604652	0.169739476452632
6421	1.086817542	0.25586069723718
6422	0.806990731	0.884999241449479
6423	0.394821078	0.98097320487
6424	2.13354792	1.14064568488524
6425	0.743800335	0.27192435275463
6426	0.390344344	1.74665276850353
6427	1.218529852	1.31508660167432
6428	0.066738288	0.319335252628455
6429	0.077025294	0.0988412090080808
6430	1.6992349	1.4165717231401
6431	1.928229926	0.920166415210976
6432	0.313192003	0.797814266230417
6433	0.12411137	0.412085888505128
6434	0.16227507	0.186510641927419
6435	0.0339181575	0.235535632972745
6436	0.092165747	0.192059617552857
6437	0.648983855	0.487054114672349
6438	0.68119294	0.188823433773039
6439	0.37707283	0.217958910285
6440	0.084564034	0.376641571343243
6441	2.3616012	0.687541119158065
6442	0.614231767	0.599266193281373
6443	0.507701304	0.862289734367204
6444	0.069265627	0.164544953151754
6445	0.127608929	0.831781709989744
6446	1.62876062	2.77389118132554
6447	0.262504517	0.185474603945833
6448	1.58360094	1.36310802613976
6449	0.055851279	0.149452783076667
6450	0.047004592	0.112491540271491
6451	1.947917317	1.8274231867359
6452	0.137488434	0.111328166755039
6453	0.056985623	0.148707321700893
6454	0.459125515	0.755992956045714
6455	0.1302912	0.162234180821569
6456	0.243978334	1.0021152602781
6457	0.390620133	0.779437594157317
6458	0.081135053	0.0950736371473958
6459	0.120444673	0.158732885641441
6460	0.13623979	0.143513989245833
6461	0.22229264	1.03148518505573
6462	2.084084397	2.15423909252549
6463	0.074357584	0.0961250590892157
6464	0.030408008	0.121137445306944
6465	1.636151735	2.27480881929085
6466	0.70702319	0.667485747887083
6467	0.249142517	1.26954986170707
6468	0.1439159145	0.256248459095787
6469	0.20611773	0.457119910409314
6470	0.061202184	0.0675342368143678
6471	2.522080883	1.4560633872596
6472	0.130298371	0.125386950391667
6473	0.115869753	0.140423336482093
6474	1.067140653	0.600339678101755
6475	0.065774154	0.226201447082051
6476	1.767839664	2.42622076083824
6477	0.32483356	0.141367007983333
6478	0.110626818	0.224892865112162
6479	0.220241037	0.867877095202928
6480	1.207809124	1.74587280069556
6481	0.118936032	0.0986419216770833
6482	0.229091648	0.129774311792857
6483	0.31955097	1.2610819161348
6484	0.059695753	0.130785676614341
6485	0.066284224	0.541823034842529
6486	0.41175374	0.137877747111789
6487	0.043903497	0.0439626397401428
6488	1.006804857	0.922239777859596
6489	0.033655108	0.296870511634259
6490	0.252566612	0.376884626577252
6491	0.321629923	0.217834193093542
6492	0.11623545	0.122117281002632
6493	0.0106223202	0.0121879341316453
6494	0.04665521	0.102035292238889
6495	0.206807884	0.299702384051302
6496	0.037461808	0.714922677072222
6497	0.184133737	0.0957401911849524
6498	0.05626791	0.132252175052451
6499	0.138102315	0.123591285727381
6500	0.155039264	0.145750699942593
6501	1.55683488	0.526341602625
6502	0.263639004	1.03628466731216
6503	0.60823098	0.116520576643548
6504	0.029569557	0.0726050015814414
6505	0.08333897	0.148330224523504
6506	0.442831765	0.477997152280208
6507	0.095566008	0.12609184152069
6508	0.180044324	0.268202370944608
6509	0.494537844	0.202472772642424
6510	0.09545877	0.174961690935926
6511	0.484431015	0.775632193996032
6512	1.448400542	1.5885555528187
6513	0.061927663	0.196552217718571
6514	3.208276954	1.8791193758
6515	0.307005668	0.922114228528175
6516	0.30794453	0.131646526955729
6517	0.103691775	0.11552013353
6518	0.37096314	0.1583300631125
6519	0.178750472	0.229947250328788
6520	0.017234608	0.0404995071702905
6521	0.157055905	0.432156159819167
6522	0.040678165	0.182826718749167
6523	0.065024192	0.127368060921545
6524	1.48813416	0.974912855467442
6525	1.38746734	0.420229349462778
6526	0.079595234	0.39439286797598
6527	0.16509157	0.113573464585185
6528	0.053553724	0.170651157522482
6529	0.15058624	0.225959682440404
6530	0.055253403	0.0976465503168687
6531	0.042748175	0.380936608344643
6532	2.507903512	2.62531482577222
6533	0.038175908	0.0736529518720371
6534	0.10520478	0.242137045215789
6535	0.081410136	0.174554326675253
6536	0.99945823	1.01159519523739
6537	0.14334817	0.324537287470543
6538	0.805337829	0.600585207198958
6539	0.504120651	0.615567680487281
6540	3.092887633	1.69006513248131
6541	1.36046459	0.775498385245455
6542	0.073887145	0.185005845521377
6543	0.289282114	0.385612314652778
6544	0.737574292	0.830228835569697
6545	0.083521729	0.096533572475463
6546	0.717822726	0.790788642488889
6547	0.109729595	0.174981175320714
6548	0.198323138	0.305534592551515
6549	0.328778882	0.454518165886036
6550	5.311575834	5.03991103243333
6551	0.089421857	0.320115113589815
6552	1.06210232	2.04100472052094
6553	0.808584632	0.659279974010465
6554	0.670007303	0.255740810977381
6555	3.055553556	1.65082651904956
6556	0.044111153	0.121255876541111
6557	0.084157321	0.121893367893504
6558	1.110522814	0.776064945601219
6559	0.229575856	0.411277033679167
6560	0.11426559	0.127225598797297
6561	0.555771082	1.1070843890752
6562	0.69886055	0.334302583602315
6563	1.39454742	2.57838279410637
6564	0.377615818	0.661405440186711
6565	0.096890674	0.0861764088838542
6566	5.270499619	5.24101281393334
6567	0.82055346	0.830619476154256
6568	4.296688197	3.97997964305556
6569	0.343011144	0.853608020839333
6570	0.0411360735	0.0902838497162121
6571	1.983873675	1.95060211037546
6572	0.904762478	0.866278646440909
6573	0.25530449	0.434637297462143
6574	0.047107203	0.347228975548611
6575	0.087400086	0.208164440599495
6576	0.046364533	0.0858816807627193
6577	0.088442274	0.115862516918687
6578	0.046576185	0.091558190696453
6579	0.527847347	0.380261333235746
6580	0.255521896	0.443130369310833
6581	0.23093476	0.577486843234109
6582	0.141239439	0.428602325437778
6583	0.980230352	1.30431947666092
6584	3.26363991	2.63899461870046
6585	0.035285393	0.13346585073037
6586	0.21125722	0.153180623945045
6587	0.080711687	0.18377339680049
6588	0.1408596	0.138890361739048
6589	0.78988693	1.49272803967778
6590	0.085567413	0.202212609665219
6591	0.046318367	0.160003731023889
6592	0.0402001553	0.0156867364541897
6593	2.656848478	1.82343283904737
6594	0.436558707	0.613930098862719
6595	0.04738689	0.201730045607759
6596	0.077442289	0.443321100947549
6597	0.082953194	0.0728365236970834
6598	0.035795781	0.0484686179946759
6599	0.052014682	0.0822745941973684
6600	1.30897416	0.639269942123295
6601	0.5305993	0.804777541179167
6602	0.187231108	0.298567136759896
6603	1.75536972	1.75192061653676
6604	0.220247885	0.226562582686869
6605	0.125305802	0.110850220919048
6606	0.092584349	0.316819351362626
6607	2.227277125	1.88535876772267
6608	0.031542324	0.104938143498198
6609	1.427631227	0.882228890522727
6610	0.6345025	0.799380607665079
6611	0.0022724055	0.00381904395487143
6612	0.257337412	0.300327798856667
6613	2.670565946	2.33411006335469
6614	0.068739468	0.107722762483013
6615	0.128824495	0.663796978784815
6616	0.042945801	0.0812180971583333
6617	0.0263788184	0.671972386845588
6618	0.514512802	1.03864326475976
6619	1.050196867	0.953767883839431
6620	0.808221225	1.04523852997791
6621	0.156778492	0.209268558239683
6622	0.119793326	0.433909829897222
6623	0.101628602	0.107844471695714
6624	0.08720272	0.0998841793912037
6625	1.32151529	1.42951367333079
6626	0.115267802	0.110185028915104
6627	0.117440847	0.167648944253175
6628	0.10972304	0.12801030472093
6629	0.09778534	0.131119096304815
6630	1.494204416	1.65397272193919
6631	1.257673536	0.65862998308114
6632	0.076702993	0.263795559209596
6633	1.78923487	1.19264913180641
6634	0.325460655	0.160288899547619
6635	0.753314963	0.795309820002651
6636	1.936479936	1.99146090682421
6637	0.31103602	0.289020594405702
6638	0.051318547	0.0640054155406944
6639	0.1640917	0.21454237873114
6640	0.555805152	0.767259815428829
6641	0.119528734	0.295356736867117
6642	0.76742272	0.976876080321212
6643	0.191465544	0.0669474713022522
6644	0.27421149	1.25007446728198
6645	0.36465842	0.591568732221171
6646	0.092335815	0.139094277506977
6647	1.53461731	1.42568029416026
6648	0.927856836	0.672067591261261
6649	0.100630806	0.226045316660965
6650	0.599388063	0.939190095346666
6651	0.257633656	0.382200126201047
6652	3.195264727	2.52691915435792
6653	0.89098214	1.13837608408765
6654	0.068944158	0.132214320917157
6655	0.065194634	0.185057778867803
6656	0.121678725	0.334629260548559
6657	0.047177704	0.0724125273203125
6658	0.286910066	0.490062503642833
6659	0.17720877	0.201471091898649
6660	2.441602558	3.46180768026761
6661	0.265683732	0.374637187838131
6662	0.493637066	1.08438890445909
6663	0.135653898	0.164947702363889
6664	1.646978182	1.69516349877727
6665	0.045043938	0.13818108085
6666	0.274949804	0.772442237544074
6667	2.08957253	1.61030914962801
6668	0.086446675	0.258275148715152
6669	0.17681062	0.11860926847
6670	1.654996692	0.621925678608586
6671	0.18631107	0.50434116817027
6672	0.316065743	0.613812778817157
6673	0.040701915	0.693448386087387
6674	0.206727127	0.684797696765385
6675	0.082590718	0.082411028232381
6676	0.20570709	0.768170963242262
6677	0.033604081	0.261411443676111
6678	0.120536071	0.181443050829524
6679	0.15903454	0.239930482592361
6680	0.279910642	0.269735992029279
6681	0.076800472	0.0810142967922481
6682	0.050994013	0.526240910853764
6683	0.265989674	0.184891436435043
6684	0.09625056	0.167580761288726
6685	0.37946696	0.207573574659783
6686	0.231322529	0.538408344245122
6687	0.610280036	0.68847477858063
6688	3.294087161	2.62811137443018
6689	0.098999775	0.196941522963021
6690	3.41445728	1.28097281681798
6691	2.231027798	2.72404257332558
6692	3.106110347	1.18838402509359
6693	0.045590227	0.235232908855392
6694	0.156956746	0.573556182042754
6695	0.74847025	1.47993848977593
6696	1.06811355	1.12181315900088
6697	0.111225178	0.116438882975
6698	0.07389514	0.100920164860648
6699	0.27868487	0.212804888028646
6700	0.042124973	0.0811363729109524
6701	1.320176438	1.39603062671306
6702	0.085166931	0.330447960207407
6703	2.8735815	2.56670562866157
6704	0.28856009	0.645355438561616
6705	0.306362826	0.80036972318172
6706	0.00274828957	0.0160897957080897
6707	0.288216977	0.765953370386765
6708	0.43281371	0.951221545306666
6709	0.479882344	1.1026325528451
6710	0.420411183	0.81526422154697
6711	1.0389455	0.527298741262719
6712	0.103888309	0.253388278513596
6713	0.19570432	0.139093683068992
6714	0.134883524	0.19389626060307
6715	0.22425398	0.613702460638572
6716	0.142745196	0.167195754386869
6717	0.306187688	0.202955310542029
6718	1.03909201	1.75654008575209
6719	0.557134305	1.19825529518785
6720	0.080394119	0.176689062174419
6721	0.060148891	0.241534976400451
6722	0.146733566	0.0602063140060606
6723	2.550949676	1.18376110643718
6724	0.084200762	0.163654290428704
6725	1.005833127	0.901968805625641
6726	0.051847909	0.600616198981707
6727	0.256699893	0.166018087026316
6728	0.156878625	0.143511180807407
6729	1.285666055	1.23041748122745
6730	0.890613658	0.837748545492647
6731	0.522443094	0.559008590872727
6732	0.345943436	1.21597389299253
6733	0.062955528	0.144859019172222
6734	0.045285066	0.110866363605556
6735	3.317000381	2.78213013704841
6736	0.965517	0.420976848559314
6737	0.062504724	0.139159521852451
6738	0.145730175	0.154407321001562
6739	0.111635326	0.585134762379675
6740	0.13197693	0.0958615020481481
6741	0.54618223	0.151894642349802
6742	2.612749468	1.91973058319452
6743	0.07639692	0.147540582001075
6744	0.471930736	0.434850361426961
6745	0.426654711	0.628240240186842
6746	0.40367364	0.506596930978409
6747	0.215956541	0.440583988434615
6748	0.120165011	0.516857253949048
6749	0.892093667	0.422943384757527
6750	1.4335011	1.5784298592385
6751	1.22003929	1.3454256881
6752	0.110150874	0.172324771385294
6753	0.0361087355	0.0345542447755042
6754	0.4817298	0.967210921679878
6755	0.267949241	0.312553249532018
6756	0.132424574	0.123006018095946
6757	0.052023055	0.158524605553604
6758	0.093186412	0.0948169538301418
6759	0.059831674	0.0608861633227478
6760	0.196424625	0.600350944769584
6761	0.361117761	0.582570014558772
6762	0.112984524	0.14216939613287
6763	0.943718822	0.876875967522396
6764	0.809685884	2.18993989351944
6765	0.193592929	0.121691410593202
6766	3.25099168	0.537231635453876
6767	0.148746805	0.114930611123129
6768	3.28580739	2.68475112021473
6769	0.852550798	1.19867333076275
6770	0.497287747	0.172933273145833
6771	0.060040796	0.107970638278542
6772	0.63648119	0.552406622709314
6773	0.030603177	0.220662347044959
6774	0.16663435	0.15348851277037
6775	0.078456208	0.177650015324167
6776	0.057358622	0.108695784124823
6777	0.96469896	1.35060833238384
6778	0.077555568	0.323171908457619
6779	1.838361131	1.52088888434583
6780	0.301888647	0.371789779225252
6781	1.6236255	1.21031917144943
6782	0.11553782	0.15902619846129
6783	0.306837365	0.467542023456667
6784	0.602723464	0.791096991821111
6785	0.161395606	0.177563985243056
6786	0.51011476	0.282822077408081
6787	1.05737958	0.65152647050381
6788	0.072982125	0.0707388481988889
6789	0.206546897	0.217464715359028
6790	0.050517854	0.153040049105833
6791	0.605625403	1.06820287613205
6792	0.609123622	0.65488752091381
6793	0.917363043	0.544597337898649
6794	0.915233543	1.28836192915343
6795	0.796451268	1.94603143840565
6796	0.233170352	0.891191644106818
6797	0.151612104	0.195759476789535
6798	0.69950102	0.920110887220098
6799	0.159810903	0.131729453900219
6800	0.027607861	0.0604840842359127
6801	0.090576291	0.489845182074479
6802	0.11982752	0.144919947035294
6803	1.875616794	1.58238879354459
6804	0.14285997	0.158962605780952
6805	0.786029311	0.750476809952857
6806	0.420385947	2.00141790730909
6807	0.126898457	0.139175481401389
6808	5.361979828	3.44797895491302
6809	0.8778168	0.962465448647778
6810	0.069731092	0.126314777656222
6811	0.124624514	0.152588858766667
6812	0.043907044	0.0930472592819048
6813	0.769021217	1.38726337995025
6814	0.135148953	1.08846297614671
6815	0.306469308	0.145423578591912
6816	0.561527186	0.11794867003908
6817	0.12937174	0.267204143867442
6818	0.07608467	0.0963134371310811
6819	0.25353389	0.233036211983824
6820	0.26617295	0.280798072597685
6821	0.253926064	0.687340592005674
6822	0.05786352	0.10467527258375
6823	0.09678831	0.113955384075714
6824	0.23102346	1.07353198199615
6825	0.317747792	0.104363862886404
6826	0.06661207	0.0937256214605263
6827	1.460778956	1.08898119636828
6828	0.135474134	0.498471941570834
6829	0.543936089	1.11638450125909
6830	2.65525889	4.13436195775671
6831	2.263578921	3.04839854709347
6832	0.100091822	0.20857697705098
6833	0.16662331	0.301071444499275
6834	0.110630374	0.143100193216667
6835	0.054378806	0.101800417251667
6836	0.076401567	0.111415829239912
6837	0.035349172	0.226320001357323
6838	2.481722481	2.33569656257333
6839	0.599641336	0.802954245708333
6840	0.228611996	0.0962578238079167
6841	0.040684086	0.0873334945729167
6842	0.16060084	0.122072995752564
6843	5.00141739	4.59542602316847
6844	0.035863228	0.068544397055
6845	0.7107731	1.30867934990496
6846	0.5090645	1.35975343797296
6847	0.207067374	0.23891931872
6848	0.196232929	0.222598446701535
6849	0.101187641	0.166444122728241
6850	0.052355896	0.144414689151042
6851	0.74877987	0.783130449554167
6852	0.080312896	0.111273498424762
6853	1.1418589	0.545271998722523
6854	0.096243399	0.112830248678485
6855	0.141695599	0.253133984714062
6856	0.062525816	0.111006506615196
6857	0.658605727	0.820748029607292
6858	0.61818872	0.836587705463636
6859	0.147451349	0.155486411529167
6860	0.034665592	0.294246697765854
6861	0.094464728	0.14485217440812
6862	4.398682612	3.61942284617825
6863	0.534256997	0.83934061433642
6864	0.737257118	0.714206502048291
6865	0.895081075	0.147860828791057
6866	0.096627502	0.104300315785606
6867	0.039899068	0.103680840557813
6868	0.12563739	0.224776703184722
6869	0.25542738	0.218698531563008
6870	0.132703457	0.0925542941080808
6871	1.5006244	0.518740825343023
6872	0.23520439	0.164471543444542
6873	1.80667635	0.698684570940476
6874	0.144319547	0.720191659835632
6875	0.12595012	0.244573760158559
6876	0.115727556	0.1167031870525
6877	0.085371513	0.10264775010641
6878	1.44396594	1.65052403313833
6879	0.050307676	0.0834374007276768
6880	0.157599064	0.133835177668982
6881	0.044663192	0.0553259204900901
6882	2.644755587	2.61093830359889
6883	0.0120069145	0.163075063927941
6884	0.065965863	0.219613625851351
6885	0.073057628	0.0879014352011905
6886	0.06048467	0.0833767802776316
6887	0.084448859	0.113468997495238
6888	2.015899736	0.666772323715196
6889	0.068583324	0.121952744238462
6890	0.28838697	0.260479119708571
6891	0.044292419	0.0788822244981482
6892	0.073900442	0.164368026701626
6893	2.36195672	1.50433617748186
6894	1.55863474	1.61641855301215
6895	0.048278177	0.165583244231609
6896	0.138390837	0.123598945914865
6897	0.092472238	1.03828448322009
6898	0.056436939	0.0626401327683333
6899	0.04481663	0.0801413437017188
6900	0.86518022	0.557454202404301
6901	0.153024393	0.167138114434146
6902	0.153305482	0.148041138385057
6903	2.488478195	2.26288739236191
6904	1.489743558	0.738612703966667
6905	0.772077633	1.59555976056929
6906	0.040995048	0.154846962486458
6907	1.87310326	0.9557253000625
6908	0.112308815	0.445720906041135
6909	0.28425388	0.529809954895098
6910	0.173470871	0.818252531260938
6911	0.139802434	0.325593441406061
6912	0.894662749	0.360198731785714
6913	1.407522225	0.925017480210965
6914	0.034376367	0.0597061503363248
6915	0.023935388	0.0776934915046875
6916	0.059396898	0.0909878076952991
6917	0.868341171	0.72880808097529
6918	0.0338687935	0.437899814361354
6919	0.055234549	0.0699313713365854
6920	0.141867014	0.185726585975877
6921	0.187508384	0.130370706301282
6922	0.043342355	0.170448109696667
6923	0.136365857	0.109177992478042
6924	0.034847571	0.0652210537354386
6925	4.33201356	3.42693012686705
6926	0.641384356	0.725564874675
6927	0.19964489	0.118410590914683
6928	2.391027655	0.979431058832828
6929	0.52106893	0.213785047651149
6930	0.209984714	0.257425882410294
6931	0.196564433	0.282783091041447
6932	0.563290173	0.829637553210667
6933	0.147809278	0.467373297003571
6934	0.27631842	0.166504065954545
6935	0.08543813	0.491899716369907
6936	0.594370267	0.660494290056349
6937	0.074826859	0.878974797473148
6938	0.230363974	0.122236638185238
6939	0.066931581	0.112617583892735
6940	0.108009148	0.189260850853333
6941	0.188457232	0.155268173105172
6942	0.042965976	0.0691101766155303
6943	1.467861338	1.52248167099265
6944	1.070593628	0.722255655646354
6945	0.067172788	0.144710100227957
6946	0.057623256	0.855841226638571
6947	0.061189487	0.0811919884192963
6948	0.070567056	0.121675105317708
6949	0.25830741	0.164945677739035
6950	0.03440719	0.0940361162363333
6951	0.053271975	0.0744128271643411
6952	0.4902662	0.620583187093376
6953	0.980178666	1.54170973600405
6954	0.842766618	0.628916313884804
6955	1.396018548	0.942144956696099
6956	0.415954796	0.654210998554902
6957	0.089456037	0.195856800224775
6958	0.122145821	0.713280583307197
6959	0.067176307	0.424997968393254
6960	3.41705111	1.55939954692329
6961	0.06775162	0.0895289869130082
6962	0.275666214	0.617155330138971
6963	1.248667808	0.424263997244144
6964	4.15230991	4.75504169012206
6965	0.186264584	0.178507589911742
6966	1.341865213	0.649912500709583
6967	0.571061083	0.476620098691398
6968	0.787812468	0.986817350161309
6969	0.115775016	0.449359281013726
6970	0.32478187	0.637116500600451
6971	0.16308569	0.0493294259988889
6972	0.069228809	0.470584783800794
6973	0.53276831	0.299623317800882
6974	1.942053406	1.54953512224293
6975	0.636207096	0.520982887498851
6976	0.784292886	0.615050601299187
6977	0.290733404	0.13594707476
6978	0.064707968	0.353292663292624
6979	0.69207161	0.175607957532222
6980	0.040706574	0.105878987210392
6981	0.44374905	0.824516072353334
6982	0.135851361	0.118716409896053
6983	0.257354163	0.27446653957963
6984	0.2872983	0.478819554737778
6985	0.068122139	0.12431836804
6986	1.519576274	0.604539580495
6987	0.203665596	0.120587910838739
6988	0.067179656	0.517970485098264
6989	0.75802326	1.00849196102432
6990	0.021792363	0.0780675679383333
6991	0.478388515	0.916236566011789
6992	1.086419144	1.0942065129453
6993	0.061146909	0.139881831124031
6994	0.145109793	0.0845732068208334
6995	0.094944108	0.179517138345736
6996	1.479889958	0.228130440858333
6997	1.208645576	0.569735249703968
6998	0.79847289	0.944260901647807
6999	0.126828019	0.0937104496946581
7000	0.30982109	0.11784577020625
7001	0.032676775	0.115305866944646
7002	0.039263332	0.223668238820635
7003	0.093355952	0.11990026038114
7004	0.07107207	0.078873415646875
7005	0.053346837	0.147857160262542
7006	1.072249617	1.09728830680435
7007	1.702843401	2.1173074928865
7008	0.396063077	1.01762587101703
7009	0.070985963	0.102493740815198
7010	0.35013837	0.27480910977375
7011	0.08875566	0.145846700670528
7012	2.028664953	0.869809108348246
7013	0.055408103	0.0811577999678862
7014	1.072218744	0.534042295607143
7015	1.405487206	0.918111529149166
7016	0.066980421	0.104534414569722
7017	0.479458467	0.257767040728704
7018	2.6588422	2.40171086486214
7019	0.059469881	0.105458265749537
7020	0.0774021	0.449058699860952
7021	1.608926445	1.49399779673904
7022	0.661857864	1.67039029232867
7023	0.071715404	0.119361990197849
7024	1.022485616	1.1289042217873
7025	0.229171975	0.181468094548198
7026	0.768969892	1.65711643483167
7027	0.094800062	0.125373990497287
7028	0.26325935	0.624041970755406
7029	0.128826684	0.142013879703604
7030	0.0548021595	0.137226082725037
7031	0.856410432	0.701425652074123
7032	0.026998667	0.0742039715932843
7033	0.560695083	2.30901373993923
7034	0.150082504	0.244842564813675
7035	0.46080703	0.374452536097222
7036	0.19316049	0.209463125248958
7037	1.867341533	0.908958882887143
7038	0.132506664	0.151728597749495
7039	1.378804626	0.806508783687708
7040	2.181768567	1.56558200756063
7041	0.137555197	0.181608671782857
7042	1.04373647	0.985333398641176
7043	0.46518856	0.32754453214543
7044	0.63920571	0.545405436350952
7045	0.153228446	0.344303994810684
7046	2.041907693	2.54111516853718
7047	0.05381879	0.191178069399457
7048	0.065590635	0.1844809312625
7049	0.44525729	0.517960813444444
7050	0.320131618	0.179331915100754
7051	0.122002484	0.142817765116239
7052	1.285631285	1.51847433181198
7053	0.214480694	0.132208760394802
7054	0.125986417	0.1654293151625
7055	2.18667187	1.47503531742381
7056	0.053140616	0.426835937173874
7057	0.0638161768	0.215157595108182
7058	3.339761513	0.633132361732843
7059	0.465728705	1.24157139026607
7060	0.031617284	0.21285712067537
7061	0.092145561	0.317138349168651
7062	1.164877128	1.2401439686086
7063	0.061125126	0.617799664039189
7064	0.067573236	0.347269605068095
7065	2.059091205	1.47781745739325
7066	0.07277919	0.0543472671186992
7067	1.79625251	1.73258370300617
7068	0.40614637	0.269559050367222
7069	0.11559021	0.164322437224762
7070	0.382282285	1.24182946463504
7071	0.095780708	0.299833858822024
7072	0.045230315	0.256132072545185
7073	2.17829991	1.36663341320875
7074	0.140369284	0.419344147345098
7075	0.079600633	0.14482107313172
7076	0.098712613	0.104276473552688
7077	0.128926858	0.606603066417424
7078	2.033462483	1.1894812958179
7079	4.97448642	4.25153634540519
7080	1.878108501	2.08516792469658
7081	0.64767021	0.897136222495556
7082	0.046358736	0.0824897485042683
7083	0.051577593	0.10022437524375
7084	0.077131949	0.133224842312731
7085	0.21226704	0.359842221064942
7086	0.10766352	0.200849176421951
7087	0.184582113	1.59847690353456
7088	0.040460563	0.0954740785255208
7089	0.79951296	0.993382489153948
7090	0.143088662	0.196900609057237
7091	0.115126444	0.0878826873593137
7092	0.050734603	0.137288774608333
7093	0.368676788	0.376767502410526
7094	0.145609423	0.201424794838889
7095	0.19795752	0.311344402403659
7096	0.038066128	0.0583346849039683
7097	0.065354243	0.233172210813675
7098	0.41023578	0.570375659972059
7099	0.067939021	0.223167183489655
7100	0.095501135	0.270551865019753
7101	0.075967662	0.266125009845238
7102	0.65305785	0.150339907588158
7103	0.078051308	0.450655439942323
7104	0.15281067	0.0979569018047531
7105	0.032539034	0.0612595877335938
7106	0.231762653	0.503929736513889
7107	1.053385329	0.700502948457527
7108	0.128484464	0.288065784128704
7109	0.126986923	0.27476428069009
7110	0.14047078	0.515886832414524
7111	0.048852669	0.14482909285404
7112	2.092383265	2.68376218032018
7113	0.020115301	0.0497500375053226
7114	2.086184364	1.18186195714861
7115	0.062847803	0.1475910042625
7116	0.541393434	0.495396355794961
7117	4.902462843	5.55448865455591
7118	0.666993255	0.671674556405051
7119	0.050572818	0.285791095190278
7120	0.11159684	0.261213098673423
7121	0.068641038	0.225089702573118
7122	0.83226086	0.345310421631183
7123	0.039412027	0.0408223654259091
7124	0.071142218	0.217601361430556
7125	0.716834421	1.27908242819375
7126	0.169543965	0.126175755360569
7127	0.036943597	0.198127133599524
7128	0.051067039	0.156290170224444
7129	0.224734604	0.440089112880631
7130	0.44348812	0.237002660242424
7131	0.80304523	0.5926691418
7132	0.156402722	0.763522847738889
7133	0.120022472	0.136105330823039
7134	0.04214943	0.329624407402846
7135	0.633585778	0.314267267808854
7136	0.209116865	1.16452969506465
7137	0.090565747	0.307505538094309
7138	0.39121589	0.710219018550715
7139	0.141063985	0.181386574352713
7140	1.827141273	1.94455490183389
7141	1.101317353	1.13122036707581
7142	1.290040133	0.826069795876068
7143	0.046335898	0.13545566488287
7144	0.71957987	0.451900410323656
7145	1.287396753	0.487275483935238
7146	0.104651013	0.151315144650947
7147	0.17633672	0.198970756007353
7148	0.84527249	1.18620040537872
7149	0.245532558	0.306915410536667
7150	0.199322226	0.164497593999479
7151	0.29465487	0.32351052690099
7152	0.089423516	0.296943399907479
7153	0.071974624	0.945872969051068
7154	0.06524905	0.0932668706867647
7155	0.032200739	0.24695996132814
7156	3.16497099	1.25742729182613
7157	0.39203387	0.488417984221569
7158	0.052547243	0.103804929809649
7159	0.52978529	0.596253753839024
7160	2.012840498	2.55400402087796
7161	1.194971678	1.97564898384167
7162	0.76003672	0.469812012047619
7163	0.0180776715	0.116492701217236
7164	0.786769753	1.70192068123902
7165	0.07795112	0.0858728098848485
7166	0.517565987	0.379831095875
7167	0.5684171	0.333669100762857
7168	0.037436142	0.127530807661343
7169	0.205635986	0.152239378113426
7170	3.114454102	3.20786628649009
7171	0.72029109	0.980700103690774
7172	0.38279431	0.232550364459035
7173	0.111259128	0.162782498725397
7174	0.310679492	0.417135239941667
7175	0.038472498	0.170172363510714
7176	0.22344755	0.132552014201773
7177	0.031677628	0.0524463260369048
7178	1.875719443	1.86608810914701
7179	0.11320901	0.127086266444271
7180	0.51224192	0.897986721636325
7181	0.120793176	0.541005281788158
7182	0.038456802	0.184943674178014
7183	0.036759166	0.039409066016218
7184	0.543336445	0.636967496548438
7185	0.91971652	0.523539400431982
7186	2.26089595	1.97101598597828
7187	0.043154143	0.0640454437303922
7188	0.724941012	0.451482988539714
7189	0.087852773	0.195456177695238
7190	0.645159797	0.971558422025
7191	0.688732308	0.84007681128018
7192	0.093961317	0.121430791370417
7193	0.54096071	0.228571424212476
7194	0.108273905	0.189111693290909
7195	0.198499757	0.417088840103704
7196	1.888876794	1.00889864041275
7197	0.127965432	0.38891856243279
7198	0.2328485	0.181797787825397
7199	1.593150407	0.81227411169853
7200	0.25581018	0.636987973129412
7201	0.236278419	1.24315927554296
7202	0.114432712	0.288102466722523
7203	0.10196335	0.118801471486667
7204	0.11410697	0.204658853851852
7205	3.982748944	3.4923785305
7206	0.096079408	0.14086042950812
7207	2.484509303	0.999864278123246
7208	0.475960184	0.777196268425214
7209	1.165501493	1.18416979831175
7210	0.11216991	0.113352790618391
7211	0.059915422	0.0786673250465686
7212	0.464876822	0.84285359829
7213	0.182254893	0.157849971768519
7214	0.064715191	0.0565983031960417
7215	0.098568223	0.145816805584804
7216	1.143575554	0.433264597244333
7217	0.34642215	0.801212831295299
7218	0.400355235	0.780426799894737
7219	5.891694433	5.02813226044417
7220	0.108300572	0.192517085242402
7221	0.061803419	0.0985703278416667
7222	0.106665823	0.398286587927917
7223	0.08224572	0.0970877309425926
7224	0.609534534	0.382196377169512
7225	1.703421621	1.82715524132811
7226	4.744956998	5.10467367130976
7227	0.042201107	0.130928881736491
7228	0.041100644	0.135078673681373
7229	0.050078149	0.099836232
7230	0.054057311	0.192096405688384
7231	0.455675478	0.28308474093018
7232	0.067525951	0.138186110630556
7233	2.350009656	0.325246948672917
7234	0.455395984	0.663328585744274
7235	0.047437451	0.115659605449524
7236	4.726672024	4.60065006650523
7237	0.032976542	0.0459436243194624
7238	0.022967523	0.0905546285325397
7239	1.944541462	2.327862114207
7240	0.45448106	0.672299943318966
7241	0.139693465	0.170179607395614
7242	2.934844836	2.30233260215116
7243	0.240416983	0.216476745783333
7244	0.093574058	0.410124339891453
7245	0.639524176	0.781167420299132
7246	0.050289881	0.117345619453381
7247	0.277963066	0.384251413038
7248	0.217664417	0.417167747078333
7249	0.60478663	0.698938401276543
7250	0.28822626	0.233750100317731
7251	0.248374622	0.786606511615766
7252	0.070742248	0.410209036052033
7253	0.412885346	0.178569271866667
7254	0.0818390695	0.543939315572807
7255	4.003925097	3.07347704313243
7256	2.458624226	1.04622316343039
7257	0.064424381	0.282975416575238
7258	0.063111048	0.2141090452125
7259	0.972227203	0.417654763062121
7260	0.19519656	0.155606868692929
7261	0.069107961	0.395816431758333
7262	0.038342802	0.100967257568044
7263	0.249210112	0.516264272518628
7264	0.538350253	0.478348632251709
7265	0.335005765	0.233638588672222
7266	0.783957769	0.717679996878571
7267	0.263050446	0.423599397716892
7268	3.303918885	2.80392806128455
7269	1.58661523	0.612655770901429
7270	0.22366281	0.146332065561667
7271	0.042612633	0.102027269366176
7272	2.157247652	1.4487089419
7273	5.21032095	4.73201886161991
7274	0.18285047	0.402375358789444
7275	0.536250348	1.06263408294837
7276	0.294114193	0.65899180766
7277	0.045689006	0.147372904861389
7278	0.219124217	0.0747872939750725
7279	0.061286724	0.126364739316667
7280	1.45607748	0.596078989708333
7281	0.04161001	0.102557866187607
7282	0.032872772	0.0851587012278455
7283	0.393614313	0.902275768008108
7284	0.076071724	0.0547810369042857
7285	0.106884878	0.131624201365686
7286	0.149237104	0.162666962528889
7287	0.279194597	0.905175350904375
7288	0.022820694	0.0459999713380488
7289	0.085742769	0.437157023191071
7290	0.145187422	0.602401318350287
7291	3.198086572	2.80612826153226
7292	0.212692014	0.311643385497143
7293	0.26244962	0.506444027615351
7294	0.047551058	0.134985583599524
7295	0.08466569	0.108966812765041
7296	0.159190425	0.32936732860873
7297	0.308879457	0.843805790579827
7298	0.083402897	0.100571780827604
7299	0.12394027	0.158240849289677
7300	3.273799885	1.63214767123527
7301	0.148482412	0.128886479362821
7302	0.72578728	0.966831335113542
7303	0.33648807	0.385065607591935
7304	0.663054083	1.51414974269981
7305	0.132699863	0.101922501965185
7306	4.27259545	2.3489153610825
7307	0.573600184	0.435873126372794
7308	0.171601953	0.137030629271795
7309	1.114787104	1.1334592536151
7310	1.54335184	1.12327788727299
7311	0.176466644	0.146788448988556
7312	0.81916991	0.147441534103472
7313	0.038201712	0.164646766832407
7314	0.060238756	0.13941362316534
7315	0.100025835	0.118578260082883
7316	0.057162982	0.0723324625474207
7317	0.146978084	0.107261779694608
7318	0.210930563	0.117453630609038
7319	0.079775454	0.171732385503153
7320	0.008733113	0.0257791232810095
7321	0.0030260958	0.271771494923457
7322	0.051737697	0.425444269748571
7323	0.1046818016	0.123053920922074
7324	2.407706277	1.94493695863114
7325	0.891392095	1.26401647251197
7326	0.037829671	0.170767721453535
7327	0.07923122	0.107556457461569
7328	0.063813699	0.17489555319079
7329	0.167927802	0.123478881098423
7330	0.862513052	1.13544289343693
7331	0.062838397	0.518807732545238
7332	0.0634211393	0.083349998426129
7333	0.203147815	0.181601166382883
7334	0.104350254	0.194492218465
7335	0.32947054	0.126024436093411
7336	5.64495964	5.02058349050684
7337	0.341610127	0.557518540036752
7338	0.372155502	0.820531389071354
7339	0.765098959	1.13518359276865
7340	0.081295573	0.293551533616204
7341	0.13674582	0.175206241179316
7342	0.651979963	0.996623070531197
7343	0.035122151	0.056160659228125
7344	0.178893036	0.2040201919125
7345	0.035797381	0.122180604354598
7346	0.89061768	0.227413424403604
7347	0.98159872	0.594843028969298
7348	0.075577632	0.0840610817445834
7349	0.1334433	0.289173592735294
7350	0.16782876	0.127872627369192
7351	0.167339855	0.247765638933908
7352	3.87145032	3.97286764774667
7353	0.125009743	0.222319495799561
7354	0.40459191	0.211633637876042
7355	0.09272284	0.182636664702991
7356	0.057819685	0.0801266330410853
7357	0.048592792	0.218130224574333
7358	0.095301228	0.117902426254701
7359	0.06656995	0.129922633478947
7360	0.0383966044	0.0912204787264444
7361	0.040542215	0.182150348571795
7362	0.42827809	0.216676311359314
7363	0.108781976	0.239151062766667
7364	0.163471074	0.278965357272414
7365	0.11387616	0.110253449068238
7366	1.0416349965	0.550333906739333
7367	0.825770556	0.587312436754687
7368	1.0036591185	1.97212706352937
7369	0.354377024	0.48480547075
7370	0.210893323	0.237185633658824
7371	2.0971567	0.670062353339286
7372	0.13764353	0.185403641139167
7373	0.05983645	0.0860711385632576
7374	2.282525378	1.3802034599519
7375	0.074183077	0.0884577993053922
7376	0.7196438355	0.774681517454167
7377	0.083481525	0.112830595727941
7378	0.060347175	0.0675634400211712
7379	0.06554305	0.237459354656481
7380	0.111447753	0.136864649528632
7381	0.087523507	0.666125487011574
7382	0.65892826	1.38288081201752
7383	0.31718249	0.577146752688288
7384	0.043521091	0.115697245917204
7385	0.620018706	0.601377462548095
7386	0.060728779	0.105928004185699
7387	2.808523704	1.31121539688988
7388	0.111533527	0.210125420415625
7389	0.088837929	0.235382565001667
7390	0.29580524	0.183816503426471
7391	0.679676931	0.876857383214583
7392	0.074721434	0.198093180667549
7393	0.074443519	0.180114833110833
7394	0.53089743	0.518929523753432
7395	0.027763589	0.136354253491324
7396	0.113341537	0.17448748097094
7397	0.39055034	0.952832177515789
7398	0.444351365	0.782455182910272
7399	0.305932868	0.352790682698684
7400	0.579128205	1.10769153751589
7401	0.16860161	0.227556990323333
7402	0.688988458	1.46428706864293
7403	0.108354932	0.177533656217276
7404	0.488766052	0.881923643614048
7405	0.316091705	0.759545724681429
7406	0.06554615	0.137651814623095
7407	0.053826602	0.150508989000901
7408	0.385495285	0.663025710972135
7409	0.902626572	1.81265096242857
7410	0.156095794	0.157251739369298
7411	2.681820272	3.11885417394792
7412	0.090928692	0.0869404224829546
7413	0.49017524	0.22362313566381
7414	0.44088955	0.350391334861789
7415	2.583340947	0.314275647411191
7416	2.460079158	2.24351220679074
7417	0.086830458	0.448443595227222
7418	0.08799043	0.126915830715833
7419	0.086305283	0.374659696070988
7420	0.61698896	0.20296255004312
7421	0.5169768	0.954533603436364
7422	0.12304352	0.2819423443625
7423	0.144272545	0.475834527872619
7424	0.190973813	0.416121856100877
7425	2.04189137	1.7045651910915
7426	0.426961514	0.231067327407778
7427	0.077095542	0.161607947681183
7428	0.0450849353	0.0714877421037619
7429	0.155306462	0.271781212967544
7430	2.472958671	2.31769463216329
7431	0.094341494	0.259577426185648
7432	0.190002506	0.117066990035088
7433	0.536804121	1.40424641845417
7434	0.207111153	0.116378185236325
7435	1.21494535	0.892944255020417
7436	1.345232327	0.995180531187606
7437	0.13390337	0.253972543420614
7438	0.940215147	0.97672644280875
7439	0.22022161	0.210171222326471
7440	0.081834782	0.147808523221318
7441	0.060630177	0.049334045528381
7442	0.12248523	0.111151380348958
7443	0.149003858	0.289775848124167
7444	0.066834267	0.114523077076042
7445	3.484589505	3.16772525004271
7446	0.064840655	0.118700764656349
7447	1.110034332	0.750336267253333
7448	0.119944621	0.20308424372875
7449	0.131278866	0.146043128691304
7450	0.12997239	0.519852316875794
7451	0.178099846	0.1880837317
7452	0.204868265	0.227131058151429
7453	0.084318832	0.12763782117399
7454	0.088964622	0.607577910426282
7455	0.866836592	1.28063664147254
7456	0.0490196586	0.0758827475552632
7457	0.094688312	0.115887735210085
7458	2.01444866	3.54378981460976
7459	0.0427151145	0.0965791769964958
7460	0.128667113	0.346586999524324
7461	0.38084628	0.378199722752451
7462	0.75586575	0.142635087917708
7463	0.589864213	0.858866190263875
7464	1.63888671	1.56737298177037
7465	0.096292824	0.304896592117593
7466	0.10026645	0.1133492105625
7467	3.722679426	3.1001920064213
7468	0.28371451	0.193341714795098
7469	0.31145683	0.427177822317448
7470	0.583261366	0.225155024791288
7471	0.537840783	0.550687107805145
7472	0.051995842	0.0870035493921769
7473	0.123833208	0.104943116455
7474	0.049273333	0.177656425739583
7475	0.034643716	0.0728234164630208
7476	0.132692876	0.312733035473737
7477	0.370131028	0.819618257608547
7478	0.236605324	0.333913382776389
7479	0.108480575	0.124435562826471
7480	0.033669521	0.400013977946667
7481	0.054368851	0.0916616198977778
7482	1.80360891	1.18255016371381
7483	0.148506123	0.173976846034762
7484	1.37748329	1.00313087453143
7485	0.060119252	0.112803960390079
7486	0.094260407	0.123733020441381
7487	0.087047216	0.146165607061261
7488	0.103088364	0.20087062816748
7489	0.033634346	0.0637352317780303
7490	0.20103194	0.10769666009955
7491	1.331267544	1.60079066047254
7492	1.630471323	1.22136024886989
7493	0.153182936	0.263842322645362
7494	0.149547849	0.142941253504167
7495	0.090123914	0.408953295223656
7496	0.222208556	0.0862667302662037
7497	0.072603973	0.302100088217568
7498	0.53113669	0.24920874197906
7499	0.020828231	0.362620303486191
7500	0.26027706	0.241302751819048
7501	0.299549505	0.332414375927451
7502	0.055922151	0.0910247687291667
7503	0.066071533	0.254999516393518
7504	0.269776146	0.198700684602917
7505	3.262693138	2.60057703808901
7506	0.30775514	0.519964913688384
7507	0.218954093	0.677866607013415
7508	1.317657767	0.612286113218376
7509	1.12872737	0.929929632594286
7510	0.0299979568	0.0501168093040569
7511	0.15476167	0.108140471782857
7512	2.051640054	2.77058677078854
7513	0.98309112	1.16601048014667
7514	3.266990409	1.56866616347308
7515	0.149682843	0.386316039381707
7516	1.887867931	0.687567064616667
7517	0.073144849	0.142319061587015
7518	0.051547781	0.15685153127298
7519	4.99865013	4.60875645851442
7520	0.093453456	0.173010367297037
7521	0.29016324	0.379342570437222
7522	1.57364467	1.39196518414775
7523	0.336595211	0.562694249701828
7524	0.89319216	0.796620094582051
7525	0.042211222	0.110807728330208
7526	0.107040148	0.78853755413
7527	1.633285244	1.67564928495667
7528	0.134284085	0.188608701867083
7529	0.10309189	0.224614317580637
7530	0.196805855	0.383516220729545
7531	0.32903818	0.154780245094054
7532	0.077736456	0.335237412493548
7533	0.066611935	0.1538195348
7534	1.48181095	0.348223497643333
7535	0.10966553	0.0937723681085586
7536	0.116543094	0.202880588462597
7537	1.0271533	1.06128752483175
7538	0.10104296	0.494593382675
7539	0.49036205	1.15501885270147
7540	0.139095062	0.131730282953958
7541	0.783201362	1.11162251552197
7542	0.981158384	0.882277263578704
7543	0.46306127	0.665929167426754
7544	2.529813693	0.85147143441875
7545	0.53942737	0.730629179854321
7546	0.082500783	0.168030710971078
7547	0.060062803	0.393438288464286
7548	0.037590658	0.123666551644542
7549	1.349175754	1.03776002635853
7550	1.121928294	1.01886396933198
7551	0.090990575	0.118875511734042
7552	0.018370065	0.0995843991117647
7553	1.017066923	1.07658979108492
7554	0.047532225	0.16728182906619
7555	0.062227508	0.164521321162963
7556	0.11203216	0.183608997401961
7557	1.2400829	0.853739149091288
7558	0.111098285	0.67474618737072
7559	0.079298082	0.111333968015812
7560	0.735803288	1.87207190257613
7561	1.468965078	1.81768598221952
7562	0.062886665	0.19027614818381
7563	1.29644746	0.305308161415315
7564	0.175352171	0.228372140426111
7565	1.988451492	1.18496207713477
7566	1.352429627	2.30132842731216
7567	0.442010258	0.635840370255263
7568	0.284884966	0.0961060832055556
7569	0.213126673	0.376821510336207
7570	1.39769767	0.776104236140541
7571	0.308151782	0.338609812444907
7572	0.20313249	0.244658106354445
7573	1.238225357	0.770074592962593
7574	5.088043547	5.29271623761079
7575	0.07520122	0.254344042176786
7576	0.923054548	0.887797003912311
7577	0.270239658	0.1624114995795
7578	0.312753916	0.220134195630108
7579	0.062617062	0.100040211503763
7580	0.242015912	0.201933624537222
7581	0.729014127	1.10081165564612
7582	0.239114154	0.236680350860811
7583	0.138742524	0.135512838509459
7584	0.136406655	0.249742374999583
7585	4.055655737	3.24930150602244
7586	0.034746062	0.0307978602475439
7587	0.085504747	0.279871588251709
7588	5.401886334	4.6377944231
7589	1.834898133	1.80420290512393
7590	0.40220527	0.12987152603588
7591	0.092773566	0.329064768442886
7592	0.978886239	0.632254042491304
7593	0.049260333	0.272324434536036
7594	0.130518712	0.364457089223423
7595	1.02790703	1.0328236357214
7596	0.075314093	0.246156468335354
7597	0.05780963	0.138216393411667
7598	0.780731949	0.860328533746111
7599	0.94226092	1.20986425818235
7600	0.057655003	0.100984105230808
7601	0.070359655	0.315638353265432
7602	0.087327584	0.371547573108784
7603	0.056726923	0.219194312566667
7604	0.040254602	0.0921976373073148
7605	0.090248555	0.0899611064888889
7606	0.568899247	1.26940333666773
7607	0.09498357	0.302908637909286
7608	0.151048764	0.193686720624242
7609	0.174980858	0.134239431273958
7610	0.781981464	1.28626032354841
7611	0.390386978	0.721386408413889
7612	1.901537024	0.889520001732222
7613	1.32996204	0.616934223462719
7614	5.193128648	3.59241137882018
7615	0.139235857	0.130263100910088
7616	1.497894301	1.36918057118434
7617	0.270117802	0.348059631232407
7618	0.04377657	0.114165735410637
7619	0.134021166	0.497829088053604
7620	0.032638354	0.501970518929279
7621	0.035319679	0.0548813285208333
7622	0.063516809	0.157735392198062
7623	0.614345033	0.723412252433784
7624	0.123527058	0.210707671507031
7625	0.241862755	0.59892604240307
7626	0.109670785	0.199392744526437
7627	0.147756492	0.411580503903659
7628	0.103941692	0.688760899679798
7629	0.251819561	0.40509775194321
7630	0.35129264	0.770295151258095
7631	0.16491913	0.9033895044025
7632	0.24842444	0.673250366542276
7633	0.039944958	0.130370214784756
7634	0.1238546835	1.41470766409134
7635	0.225780194	0.602488737307955
7636	0.127646844	0.398003680031061
7637	0.11180415	0.0773168152227477
7638	0.072910611	0.277743811197748
7639	1.741759509	1.2264877990631
7640	0.73024416	0.8801284442
7641	0.156266617	0.0859943734239899
7642	0.30670015	0.246276563083823
7643	2.41154946	1.5669322673886
7644	0.113611955	0.292641974513542
7645	0.107472065	0.102309491289333
7646	0.065932799	0.0980678775120952
7647	0.13401178	0.147615880660526
7648	0.68013681	0.621605487147968
7649	0.047225574	0.0695631903299243
7650	0.058496371	0.105526188464352
7651	1.517655357	0.686465685947905
7652	0.367281099	0.454473080701235
7653	0.22182399	0.525371944485714
7654	0.214754425	0.381736280715476
7655	0.071926866	0.243248886758088
7656	0.03632193	0.128259446202798
7657	0.638369734	0.640651863049048
7658	0.799159052	0.851824723307796
7659	0.11900496	0.162710425843333
7660	0.040074847	0.143355362356313
7661	1.370332924	1.87369655794676
7662	0.069269925	0.103770893505093
7663	0.11269242	0.137665687059325
7664	0.956341225	0.631543009101786
7665	0.074961618	0.146916706930324
7666	2.85743732	1.27941660635203
7667	0.68343039	0.450574846207265
7668	0.125313866	0.0925559852820513
7669	0.29362473	0.194116293754762
7670	0.150502178	0.160154243049306
7671	0.046131698	0.4044988845125
7672	1.38635309	0.73250263028
7673	1.96174215	2.01516276347273
7674	0.066892448	0.258189684820977
7675	0.108432434	0.215743953236036
7676	1.886151815	2.04901485638137
7677	0.13997814	0.62496248221938
7678	1.513068881	2.34110445768072
7679	1.45417733	0.178338844211966
7680	0.116161605	0.194994191839192
7681	0.26228155	0.147115185025463
7682	1.529532932	1.0805661627782
7683	0.54434036	0.15228428825614
7684	0.115098034	0.156085396455159
7685	0.3970795	0.639692537497222
7686	0.081995376	0.0677791246102941
7687	0.23033795	0.557288757614583
7688	0.881484639	1.3736227725027
7689	0.31562542	0.26202673290625
7690	0.081012452	0.0656324772130081
7691	0.441504442	0.712448708959127
7692	0.058601124	0.172075636105556
7693	0.491045778	1.60945829599322
7694	0.073172652	0.101225846568095
7695	0.070730113	0.101060784902482
7696	0.256350026	0.215503795736228
7697	0.33378219	0.212435859237143
7698	0.810291744	0.919484739822481
7699	0.204915308	0.290954419456757
7700	0.097392028	0.097277070116
7701	1.619496706	1.35078978201825
7702	0.021002137	0.641644952147361
7703	0.069385665	0.111273213522222
7704	0.063693441	0.0880522966657658
7705	1.649630393	1.46072123548619
7706	0.576671084	0.508333272284234
7707	0.068200295	0.105949584869792
7708	2.56281633	3.3016960715652
7709	0.048945523	0.0834552699157407
7710	0.41415386	0.182274207203509
7711	2.602977526	2.92004044015417
7712	0.207405312	0.282934695840686
7713	4.01114938	3.8126050050901
7714	0.051929374	0.0964179435313725
7715	0.065929748	0.136943563745062
7716	0.182723877	0.124866281694148
7717	0.79293161	0.337448522351191
7718	0.101121742	0.121255405262162
7719	1.02044693	1.01939590793
7720	0.078150955	0.336746729058046
7721	0.073580647	0.101430373332292
7722	0.060593935	0.0734955006888889
7723	0.298658136	0.330853730995977
7724	2.1811969	2.51163331806625
7725	0.0074837647	0.0381804210635926
7726	2.8872208	1.25685477560386
7727	0.112959846	0.17424345382807
7728	0.05843496	0.126974971686869
7729	0.779548826	0.941145725309127
7730	0.133790032	0.192850408058796
7731	0.115544092	0.225780118294286
7732	0.122825313	0.200883468574762
7733	0.606351682	0.749820176968726
7734	0.102883991	0.231061709164216
7735	0.381036518	0.426490917796053
7736	0.27877919	0.594643142591473
7737	0.0258087646	0.0435523487301852
7738	1.648207493	0.707335903194737
7739	1.701634093	2.33923211077024
7740	2.958265635	1.82843011643952
7741	0.269110896	0.152377756165351
7742	0.345532848	0.327663773867778
7743	0.04897319	0.382107647989414
7744	0.28935264	0.121238040259375
7745	0.081352886	0.136966908438384
7746	0.049648205	0.0953428986157658
7747	0.801290432	0.696838245526852
7748	0.022409644	0.121629723541146
7749	1.077775286	1.36942551413512
7750	0.058443884	0.134109723019271
7751	0.617411465	0.699080712660163
7752	0.073871039	0.163502953323864
7753	0.058579996	0.167501211357778
7754	0.303953674	0.191784999436364
7755	0.51296372	2.42877373091505
7756	0.22818534	0.493416782423148
7757	0.23601245	1.07441529969976
7758	0.052336639	0.0779344444440171
7759	1.058892993	1.22350212771944
7760	0.043948108	0.0792414405361905
7761	0.544999268	0.1079216267125
7762	0.687655	0.686248287568333
7763	0.08067332	0.117046985321015
7764	0.64293046	0.815280980885417
7765	0.76815069	0.720919222721053
7766	0.0249513413	0.0372970494296022
7767	0.859894896	0.44564018583642
7768	0.23606975	0.486655122303764
7769	0.080016736	0.141596557972
7770	0.079780265	0.489210788289474
7771	0.210081028	0.241948982600952
7772	0.45691585	0.557832378625758
7773	0.059649514	0.155993445073232
7774	0.5122581	0.656042269208667
7775	0.059799496	0.483672655541936
7776	0.25620803	0.347041312624286
7777	0.24719382	0.235635283175556
7778	0.023038234	0.0629680671659919
7779	1.805528745	2.09288872710833
7780	0.036516376	0.0598597487703175
7781	0.462140594	1.37418516546992
7782	0.571147866	0.472985545146111
7783	0.37643641	0.218416448882828
7784	0.17051329	0.4072871375
7785	0.394257338	0.701648870621429
7786	0.168965422	0.178966038286538
7787	0.24349412	0.121941301498391
7788	0.053586319	0.071956007525
7789	0.146022818	0.169245976330108
7790	0.070214076	0.366361781065766
7791	0.953494882	1.12632503100714
7792	0.75898728	0.520685074342381
7793	2.186005986	2.97002052625588
7794	0.0529071575	0.303654620131982
7795	0.057559024	0.444933744245877
7796	0.198812208	0.176534008247167
7797	2.810719328	0.50117728452906
7798	0.39403237	0.689422603038095
7799	5.09035361	4.91454564860271
7800	0.09422498	0.224091798472222
7801	0.249288751	0.288440896591844
7802	1.176715977	2.05892530215307
7803	0.741173616	0.565473709149593
7804	0.13462016	0.161590015209756
7805	0.161454838	0.171760020095176
7806	0.062980285	0.166231939205208
7807	0.251649893	0.158513321631783
7808	0.388737283	0.56748680761386
7809	0.199763412	0.124365291649537
7810	0.095996093	0.626181389386792
7811	0.016893537	0.0487207829985556
7812	1.584529412	0.31159838291565
7813	0.08182618	0.0818197032652778
7814	0.753383027	0.792012459000379
7815	0.520015311	0.880593266652874
7816	1.364164517	1.69097877170897
7817	0.211183286	0.158550263908889
7818	0.80257415	0.614721921795238
7819	0.389232664	0.831548672050586
7820	0.065103674	0.0780569499593138
7821	0.025206136	0.245754597836574
7822	0.067586626	0.107828551332738
7823	0.39756011	1.48907970602691
7824	1.85138536	1.30039759023313
7825	0.155213377	0.728068727545833
7826	0.159059478	0.424474067735318
7827	0.095417704	0.271795557265707
7828	0.061209835	0.0582657507416667
7829	0.25921087	0.154899887395935
7830	0.247810342	0.462816351661333
7831	1.159370317	1.52450513952358
7832	1.275349482	1.06493294492634
7833	0.093217138	0.114305631861111
7834	0.813161763	1.05719253256131
7835	0.093792445	0.0530566890433333
7836	0.65435327	0.681818352751984
7837	0.876919106	0.447007050872917
7838	0.073330282	0.115605707832407
7839	0.059039325	0.272042694174781
7840	0.195397295	0.232094217145784
7841	1.531983749	0.370167942007432
7842	1.938577617	1.8906429573629
7843	0.053675433	0.0665843336707576
7844	0.03853427	0.125861170299031
7845	0.094964566	0.0868103871792793
7846	0.552907186	1.38938838910325
7847	0.1072718	0.751131763445371
7848	0.092512208	0.154660501551709
7849	1.747171483	0.909772412204167
7850	0.060683754	0.239761718853101
7851	0.671217734	0.725452098684946
7852	0.08383416	0.144100528955
7853	0.065389257	0.164128725869106
7854	0.082421163	0.124462499416279
7855	3.20700204	2.70491657429123
7856	0.20721122	0.317776157391398
7857	0.924020097	0.654112589123118
7858	1.89124346	1.53717485794762
7859	0.151517931	0.56001734797
7860	3.069973817	2.49573818814781
7861	0.21957851	0.463031844169961
7862	0.128294104	0.179030382716667
7863	0.47641761	0.848915467325568
7864	0.325479621	0.925093303587356
7865	0.092209586	0.159900555076563
7866	0.105464142	0.178167168062857
7867	2.863415755	1.1763269138318
7868	0.929876413	0.446055929543229
7869	0.488574303	0.466581064871795
7870	0.18268899	0.16436822064213
7871	0.099535983	0.103992550885417
7872	0.245214644	0.894688171476496
7873	0.768948955	0.999866287935714
7874	0.141294067	0.144550891116216
7875	0.498763688	0.692233870858796
7876	0.078146817	0.117327604110811
7877	0.191414581	0.96032817203617
7878	0.14201059	0.128472306146154
7879	0.543711857	0.815663846740932
7880	1.653637083	2.12786098069786
7881	0.06533651	0.303902052764087
7882	0.123825828	0.556794290944144
7883	0.188114965	0.325307634359849
7884	0.047918385	0.200610753471839
7885	0.101853583	0.13340985536875
7886	0.086688571	0.0667992828333333
7887	0.10079107	0.107383869274324
7888	1.017686277	1.14700900378605
7889	1.011268918	0.611356826268229
7890	0.809372766	0.801907783834722
7891	0.475815705	0.801992597693333
7892	0.065098184	0.369788466457692
7893	0.10261639	0.149593550577941
7894	0.057664504	0.186365120680392
7895	0.031052165	0.0460940267842929
7896	0.036618009	0.333054531893333
7897	0.066979213	0.163875800628125
7898	0.66585431	0.901007285992593
7899	0.098100279	0.145065097091429
7900	2.009013656	1.08694825107027
7901	0.25447613	0.361425222103704
7902	0.13787084	0.146998120035135
7903	0.086699049	0.125461025468627
7904	1.223021357	1.29534828767281
7905	0.10181133	0.167895016183761
7906	0.511850961	0.163411768333333
7907	0.56420331	0.684360447179386
7908	0.035835293	0.141308272751216
7909	0.268231678	0.507155617962366
7910	0.80265755	1.59707924197083
7911	0.091807543	0.361488946126923
7912	0.782167775	1.31142157623512
7913	3.636625288	2.62914072962353
7914	0.28817985	0.37974872589188
7915	0.950418217	2.06494039066465
7916	0.17618521	0.184050653131429
7917	0.064191633	0.305786114587121
7918	0.043380976	0.146761860176219
7919	1.29627725	0.806918172109333
7920	0.104950603	0.189873963127315
7921	0.443126645	0.521730600281618
7922	2.776227147	1.31373965618162
7923	0.016165677	0.0303509227111905
7924	0.126823306	0.123340400692143
7925	0.063280674	0.121095973715714
7926	1.067094118	1.44714644758791
7927	0.440408042	1.50761774102658
7928	0.030732113	0.048053018397973
7929	0.09900787	0.150207078107708
7930	0.1035612	0.164203839377037
7931	0.065036888	0.201071227006566
7932	1.0029031	0.194026421842031
7933	0.080173377	0.154889923224324
7934	0.139539942	0.104715671778704
7935	0.287307407	0.822236647125238
7936	0.160254585	0.929700872830482
7937	0.365776914	0.839002749742647
7938	0.347503284	0.277667924065714
7939	1.626402625	0.64061892110155
7940	1.350493298	1.06585381933018
7941	0.0020457232	0.00309119140889583
7942	0.192897498	0.695203376623958
7943	0.022073397	0.0583339110602703
7944	1.72820292	1.04593992749254
7945	1.283537334	1.55807997094023
7946	0.081967342	0.0898054639127084
7947	1.84693701	0.998138436752193
7948	3.632202518	3.03876383355575
7949	1.016728753	2.18132005964519
7950	0.02138504	0.177804073029048
7951	0.103300753	0.329520000966667
7952	0.28857972	0.188244747109375
7953	0.481419995	0.618942529965351
7954	0.768872942	0.546327134815152
7955	0.68185122	1.36345215111748
7956	0.068305066	0.414367290063056
7957	0.087127267	0.193108447714815
7958	0.031580259	0.207822634631373
7959	0.043198417	0.0882461212581396
7960	0.148502255	0.170217343631713
7961	0.379568377	0.690363543114762
7962	0.054839238	0.129771080750556
7963	0.08702068	0.146275196642793
7964	0.094876214	0.0971452553317708
7965	0.03244126	0.381222836239167
7966	0.329883292	0.166533089355324
7967	0.263442525	0.569164942551111
7968	0.091209108	0.0459943140022222
7969	0.132466333	0.233663789810081
7970	0.90975107	0.75115114915049
7971	0.079973314	0.133387252520476
7972	0.16469561	0.130741365892521
7973	0.038241103	0.0972307891307037
7974	0.190401374	0.16747998632963
7975	0.895651503	0.97515398607807
7976	0.127698515	0.15841821579375
7977	0.062956396	0.117097930822917
7978	0.501310584	0.123181057679279
7979	2.17357476	2.43410417410758
7980	0.520576008	0.400780173636768
7981	0.378680603	1.50858864528143
7982	0.058434405	0.381617927309211
7983	0.337385756	0.155806599519118
7984	0.353217513	0.878246624911111
7985	0.099208276	0.436565149012069
7986	0.133285882	0.248829767196354
7987	0.051134495	0.11295772420641
7988	0.187539596	0.188058995623504
7989	0.139120565	0.188046442967059
7990	1.19766708	1.82854896504635
7991	0.124998856	0.635475552667917
7992	0.110707343	0.071221216908547
7993	0.131557096	0.102642161162381
7994	0.527730762	0.900894117180895
7995	0.042345019	0.118328404543333
7996	0.062352605	0.0970233829259259
7997	0.139352016	0.175211923030894
7998	0.366865839	0.534353425531771
7999	0.34587425	0.684701735919658
8000	0.0763556087	0.44112159358723
8001	0.096090162	0.536248682749342
8002	0.209386774	0.187637978659402
8003	0.770137955	0.325342664427778
8004	1.373823063	1.50979097815811
8005	0.653992333	0.61635068865926
8006	0.21077435	0.323264405842342
8007	5.193131375	4.35045427838063
8008	0.779019055	0.366297472406482
8009	0.066425409	0.144618855902917
8010	0.054004035	0.134117091921154
8011	0.057708425	0.37748700491172
8012	0.15036241	0.175190828265171
8013	0.065309763	0.146251837178455
8014	0.034857165	0.0759074704298246
8015	0.115725616	0.121163734175
8016	0.393484514	0.331741190609946
8017	0.35200647	0.223224676140741
8018	0.921451566	2.42163912928157
8019	0.233047992	0.142521117756875
8020	0.193562114	0.25733487986
8021	0.048638708	0.199701885626344
8022	1.621570485	1.68528074141716
8023	0.36138623	0.208418076684444
8024	0.223303703	0.365639409990351
8025	0.080861974	0.234669669538384
8026	1.04353993	0.844616489980303
8027	0.592026967	0.255524734971481
8028	0.08511204	0.078433612595679
8029	0.240690707	0.668728222003333
8030	1.18553969	0.80990729520463
8031	0.030973763	0.0983155196847619
8032	0.323895644	0.650490244101126
8033	1.451575647	1.27231277485285
8034	0.151780556	0.515830212249123
8035	0.567742592	0.313144842837143
8036	1.413836283	0.171654415618011
8037	0.06739252	0.127686960222222
8038	0.25677719	0.336869473176535
8039	0.62759983	0.781484961559921
8040	0.30778588	0.263537869983333
8041	1.518414782	1.1343094173193
8042	0.074229488	0.111669766885238
8043	1.22783611	1.50639841395198
8044	0.18682113	0.25378655196218
8045	0.790450362	1.58042498128667
8046	0.086846713	0.111648590564865
8047	0.571258165	0.230716253109009
8048	0.69893153	0.720773283663281
8049	0.045664267	0.107674088371875
8050	0.18959072	0.141987487876016
8051	0.155107079	0.120014710053947
8052	0.034713349	0.174942214301471
8053	1.94778682	1.00913647934809
8054	1.12960817	0.707519162782871
8055	0.0163465168	0.102136742513205
8056	0.224054823	0.492131152962143
8057	0.100195746	0.148013856426667
8058	0.722596157	0.533705577806667
8059	0.050386545	0.0681288866811828
8060	0.366696545	0.814097409159677
8061	0.103367325	0.115758409657609
8062	0.469271039	1.2656679000298
8063	2.691495108	1.64705555317297
8064	0.14982767	0.124914751176667
8065	3.272774338	1.58384802809191
8066	0.06425708	0.0718345937642857
8067	3.073436758	3.05319076832342
8068	0.198641501	0.33753929300122
8069	0.960303116	0.730546442930769
8070	0.174109575	0.448932205378728
8071	0.499389197	0.297565952579268
8072	0.034664062	0.143708638415942
8073	0.191174335	0.277355245941667
8074	0.384128787	0.896821349751163
8075	0.922572392	1.31948016672943
8076	0.09227264	0.0844036777434343
8077	0.071438711	0.112402901636937
8078	1.206426235	0.956982068735272
8079	6.01050485	5.58838147763469
8080	0.084706327	0.752448002955814
8081	1.322339413	1.34780636386979
8082	0.307274651	0.979521865941333
8083	0.307681526	0.145835064071138
8084	0.053087488	0.142950163980263
8085	0.090800148	0.111687070227917
8086	0.14105824	0.122687737054762
8087	0.02406569	0.163263298551667
8088	0.66777786	0.44547931611938
8089	0.11422481	0.122696977439837
8090	1.597550153	0.974382097132083
8091	0.788360535	0.496499982970086
8092	2.01220961	1.59362295452167
8093	0.168057108	0.10426812649798
8094	2.41161833	1.53918298052042
8095	0.638733326	0.536094100008547
8096	0.19361642	0.626829686951802
8097	0.059471187	0.178555571363978
8098	0.042605424	0.278794550392579
8099	0.10640873	0.128031823426786
8100	0.10685223	0.102426440151429
8101	1.644055673	2.07619404252793
8102	0.249181532	0.331165412115873
8103	0.225484314	0.473131552460784
8104	2.028069687	1.77655039977857
8105	0.0249905265	0.0586808954384146
8106	0.975506525	1.016627274615
8107	1.506977092	0.671108301472368
8108	0.100590224	0.169347912662602
8109	0.002648481	0.00648265427036275
8110	0.0368667345	0.1457496610125
8111	0.093761413	0.0932923267163194
8112	0.61754362	0.123770458795602
8113	0.172488707	0.492699769728646
8114	3.618492914	1.71083328434032
8115	0.245065554	0.353933655374405
8116	0.110020667	0.157994197873246
8117	0.167945941	0.166225212371212
8118	0.15312795	0.112835536627419
8119	1.204448034	0.748644309387745
8120	0.075360804	0.129177440516146
8121	0.35981008	0.973260418908152
8122	0.762694566	0.860457861128334
8123	0.43906251	0.309495899383519
8124	0.0953579	0.10245119917125
8125	0.107936764	0.118966772665351
8126	0.072998822	0.0958545863937985
8127	0.6984025	0.370473445499099
8128	0.083744568	0.134207946233784
8129	0.083917581	0.150452689537398
8130	0.150903774	0.235123707205556
8131	3.194119604	2.44926060193415
8132	0.048888525	0.0961263748460088
8133	0.063730998	0.24092048060101
8134	3.505845234	3.18076687937542
8135	1.12131587	0.258587750121429
8136	0.07936612	0.107751516284397
8137	0.07023995	0.250801846956239
8138	0.306873943	0.260683949756306
8139	0.186557651	0.0867155024651163
8140	0.14400873	0.181787243081481
8141	0.828334604	0.330574625155736
8142	0.73927295	0.780062115710606
8143	0.16273528	0.171087603397685
8144	0.241919854	0.470792183654955
8145	0.048161562	0.125330936948504
8146	0.11322257	0.33211324807125
8147	0.249740858	0.515864344666667
8148	0.994118437	1.18234851206535
8149	2.566606395	0.910234357047863
8150	0.17575695	0.198454901817742
8151	0.11529065	0.258833676253226
8152	0.28479234	0.723834213081372
8153	0.267720918	0.287049842839352
8154	0.68585662	1.28147746484234
8155	0.0147971544	0.190285250000931
8156	0.78567702	0.565567075856081
8157	0.567319866	0.789892623853535
8158	0.044020697	0.152859867051389
8159	0.1951206925	0.758094521706875
8160	0.470375066	0.455406383452482
8161	0.125608878	0.1486037282875
8162	0.161878714	0.128158324654701
8163	0.078813498	0.109775793973504
8164	1.747455887	0.388148339620115
8165	0.159933962	0.105385712992743
8166	0.180298315	0.630532971422083
8167	0.125156198	0.0793626830610811
8168	0.029739136	0.114017286739365
8169	0.331246947	0.500475036232353
8170	0.046237003	0.436695911361712
8171	0.19275522	0.108058764040873
8172	0.339171379	0.127889026022222
8173	0.087580536	0.184522435849187
8174	0.083523104	0.133574697039147
8175	0.069617707	0.153479983201429
8176	0.7411879	0.430532350310417
8177	2.903781678	1.42022826532982
8178	0.048663884	0.173969810727273
8179	0.280710474	0.43303370096125
8180	0.078146038	0.194556586295392
8181	0.18722768	0.146813118319892
8182	0.501691413	0.493477852294878
8183	0.365445746	0.155889194854167
8184	5.303704055	4.69387746822843
8185	0.138489872	0.222069282109524
8186	0.293561634	0.429446520396667
8187	0.260743113	1.45610504788533
8188	0.999007226	0.797477427888462
8189	1.02901696	1.28904961236762
8190	0.052430135	0.327888443440171
8191	0.1037172	0.167500871060648
8192	0.369516832	0.549408669643056
8193	0.49748942	0.810033170489316
8194	0.151358213	0.122889054438333
8195	0.0231558505	0.102624133986559
8196	1.782425389	0.989785099176389
8197	5.335123181	4.61740158603021
8198	0.249047784	0.531073409803226
8199	0.031557154	0.167625943997597
8200	0.08421616	0.212083027071014
8201	3.667876678	2.50168528650232
8202	0.067246254	0.118253765053455
8203	0.53701034	0.168652010764461
8204	0.05757034	0.358863602710569
8205	0.594724248	0.563936846440132
8206	0.103614558	0.152473864748529
8207	0.130623204	0.239929770214474
8208	0.057947226	0.171303609331818
8209	0.059555096	0.0743904649528646
8210	0.033017262	0.0804792164317568
8211	0.250406885	0.223208841074731
8212	0.540053744	0.414847103459596
8213	0.118004464	0.17933074805601
8214	1.247128627	1.14269493834926
8215	0.040039586	0.059099796740947
8216	0.81978801	0.547741649490873
8217	0.158019729	0.124632642199167
8218	1.077317667	1.37579581690977
8219	1.70816008	0.711798527463131
8220	0.834700185	0.779104307759559
8221	4.99411168	4.16894636414167
8222	0.06269462	0.288930540701587
8223	0.160009744	0.0989980681229166
8224	0.578554344	1.04143701926667
8225	0.317459479	0.647166776571368
8226	0.081916628	0.297340824932597
8227	0.137552097	0.343490172983333
8228	0.139596234	0.114001130228922
8229	1.097662086	1.64048784413159
8230	0.092585817	0.216535200701482
8231	0.457389114	0.499981321463596
8232	1.594855042	0.720547052308559
8233	0.395337414	0.354244028965054
8234	1.12230457	1.22528082619655
8235	0.071178205	0.0804092593607143
8236	0.61793934	0.148004656822523
8237	0.88809926	0.137522653297368
8238	0.118693023	0.149016263157619
8239	0.14031228	0.437429257493548
8240	1.12216323	0.327704044036742
8241	2.26657424	0.965810455713821
8242	0.05896587	0.142180838820667
8243	0.120238387	0.134453739693849
8244	1.380174035	1.29459494498261
8245	0.06771335	0.230692812998148
8246	0.90423845	1.18379850302778
8247	6.673636794	5.18715436029368
8248	0.269861708	0.545895394826871
8249	0.156928173	0.16563525805119
8250	0.037809963	0.0834462530527778
8251	0.1318492888	1.53312996884748
8252	0.134495557	0.708362627163514
8253	0.127386443	0.213786518938172
8254	0.086807963	0.248573939987143
8255	0.5892109025	1.10670854452652
8256	0.045906212	0.150836203016944
8257	0.44830051	0.30175837281047
8258	0.049737967	0.142635863340171
8259	1.42708235	2.41387790703114
8260	0.060696185	0.178804910576984
8261	0.106731749	0.243558025771277
8262	3.138767178	3.00442884524325
8263	0.128763301	0.171709043152778
8264	0.08351873	0.117382059376389
8265	0.776403819	0.926372112547807
8266	0.065204451	0.11392856196125
8267	0.0184123958	0.0483570770824359
8268	4.10194633	4.57214369803243
8269	1.318074237	0.98449141269037
8270	0.2703742	0.163303652021272
8271	0.217514535	0.179774333998684
8272	1.028655133	0.656388345854301
8273	0.723787831	0.839169443536752
8274	0.072888918	0.0738367049675926
8275	0.368439725	0.119003034740409
8276	0.27690359	0.254155540977012
8277	0.077404627	0.107140388725269
8278	0.166254045	0.119507110244715
8279	0.186108142	0.131693406176974
8280	0.431087093	0.580808882919369
8281	0.096067363	0.175681391604167
8282	0.0311053227	0.0978047646078283
8283	0.087359985	0.124062087150439
8284	0.12559287	0.148155730098571
8285	0.047376148	0.112200848618434
8286	0.667310007	1.04568310181759
8287	0.075156806	0.291946719610417
8288	0.779810093	0.574436408075556
8289	0.222577408	0.233245194167187
8290	0.08326504	0.138595167282883
8291	0.541215539	0.549399003955556
8292	0.15923396	0.421314952044167
8293	0.381440352	0.772462514261429
8294	0.118431162	0.167455759107407
8295	0.27563035	0.284743229195833
8296	0.27546201	0.20779540773114
8297	0.55456775	0.477192775815789
8298	0.049332717	0.168841064877724
8299	0.075417943	0.10043537276912
8300	3.78638287	2.54818118871538
8301	0.49559218	0.48916860196381
8302	0.124679973	0.195026477765909
8303	0.0167219323	0.0654590818769118
8304	0.202338445	0.162189669291935
8305	2.25084017	1.00345731914032
8306	0.50530087	0.600437757341959
8307	0.38614266	0.252771755973118
8308	0.05302622	0.115495402553153
8309	0.071367568	0.314979848574584
8310	0.827897184	0.255826942925225
8311	0.257677556	0.981855027977976
8312	0.19022475	0.257288782698148
8313	0.53282024	0.386342276788618
8314	0.11961774	0.096286012804902
8315	0.570541818	0.646985581273256
8316	0.078174178	0.131348759225333
8317	1.15071692	0.986746729840196
8318	1.61507239	1.59837422699745
8319	4.2674483045	3.95581630227778
8320	0.14640282	0.180772644943421
8321	0.067367367	0.112246744902151
8322	0.37160806	0.517893842908235
8323	1.038018862	2.177025296965
8324	0.120584373	0.375545131647863
8325	0.61418929	0.454867134813889
8326	0.41111133	1.22743656604938
8327	0.237851943	0.191471008102193
8328	0.195721576	0.17775167598443
8329	0.041384494	0.261399493788095
8330	0.929442656	1.35602517495833
8331	0.410673934	0.410931678202451
8332	0.301477678	0.238216748067544
8333	1.793765914	0.962180705316667
8334	0.135990911	0.212627097278186
8335	0.458998532	0.373356900378509
8336	0.077016361	0.225949390937302
8337	0.105230645	0.729431510095175
8338	0.27499892	0.113739678536782
8339	0.182523615	0.148376384921825
8340	0.321946427	0.529721014774286
8341	0.05869802	0.0937648638789474
8342	2.311640685	1.36238078452191
8343	0.09924784	0.112105474377907
8344	0.15950294	0.748623279067187
8345	0.171206574	0.960708509187693
8346	0.18736957	0.186129049845833
8347	0.106378466	0.0965232241566667
8348	0.139809047	0.208262781625397
8349	0.1578698605	0.122788820666571
8350	0.545460915	0.525608323236111
8351	0.053729258	0.134681476983333
8352	0.18211619	0.262623062815625
8353	0.179178417	0.278993413760101
8354	0.109069365	0.0926859096428571
8355	0.08669583	0.158721458888571
8356	0.108024903	0.0908823556122549
8357	0.133846414	0.138860103116162
8358	0.25865379	0.363892466262778
8359	0.654961532	0.476026308319106
8360	0.076950645	0.082526561489394
8361	0.037787877	0.259134689658095
8362	0.1598596	0.843149048628455
8363	0.156312665	0.806707816329487
8364	0.911945323	0.705458325133838
8365	0.127147971	0.375995395536275
8366	0.125770976	0.0860603758644144
8367	0.108788032	0.151127238938802
8368	0.396542972	0.158741143602137
8369	0.134862604	0.114757674821852
8370	1.975335995	1.16756930844697
8371	0.064409555	0.22607406900977
8372	0.048172715	0.0735539197401351
8373	0.052302086	0.147805870161574
8374	0.13567567	0.279290501124603
8375	0.12370104	0.2356982322275
8376	0.776372005	1.13151584654451
8377	0.398388686	0.724470560142381
8378	0.75966862	1.09050202400983
8379	1.497442426	0.365381641077778
8380	0.7191481	1.09480108715877
8381	0.071307417	0.267608527647748
8382	0.267277162	0.692620114330682
8383	0.12013852	0.122120406661712
8384	0.200265755	0.33054031804213
8385	0.81693442	1.66258601199191
8386	2.47231412	0.671730476989189
8387	1.348241844	0.935160399430417
8388	0.748203144	1.30790088488792
8389	0.503954467	0.161485869675417
8390	0.275590864	0.305550286179386
8391	0.234896176	0.441579977968023
8392	3.218963937	0.98468501531619
8393	0.05049699	0.193647184138172
8394	0.18875669	0.177938107369231
8395	1.658546968	1.83569366879691
8396	0.036788521	0.0897749910033784
8397	0.028706917	0.174962135914792
8398	0.08185013	0.201802926184048
8399	0.18056985	0.163586593125926
8400	0.569674022	1.03246058383778
8401	0.2787567	0.272119476229583
8402	0.304666	0.262764837748922
8403	0.268030305	0.403362783106306
8404	2.042406816	1.81000590874216
8405	0.36838656	0.423253326311842
8406	1.053123318	0.764913738482927
8407	0.192722106	0.13763825062886
8408	0.068311798	0.0595412438145833
8409	1.821702778	0.712636342091228
8410	0.10834778	0.179928265918919
8411	0.114799545	0.244195486434804
8412	0.045129899	0.28339751565
8413	1.742544934	2.13732929686797
8414	0.112526865	0.0905156451970833
8415	0.59918413	1.18758344211553
8416	0.106999964	0.278925884201754
8417	3.235573916	3.04160414995991
8418	0.100885131	0.187529454781373
8419	0.14019977	0.139837046923039
8420	0.076980531	0.206151276320833
8421	4.79386493	3.13376261278201
8422	0.09479228	0.136399293706667
8423	0.107808163	0.172610140338597
8424	0.042969907	0.10819122989363
8425	0.15613623	0.205792734397863
8426	0.05061554	0.0715242502016667
8427	0.936071078	1.3891111264565
8428	2.463437334	2.94781762525625
8429	0.058036876	0.0898284425598959
8430	0.094908416	1.17178511779962
8431	0.052086637	0.384203971102381
8432	0.668820832	0.619814856974031
8433	0.138479225	0.380622316523423
8434	0.20544306	0.472528439678922
8435	0.23857019	0.1199560660425
8436	1.73079309	1.4945300233036
8437	0.879833	1.27490002280808
8438	0.083133704	0.149343726483333
8439	0.095217968	0.485211383851191
8440	0.261108537	0.731777885242908
8441	0.091693314	0.130357794739461
8442	0.286442676	0.203373997445528
8443	0.5767018	0.813675643163333
8444	0.102726888	0.137309125391667
8445	4.637635765	2.94562659929323
8446	0.046615349	0.140372412650505
8447	0.056368018	0.250733594318889
8448	0.089615364	0.120216425486739
8449	0.117163209	0.260830800360684
8450	0.110159437	0.115722148637597
8451	1.876795566	1.77461383611687
8452	1.16851806	0.521128435891667
8453	0.127849558	0.236322016134375
8454	0.035715473	0.618023293822222
8455	0.171004407	0.202941188409187
8456	0.09165921	0.177444091258586
8457	0.154753695	0.780824968068018
8458	0.163808912	0.448041065759677
8459	0.083905162	0.394974690461728
8460	0.274926705	0.524635769557222
8461	2.265818637	1.6332824235374
8462	0.140620539	0.906765121046759
8463	0.06576452	0.135181277857692
8464	0.84581598	0.240273287035238
8465	0.096184352	0.289479455560853
8466	0.184488188	0.22493989008156
8467	0.023676494	0.447330900821667
8468	0.12859229	0.132135793480392
8469	0.061775125	0.0700576987364706
8470	0.355179558	0.871816232119919
8471	0.114906922	0.165301671556566
8472	0.111965037	0.220289258840556
8473	0.051994665	0.589625292944737
8474	0.136472444	0.142136939540541
8475	0.099877178	0.12548000562807
8476	0.056235271	0.051247037518018
8477	0.183926634	0.465292046579167
8478	0.065653072	0.201491495731818
8479	0.08595046	0.213521196449561
8480	0.030378463	0.0512730934394167
8481	0.070761296	0.508236112516667
8482	0.211843557	0.250426969285263
8483	0.093098994	0.16232777470045
8484	0.740501922	0.561083584510976
8485	0.03538467	0.104038388386782
8486	0.048615239	0.119667316614167
8487	3.613152535	3.79284560406496
8488	0.093928515	0.499830675795098
8489	3.897824719	3.32996298888114
8490	0.214543114	0.144514564791667
8491	0.97142953	0.122550768996053
8492	0.23964413	0.386193860570115
8493	0.096835345	0.146970660428472
8494	0.664294768	0.469680552811396
8495	0.157121807	0.117101374297037
8496	0.079075653	0.152062004274583
8497	0.43596669	0.197382387588816
8498	0.977691686	1.01322208261863
8499	0.082789304	0.0910796170974359
8500	0.038446645	0.198353288320085
8501	0.605225494	0.805917470732114
8502	1.230862208	1.50232964819954
8503	0.0394725225	0.0792538406666667
8504	0.042129955	0.13287173085
8505	2.743844958	3.53335818785342
8506	1.774980995	1.99212491399189
8507	0.141197062	0.357708299980196
8508	0.100165907	0.128189366704386
8509	0.14836312	0.224067877838542
8510	1.395366144	1.66597286904167
8511	2.074924516	1.41232355780122
8512	3.83652131	3.44745110556054
8513	0.908343106	1.05322298053333
8514	0.12346917	0.155107406941473
8515	0.790100403	0.163134019444118
8516	0.081366623	0.090127864206579
8517	0.111656485	0.357111424351471
8518	0.043557955	0.21743696659213
8519	0.202895942	0.212745754393939
8520	1.5493662	0.514015492209649
8521	0.27621495	0.541321141109314
8522	0.055312686	0.157058180111712
8523	0.049894699	0.108112753178571
8524	0.615754374	0.414617064730476
8525	0.099899935	0.695849908544841
8526	1.30511878	0.730394533643651
8527	3.06707158	3.37249593985667
8528	0.284404775	0.409400225654167
8529	0.162426563	0.142656184217054
8530	3.720944306	2.66903904153391
8531	0.7661662	0.891204053629915
8532	0.056653389	0.113972777208547
8533	0.061477173	0.312022234309917
8534	0.138685602	0.161788245185119
8535	0.445555973	0.579591986895175
8536	0.043357591	0.141597437963657
8537	3.53481576	2.70552172998401
8538	0.18091548	0.125221999565812
8539	0.95511761	1.02381528785088
8540	0.093786373	0.0739852734383333
8541	0.108349194	0.119933078893699
8542	0.060460316	0.320345508053026
8543	0.091001814	0.170434873496759
8544	0.070064888	0.186891743243333
8545	2.395301006	2.30997018948929
8546	5.5339455276	4.61074684542794
8547	3.714392833	2.19837406692451
8548	1.103366215	0.323992098181481
8549	0.081218157	0.21413463050202
8550	0.071910561	0.110141158017073
8551	0.039926008	0.121071378354839
8552	1.096392635	1.44041977352764
8553	0.306042757	0.303647715164744
8554	0.168450595	1.3994696182099
8555	1.880783324	1.2303665153844
8556	0.114566952	0.540637679291026
8557	1.391961234	1.26053340159524
8558	0.114674643	0.198847419619048
8559	0.704207034	0.927193081864323
8560	2.71811205	2.30917659635414
8561	0.10316558	0.33594916507807
8562	0.051914171	0.108628398631798
8563	0.103563733	0.156479708898162
8564	0.055576823	0.176495211316482
8565	0.100732148	0.123453463717241
8566	0.064336408	0.168512700437121
8567	0.0145081073	0.0487210836571569
8568	0.119530665	0.133293593273485
8569	0.44034861	0.333589285227273
8570	0.064353289	0.339320695996569
8571	0.336432832	0.309721959385354
8572	0.851491149	0.540596966935859
8573	0.533410125	0.7588615179
8574	0.65295139	1.17656493083904
8575	0.049117311	0.131901209154286
8576	0.18553283	0.185703972819512
8577	0.121027598	0.106834345895833
8578	0.1447966	0.101221419987607
8579	0.145283437	0.260464019909583
8580	0.074620794	0.287087292988519
8581	0.29391866	0.332440615815441
8582	0.40919139	0.180919292910417
8583	0.64487883	1.06368134624731
8584	0.241769672	0.809517141070349
8585	0.23485742	0.0903151220527777
8586	1.182459217	0.389465519912037
8587	0.052045796	0.345476423843981
8588	0.13313993	0.116566949176068
8589	0.113450072	0.330073338038235
8590	1.60370294	0.928288423197619
8591	1.09801965	0.285631884444476
8592	0.222537531	0.334499906680072
8593	1.251305497	1.46273603738889
8594	0.00375734677	0.0129843438568167
8595	0.16122004	0.166779155936574
8596	0.261500539	0.250606410518095
8597	0.105862536	0.130675045512644
8598	0.099437622	0.158743850445417
8599	0.038501668	0.0915871786539048
8600	0.18635169	0.113360223867172
8601	0.04138996	0.161938418190196
8602	0.025627023	0.0408319134963768
8603	0.205019425	0.25378342439009
8604	0.154961674	0.433799224174167
8605	0.104618154	0.142481591254167
8606	0.1909328	0.13493569661626
8607	0.026226034	0.206732788819144
8608	1.108956044	0.655618990555556
8609	2.307341534	1.91789903304792
8610	2.55305624	3.0341720731375
8611	0.049640935	0.085078571377619
8612	0.123940755	0.560390739623684
8613	0.1209144	0.784467263387388
8614	0.28592054	0.18763315420049
8615	0.084307428	0.113782646607752
8616	0.13694468	0.121559412435417
8617	0.175241853	0.181830285458413
8618	0.08722979	0.492482769628889
8619	0.1273154	0.5410947163
8620	0.157379545	0.121727644962222
8621	0.638573827	0.787919842839025
8622	0.109507956	0.135868107851437
8623	0.672005114	0.891041938556306
8624	0.807232445	0.854139880589706
8625	0.681617375	1.02595790194912
8626	0.905268113	0.99500708629693
8627	0.043974563	0.0570824685433824
8628	0.082507083	0.232457838352305
8629	0.051269186	0.073430859046748
8630	2.981275614	1.99400751583566
8631	0.931481647	0.411599811675694
8632	0.037204138	0.0889041199240625
8633	1.48709268	1.79786074254815
8634	0.33220222	0.379120104532
8635	0.129919827	0.14509169783547
8636	0.119118068	0.127210935464493
8637	0.515737338	0.198582390002991
8638	0.148737691	0.132723178234762
8639	1.184355942	0.95029885474186
8640	0.055353142	0.0528388697630488
8641	0.303110225	0.138722206771875
8642	1.339936393	1.0209888938381
8643	1.67596568	1.9564925115957
8644	0.094555676	0.133343144864912
8645	0.346467093	0.568136794777928
8646	0.04190127	0.0651576230717742
8647	0.458515777	0.672630318086585
8648	2.72912397	0.96366292482875
8649	0.218957135	0.349975716757071
8650	0.95962095	0.726780027453571
8651	0.20367401	0.265348664571938
8652	0.9033487	0.682667020188333
8653	0.027806578	0.0930061181507954
8654	0.085231913	0.140184196184491
8655	0.0613556	0.0603978239573864
8656	0.72300745	0.683321066262393
8657	3.106090755	1.23712913707278
8658	0.947311384	0.703204005191239
8659	0.42846098	0.19269001754951
8660	1.283497152	2.10146592128465
8661	0.18776713	0.147808738705856
8662	3.520425045	1.46415395442018
8663	0.36348225	1.12494405484561
8664	0.30462882	0.211005832528333
8665	0.123965206	0.17436547625
8666	0.529115357	0.620951736262083
8667	0.09961966	0.177246749418992
8668	1.627676518	1.98806799377521
8669	2.405682831	1.30519190462741
8670	0.067578543	0.0986320665747619
8671	0.155621253	0.191329442622685
8672	0.061772406	0.225496684026458
8673	0.124596563	0.187756745641905
8674	0.193843704	0.122563178552451
8675	0.128408439	0.197017993009722
8676	0.076232629	0.62289151908617
8677	0.128279594	0.132571497008513
8678	1.218467107	0.440220261624359
8679	0.225342076	0.56824025800641
8680	0.88349923	0.828656955483889
8681	1.035738316	0.768707966418571
8682	0.123425548	0.151581424913458
8683	0.115994528	0.217507816230556
8684	0.18653692	0.273234469911712
8685	0.242040128	0.298514697885526
8686	0.171530116	0.148837351628704
8687	0.041197258	0.223403038536765
8688	0.0826071	0.184496090317857
8689	1.128820403	1.34569771960174
8690	0.100322444	0.155406995823077
8691	0.112841446	0.335428846314762
8692	0.088566042	0.0839145629879845
8693	0.47889078	0.743292991794444
8694	0.140289114	0.232720144905354
8695	0.551410693	0.525630072936191
8696	0.26625414	0.328350725038034
8697	0.105000347	0.201114861694574
8698	2.1150207	0.944584957081301
8699	0.002102073	0.00342933522627778
8700	0.146113136	0.302224644642778
8701	0.069895349	0.123337862397349
8702	0.05793858	0.164467763963426
8703	0.174331184	0.17793919249386
8704	2.068853982	2.65014219261768
8705	0.096601385	0.138966411444
8706	0.283525555	0.578229602331349
8707	0.111778661	0.161105186590476
8708	0.563130192	0.720028390005405
8709	0.196585613	0.566877248983333
8710	0.077275722	0.490633291969444
8711	0.094800705	0.184407806002546
8712	0.090706308	0.128042132432479
8713	0.26883419	0.197859651191667
8714	0.051498616	0.0714509317489024
8715	0.12078765	0.160189208001905
8716	0.138895465	0.178288917076434
8717	0.14433527	0.0789671780353536
8718	0.315123626	0.206275995789247
8719	3.405987675	1.69108555728729
8720	0.08073924	0.258698501042424
8721	3.302761222	1.95353805328896
8722	0.318547603	0.244981742817708
8723	0.103605763	0.525644970230263
8724	0.116754042	0.413228871382593
8725	0.062825937	0.117697572183796
8726	0.081577093	0.365899599911667
8727	0.186607103	0.537611102883784
8728	0.031718872	0.0736889895764415
8729	0.045044873	0.0740846865553922
8730	0.108460614	0.168072426187387
8731	0.0558855595	0.359514087559524
8732	0.0746082365	0.115515611977632
8733	0.12853905	0.184640596465812
8734	0.32107364	0.416804673458712
8735	0.031613541	0.994694858345
8736	0.683975144	0.786579006319271
8737	0.128168867	0.332127238182456
8738	0.170784604	0.121303463641898
8739	0.040900083	0.0690351058369565
8740	0.048038836	1.04905708319461
8741	0.84401341	0.545687610673643
8742	1.590654562	0.466231003872917
8743	0.42082983	0.948643071608334
8744	0.331948797	0.929373106541667
8745	0.071895335	0.203970323468018
8746	1.12060929	0.772709985626344
8747	0.070418985	0.184761263694737
8748	0.11283109	0.212969174220202
8749	0.050772805	0.124982628438571
8750	0.554241514	1.03321098409208
8751	0.10428349	0.0929574785142276
8752	0.057634987	0.480730322096354
8753	0.120694686	0.690618014042683
8754	0.364558115	0.579344386145062
8755	0.205543578	0.145387152945488
8756	0.251979044	0.674921045690909
8757	0.77219434	0.559179124356141
8758	0.1110511	0.203700128149145
8759	0.71181464	0.286559750385417
8760	0.42513645	0.148828765534848
8761	2.179392116	1.25062799432
8762	1.112673966	0.612239110133604
8763	0.840730346	1.23176620151098
8764	0.33920706	0.262536385912642
8765	2.7809105	2.30879058362014
8766	0.043494297	0.273012990978283
8767	3.142392782	1.37913300989737
8768	0.138526858	0.37430918608625
8769	0.753011312	0.821799838822084
8770	0.085223774	0.121078725993958
8771	0.243973757	0.211913550215152
8772	0.387940293	0.541568223099405
8773	0.98500052	1.05446302568452
8774	0.064506343	0.0917022050242157
8775	0.140488507	0.374778078147807
8776	0.178199268	0.122820787055682
8777	0.10899164	0.161444453760746
8778	0.139693546	0.155386006983333
8779	0.10896221	0.120926637195588
8780	1.153313123	1.73537683836944
8781	0.023556228	0.0523020850736111
8782	2.976767427	1.57980620651354
8783	0.164889008	0.158591314861261
8784	0.088024255	0.125562607948106
8785	0.151864822	0.27664665152875
8786	0.17919237	0.1644591521125
8787	1.430369084	0.629036458588514
8788	3.125217112	2.46285813899213
8789	0.288514797	0.80770247182193
8790	0.095810902	0.250184179027619
8791	0.206258636	0.146591784652381
8792	2.559269043	1.13301610901026
8793	0.082577502	0.142124359452688
8794	0.101865955	0.173650594447083
8795	0.408204391	0.983729060177778
8796	0.12613945	0.105913928590873
8797	0.420747101	0.580688891844907
8798	0.916131376	1.64327777565495
8799	0.0788148725	0.0611325713278334
8800	0.0641566455	0.057349432272
8801	0.449422716	0.862291010211428
8802	0.610215346	0.874698921072728
8803	0.832670531	1.06966357701795
8804	0.140443624	0.132378434498039
8805	4.049492263	3.40773490719667
8806	1.49289746	0.653673886630159
8807	0.397698838	0.468867952985952
8808	5.306069473	5.27864429606622
8809	0.158012847	0.436801061069737
8810	0.345754855	0.083290018952451
8811	0.444302201	0.682933858287353
8812	1.220714015	1.02326142493389
8813	0.50328554	0.17751063380812
8814	0.02436393	0.0923889556138889
8815	0.10625143	0.116146408697368
8816	0.107474529	0.126102404681667
8817	1.568902414	2.58913283506417
8818	0.060883662	0.109597725783333
8819	0.026584496	0.158378941798291
8820	0.049879534	0.083133087446875
8821	0.080051057	0.502304334523334
8822	5.82170904	3.76387081528426
8823	2.006487759	0.803438184868518
8824	0.081700828	0.250182017960811
8825	2.772880016	2.75714063319254
8826	0.922377877	0.408085813858929
8827	0.6201379	0.754071390658333
8828	0.075938912	0.0818798267852273
8829	1.44874242	1.32293951280202
8830	2.71709792	2.04274310978597
8831	0.350402563	0.716111584799549
8832	0.095272523	0.542636704469167
8833	0.078112353	0.259140631674359
8834	0.530679475	0.638371377207801
8835	0.085763739	0.287820872665625
8836	1.078447224	0.178309594445833
8837	0.75069718	1.35560650767568
8838	0.281816108	0.142180521052632
8839	0.23272372	0.396038724531746
8840	2.588972008	2.05801767941333
8841	0.804490522	1.00103490361542
8842	0.144985289	0.423034257014445
8843	0.072175991	0.0990201272905405
8844	0.364000068	0.607647087668018
8845	0.021879664	0.0475793298857456
8846	0.087320204	0.275512957796569
8847	0.18353665	0.119108385030952
8848	0.23923324	0.666490640661364
8849	0.044763479	0.499860677091429
8850	0.124212616	0.188925504148198
8851	0.175441273	0.3704665392
8852	1.138779294	0.711895633934815
8853	5.14958242	4.78137376277927
8854	0.062426982	0.091580116111828
8855	0.10667576	0.49875340087193
8856	0.085458663	0.289844202782432
8857	0.065359827	0.422297254789583
8858	0.102222929	0.0919389292287037
8859	0.062778812	0.479575807088095
8860	0.076220515	0.203823036576126
8861	0.082865302	0.0945286307799242
8862	0.128649136	0.235286294089063
8863	0.556160643	1.45553242585159
8864	0.448648518	1.65338825650958
8865	0.142079988	0.110638534567598
8866	0.116746935	0.394840281452917
8867	0.181802282	0.268453427202183
8868	0.058796407	0.0736457571283333
8869	0.127238153	0.18853139142399
8870	0.177703723	0.763827798780729
8871	0.071894608	0.090880179160101
8872	1.46791902	1.82993111539583
8873	0.11395327	0.118920146257143
8874	0.322798476	0.791998616179167
8875	0.17167017	0.125231130042683
8876	0.076143011	0.464519832941667
8877	0.240469557	0.187145069625758
8878	0.48100663	0.512343922385238
8879	0.1171457196	0.245036170997262
8880	0.25596227	0.28133338596713
8881	0.167208816	0.442475091266667
8882	0.440468836	1.13829479653333
8883	1.70155533	1.24116240043902
8884	0.150706925	0.313967802210119
8885	0.083713975	0.162750829306452
8886	0.049865783	0.294855751078571
8887	2.069777224	1.29307069485227
8888	0.13932898	0.35445471512931
8889	0.456615445	0.30774774294246
8890	0.025695627	0.0536093007699275
8891	0.287732644	0.729894064353205
8892	3.866146575	2.32440889231975
8893	0.12981616	0.258160158324638
8894	0.042779782	0.0981122927768293
8895	0.91804131	0.552649473318982
8896	0.05964541	0.166601011999603
8897	0.550557183	0.676361768441905
8898	1.3423222	0.464115889486992
8899	0.03926702	0.164033645034896
8900	0.096021846	0.175178199778241
8901	0.161692538	0.201028164077027
8902	0.034879035	0.0881377685526667
8903	0.248046964	0.208888622059259
8904	0.032672431	0.0708440387864815
8905	0.170487237	0.220571651250775
8906	0.035916461	0.110078616523186
8907	0.441184197	0.353439740030476
8908	0.084833444	0.277969861891667
8909	0.080301213	0.192943770730556
8910	1.195782013	1.14485387344563
8911	1.053977703	0.413982383275521
8912	0.14483931	0.116219098932883
8913	0.487315836	0.134847014440833
8914	0.094289526	0.117754601569167
8915	0.078412604	0.389742372366228
8916	0.06197163	0.204602249961905
8917	1.032191249	1.91220173007602
8918	0.155045494	0.0836555436579365
8919	1.236771933	1.35418319544546
8920	0.672768396	0.137063023844298
8921	0.05675727	0.650538629307
8922	0.216059198	0.248778759274242
8923	0.18804753	0.334475109075
8924	0.061137363	0.101353648261842
8925	1.279075063	0.992718105330303
8926	0.07285592	0.191285205614865
8927	1.645375708	1.59322118416048
8928	0.337391581	0.301216179123843
8929	0.656636156	0.501552089766667
8930	0.146898765	0.238248307875
8931	0.639644295	0.970480277672481
8932	0.028783141	0.131154432532204
8933	0.129274742	0.47250179377193
8934	0.12399958	0.186174417002778
8935	0.429102355	0.66224118083217
8936	0.69617337	1.16352905164649
8937	0.080234202	0.137757080873232
8938	3.507603521	2.95619616435496
8939	0.037536469	0.0684965002063492
8940	2.764552134	3.77377723678136
8941	0.395906903	0.601081838672381
8942	1.386961217	0.914592731597368
8943	0.13216056	0.125998319446581
8944	0.892145409	0.871712747159459
8945	0.061489904	0.0873685172253419
8946	0.344384008	0.698731895168518
8947	0.17124859	0.600317827934286
8948	0.111230727	0.147602579155645
8949	0.157211695	0.116152906426802
8950	0.183189236	0.292596055463566
8951	0.054882459	0.558086756754398
8952	0.0169375713	0.105144059614189
8953	0.511604769	1.03247698576711
8954	0.12197484	0.394249650356771
8955	1.653192328	1.18654795795504
8956	0.177344978	0.135936694561937
8957	0.729784144	0.566239063218628
8958	2.977112064	2.51441467630407
8959	0.04035073	0.147101768077407
8960	0.067651251	0.126805698354472
8961	1.748652735	1.18043177311261
8962	1.559271306	0.802809557434722
8963	0.76283123	0.208732562521318
8964	3.66414174	1.857407327825
8965	0.276821752	1.13123654407552
8966	0.88449335	1.36357395997542
8967	0.065296795	0.33482166715
8968	0.66624819	0.402080809089444
8969	0.498893334	0.239699447189316
8970	0.133493266	0.347032230612821
8971	0.47620425	0.326000516742908
8972	3.0153015	2.06005617848
8973	0.45232326	0.597719452376316
8974	3.072390613	1.88628596135473
8975	0.55148929	0.17819058469009
8976	0.03730518	0.0963013738735417
8977	0.101325063	0.0787181418605691
8978	0.39933542	0.23698973377193
8979	0.064016666	0.147748823633974
8980	0.028261521	0.124299152021151
8981	0.091991838	0.130978411327632
8982	0.28710567	0.661266668111111
8983	0.245446132	0.600739263511029
8984	0.188254602	0.239690612102193
8985	0.082516074	0.131829524162963
8986	0.024439102	0.0340071752228283
8987	0.17916188	0.222825006105983
8988	0.14748497	0.16910578171
8989	0.09837823	0.152101750484649
8990	0.860688424	1.82709056420385
8991	0.41186285	0.178970128400406
8992	0.077531673	0.344333686082051
8993	2.653039423	2.89585006080708
8994	0.136615031	0.0989739452013514
8995	0.115502343	0.156985192501802
8996	0.130066321	0.49784293025837
8997	0.331856765	0.732430047758108
8998	2.11467896	2.20479974386623
8999	0.296639193	0.199797272541865
9000	0.16862169	0.136551970753604
9001	0.276827814	0.245207938814167
9002	0.060061215	0.0478889729062083
9003	0.616383806	1.02150741210496
9004	0.028622124	0.230446023407971
9005	0.21357862	0.0780196682323232
9006	0.772015126	0.847931905868095
9007	0.108372514	0.135139067375
9008	0.084541553	0.117185068211275
9009	0.121310735	0.168453008692325
9010	0.547205423	0.180341439314855
9011	0.895160238	1.17339625139394
9012	0.43766398	0.323340916182207
9013	0.16561198	0.139333827566216
9014	0.242562164	0.299015140488667
9015	0.19657073	0.356128947202151
9016	0.755978222	1.30600748567333
9017	1.799528193	1.42793877851774
9018	0.35362823	0.4413883099
9019	0.145346438	0.151939463066667
9020	0.08597216	0.3484411070975
9021	0.089892343	0.146436235360476
9022	0.09642231	0.232436189328378
9023	0.065649759	0.131775276001563
9024	0.59912976	0.143591031444167
9025	0.048898036	0.16589686753
9026	0.078739657	0.158807353008762
9027	0.088012289	0.109963711609722
9028	0.15167011	0.411394467057738
9029	2.10947437	1.18777225214429
9030	0.62495977	0.104417130081395
9031	0.86323527	1.09813793487564
9032	0.553866237	0.84053861525902
9033	0.090494714	0.156514576588049
9034	0.105351605	0.164217499444762
9035	0.095056771	0.149810070630357
9036	1.527818277	0.373752425797727
9037	1.59510799	1.7635085546193
9038	0.703260856	0.609021567402703
9039	1.04248481	0.554800626681771
9040	0.077914618	0.187089075099099
9041	0.05869014	0.274002031541667
9042	0.130397277	0.551063831172807
9043	1.185926945	1.16520671834575
9044	0.097199533	0.384570495247569
9045	0.934396383	1.4895836210025
9046	0.079114668	0.159633483154474
9047	3.245932034	2.55519413759242
9048	0.083423381	0.183201678203659
9049	0.094816518	0.17833852439594
9050	0.150190858	0.603500718114205
9051	0.144312314	0.228602912217204
9052	0.043531669	0.0836083707200855
9053	0.086652054	0.505844210627525
9054	0.267388105	0.510494631731757
9055	0.097753744	0.191301999149573
9056	0.81672282	1.0057077367213
9057	0.397138177	0.513803910838095
9058	0.077519404	0.275937891532813
9059	0.0082824276	0.0743454509866961
9060	0.452576116	0.624163196294144
9061	0.163105726	0.133954244083958
9062	0.072007436	0.167359008801351
9063	0.19358432	0.220871012179545
9064	0.087681987	0.0787206902085586
9065	0.048508318	0.103503019444286
9066	0.101591878	0.444835330562016
9067	0.038036163	0.876627942169118
9068	0.041030357	0.0783824741518817
9069	0.103486466	0.340005294787838
9070	0.885846417	0.740372077476471
9071	0.13575636	0.340242853686752
9072	0.454649754	1.28266789579286
9073	0.53664842	0.621004881541667
9074	0.415059224	0.590789090856905
9075	0.485072006	1.3161386340537
9076	0.09975412	0.215479707304167
9077	0.105783797	0.0941617885210526
9078	0.221553646	0.633778112118468
9079	1.622156834	1.59862166137012
9080	0.30823208	0.126618179391228
9081	0.136973253	0.0649351158197549
9082	2.95562448	2.32107299914189
9083	1.365332947	2.25166848329405
9084	0.069211043	0.103904325913718
9085	0.049156001	0.0746807688388889
9086	0.549386966	0.548415240121591
9087	0.906427487	0.524294310267222
9088	0.31065763	0.233117141335294
9089	1.223064094	1.09427467543667
9090	0.08181269	0.175110915178409
9091	0.54557392	0.215252688996212
9092	1.198418504	0.839205697325199
9093	0.149381344	0.326709088179167
9094	0.106809683	0.779622966965054
9095	2.825059947	1.45388406675156
9096	0.231511144	1.02016421758067
9097	0.156557705	0.0563074138880952
9098	5.133262349	3.87600543648004
9099	0.124740913	0.103802512041912
9100	0.092087016	0.49835041265
9101	0.075088031	0.0906280662555555
9102	0.139023893	0.247992698253241
9103	1.485391553	0.481133096432857
9104	0.049536671	0.15550127809859
9105	0.723384087	0.601523269156667
9106	0.990519366	0.934656043060569
9107	0.1083156	0.187098610466204
9108	0.0371474155	0.0671279786949594
9109	0.192974395	0.164776619101754
9110	0.55842538	1.19688513726111
9111	0.652821142	0.135014691793137
9112	0.02520079	0.19103549579213
9113	0.071779162	0.389919952001961
9114	4.930061415	4.90078733735813
9115	0.407165012	0.965115626344762
9116	0.20147771	0.0564277533891057
9117	0.116071623	0.142567362385315
9118	0.037058957	0.083723413602907
9119	0.148723488	0.441520457691463
9120	0.038184385	0.0818085832659091
9121	0.33881606	0.315172950626984
9122	0.94664404	0.586264968895455
9123	0.058988527	0.182712864378571
9124	0.086188612	0.0866609517522522
9125	1.692450004	1.08327172512317
9126	0.675492182	1.74780808469191
9127	0.54112115	0.353143050664352
9128	0.129131552	0.175117708538889
9129	0.324572001	1.26459252143788
9130	0.548604424	0.839919876015972
9131	0.097805463	0.219187722944608
9132	0.207920453	0.311802612574713
9133	0.110409502	0.143803811842929
9134	0.085196657	0.0875547864470588
9135	3.387154867	2.57324986781156
9136	1.79882026	0.63723331159213
9137	0.237253207	1.08848411835116
9138	0.21131872	0.604207675319892
9139	0.170451615	0.12893567168375
9140	0.135290717	0.309744161725926
9141	0.058326002	0.210551234915404
9142	0.126329289	0.160693109149444
9143	0.021336976	0.756745845333175
9144	1.713079784	1.84210394890766
9145	1.768749065	0.656951364651626
9146	2.641544563	1.41913237580095
9147	0.988673792	0.688824944901042
9148	0.246530466	1.00148377810591
9149	0.206681615	0.217778151306667
9150	0.243701426	0.495275965582114
9151	0.215939202	0.105156380045573
9152	0.14486562	0.501961786367143
9153	0.90725502	0.314364764638372
9154	0.094389982	0.476511969889035
9155	0.11509886	0.574796972983333
9156	0.976636543	1.04960152779553
9157	0.200177587	0.127438844107843
9158	0.041537964	0.497371755705392
9159	0.485968041	0.866395472998198
9160	1.69323136	0.276896834371605
9161	2.66188096	1.11297123430833
9162	1.435863984	1.40857694762061
9163	0.081980086	0.27843227101875
9164	0.067643005	0.0967460696338541
9165	0.0585214	0.155195134606019
9166	0.090554958	0.221082727231111
9167	0.249664666	0.215145840907407
9168	8.202747767	1.98807856029359
9169	0.096140766	0.255640439056944
9170	0.042285165	0.0971790175818376
9171	0.33424938	0.355382747059091
9172	0.916010357	0.868620694982778
9173	0.62716614	0.765277062540477
9174	0.039872086	0.0783231684734234
9175	0.349167197	0.755908648593982
9176	0.19856073	0.13984146405
9177	0.223644633	0.436231285013248
9178	0.053550259	0.0981660897504386
9179	0.055028791	0.0934810776887255
9180	0.061290311	0.0760284565938889
9181	0.35763389	0.4096044377325
9182	0.154573414	0.150529135253704
9183	1.71454301	1.59129110708111
9184	0.088739827	0.121181696083333
9185	0.070828314	0.180273927712963
9186	0.097842312	0.156028745294144
9187	0.8051199	0.343222447702778
9188	0.075015366	0.102494879861852
9189	0.069287196	0.194069425147059
9190	1.014188735	0.683560043929722
9191	1.238008193	1.76372332430917
9192	5.564806517	4.28157552891828
9193	0.02438505	0.0441586185599099
9194	0.102388905	0.353356498126709
9195	4.619692025	4.42591499064278
9196	0.120896705	0.177753493776778
9197	0.05043194	0.122104770622209
9198	1.003832806	0.434178705653947
9199	1.424611974	2.66974289381389
9200	1.217596525	2.43623694483547
9201	0.83386163	0.853956925272973
9202	0.09769204	0.129919309417742
9203	1.114649205	0.581411899049603
9204	0.032760964	0.134932988855208
9205	0.127732585	0.1162411968775
9206	0.052169518	0.12672015939031
9207	1.79627714	0.327534325503986
9208	0.076258904	0.220269456339474
9209	0.262598457	0.717330808559167
9210	0.181954345	0.206294552892708
9211	0.055642374	0.148934116474359
9212	0.091093062	0.106461052881481
9213	0.154566165	1.04880323636618
9214	0.027290506	0.121296704975676
9215	0.07658919	0.105082293148889
9216	3.11129416	2.46439732643125
9217	0.096078914	0.127338367414729
9218	0.84456692	0.987964075218687
9219	0.66356707	0.68790032952037
9220	1.527385452	1.67332482574145
9221	1.15995378	0.904484070001471
9222	0.063865232	0.37681460854
9223	0.643637177	1.32078705274643
9224	0.115530472	0.111088120184167
9225	0.041384722	0.174678035954748
9226	0.120640642	0.105616857540476
9227	3.091778128	3.55036912943737
9228	0.083239294	0.113345956924286
9229	1.079825709	0.970938144977941
9230	0.785875755	1.84253275093355
9231	0.109537938	0.194340977526894
9232	2.938168559	3.0149360238402
9233	1.897165563	1.8715844960277
9234	0.16484421	0.170983530886508
9235	0.312420275	0.246272394854899
9236	0.122554872	0.102374937564855
9237	0.057750121	0.0883275257140351
9238	2.525794295	1.76443924941667
9239	0.091846016	0.143367851644231
9240	0.515311207	0.83366455609785
9241	0.119668573	0.144520940712963
9242	0.149229295	0.144038484126042
9243	0.041403098	0.182127521423889
9244	0.431575403	0.215134971884959
9245	0.07848077	0.139659359044574
9246	0.181503566	0.0846391426985714
9247	0.200172215	0.172085409083333
9248	1.345895394	0.894014980356818
9249	0.368086205	0.273659477872222
9250	0.108741204	0.104088200205
9251	0.090785507	0.522570682892983
9252	0.713697057	0.834895880770202
9253	0.520060498	0.39300123889537
9254	0.513906897	0.635640317980303
9255	0.080194057	0.0893562454612745
9256	0.84897124	1.06493782686277
9257	0.514934374	1.03100941628158
9258	0.109333145	0.851216974888571
9259	0.0166946037	0.0263493496681191
9260	0.650861839	0.655198056742248
9261	0.252467385	0.195500930450397
9262	0.127758227	0.178701069104545
9263	2.306244989	1.65936237485245
9264	0.909780581	1.02626758946961
9265	1.124158744	1.07936151807286
9266	0.5924839925	0.332843412533991
9267	0.05514928	0.151063018836296
9268	0.086063775	0.160637233141085
9269	2.38125805	1.72423680157299
9270	1.10908359	0.881021296407265
9271	0.074477087	0.0931960259440171
9272	0.055488278	0.19093658905125
9273	0.465182926	1.16857234050741
9274	0.180931815	0.203823921923232
9275	0.066713725	0.353272786956491
9276	0.069076359	0.0892153409491228
9277	0.172915145	0.108310713942803
9278	0.0179328642	0.0456608707077027
9279	0.085312464	0.0782305087217391
9280	0.105698982	0.312345363177619
9281	0.072609963	0.38519606335619
9282	0.078536366	0.229447920021212
9283	0.111662246	0.362193104777941
9284	0.46088032	0.388078526282222
9285	0.126891786	0.124900762832051
9286	0.89882889	1.46119378097374
9287	0.668312141	0.242206284509375
9288	2.284891807	1.36484543333524
9289	0.66394418	0.137437499582258
9290	1.88595812	1.65384083445
9291	2.692832832	2.06331888140547
9292	0.21613531	0.518150028391667
9293	0.077825391	0.249742244090104
9294	1.433096418	1.76846640446833
9295	0.093236738	0.183549443097807
9296	1.754091558	0.411277817319129
9297	1.47219905	1.63310859978979
9298	0.029962881	0.19990650395404
9299	0.424349442	0.362327116979798
9300	0.148570775	0.964911004498437
9301	0.059219981	0.0777148217400901
9302	0.163439549	0.27680364085625
9303	3.158290094	2.36192668346667
9304	0.810214054	1.02895580021964
9305	0.048330058	0.0973729505947619
9306	2.064322084	0.939945907868182
9307	0.08265204	0.078072315597561
9308	0.060002053	0.143544548126296
9309	1.388209797	1.29910473987863
9310	0.560093187	1.32883256097545
9311	0.275809194	0.388794269721581
9312	0.09209645	0.189184217903252
9313	0.64902703	0.439835027304505
9314	1.062710023	0.535341203241473
9315	1.033203034	1.04488428159958
9316	0.054205355	0.578099129170528
9317	0.10916097	0.140226030494369
9318	0.022365606	0.0542604849172414
9319	0.033090545	0.0490996891480263
9320	0.070506057	0.292119303191833
9321	0.893270149	1.07076261423597
9322	0.226537346	0.192287344200926
9323	0.50724858	0.431929555595455
9324	1.078968005	0.449562525237963
9325	0.406715844	1.76418608733381
9326	0.604439416	1.14670189999885
9327	0.206104172	0.395551396281757
9328	0.066590201	0.19761403467069
9329	0.06393893	0.323908745326829
9330	0.067933365	0.06419840018
9331	0.061259664	0.102920527096905
9332	0.554350468	0.240913580308081
9333	0.646485786	0.835446162647778
9334	2.844208224	1.5411790767511
9335	0.63860987	0.620630958385374
9336	0.224769696	0.243679151861712
9337	0.58225017	1.65470083166881
9338	0.13331766	0.167782137335101
9339	0.10921009	0.125580849805488
9340	0.034594367	0.081931542739899
9341	5.52355273	4.6985427825188
9342	3.288638356	1.34466615349077
9343	1.50374426	1.5452735886925
9344	0.12618958	0.266440023353846
9345	0.2691163135	0.18572537507375
9346	0.042450694	0.106362549246081
9347	0.118713	0.55367274072265
9348	0.042286855	0.072830696739899
9349	0.07007666	0.112715610553488
9350	3.258571286	1.83719893302045
9351	0.061885493	0.104838168950725
9352	0.901087097	0.654224797601938
9353	0.13709434	0.167233017929915
9354	1.14667543	0.53964195591886
9355	0.20067769	0.705025433897778
9356	0.191163305	0.299273940051709
9357	0.044920187	0.103840063840278
9358	1.0123403	0.535632376175714
9359	0.101420611	0.106194910535965
9360	2.456545981	1.81273080242064
9361	0.106622503	0.419636041206435
9362	0.366251458	0.810852639786979
9363	0.81687944	0.635763997430147
9364	0.447698456	0.825519008375794
9365	0.108153567	0.0779053401154472
9366	0.071786408	0.0981206071889535
9367	0.748915786	0.732295741222059
9368	1.117837948	1.13271714792544
9369	0.76190589	0.902759448398465
9370	0.28652435	0.20391903000381
9371	0.483650174	0.2673749326
9372	0.34560043	0.32421968605098
9373	0.048318042	0.102060021703535
9374	0.37314491	1.98321864877381
9375	0.066430924	0.159415956352315
9376	0.106490633	0.2538965126025
9377	0.868253934	1.267995874645
9378	0.084340393	0.0792229244848387
9379	0.086318809	0.172951596276852
9380	0.078595132	0.103836405752252
9381	3.595494027	1.26467767900349
9382	0.080233614	0.118217675618571
9383	0.13997219	0.133361122001773
9384	0.991663356	0.138867632726149
9385	2.626291488	1.6837140502
9386	0.089339333	0.108806099588384
9387	0.931619118	0.816069209451351
9388	0.022173759	0.0725541160866667
9389	1.051122836	1.04574291272407
9390	2.21517068	0.878110950747369
9391	0.085923183	0.178627587740789
9392	0.06704911	0.0952449073992753
9393	0.138229537	0.171190396696591
9394	0.053519623	0.0634689886919841
9395	0.939488019	0.975824320006029
9396	0.13236017	0.100734371501471
9397	0.31379562	0.235616244053089
9398	0.062751967	0.102554266005556
9399	0.026500138	0.0738106331402778
9400	1.46240445	0.350254761182883
9401	0.187274908	0.113350170843694
9402	0.066863933	0.158521206973504
9403	1.218351395	0.660746464425194
9404	0.67705405	0.606781795238211
9405	0.3133061	0.347827440359286
9406	0.056566931	0.162572777427143
9407	0.263107374	0.184655901206322
9408	0.798166817	0.186562468858974
9409	3.865981387	3.28711574845898
9410	2.106558478	1.39012843902381
9411	0.076535568	0.227761525514815
9412	0.076281498	0.325983721298423
9413	0.237400627	0.438239339325463
9414	0.39228329	0.862024038748718
9415	1.181976094	0.922614580742105
9416	4.830467548	4.85026775867863
9417	0.58868807	0.420843428882456
9418	0.060635822	0.398984988159848
9419	0.967802738	0.242820898809048
9420	0.080118612	0.255638770153535
9421	5.261968052	3.45033723614373
9422	0.042866276	0.265332379786559
9423	0.06094534	0.143323348014103
9424	0.230925138	0.667186296408333
9425	0.139116623	0.439312124053101
9426	0.095075812	0.100090409085833
9427	0.66055628	0.866668537534188
9428	0.111750665	0.367340103482323
9429	1.27312718	0.824350060088636
9430	0.10916688	0.129750864321212
9431	0.096043181	0.503874902170635
9432	0.064431632	0.221993092475325
9433	2.371851824	1.60204649476351
9434	0.336236938	0.474164109342683
9435	0.058784255	0.175734043569167
9436	0.103632905	0.112610883600439
9437	0.19462485	0.0931518775941177
9438	0.16666744	0.398416808888596
9439	0.094104595	0.121245738540931
9440	0.49242644	0.412723950540278
9441	0.667190503	0.268510759034146
9442	0.090346142	0.161658156617063
9443	0.091554585	0.212495550872222
9444	0.048190395	0.198562072507527
9445	0.199214476	0.166236495366129
9446	0.712657794	0.535652884607037
9447	0.07280684	0.104277095982883
9448	0.684973513	0.590909038792046
9449	0.074854407	0.11444891004625
9450	0.053458592	0.178733994549123
9451	0.104094274	0.0943959206013566
9452	1.251061485	0.657367550543903
9453	0.073365635	0.213838730932424
9454	0.128463517	0.130990262190404
9455	0.071647395	0.389515559385447
9456	0.033305068	0.0676078410903846
9457	0.030036986	0.13873002136386
9458	0.240205446	0.134426781141111
9459	1.40566262	1.45236566648781
9460	4.0193838	1.83791032419119
9461	0.50103177	0.173022255481982
9462	0.256854364	0.251672442984685
9463	3.463592134	4.60209418392658
9464	0.606617466	0.202047079122102
9465	2.382348318	2.25625729710739
9466	0.593665255	0.797561975194828
9467	0.07937238	0.130475285303274
9468	0.077289074	0.171091685619841
9469	0.110752694	0.190421510459649
9470	0.055134272	0.0816023377572072
9471	0.046583973	0.243493494333772
9472	1.791760664	0.789181360816667
9473	3.674343256	2.18363427937929
9474	0.223687659	0.131731256152564
9475	0.111184142	0.167121034916111
9476	0.094926143	0.172493095933854
9477	0.540787144	0.244977096546759
9478	1.31287397	1.49700819075
9479	1.446537555	0.893165318179524
9480	0.879729485	0.35690684020651
9481	0.10709338	0.662577581673437
9482	0.085581248	0.474255221671368
9483	0.270758672	0.406296975528947
9484	0.39461908	0.673740047144047
9485	0.414094077	0.590074307781982
9486	0.049582311	0.216184673527222
9487	0.064666604	0.153498884281061
9488	0.14474169	0.837463936244444
9489	1.20334111	0.879564590999243
9490	1.103162682	0.177344314154786
9491	0.112947178	0.448176504584028
9492	1.23833362	0.42264549246625
9493	0.833610097	0.941084575412963
9494	0.245716784	0.358116744903087
9495	1.47668921	2.97387890917667
9496	0.079953082	0.161220708116667
9497	2.548402405	3.0388566233047
9498	0.15213097	0.138300512825676
9499	0.1110517403	0.14832737884338
9500	0.061464921	0.0549354722766228
9501	0.115562624	0.694527725376041
9502	0.103702921	0.158227981207883
9503	0.0357829285	0.0534769731754301
9504	2.210470616	1.21756720409955
9505	0.15231957	0.298523607704167
9506	0.117359922	0.279290382745736
9507	0.757843193	0.195033539034568
9508	0.31223625	0.541292942655555
9509	0.086604882	0.203591033358559
9510	0.533345981	0.602232769478788
9511	2.927080976	1.65666666387805
9512	0.204192843	0.886984673721428
9513	0.242361751	1.0098161192955
9514	1.75929186	1.01812352002
9515	3.63293204	3.01578028573235
9516	0.039134632	0.230184882407576
9517	0.297669428	0.980284453974479
9518	2.34002644	1.7710274230859
9519	0.602707194	0.478075615546569
9520	0.052716242	0.455956640979915
9521	0.101016994	0.108213618319136
9522	0.313571258	0.520037921199123
9523	0.130630556	0.301750575733712
9524	0.203408433	0.611778620866667
9525	1.08062066	0.682712516167983
9526	1.233481281	1.45713737820762
9527	1.322040893	1.58386869649767
9528	0.13800609	0.142035572542929
9529	1.915314483	2.62321940988228
9530	0.06255764	0.284743076622072
9531	0.034764253	0.0526916191331019
9532	0.126029778	0.249858545472895
9533	0.9763392	1.29894950284042
9534	0.724515384	1.08792431824905
9535	0.120342301	0.339252506027778
9536	0.477357215	0.163041052672368
9537	1.28020373	1.06891852223633
9538	0.105759894	0.139230873621895
9539	0.4278391	0.304889816923577
9540	0.093530251	0.0930354001134259
9541	1.204773926	0.835807188442708
9542	0.220514845	0.463437248991667
9543	0.099708005	0.129035868768919
9544	0.091205502	0.115901674659804
9545	0.0329007855	0.087767656205
9546	1.107783261	1.70374869428523
9547	0.27241179	0.276273362846667
9548	0.436705054	0.519339119753125
9549	2.919848779	1.6376593947925
9550	0.028136302	0.229461059934167
9551	0.27440133	0.187730283039922
9552	0.1757189	0.171613374658333
9553	0.14147918	0.116513984319493
9554	5.71332307	3.01767983251496
9555	0.100849503	0.815063570671545
9556	0.453468432	0.488587935508333
9557	1.337217317	1.58932594999167
9558	0.35052738	0.384339550955392
9559	0.797715077	0.590106188469369
9560	0.068196915	0.289998227756191
9561	0.14498218	0.106478584530392
9562	0.066519173	0.160619348676993
9563	0.60177244	0.435006584037626
9564	0.109209439	0.926794430884167
9565	1.320767702	1.08585091133378
9566	3.656518416	3.48513502830253
9567	1.355049713	0.812501104479279
9568	0.040784916	0.0858189483243333
9569	0.73206091	0.483497528283333
9570	0.046821523	0.127226801233333
9571	0.076225825	0.248111307133784
9572	0.410052284	0.311610165625194
9573	1.393791122	1.26885764289123
9574	2.052206608	1.74703604747907
9575	0.0255058987	0.12424161209377
9576	0.06888898	0.0965775831677083
9577	0.027729755	0.0543576908709524
9578	3.044990144	3.81758848915083
9579	0.540114848	0.313823284373656
9580	0.484391201	0.924876691217342
9581	0.15192568	0.119277713527451
9582	0.208703962	0.878596693795834
9583	0.048350651	0.173422332611404
9584	0.6512763	1.09453113388509
9585	0.063132053	0.12263875261982
9586	0.12277589	0.171643664688462
9587	0.371450127	0.341453111434058
9588	0.47959434	0.70159430079
9589	0.17022272	0.570287677179048
9590	0.095944468	0.127147442836667
9591	0.089636963	0.379405422803704
9592	0.22207655	0.286068313708333
9593	0.111078603	0.230907444399573
9594	1.6725104	1.14534235650946
9595	0.102099118	0.113904743326344
9596	0.331937522	0.55786685519881
9597	0.086343404	0.163202028153646
9598	0.357350759	1.55331200300225
9599	0.36595498	0.805446023722222
9600	0.244100991	0.186428845393678
9601	0.264033599	0.184355124012644
9602	3.81869403	3.13788471104595
9603	0.145648674	0.173138574058559
9604	0.776642667	1.17312664142434
9605	0.053806889	0.125111245481197
9606	0.094033995	0.15701927855101
9607	0.4357354085	0.291539456159615
9608	0.044827683	0.0667804704067709
9609	0.812876542	1.27517324300021
9610	0.284077645	0.313005439110965
9611	0.0270108815	0.0264481075224167
9612	0.064235729	0.467932159949462
9613	0.151068196	0.276278378795741
9614	0.112059771	0.391183686132099
9615	0.101295979	0.0756541757626563
9616	0.569463026	0.458454638144118
9617	0.049795638	0.128275514728205
9618	0.049973984	0.0496491960285256
9619	1.59195439	0.682443194649386
9620	0.0421974455	0.0586922900731944
9621	0.329638292	1.27228646108684
9622	0.171497485	0.302239967976706
9623	0.74327828	0.722360898471839
9624	0.15753954	0.104658733296512
9625	0.055381294	0.10104315047875
9626	0.041489361	0.084947289652451
9627	0.041094405	0.209621802434375
9628	0.0499880375	0.107694114404444
9629	1.591512311	1.86772403024495
9630	0.736814452	2.75530639867868
9631	0.378667467	0.457546668726344
9632	0.065676504	0.195986390188095
9633	1.44973822	0.508710189106098
9634	0.089724733	0.211045365372523
9635	0.045252504	0.172001427936842
9636	2.891526242	1.99180189947969
9637	0.026981149	0.131111721211111
9638	0.064234778	0.105480057771505
9639	0.0193512985	0.183605570921875
9640	2.138822195	1.34197827326712
9641	5.986324457	5.10923503269316
9642	0.061484826	0.317489970076136
9643	0.067453473	0.128830162118376
9644	0.07881989	0.172504202608333
9645	1.387633591	0.61062451001579
9646	0.343045985	0.407258014855556
9647	0.258153052	0.266071411730556
9648	1.569188637	1.18484531628889
9649	1.69319497	1.80973832250307
9650	0.053223589	0.0618342150083333
9651	1.34582397	1.44042055058667
9652	0.1083763	0.13997052650451
9653	0.035420433	0.0542596247696078
9654	0.546571915	0.800468932546429
9655	0.464204328	0.161489290876667
9656	0.891590596	1.55278247134028
9657	0.244696063	0.211385539714062
9658	0.306675647	0.722908826962857
9659	2.996062425	1.71585297461098
9660	0.135771836	0.209183738946465
9661	0.058781486	0.11651900847
9662	0.39187438	1.04142972038377
9663	0.134676147	0.74049155795935
9664	2.31543035	0.815287754436842
9665	0.032254698	0.0595001712594595
9666	0.735878289	0.778621961607658
9667	1.677864218	1.32631790188109
9668	0.585777147	0.637334856175735
9669	0.219406095	0.438201372968519
9670	0.15259458	0.142994531069444
9671	0.181097939	0.317428092243137
9672	0.220940782	0.771144060828632
9673	0.071573948	0.117594809624444
9674	0.951421832	1.43482356923725
9675	0.10193559	0.239644617159524
9676	1.349894549	0.893305745275806
9677	0.081184958	0.183410836358095
9678	0.934311044	0.854920603941667
9679	0.115555112	0.193512242986441
9680	0.025934163	0.062954050035
9681	0.085356186	0.155660904977273
9682	0.04460141	0.0656243310039474
9683	1.317540724	0.978927997463158
9684	1.726856726	1.44059798644596
9685	0.838041557	0.510403238591667
9686	0.206647825	0.404197797271631
9687	0.115332598	0.266511701210294
9688	0.118335705	0.114081646626768
9689	0.599259517	1.07671065878056
9690	0.227566376	0.956536333061111
9691	1.041273781	0.308413437309048
9692	0.10655819	0.125228923625444
9693	0.644109544	0.238468739101282
9694	1.447979891	1.5211668940075
9695	4.94307143	4.29609499933125
9696	0.099176344	0.0807140381192708
9697	0.026782586	0.0775846178501961
9698	0.322328489	0.319019698830497
9699	1.143931033	1.20485403495714
9700	0.449446523	0.717428391185714
9701	0.0576053839	0.00844703328310256
9702	0.240324295	0.517478033174074
9703	0.12840064	0.286662618086036
9704	0.135998914	0.732593672427957
9705	1.337997313	0.855166392763947
9706	1.910248834	3.08085176713659
9707	0.250560285	0.616025631935366
9708	0.071619507	0.135778861477957
9709	0.15716487	0.118290537914032
9710	0.644189003	1.89554236809471
9711	0.3905756	0.788224021401042
9712	1.155329557	0.390456163455093
9713	0.084003032	0.100070102910507
9714	0.096307422	0.0917088579714286
9715	0.042769995	0.121314597323611
9716	0.070870812	0.122860591461111
9717	0.209752177	0.464328909447037
9718	0.055357255	0.091867831522619
9719	0.876808007	0.89847167546624
9720	0.0271513412	0.0184672015922067
9721	1.30991355	0.868132853050981
9722	0.217669102	0.186182970429809
9723	1.081490604	1.28135528352252
9724	0.640651698	1.49988711230781
9725	0.060601343	0.187786053048062
9726	0.15624189	0.137563156739035
9727	0.085890962	0.0519495184117886
9728	1.634717942	1.66980288680152
9729	0.099954549	0.157643123210476
9730	0.394321814	0.938987408382778
9731	0.093596334	0.0820784783470085
9732	0.76763948	0.854401860148077
9733	0.418629635	0.1945833772975
9734	1.011961176	1.0424367450151
9735	0.248916538	0.169602362576344
9736	0.069632863	0.113713410481798
9737	3.272593092	2.00063448386616
9738	0.087802239	0.28616442509875
9739	0.034660837	0.126320955201709
9740	0.118947862	0.293783203236354
9741	0.06186368	0.347021486412821
9742	0.91707102	0.669740756287838
9743	0.594048391	1.38390664776441
9744	3.814998223	1.97017784297436
9745	1.04167964	0.535699508237097
9746	0.239258394	0.141062215325
9747	0.223129984	0.175459642430631
9748	0.284208715	0.531311143932456
9749	0.225664382	0.1567555460125
9750	0.655977317	0.904534131225439
9751	0.208237335	0.108513661000926
9752	5.21673407	4.91903505364314
9753	0.063103305	0.244112309028682
9754	0.757416729	0.886611882985714
9755	1.059921017	0.803705674314286
9756	0.144887847	0.0775407683489316
9757	0.34172605	0.945599036820175
9758	0.213160313	1.0028818220219
9759	0.071025484	0.202788805853409
9760	0.680094623	0.452572884518382
9761	0.225575308	0.198601738360684
9762	1.01197446	1.41929837596179
9763	0.36429999	0.167992577552252
9764	1.400863098	0.798583809761022
9765	0.156782635	0.131805243904412
9766	0.27728393	0.177739091430952
9767	0.143765014	0.0810253858195122
9768	0.233960512	1.16125761666135
9769	0.557939041	0.467364449383333
9770	0.104300578	0.390783749543333
9771	0.531636607	1.07977887231193
9772	0.75680872	1.49024208011765
9773	0.27063962	0.474383447154412
9774	0.126286906	0.229553061895349
9775	1.259944555	0.518787694931532
9776	0.029068203	0.422571895461325
9777	0.064259104	0.127428144511979
9778	0.69491248	0.442468442352593
9779	0.249594057	0.237868615440805
9780	1.925165305	1.14641746749781
9781	2.620790376	0.914919645583334
9782	0.13614264	0.690180128683796
9783	0.134787757	0.172718750709524
9784	0.20149424	0.222081404177193
9785	0.960901791	1.62906635001713
9786	0.121533603	0.111541813785746
9787	2.325454556	1.41167184268034
9788	0.0379907984	0.06219487813
9789	0.0135077696	0.0206636898305476
9790	0.017744115	0.048627561793381
9791	0.31342533	0.193001982510101
9792	4.91465614	3.87563743483396
9793	1.29016255	0.571151450619583
9794	0.240818676	0.704201693948296
9795	1.130202772	1.48351088202525
9796	1.640984566	1.1450781422286
9797	0.093509284	0.110028153521212
9798	2.912236753	3.71716017150815
9799	0.086243592	0.112015929336594
9800	0.562952682	1.302749273035
9801	0.105291244	0.345282309546667
9802	0.251312108	0.874066823989216
9803	0.070895141	0.0902339864397059
9804	0.08489247	0.446948199832353
9805	0.584541296	0.861700521239189
9806	0.173202114	0.234148376535043
9807	0.3511915125	1.61525214969167
9808	0.14508992	0.138286053439189
9809	0.81203068	0.120866887176471
9810	0.089408525	0.127154348127222
9811	0.994942546	0.482463834179412
9812	0.082017303	0.172171726642929
9813	0.387728056	0.759960584277451
9814	0.13051333	0.135617964659722
9815	0.081813175	0.0998936939313725
9816	0.337521584	0.408445289668939
9817	1.69337012	1.60921983027125
9818	0.047801717	0.37351251416938
9819	0.048940219	0.0696914489202315
9820	1.027945432	0.604400028516667
9821	0.084747233	0.110993995402857
9822	0.05249531	0.296227755381633
9823	1.44479357	0.914286639201515
9824	0.090122057	0.065163940254065
9825	0.106906005	0.411153604055405
9826	3.131448988	2.51239503314359
9827	0.378842283	1.25261531236176
9828	0.154323144	0.0894220481853659
9829	0.2434282865	0.512899410440278
9830	0.134507468	0.142186656923106
9831	0.110890722	0.16364478410875
9832	4.878485463	4.06953181198381
9833	0.049034408	0.16738521913447
9834	0.38615054	0.674854561300833
9835	0.149816338	0.571385288110684
9836	0.84578551	1.40175033847333
9837	0.105300174	0.13981085985
9838	0.248092256	0.6266620493725
9839	0.038237407	0.0742255437790698
9840	0.065647664	0.148896189164063
9841	0.177012835	0.478309815093229
9842	0.04671813	0.0788964464651042
9843	0.239159268	0.185958191177143
9844	0.04474698	0.192080509698188
9845	0.241486204	0.147168277850521
9846	0.062338071	0.0901748432746581
9847	0.18644924	0.5026977314
9848	0.07773462	0.604530988540441
9849	1.443756052	1.26324442785
9850	0.1689118876	0.0870460523163675
9851	0.069630194	0.129566064973611
9852	0.094148885	0.12208862312348
9853	1.732025524	1.47205775700342
9854	0.055850324	0.0822186006772523
9855	0.053880423	0.315460039575214
9856	0.098712389	0.128248722143056
9857	1.59050112	0.652771336760648
9858	0.446863412	0.599275207689216
9859	0.88493515	0.564530606202713
9860	0.075273983	0.318794044820312
9861	0.1676393	0.178366662904651
9862	0.352667454	0.496362832173039
9863	0.351050381	1.32614245295565
9864	0.027184237	0.340638778469697
9865	0.125925255	0.447783794069907
9866	0.1142653426	1.37095147031537
9867	0.0084495273	0.0121169260345439
9868	0.056610843	0.183482619246237
9869	0.282640852	0.12278085506982
9870	0.164809517	0.460153737410965
9871	0.699058913	0.937650063026389
9872	0.120873261	0.306393117234849
9873	0.085425384	0.218982426357407
9874	0.366301523	0.570708872935859
9875	0.239476287	0.202675204175245
9876	0.026873352	0.0198548638710227
9877	0.124991153	0.350549514019926
9878	0.103335515	0.306896384179412
9879	1.138478932	1.02615867078991
9880	0.232322105	0.720209853308823
9881	0.368728496	0.163522872161382
9882	0.250707544	0.83565986741508
9883	0.117596164	0.111676175146552
9884	0.192699436	0.146832662726042
9885	0.113738023	0.159923579268085
9886	0.2071866095	0.433411743884314
9887	0.271256487	0.714999038038761
9888	0.06552932	0.235647170819697
9889	2.021151874	1.08260764866476
9890	1.12799066	1.16530046091539
9891	0.061978037	0.643840091555754
9892	0.718372133	0.296377631448485
9893	0.096796169	0.216608165943103
9894	0.484397246	1.03768395489352
9895	0.18181689	0.173608715369369
9896	0.236049697	0.121183558143056
9897	0.241303626	0.390316574357265
9898	1.67891036	1.28370501994126
9899	0.702861206	0.774968532424324
9900	0.07805256	0.0744172914627478
9901	0.498514234	0.488488971440196
9902	0.875800401	0.74578390205991
9903	0.214812275	0.184516884625741
9904	0.158604456	0.159063800456624
9905	0.192084898	0.22570690569246
9906	1.556480033	0.622962752889394
9907	0.0438968307	0.0586451808018571
9908	0.165590356	0.179532010929444
9909	0.13022092	0.239797074088462
9910	0.087860178	0.179780147660185
9911	0.042531959	0.183215154779762
9912	0.064241401	0.10992248850947
9913	1.023336173	0.714461252953659
9914	0.0399299885	0.10481650661626
9915	0.066341788	0.100383875195602
9916	0.115920977	0.20910279000101
9917	0.31235558	0.139999294920635
9918	0.151631645	0.228459961257917
9919	0.230413217	0.644433651076316
9920	0.180418497	0.206695964507143
9921	0.111691644	0.343646064059849
9922	0.269195367	0.136388254428241
9923	0.42913535	0.265025273917308
9924	2.152835	1.13630888465347
9925	5.146723053	3.69552489455838
9926	0.178559438	0.136844980613021
9927	0.094431186	0.192447946438889
9928	0.07320112	0.23087130778136
9929	0.147301948	0.160380086257658
9930	0.093559124	0.161671098454167
9931	0.383912678	1.02441034555814
9932	0.430667425	0.794175677722581
9933	0.049645578	0.048543005490991
9934	0.347726465	0.760210051440598
9935	1.710361971	2.08641576480976
9936	0.055741564	0.178251640767778
9937	0.087373981	0.132997463329444
9938	0.046568457	0.165088096025463
9939	1.336450052	0.787517489352315
9940	0.85637569	0.658967771652778
9941	0.159412688	0.589653891317677
9942	0.100208159	0.187353476288194
9943	1.557580727	0.553460317337083
9944	0.408168295	0.607976036003252
9945	0.060814028	0.165164313344828
9946	0.06227593	0.20172490368588
9947	0.615626498	1.25435668296019
9948	0.034365948	0.120271534795833
9949	0.20448803	0.11888864708114
9950	0.070331162	0.199051783151042
9951	4.866486874	5.26098641954961
9952	0.089257492	0.192305201749573
9953	1.60413296	1.02964471454309
9954	0.0331887983	0.036713772850505
9955	0.57568696	0.266552279094444
9956	0.074304037	0.159117110430208
9957	0.719585543	0.673127235972222
9958	0.059008392	0.0983872669265958
9959	0.16542257	0.480327817309829
9960	5.810697316	4.97014849277364
9961	0.85619807	0.453472888384804
9962	0.637640384	0.859585388546826
9963	0.494173433	1.02345793004844
9964	1.366443805	1.60181771179518
9965	0.056709183	0.0877728882151163
9966	0.97637413	0.127701419558565
9967	0.067683745	0.107756662702899
9968	0.250070758	0.71540345699
9969	1.862870453	0.857453288714912
9970	0.090952884	0.248813772676263
9971	0.128630877	0.109636524313675
9972	0.085599896	0.148489206648925
9973	5.716660335	4.5189959791846
9974	0.26697434	0.644411688504546
9975	0.024226944	0.346079019389316
9976	0.370417793	0.498989221247833
9977	0.059631165	0.0693329382630208
9978	0.040202707	0.105231163970789
9979	2.279706007	1.54427354475048
9980	0.105639174	0.41079570413125
9981	0.636599631	0.71092299877973
9982	0.117843394	0.268725021008854
9983	0.1407225	0.127279727841619
9984	0.212709323	0.986775003263095
9985	0.635725004	0.385726869815592
9986	0.448854978	0.471435912522222
9987	0.1233161	0.141179378119369
9988	1.272956568	0.675660961200926
9989	0.062528165	0.573575297845833
9990	0.083167571	0.100083415453623
9991	0.517566556	0.859076669704166
9992	0.075963092	0.13214560534
9993	1.07052091	1.03669742718714
9994	0.174571955	0.230151247864865
9995	0.100699903	0.333755747147024
9996	0.156768656	0.154859888552963
9997	0.25033612	0.328811939216228
9998	0.082134947	0.130983871148611
9999	0.39996051	0.241694435621131
10000	0.350400733	2.4269681959019
10001	0.1626111	0.205694608926111
10002	0.13893943	0.155876196629487
10003	0.0070074344	0.0157104785097857
10004	0.447780563	0.472299313159722
10005	0.158691654	0.155331721748784
10006	0.585366007	0.786935890327407
10007	1.426133737	1.08775002697284
10008	1.51078141	1.82403263956667
10009	1.11205662	1.49243228214071
10010	0.170353847	0.168994502509048
10011	0.130530134	0.852823309170857
10012	1.249116557	0.467940182833333
10013	1.021448135	0.654464178274806
10014	0.524257245	0.458266432197863
10015	0.272927423	0.810665423469676
10016	0.15831133	0.154894129940686
10017	0.571535334	0.356790125660476
10018	0.19139854	0.412346906223039
10019	1.23922024	0.385136924748889
10020	0.095930395	0.116440794251538
10021	0.12595729	0.378057050325556
10022	0.471610563	0.644209691790417
10023	0.40195226	0.70562171895875
10024	0.260634974	0.150969214680952
10025	0.1276619	0.0991610561378049
10026	0.136110178	0.124297104759259
10027	0.652716027	0.826395607289352
10028	0.067252815	0.152169667305172
10029	0.089578498	0.493849627463063
10030	0.208787696	0.181740702360526
10031	0.16779759	0.237939575001087
10032	0.134169578	0.316088050985461
10033	0.17686973	0.695820633030702
10034	0.028084657	0.5014295049625
10035	0.293008886	0.661720434686184
10036	0.14318183	0.121050464194762
10037	0.056416471	0.0570375984564286
10038	0.155667865	0.0918969877509009
10039	0.184534628	0.149121101886992
10040	0.049422729	0.240217578910526
10041	0.1869259	0.221072123643694
10042	1.150435802	1.24328433673182
10043	0.25966753	0.411766495889706
10044	0.115245466	0.123022776323077
10045	0.068164916	0.428575349142188
10046	0.647334756	0.758572210593137
10047	0.0181530864	0.127685979546667
10048	0.821625672	1.96425595677927
10049	0.470171163	0.458434977981944
10050	4.31430026	4.36916601594542
10051	0.214256506	0.614505464649048
10052	0.10402966	0.217308978560811
10053	0.435693045	0.351989165054274
10054	0.041654749	0.208867715232237
10055	0.11609766	0.245803317070325
10056	0.045334992	0.137330818186842
10057	1.42463385	1.03681106247031
10058	0.155345665	0.248728293607083
10059	0.51567493	0.473017383986458
10060	0.088088212	0.117700236948684
10061	0.31927842	0.77227910807094
10062	0.25985593	0.312138016052326
10063	0.10209777	0.270354187595145
10064	0.128769715	0.198603776535
10065	0.031443725	0.116051302283772
10066	0.063080504	0.0917586393661616
10067	0.417927458	0.129132173387745
10068	0.248967014	1.46751675801979
10069	1.286088422	1.1077170925359
10070	1.348300573	0.947249241520476
10071	1.39308098	0.878948600355882
10072	0.289711888	0.336685136161765
10073	0.111022773	0.140533636914762
10074	1.60185384	0.35601539265935
10075	0.055240441	0.341876007917054
10076	3.4047556	2.35084552188529
10077	0.438205344	1.11624487063559
10078	0.067988977	0.0960107308371951
10079	0.08960662	0.083347128824537
10080	0.19229994	0.216955577861364
10081	0.12519524	0.657075821958333
10082	1.017021846	1.42276930451171
10083	0.096461143	0.379584312081349
10084	0.116048533	0.112826540987143
10085	0.0065997535	0.0150383859455746
10086	1.114868397	0.94972323165875
10087	0.470956281	1.12057631789476
10088	0.19457248	0.150246228258287
10089	0.145875792	0.111900741390161
10090	0.153449724	0.119600296527546
10091	5.95547665	4.57294613189802
10092	3.342193973	2.5873628889431
10093	0.056864988	0.115130370288776
10094	0.159640574	0.174078144084553
10095	1.145185107	1.23841956736591
10096	0.082619589	0.127167995613384
10097	0.121898473	0.174534780891667
10098	3.397342574	1.41690754303578
10099	0.161998593	0.487025701249123
10100	0.063914256	0.1703880511595
10101	0.034173593	0.0794424832825463
10102	0.02868685	0.0400413175683839
10103	0.104127225	0.13680125995202
10104	1.736534523	2.39059396345076
10105	3.535956086	2.41714390534667
10106	0.087985467	0.11806508617803
10107	0.044698931	0.0931250910096899
10108	0.71827845	0.27999547805625
10109	0.972281944	1.21852303964352
10110	0.343387264	0.564984995048649
10111	0.066516162	0.248466157749594
10112	0.406011188	1.04492222110305
10113	0.063106193	0.404882522013131
10114	2.354426628	1.52451309897841
10115	0.10981369	0.11915102300101
10116	0.089148914	0.188814531925362
10117	0.047123644	0.208648563387149
10118	0.089517664	0.134461965302703
10119	0.67690624	0.249221955471354
10120	0.27975412	0.222007375253846
10121	0.17920876	0.321621515124324
10122	0.0327524395	0.0550886725604412
10123	0.166127746	0.151998431962037
10124	0.118322237	2.29439000041414
10125	0.715018947	0.786389411040625
10126	0.105144417	0.141715476488102
10127	1.257299943	1.63985740540232
10128	0.053319272	0.150671874957479
10129	0.058677638	0.122505607635714
10130	0.238539716	0.241296319002632
10131	0.344589984	0.527222348662626
10132	0.90732299	0.480747095769583
10133	0.062789261	0.0847431944888889
10134	2.21949307	1.56169668938829
10135	0.498090837	0.220414468651984
10136	0.319720351	0.31534135481875
10137	0.097769147	0.425511084774444
10138	2.6898034	1.64591039879583
10139	0.06236027	0.101311116057143
10140	0.156151414	0.167238640013426
10141	0.13353891	0.257316285839461
10142	0.79426273	1.22012496861905
10143	0.036340359	0.0464080454146079
10144	1.595727174	2.2403218707303
10145	0.092478081	0.162888857081127
10146	0.066613866	0.157732551543651
10147	0.611279553	1.58835077092157
10148	0.061724636	0.143114922167222
10149	0.342755118	0.44160109390928
10150	0.523698838	0.946515864683333
10151	0.29006261	0.359509974146795
10152	0.05925314	0.0687684182304762
10153	0.064495265	0.100215046076471
10154	0.100591168	0.184496874818699
10155	1.46395088	1.09281964241081
10156	0.0282415953	0.0437511606706111
10157	4.439968774	4.00487387205244
10158	0.357256444	0.752773803161225
10159	0.103563234	0.124005815869298
10160	1.01638895	0.769074037750575
10161	0.075840913	0.148621409178846
10162	1.040463915	0.644041597285859
10163	0.66440411	0.499787001003431
10164	0.070147251	0.169823220556579
10165	1.569835984	1.27073065860104
10166	0.051530473	0.14464033493224
10167	0.028140916	0.351418327194118
10168	1.785572258	0.991522504313441
10169	0.389363522	2.19537738862238
10170	0.206044848	0.222278376127419
10171	0.133748135	0.362525423453241
10172	0.092529044	0.130947126735088
10173	0.138562898	0.369758496036937
10174	0.019675679	0.0730322475653509
10175	0.391984776	0.358138667484722
10176	0.023930843	0.281420002394253
10177	0.067978287	0.185314894952857
10178	0.806334553	0.44335952176
10179	0.18774228	0.142470575294676
10180	1.008925619	1.51328797330977
10181	0.082410762	0.193400515200926
10182	0.463487361	1.17299415705354
10183	1.82727876	0.925692041716666
10184	0.197452864	0.261437441649621
10185	0.00077880714	0.00545826143502299
10186	1.253209272	1.04153180470351
10187	0.040927405	0.0619533837311966
10188	0.074634064	0.208329907438235
10189	0.078312904	0.0706365818194445
10190	0.104432688	0.171451589681081
10191	0.553523886	0.666474598897436
10192	0.288377729	0.45388708633114
10193	0.050677379	0.07994646635
10194	0.079540711	0.285056988682222
10195	1.228621272	1.45720704437607
10196	0.069524234	0.134334571827375
10197	0.056175658	0.575290346861583
10198	0.054467815	0.0996672429108527
10199	0.130053993	0.0917447342896429
10200	0.179812553	0.404593426316667
10201	0.122364488	0.148181367995699
10202	0.62415729	0.2347149025
10203	0.115072231	0.155994812315556
10204	2.26643463	1.76322801160202
10205	0.200287024	0.338402130670721
10206	0.147160516	0.184639278293803
10207	0.590889082	0.706087751887388
10208	0.613283922	0.254377017709649
10209	0.692366817	1.18998731800746
10210	0.17340719	0.201575735374722
10211	0.208355687	0.643932840278119
10212	0.082495062	0.221462966490952
10213	0.118945298	0.297587417887619
10214	0.080630964	0.109907770303431
10215	0.0323442665	0.224092265176389
10216	0.051335534	0.0854455088928571
10217	0.068504302	0.121896587544494
10218	0.550597674	0.49639721803125
10219	0.029081913	0.0136359155750049
10220	0.266936874	0.492598468414762
10221	0.24744926	0.56035968551
10222	0.33636258	1.12744907308691
10223	0.905668252	0.947170191336822
10224	0.868599292	0.558984605421528
10225	0.090020746	0.129925057855556
10226	6.530395694	5.35412973106667
10227	0.824370287	1.4752486452831
10228	0.341184967	0.753785604400379
10229	0.162287015	0.363818374937879
10230	0.35783092	0.658543847992248
10231	0.079572664	0.175900004188384
10232	0.159646613	0.285656260284286
10233	0.096173686	0.17076683701713
10234	0.0471766316	0.340913908448618
10235	0.192530146	0.0907308913759259
10236	0.207231777	0.11206426853254
10237	3.197705375	2.83295801753172
10238	0.123302531	0.0985863822385714
10239	0.139558182	0.196402674739756
10240	0.7159941	0.522658611827388
10241	0.068487236	0.0674555954857143
10242	0.059954979	0.142616643154167
10243	0.36571309	1.25543189102763
10244	0.027766182	0.0587632587841464
10245	0.11486311	0.309804845645652
10246	1.42651169	0.769930375695313
10247	0.048931944	0.140328072521429
10248	0.260706053	0.226276578773404
10249	0.047049133	0.116730984417105
10250	0.324104566	0.721179459568889
10251	0.81261433	0.714913915775813
10252	4.178498365	3.6541233295214
10253	0.209107427	0.127228068583333
10254	0.169542937	0.94726974448875
10255	0.042584421	0.0469190597205093
10256	0.05152522	0.108228333466667
10257	0.068991849	0.134135892560294
10258	0.072525948	0.164007321004701
10259	0.041881708	0.230865130331863
10260	0.22365282	0.196794126137879
10261	1.262656	1.00034273114571
10262	0.062266885	0.113356450030893
10263	0.112928896	0.135227460438889
10264	0.25369765	0.128905073808148
10265	0.231721995	0.745217227759196
10266	0.452499798	0.810701185700463
10267	0.111043349	0.175589390573874
10268	0.35153918	0.47562744708625
10269	0.85374646	1.20746199549238
10270	0.086269542	0.136702658863726
10271	0.075720793	0.175849343456667
10272	0.064889083	0.108540082280952
10273	0.06131824	0.0926245221266667
10274	0.938716887	1.00095873075889
10275	0.040714265	0.12073555826819
10276	0.035422031	0.812526874502525
10277	1.070366941	1.41074302567073
10278	0.103723643	0.24738514603964
10279	0.23235009	0.271644399795495
10280	0.11987383	0.129551574520513
10281	0.240129106	0.866077387813596
10282	4.364755806	2.24813132467258
10283	0.176724845	0.255290777341905
10284	0.12619705	0.103354381788889
10285	0.171919074	0.326452730855931
10286	0.061540477	0.228035421860648
10287	0.49511022	0.55746971344899
10288	0.315268109	0.42817823005404
10289	0.334234495	0.934199491120098
10290	0.141861811	0.590690731941667
10291	0.074108894	0.1148207672925
10292	0.128326247	0.0748187894888889
10293	0.27845392	0.490040977792857
10294	0.0725713	0.180256953898542
10295	0.324140794	0.162326073512821
10296	0.06050776	0.260158166863846
10297	0.049668382	0.729325035846053
10298	0.096008311	0.0997117051267117
10299	0.27976715	0.328393330408108
10300	0.949303156	0.547214883305555
10301	0.033870528	0.112070658633333
10302	3.057334218	1.99737620264948
10303	0.043855459	0.211079191265447
10304	0.121526781	0.235759150859756
10305	2.425174749	1.30796088871677
10306	0.14576426	0.226421111131019
10307	0.076047696	0.104875643617647
10308	0.332865956	0.455826041789323
10309	0.425702874	0.466328706658333
