sample	dataset	n_in	n_rest	mean_in	mean_rest	delta_mean	delta_median	cluster	direction
"CNP0000460|CNP0000460_P01N"	"CNP0000460"	3454	5164	0.137031492524038	0.163102175401658	-0.02607068287762	-0.0260291624279417	"C1"	"negative"
"CNP0000460|CNP0000460_P02N"	"CNP0000460"	6	89	0.16158810896349	0.166606086237574	-0.00501797727408387	0.000115293319769338	"C1"	"negative"
"CNP0000460|CNP0000460_P03N"	"CNP0000460"	312	2221	0.124093738859761	0.139705612247469	-0.0156118733877073	-0.014618514750763	"C1"	"negative"
"CNP0000460|CNP0000460_P05N"	"CNP0000460"	1590	1071	0.148902759916484	0.163064496059529	-0.0141617361430455	-0.0102102407595795	"C1"	"negative"
"CNP0000460|CNP0000460_P07N"	"CNP0000460"	551	1463	0.14148377222215	0.16173295997786	-0.0202491877557097	-0.0261173279077654	"C1"	"negative"
"CNP0000460|CNP0000460_P01T"	"CNP0000460"	574	8129	0.169807553023939	0.206849313217051	-0.0370417601931116	-0.0308341810783317	"C1"	"negative"
"CNP0000460|CNP0000460_P02T"	"CNP0000460"	0	2	NA	0.0881010512037979	NA	NA	"C1"	"NA"
"CNP0000460|CNP0000460_P03T"	"CNP0000460"	216	1436	0.125965989726587	0.1395383591624	-0.0135723694358131	-0.00988470668023056	"C1"	"negative"
"CNP0000460|CNP0000460_P04T"	"CNP0000460"	769	7141	0.174042555255556	0.196297287277737	-0.0222547320221813	-0.0189759240420482	"C1"	"negative"
"CNP0000460|CNP0000460_P05T"	"CNP0000460"	4806	3026	0.196785314276675	0.205526793112344	-0.00874147883566875	-0.00560868090878258	"C1"	"negative"
"CNP0000460|CNP0000460_P06T"	"CNP0000460"	578	3817	0.164166188526754	0.181998254671393	-0.0178320661446384	-0.0214581213970837	"C1"	"negative"
"CNP0000460|CNP0000460_P07T"	"CNP0000460"	339	2573	0.240368606527286	0.30346520463108	-0.0630965981037933	-0.0587521193624957	"C1"	"negative"
"GSE326225|GSE326225_BC1"	"GSE326225"	0	220	NA	0.0655339252134776	NA	NA	"C1"	"NA"
"GSE326225|GSE326225_BC2"	"GSE326225"	5	1742	0.177547643268905	0.122488944276193	0.0550586989927115	0.0413496100373008	"C1"	"positive"
"GSE326225|GSE326225_BC3"	"GSE326225"	25	3488	0.141953475754493	0.112834791221406	0.0291186845330869	0.0238792811122415	"C1"	"positive"
"GSE326225|GSE326225_BC4"	"GSE326225"	14	526	0.115697815240033	0.0752915791523066	0.0404062360877264	0.0392472024415056	"C1"	"positive"
"GSE326225|GSE326225_BC5"	"GSE326225"	0	21	NA	0.0462539359589207	NA	NA	"C1"	"NA"
"GSE326225|GSE326225_BC6"	"GSE326225"	2	108	0.126015598507969	0.121518342689926	0.0044972558180425	0.0208511359782977	"C1"	"positive"
"GSE326225|GSE326225_BC7"	"GSE326225"	0	9	NA	0.122605026185901	NA	NA	"C1"	"NA"
"GSE326225|GSE326225_BC8"	"GSE326225"	0	128	NA	0.106382089267548	NA	NA	"C1"	"NA"
"HRA003620|HRA003620_BC-01"	"HRA003620"	1	119	0.103852153272296	0.156125164206069	-0.0522730109337733	-0.0279823669040352	"C1"	"negative"
"HRA003620|HRA003620_BC-04"	"HRA003620"	224	2056	0.189551452066076	0.265383461121821	-0.075832009055745	-0.0750457782299084	"C1"	"negative"
"HRA003620|HRA003620_BC-05"	"HRA003620"	24	3707	0.168774443314118	0.171018507871839	-0.00224406455772169	0.0279484571041031	"C1"	"negative"
"HRA003620|HRA003620_BC-11"	"HRA003620"	1	117	0.042488979315022	0.12331150933389	-0.0808225300188678	-0.0804679552390642	"C1"	"negative"
"HRA003620|HRA003620_BC-24"	"HRA003620"	42	3724	0.183937573673077	0.129882117005929	0.0540554566671487	0.0597795863004408	"C1"	"positive"
"HRA003620|HRA003620_BC-27"	"HRA003620"	112	1643	0.141918568037591	0.142017787888113	-9.92198505214981e-05	0.0084401492031197	"C1"	"negative"
"HRA003620|HRA003620_BC-30"	"HRA003620"	14	2317	0.127097805551519	0.122549970122203	0.00454783542931607	0.00173279077653443	"C1"	"positive"
"HRA003620|HRA003620_NC-01"	"HRA003620"	0	14	NA	0.238574819551422	NA	NA	"C1"	"NA"
"HRA003620|HRA003620_NC-04"	"HRA003620"	2	306	0.144649033570702	0.206731449898825	-0.0620824163281228	-0.0506612410986775	"C1"	"negative"
"HRA003620|HRA003620_NC-05"	"HRA003620"	8	626	0.166457273652085	0.285053416060245	-0.118596142408159	-0.109348931841302	"C1"	"negative"
"HRA003620|HRA003620_NC-11"	"HRA003620"	4	251	0.206408952187182	0.213876592646032	-0.0074676404588496	0.00481858257036283	"C1"	"negative"
"HRA003620|HRA003620_NC-24"	"HRA003620"	68	1398	0.219963896036543	0.283010996186482	-0.0630471001499388	-0.0398677517802645	"C1"	"negative"
"HRA003620|HRA003620_NC-27"	"HRA003620"	366	2287	0.182318411168369	0.204170086930374	-0.0218516757620057	-0.0219226856561546	"C1"	"negative"
"HRA003620|HRA003620_NC-30"	"HRA003620"	0	4	NA	0.249776195320448	NA	NA	"C1"	"NA"
"InhouseData|T4380845"	"InhouseData"	4	368	0.224489657511021	0.262549758945553	-0.038060101434532	-0.0270803662258393	"C1"	"negative"
"InhouseData|T4091568"	"InhouseData"	40	723	0.172807222787386	0.200461745477638	-0.0276545226902525	-0.012892505934215	"C1"	"negative"
"InhouseData|T4295396"	"InhouseData"	1	546	0.256059681247881	0.119136691273009	0.136922989974872	0.15099016615802	"C1"	"positive"
"InhouseData|T4398343"	"InhouseData"	0	17	NA	0.124409869746474	NA	NA	"C1"	"NA"
"InhouseData|T4463209a"	"InhouseData"	0	239	NA	0.115402994561663	NA	NA	"C1"	"NA"
"InhouseData|T4463209b"	"InhouseData"	1	310	0.175591726008817	0.180762073529573	-0.00517034752075607	-0.00120040691759921	"C1"	"negative"
"InhouseData|T4466585"	"InhouseData"	0	9	NA	0.170200821370709	NA	NA	"C1"	"NA"
"InhouseData|T4469479"	"InhouseData"	3	323	0.0885678761161976	0.0796682928672888	0.00889958324890879	0.0183858935232282	"C1"	"positive"
"InhouseData|T4471438"	"InhouseData"	3	340	0.157067932632531	0.17916356491732	-0.0220956322847891	0.00229908443540189	"C1"	"negative"
"InhouseData|T8009218"	"InhouseData"	6	704	0.198485362269696	0.195038138891458	0.00344722337823813	0.0274703289250594	"C1"	"positive"
"InhouseData|T4465935"	"InhouseData"	7	520	0.136564452841157	0.130700667762214	0.00586378507894272	0.0195218718209563	"C1"	"positive"
"InhouseData|T4465219"	"InhouseData"	87	9209	0.169343046347291	0.13776920870125	0.0315738376460414	0.0276703967446592	"C1"	"positive"
"PRJNA662018|PRJNA662018_PRJNA662018_P1N1"	"PRJNA662018"	31	323	0.104772968420132	0.0783528025977216	0.0264201658224099	0.0294743981010512	"C1"	"positive"
"PRJNA662018|PRJNA662018_PRJNA662018_P1T1"	"PRJNA662018"	7	488	0.198849973356586	0.250208545269583	-0.0513585719129971	-0.0565242455069515	"C1"	"negative"
"PRJNA662018|PRJNA662018_PRJNA662018_P2T2"	"PRJNA662018"	39	1613	0.111438036361739	0.151724903016501	-0.0402868666547613	-0.0388131570023736	"C1"	"negative"
"PRJNA662018|PRJNA662018_PRJNA662018_P3N3"	"PRJNA662018"	9	126	0.0985531818695603	0.104971876396088	-0.00641869452652766	-0.0165276364869447	"C1"	"negative"
"PRJNA662018|PRJNA662018_PRJNA662018_P3T3"	"PRJNA662018"	9	660	0.120550092310011	0.175245743292539	-0.0546956509825279	-0.0296642929806714	"C1"	"negative"
"PRJNA662018|PRJNA662018_PRJNA662018_P4T4"	"PRJNA662018"	0	7	NA	0.132124206752894	NA	NA	"C1"	"NA"
"PRJNA662018|PRJNA662018_PRJNA662018_P5T5"	"PRJNA662018"	14	4498	0.149140628784576	0.135893921280111	0.0132467075044651	0.00578162088843676	"C1"	"positive"
"PRJNA662018|PRJNA662018_PRJNA662018_P6N2"	"PRJNA662018"	11	681	0.146946576651561	0.182309033301814	-0.0353624566502523	-0.0213496100373007	"C1"	"negative"
"PRJNA662018|PRJNA662018_PRJNA662018_P6T6"	"PRJNA662018"	102	9895	0.15439171803004	0.149681969941764	0.00470974808827618	0.00262461851475077	"C1"	"positive"
"PRJNA662018|PRJNA662018_PRJNA662018_P7T7"	"PRJNA662018"	68	8318	0.209429318014083	0.192844309011796	0.0165850090022862	0.0284706680230587	"C1"	"positive"
"PRJNA662018|PRJNA662018_PRJNA662018_P8T8"	"PRJNA662018"	57	8233	0.193331310643513	0.178981090622035	0.0143502200214775	0.0234316717531367	"C1"	"positive"
"CNP0000460|CNP0000460_P01N"	"CNP0000460"	56	8562	0.100027127839946	0.152997534430408	-0.0529704065904619	-0.055473041709054	"C10"	"negative"
"CNP0000460|CNP0000460_P02N"	"CNP0000460"	1	94	0.0786978636826042	0.167220983672792	-0.0885231199901878	-0.0876568328246864	"C10"	"negative"
"CNP0000460|CNP0000460_P03N"	"CNP0000460"	31	2502	0.0884717618875726	0.138393599803101	-0.0499218379155283	-0.0536215666327569	"C10"	"negative"
"CNP0000460|CNP0000460_P05N"	"CNP0000460"	18	2643	0.104526958290946	0.15494361645771	-0.0504166581667641	-0.0533502882332995	"C10"	"negative"
"CNP0000460|CNP0000460_P07N"	"CNP0000460"	4	2010	0.121300440827399	0.156262525959555	-0.0349620851321554	-0.0349677856900644	"C10"	"negative"
"CNP0000460|CNP0000460_P01T"	"CNP0000460"	103	8600	0.108319621263749	0.205557055998486	-0.0972374347347368	-0.0825466259749068	"C10"	"negative"
"CNP0000460|CNP0000460_P02T"	"CNP0000460"	0	2	NA	0.0881010512037979	NA	NA	"C10"	"NA"
"CNP0000460|CNP0000460_P03T"	"CNP0000460"	49	1603	0.0939462010643525	0.139103165119149	-0.0451569640547961	-0.0402984062394032	"C10"	"negative"
"CNP0000460|CNP0000460_P04T"	"CNP0000460"	34	7876	0.102789180779128	0.194528037239126	-0.0917388564599982	-0.0871414038657172	"C10"	"negative"
"CNP0000460|CNP0000460_P05T"	"CNP0000460"	11	7821	0.131490489842474	0.200259289219203	-0.0687687993767291	-0.0620888436758223	"C10"	"negative"
"CNP0000460|CNP0000460_P06T"	"CNP0000460"	104	4291	0.112491000860787	0.181280897450396	-0.0687898965896083	-0.0713563919972872	"C10"	"negative"
"CNP0000460|CNP0000460_P07T"	"CNP0000460"	4	2908	0.121454730417091	0.296360079163291	-0.1749053487462	-0.161478467277043	"C10"	"negative"
"GSE326225|GSE326225_BC1"	"GSE326225"	3	217	0.0726167062280999	0.065436006581939	0.00718069964616086	0.00401492031197015	"C10"	"positive"
"GSE326225|GSE326225_BC2"	"GSE326225"	11	1736	0.0806966922531521	0.122912336135189	-0.0422156438820371	-0.0450627331298745	"C10"	"negative"
"GSE326225|GSE326225_BC3"	"GSE326225"	610	2903	0.0885788458438259	0.118182395008403	-0.0296035491645768	-0.0310715496778569	"C10"	"negative"
"GSE326225|GSE326225_BC4"	"GSE326225"	28	512	0.0835181417429637	0.0759465470286538	0.00757159471430995	0.014136995591726	"C10"	"positive"
"GSE326225|GSE326225_BC5"	"GSE326225"	0	21	NA	0.0462539359589207	NA	NA	"C10"	"NA"
"GSE326225|GSE326225_BC6"	"GSE326225"	15	95	0.0875424437662485	0.126977637379308	-0.0394351936130594	-0.0299016615801967	"C10"	"negative"
"GSE326225|GSE326225_BC7"	"GSE326225"	2	7	0.0986130891827738	0.129459865329652	-0.0308467761468779	-0.0502916242794167	"C10"	"negative"
"GSE326225|GSE326225_BC8"	"GSE326225"	6	122	0.106490335707019	0.106376765672165	0.000113570034854821	0.00951508986096983	"C10"	"positive"
"HRA003620|HRA003620_BC-01"	"HRA003620"	22	98	0.101552760565985	0.167842713891253	-0.066289953325268	-0.0543099355713801	"C10"	"negative"
"HRA003620|HRA003620_BC-04"	"HRA003620"	3	2277	0.164584604950831	0.258056287885117	-0.0934716829342863	-0.0805629026788742	"C10"	"negative"
"HRA003620|HRA003620_BC-05"	"HRA003620"	27	3704	0.109066726950755	0.171455559852262	-0.0623888329015062	-0.0530586639538826	"C10"	"negative"
"HRA003620|HRA003620_BC-11"	"HRA003620"	21	97	0.086774209175023	0.130388424522728	-0.0436142153477053	-0.0503085791793828	"C10"	"negative"
"HRA003620|HRA003620_BC-24"	"HRA003620"	1361	2405	0.10069276151594	0.147344504532704	-0.0466517430167639	-0.0396812478806374	"C10"	"negative"
"HRA003620|HRA003620_BC-27"	"HRA003620"	349	1406	0.114496935001035	0.148841162734722	-0.0343442277336869	-0.0284638860630722	"C10"	"negative"
"HRA003620|HRA003620_BC-30"	"HRA003620"	619	1712	0.103712021982754	0.129398311006741	-0.0256862890239871	-0.0214682943370634	"C10"	"negative"
"HRA003620|HRA003620_NC-01"	"HRA003620"	1	13	0.0841505595116989	0.250453608785247	-0.166303049273548	-0.189318413021363	"C10"	"negative"
"HRA003620|HRA003620_NC-04"	"HRA003620"	0	308	NA	0.206328317325265	NA	NA	"C10"	"NA"
"HRA003620|HRA003620_NC-05"	"HRA003620"	2	632	0.107724652424551	0.284113366041267	-0.176388713616716	-0.157110885045778	"C10"	"negative"
"HRA003620|HRA003620_NC-11"	"HRA003620"	4	251	0.13910478128179	0.214949169074803	-0.0758443877930124	-0.0739199728721601	"C10"	"negative"
"HRA003620|HRA003620_NC-24"	"HRA003620"	5	1461	0.113181417429637	0.280657775846706	-0.167476358417069	-0.138738555442523	"C10"	"negative"
"HRA003620|HRA003620_NC-27"	"HRA003620"	22	2631	0.11646197478344	0.201863688275239	-0.0854017134917991	-0.0851203797897593	"C10"	"negative"
"HRA003620|HRA003620_NC-30"	"HRA003620"	0	4	NA	0.249776195320448	NA	NA	"C10"	"NA"
"InhouseData|T4380845"	"InhouseData"	29	343	0.176369078939676	0.269392322544481	-0.093023243604805	-0.0806578501186843	"C10"	"negative"
"InhouseData|T4091568"	"InhouseData"	14	749	0.0911921716804728	0.201027290371564	-0.109835118691091	-0.100247541539505	"C10"	"negative"
"InhouseData|T4295396"	"InhouseData"	208	339	0.101597445026997	0.130302137317685	-0.0287046922906874	-0.0098677517802645	"C10"	"negative"
"InhouseData|T4398343"	"InhouseData"	0	17	NA	0.124409869746474	NA	NA	"C10"	"NA"
"InhouseData|T4463209a"	"InhouseData"	1	238	0.0825161071549678	0.11554117476085	-0.0330250676058826	-0.0200712105798576	"C10"	"negative"
"InhouseData|T4463209b"	"InhouseData"	0	311	NA	0.18074544861793	NA	NA	"C10"	"NA"
"InhouseData|T4466585"	"InhouseData"	0	9	NA	0.170200821370709	NA	NA	"C10"	"NA"
"InhouseData|T4469479"	"InhouseData"	38	288	0.0821441701915011	0.0794343186014091	0.00270985159009199	0.00752119362495757	"C10"	"positive"
"InhouseData|T4471438"	"InhouseData"	8	335	0.101734486266531	0.180814746207923	-0.0790802599413917	-0.0725228891149542	"C10"	"negative"
"InhouseData|T8009218"	"InhouseData"	16	694	0.100803238385894	0.197240504523098	-0.0964372661372047	-0.0883485927433028	"C10"	"negative"
"InhouseData|T4465935"	"InhouseData"	6	521	0.116610150333446	0.130941722656888	-0.0143315723234418	-0.00499491353001014	"C10"	"negative"
"InhouseData|T4465219"	"InhouseData"	2015	7281	0.0946710757820921	0.150073790723954	-0.0554027149418614	-0.04911495422177	"C10"	"negative"
"PRJNA662018|PRJNA662018_PRJNA662018_P1N1"	"PRJNA662018"	6	348	0.0617418333898497	0.08099271913721	-0.0192508857473603	-0.00935910478128182	"C10"	"negative"
"PRJNA662018|PRJNA662018_PRJNA662018_P1T1"	"PRJNA662018"	13	482	0.110623157784908	0.253227425007985	-0.142604267223077	-0.147548321464903	"C10"	"negative"
"PRJNA662018|PRJNA662018_PRJNA662018_P2T2"	"PRJNA662018"	8	1644	0.0937156663275687	0.151051476066364	-0.0573358097387956	-0.0565276364869448	"C10"	"negative"
"PRJNA662018|PRJNA662018_PRJNA662018_P3N3"	"PRJNA662018"	27	108	0.100232847292868	0.105621742461349	-0.00538889516848148	-0.00181417429637165	"C10"	"negative"
"PRJNA662018|PRJNA662018_PRJNA662018_P3T3"	"PRJNA662018"	16	653	0.103996269922007	0.176237673943512	-0.0722414040215049	-0.061522550016955	"C10"	"negative"
"PRJNA662018|PRJNA662018_PRJNA662018_P4T4"	"PRJNA662018"	2	5	0.0944930484910139	0.147176670057647	-0.0526836215666328	-0.0265852831468295	"C10"	"negative"
"PRJNA662018|PRJNA662018_PRJNA662018_P5T5"	"PRJNA662018"	59	4453	0.107977768965061	0.13630544315113	-0.028327674186069	-0.0270803662258393	"C10"	"negative"
"PRJNA662018|PRJNA662018_PRJNA662018_P6N2"	"PRJNA662018"	4	688	0.104623601220753	0.182195304675609	-0.0775717034548566	-0.0642590708714819	"C10"	"negative"
"PRJNA662018|PRJNA662018_PRJNA662018_P6T6"	"PRJNA662018"	9	9988	0.126188915263178	0.149751236241034	-0.0235623209778564	-0.0201017293997965	"C10"	"negative"
"PRJNA662018|PRJNA662018_PRJNA662018_P7T7"	"PRJNA662018"	49	8337	0.1094101770922	0.193469960094466	-0.0840597830022658	-0.0748931841302136	"C10"	"negative"
"PRJNA662018|PRJNA662018_PRJNA662018_P8T8"	"PRJNA662018"	90	8200	0.117952526280095	0.179750667857645	-0.0617981415775501	-0.0550796880298406	"C10"	"negative"
"CNP0000460|CNP0000460_P01N"	"CNP0000460"	55	8563	0.150676777952465	0.152666026645428	-0.00198924869296357	-0.00865378094269243	"C11"	"negative"
"CNP0000460|CNP0000460_P02N"	"CNP0000460"	12	83	0.164604385667458	0.166532743384525	-0.00192835771706698	-0.0136893862326212	"C11"	"negative"
"CNP0000460|CNP0000460_P03N"	"CNP0000460"	175	2358	0.130413408903745	0.138329544006666	-0.00791613510292116	-0.0101763309596473	"C11"	"negative"
"CNP0000460|CNP0000460_P05N"	"CNP0000460"	42	2619	0.137744836829272	0.154872921114981	-0.0171280842857089	-0.0202000678195998	"C11"	"negative"
"CNP0000460|CNP0000460_P07N"	"CNP0000460"	11	2003	0.163640679429082	0.156152187452968	0.00748849197611454	0.0178433367243134	"C11"	"positive"
"CNP0000460|CNP0000460_P01T"	"CNP0000460"	4117	4586	0.190909834443247	0.21652241913962	-0.0256125846963726	-0.0268667344862665	"C11"	"negative"
"CNP0000460|CNP0000460_P02T"	"CNP0000460"	0	2	NA	0.0881010512037979	NA	NA	"C11"	"NA"
"CNP0000460|CNP0000460_P03T"	"CNP0000460"	671	981	0.132547434554339	0.141331711470119	-0.00878427691578063	-0.00896575110206854	"C11"	"negative"
"CNP0000460|CNP0000460_P04T"	"CNP0000460"	201	7709	0.147024727161075	0.195362003279604	-0.0483372761185293	-0.0436419125127162	"C11"	"negative"
"CNP0000460|CNP0000460_P05T"	"CNP0000460"	74	7758	0.180115110023554	0.200353928619478	-0.0202388185959242	-0.0170091556459817	"C11"	"negative"
"CNP0000460|CNP0000460_P06T"	"CNP0000460"	269	4126	0.163872978175451	0.180681910790105	-0.0168089326146539	-0.0197117667005765	"C11"	"negative"
"CNP0000460|CNP0000460_P07T"	"CNP0000460"	3	2909	0.316450774273765	0.296098857616259	0.0203519166575063	0.0430654459138691	"C11"	"positive"
"GSE326225|GSE326225_BC1"	"GSE326225"	0	220	NA	0.0655339252134776	NA	NA	"C11"	"NA"
"GSE326225|GSE326225_BC2"	"GSE326225"	0	1747	NA	0.122646524983099	NA	NA	"C11"	"NA"
"GSE326225|GSE326225_BC3"	"GSE326225"	16	3497	0.129473974228552	0.112966830164847	0.016507144063705	0.022519498134961	"C11"	"positive"
"GSE326225|GSE326225_BC4"	"GSE326225"	34	506	0.10978676719925	0.0740916797681803	0.0356950874310697	0.0373685995252628	"C11"	"positive"
"GSE326225|GSE326225_BC5"	"GSE326225"	0	21	NA	0.0462539359589207	NA	NA	"C11"	"NA"
"GSE326225|GSE326225_BC6"	"GSE326225"	0	110	NA	0.121600110977527	NA	NA	"C11"	"NA"
"GSE326225|GSE326225_BC7"	"GSE326225"	0	9	NA	0.122605026185901	NA	NA	"C11"	"NA"
"GSE326225|GSE326225_BC8"	"GSE326225"	0	128	NA	0.106382089267548	NA	NA	"C11"	"NA"
"HRA003620|HRA003620_BC-01"	"HRA003620"	3	117	0.150744885271844	0.155816342204949	-0.00507145693310493	0.0345947778908104	"C11"	"negative"
"HRA003620|HRA003620_BC-04"	"HRA003620"	1	2279	0.208375720583249	0.257955044145977	-0.0495793235627281	-0.0356595456086809	"C11"	"negative"
"HRA003620|HRA003620_BC-05"	"HRA003620"	4	3727	0.1080501865039	0.171071637932501	-0.0630214514286016	-0.0531671753136657	"C11"	"negative"
"HRA003620|HRA003620_BC-11"	"HRA003620"	6	112	0.120992426811348	0.122714116165286	-0.00172168935393756	-0.00754493048491017	"C11"	"negative"
"HRA003620|HRA003620_BC-24"	"HRA003620"	9	3757	0.168442033080894	0.130394038734794	0.0380479943461002	0.0502136317395727	"C11"	"positive"
"HRA003620|HRA003620_BC-27"	"HRA003620"	74	1681	0.145784187035459	0.141845374943341	0.00393881209211786	0.00711088504577823	"C11"	"positive"
"HRA003620|HRA003620_BC-30"	"HRA003620"	22	2309	0.149102623385431	0.122324552765866	0.0267780706195649	0.0221295354357409	"C11"	"positive"
"HRA003620|HRA003620_NC-01"	"HRA003620"	0	14	NA	0.238574819551422	NA	NA	"C11"	"NA"
"HRA003620|HRA003620_NC-04"	"HRA003620"	4	304	0.263489318413021	0.2055761988899	0.0579131195231211	0.0851305527297389	"C11"	"positive"
"HRA003620|HRA003620_NC-05"	"HRA003620"	0	634	NA	0.283556934768028	NA	NA	"C11"	"NA"
"HRA003620|HRA003620_NC-11"	"HRA003620"	1	254	0.315856222448288	0.213357497403364	0.102498725044924	0.106853170566294	"C11"	"positive"
"HRA003620|HRA003620_NC-24"	"HRA003620"	5	1461	0.245946422516107	0.280203412379607	-0.0342569898634997	-0.0459274330281452	"C11"	"negative"
"HRA003620|HRA003620_NC-27"	"HRA003620"	19	2634	0.194764683835734	0.201201593889336	-0.00643691005360184	-0.0165072906069854	"C11"	"negative"
"HRA003620|HRA003620_NC-30"	"HRA003620"	0	4	NA	0.249776195320448	NA	NA	"C11"	"NA"
"InhouseData|T4380845"	"InhouseData"	4	368	0.241529331976941	0.262364545092662	-0.0208352131157209	-0.0168192607663614	"C11"	"negative"
"InhouseData|T4091568"	"InhouseData"	4	759	0.175376398779247	0.199136528717669	-0.0237601299384218	-0.0311020684977959	"C11"	"negative"
"InhouseData|T4295396"	"InhouseData"	5	542	0.185809426924381	0.118774254578761	0.0670351723456197	0.0679857578840284	"C11"	"positive"
"InhouseData|T4398343"	"InhouseData"	0	17	NA	0.124409869746474	NA	NA	"C11"	"NA"
"InhouseData|T4463209a"	"InhouseData"	0	239	NA	0.115402994561663	NA	NA	"C11"	"NA"
"InhouseData|T4463209b"	"InhouseData"	6	305	0.156133152481067	0.181229624935377	-0.0250964724543098	-0.024059003051882	"C11"	"negative"
"InhouseData|T4466585"	"InhouseData"	0	9	NA	0.170200821370709	NA	NA	"C11"	"NA"
"InhouseData|T4469479"	"InhouseData"	2	324	0.174913530010173	0.0791627628532794	0.0957507671568935	0.102624618514751	"C11"	"positive"
"InhouseData|T4471438"	"InhouseData"	4	339	0.147675483214649	0.17933956913548	-0.0316640859208311	-0.0170803662258393	"C11"	"negative"
"InhouseData|T8009218"	"InhouseData"	10	700	0.162973211258054	0.195525756915177	-0.0325525456571235	-0.0366395388267209	"C11"	"negative"
"InhouseData|T4465935"	"InhouseData"	2	525	0.155544252288912	0.130684209336498	0.0248600429524133	0.0387453374025094	"C11"	"positive"
"InhouseData|T4465219"	"InhouseData"	35	9261	0.160777987695587	0.13797886388	0.0227991238155874	0.0224957612750084	"C11"	"positive"
"PRJNA662018|PRJNA662018_PRJNA662018_P1N1"	"PRJNA662018"	2	352	0.145486605629027	0.0802981365023583	0.0651884691266686	0.0733875890132248	"C11"	"positive"
"PRJNA662018|PRJNA662018_PRJNA662018_P1T1"	"PRJNA662018"	3	492	0.164010399005313	0.250003432333408	-0.0859930333280953	-0.09412004069176	"C11"	"negative"
"PRJNA662018|PRJNA662018_PRJNA662018_P2T2"	"PRJNA662018"	11	1641	0.135466568019976	0.150876428845523	-0.0154098608255472	-0.0204611732790777	"C11"	"negative"
"PRJNA662018|PRJNA662018_PRJNA662018_P3N3"	"PRJNA662018"	1	134	0.176500508646999	0.104006974284225	0.0724935343627741	0.073872499152255	"C11"	"positive"
"PRJNA662018|PRJNA662018_PRJNA662018_P3T3"	"PRJNA662018"	4	665	0.0875517124448966	0.175032984291859	-0.0874812718469623	-0.0881451339437097	"C11"	"negative"
"PRJNA662018|PRJNA662018_PRJNA662018_P4T4"	"PRJNA662018"	0	7	NA	0.132124206752894	NA	NA	"C11"	"NA"
"PRJNA662018|PRJNA662018_PRJNA662018_P5T5"	"PRJNA662018"	8	4504	0.147542387249915	0.135914406665836	0.0116279805840798	0.00542895896914214	"C11"	"positive"
"PRJNA662018|PRJNA662018_PRJNA662018_P6N2"	"PRJNA662018"	32	660	0.169641615801967	0.182333836842484	-0.0126922210405171	-0.00773143438453711	"C11"	"negative"
"PRJNA662018|PRJNA662018_PRJNA662018_P6T6"	"PRJNA662018"	33	9964	0.152286034300276	0.149721558478614	0.00256447582166255	0.00523906408952191	"C11"	"positive"
"PRJNA662018|PRJNA662018_PRJNA662018_P7T7"	"PRJNA662018"	34	8352	0.168204575828297	0.193079645642591	-0.024875069814294	-0.0287351644625297	"C11"	"negative"
"PRJNA662018|PRJNA662018_PRJNA662018_P8T8"	"PRJNA662018"	23	8267	0.18719035192475	0.179057194351473	0.0081331575732766	0.000807053238385924	"C11"	"positive"
"CNP0000460|CNP0000460_P01N"	"CNP0000460"	40	8578	0.188949643947101	0.152484078246013	0.0364655657010873	0.0358257036283486	"C12"	"positive"
"CNP0000460|CNP0000460_P02N"	"CNP0000460"	2	93	0.220027127839946	0.165133506163927	0.0548936216760192	0.0560325534079349	"C12"	"positive"
"CNP0000460|CNP0000460_P03N"	"CNP0000460"	86	2447	0.179822170700356	0.136305151060745	0.0435170196396108	0.0447338080705323	"C12"	"positive"
"CNP0000460|CNP0000460_P05N"	"CNP0000460"	38	2623	0.219161535578519	0.153667298968731	0.0654942366097881	0.060217022719566	"C12"	"positive"
"CNP0000460|CNP0000460_P07N"	"CNP0000460"	49	1965	0.162737697316974	0.156029888943248	0.00670780837372551	0.0127093930145813	"C12"	"positive"
"CNP0000460|CNP0000460_P01T"	"CNP0000460"	1281	7422	0.273487407181519	0.192483189703263	0.0810042174782553	0.0778162088843676	"C12"	"positive"
"CNP0000460|CNP0000460_P02T"	"CNP0000460"	0	2	NA	0.0881010512037979	NA	NA	"C12"	"NA"
"CNP0000460|CNP0000460_P03T"	"CNP0000460"	118	1534	0.180899241914812	0.134445649929727	0.046453591985085	0.0451780264496439	"C12"	"positive"
"CNP0000460|CNP0000460_P04T"	"CNP0000460"	94	7816	0.238354941812226	0.193601879338728	0.0447530624734986	0.0367209223465582	"C12"	"positive"
"CNP0000460|CNP0000460_P05T"	"CNP0000460"	731	7101	0.228602920881618	0.197234975525586	0.0313679453560313	0.0251746354696507	"C12"	"positive"
"CNP0000460|CNP0000460_P06T"	"CNP0000460"	78	4317	0.210835485301406	0.179089698215349	0.0317457870860574	0.0298541878602916	"C12"	"positive"
"CNP0000460|CNP0000460_P07T"	"CNP0000460"	694	2218	0.381115739912812	0.269525070166378	0.111590669746434	0.129142082061716	"C12"	"positive"
"GSE326225|GSE326225_BC1"	"GSE326225"	0	220	NA	0.0655339252134776	NA	NA	"C12"	"NA"
"GSE326225|GSE326225_BC2"	"GSE326225"	0	1747	NA	0.122646524983099	NA	NA	"C12"	"NA"
"GSE326225|GSE326225_BC3"	"GSE326225"	0	3513	NA	0.113042012147488	NA	NA	"C12"	"NA"
"GSE326225|GSE326225_BC4"	"GSE326225"	1	539	0.11442522889115	0.0762684876040493	0.0381567412871003	0.0402577144794846	"C12"	"positive"
"GSE326225|GSE326225_BC5"	"GSE326225"	0	21	NA	0.0462539359589207	NA	NA	"C12"	"NA"
"GSE326225|GSE326225_BC6"	"GSE326225"	0	110	NA	0.121600110977527	NA	NA	"C12"	"NA"
"GSE326225|GSE326225_BC7"	"GSE326225"	0	9	NA	0.122605026185901	NA	NA	"C12"	"NA"
"GSE326225|GSE326225_BC8"	"GSE326225"	0	128	NA	0.106382089267548	NA	NA	"C12"	"NA"
"HRA003620|HRA003620_BC-01"	"HRA003620"	6	114	0.314280547078106	0.147342661502859	0.166937885575247	0.205344184469312	"C12"	"positive"
"HRA003620|HRA003620_BC-04"	"HRA003620"	466	1814	0.31084441223256	0.244340917987261	0.0665034942452993	0.0765852831468294	"C12"	"positive"
"HRA003620|HRA003620_BC-05"	"HRA003620"	177	3554	0.343314807470885	0.162422474507063	0.180892332963822	0.192316039335368	"C12"	"positive"
"HRA003620|HRA003620_BC-11"	"HRA003620"	3	115	0.224089521871821	0.119979713093606	0.104109808778215	0.0989759240420481	"C12"	"positive"
"HRA003620|HRA003620_BC-24"	"HRA003620"	483	3283	0.210021181338798	0.118783475856749	0.091237705482049	0.0952390640895219	"C12"	"positive"
"HRA003620|HRA003620_BC-27"	"HRA003620"	98	1657	0.251851405872624	0.135515188500219	0.116336217372405	0.0939979654120041	"C12"	"positive"
"HRA003620|HRA003620_BC-30"	"HRA003620"	10	2321	0.219122414377755	0.122161320942304	0.0969610934354513	0.101054594777891	"C12"	"positive"
"HRA003620|HRA003620_NC-01"	"HRA003620"	2	12	0.359508307900983	0.218419238159828	0.141089069741155	0.157622923024754	"C12"	"positive"
"HRA003620|HRA003620_NC-04"	"HRA003620"	6	302	0.267741607324517	0.205108185735876	0.0626334215886404	0.0416853170566293	"C12"	"positive"
"HRA003620|HRA003620_NC-05"	"HRA003620"	203	431	0.407933590246005	0.224975818614828	0.182957771631177	0.208599525262801	"C12"	"positive"
"HRA003620|HRA003620_NC-11"	"HRA003620"	14	241	0.241778326793586	0.212131800779222	0.0296465260143643	0.0382027806035945	"C12"	"positive"
"HRA003620|HRA003620_NC-24"	"HRA003620"	59	1407	0.27260145639717	0.280400448949363	-0.00779899255219257	-0.00252288911495413	"C12"	"negative"
"HRA003620|HRA003620_NC-27"	"HRA003620"	49	2604	0.231546494487927	0.200583620993656	0.0309628734942713	0.0315869786368261	"C12"	"positive"
"HRA003620|HRA003620_NC-30"	"HRA003620"	0	4	NA	0.249776195320448	NA	NA	"C12"	"NA"
"InhouseData|T4380845"	"InhouseData"	31	341	0.425946028724882	0.247249099799226	0.178696928925656	0.176425907087148	"C12"	"positive"
"InhouseData|T4091568"	"InhouseData"	108	655	0.236148349095111	0.192888716319932	0.0432596327751782	0.0406002034587996	"C12"	"positive"
"InhouseData|T4295396"	"InhouseData"	7	540	0.383012159085404	0.115969644449468	0.267042514635936	0.330088165479824	"C12"	"positive"
"InhouseData|T4398343"	"InhouseData"	0	17	NA	0.124409869746474	NA	NA	"C12"	"NA"
"InhouseData|T4463209a"	"InhouseData"	0	239	NA	0.115402994561663	NA	NA	"C12"	"NA"
"InhouseData|T4463209b"	"InhouseData"	35	276	0.213226759676404	0.176626441780805	0.0366003178955985	0.0242285520515429	"C12"	"positive"
"InhouseData|T4466585"	"InhouseData"	2	7	0.228765683282469	0.153468003681635	0.0752976796008333	0.127171922685656	"C12"	"positive"
"InhouseData|T4469479"	"InhouseData"	1	325	0.255178026449644	0.0792104129170253	0.175967613532619	0.182495761275008	"C12"	"positive"
"InhouseData|T4471438"	"InhouseData"	14	329	0.259809620694666	0.175530337933316	0.0842792827613502	0.0765038996269922	"C12"	"positive"
"InhouseData|T8009218"	"InhouseData"	234	476	0.232211875385833	0.176807107380083	0.0554047680057494	0.0620210240759579	"C12"	"positive"
"InhouseData|T4465935"	"InhouseData"	8	519	0.271226687012547	0.128613651079266	0.142613035933281	0.144469311631061	"C12"	"positive"
"InhouseData|T4465219"	"InhouseData"	6	9290	0.28848649259636	0.137967553176151	0.150518939420209	0.115510342488979	"C12"	"positive"
"PRJNA662018|PRJNA662018_PRJNA662018_P1N1"	"PRJNA662018"	3	351	0.244489657511021	0.0792662344374789	0.165223423073542	0.163506273312987	"C12"	"positive"
"PRJNA662018|PRJNA662018_PRJNA662018_P1T1"	"PRJNA662018"	26	469	0.248432845553904	0.249540439063222	-0.00110759350931836	-0.0151949813496101	"C12"	"negative"
"PRJNA662018|PRJNA662018_PRJNA662018_P2T2"	"PRJNA662018"	19	1633	0.174201067266335	0.150501244155336	0.0236998231109992	0.00631400474737198	"C12"	"positive"
"PRJNA662018|PRJNA662018_PRJNA662018_P3N3"	"PRJNA662018"	0	135	NA	0.104543963427653	NA	NA	"C12"	"NA"
"PRJNA662018|PRJNA662018_PRJNA662018_P3T3"	"PRJNA662018"	127	542	0.279052020837172	0.150013901766688	0.129038119070484	0.130671414038657	"C12"	"positive"
"PRJNA662018|PRJNA662018_PRJNA662018_P4T4"	"PRJNA662018"	0	7	NA	0.132124206752894	NA	NA	"C12"	"NA"
"PRJNA662018|PRJNA662018_PRJNA662018_P5T5"	"PRJNA662018"	6	4506	0.190068949926529	0.135862941194266	0.0542060087322626	0.033577483892845	"C12"	"positive"
"PRJNA662018|PRJNA662018_PRJNA662018_P6N2"	"PRJNA662018"	57	635	0.280126358622905	0.172916002488499	0.107210356134407	0.106768396066463	"C12"	"positive"
"PRJNA662018|PRJNA662018_PRJNA662018_P6T6"	"PRJNA662018"	14	9983	0.191546286876907	0.149671381327912	0.0418749055489958	0.0343506273312987	"C12"	"positive"
"PRJNA662018|PRJNA662018_PRJNA662018_P7T7"	"PRJNA662018"	78	8308	0.262082322560451	0.192330011413742	0.0697523111467092	0.0569989827060021	"C12"	"positive"
"PRJNA662018|PRJNA662018_PRJNA662018_P8T8"	"PRJNA662018"	32	8258	0.264074474398101	0.178750402109126	0.0853240722889756	0.0562224482875551	"C12"	"positive"
"CNP0000460|CNP0000460_P01N"	"CNP0000460"	5	8613	0.0927297388945405	0.152688117991143	-0.0599583790966025	-0.0399660902000679	"C13"	"negative"
"CNP0000460|CNP0000460_P02N"	"CNP0000460"	0	95	NA	0.166289161357106	NA	NA	"C13"	"NA"
"CNP0000460|CNP0000460_P03N"	"CNP0000460"	1	2532	0.0455408613089183	0.13781906416452	-0.0922782028556015	-0.091461512377077	"C13"	"negative"
"CNP0000460|CNP0000460_P05N"	"CNP0000460"	5	2656	0.104302475415395	0.154697270771795	-0.0503947953564001	-0.0684706680230586	"C13"	"negative"
"CNP0000460|CNP0000460_P07N"	"CNP0000460"	9	2005	0.106499378320335	0.156416151888844	-0.0499167735685089	-0.0383655476432689	"C13"	"negative"
"CNP0000460|CNP0000460_P01T"	"CNP0000460"	32	8671	0.140675864699898	0.204641445612588	-0.0639655809126895	-0.0545439131909122	"C13"	"negative"
"CNP0000460|CNP0000460_P02T"	"CNP0000460"	0	2	NA	0.0881010512037979	NA	NA	"C13"	"NA"
"CNP0000460|CNP0000460_P03T"	"CNP0000460"	0	1652	NA	0.137763763642947	NA	NA	"C13"	"NA"
"CNP0000460|CNP0000460_P04T"	"CNP0000460"	96	7814	0.141537032327343	0.194779894847507	-0.0532428625201644	-0.0515022041369955	"C13"	"negative"
"CNP0000460|CNP0000460_P05T"	"CNP0000460"	13	7819	0.117962803557921	0.200299370753984	-0.0823365671960631	-0.0805222109189556	"C13"	"negative"
"CNP0000460|CNP0000460_P06T"	"CNP0000460"	146	4249	0.148866855260896	0.18071095179597	-0.031844096535074	-0.0331230925737538	"C13"	"negative"
"CNP0000460|CNP0000460_P07T"	"CNP0000460"	2	2910	0.128372329603255	0.296235114937908	-0.167862785334652	-0.159854187860292	"C13"	"negative"
"GSE326225|GSE326225_BC1"	"GSE326225"	0	220	NA	0.0655339252134776	NA	NA	"C13"	"NA"
"GSE326225|GSE326225_BC2"	"GSE326225"	127	1620	0.122385327469875	0.122667001578271	-0.000281674108395927	0.000847744998304534	"C13"	"negative"
"GSE326225|GSE326225_BC3"	"GSE326225"	891	2622	0.115647953100197	0.112156469283696	0.00349148381650058	0.00438453713123094	"C13"	"positive"
"GSE326225|GSE326225_BC4"	"GSE326225"	6	534	0.0964146038205041	0.0761135813193833	0.0203010225011208	0.0289250593421499	"C13"	"positive"
"GSE326225|GSE326225_BC5"	"GSE326225"	0	21	NA	0.0462539359589207	NA	NA	"C13"	"NA"
"GSE326225|GSE326225_BC6"	"GSE326225"	2	108	0.141797219396406	0.121226090451252	0.020571128945154	0.0366327568667345	"C13"	"positive"
"GSE326225|GSE326225_BC7"	"GSE326225"	0	9	NA	0.122605026185901	NA	NA	"C13"	"NA"
"GSE326225|GSE326225_BC8"	"GSE326225"	0	128	NA	0.106382089267548	NA	NA	"C13"	"NA"
"HRA003620|HRA003620_BC-01"	"HRA003620"	1	119	0.0683553747032892	0.156423456462951	-0.0880680817596622	-0.0634791454730417	"C13"	"negative"
"HRA003620|HRA003620_BC-04"	"HRA003620"	81	2199	0.160820031063051	0.261510458759962	-0.100690427696911	-0.0871007121057986	"C13"	"negative"
"HRA003620|HRA003620_BC-05"	"HRA003620"	6	3725	0.133655476432689	0.171064231533383	-0.0374087551006939	-0.0191658189216684	"C13"	"negative"
"HRA003620|HRA003620_BC-11"	"HRA003620"	9	109	0.107779661655552	0.123852464371378	-0.0160728027158259	-0.0155306883689387	"C13"	"negative"
"HRA003620|HRA003620_BC-24"	"HRA003620"	146	3620	0.139168095058924	0.130134762415951	0.0090333326429726	0.0172261783655476	"C13"	"positive"
"HRA003620|HRA003620_BC-27"	"HRA003620"	113	1642	0.125248336769326	0.143165068858371	-0.0179167320890451	-0.0109393014581213	"C13"	"negative"
"HRA003620|HRA003620_BC-30"	"HRA003620"	149	2182	0.155362504864577	0.12033851366913	0.0350239911954465	0.0360155985079689	"C13"	"positive"
"HRA003620|HRA003620_NC-01"	"HRA003620"	0	14	NA	0.238574819551422	NA	NA	"C13"	"NA"
"HRA003620|HRA003620_NC-04"	"HRA003620"	1	307	0.135144116649712	0.206560187685772	-0.0714160710360603	-0.0600339097999322	"C13"	"negative"
"HRA003620|HRA003620_NC-05"	"HRA003620"	1	633	0.172797558494405	0.283731910085996	-0.110934351591591	-0.0917531366564937	"C13"	"negative"
"HRA003620|HRA003620_NC-11"	"HRA003620"	3	252	0.206962812252741	0.213840365579938	-0.00687755332719728	-0.00240759579518485	"C13"	"negative"
"HRA003620|HRA003620_NC-24"	"HRA003620"	0	1466	NA	0.280086574078572	NA	NA	"C13"	"NA"
"HRA003620|HRA003620_NC-27"	"HRA003620"	16	2637	0.127020600203459	0.201605308188902	-0.0745847079854428	-0.0797185486605628	"C13"	"negative"
"HRA003620|HRA003620_NC-30"	"HRA003620"	0	4	NA	0.249776195320448	NA	NA	"C13"	"NA"
"InhouseData|T4380845"	"InhouseData"	3	369	0.219764892053804	0.26248502776652	-0.0427201357127169	-0.0333468972533062	"C13"	"negative"
"InhouseData|T4091568"	"InhouseData"	4	759	0.178231603933537	0.19912148152318	-0.0208898775896432	-0.0108952187182096	"C13"	"negative"
"InhouseData|T4295396"	"InhouseData"	14	533	0.158293852637698	0.118365064126422	0.0399287885112762	0.0426483553747033	"C13"	"positive"
"InhouseData|T4398343"	"InhouseData"	0	17	NA	0.124409869746474	NA	NA	"C13"	"NA"
"InhouseData|T4463209a"	"InhouseData"	1	238	0.134777890810444	0.115321587434567	0.0194563033758773	0.0324516785350966	"C13"	"positive"
"InhouseData|T4463209b"	"InhouseData"	0	311	NA	0.18074544861793	NA	NA	"C13"	"NA"
"InhouseData|T4466585"	"InhouseData"	0	9	NA	0.170200821370709	NA	NA	"C13"	"NA"
"InhouseData|T4469479"	"InhouseData"	4	322	0.110303492709393	0.0793706467504513	0.0309328459589418	0.0418616480162767	"C13"	"positive"
"InhouseData|T4471438"	"InhouseData"	2	341	0.138223126483554	0.179209295063986	-0.0409861685804324	-0.0258460495083079	"C13"	"negative"
"InhouseData|T8009218"	"InhouseData"	22	688	0.141902031505287	0.196767321598965	-0.0548652900936785	-0.0500542556798915	"C13"	"negative"
"InhouseData|T4465935"	"InhouseData"	9	518	0.148873817866697	0.130464158388879	0.0184096594778181	0.0290878263818244	"C13"	"positive"
"InhouseData|T4465219"	"InhouseData"	357	8939	0.133354990012282	0.138252797463658	-0.00489780745137611	0.00583926754832143	"C13"	"negative"
"PRJNA662018|PRJNA662018_PRJNA662018_P1N1"	"PRJNA662018"	0	354	NA	0.0806664329381022	NA	NA	"C13"	"NA"
"PRJNA662018|PRJNA662018_PRJNA662018_P1T1"	"PRJNA662018"	2	493	0.184065785011868	0.2497476436816	-0.0656818586697316	-0.0553306205493388	"C13"	"negative"
"PRJNA662018|PRJNA662018_PRJNA662018_P2T2"	"PRJNA662018"	3	1649	0.131402735390528	0.150809062327199	-0.0194063269366715	-0.0748796202102407	"C13"	"negative"
"PRJNA662018|PRJNA662018_PRJNA662018_P3N3"	"PRJNA662018"	4	131	0.0744676161410648	0.105462325176862	-0.0309947090357968	-0.0198745337402509	"C13"	"negative"
"PRJNA662018|PRJNA662018_PRJNA662018_P3T3"	"PRJNA662018"	4	665	0.120142421159715	0.174836949953725	-0.0546945287940095	-0.0552356731095287	"C13"	"negative"
"PRJNA662018|PRJNA662018_PRJNA662018_P4T4"	"PRJNA662018"	1	6	0.0976534418446932	0.137869334237595	-0.0402158923929015	-0.0346490335707019	"C13"	"negative"
"PRJNA662018|PRJNA662018_PRJNA662018_P5T5"	"PRJNA662018"	506	4006	0.129816511794043	0.136707856154053	-0.00689134436001024	-0.00722278738555443	"C13"	"negative"
"PRJNA662018|PRJNA662018_PRJNA662018_P6N2"	"PRJNA662018"	0	692	NA	0.181746913326159	NA	NA	"C13"	"NA"
"PRJNA662018|PRJNA662018_PRJNA662018_P6T6"	"PRJNA662018"	0	9997	NA	0.149730023788418	NA	NA	"C13"	"NA"
"PRJNA662018|PRJNA662018_PRJNA662018_P7T7"	"PRJNA662018"	1516	6870	0.146154413955448	0.203311508650454	-0.0571570946950057	-0.0528992878942015	"C13"	"negative"
"PRJNA662018|PRJNA662018_PRJNA662018_P8T8"	"PRJNA662018"	164	8126	0.120887940517249	0.180254194136484	-0.0593662536192355	-0.0561546286876907	"C13"	"negative"
"CNP0000460|CNP0000460_P01N"	"CNP0000460"	63	8555	0.154129944506343	0.152642457328847	0.00148748717749611	-0.0122889114954221	"C14"	"positive"
"CNP0000460|CNP0000460_P02N"	"CNP0000460"	6	89	0.161096416864474	0.166639234019531	-0.0055428171550567	0.00717531366564933	"C14"	"negative"
"CNP0000460|CNP0000460_P03N"	"CNP0000460"	61	2472	0.109529987937006	0.13847980665927	-0.0289498187222646	-0.0279247202441506	"C14"	"negative"
"CNP0000460|CNP0000460_P05N"	"CNP0000460"	25	2636	0.186659070871482	0.154298553404848	0.0323605174666344	0.023716514072567	"C14"	"positive"
"CNP0000460|CNP0000460_P07N"	"CNP0000460"	58	1956	0.14787175079805	0.15643983506939	-0.00856808427134068	-0.00851135978297729	"C14"	"negative"
"CNP0000460|CNP0000460_P01T"	"CNP0000460"	817	7886	0.214214282542098	0.20339012601322	0.010824156528878	0.00548999660901994	"C14"	"positive"
"CNP0000460|CNP0000460_P02T"	"CNP0000460"	0	2	NA	0.0881010512037979	NA	NA	"C14"	"NA"
"CNP0000460|CNP0000460_P03T"	"CNP0000460"	25	1627	0.125627941675144	0.137950239088058	-0.0123222974129136	-0.00817226178365549	"C14"	"negative"
"CNP0000460|CNP0000460_P04T"	"CNP0000460"	156	7754	0.15678800288668	0.194885056098984	-0.0380970532123037	-0.0456595456086809	"C14"	"negative"
"CNP0000460|CNP0000460_P05T"	"CNP0000460"	486	7346	0.206524301325552	0.199741830374004	0.00678247095154827	0.0018616480162767	"C14"	"positive"
"CNP0000460|CNP0000460_P06T"	"CNP0000460"	81	4314	0.176520268431651	0.179711927052899	-0.00319165862124798	-0.00683621566632764	"C14"	"negative"
"CNP0000460|CNP0000460_P07T"	"CNP0000460"	1223	1689	0.320215653018735	0.27867210508384	0.0415435479348947	0.0446117327907766	"C14"	"positive"
"GSE326225|GSE326225_BC1"	"GSE326225"	0	220	NA	0.0655339252134776	NA	NA	"C14"	"NA"
"GSE326225|GSE326225_BC2"	"GSE326225"	1	1746	0.264727026110546	0.122565150125637	0.142161875984909	0.144883011190234	"C14"	"positive"
"GSE326225|GSE326225_BC3"	"GSE326225"	39	3474	0.174815278538575	0.112348529882304	0.0624667486562711	0.0547304170905392	"C14"	"positive"
"GSE326225|GSE326225_BC4"	"GSE326225"	4	536	0.150837572058325	0.0757831898493292	0.0750543822089957	0.0573109528653781	"C14"	"positive"
"GSE326225|GSE326225_BC5"	"GSE326225"	0	21	NA	0.0462539359589207	NA	NA	"C14"	"NA"
"GSE326225|GSE326225_BC6"	"GSE326225"	5	105	0.323806035944388	0.111971257407677	0.211834778536711	0.212675483214649	"C14"	"positive"
"GSE326225|GSE326225_BC7"	"GSE326225"	0	9	NA	0.122605026185901	NA	NA	"C14"	"NA"
"GSE326225|GSE326225_BC8"	"GSE326225"	0	128	NA	0.106382089267548	NA	NA	"C14"	"NA"
"HRA003620|HRA003620_BC-01"	"HRA003620"	7	113	0.345372281160684	0.143939298457254	0.20143298270343	0.181648016276704	"C14"	"positive"
"HRA003620|HRA003620_BC-04"	"HRA003620"	92	2188	0.346455393869698	0.254211163205325	0.0922442306643725	0.102258392675483	"C14"	"positive"
"HRA003620|HRA003620_BC-05"	"HRA003620"	116	3615	0.305711228820991	0.166681519440446	0.139029709380545	0.147317734825364	"C14"	"positive"
"HRA003620|HRA003620_BC-11"	"HRA003620"	2	116	0.145578162088844	0.122230855579331	0.0233473065095123	0.023390979993218	"C14"	"positive"
"HRA003620|HRA003620_BC-24"	"HRA003620"	41	3725	0.293299258119743	0.12869291603797	0.164606342081773	0.166700576466599	"C14"	"positive"
"HRA003620|HRA003620_BC-27"	"HRA003620"	28	1727	0.165260863246621	0.141634511262	0.0236263519846209	0.0117972193964055	"C14"	"positive"
"HRA003620|HRA003620_BC-30"	"HRA003620"	54	2277	0.177375758260804	0.121277715900211	0.0560980423605927	0.0491793828416413	"C14"	"positive"
"HRA003620|HRA003620_NC-01"	"HRA003620"	0	14	NA	0.238574819551422	NA	NA	"C14"	"NA"
"HRA003620|HRA003620_NC-04"	"HRA003620"	0	308	NA	0.206328317325265	NA	NA	"C14"	"NA"
"HRA003620|HRA003620_NC-05"	"HRA003620"	141	493	0.341072271162962	0.26710731523114	0.0739649559318215	0.101207188877586	"C14"	"positive"
"HRA003620|HRA003620_NC-11"	"HRA003620"	11	244	0.216078177502389	0.213654920534329	0.00242325696805959	-0.00571719226856565	"C14"	"positive"
"HRA003620|HRA003620_NC-24"	"HRA003620"	26	1440	0.30485275321491	0.279639406955277	0.0252133462596332	-0.016826042726348	"C14"	"positive"
"HRA003620|HRA003620_NC-27"	"HRA003620"	8	2645	0.223454560868091	0.201088049455745	0.0223665114123464	-0.0052831468294337	"C14"	"positive"
"HRA003620|HRA003620_NC-30"	"HRA003620"	0	4	NA	0.249776195320448	NA	NA	"C14"	"NA"
"InhouseData|T4380845"	"InhouseData"	67	305	0.355612173112059	0.241607391224589	0.114004781887471	0.133184130213632	"C14"	"positive"
"InhouseData|T4091568"	"InhouseData"	155	608	0.242213675494153	0.187998373668148	0.0542153018260053	0.0512275347575449	"C14"	"positive"
"InhouseData|T4295396"	"InhouseData"	8	539	0.318254493048491	0.116435356534179	0.201819136514312	0.232878942014242	"C14"	"positive"
"InhouseData|T4398343"	"InhouseData"	1	16	0.33508986096982	0.111242370295015	0.223847490674805	0.224896575110207	"C14"	"positive"
"InhouseData|T4463209a"	"InhouseData"	14	225	0.250179237513927	0.107016917222411	0.143162320291517	0.137517802644964	"C14"	"positive"
"InhouseData|T4463209b"	"InhouseData"	7	304	0.317480986290752	0.177596932947832	0.13988405334292	0.162322821295354	"C14"	"positive"
"InhouseData|T4466585"	"InhouseData"	0	9	NA	0.170200821370709	NA	NA	"C14"	"NA"
"InhouseData|T4469479"	"InhouseData"	2	324	0.456425907087148	0.077425032130582	0.379000874956566	0.384136995591726	"C14"	"positive"
"InhouseData|T4471438"	"InhouseData"	4	339	0.252658528314683	0.1781008311402	0.0745576971744834	0.125944387928111	"C14"	"positive"
"InhouseData|T8009218"	"InhouseData"	25	685	0.272867819599864	0.192227834252858	0.0806399853470061	0.0834927093930146	"C14"	"positive"
"InhouseData|T4465935"	"InhouseData"	16	511	0.240592573753815	0.127340151127551	0.113252422626264	0.130562902678874	"C14"	"positive"
"InhouseData|T4465219"	"InhouseData"	29	9267	0.252929455923107	0.137705248056572	0.115224207866535	0.116330959647338	"C14"	"positive"
"PRJNA662018|PRJNA662018_PRJNA662018_P1N1"	"PRJNA662018"	0	354	NA	0.0806664329381022	NA	NA	"C14"	"NA"
"PRJNA662018|PRJNA662018_PRJNA662018_P1T1"	"PRJNA662018"	15	480	0.378056290267887	0.245464324064655	0.132591966203233	0.144089521871821	"C14"	"positive"
"PRJNA662018|PRJNA662018_PRJNA662018_P2T2"	"PRJNA662018"	3	1649	0.190756188538488	0.150701081514923	0.0400551070235648	0.0404747371990506	"C14"	"positive"
"PRJNA662018|PRJNA662018_PRJNA662018_P3N3"	"PRJNA662018"	0	135	NA	0.104543963427653	NA	NA	"C14"	"NA"
"PRJNA662018|PRJNA662018_PRJNA662018_P3T3"	"PRJNA662018"	1	668	0.282746693794507	0.174347896272562	0.108398797521945	0.121451339437097	"C14"	"positive"
"PRJNA662018|PRJNA662018_PRJNA662018_P4T4"	"PRJNA662018"	0	7	NA	0.132124206752894	NA	NA	"C14"	"NA"
"PRJNA662018|PRJNA662018_PRJNA662018_P5T5"	"PRJNA662018"	3	4509	0.213995704758675	0.135883087071778	0.0781126176868974	0.0716785350966429	"C14"	"positive"
"PRJNA662018|PRJNA662018_PRJNA662018_P6N2"	"PRJNA662018"	6	686	0.16406352435854	0.181901578535789	-0.017838054177249	-0.00527636486944721	"C14"	"negative"
"PRJNA662018|PRJNA662018_PRJNA662018_P6T6"	"PRJNA662018"	4	9993	0.169950830790098	0.149721929799826	0.0202289009902727	0.0211698880976602	"C14"	"positive"
"PRJNA662018|PRJNA662018_PRJNA662018_P7T7"	"PRJNA662018"	75	8311	0.285761410647677	0.192141505256468	0.0936199053912094	0.0925059342149882	"C14"	"positive"
"PRJNA662018|PRJNA662018_PRJNA662018_P8T8"	"PRJNA662018"	18	8272	0.275972269319167	0.178868919602291	0.0971033497168754	0.104696507290607	"C14"	"positive"
"CNP0000460|CNP0000460_P01N"	"CNP0000460"	3	8615	0.132316039335368	0.152660413329563	-0.0203443739941946	-0.00139708375720593	"C15"	"negative"
"CNP0000460|CNP0000460_P02N"	"CNP0000460"	0	95	NA	0.166289161357106	NA	NA	"C15"	"NA"
"CNP0000460|CNP0000460_P03N"	"CNP0000460"	3	2530	0.0931592630270148	0.137835546852487	-0.0446762838254722	-0.0561308918277382	"C15"	"negative"
"CNP0000460|CNP0000460_P05N"	"CNP0000460"	2	2659	0.092380467955239	0.154649380447933	-0.0622689124926943	-0.0588775856222449	"C15"	"negative"
"CNP0000460|CNP0000460_P07N"	"CNP0000460"	3	2011	0.0736136543461061	0.156316279452499	-0.0827026251063932	-0.0864767717870464	"C15"	"negative"
"CNP0000460|CNP0000460_P01T"	"CNP0000460"	7	8696	0.159399312115487	0.204442480150913	-0.0450431680354255	-0.0318548660562902	"C15"	"negative"
"CNP0000460|CNP0000460_P02T"	"CNP0000460"	0	2	NA	0.0881010512037979	NA	NA	"C15"	"NA"
"CNP0000460|CNP0000460_P03T"	"CNP0000460"	1	1651	0.138446931163106	0.137763349852808	0.000683581310298498	0.00477449983045097	"C15"	"positive"
"CNP0000460|CNP0000460_P04T"	"CNP0000460"	1	7909	0.110396744659206	0.194144298482385	-0.0837475538231789	-0.0780264496439471	"C15"	"negative"
"CNP0000460|CNP0000460_P05T"	"CNP0000460"	7	7825	0.124577822990844	0.20023031969466	-0.0756524967038158	-0.0836283485927433	"C15"	"negative"
"CNP0000460|CNP0000460_P06T"	"CNP0000460"	3	4392	0.111314569910704	0.179699784002604	-0.0683852140918999	-0.0499152255001696	"C15"	"negative"
"CNP0000460|CNP0000460_P07T"	"CNP0000460"	0	2912	NA	0.296119824563365	NA	NA	"C15"	"NA"
"GSE326225|GSE326225_BC1"	"GSE326225"	0	220	NA	0.0655339252134776	NA	NA	"C15"	"NA"
"GSE326225|GSE326225_BC2"	"GSE326225"	28	1719	0.130649130455845	0.122516174224962	0.00813295623088278	0.00557138012885727	"C15"	"positive"
"GSE326225|GSE326225_BC3"	"GSE326225"	141	3372	0.113929857218098	0.113004886953255	0.000924970264842978	-0.00294676161410651	"C15"	"positive"
"GSE326225|GSE326225_BC4"	"GSE326225"	0	540	NA	0.0763391482360624	NA	NA	"C15"	"NA"
"GSE326225|GSE326225_BC5"	"GSE326225"	0	21	NA	0.0462539359589207	NA	NA	"C15"	"NA"
"GSE326225|GSE326225_BC6"	"GSE326225"	0	110	NA	0.121600110977527	NA	NA	"C15"	"NA"
"GSE326225|GSE326225_BC7"	"GSE326225"	0	9	NA	0.122605026185901	NA	NA	"C15"	"NA"
"GSE326225|GSE326225_BC8"	"GSE326225"	0	128	NA	0.106382089267548	NA	NA	"C15"	"NA"
"HRA003620|HRA003620_BC-01"	"HRA003620"	1	119	0.123689386232621	0.155958464769428	-0.0322690785368063	-0.00814513394370964	"C15"	"negative"
"HRA003620|HRA003620_BC-04"	"HRA003620"	61	2219	0.173182907237241	0.260263075253624	-0.0870801680163836	-0.0762699220074602	"C15"	"negative"
"HRA003620|HRA003620_BC-05"	"HRA003620"	0	3731	NA	0.17100407272057	NA	NA	"C15"	"NA"
"HRA003620|HRA003620_BC-11"	"HRA003620"	1	117	0.0909664292980671	0.122897172154548	-0.0319307428564805	-0.0319905052560191	"C15"	"negative"
"HRA003620|HRA003620_BC-24"	"HRA003620"	8	3758	0.1402500847745	0.130464178059114	0.00978590671538559	0.00792472024415059	"C15"	"positive"
"HRA003620|HRA003620_BC-27"	"HRA003620"	25	1730	0.121567989148864	0.142306881729282	-0.0207388925804182	-0.0142522889114954	"C15"	"negative"
"HRA003620|HRA003620_BC-30"	"HRA003620"	3	2328	0.1395998643608	0.122555348134786	0.0170445162260141	0.0252899287894201	"C15"	"positive"
"HRA003620|HRA003620_NC-01"	"HRA003620"	0	14	NA	0.238574819551422	NA	NA	"C15"	"NA"
"HRA003620|HRA003620_NC-04"	"HRA003620"	3	305	0.157167401378999	0.20681186731818	-0.049644465939181	-0.0610037300779925	"C15"	"negative"
"HRA003620|HRA003620_NC-05"	"HRA003620"	0	634	NA	0.283556934768028	NA	NA	"C15"	"NA"
"HRA003620|HRA003620_NC-11"	"HRA003620"	0	255	NA	0.213759453187854	NA	NA	"C15"	"NA"
"HRA003620|HRA003620_NC-24"	"HRA003620"	0	1466	NA	0.280086574078572	NA	NA	"C15"	"NA"
"HRA003620|HRA003620_NC-27"	"HRA003620"	15	2638	0.115575449304849	0.201642113554896	-0.0860666642500471	-0.0743608002712784	"C15"	"negative"
"HRA003620|HRA003620_NC-30"	"HRA003620"	0	4	NA	0.249776195320448	NA	NA	"C15"	"NA"
"InhouseData|T4380845"	"InhouseData"	0	372	NA	0.262140510543031	NA	NA	"C15"	"NA"
"InhouseData|T4091568"	"InhouseData"	0	763	NA	0.199011967092828	NA	NA	"C15"	"NA"
"InhouseData|T4295396"	"InhouseData"	0	547	NA	0.119387007525248	NA	NA	"C15"	"NA"
"InhouseData|T4398343"	"InhouseData"	0	17	NA	0.124409869746474	NA	NA	"C15"	"NA"
"InhouseData|T4463209a"	"InhouseData"	0	239	NA	0.115402994561663	NA	NA	"C15"	"NA"
"InhouseData|T4463209b"	"InhouseData"	0	311	NA	0.18074544861793	NA	NA	"C15"	"NA"
"InhouseData|T4466585"	"InhouseData"	0	9	NA	0.170200821370709	NA	NA	"C15"	"NA"
"InhouseData|T4469479"	"InhouseData"	0	326	NA	0.0797501908726469	NA	NA	"C15"	"NA"
"InhouseData|T4471438"	"InhouseData"	0	343	NA	0.178970308658269	NA	NA	"C15"	"NA"
"InhouseData|T8009218"	"InhouseData"	0	710	NA	0.195067270356626	NA	NA	"C15"	"NA"
"InhouseData|T4465935"	"InhouseData"	1	526	0.0937538148524924	0.130848944090089	-0.0370951292375968	-0.0234859274330282	"C15"	"negative"
"InhouseData|T4465219"	"InhouseData"	3	9293	0.123585396179496	0.138069378217312	-0.0144839820378164	-0.0225364530349271	"C15"	"negative"
"PRJNA662018|PRJNA662018_PRJNA662018_P1N1"	"PRJNA662018"	1	353	0.114730417090539	0.0805699343994267	0.0341604826911125	0.0425228891149543	"C15"	"positive"
"PRJNA662018|PRJNA662018_PRJNA662018_P1T1"	"PRJNA662018"	3	492	0.150634113258732	0.250084995051375	-0.0994508817926429	-0.096236012207528	"C15"	"negative"
"PRJNA662018|PRJNA662018_PRJNA662018_P2T2"	"PRJNA662018"	0	1652	NA	0.150773820813392	NA	NA	"C15"	"NA"
"PRJNA662018|PRJNA662018_PRJNA662018_P3N3"	"PRJNA662018"	2	133	0.082658528314683	0.104873067715066	-0.0222145394003829	-0.0200067819599865	"C15"	"negative"
"PRJNA662018|PRJNA662018_PRJNA662018_P3T3"	"PRJNA662018"	14	655	0.109701593760597	0.175895143650714	-0.0661935498901167	-0.050949474398101	"C15"	"negative"
"PRJNA662018|PRJNA662018_PRJNA662018_P4T4"	"PRJNA662018"	1	6	0.0825364530349271	0.140388832372556	-0.0578523793376286	-0.049766022380468	"C15"	"negative"
"PRJNA662018|PRJNA662018_PRJNA662018_P5T5"	"PRJNA662018"	3327	1185	0.135990432686805	0.135779457529049	0.000210975157756144	0.00126144455747701	"C15"	"positive"
"PRJNA662018|PRJNA662018_PRJNA662018_P6N2"	"PRJNA662018"	1	691	0.0888775856222448	0.181881311774356	-0.0930037261521112	-0.0861444557477111	"C15"	"negative"
"PRJNA662018|PRJNA662018_PRJNA662018_P6T6"	"PRJNA662018"	0	9997	NA	0.149730023788418	NA	NA	"C15"	"NA"
"PRJNA662018|PRJNA662018_PRJNA662018_P7T7"	"PRJNA662018"	12	8374	0.129157906635018	0.193070248519878	-0.0639123418848606	-0.0680400135639199	"C15"	"negative"
"PRJNA662018|PRJNA662018_PRJNA662018_P8T8"	"PRJNA662018"	54	8236	0.117573691018927	0.179483028713317	-0.0619093376943899	-0.0565445913869108	"C15"	"negative"
"CNP0000460|CNP0000460_P01N"	"CNP0000460"	41	8577	0.22834329950624	0.152291516109646	0.0760517833965945	0.0759036961681926	"C16"	"positive"
"CNP0000460|CNP0000460_P02N"	"CNP0000460"	0	95	NA	0.166289161357106	NA	NA	"C16"	"NA"
"CNP0000460|CNP0000460_P03N"	"CNP0000460"	4	2529	0.200924042048152	0.137682765977731	0.0632412760704214	0.0562224482875551	"C16"	"positive"
"CNP0000460|CNP0000460_P05N"	"CNP0000460"	23	2638	0.23136833414422	0.153933279704946	0.0774350544392737	0.0608477449983046	"C16"	"positive"
"CNP0000460|CNP0000460_P07N"	"CNP0000460"	12	2002	0.221479597603707	0.15580176012526	0.0656778374784479	0.0589047134621906	"C16"	"positive"
"CNP0000460|CNP0000460_P01T"	"CNP0000460"	34	8669	0.325877565675304	0.203929837967953	0.121947727707351	0.136449643947101	"C16"	"positive"
"CNP0000460|CNP0000460_P02T"	"CNP0000460"	0	2	NA	0.0881010512037979	NA	NA	"C16"	"NA"
"CNP0000460|CNP0000460_P03T"	"CNP0000460"	6	1646	0.205640330055386	0.137516339950071	0.0681239901053154	0.0612716174974568	"C16"	"positive"
"CNP0000460|CNP0000460_P04T"	"CNP0000460"	48	7862	0.367469198598395	0.193075442878291	0.174393755720104	0.202499152255002	"C16"	"positive"
"CNP0000460|CNP0000460_P05T"	"CNP0000460"	228	7604	0.273256262902084	0.197971050556283	0.0752852123458009	0.0787521193624958	"C16"	"positive"
"CNP0000460|CNP0000460_P06T"	"CNP0000460"	16	4379	0.223209138691082	0.179493959541017	0.0437151791500651	0.0430959647338081	"C16"	"positive"
"CNP0000460|CNP0000460_P07T"	"CNP0000460"	31	2881	0.370978243034818	0.295314336547879	0.0756639064869389	0.0625161071549678	"C16"	"positive"
"GSE326225|GSE326225_BC1"	"GSE326225"	0	220	NA	0.0655339252134776	NA	NA	"C16"	"NA"
"GSE326225|GSE326225_BC2"	"GSE326225"	0	1747	NA	0.122646524983099	NA	NA	"C16"	"NA"
"GSE326225|GSE326225_BC3"	"GSE326225"	2	3511	0.104937266870125	0.113046628920646	-0.00810936205052012	-0.00775856222448285	"C16"	"negative"
"GSE326225|GSE326225_BC4"	"GSE326225"	0	540	NA	0.0763391482360624	NA	NA	"C16"	"NA"
"GSE326225|GSE326225_BC5"	"GSE326225"	0	21	NA	0.0462539359589207	NA	NA	"C16"	"NA"
"GSE326225|GSE326225_BC6"	"GSE326225"	0	110	NA	0.121600110977527	NA	NA	"C16"	"NA"
"GSE326225|GSE326225_BC7"	"GSE326225"	0	9	NA	0.122605026185901	NA	NA	"C16"	"NA"
"GSE326225|GSE326225_BC8"	"GSE326225"	0	128	NA	0.106382089267548	NA	NA	"C16"	"NA"
"HRA003620|HRA003620_BC-01"	"HRA003620"	0	120	NA	0.155689555781621	NA	NA	"C16"	"NA"
"HRA003620|HRA003620_BC-04"	"HRA003620"	40	2240	0.284606307222787	0.2574569951073	0.0271493121154871	0.0185520515428959	"C16"	"positive"
"HRA003620|HRA003620_BC-05"	"HRA003620"	0	3731	NA	0.17100407272057	NA	NA	"C16"	"NA"
"HRA003620|HRA003620_BC-11"	"HRA003620"	0	118	NA	0.122626572638815	NA	NA	"C16"	"NA"
"HRA003620|HRA003620_BC-24"	"HRA003620"	6	3760	0.4069164688595	0.130043851864678	0.276872616994822	0.336622583926755	"C16"	"positive"
"HRA003620|HRA003620_BC-27"	"HRA003620"	38	1717	0.216124645285645	0.140371210599607	0.0757534346860384	0.0779959308240082	"C16"	"positive"
"HRA003620|HRA003620_BC-30"	"HRA003620"	0	2331	NA	0.122577284449105	NA	NA	"C16"	"NA"
"HRA003620|HRA003620_NC-01"	"HRA003620"	0	14	NA	0.238574819551422	NA	NA	"C16"	"NA"
"HRA003620|HRA003620_NC-04"	"HRA003620"	175	133	0.206283776582861	0.206386923565271	-0.000103146982410263	0.00529671074940652	"C16"	"negative"
"HRA003620|HRA003620_NC-05"	"HRA003620"	0	634	NA	0.283556934768028	NA	NA	"C16"	"NA"
"HRA003620|HRA003620_NC-11"	"HRA003620"	0	255	NA	0.213759453187854	NA	NA	"C16"	"NA"
"HRA003620|HRA003620_NC-24"	"HRA003620"	1062	404	0.298362265225724	0.232045029528385	0.0663172356973385	0.0522143099355714	"C16"	"positive"
"HRA003620|HRA003620_NC-27"	"HRA003620"	869	1784	0.238196256186392	0.183112657327026	0.0550835988593665	0.054835537470329	"C16"	"positive"
"HRA003620|HRA003620_NC-30"	"HRA003620"	0	4	NA	0.249776195320448	NA	NA	"C16"	"NA"
"InhouseData|T4380845"	"InhouseData"	2	370	0.515432349949135	0.26077136546516	0.254660984483975	0.269331976941336	"C16"	"positive"
"InhouseData|T4091568"	"InhouseData"	3	760	0.219419012094495	0.198931412967821	0.0204875991266739	0.0520922346558155	"C16"	"positive"
"InhouseData|T4295396"	"InhouseData"	0	547	NA	0.119387007525248	NA	NA	"C16"	"NA"
"InhouseData|T4398343"	"InhouseData"	0	17	NA	0.124409869746474	NA	NA	"C16"	"NA"
"InhouseData|T4463209a"	"InhouseData"	0	239	NA	0.115402994561663	NA	NA	"C16"	"NA"
"InhouseData|T4463209b"	"InhouseData"	0	311	NA	0.18074544861793	NA	NA	"C16"	"NA"
"InhouseData|T4466585"	"InhouseData"	0	9	NA	0.170200821370709	NA	NA	"C16"	"NA"
"InhouseData|T4469479"	"InhouseData"	0	326	NA	0.0797501908726469	NA	NA	"C16"	"NA"
"InhouseData|T4471438"	"InhouseData"	3	340	0.268597264609472	0.178179482576347	0.0904177820331252	-0.0213903017972195	"C16"	"positive"
"InhouseData|T8009218"	"InhouseData"	0	710	NA	0.195067270356626	NA	NA	"C16"	"NA"
"InhouseData|T4465935"	"InhouseData"	0	527	NA	0.130778554850549	NA	NA	"C16"	"NA"
"InhouseData|T4465219"	"InhouseData"	0	9296	NA	0.138064703954606	NA	NA	"C16"	"NA"
"PRJNA662018|PRJNA662018_PRJNA662018_P1N1"	"PRJNA662018"	0	354	NA	0.0806664329381022	NA	NA	"C16"	"NA"
"PRJNA662018|PRJNA662018_PRJNA662018_P1T1"	"PRJNA662018"	30	465	0.387458347462417	0.24058057952942	0.146877767932997	0.1708002712784	"C16"	"positive"
"PRJNA662018|PRJNA662018_PRJNA662018_P2T2"	"PRJNA662018"	3	1649	0.325197242002939	0.150456495001646	0.174740747001293	0.221166497117667	"C16"	"positive"
"PRJNA662018|PRJNA662018_PRJNA662018_P3N3"	"PRJNA662018"	0	135	NA	0.104543963427653	NA	NA	"C16"	"NA"
"PRJNA662018|PRJNA662018_PRJNA662018_P3T3"	"PRJNA662018"	7	662	0.365729787337112	0.17248796509442	0.193241822242692	0.208884367582231	"C16"	"positive"
"PRJNA662018|PRJNA662018_PRJNA662018_P4T4"	"PRJNA662018"	0	7	NA	0.132124206752894	NA	NA	"C16"	"NA"
"PRJNA662018|PRJNA662018_PRJNA662018_P5T5"	"PRJNA662018"	1	4511	0.213808070532384	0.135917760729415	0.0778903098029691	0.0782570362834859	"C16"	"positive"
"PRJNA662018|PRJNA662018_PRJNA662018_P6N2"	"PRJNA662018"	21	671	0.25313278108802	0.179512780355967	0.0736200007320532	0.0608816547982367	"C16"	"positive"
"PRJNA662018|PRJNA662018_PRJNA662018_P6T6"	"PRJNA662018"	22	9975	0.207297388945405	0.149603058171029	0.0576943307743758	0.0554357409291286	"C16"	"positive"
"PRJNA662018|PRJNA662018_PRJNA662018_P7T7"	"PRJNA662018"	47	8339	0.344186056578862	0.192126563296063	0.152059493282798	0.179966090200068	"C16"	"positive"
"PRJNA662018|PRJNA662018_PRJNA662018_P8T8"	"PRJNA662018"	5	8285	0.287918616480163	0.179014074920398	0.108904541559765	0.0814038657171923	"C16"	"positive"
"CNP0000460|CNP0000460_P01N"	"CNP0000460"	28	8590	0.15176863827932	0.152656215026818	-0.000887576747498092	0.00192946761614105	"C17"	"negative"
"CNP0000460|CNP0000460_P02N"	"CNP0000460"	10	85	0.147055951169888	0.168551891967367	-0.0214959407974787	-0.0237605968124788	"C17"	"negative"
"CNP0000460|CNP0000460_P03N"	"CNP0000460"	582	1951	0.15084793144394	0.133885143631727	0.0169627878122125	0.020186503899627	"C17"	"positive"
"CNP0000460|CNP0000460_P05N"	"CNP0000460"	31	2630	0.121757183955195	0.15498973035907	-0.0332325464038747	-0.0339369277721262	"C17"	"negative"
"CNP0000460|CNP0000460_P07N"	"CNP0000460"	0	2014	NA	0.156193087856015	NA	NA	"C17"	"NA"
"CNP0000460|CNP0000460_P01T"	"CNP0000460"	76	8627	0.215098338419803	0.204312058520603	0.0107862798992006	0.00184808409630377	"C17"	"positive"
"CNP0000460|CNP0000460_P02T"	"CNP0000460"	0	2	NA	0.0881010512037979	NA	NA	"C17"	"NA"
"CNP0000460|CNP0000460_P03T"	"CNP0000460"	109	1543	0.159539200039821	0.136225511817115	0.0233136882227059	0.0200678195998644	"C17"	"positive"
"CNP0000460|CNP0000460_P04T"	"CNP0000460"	179	7731	0.186424865165921	0.194312197979193	-0.00788733281327225	-0.00635469650729059	"C17"	"negative"
"CNP0000460|CNP0000460_P05T"	"CNP0000460"	96	7736	0.180845413699559	0.200402422008337	-0.0195570083087777	-0.0181078331637843	"C17"	"negative"
"CNP0000460|CNP0000460_P06T"	"CNP0000460"	1	4394	0.198385893523228	0.179648841410024	0.0187370521132041	0.0177483892845032	"C17"	"positive"
"CNP0000460|CNP0000460_P07T"	"CNP0000460"	0	2912	NA	0.296119824563365	NA	NA	"C17"	"NA"
"GSE326225|GSE326225_BC1"	"GSE326225"	0	220	NA	0.0655339252134776	NA	NA	"C17"	"NA"
"GSE326225|GSE326225_BC2"	"GSE326225"	0	1747	NA	0.122646524983099	NA	NA	"C17"	"NA"
"GSE326225|GSE326225_BC3"	"GSE326225"	0	3513	NA	0.113042012147488	NA	NA	"C17"	"NA"
"GSE326225|GSE326225_BC4"	"GSE326225"	27	513	0.084103336975497	0.0759305067234606	0.00817283025203641	0.00730417090539171	"C17"	"positive"
"GSE326225|GSE326225_BC5"	"GSE326225"	0	21	NA	0.0462539359589207	NA	NA	"C17"	"NA"
"GSE326225|GSE326225_BC6"	"GSE326225"	1	109	0.0915293319769414	0.121875989683954	-0.0303466577070131	-0.0162427941675144	"C17"	"negative"
"GSE326225|GSE326225_BC7"	"GSE326225"	0	9	NA	0.122605026185901	NA	NA	"C17"	"NA"
"GSE326225|GSE326225_BC8"	"GSE326225"	0	128	NA	0.106382089267548	NA	NA	"C17"	"NA"
"HRA003620|HRA003620_BC-01"	"HRA003620"	3	117	0.148502317169662	0.155873843951158	-0.00737152678149622	0.0341607324516786	"C17"	"negative"
"HRA003620|HRA003620_BC-04"	"HRA003620"	2	2278	0.207032892505934	0.257977987508451	-0.0509450950025172	-0.0369006442861987	"C17"	"negative"
"HRA003620|HRA003620_BC-05"	"HRA003620"	31	3700	0.153959898926919	0.17114687525776	-0.0171869763308414	-0.00935910478128177	"C17"	"negative"
"HRA003620|HRA003620_BC-11"	"HRA003620"	24	94	0.138043687125579	0.118690288089002	0.0193533990365769	0.0212783994574432	"C17"	"positive"
"HRA003620|HRA003620_BC-24"	"HRA003620"	0	3766	NA	0.130484965965042	NA	NA	"C17"	"NA"
"HRA003620|HRA003620_BC-27"	"HRA003620"	1	1754	0.134303153611394	0.142015850608192	-0.00771269699679811	0.000759579518480769	"C17"	"negative"
"HRA003620|HRA003620_BC-30"	"HRA003620"	1	2330	0.144286198711428	0.122567967318521	0.0217182313929068	0.0297287216005425	"C17"	"positive"
"HRA003620|HRA003620_NC-01"	"HRA003620"	1	13	0.273468972533062	0.235890653937449	0.0375783185956126	0.0665174635469651	"C17"	"positive"
"HRA003620|HRA003620_NC-04"	"HRA003620"	1	307	0.138989487962021	0.206547662046318	-0.0675581740842973	-0.056188538487623	"C17"	"negative"
"HRA003620|HRA003620_NC-05"	"HRA003620"	6	628	0.282352209788629	0.283568444879296	-0.00121623509066732	0.0346761614106477	"C17"	"negative"
"HRA003620|HRA003620_NC-11"	"HRA003620"	14	241	0.224518238628106	0.213134461502528	0.0113837771255786	0.0114343845371311	"C17"	"positive"
"HRA003620|HRA003620_NC-24"	"HRA003620"	0	1466	NA	0.280086574078572	NA	NA	"C17"	"NA"
"HRA003620|HRA003620_NC-27"	"HRA003620"	1	2652	0.169454052221092	0.201167448433321	-0.0317133962122293	-0.0302373685995252	"C17"	"negative"
"HRA003620|HRA003620_NC-30"	"HRA003620"	1	3	0.289203119701594	0.236633887193399	0.0525692325081948	0.0380535774838928	"C17"	"positive"
"InhouseData|T4380845"	"InhouseData"	8	364	0.204778738555443	0.263401208828472	-0.0586224702730298	-0.0392675483214649	"C17"	"negative"
"InhouseData|T4091568"	"InhouseData"	40	723	0.180458630044083	0.20003843110659	-0.0195798010625071	-0.0112309257375381	"C17"	"negative"
"InhouseData|T4295396"	"InhouseData"	0	547	NA	0.119387007525248	NA	NA	"C17"	"NA"
"InhouseData|T4398343"	"InhouseData"	0	17	NA	0.124409869746474	NA	NA	"C17"	"NA"
"InhouseData|T4463209a"	"InhouseData"	2	237	0.123682604272635	0.115333124437519	0.00834947983511537	0.0216141064767718	"C17"	"positive"
"InhouseData|T4463209b"	"InhouseData"	12	299	0.155644851362044	0.181752830447598	-0.0261079790855544	-0.02264496439471	"C17"	"negative"
"InhouseData|T4466585"	"InhouseData"	0	9	NA	0.170200821370709	NA	NA	"C17"	"NA"
"InhouseData|T4469479"	"InhouseData"	0	326	NA	0.0797501908726469	NA	NA	"C17"	"NA"
"InhouseData|T4471438"	"InhouseData"	13	330	0.187448678822026	0.178636312257879	0.0088123665641468	-0.00717531366564939	"C17"	"positive"
"InhouseData|T8009218"	"InhouseData"	6	704	0.237645529558042	0.194704387465705	0.0429411420923374	0.00525601898948802	"C17"	"positive"
"InhouseData|T4465935"	"InhouseData"	0	527	NA	0.130778554850549	NA	NA	"C17"	"NA"
"InhouseData|T4465219"	"InhouseData"	13	9283	0.186997939327543	0.137996177394244	0.049001761933299	0.0430518819938962	"C17"	"positive"
"PRJNA662018|PRJNA662018_PRJNA662018_P1N1"	"PRJNA662018"	2	352	0.176113936927772	0.0801241175745245	0.0959898193532476	0.10401492031197	"C17"	"positive"
"PRJNA662018|PRJNA662018_PRJNA662018_P1T1"	"PRJNA662018"	25	470	0.213674330281451	0.25138693967663	-0.0377126093951791	-0.0476975245846049	"C17"	"negative"
"PRJNA662018|PRJNA662018_PRJNA662018_P2T2"	"PRJNA662018"	1034	618	0.168300404097248	0.121449408005127	0.0468509960921213	0.0529976263140047	"C17"	"positive"
"PRJNA662018|PRJNA662018_PRJNA662018_P3N3"	"PRJNA662018"	0	135	NA	0.104543963427653	NA	NA	"C17"	"NA"
"PRJNA662018|PRJNA662018_PRJNA662018_P3T3"	"PRJNA662018"	11	658	0.197752088535405	0.174121380592669	0.0236307079427358	0.0167717870464564	"C17"	"positive"
"PRJNA662018|PRJNA662018_PRJNA662018_P4T4"	"PRJNA662018"	0	7	NA	0.132124206752894	NA	NA	"C17"	"NA"
"PRJNA662018|PRJNA662018_PRJNA662018_P5T5"	"PRJNA662018"	0	4512	NA	0.135935023652687	NA	NA	"C17"	"NA"
"PRJNA662018|PRJNA662018_PRJNA662018_P6N2"	"PRJNA662018"	8	684	0.211154628687691	0.18140296343889	0.0297516652488008	0.0273719905052561	"C17"	"positive"
"PRJNA662018|PRJNA662018_PRJNA662018_P6T6"	"PRJNA662018"	21	9976	0.158241211710184	0.149712107294196	0.00852910441598778	0.0011325873177348	"C17"	"positive"
"PRJNA662018|PRJNA662018_PRJNA662018_P7T7"	"PRJNA662018"	108	8278	0.193848322720822	0.192967448312543	0.000880874408278859	0.00223126483553748	"C17"	"positive"
"PRJNA662018|PRJNA662018_PRJNA662018_P8T8"	"PRJNA662018"	14	8276	0.149980622971467	0.179128984421979	-0.0291483614505115	-0.0177076975245846	"C17"	"negative"
"CNP0000460|CNP0000460_P01N"	"CNP0000460"	353	8265	0.153422209670153	0.152620492309573	0.000801717360579463	0.00178365547643267	"C18"	"positive"
"CNP0000460|CNP0000460_P02N"	"CNP0000460"	5	90	0.188374364191251	0.165062205644098	0.0233121585471535	0.0256120718887758	"C18"	"positive"
"CNP0000460|CNP0000460_P03N"	"CNP0000460"	108	2425	0.15109497255818	0.137189754346223	0.0139052182119579	0.0114988131570024	"C18"	"positive"
"CNP0000460|CNP0000460_P05N"	"CNP0000460"	11	2650	0.190584789913376	0.154453219191667	0.0361315707217087	0.0349576127500848	"C18"	"positive"
"CNP0000460|CNP0000460_P07N"	"CNP0000460"	18	1996	0.133808070532384	0.156394956749715	-0.0225868862173312	-0.0289623601220752	"C18"	"negative"
"CNP0000460|CNP0000460_P01T"	"CNP0000460"	557	8146	0.212221725040835	0.203871851427621	0.00834987361321393	0.0172126144455748	"C18"	"positive"
"CNP0000460|CNP0000460_P02T"	"CNP0000460"	0	2	NA	0.0881010512037979	NA	NA	"C18"	"NA"
"CNP0000460|CNP0000460_P03T"	"CNP0000460"	14	1638	0.158772465242455	0.137584202090815	0.0211882631516405	0.0167412682265174	"C18"	"positive"
"CNP0000460|CNP0000460_P04T"	"CNP0000460"	61	7849	0.175597396172084	0.194277769432456	-0.0186803732603722	-0.0101661580196676	"C18"	"negative"
"CNP0000460|CNP0000460_P05T"	"CNP0000460"	165	7667	0.215495134457495	0.199832737600908	0.0156623968565862	0.0194506612410986	"C18"	"positive"
"CNP0000460|CNP0000460_P06T"	"CNP0000460"	3	4392	0.140162767039674	0.17968007894992	-0.0395173119102459	-0.0561342828077315	"C18"	"negative"
"CNP0000460|CNP0000460_P07T"	"CNP0000460"	19	2893	0.201054059359997	0.296744176287825	-0.0956901169278281	-0.101648016276704	"C18"	"negative"
"GSE326225|GSE326225_BC1"	"GSE326225"	0	220	NA	0.0655339252134776	NA	NA	"C18"	"NA"
"GSE326225|GSE326225_BC2"	"GSE326225"	2	1745	0.178528314682943	0.122582477086594	0.055945837596349	0.0586978636826043	"C18"	"positive"
"GSE326225|GSE326225_BC3"	"GSE326225"	2	3511	0.170834181078332	0.113009091515799	0.0578250895625327	0.0581451339437097	"C18"	"positive"
"GSE326225|GSE326225_BC4"	"GSE326225"	0	540	NA	0.0763391482360624	NA	NA	"C18"	"NA"
"GSE326225|GSE326225_BC5"	"GSE326225"	0	21	NA	0.0462539359589207	NA	NA	"C18"	"NA"
"GSE326225|GSE326225_BC6"	"GSE326225"	0	110	NA	0.121600110977527	NA	NA	"C18"	"NA"
"GSE326225|GSE326225_BC7"	"GSE326225"	0	9	NA	0.122605026185901	NA	NA	"C18"	"NA"
"GSE326225|GSE326225_BC8"	"GSE326225"	0	128	NA	0.106382089267548	NA	NA	"C18"	"NA"
"HRA003620|HRA003620_BC-01"	"HRA003620"	0	120	NA	0.155689555781621	NA	NA	"C18"	"NA"
"HRA003620|HRA003620_BC-04"	"HRA003620"	0	2280	NA	0.257933298828625	NA	NA	"C18"	"NA"
"HRA003620|HRA003620_BC-05"	"HRA003620"	17	3714	0.17691101669559	0.170977035012553	0.00593398168303652	0.0122177009155646	"C18"	"positive"
"HRA003620|HRA003620_BC-11"	"HRA003620"	0	118	NA	0.122626572638815	NA	NA	"C18"	"NA"
"HRA003620|HRA003620_BC-24"	"HRA003620"	14	3752	0.177198566099889	0.130310661486927	0.0468879046129619	0.0652492370295015	"C18"	"positive"
"HRA003620|HRA003620_BC-27"	"HRA003620"	1	1754	0.153496100373008	0.142004908221213	0.0114911921517952	0.0199525262800949	"C18"	"positive"
"HRA003620|HRA003620_BC-30"	"HRA003620"	0	2331	NA	0.122577284449105	NA	NA	"C18"	"NA"
"HRA003620|HRA003620_NC-01"	"HRA003620"	0	14	NA	0.238574819551422	NA	NA	"C18"	"NA"
"HRA003620|HRA003620_NC-04"	"HRA003620"	0	308	NA	0.206328317325265	NA	NA	"C18"	"NA"
"HRA003620|HRA003620_NC-05"	"HRA003620"	4	630	0.170367921329264	0.284275595170814	-0.11390767384155	-0.109053916581892	"C18"	"negative"
"HRA003620|HRA003620_NC-11"	"HRA003620"	0	255	NA	0.213759453187854	NA	NA	"C18"	"NA"
"HRA003620|HRA003620_NC-24"	"HRA003620"	0	1466	NA	0.280086574078572	NA	NA	"C18"	"NA"
"HRA003620|HRA003620_NC-27"	"HRA003620"	0	2653	NA	0.201155494646585	NA	NA	"C18"	"NA"
"HRA003620|HRA003620_NC-30"	"HRA003620"	0	4	NA	0.249776195320448	NA	NA	"C18"	"NA"
"InhouseData|T4380845"	"InhouseData"	1	371	0.318942014242116	0.261987406759475	0.0569546074826406	0.0727568667344863	"C18"	"positive"
"InhouseData|T4091568"	"InhouseData"	2	761	0.164208206171584	0.19910343558408	-0.034895229412496	-0.0296405561207189	"C18"	"negative"
"InhouseData|T4295396"	"InhouseData"	0	547	NA	0.119387007525248	NA	NA	"C18"	"NA"
"InhouseData|T4398343"	"InhouseData"	0	17	NA	0.124409869746474	NA	NA	"C18"	"NA"
"InhouseData|T4463209a"	"InhouseData"	0	239	NA	0.115402994561663	NA	NA	"C18"	"NA"
"InhouseData|T4463209b"	"InhouseData"	0	311	NA	0.18074544861793	NA	NA	"C18"	"NA"
"InhouseData|T4466585"	"InhouseData"	0	9	NA	0.170200821370709	NA	NA	"C18"	"NA"
"InhouseData|T4469479"	"InhouseData"	0	326	NA	0.0797501908726469	NA	NA	"C18"	"NA"
"InhouseData|T4471438"	"InhouseData"	0	343	NA	0.178970308658269	NA	NA	"C18"	"NA"
"InhouseData|T8009218"	"InhouseData"	1	709	0.19263479145473	0.195070701215444	-0.00243590976071353	0.00656493726687013	"C18"	"negative"
"InhouseData|T4465935"	"InhouseData"	7	520	0.213753814852492	0.129661580196677	0.0840922346558156	0.108897931502204	"C18"	"positive"
"InhouseData|T4465219"	"InhouseData"	2	9294	0.17283485927433	0.138057221674572	0.0347776375997583	0.0442488979315022	"C18"	"positive"
"PRJNA662018|PRJNA662018_PRJNA662018_P1N1"	"PRJNA662018"	0	354	NA	0.0806664329381022	NA	NA	"C18"	"NA"
"PRJNA662018|PRJNA662018_PRJNA662018_P1T1"	"PRJNA662018"	0	495	NA	0.24948226243445	NA	NA	"C18"	"NA"
"PRJNA662018|PRJNA662018_PRJNA662018_P2T2"	"PRJNA662018"	3	1649	0.185965864134735	0.150709796477452	0.0352560676572825	0.0108850457782299	"C18"	"positive"
"PRJNA662018|PRJNA662018_PRJNA662018_P3N3"	"PRJNA662018"	1	134	0.185425567989149	0.103940369363761	0.0814851986253878	0.0827975584944049	"C18"	"positive"
"PRJNA662018|PRJNA662018_PRJNA662018_P3T3"	"PRJNA662018"	2	667	0.157456765005086	0.174561061280143	-0.0171042962750567	-0.00384537131230928	"C18"	"negative"
"PRJNA662018|PRJNA662018_PRJNA662018_P4T4"	"PRJNA662018"	0	7	NA	0.132124206752894	NA	NA	"C18"	"NA"
"PRJNA662018|PRJNA662018_PRJNA662018_P5T5"	"PRJNA662018"	1	4511	0.181410647677179	0.13592494260103	0.045485705076149	0.0458596134282808	"C18"	"positive"
"PRJNA662018|PRJNA662018_PRJNA662018_P6N2"	"PRJNA662018"	3	689	0.170801401605064	0.181794571577485	-0.010993169972421	-0.017246524245507	"C18"	"negative"
"PRJNA662018|PRJNA662018_PRJNA662018_P6T6"	"PRJNA662018"	0	9997	NA	0.149730023788418	NA	NA	"C18"	"NA"
"PRJNA662018|PRJNA662018_PRJNA662018_P7T7"	"PRJNA662018"	2	8384	0.0916920990166158	0.193002954650173	-0.101310855633557	-0.0929942353340116	"C18"	"negative"
"PRJNA662018|PRJNA662018_PRJNA662018_P8T8"	"PRJNA662018"	24	8266	0.218232734260201	0.178966080108354	0.0392666541518474	0.0328721600542556	"C18"	"positive"
"CNP0000460|CNP0000460_P01N"	"CNP0000460"	143	8475	0.123952033046641	0.153137612770091	-0.0291855797234492	-0.0302814513394371	"C2"	"negative"
"CNP0000460|CNP0000460_P02N"	"CNP0000460"	3	92	0.139500395614333	0.167162708066109	-0.0276623124517769	-0.00366225839267553	"C2"	"negative"
"CNP0000460|CNP0000460_P03N"	"CNP0000460"	47	2486	0.104095870940744	0.138419511420619	-0.0343236404798743	-0.03548999660902	"C2"	"negative"
"CNP0000460|CNP0000460_P05N"	"CNP0000460"	110	2551	0.134856191621197	0.155454050360107	-0.0205978587389105	-0.0207426246185147	"C2"	"negative"
"CNP0000460|CNP0000460_P07N"	"CNP0000460"	62	1952	0.114670145155821	0.15751195181473	-0.0428418066589092	-0.0487860291624279	"C2"	"negative"
"CNP0000460|CNP0000460_P01T"	"CNP0000460"	202	8501	0.15680918854856	0.20553724814614	-0.0487280595975801	-0.0485622244828755	"C2"	"negative"
"CNP0000460|CNP0000460_P02T"	"CNP0000460"	0	2	NA	0.0881010512037979	NA	NA	"C2"	"NA"
"CNP0000460|CNP0000460_P03T"	"CNP0000460"	43	1609	0.107487441545025	0.138572888472164	-0.0310854469271392	-0.030186503899627	"C2"	"negative"
"CNP0000460|CNP0000460_P04T"	"CNP0000460"	120	7790	0.153235220978863	0.194763726177713	-0.0415285051988497	-0.0373923363852153	"C2"	"negative"
"CNP0000460|CNP0000460_P05T"	"CNP0000460"	174	7658	0.161123895495453	0.201049717753388	-0.0399258222579343	-0.0371007121057985	"C2"	"negative"
"CNP0000460|CNP0000460_P06T"	"CNP0000460"	390	4005	0.1388553790507	0.183625916908713	-0.0447705378580137	-0.0443336724313326	"C2"	"negative"
"CNP0000460|CNP0000460_P07T"	"CNP0000460"	235	2677	0.146755063021724	0.309231785326266	-0.162476722304542	-0.162387249915225	"C2"	"negative"
"GSE326225|GSE326225_BC1"	"GSE326225"	7	213	0.0679707406869157	0.0654538420758529	0.00251689861106277	0.0085317056629366	"C2"	"positive"
"GSE326225|GSE326225_BC2"	"GSE326225"	330	1417	0.127511883843522	0.121513449172273	0.00599843467124865	0.00856222448287553	"C2"	"positive"
"GSE326225|GSE326225_BC3"	"GSE326225"	828	2685	0.113981796826239	0.112752201453259	0.00122959537298022	-0.000959647338080738	"C2"	"positive"
"GSE326225|GSE326225_BC4"	"GSE326225"	49	491	0.0842688977930949	0.0755477883006356	0.00872110949245927	0.00345879959308237	"C2"	"positive"
"GSE326225|GSE326225_BC5"	"GSE326225"	2	19	0.0441437775517124	0.0464760578965216	-0.00233228034480912	-0.000420481519159022	"C2"	"negative"
"GSE326225|GSE326225_BC6"	"GSE326225"	23	87	0.124882126586758	0.120732451678535	0.00414967490822239	0.0134282807731434	"C2"	"positive"
"GSE326225|GSE326225_BC7"	"GSE326225"	5	4	0.154289589691421	0.0829993218040014	0.0712902678874195	0.0694574432010851	"C2"	"positive"
"GSE326225|GSE326225_BC8"	"GSE326225"	17	111	0.110595017254104	0.1057368660624	0.00485815119170394	0.00846388606307225	"C2"	"positive"
"HRA003620|HRA003620_BC-01"	"HRA003620"	17	103	0.142975684678755	0.157787961691803	-0.0148122770130482	0.0131841302136317	"C2"	"negative"
"HRA003620|HRA003620_BC-04"	"HRA003620"	72	2208	0.189595437248031	0.260161707358427	-0.0705662701103952	-0.0660698541878603	"C2"	"negative"
"HRA003620|HRA003620_BC-05"	"HRA003620"	573	3158	0.132839883605943	0.177928734013376	-0.045088850407433	-0.0340149203119702	"C2"	"negative"
"HRA003620|HRA003620_BC-11"	"HRA003620"	9	109	0.138776232998003	0.121293114444019	0.0174831185539838	-0.00316039335367924	"C2"	"positive"
"HRA003620|HRA003620_BC-24"	"HRA003620"	1486	2280	0.117609582736033	0.138876553455528	-0.0212669707194951	-0.0138216344523567	"C2"	"negative"
"HRA003620|HRA003620_BC-27"	"HRA003620"	540	1215	0.132992866382829	0.146019717920701	-0.0130268515378722	-0.00526619192946765	"C2"	"negative"
"HRA003620|HRA003620_BC-30"	"HRA003620"	1222	1109	0.117926396309548	0.127702068314334	-0.00977567200478618	-0.0066259749067481	"C2"	"negative"
"HRA003620|HRA003620_NC-01"	"HRA003620"	4	10	0.252648355374703	0.232945405222109	0.0197029501525941	0.0233299423533402	"C2"	"positive"
"HRA003620|HRA003620_NC-04"	"HRA003620"	0	308	NA	0.206328317325265	NA	NA	"C2"	"NA"
"HRA003620|HRA003620_NC-05"	"HRA003620"	102	532	0.147300248006968	0.309681337116953	-0.162381089109985	-0.163021363173957	"C2"	"negative"
"HRA003620|HRA003620_NC-11"	"HRA003620"	51	204	0.1803913589851	0.222101476738542	-0.0417101177534425	-0.0418684299762632	"C2"	"negative"
"HRA003620|HRA003620_NC-24"	"HRA003620"	18	1448	0.161270863946347	0.281563564950381	-0.120292701004034	-0.0987928111224144	"C2"	"negative"
"HRA003620|HRA003620_NC-27"	"HRA003620"	30	2623	0.124728382502543	0.202029613352006	-0.0773012308494631	-0.07578501186843	"C2"	"negative"
"HRA003620|HRA003620_NC-30"	"HRA003620"	0	4	NA	0.249776195320448	NA	NA	"C2"	"NA"
"InhouseData|T4380845"	"InhouseData"	172	200	0.223002003043996	0.295799626992201	-0.0727976239482047	-0.0648457104103086	"C2"	"negative"
"InhouseData|T4091568"	"InhouseData"	158	605	0.155131625824673	0.210471626465338	-0.0553400006406643	-0.0492743302814513	"C2"	"negative"
"InhouseData|T4295396"	"InhouseData"	58	489	0.158307199401317	0.114770706648332	0.0435364927529848	0.0599423533401153	"C2"	"positive"
"InhouseData|T4398343"	"InhouseData"	3	14	0.171565502430202	0.114305091314247	0.0572604111159554	0.0635910478128179	"C2"	"positive"
"InhouseData|T4463209a"	"InhouseData"	183	56	0.112831394174556	0.123806617255244	-0.0109752230806881	0.0132248219735504	"C2"	"negative"
"InhouseData|T4463209b"	"InhouseData"	32	279	0.165902000678196	0.182447922933599	-0.0165459222554028	-0.00553407934893185	"C2"	"negative"
"InhouseData|T4466585"	"InhouseData"	0	9	NA	0.170200821370709	NA	NA	"C2"	"NA"
"InhouseData|T4469479"	"InhouseData"	20	306	0.102939301458121	0.0782345627298054	0.024704738728316	0.00803323160393354	"C2"	"positive"
"InhouseData|T4471438"	"InhouseData"	20	323	0.185948796202102	0.178538204166391	0.00741059203571132	0.00984062394031876	"C2"	"positive"
"InhouseData|T8009218"	"InhouseData"	120	590	0.148672487848988	0.204503497307332	-0.0558310094583437	-0.0566531027466938	"C2"	"negative"
"InhouseData|T4465935"	"InhouseData"	197	330	0.142242074660084	0.123935180903645	0.0183068937564396	0.0244489657511021	"C2"	"positive"
"InhouseData|T4465219"	"InhouseData"	2752	6544	0.151429128025267	0.132444457157165	0.0189846708681019	0.0191726008816548	"C2"	"positive"
"PRJNA662018|PRJNA662018_PRJNA662018_P1N1"	"PRJNA662018"	197	157	0.0734775102288826	0.0896869283120911	-0.0162094180832086	-0.0164598168870803	"C2"	"negative"
"PRJNA662018|PRJNA662018_PRJNA662018_P1T1"	"PRJNA662018"	15	480	0.169964055612072	0.251967206397649	-0.082003150785577	-0.0675144116649712	"C2"	"negative"
"PRJNA662018|PRJNA662018_PRJNA662018_P2T2"	"PRJNA662018"	165	1487	0.0775564392654932	0.15889814358098	-0.0813417043154866	-0.0892912851814175	"C2"	"negative"
"PRJNA662018|PRJNA662018_PRJNA662018_P3N3"	"PRJNA662018"	41	94	0.0972514866552531	0.107724724573061	-0.0104732379178081	-0.0147914547304171	"C2"	"negative"
"PRJNA662018|PRJNA662018_PRJNA662018_P3T3"	"PRJNA662018"	34	635	0.124924700297209	0.177164884399623	-0.0522401841024136	-0.0420040691759919	"C2"	"negative"
"PRJNA662018|PRJNA662018_PRJNA662018_P4T4"	"PRJNA662018"	0	7	NA	0.132124206752894	NA	NA	"C2"	"NA"
"PRJNA662018|PRJNA662018_PRJNA662018_P5T5"	"PRJNA662018"	76	4436	0.139324659563456	0.135876950539698	0.00344770902375807	0.00191590369616823	"C2"	"positive"
"PRJNA662018|PRJNA662018_PRJNA662018_P6N2"	"PRJNA662018"	23	669	0.101789847700768	0.184495810948557	-0.0827059632477889	-0.0888572397422855	"C2"	"negative"
"PRJNA662018|PRJNA662018_PRJNA662018_P6T6"	"PRJNA662018"	1	9996	0.129047134621906	0.149732092904982	-0.0206849582830758	-0.0214106476771787	"C2"	"negative"
"PRJNA662018|PRJNA662018_PRJNA662018_P7T7"	"PRJNA662018"	141	8245	0.16280268103865	0.193494842687523	-0.0306921616488734	-0.0273991183452018	"C2"	"negative"
"PRJNA662018|PRJNA662018_PRJNA662018_P8T8"	"PRJNA662018"	155	8135	0.16351038624356	0.179376409825464	-0.0158660235819036	-0.0114276025771448	"C2"	"negative"
"CNP0000460|CNP0000460_P01N"	"CNP0000460"	136	8482	0.146977739213692	0.152744333461345	-0.00576659424765305	-0.00430315361139366	"C3"	"negative"
"CNP0000460|CNP0000460_P02N"	"CNP0000460"	5	90	0.166803662258393	0.166260577973701	0.000543084284691603	0.0193184130213631	"C3"	"positive"
"CNP0000460|CNP0000460_P03N"	"CNP0000460"	68	2465	0.136548580775138	0.137816676605746	-0.0012680958306078	-0.00455408613089175	"C3"	"negative"
"CNP0000460|CNP0000460_P05N"	"CNP0000460"	27	2634	0.151924443942077	0.154630031723815	-0.00270558778173807	0.00163106137673791	"C3"	"negative"
"CNP0000460|CNP0000460_P07N"	"CNP0000460"	34	1980	0.134651227734227	0.156562998585379	-0.0219117708511521	-0.0263546965072906	"C3"	"negative"
"CNP0000460|CNP0000460_P01T"	"CNP0000460"	49	8654	0.175634770693628	0.204569158633367	-0.0289343879397385	-0.0129331976941337	"C3"	"negative"
"CNP0000460|CNP0000460_P02T"	"CNP0000460"	0	2	NA	0.0881010512037979	NA	NA	"C3"	"NA"
"CNP0000460|CNP0000460_P03T"	"CNP0000460"	34	1618	0.151916302634991	0.137466367891569	0.0144499347434218	0.019735503560529	"C3"	"positive"
"CNP0000460|CNP0000460_P04T"	"CNP0000460"	76	7834	0.154868019489211	0.194514639259722	-0.039646619770511	-0.0342794167514412	"C3"	"negative"
"CNP0000460|CNP0000460_P05T"	"CNP0000460"	49	7783	0.156126116774278	0.200439948175474	-0.0443138314011953	-0.0358562224482876	"C3"	"negative"
"CNP0000460|CNP0000460_P06T"	"CNP0000460"	9	4386	0.120982630646924	0.179773495525159	-0.0587908648782353	-0.0699287894201425	"C3"	"negative"
"CNP0000460|CNP0000460_P07T"	"CNP0000460"	7	2905	0.165941965799545	0.296433506150747	-0.130491540351203	-0.11782977280434	"C3"	"negative"
"GSE326225|GSE326225_BC1"	"GSE326225"	0	220	NA	0.0655339252134776	NA	NA	"C3"	"NA"
"GSE326225|GSE326225_BC2"	"GSE326225"	0	1747	NA	0.122646524983099	NA	NA	"C3"	"NA"
"GSE326225|GSE326225_BC3"	"GSE326225"	4	3509	0.154087826381824	0.112995222960558	0.0410926034212659	0.0406883689386233	"C3"	"positive"
"GSE326225|GSE326225_BC4"	"GSE326225"	0	540	NA	0.0763391482360624	NA	NA	"C3"	"NA"
"GSE326225|GSE326225_BC5"	"GSE326225"	0	21	NA	0.0462539359589207	NA	NA	"C3"	"NA"
"GSE326225|GSE326225_BC6"	"GSE326225"	0	110	NA	0.121600110977527	NA	NA	"C3"	"NA"
"GSE326225|GSE326225_BC7"	"GSE326225"	0	9	NA	0.122605026185901	NA	NA	"C3"	"NA"
"GSE326225|GSE326225_BC8"	"GSE326225"	0	128	NA	0.106382089267548	NA	NA	"C3"	"NA"
"HRA003620|HRA003620_BC-01"	"HRA003620"	0	120	NA	0.155689555781621	NA	NA	"C3"	"NA"
"HRA003620|HRA003620_BC-04"	"HRA003620"	30	2250	0.156607889680118	0.259284304283938	-0.102676414603821	-0.0862292302475416	"C3"	"negative"
"HRA003620|HRA003620_BC-05"	"HRA003620"	0	3731	NA	0.17100407272057	NA	NA	"C3"	"NA"
"HRA003620|HRA003620_BC-11"	"HRA003620"	0	118	NA	0.122626572638815	NA	NA	"C3"	"NA"
"HRA003620|HRA003620_BC-24"	"HRA003620"	1	3765	0.0828280773143438	0.130497623837193	-0.0476695465228495	-0.0306612410986775	"C3"	"negative"
"HRA003620|HRA003620_BC-27"	"HRA003620"	53	1702	0.141047492914131	0.142041473558126	-0.00099398064399478	0.00863004408273987	"C3"	"negative"
"HRA003620|HRA003620_BC-30"	"HRA003620"	2	2329	0.161420820617158	0.122543928041919	0.0388768925752389	0.0468735164462529	"C3"	"positive"
"HRA003620|HRA003620_NC-01"	"HRA003620"	0	14	NA	0.238574819551422	NA	NA	"C3"	"NA"
"HRA003620|HRA003620_NC-04"	"HRA003620"	19	289	0.162791668897575	0.209190588329162	-0.0463989194315875	-0.0424143777551712	"C3"	"negative"
"HRA003620|HRA003620_NC-05"	"HRA003620"	0	634	NA	0.283556934768028	NA	NA	"C3"	"NA"
"HRA003620|HRA003620_NC-11"	"HRA003620"	0	255	NA	0.213759453187854	NA	NA	"C3"	"NA"
"HRA003620|HRA003620_NC-24"	"HRA003620"	78	1388	0.187964107780995	0.285263485008839	-0.0972993772278442	-0.0746863343506273	"C3"	"negative"
"HRA003620|HRA003620_NC-27"	"HRA003620"	104	2549	0.162582296475989	0.202729293238088	-0.0401469967620987	-0.0395388267209224	"C3"	"negative"
"HRA003620|HRA003620_NC-30"	"HRA003620"	0	4	NA	0.249776195320448	NA	NA	"C3"	"NA"
"InhouseData|T4380845"	"InhouseData"	0	372	NA	0.262140510543031	NA	NA	"C3"	"NA"
"InhouseData|T4091568"	"InhouseData"	7	756	0.171640749891004	0.199265404289141	-0.0276246543981369	-0.026391997287216	"C3"	"negative"
"InhouseData|T4295396"	"InhouseData"	0	547	NA	0.119387007525248	NA	NA	"C3"	"NA"
"InhouseData|T4398343"	"InhouseData"	0	17	NA	0.124409869746474	NA	NA	"C3"	"NA"
"InhouseData|T4463209a"	"InhouseData"	0	239	NA	0.115402994561663	NA	NA	"C3"	"NA"
"InhouseData|T4463209b"	"InhouseData"	7	304	0.139379935086954	0.181697943995288	-0.0423180089083339	-0.0401831129196338	"C3"	"negative"
"InhouseData|T4466585"	"InhouseData"	0	9	NA	0.170200821370709	NA	NA	"C3"	"NA"
"InhouseData|T4469479"	"InhouseData"	0	326	NA	0.0797501908726469	NA	NA	"C3"	"NA"
"InhouseData|T4471438"	"InhouseData"	7	336	0.133748970595359	0.179912419867913	-0.046163449272554	-0.0288911495422177	"C3"	"negative"
"InhouseData|T8009218"	"InhouseData"	0	710	NA	0.195067270356626	NA	NA	"C3"	"NA"
"InhouseData|T4465935"	"InhouseData"	0	527	NA	0.130778554850549	NA	NA	"C3"	"NA"
"InhouseData|T4465219"	"InhouseData"	10	9286	0.155173957273652	0.138046279171795	0.0171276781018575	0.0136317395727365	"C3"	"positive"
"PRJNA662018|PRJNA662018_PRJNA662018_P1N1"	"PRJNA662018"	1	353	0.0952119362495761	0.080625227546285	0.0145867087032912	0.0230044082739912	"C3"	"positive"
"PRJNA662018|PRJNA662018_PRJNA662018_P1T1"	"PRJNA662018"	8	487	0.15782977280434	0.250987847479708	-0.0931580746753676	-0.0917531366564938	"C3"	"negative"
"PRJNA662018|PRJNA662018_PRJNA662018_P2T2"	"PRJNA662018"	61	1591	0.144797625202208	0.151002952134751	-0.00620532693254283	-0.0140250932519498	"C3"	"negative"
"PRJNA662018|PRJNA662018_PRJNA662018_P3N3"	"PRJNA662018"	1	134	0.112275347575449	0.104486266531027	0.00778908104442186	0.00964733808070534	"C3"	"positive"
"PRJNA662018|PRJNA662018_PRJNA662018_P3T3"	"PRJNA662018"	0	669	NA	0.174509927360038	NA	NA	"C3"	"NA"
"PRJNA662018|PRJNA662018_PRJNA662018_P4T4"	"PRJNA662018"	0	7	NA	0.132124206752894	NA	NA	"C3"	"NA"
"PRJNA662018|PRJNA662018_PRJNA662018_P5T5"	"PRJNA662018"	3	4509	0.12856335480954	0.135939928289309	-0.00737657347976892	-0.0101119023397762	"C3"	"negative"
"PRJNA662018|PRJNA662018_PRJNA662018_P6N2"	"PRJNA662018"	40	652	0.157278908104442	0.183248017940989	-0.0259691098365465	-0.0246761614106477	"C3"	"negative"
"PRJNA662018|PRJNA662018_PRJNA662018_P6T6"	"PRJNA662018"	9588	409	0.149668959999027	0.151161514283985	-0.00149255428495834	-0.000749406578501199	"C3"	"negative"
"PRJNA662018|PRJNA662018_PRJNA662018_P7T7"	"PRJNA662018"	67	8319	0.139347615938618	0.193410730342252	-0.0540631144036336	-0.044523567310953	"C3"	"negative"
"PRJNA662018|PRJNA662018_PRJNA662018_P8T8"	"PRJNA662018"	45	8245	0.147791567763084	0.179250525560771	-0.0314589577976877	-0.0312648355374703	"C3"	"negative"
"CNP0000460|CNP0000460_P01N"	"CNP0000460"	29	8589	0.18448708504344	0.152545847419482	0.031941237623958	0.0317124448965751	"C4"	"positive"
"CNP0000460|CNP0000460_P02N"	"CNP0000460"	15	80	0.19995523906409	0.159976771787046	0.0399784672770431	0.0452695829094608	"C4"	"positive"
"CNP0000460|CNP0000460_P03N"	"CNP0000460"	29	2504	0.158504694753335	0.13754264184426	0.0209620529090757	0.0124448965751101	"C4"	"positive"
"CNP0000460|CNP0000460_P05N"	"CNP0000460"	8	2653	0.194416751441167	0.154482521498468	0.0399342299426984	0.0576364869447271	"C4"	"positive"
"CNP0000460|CNP0000460_P07N"	"CNP0000460"	34	1980	0.178664153352083	0.155807221074769	0.0228569322773141	0.0176737877246524	"C4"	"positive"
"CNP0000460|CNP0000460_P01T"	"CNP0000460"	575	8128	0.208538994795583	0.204113887865365	0.00442510693021814	0.0155849440488302	"C4"	"positive"
"CNP0000460|CNP0000460_P02T"	"CNP0000460"	0	2	NA	0.0881010512037979	NA	NA	"C4"	"NA"
"CNP0000460|CNP0000460_P03T"	"CNP0000460"	47	1605	0.176986789607729	0.136615176589773	0.0403716130179558	0.0456154628687691	"C4"	"positive"
"CNP0000460|CNP0000460_P04T"	"CNP0000460"	5752	2158	0.200212534033601	0.1779310276555	0.0222815063781011	0.0273448626653102	"C4"	"positive"
"CNP0000460|CNP0000460_P05T"	"CNP0000460"	83	7749	0.215994721510661	0.199993126143537	0.0160015953671244	0.0251135978297729	"C4"	"positive"
"CNP0000460|CNP0000460_P06T"	"CNP0000460"	2377	2018	0.196650082677428	0.159632382817108	0.0370176998603198	0.0378772465242455	"C4"	"positive"
"CNP0000460|CNP0000460_P07T"	"CNP0000460"	32	2880	0.233472363513055	0.296815907463924	-0.0633435439508685	-0.0640725669718549	"C4"	"negative"
"GSE326225|GSE326225_BC1"	"GSE326225"	0	220	NA	0.0655339252134776	NA	NA	"C4"	"NA"
"GSE326225|GSE326225_BC2"	"GSE326225"	2	1745	0.140247541539505	0.12262635189822	0.0176211896412848	0.0203899626992201	"C4"	"positive"
"GSE326225|GSE326225_BC3"	"GSE326225"	26	3487	0.16965672848684	0.112619877755512	0.0570368507313288	0.0574296371651407	"C4"	"positive"
"GSE326225|GSE326225_BC4"	"GSE326225"	17	523	0.110382382861588	0.0752325803801658	0.0351498024814223	0.0327772126144456	"C4"	"positive"
"GSE326225|GSE326225_BC5"	"GSE326225"	0	21	NA	0.0462539359589207	NA	NA	"C4"	"NA"
"GSE326225|GSE326225_BC6"	"GSE326225"	0	110	NA	0.121600110977527	NA	NA	"C4"	"NA"
"GSE326225|GSE326225_BC7"	"GSE326225"	0	9	NA	0.122605026185901	NA	NA	"C4"	"NA"
"GSE326225|GSE326225_BC8"	"GSE326225"	0	128	NA	0.106382089267548	NA	NA	"C4"	"NA"
"HRA003620|HRA003620_BC-01"	"HRA003620"	4	116	0.20616480162767	0.153949030062792	0.0522157715648788	0.0940657850118684	"C4"	"positive"
"HRA003620|HRA003620_BC-04"	"HRA003620"	47	2233	0.223511756599785	0.25865780061311	-0.0351460440133248	-0.0309189555781622	"C4"	"negative"
"HRA003620|HRA003620_BC-05"	"HRA003620"	10	3721	0.20306476771787	0.170917911218293	0.0321468564995773	0.0354187860291624	"C4"	"positive"
"HRA003620|HRA003620_BC-11"	"HRA003620"	23	95	0.169661934038067	0.111239064089522	0.0584228699485456	0.0499423533401153	"C4"	"positive"
"HRA003620|HRA003620_BC-24"	"HRA003620"	40	3726	0.206402678874195	0.129669960995539	0.0767327178786553	0.0857138012885724	"C4"	"positive"
"HRA003620|HRA003620_BC-27"	"HRA003620"	92	1663	0.160711221195099	0.140976952958768	0.0197342682363316	0.0216581892166837	"C4"	"positive"
"HRA003620|HRA003620_BC-30"	"HRA003620"	82	2249	0.180922181144497	0.120449991639402	0.0604721895050947	0.0631637843336724	"C4"	"positive"
"HRA003620|HRA003620_NC-01"	"HRA003620"	0	14	NA	0.238574819551422	NA	NA	"C4"	"NA"
"HRA003620|HRA003620_NC-04"	"HRA003620"	30	278	0.24542647225048	0.202109091973624	0.0433173802768569	0.0412614445574771	"C4"	"positive"
"HRA003620|HRA003620_NC-05"	"HRA003620"	17	617	0.200890032513514	0.285834628995462	-0.084944596481948	-0.0767717870464565	"C4"	"negative"
"HRA003620|HRA003620_NC-11"	"HRA003620"	146	109	0.226762821852776	0.196342096994472	0.030420724858304	0.0317192268565615	"C4"	"positive"
"HRA003620|HRA003620_NC-24"	"HRA003620"	21	1445	0.25449046488721	0.280458559056439	-0.0259680941692297	-0.0159036961681927	"C4"	"negative"
"HRA003620|HRA003620_NC-27"	"HRA003620"	21	2632	0.179840785415557	0.201325558815981	-0.0214847734004246	-0.0179247202441505	"C4"	"negative"
"HRA003620|HRA003620_NC-30"	"HRA003620"	2	2	0.298992878942014	0.200559511698881	0.0984333672431333	0.0984333672431333	"C4"	"positive"
"InhouseData|T4380845"	"InhouseData"	12	360	0.306019554651294	0.260677875739422	0.0453416789118722	0.0397660223804679	"C4"	"positive"
"InhouseData|T4091568"	"InhouseData"	170	593	0.212523926355893	0.195138386865642	0.017385539490251	0.012441505595117	"C4"	"positive"
"InhouseData|T4295396"	"InhouseData"	6	541	0.184352887984628	0.118666498684663	0.0656863892999643	0.0741505595116989	"C4"	"positive"
"InhouseData|T4398343"	"InhouseData"	0	17	NA	0.124409869746474	NA	NA	"C4"	"NA"
"InhouseData|T4463209a"	"InhouseData"	0	239	NA	0.115402994561663	NA	NA	"C4"	"NA"
"InhouseData|T4463209b"	"InhouseData"	32	279	0.214616395388267	0.176860608844988	0.0377557865432787	0.0311834520176331	"C4"	"positive"
"InhouseData|T4466585"	"InhouseData"	0	9	NA	0.170200821370709	NA	NA	"C4"	"NA"
"InhouseData|T4469479"	"InhouseData"	3	323	0.189695942127275	0.0787290229043376	0.110966919222937	0.128002712783995	"C4"	"positive"
"InhouseData|T4471438"	"InhouseData"	60	283	0.219332203006669	0.170413016570269	0.0489191864363996	0.045412004069176	"C4"	"positive"
"InhouseData|T8009218"	"InhouseData"	78	632	0.218783420716279	0.192140277116036	0.0266431436002434	0.0325059342149881	"C4"	"positive"
"InhouseData|T4465935"	"InhouseData"	13	514	0.164806322873464	0.129917930367479	0.034888392505985	0.0507222787385554	"C4"	"positive"
"InhouseData|T4465219"	"InhouseData"	151	9145	0.20443463829921	0.136968819855532	0.0674658184436782	0.0774160732451679	"C4"	"positive"
"PRJNA662018|PRJNA662018_PRJNA662018_P1N1"	"PRJNA662018"	3	351	0.180802531931728	0.0798105688441396	0.100991963087589	0.0983316378433367	"C4"	"positive"
"PRJNA662018|PRJNA662018_PRJNA662018_P1T1"	"PRJNA662018"	19	476	0.247277756955971	0.249570257401028	-0.00229250044505677	0.00291963377416077	"C4"	"negative"
"PRJNA662018|PRJNA662018_PRJNA662018_P2T2"	"PRJNA662018"	38	1614	0.211856650782602	0.149335687270127	0.0625209635124759	0.0581383519837233	"C4"	"positive"
"PRJNA662018|PRJNA662018_PRJNA662018_P3N3"	"PRJNA662018"	1	134	0.0989623601220753	0.104585617183665	-0.00562325706158932	-0.00372329603255345	"C4"	"negative"
"PRJNA662018|PRJNA662018_PRJNA662018_P3T3"	"PRJNA662018"	13	656	0.235533296815087	0.173300622782423	0.0622326740326641	0.0901898948796202	"C4"	"positive"
"PRJNA662018|PRJNA662018_PRJNA662018_P4T4"	"PRJNA662018"	1	6	0.182109189555782	0.123793376285747	0.058315813270035	0.0727433028145134	"C4"	"positive"
"PRJNA662018|PRJNA662018_PRJNA662018_P5T5"	"PRJNA662018"	4	4508	0.143151915903696	0.135928620021586	0.00722329588211063	0.00861648016276706	"C4"	"positive"
"PRJNA662018|PRJNA662018_PRJNA662018_P6N2"	"PRJNA662018"	21	671	0.22189184388574	0.180490514605219	0.0414013292805215	0.0358494404883011	"C4"	"positive"
"PRJNA662018|PRJNA662018_PRJNA662018_P6T6"	"PRJNA662018"	20	9977	0.165300440827399	0.149698811165307	0.0156016296620919	0.0147236351305527	"C4"	"positive"
"PRJNA662018|PRJNA662018_PRJNA662018_P7T7"	"PRJNA662018"	352	8034	0.201275490150744	0.192615282978842	0.00866020717190236	0.00615123770769749	"C4"	"positive"
"PRJNA662018|PRJNA662018_PRJNA662018_P8T8"	"PRJNA662018"	32	8258	0.192477322821295	0.179027843238994	0.0134494795823009	0.0177246524245507	"C4"	"positive"
"CNP0000460|CNP0000460_P01N"	"CNP0000460"	4153	4465	0.166275016234327	0.139983486345135	0.026291529889192	0.0267344862665311	"C5"	"positive"
"CNP0000460|CNP0000460_P02N"	"CNP0000460"	28	67	0.156106186116359	0.170544733099508	-0.0144385469831485	-0.0114988131570024	"C5"	"negative"
"CNP0000460|CNP0000460_P03N"	"CNP0000460"	981	1552	0.136155561984937	0.138811085707893	-0.00265552372295672	-0.00482875551034251	"C5"	"negative"
"CNP0000460|CNP0000460_P05N"	"CNP0000460"	680	1981	0.16692154868051	0.150373957821413	0.0165475908590972	0.0137572058324856	"C5"	"positive"
"CNP0000460|CNP0000460_P07N"	"CNP0000460"	1163	851	0.165688285840661	0.143216689200147	0.0224715966405142	0.0255408613089183	"C5"	"positive"
"CNP0000460|CNP0000460_P01T"	"CNP0000460"	38	8665	0.162139351430458	0.204591610758544	-0.0424522593280863	-0.032736520854527	"C5"	"negative"
"CNP0000460|CNP0000460_P02T"	"CNP0000460"	1	1	0.094696507290607	0.0815055951169889	0.0131909121736181	0.0131909121736181	"C5"	"positive"
"CNP0000460|CNP0000460_P03T"	"CNP0000460"	249	1403	0.137859733270144	0.137746731257222	0.000113002012921859	-0.00122075279755851	"C5"	"positive"
"CNP0000460|CNP0000460_P04T"	"CNP0000460"	49	7861	0.159166649365748	0.194351671240672	-0.0351850218749237	-0.0216751441166497	"C5"	"negative"
"CNP0000460|CNP0000460_P05T"	"CNP0000460"	785	7047	0.184366372709739	0.201922334865121	-0.0175559621553822	-0.0151644625296711	"C5"	"negative"
"CNP0000460|CNP0000460_P06T"	"CNP0000460"	72	4323	0.162914547304171	0.17993188703291	-0.0170173397287389	-0.0207900983384198	"C5"	"negative"
"CNP0000460|CNP0000460_P07T"	"CNP0000460"	34	2878	0.224373566313606	0.296967417607316	-0.0725938512937102	-0.0711224143777552	"C5"	"negative"
"GSE326225|GSE326225_BC1"	"GSE326225"	0	220	NA	0.0655339252134776	NA	NA	"C5"	"NA"
"GSE326225|GSE326225_BC2"	"GSE326225"	1	1746	0.20675483214649	0.122598352985869	0.0841564791606218	0.0869108172261784	"C5"	"positive"
"GSE326225|GSE326225_BC3"	"GSE326225"	1	3512	0.18410986775178	0.113021776425505	0.0710880913262749	0.0714174296371652	"C5"	"positive"
"GSE326225|GSE326225_BC4"	"GSE326225"	0	540	NA	0.0763391482360624	NA	NA	"C5"	"NA"
"GSE326225|GSE326225_BC5"	"GSE326225"	0	21	NA	0.0462539359589207	NA	NA	"C5"	"NA"
"GSE326225|GSE326225_BC6"	"GSE326225"	2	108	0.126561546286877	0.121508232545872	0.00505331374100451	0.0189860969820279	"C5"	"positive"
"GSE326225|GSE326225_BC7"	"GSE326225"	0	9	NA	0.122605026185901	NA	NA	"C5"	"NA"
"GSE326225|GSE326225_BC8"	"GSE326225"	0	128	NA	0.106382089267548	NA	NA	"C5"	"NA"
"HRA003620|HRA003620_BC-01"	"HRA003620"	0	120	NA	0.155689555781621	NA	NA	"C5"	"NA"
"HRA003620|HRA003620_BC-04"	"HRA003620"	18	2262	0.1893722919257	0.258478877132892	-0.069106585207192	-0.0596202102407596	"C5"	"negative"
"HRA003620|HRA003620_BC-05"	"HRA003620"	2	3729	0.150478128179044	0.171015081540383	-0.0205369533613396	-0.00440827399118343	"C5"	"negative"
"HRA003620|HRA003620_BC-11"	"HRA003620"	0	118	NA	0.122626572638815	NA	NA	"C5"	"NA"
"HRA003620|HRA003620_BC-24"	"HRA003620"	0	3766	NA	0.130484965965042	NA	NA	"C5"	"NA"
"HRA003620|HRA003620_BC-27"	"HRA003620"	18	1737	0.146199464978712	0.141968056851332	0.00423140812738057	0.0174533740250933	"C5"	"positive"
"HRA003620|HRA003620_BC-30"	"HRA003620"	0	2331	NA	0.122577284449105	NA	NA	"C5"	"NA"
"HRA003620|HRA003620_NC-01"	"HRA003620"	3	11	0.149078783768509	0.262982829310398	-0.113904045541889	-0.114526958290946	"C5"	"negative"
"HRA003620|HRA003620_NC-04"	"HRA003620"	48	260	0.18642830903131	0.210002165010303	-0.0235738559789933	-0.0185927433028146	"C5"	"negative"
"HRA003620|HRA003620_NC-05"	"HRA003620"	0	634	NA	0.283556934768028	NA	NA	"C5"	"NA"
"HRA003620|HRA003620_NC-11"	"HRA003620"	0	255	NA	0.213759453187854	NA	NA	"C5"	"NA"
"HRA003620|HRA003620_NC-24"	"HRA003620"	9	1457	0.209540710598696	0.280522341251749	-0.0709816306530524	-0.0583791115632418	"C5"	"negative"
"HRA003620|HRA003620_NC-27"	"HRA003620"	1059	1594	0.187604805777538	0.210158116674389	-0.0225533108968506	-0.0298406239403187	"C5"	"negative"
"HRA003620|HRA003620_NC-30"	"HRA003620"	0	4	NA	0.249776195320448	NA	NA	"C5"	"NA"
"InhouseData|T4380845"	"InhouseData"	1	371	0.234323499491353	0.262215489009477	-0.0278919895181244	-0.0120447609359104	"C5"	"negative"
"InhouseData|T4091568"	"InhouseData"	11	752	0.218885292394957	0.198721266855696	0.0201640255392609	0.00780603594438795	"C5"	"positive"
"InhouseData|T4295396"	"InhouseData"	1	546	0.176547982366904	0.119282317095135	0.0572656652717691	0.0714784672770431	"C5"	"positive"
"InhouseData|T4398343"	"InhouseData"	0	17	NA	0.124409869746474	NA	NA	"C5"	"NA"
"InhouseData|T4463209a"	"InhouseData"	0	239	NA	0.115402994561663	NA	NA	"C5"	"NA"
"InhouseData|T4463209b"	"InhouseData"	0	311	NA	0.18074544861793	NA	NA	"C5"	"NA"
"InhouseData|T4466585"	"InhouseData"	0	9	NA	0.170200821370709	NA	NA	"C5"	"NA"
"InhouseData|T4469479"	"InhouseData"	0	326	NA	0.0797501908726469	NA	NA	"C5"	"NA"
"InhouseData|T4471438"	"InhouseData"	0	343	NA	0.178970308658269	NA	NA	"C5"	"NA"
"InhouseData|T8009218"	"InhouseData"	0	710	NA	0.195067270356626	NA	NA	"C5"	"NA"
"InhouseData|T4465935"	"InhouseData"	5	522	0.168621227534758	0.130416077142846	0.0382051503919116	0.0392946761614107	"C5"	"positive"
"InhouseData|T4465219"	"InhouseData"	2	9294	0.196646320786707	0.138052097624322	0.0585942231623855	0.0680603594438793	"C5"	"positive"
"PRJNA662018|PRJNA662018_PRJNA662018_P1N1"	"PRJNA662018"	6	348	0.120287102972759	0.0799833179375046	0.0403037850352545	0.0512037978975924	"C5"	"positive"
"PRJNA662018|PRJNA662018_PRJNA662018_P1T1"	"PRJNA662018"	5	490	0.223400474737199	0.249748403125238	-0.0263479283880388	-0.0435842658528315	"C5"	"negative"
"PRJNA662018|PRJNA662018_PRJNA662018_P2T2"	"PRJNA662018"	33	1619	0.143928193429719	0.150913354910774	-0.0069851614810543	-0.016812478806375	"C5"	"negative"
"PRJNA662018|PRJNA662018_PRJNA662018_P3N3"	"PRJNA662018"	0	135	NA	0.104543963427653	NA	NA	"C5"	"NA"
"PRJNA662018|PRJNA662018_PRJNA662018_P3T3"	"PRJNA662018"	6	663	0.151711314569911	0.174716249647732	-0.0230049350778212	-0.00625296710749407	"C5"	"negative"
"PRJNA662018|PRJNA662018_PRJNA662018_P4T4"	"PRJNA662018"	0	7	NA	0.132124206752894	NA	NA	"C5"	"NA"
"PRJNA662018|PRJNA662018_PRJNA662018_P5T5"	"PRJNA662018"	9	4503	0.133912060585509	0.135939066883334	-0.00202700629782473	-0.0163513055272974	"C5"	"negative"
"PRJNA662018|PRJNA662018_PRJNA662018_P6N2"	"PRJNA662018"	161	531	0.180818089719855	0.182028534042949	-0.00121044432309408	-0.00297728043404544	"C5"	"negative"
"PRJNA662018|PRJNA662018_PRJNA662018_P6T6"	"PRJNA662018"	111	9886	0.135787914058514	0.149886565785183	-0.0140986517266691	-0.012332994235334	"C5"	"negative"
"PRJNA662018|PRJNA662018_PRJNA662018_P7T7"	"PRJNA662018"	16	8370	0.19827992539844	0.192968659161136	0.00531126623730457	0.0200610376398779	"C5"	"positive"
"PRJNA662018|PRJNA662018_PRJNA662018_P8T8"	"PRJNA662018"	10	8280	0.175599186164802	0.179083962794233	-0.00348477662943142	-0.00911495422177006	"C5"	"negative"
"CNP0000460|CNP0000460_P01N"	"CNP0000460"	4	8614	0.150298406239403	0.152654424811612	-0.00235601857220927	0.00684977958630045	"C6"	"negative"
"CNP0000460|CNP0000460_P02N"	"CNP0000460"	0	95	NA	0.166289161357106	NA	NA	"C6"	"NA"
"CNP0000460|CNP0000460_P03N"	"CNP0000460"	3	2530	0.12091330394484	0.137802636922545	-0.0168893329777049	-0.0225567989148864	"C6"	"negative"
"CNP0000460|CNP0000460_P05N"	"CNP0000460"	5	2656	0.182840284842319	0.154549420979952	0.0282908638623671	0.0472634791454731	"C6"	"positive"
"CNP0000460|CNP0000460_P07N"	"CNP0000460"	0	2014	NA	0.156193087856015	NA	NA	"C6"	"NA"
"CNP0000460|CNP0000460_P01T"	"CNP0000460"	109	8594	0.20052868177986	0.204455431261711	-0.00392674948185043	-0.00328925059342156	"C6"	"negative"
"CNP0000460|CNP0000460_P02T"	"CNP0000460"	0	2	NA	0.0881010512037979	NA	NA	"C6"	"NA"
"CNP0000460|CNP0000460_P03T"	"CNP0000460"	7	1645	0.133755752555346	0.137780819009277	-0.00402506645393164	-0.000779925398440184	"C6"	"negative"
"CNP0000460|CNP0000460_P04T"	"CNP0000460"	20	7890	0.150223804679552	0.194245016140463	-0.0440212114609107	-0.0332010851135978	"C6"	"negative"
"CNP0000460|CNP0000460_P05T"	"CNP0000460"	29	7803	0.196424737783702	0.200176596049715	-0.00375185826601249	-0.00930484910139029	"C6"	"negative"
"CNP0000460|CNP0000460_P06T"	"CNP0000460"	38	4357	0.180394959932894	0.179646634512674	0.000748325420220603	0.00068836893862323	"C6"	"positive"
"CNP0000460|CNP0000460_P07T"	"CNP0000460"	20	2892	0.20618989487962	0.296741746622035	-0.090551851742415	-0.0809325194981349	"C6"	"negative"
"GSE326225|GSE326225_BC1"	"GSE326225"	0	220	NA	0.0655339252134776	NA	NA	"C6"	"NA"
"GSE326225|GSE326225_BC2"	"GSE326225"	47	1700	0.134853646746463	0.122309033969641	0.0125446127768222	0.0103526619192946	"C6"	"positive"
"GSE326225|GSE326225_BC3"	"GSE326225"	67	3446	0.130912780957876	0.112694553786985	0.0182182271708913	0.0208816547982367	"C6"	"positive"
"GSE326225|GSE326225_BC4"	"GSE326225"	1	539	0.187093930145812	0.0761336662659145	0.110960263879898	0.112926415734147	"C6"	"positive"
"GSE326225|GSE326225_BC5"	"GSE326225"	0	21	NA	0.0462539359589207	NA	NA	"C6"	"NA"
"GSE326225|GSE326225_BC6"	"GSE326225"	2	108	0.182773821634452	0.12046726448388	0.0623065571505721	0.0776093591047813	"C6"	"positive"
"GSE326225|GSE326225_BC7"	"GSE326225"	0	9	NA	0.122605026185901	NA	NA	"C6"	"NA"
"GSE326225|GSE326225_BC8"	"GSE326225"	0	128	NA	0.106382089267548	NA	NA	"C6"	"NA"
"HRA003620|HRA003620_BC-01"	"HRA003620"	7	113	0.137006249091702	0.156846928762412	-0.0198406796707105	0.0153407934893184	"C6"	"negative"
"HRA003620|HRA003620_BC-04"	"HRA003620"	307	1973	0.195262524811038	0.267684909382806	-0.0724223845717671	-0.0706273312987453	"C6"	"negative"
"HRA003620|HRA003620_BC-05"	"HRA003620"	38	3693	0.191394763613	0.170794257867087	0.0206005057459126	0.0225534079348931	"C6"	"positive"
"HRA003620|HRA003620_BC-11"	"HRA003620"	1	117	0.189684638860631	0.122053426773671	0.0676312120869598	0.0673652085452695	"C6"	"positive"
"HRA003620|HRA003620_BC-24"	"HRA003620"	56	3710	0.157060868090878	0.130083820272576	0.026977047818302	0.0441098677517802	"C6"	"positive"
"HRA003620|HRA003620_BC-27"	"HRA003620"	135	1620	0.139445386383331	0.142225295036191	-0.00277990865285993	0.00793489318413015	"C6"	"negative"
"HRA003620|HRA003620_BC-30"	"HRA003620"	8	2323	0.173461342828077	0.122402048776685	0.051059294051392	0.0543404543913191	"C6"	"positive"
"HRA003620|HRA003620_NC-01"	"HRA003620"	0	14	NA	0.238574819551422	NA	NA	"C6"	"NA"
"HRA003620|HRA003620_NC-04"	"HRA003620"	4	304	0.158731773482536	0.206954587638986	-0.0482228141564491	-0.0429942353340115	"C6"	"negative"
"HRA003620|HRA003620_NC-05"	"HRA003620"	2	632	0.141322482197355	0.28400704379515	-0.142684561597795	-0.123513055272974	"C6"	"negative"
"HRA003620|HRA003620_NC-11"	"HRA003620"	1	254	0.0766361478467277	0.214299308720693	-0.137663160873965	-0.133319769413361	"C6"	"negative"
"HRA003620|HRA003620_NC-24"	"HRA003620"	46	1420	0.188794580329367	0.283043920354954	-0.094249340025587	-0.0751814174296372	"C6"	"negative"
"HRA003620|HRA003620_NC-27"	"HRA003620"	34	2619	0.167893204077155	0.201587307506211	-0.0336941034290559	-0.0377178704645643	"C6"	"negative"
"HRA003620|HRA003620_NC-30"	"HRA003620"	0	4	NA	0.249776195320448	NA	NA	"C6"	"NA"
"InhouseData|T4380845"	"InhouseData"	0	372	NA	0.262140510543031	NA	NA	"C6"	"NA"
"InhouseData|T4091568"	"InhouseData"	3	760	0.224790324403753	0.198910210419232	0.0258801139845205	-0.0116819260766362	"C6"	"positive"
"InhouseData|T4295396"	"InhouseData"	4	543	0.194245506951509	0.118835563698903	0.0754099432526055	0.0817599186164801	"C6"	"positive"
"InhouseData|T4398343"	"InhouseData"	0	17	NA	0.124409869746474	NA	NA	"C6"	"NA"
"InhouseData|T4463209a"	"InhouseData"	0	239	NA	0.115402994561663	NA	NA	"C6"	"NA"
"InhouseData|T4463209b"	"InhouseData"	1	310	0.140827399118345	0.180874216519542	-0.0400468174011967	-0.0359647338080706	"C6"	"negative"
"InhouseData|T4466585"	"InhouseData"	0	9	NA	0.170200821370709	NA	NA	"C6"	"NA"
"InhouseData|T4469479"	"InhouseData"	0	326	NA	0.0797501908726469	NA	NA	"C6"	"NA"
"InhouseData|T4471438"	"InhouseData"	8	335	0.151208884367582	0.179633268044316	-0.0284243836767333	-0.017978975924042	"C6"	"negative"
"InhouseData|T8009218"	"InhouseData"	13	697	0.172555494691812	0.19548714565597	-0.0229316509641577	-0.00845032214309938	"C6"	"negative"
"InhouseData|T4465935"	"InhouseData"	2	525	0.170396744659207	0.130627628413183	0.0397691162460237	0.0535978297728044	"C6"	"positive"
"InhouseData|T4465219"	"InhouseData"	101	9195	0.167201770024408	0.137744655703051	0.0294571143213571	0.0321125805357749	"C6"	"positive"
"PRJNA662018|PRJNA662018_PRJNA662018_P1N1"	"PRJNA662018"	1	353	0.165350966429298	0.0804265334097985	0.0849244330194995	0.0931434384537131	"C6"	"positive"
"PRJNA662018|PRJNA662018_PRJNA662018_P1T1"	"PRJNA662018"	17	478	0.162170626134482	0.252587487993235	-0.0904168618587528	-0.0876907426246186	"C6"	"negative"
"PRJNA662018|PRJNA662018_PRJNA662018_P2T2"	"PRJNA662018"	3	1649	0.157153837459026	0.150762213748542	0.00639162371048335	-0.00593421498813163	"C6"	"positive"
"PRJNA662018|PRJNA662018_PRJNA662018_P3N3"	"PRJNA662018"	5	130	0.14142014242116	0.103125648850979	0.0382944935701802	0.0281824347236351	"C6"	"positive"
"PRJNA662018|PRJNA662018_PRJNA662018_P3T3"	"PRJNA662018"	17	652	0.156487343665849	0.174979841352065	-0.018492497686216	0.00407595795184801	"C6"	"negative"
"PRJNA662018|PRJNA662018_PRJNA662018_P4T4"	"PRJNA662018"	0	7	NA	0.132124206752894	NA	NA	"C6"	"NA"
"PRJNA662018|PRJNA662018_PRJNA662018_P5T5"	"PRJNA662018"	154	4358	0.147454827302233	0.135527944772001	0.0119268825302326	0.0108477449983045	"C6"	"positive"
"PRJNA662018|PRJNA662018_PRJNA662018_P6N2"	"PRJNA662018"	68	624	0.166107354437197	0.183451224230726	-0.0173438697935287	-0.0160698541878602	"C6"	"negative"
"PRJNA662018|PRJNA662018_PRJNA662018_P6T6"	"PRJNA662018"	21	9976	0.145337725459801	0.149739269805349	-0.00440154434554829	-0.0101186842997627	"C6"	"negative"
"PRJNA662018|PRJNA662018_PRJNA662018_P7T7"	"PRJNA662018"	290	8096	0.166360496252382	0.193932264336943	-0.0275717680845603	-0.0251576805696847	"C6"	"negative"
"PRJNA662018|PRJNA662018_PRJNA662018_P8T8"	"PRJNA662018"	7194	1096	0.182292947298967	0.157988814716358	0.0243041325826089	0.0300610376398779	"C6"	"positive"
"CNP0000460|CNP0000460_P01N"	"CNP0000460"	30	8588	0.119407030631853	0.152769468797535	-0.0333624381656825	-0.0291183452017633	"C7"	"negative"
"CNP0000460|CNP0000460_P02N"	"CNP0000460"	1	94	0.123485927433028	0.16674451490949	-0.0432585874764616	-0.0428687690742625	"C7"	"negative"
"CNP0000460|CNP0000460_P03N"	"CNP0000460"	15	2518	0.0646989940092687	0.138218000959386	-0.0735190069501174	-0.0775178026449643	"C7"	"negative"
"CNP0000460|CNP0000460_P05N"	"CNP0000460"	39	2622	0.145516863604351	0.15473772153562	-0.00922085793126903	-0.0147270261105459	"C7"	"negative"
"CNP0000460|CNP0000460_P07N"	"CNP0000460"	5	2009	0.161665649372669	0.156179467742733	0.00548618162993556	-0.00944727026110548	"C7"	"positive"
"CNP0000460|CNP0000460_P01T"	"CNP0000460"	94	8609	0.120832593811101	0.205318775555686	-0.0844861817445853	-0.0762495761275008	"C7"	"negative"
"CNP0000460|CNP0000460_P02T"	"CNP0000460"	1	1	0.0815055951169889	0.094696507290607	-0.0131909121736181	-0.0131909121736181	"C7"	"negative"
"CNP0000460|CNP0000460_P03T"	"CNP0000460"	17	1635	0.0686936748249656	0.138481923587844	-0.0697882487628779	-0.0615259409969481	"C7"	"negative"
"CNP0000460|CNP0000460_P04T"	"CNP0000460"	9	7901	0.132092988206925	0.194204381286923	-0.0621113930799983	-0.0543981010512038	"C7"	"negative"
"CNP0000460|CNP0000460_P05T"	"CNP0000460"	53	7779	0.151878794858507	0.200491672482858	-0.0486128776243512	-0.0563106137673788	"C7"	"negative"
"CNP0000460|CNP0000460_P06T"	"CNP0000460"	75	4320	0.132912309257375	0.180464576818256	-0.0475522675608807	-0.0527229569345541	"C7"	"negative"
"CNP0000460|CNP0000460_P07T"	"CNP0000460"	235	2677	0.18587150350281	0.305797955100993	-0.119926451598183	-0.121627670396745	"C7"	"negative"
"GSE326225|GSE326225_BC1"	"GSE326225"	210	10	0.0653515154451065	0.0693645303492709	-0.00401301490416443	-0.00691081722617837	"C7"	"negative"
"GSE326225|GSE326225_BC2"	"GSE326225"	1159	588	0.118720204945096	0.130385649003582	-0.0116654440584862	-0.00848762292302468	"C7"	"negative"
"GSE326225|GSE326225_BC3"	"GSE326225"	91	3422	0.103309969108545	0.113300812824445	-0.00999084371589964	-0.0120651068158698	"C7"	"negative"
"GSE326225|GSE326225_BC4"	"GSE326225"	359	181	0.0662180749623828	0.0964135421877254	-0.0301954672253426	-0.0326415734147169	"C7"	"negative"
"GSE326225|GSE326225_BC5"	"GSE326225"	19	2	0.0464760578965216	0.0441437775517124	0.00233228034480912	0.000420481519159022	"C7"	"positive"
"GSE326225|GSE326225_BC6"	"GSE326225"	56	54	0.107580051349126	0.136139432073647	-0.0285593807245215	-0.0171787046456425	"C7"	"negative"
"GSE326225|GSE326225_BC7"	"GSE326225"	2	7	0.0673855544252289	0.138382018117522	-0.0709964636922928	-0.0815191590369617	"C7"	"negative"
"GSE326225|GSE326225_BC8"	"GSE326225"	105	23	0.105693810654136	0.10952423076356	-0.00383042010942404	-0.00962360122075279	"C7"	"negative"
"HRA003620|HRA003620_BC-01"	"HRA003620"	29	91	0.118813390863063	0.167441300645777	-0.0486279097827139	-0.0595930824008137	"C7"	"negative"
"HRA003620|HRA003620_BC-04"	"HRA003620"	61	2219	0.177676011318091	0.26013956045014	-0.0824635491320494	-0.0652153272295694	"C7"	"negative"
"HRA003620|HRA003620_BC-05"	"HRA003620"	2622	1109	0.16195084294693	0.192408552852658	-0.0304577099057284	-0.0136351305527297	"C7"	"negative"
"HRA003620|HRA003620_BC-11"	"HRA003620"	16	102	0.0616963377416073	0.132184256544259	-0.0704879188026516	-0.0707087148185825	"C7"	"negative"
"HRA003620|HRA003620_BC-24"	"HRA003620"	1	3765	0.210946083418108	0.130463595150313	0.0804824882677946	0.0974635469650729	"C7"	"positive"
"HRA003620|HRA003620_BC-27"	"HRA003620"	6	1749	0.115475302362383	0.142102489025846	-0.0266271866634638	-0.0171108850457783	"C7"	"negative"
"HRA003620|HRA003620_BC-30"	"HRA003620"	1	2330	0.0671549677856901	0.122601070851107	-0.0554461030654168	-0.0474126822651746	"C7"	"negative"
"HRA003620|HRA003620_NC-01"	"HRA003620"	1	13	0.28195998643608	0.235237499021833	0.0467224874142473	0.0750084774499831	"C7"	"positive"
"HRA003620|HRA003620_NC-04"	"HRA003620"	1	307	0.0509732112580536	0.206834360016038	-0.155861148757985	-0.14420481519159	"C7"	"negative"
"HRA003620|HRA003620_NC-05"	"HRA003620"	135	499	0.172323574846464	0.313650128333982	-0.141326553487518	-0.146096982027806	"C7"	"negative"
"HRA003620|HRA003620_NC-11"	"HRA003620"	0	255	NA	0.213759453187854	NA	NA	"C7"	"NA"
"HRA003620|HRA003620_NC-24"	"HRA003620"	2	1464	0.231166497117667	0.280153404784803	-0.0489869076671355	-0.0255069515089861	"C7"	"negative"
"HRA003620|HRA003620_NC-27"	"HRA003620"	10	2643	0.157885384876229	0.201319210536749	-0.0434338256605194	-0.0536317395727365	"C7"	"negative"
"HRA003620|HRA003620_NC-30"	"HRA003620"	0	4	NA	0.249776195320448	NA	NA	"C7"	"NA"
"InhouseData|T4380845"	"InhouseData"	32	340	0.16755976602238	0.271042227674386	-0.103482461652006	-0.0952221091895558	"C7"	"negative"
"InhouseData|T4091568"	"InhouseData"	14	749	0.07990069272877	0.201238346052904	-0.121337653324134	-0.108253645303493	"C7"	"negative"
"InhouseData|T4295396"	"InhouseData"	225	322	0.100296537432651	0.132726621720385	-0.0324300842877339	-0.0187216005425568	"C7"	"negative"
"InhouseData|T4398343"	"InhouseData"	13	4	0.0973216474945875	0.212446592065107	-0.115124944570519	-0.0912512716174975	"C7"	"negative"
"InhouseData|T4463209a"	"InhouseData"	38	201	0.0780526851207367	0.122464247092783	-0.0444115619720462	-0.0315327229569345	"C7"	"negative"
"InhouseData|T4463209b"	"InhouseData"	63	248	0.133264437231884	0.192807157155515	-0.0595427199236309	-0.0693624957612751	"C7"	"negative"
"InhouseData|T4466585"	"InhouseData"	4	5	0.0611258053577484	0.257460834181078	-0.19633502882333	-0.216676839606646	"C7"	"negative"
"InhouseData|T4469479"	"InhouseData"	234	92	0.0675537702190805	0.110771521665413	-0.043217751446333	-0.0255815530688369	"C7"	"negative"
"InhouseData|T4471438"	"InhouseData"	1	342	0.0807121057985758	0.179257613344994	-0.0985455075464177	-0.0833028145133944	"C7"	"negative"
"InhouseData|T8009218"	"InhouseData"	54	656	0.109576001908996	0.202104661356888	-0.0925286594478921	-0.100020345879959	"C7"	"negative"
"InhouseData|T4465935"	"InhouseData"	250	277	0.104252939979654	0.154718640474101	-0.0504657004944465	-0.0461715835876568	"C7"	"negative"
"InhouseData|T4465219"	"InhouseData"	120	9176	0.101339663162654	0.138544979117535	-0.0372053159548812	-0.0368667344862666	"C7"	"negative"
"PRJNA662018|PRJNA662018_PRJNA662018_P1N1"	"PRJNA662018"	99	255	0.0726477388328864	0.0837795730024801	-0.0111318341695937	-0.00695829094608347	"C7"	"negative"
"PRJNA662018|PRJNA662018_PRJNA662018_P1T1"	"PRJNA662018"	10	485	0.103702271956595	0.252488035433993	-0.148785763477398	-0.126941336046117	"C7"	"negative"
"PRJNA662018|PRJNA662018_PRJNA662018_P2T2"	"PRJNA662018"	143	1509	0.0851495943866239	0.156992683887632	-0.0718430895010077	-0.0757409291285182	"C7"	"negative"
"PRJNA662018|PRJNA662018_PRJNA662018_P3N3"	"PRJNA662018"	39	96	0.108023232560364	0.103130510342489	0.00489272221787482	0.00457443201085112	"C7"	"positive"
"PRJNA662018|PRJNA662018_PRJNA662018_P3T3"	"PRJNA662018"	324	345	0.134220890948595	0.212346587642089	-0.0781256966934942	-0.0768769074262462	"C7"	"negative"
"PRJNA662018|PRJNA662018_PRJNA662018_P4T4"	"PRJNA662018"	0	7	NA	0.132124206752894	NA	NA	"C7"	"NA"
"PRJNA662018|PRJNA662018_PRJNA662018_P5T5"	"PRJNA662018"	289	4223	0.136052641151009	0.13592697452718	0.000125666623828985	0.000664632078670735	"C7"	"positive"
"PRJNA662018|PRJNA662018_PRJNA662018_P6N2"	"PRJNA662018"	69	623	0.0937723915254987	0.191490479946136	-0.0977180884206375	-0.0913055272973889	"C7"	"negative"
"PRJNA662018|PRJNA662018_PRJNA662018_P6T6"	"PRJNA662018"	1	9996	0.104482875551034	0.149734550313852	-0.0452516747628179	-0.0459749067480502	"C7"	"negative"
"PRJNA662018|PRJNA662018_PRJNA662018_P7T7"	"PRJNA662018"	289	8097	0.14406926985982	0.194724482770852	-0.0506552129110325	-0.0456154628687691	"C7"	"negative"
"PRJNA662018|PRJNA662018_PRJNA662018_P8T8"	"PRJNA662018"	147	8143	0.131877887811618	0.179931862248507	-0.0480539744368883	-0.0523296032553409	"C7"	"negative"
"CNP0000460|CNP0000460_P01N"	"CNP0000460"	14	8604	0.195444460591968	0.152583703684786	0.0428607569071821	0.0435266191929468	"C8"	"positive"
"CNP0000460|CNP0000460_P02N"	"CNP0000460"	0	95	NA	0.166289161357106	NA	NA	"C8"	"NA"
"CNP0000460|CNP0000460_P03N"	"CNP0000460"	3	2530	0.159299197468068	0.137757120052755	0.0215420774153138	0.00793489318413015	"C8"	"positive"
"CNP0000460|CNP0000460_P05N"	"CNP0000460"	3	2658	0.221806262009721	0.154526728653475	0.067279533356246	0.0923160393353679	"C8"	"positive"
"CNP0000460|CNP0000460_P07N"	"CNP0000460"	1	2013	0.2676500508647	0.156137719270318	0.111512331594382	0.113333333333333	"C8"	"positive"
"CNP0000460|CNP0000460_P01T"	"CNP0000460"	17	8686	0.240568487822392	0.20433547528024	0.0362330125421525	0.035178026449644	"C8"	"positive"
"CNP0000460|CNP0000460_P02T"	"CNP0000460"	0	2	NA	0.0881010512037979	NA	NA	"C8"	"NA"
"CNP0000460|CNP0000460_P03T"	"CNP0000460"	11	1641	0.178195998643608	0.137492737082918	0.0407032615606898	0.034432010851136	"C8"	"positive"
"CNP0000460|CNP0000460_P04T"	"CNP0000460"	163	7747	0.237381664159838	0.193223756574647	0.0441579075851908	0.0436012207527975	"C8"	"positive"
"CNP0000460|CNP0000460_P05T"	"CNP0000460"	37	7795	0.24637064327807	0.199943371721663	0.0464272715564066	0.0516581892166836	"C8"	"positive"
"CNP0000460|CNP0000460_P06T"	"CNP0000460"	69	4326	0.203382133958453	0.179274625012953	0.0241075089454998	0.0296202102407596	"C8"	"positive"
"CNP0000460|CNP0000460_P07T"	"CNP0000460"	32	2880	0.276731731095287	0.296335247824121	-0.0196035167288346	-0.00997626314004746	"C8"	"negative"
"GSE326225|GSE326225_BC1"	"GSE326225"	0	220	NA	0.0655339252134776	NA	NA	"C8"	"NA"
"GSE326225|GSE326225_BC2"	"GSE326225"	20	1727	0.229723296032553	0.121406492892196	0.108316803140358	0.114876229230247	"C8"	"positive"
"GSE326225|GSE326225_BC3"	"GSE326225"	3	3510	0.146892731999548	0.113013079908299	0.0338796520912492	0.0337809426924381	"C8"	"positive"
"GSE326225|GSE326225_BC4"	"GSE326225"	0	540	NA	0.0763391482360624	NA	NA	"C8"	"NA"
"GSE326225|GSE326225_BC5"	"GSE326225"	0	21	NA	0.0462539359589207	NA	NA	"C8"	"NA"
"GSE326225|GSE326225_BC6"	"GSE326225"	0	110	NA	0.121600110977527	NA	NA	"C8"	"NA"
"GSE326225|GSE326225_BC7"	"GSE326225"	0	9	NA	0.122605026185901	NA	NA	"C8"	"NA"
"GSE326225|GSE326225_BC8"	"GSE326225"	0	128	NA	0.106382089267548	NA	NA	"C8"	"NA"
"HRA003620|HRA003620_BC-01"	"HRA003620"	7	113	0.176602238046796	0.154394079889088	0.0222081581577076	0.0467412682265175	"C8"	"positive"
"HRA003620|HRA003620_BC-04"	"HRA003620"	767	1513	0.297625827684279	0.23781157402209	0.059814253662189	0.077076975245846	"C8"	"positive"
"HRA003620|HRA003620_BC-05"	"HRA003620"	67	3664	0.19169311124945	0.17062575241996	0.0210673588294893	0.0312241437775517	"C8"	"positive"
"HRA003620|HRA003620_BC-11"	"HRA003620"	0	118	NA	0.122626572638815	NA	NA	"C8"	"NA"
"HRA003620|HRA003620_BC-24"	"HRA003620"	29	3737	0.213744694285614	0.129838850867023	0.0839058434185912	0.0845303492709394	"C8"	"positive"
"HRA003620|HRA003620_BC-27"	"HRA003620"	20	1735	0.201017293997965	0.141331273337418	0.0596860206605473	0.0499966090200068	"C8"	"positive"
"HRA003620|HRA003620_BC-30"	"HRA003620"	0	2331	NA	0.122577284449105	NA	NA	"C8"	"NA"
"HRA003620|HRA003620_NC-01"	"HRA003620"	1	13	0.31667005764666	0.232567493544096	0.0841025641025641	0.109718548660563	"C8"	"positive"
"HRA003620|HRA003620_NC-04"	"HRA003620"	10	298	0.299538826720922	0.203200447882458	0.0963383788384642	0.108802984062394	"C8"	"positive"
"HRA003620|HRA003620_NC-05"	"HRA003620"	7	627	0.221937702853267	0.284244868776646	-0.0623071659233784	-0.0638385893523228	"C8"	"negative"
"HRA003620|HRA003620_NC-11"	"HRA003620"	0	255	NA	0.213759453187854	NA	NA	"C8"	"NA"
"HRA003620|HRA003620_NC-24"	"HRA003620"	62	1404	0.290670429560595	0.279619195845035	0.0110512337155595	0.0344896575110207	"C8"	"positive"
"HRA003620|HRA003620_NC-27"	"HRA003620"	10	2643	0.240278738555443	0.201007468752113	0.0392712698033296	0.0551135978297728	"C8"	"positive"
"HRA003620|HRA003620_NC-30"	"HRA003620"	0	4	NA	0.249776195320448	NA	NA	"C8"	"NA"
"InhouseData|T4380845"	"InhouseData"	1	371	0.38519498134961	0.26180882733331	0.1233861540163	0.13900983384198	"C8"	"positive"
"InhouseData|T4091568"	"InhouseData"	7	756	0.187397180642349	0.199119511411814	-0.0117223307694654	0.00942692438114617	"C8"	"negative"
"InhouseData|T4295396"	"InhouseData"	1	546	0.315557816208884	0.119027720329857	0.196530095879028	0.210488301119023	"C8"	"positive"
"InhouseData|T4398343"	"InhouseData"	0	17	NA	0.124409869746474	NA	NA	"C8"	"NA"
"InhouseData|T4463209a"	"InhouseData"	0	239	NA	0.115402994561663	NA	NA	"C8"	"NA"
"InhouseData|T4463209b"	"InhouseData"	5	306	0.202434723635131	0.180391048699349	0.0220436749357819	0.015971515768057	"C8"	"positive"
"InhouseData|T4466585"	"InhouseData"	3	6	0.276590934780151	0.117005764665988	0.159585170114163	0.211851475076297	"C8"	"positive"
"InhouseData|T4469479"	"InhouseData"	5	321	0.106529671074941	0.0793330650127981	0.0271966060621426	0.0362563580874873	"C8"	"positive"
"InhouseData|T4471438"	"InhouseData"	16	327	0.172933197694134	0.179265702466912	-0.00633250477277839	0.00742963716514078	"C8"	"negative"
"InhouseData|T8009218"	"InhouseData"	46	664	0.19801907794831	0.194862777662021	0.00315630028628824	-0.0043777551712445	"C8"	"positive"
"InhouseData|T4465935"	"InhouseData"	2	525	0.158528314682943	0.130672841479759	0.0278554732031843	0.0417293997965412	"C8"	"positive"
"InhouseData|T4465219"	"InhouseData"	60	9236	0.21923849892619	0.137537373108104	0.0817011258180855	0.0813665649372669	"C8"	"positive"
"PRJNA662018|PRJNA662018_PRJNA662018_P1N1"	"PRJNA662018"	1	353	0.116771787046456	0.0805641514817046	0.0362076355647518	0.0445642590708715	"C8"	"positive"
"PRJNA662018|PRJNA662018_PRJNA662018_P1T1"	"PRJNA662018"	261	234	0.266064657283656	0.230986514333412	0.0350781429502446	0.052502543234995	"C8"	"positive"
"PRJNA662018|PRJNA662018_PRJNA662018_P2T2"	"PRJNA662018"	85	1567	0.180532104601759	0.149159619076307	0.0313724855254519	0.0167514411664972	"C8"	"positive"
"PRJNA662018|PRJNA662018_PRJNA662018_P3N3"	"PRJNA662018"	2	133	0.177792472024415	0.103442482095371	0.0743499899290444	0.0752017633095965	"C8"	"positive"
"PRJNA662018|PRJNA662018_PRJNA662018_P3T3"	"PRJNA662018"	62	607	0.216634178890603	0.170207285523309	0.0464268933672939	0.0588708036622584	"C8"	"positive"
"PRJNA662018|PRJNA662018_PRJNA662018_P4T4"	"PRJNA662018"	1	6	0.252505934214988	0.112060585509212	0.140445348705776	0.14314004747372	"C8"	"positive"
"PRJNA662018|PRJNA662018_PRJNA662018_P5T5"	"PRJNA662018"	20	4492	0.206067141403866	0.135622770234382	0.0704443711694835	0.0554255679891489	"C8"	"positive"
"PRJNA662018|PRJNA662018_PRJNA662018_P6N2"	"PRJNA662018"	152	540	0.202614534811087	0.175873064315587	0.0267414704954995	0.0267819599864361	"C8"	"positive"
"PRJNA662018|PRJNA662018_PRJNA662018_P6T6"	"PRJNA662018"	11	9986	0.150447301088196	0.149729233677233	0.000718067410963419	0.0010851135978297	"C8"	"positive"
"PRJNA662018|PRJNA662018_PRJNA662018_P7T7"	"PRJNA662018"	4698	3688	0.213403846661877	0.166960109644138	0.0464437370177385	0.0517429637165141	"C8"	"positive"
"PRJNA662018|PRJNA662018_PRJNA662018_P8T8"	"PRJNA662018"	65	8225	0.216357774473746	0.178785160906639	0.0375726135671072	0.0277721261444558	"C8"	"positive"
"CNP0000460|CNP0000460_P01N"	"CNP0000460"	11	8607	0.177134313634822	0.152622043859905	0.0245122697749171	0.016391997287216	"C9"	"positive"
"CNP0000460|CNP0000460_P02N"	"CNP0000460"	1	94	0.20861987114276	0.165838834657258	0.0427810364855018	0.0440454391319091	"C9"	"positive"
"CNP0000460|CNP0000460_P03N"	"CNP0000460"	24	2509	0.132521476206624	0.137832959703832	-0.00531148349720817	-0.0123872499152255	"C9"	"negative"
"CNP0000460|CNP0000460_P05N"	"CNP0000460"	4	2657	0.207283825025432	0.154523269946128	0.0527605550793039	0.041804001356392	"C9"	"positive"
"CNP0000460|CNP0000460_P07N"	"CNP0000460"	0	2014	NA	0.156193087856015	NA	NA	"C9"	"NA"
"CNP0000460|CNP0000460_P01T"	"CNP0000460"	21	8682	0.194493048491014	0.204430229043865	-0.00993718055285081	-0.000942692438114623	"C9"	"negative"
"CNP0000460|CNP0000460_P02T"	"CNP0000460"	0	2	NA	0.0881010512037979	NA	NA	"C9"	"NA"
"CNP0000460|CNP0000460_P03T"	"CNP0000460"	35	1617	0.139025723005377	0.137736448505232	0.00128927450014502	-0.00166158019667684	"C9"	"positive"
"CNP0000460|CNP0000460_P04T"	"CNP0000460"	82	7828	0.170286413749183	0.194383516545019	-0.0240971027958361	-0.0247711088504577	"C9"	"negative"
"CNP0000460|CNP0000460_P05T"	"CNP0000460"	5	7827	0.168252288911495	0.200183088658119	-0.0319307997466232	-0.0282536453034927	"C9"	"negative"
"CNP0000460|CNP0000460_P06T"	"CNP0000460"	86	4309	0.193465975853068	0.179377424257555	0.0140885515955128	0.0157341471685317	"C9"	"positive"
"CNP0000460|CNP0000460_P07T"	"CNP0000460"	2	2910	0.138884367582231	0.296227890169537	-0.157343522587306	-0.149342149881316	"C9"	"negative"
"GSE326225|GSE326225_BC1"	"GSE326225"	0	220	NA	0.0655339252134776	NA	NA	"C9"	"NA"
"GSE326225|GSE326225_BC2"	"GSE326225"	14	1733	0.112121784624328	0.122731548852125	-0.010609764227797	-0.0112614445574771	"C9"	"negative"
"GSE326225|GSE326225_BC3"	"GSE326225"	767	2746	0.120972349144496	0.11082694715233	0.0101454019921659	0.0108002712783994	"C9"	"positive"
"GSE326225|GSE326225_BC4"	"GSE326225"	0	540	NA	0.0763391482360624	NA	NA	"C9"	"NA"
"GSE326225|GSE326225_BC5"	"GSE326225"	0	21	NA	0.0462539359589207	NA	NA	"C9"	"NA"
"GSE326225|GSE326225_BC6"	"GSE326225"	2	108	0.150623940318752	0.121062632656393	0.0295613076623589	0.0454594777890811	"C9"	"positive"
"GSE326225|GSE326225_BC7"	"GSE326225"	0	9	NA	0.122605026185901	NA	NA	"C9"	"NA"
"GSE326225|GSE326225_BC8"	"GSE326225"	0	128	NA	0.106382089267548	NA	NA	"C9"	"NA"
"HRA003620|HRA003620_BC-01"	"HRA003620"	12	108	0.171297049847406	0.153955389774311	0.0173416600730944	0.0485418786029162	"C9"	"positive"
"HRA003620|HRA003620_BC-04"	"HRA003620"	8	2272	0.185534079348932	0.258188225657779	-0.0726541463088466	-0.0603323160393354	"C9"	"negative"
"HRA003620|HRA003620_BC-05"	"HRA003620"	17	3714	0.151576406758024	0.171092998493689	-0.0195165917356654	-0.0199253984401492	"C9"	"negative"
"HRA003620|HRA003620_BC-11"	"HRA003620"	2	116	0.10687012546626	0.1228982355211	-0.0160281100548403	-0.0157680569684639	"C9"	"negative"
"HRA003620|HRA003620_BC-24"	"HRA003620"	43	3723	0.16237510547525	0.130116640421411	0.0322584650538393	0.0351915903696168	"C9"	"positive"
"HRA003620|HRA003620_BC-27"	"HRA003620"	52	1703	0.141138717166184	0.142038104420281	-0.00089938725409669	0.00542217700915565	"C9"	"negative"
"HRA003620|HRA003620_BC-30"	"HRA003620"	144	2187	0.140759061452093	0.121380130407756	0.0193789310443366	0.0215123770769753	"C9"	"positive"
"HRA003620|HRA003620_NC-01"	"HRA003620"	1	13	0.206951508986097	0.241007381902601	-0.0340558729165037	-0.0665174635469651	"C9"	"negative"
"HRA003620|HRA003620_NC-04"	"HRA003620"	4	304	0.167109189555782	0.206844358480127	-0.0397351689243455	-0.031804001356392	"C9"	"negative"
"HRA003620|HRA003620_NC-05"	"HRA003620"	6	628	0.20637504238725	0.284294341383131	-0.0779192989958812	-0.0466225839267548	"C9"	"negative"
"HRA003620|HRA003620_NC-11"	"HRA003620"	6	249	0.150146942466373	0.215292284771504	-0.065145342305131	-0.05902000678196	"C9"	"negative"
"HRA003620|HRA003620_NC-24"	"HRA003620"	5	1461	0.204131570023737	0.280346515913119	-0.0762149458893826	-0.0570091556459816	"C9"	"negative"
"HRA003620|HRA003620_NC-27"	"HRA003620"	20	2633	0.191117667005765	0.201231740963644	-0.010114073957879	-0.00625635808748726	"C9"	"negative"
"HRA003620|HRA003620_NC-30"	"HRA003620"	1	3	0.111915903696168	0.295729625861874	-0.183813722165706	-0.177287216005426	"C9"	"negative"
"InhouseData|T4380845"	"InhouseData"	5	367	0.369961342828077	0.260671561874297	0.10928978095378	0.130362834859274	"C9"	"positive"
"InhouseData|T4091568"	"InhouseData"	23	740	0.158117858669851	0.200283000192461	-0.0421651415226098	-0.0395863004408274	"C9"	"negative"
"InhouseData|T4295396"	"InhouseData"	9	538	0.157815455333258	0.118744152450393	0.0390713028828652	0.0125567989148864	"C9"	"positive"
"InhouseData|T4398343"	"InhouseData"	0	17	NA	0.124409869746474	NA	NA	"C9"	"NA"
"InhouseData|T4463209a"	"InhouseData"	0	239	NA	0.115402994561663	NA	NA	"C9"	"NA"
"InhouseData|T4463209b"	"InhouseData"	110	201	0.189504485341718	0.17595194593327	0.0135525394084481	0.0229671074940658	"C9"	"positive"
"InhouseData|T4466585"	"InhouseData"	0	9	NA	0.170200821370709	NA	NA	"C9"	"NA"
"InhouseData|T4469479"	"InhouseData"	14	312	0.120300343942256	0.0779306327220875	0.042369711220169	0.0507629704984741	"C9"	"positive"
"InhouseData|T4471438"	"InhouseData"	180	163	0.163730718510983	0.195799303912941	-0.0320685854019583	-0.0219057307561886	"C9"	"negative"
"InhouseData|T8009218"	"InhouseData"	79	631	0.202400384597225	0.194149178399404	0.00825120619782086	0.00535096642929811	"C9"	"positive"
"InhouseData|T4465935"	"InhouseData"	2	525	0.138023058663954	0.130750956740784	0.00727210192317007	0.0212241437775517	"C9"	"positive"
"InhouseData|T4465219"	"InhouseData"	3553	5743	0.146568004705569	0.13280399917171	0.0137640055338588	0.0187928111224144	"C9"	"positive"
"PRJNA662018|PRJNA662018_PRJNA662018_P1N1"	"PRJNA662018"	1	353	0.137443201085114	0.0805055922351361	0.0569376088499775	0.0652356731095287	"C9"	"positive"
"PRJNA662018|PRJNA662018_PRJNA662018_P1T1"	"PRJNA662018"	36	459	0.205325534079349	0.252945535246614	-0.0476200011672655	-0.0357578840284842	"C9"	"negative"
"PRJNA662018|PRJNA662018_PRJNA662018_P2T2"	"PRJNA662018"	1	1651	0.237273652085453	0.150721428426189	0.0865522236592638	0.0792607663614785	"C9"	"positive"
"PRJNA662018|PRJNA662018_PRJNA662018_P3N3"	"PRJNA662018"	2	133	0.110457782299084	0.104455033820564	0.00600274847852081	0.00786707358426586	"C9"	"positive"
"PRJNA662018|PRJNA662018_PRJNA662018_P3T3"	"PRJNA662018"	18	651	0.170010549715534	0.174634334115186	-0.00462378439965158	0.0199796541200407	"C9"	"negative"
"PRJNA662018|PRJNA662018_PRJNA662018_P4T4"	"PRJNA662018"	1	6	0.121078331637843	0.133965185938736	-0.012886854300893	0.000488301119023371	"C9"	"negative"
"PRJNA662018|PRJNA662018_PRJNA662018_P5T5"	"PRJNA662018"	32	4480	0.140440827399118	0.135902839340212	0.00453798805890615	0.00165818921668365	"C9"	"positive"
"PRJNA662018|PRJNA662018_PRJNA662018_P6N2"	"PRJNA662018"	15	677	0.185384424098564	0.181666318552768	0.00371810554579668	0.0226178365547644	"C9"	"positive"
"PRJNA662018|PRJNA662018_PRJNA662018_P6T6"	"PRJNA662018"	39	9958	0.137228091226057	0.149778986970777	-0.0125508957447208	-0.0203357070193286	"C9"	"negative"
"PRJNA662018|PRJNA662018_PRJNA662018_P7T7"	"PRJNA662018"	544	7842	0.169014508906309	0.194641196523852	-0.0256266876175428	-0.0174872838250255	"C9"	"negative"
"PRJNA662018|PRJNA662018_PRJNA662018_P8T8"	"PRJNA662018"	161	8129	0.158298486274956	0.179491345492389	-0.0211928592174331	-0.0229840623940318	"C9"	"negative"
