index	observed	oob_prediction
1	0.672928278	1.23333925209667
2	4.48601021	5.12850987754167
3	11.32581408	6.5141108916554
4	9.00987464	7.31438557896296
5	8.5657522	10.3113672095526
6	0.787887708	0.860663383655185
7	3.26794894	3.12873122700439
8	2.93000511	3.35057819896914
9	1.40480476	3.05576435512381
10	2.15371268	3.10993439126667
11	3.20170352	2.62936980499479
12	3.94327275	4.67533923592361
13	4.58518178	3.72831791709848
14	6.25568581	6.49725825905556
15	1.135415504	1.38081427162207
16	0.616016088	0.935240277892392
17	0.320447246	0.277882884043056
18	0.302911663	0.445651020039706
19	5.69128788	5.59725935245727
20	7.70274329	7.36993640849123
21	0.492665825	0.961576953584762
22	0.630335095	0.340795736615447
23	0.633087237	0.790953670571795
24	0.40499426	0.363354691976852
25	3.65313661	3.33131969672917
26	0.146905337	0.217227714643056
27	6.32968711	6.97190599194595
28	4.95131559	3.50890261119118
29	1.13850669	1.45187840094083
30	0.740158415	1.21320952580746
31	6.00891906	9.20812859414141
32	13.8352697	10.4473019299063
33	1.73637887	2.12397121202692
34	0.716754549	0.805897535211765
35	0.587842133	0.45839527768871
36	10.2110899	8.66826842142248
37	1.08757599	1.2306201017213
38	0.534359393	0.662742305747619
39	5.72875281	5.9853753312973
40	2.79664144	1.96717463581034
41	2.30730318	1.66087485275541
42	4.23819832	5.13202415545588
43	7.51852991	7.22375003714102
44	6.11838544	5.91862556120175
45	0.65301446	0.549924483157895
46	0.690488324	0.80735405659625
47	12.54273415	12.524565883527
48	0.83239549	0.862434530404301
49	9.26478477	8.46104632067567
50	2.800483	1.86234598929298
51	0.845548345	0.716789668867143
52	0.197076954	0.204359568231818
53	1.101374246	1.30395863020625
54	1.226194606	1.0697995978025
55	1.02520205	0.90379324288109
56	1.43202651	1.28856864007424
57	5.13765699	7.01031903486111
58	1.401556965	1.57977195516566
59	6.91437278	5.87833266194167
60	0.905278068	0.978316137992381
61	0.88726225	1.14612185792281
62	9.04909539	7.84860413946759
63	0.97688168	1.35433559711343
64	0.754547251	0.813306185240244
65	1.50947586	1.983297998875
66	0.74247142	1.25067391169912
67	10.25622415	7.05179684709375
68	7.60876166	6.72933236137387
69	0.7692625	0.96081309717193
70	0.464373841	0.467007488086667
71	0.638374637	0.613097006259127
72	3.32500005	4.00355426066667
73	2.4802321	4.83380106121204
74	0.633453711	0.881212867199099
75	1.2453688	2.00954916352209
76	0.634804972	1.13218491609611
77	4.61692245	6.13074346293333
78	1.4976745	2.39432804751023
79	0.62647234	0.841597198666667
80	8.24025576	8.88859945610784
81	2.69051581	2.36119221303158
82	0.630847541	0.871991585408975
83	0.481851391	0.635065397656098
84	0.248595919	0.305938277680342
85	1.114546095	1.18421385497115
86	1.431306226	2.41996704275641
87	7.63344965	7.0305399193263
88	1.39363364	1.36264579029127
89	5.73570196	5.75477057813964
90	0.245728529	0.211290371210753
91	1.79278043	1.96743833861
92	0.71522098	0.886773060812121
93	0.298184109	0.352115879711438
94	8.57098208	6.77173567331818
95	0.289520453	0.30956031311453
96	5.8827889	6.71260825215116
97	1.06762976	0.93674388819875
98	1.33406398	0.893077819945528
99	6.72964209	5.08315445525
100	4.55045283	3.44954273520202
101	4.4508529	4.66425788368605
102	2.16271315	2.09919562325812
103	0.992586636	1.19241100752895
104	3.96792754	4.19404349837083
105	6.19027247	5.94222501965686
106	0.389917918	0.981083562981548
107	1.34573554	1.38341784382903
108	0.224140043	0.247817177815741
109	1.19957564	1.37954638634829
110	3.88469938	3.14217259254685
111	11.2076848	9.49925859211905
112	7.28854617	8.51705017165686
113	3.26083152	6.2697260700119
114	3.90901058	3.55171968194905
115	0.296142665	0.282749708644907
116	8.72545063	6.43850378852193
117	0.646243885	0.946114989777315
118	1.22748027	1.1433847549287
119	3.54690866	4.06170666983333
120	1.68286671	2.20963824375159
121	3.32033572	3.91418527996354
122	1.8600772	2.51137424835135
123	3.49142804	2.76655533996204
124	6.93662846	7.65135815927037
125	8.74392977	9.43792221987037
126	5.25264546	6.07962263822581
127	11.9809527	10.5010840051944
128	0.802723701	1.02722661874
129	1.1383176	1.10746530052908
130	0.987173815	1.66934701322083
131	6.20256081	7.07480684142647
132	8.60965149	12.9619548621368
133	6.024202	5.28809964649612
134	7.2327193	7.09297776205674
135	0.282709958	0.337263517022396
136	2.07897994	2.16464170725556
137	7.35672037	7.66384235903704
138	0.963551465	1.41506410901216
139	0.182413562	0.318576472343333
140	7.85318717	5.82828451728646
141	1.41434149	1.46996244905185
142	0.742351523	0.968921430183333
143	6.28169754	6.52596434572581
144	0.812271869	1.06504509731061
145	6.3643061	5.39613024340698
146	3.70397683	4.25376457681818
147	3.7071123	4.89115686017094
148	2.04323149	2.90913726438889
149	1.85044104	2.0260998425819
150	1.460811205	1.65980045261806
151	5.81117467	5.43108125978947
152	2.6604187	2.71357723594634
153	3.97505455	5.14461699896124
154	5.39864921	6.92430047114773
155	2.46996886	2.158728106924
156	2.16212716	2.75205268545714
157	0.951938766	0.896877383235294
158	7.56973826	5.08945054346053
159	0.243569491	0.286683573353448
160	1.254406314	1.15178431794444
161	19.2211119	13.7375635180721
162	3.90027742	3.30316752996296
163	0.485981784	0.583255513727652
164	0.291529645	0.213856194078241
165	4.07201677	3.85712160143
166	2.76147103	2.26262501382552
167	0.671932326	0.932726786496569
168	0.811375362	0.669608779531183
169	0.519236791	0.339636535366216
170	1.22635632	1.9533672039768
171	1.40789346	1.25686126909512
172	2.25022314	1.37090464332778
173	2.58138625	2.86406551777012
174	8.89450969	10.0844057215
175	0.554143128	0.828464897292014
176	1.15780946	1.03405020596009
177	0.94497496	1.49157167587875
178	5.61484417	5.88362465859722
179	5.52580906	4.43776981551667
180	2.28073382	3.48430416082197
181	2.21377711	1.85681674312126
182	12.4110392	10.4467081209118
183	0.756875819	1.20785306429106
184	0.867001156	0.865455154870086
185	17.3145951	15.0181590466613
186	3.7187579	4.50842871157246
187	0.87345517	1.01558372421322
188	0.429256706	1.01867894919028
189	5.60733753	5.87531183129268
190	0.601020996	1.47146787761806
191	0.952179501	1.02437369220735
192	1.144229374	1.24059734288556
193	6.08246722	7.40992283655926
194	0.396994476	0.538145301523611
195	1.80360758	1.58733079094318
196	3.36272523	4.5806023445942
197	2.07600339	1.56728043068519
198	0.79792945	0.633738220567917
199	1.25205756	0.852441590807576
200	1.376912466	1.57516157774583
201	1.500034355	1.47055927072841
202	1.27972827	1.12414314196212
203	7.59055481	8.0555113620071
204	2.7599921	3.43660181578633
205	7.88666944	4.77513608069369
206	0.230105255	0.235980200806875
207	1.23370602	1.19648026575708
208	2.14978129	1.61108329320909
209	3.00803863	3.64513948836585
210	0.222345415	0.35199906114693
211	7.02870521	7.85261626610163
212	0.835885642	0.925735842639815
213	1.22618907	1.24969150810081
214	3.96525872	5.10005882830303
215	7.2654204	7.14823877603509
216	8.00514005	9.03668280505556
217	0.828471849	0.881007745211111
218	1.488656215	1.3650290388954
219	1.39463344	1.03232316930583
220	5.75817942	5.20479831182895
221	4.18037515	4.7962486515992
222	2.2259978	2.0101661174
223	0.621179056	0.940481706745
224	0.443662999	0.390501133416667
225	1.0423	2.16440187878148
226	4.34168597	4.22660011649225
227	1.14283948	1.24528283415287
228	1.649144965	1.89579912559875
229	0.234463783	0.242347908648718
230	0.85219367	1.04579967933649
231	0.79794338	1.44271293784531
232	8.03591205	8.51174600916228
233	3.47051258	3.20114597900926
234	0.68653884	1.38171851758178
235	7.08829576	7.01761835333333
236	1.12889187	1.6763866641837
237	1.54854801	2.03247115960054
238	0.341957737	0.360879530958333
239	0.302249252	0.386062034730357
240	0.744259375	1.34030643820354
241	1.31045554	1.21685853734118
242	6.16193126	5.59242621353431
243	7.53745787	10.3060871833333
244	2.16894055	2.58671539315132
245	2.06557665	1.65109504877061
246	6.76615399	9.2765223952353
247	6.56323976	7.26740640927236
248	8.15144257	6.21137598891057
249	1.14106132	1.18527031444872
250	0.893939734	0.884647653558572
251	3.76971033	4.6558183513125
252	0.442988629	0.514796683263235
253	1.17097499	1.43931265239
254	1.35206809	1.30323658377805
255	9.4803092	8.52326699917204
256	5.39557415	5.59863858734615
257	0.89608828	0.860915387158156
258	9.6233005	8.8534411691626
259	0.731114529	0.958402285928283
260	1.57886006	1.66393360633485
261	3.06747663	3.04969794688288
262	2.60231698	1.38649982819951
263	3.88900935	3.55378085309409
264	16.7382856	10.526630081509
265	1.70928037	1.75980732370806
266	0.814928072	1.05114624498382
267	0.973465241	1.23387580768088
268	1.50380145	1.04528793255926
269	0.467987242	0.786662137932895
270	17.9559035	17.995786100322
271	4.79571198	5.76660540060638
272	0.267443995	0.306377667726923
273	10.5329204	11.8795086466806
274	1.77750475	1.77050901556936
275	7.30893943	7.60649942164815
276	1.18748971	2.27735191253992
277	2.052629464	3.59069801995238
278	2.80734335	3.82414369350538
279	5.2214001	5.83237851654167
280	0.8183087	0.95572831512072
281	7.2157004	7.30726138291667
282	1.06148	1.14476343556368
283	5.93295906	7.89468928280357
284	1.018736525	0.879607604513334
285	6.03743006	6.77444328600757
286	2.40684587	4.28777838365517
287	1.14713174	1.24551307408964
288	1.26645528	0.804743678137037
289	5.81501999	6.50150393861111
290	0.694630476	0.725195778411905
291	12.3498286	13.063352068114
292	3.80744567	3.77642699008547
293	0.460517727	0.801019437894309
294	3.63460738	4.81677005610784
295	1.23126679	1.22270475678333
296	3.89934983	3.96763948547807
297	0.893398284	0.886326154877083
298	1.27536693	1.06623252038763
299	1.131964355	1.14197107316351
300	8.03390256	7.99211251268571
301	2.98650426	4.32615339365854
302	0.316299594	0.398879115456863
303	1.24324001	1.01198982284755
304	0.977546495	1.02791152546463
305	0.679632691	0.806432184536364
306	0.554435611	0.863706918727315
307	2.02765389	1.99617806843102
308	0.99428519	1.00793790780307
309	10.33124613	9.24741425116667
310	2.85660847	1.95611486862523
311	1.458346025	1.17279094517794
312	20.4916435	16.8880254196157
313	0.936825084	1.05772507034271
314	1.60169246	1.3198825506536
315	0.596838418	0.80541730532973
316	0.918410048	1.13535505555
317	1.04616586	1.19885086303
318	0.236536026	0.281329326394624
319	1.84521262	2.25639324996123
320	0.89957224	1.07576676240278
321	3.85868575	5.31222824216667
322	7.48890144	6.60820355409195
323	1.94899378	1.66490073906847
324	1.025289446	1.24651310966574
325	1.30885869	1.41274962332677
326	0.234419515	0.392522830363333
327	6.3704269	5.96727710712281
328	0.414522794	1.11714943205854
329	5.1710308	3.75607718838148
330	1.61828767	2.99524405929167
331	0.251983597	0.301275457272727
332	9.8000862	11.4254902129792
333	11.41937038	8.41769768274479
334	0.513148641	0.52842658565
335	2.27793721	2.97234469876151
336	0.91449067	1.03315033434063
337	1.54539114	1.98896970367917
338	5.98483142	5.85352614034524
339	0.655126889	0.685805914581061
340	1.094091	1.43492154291111
341	2.59018514	3.91922299380342
342	3.94331914	3.15109590841973
343	0.511299085	0.503568602514942
344	1.83228383	1.19559305645524
345	1.13292401	1.44084505058048
346	1.124008591	0.980824950577222
347	5.09302729	5.4890707615
348	1.73076684	1.57144933989417
349	2.13374775	1.79006279789053
350	0.349939765	0.363003078928125
351	1.66520557	1.88095261414598
352	10.54545196	12.4853781317656
353	0.365583391	0.193678097385417
354	1.044951916	1.06907248639271
355	1.66537264	1.35639938827375
356	6.06813938	4.99120103045175
357	2.4396959	2.58830008430208
358	10.24096908	7.76191217347807
359	0.553071848	0.695312795435937
360	5.88127623	6.13699298697531
361	4.3178251	5.002838187875
362	0.473040705	0.425725297214286
363	0.935763014	1.54219881794167
364	8.98475841	9.51642393970202
365	1.99084595	2.303919734
366	6.87550678	5.42431763801626
367	1.07451828	1.23126331451382
368	9.4078312	8.92895354744872
369	13.26432396	12.7854935763684
370	7.09431612	6.07986924825676
371	1.79230305	2.8740094091252
372	6.08671891	4.93662657443809
373	11.60772916	10.2928180089079
374	1.74692942	1.4884300984902
375	10.50255565	6.86263638741667
376	1.75980316	1.88744341457952
377	3.49717443	4.87214630554505
378	2.08231934	1.64234633560707
379	1.82703925	2.15878367580859
380	4.42598574	4.02162915808986
381	4.26226046	3.66305633870833
382	11.108608	10.889963619974
383	2.57376596	1.98744156113509
384	1.66635803	1.44840442911814
385	0.776591299	0.986725563605691
386	0.644590979	0.970323102162222
387	9.97303905	10.2073778656496
388	7.30608426	5.82708446416191
389	3.92471547	4.34916908369394
390	2.50966313	1.26541973483571
391	1.54746454	1.56829515433246
392	6.6230061	6.70544541421667
393	8.530838	8.62177316544737
394	3.68664072	4.71816014807778
395	9.6258287	7.85597865916667
396	3.81611313	4.75582776856306
397	0.86288618	1.92366340494375
398	1.95959153	4.40754591056458
399	1.22986356	1.48887426507018
400	6.71641628	4.88674421188462
401	0.82445233	0.801167013717619
402	4.26554198	3.6030926146
403	0.460418092	0.407971580591429
404	1.29478365	1.29007329434444
405	2.17079951	1.75777449098974
406	8.17913184	5.44944806669504
407	1.54811426	1.29010593353462
408	8.2478373	9.01541852845349
409	1.15800861	1.15634871752073
410	3.0390636	1.71414084685854
411	1.270237854	1.15692060448488
412	2.78272257	3.43092624567054
413	1.57059197	1.25991340127342
414	0.757778816	0.857341873122222
415	1.026415821	1.10694300470875
416	1.18119865	0.827292223914583
417	1.0906549	2.52921840718438
418	3.36140729	2.94491026758167
419	0.725948563	0.949681768122549
420	3.14911899	3.94989362464583
421	1.40960201	1.43788203186889
422	1.18385534	1.35889583450119
423	0.626665758	0.795923504710606
424	5.11661886	4.71424398090698
425	4.09272981	4.08039618345128
426	1.641036296	1.47592706791071
427	3.05794721	2.39065075706351
428	1.62802611	1.36220218050214
429	5.90165289	5.4474097097069
430	4.72614815	4.91682884546237
431	7.41803689	6.34626700523233
432	1.681152286	1.21892560486765
433	1.51638568	1.63012479650676
434	9.47679147	9.97554113113063
435	0.75043314	0.774325269309921
436	1.96846746	2.55719229941204
437	1.25297008	1.185253343825
438	0.383449444	0.421423058095349
439	0.684955216	0.455827634682883
440	9.414216	8.55524339426357
441	4.66944506	5.45282974948649
442	0.205450983	0.34391917682807
443	0.751085399	0.776736538294445
444	1.794448005	1.66516612226863
445	2.09128531	2.28301509994146
446	0.462828687	0.672077571527236
447	0.822863685	1.18093641212927
448	7.21170163	7.61685955745513
449	1.54248171	1.23833062809907
450	9.9672724	6.83243773597059
451	2.89224006	2.70953747681482
452	0.183681209	0.24692209250935
453	8.37021443	13.9127434088441
454	8.14655629	11.0711013726847
455	1.00128641	1.47919268197419
456	0.349309099	0.363265295214815
457	1.37511986	1.04782106272523
458	4.62316198	4.17297897833333
459	1.77527014	2.06698705051078
460	5.43595146	5.31637784378572
461	2.41666023	1.62712588470526
462	3.70410661	2.43505876277626
463	5.30043762	4.27596512050451
464	4.5369304	4.87840258984762
465	0.357489559	0.346994050240278
466	1.12090009	1.21051182591429
467	1.08760285	1.04572536050577
468	12.674546	10.9390081259708
469	1.691013956	1.71023842358556
470	4.62005086	4.25039915460318
471	0.86083215	1.12260339270855
472	0.619046055	0.903939974714706
473	4.29607013	3.20140273862255
474	0.75198658	0.817993743329032
475	1.52812775	1.3326076033875
476	0.73831658	0.812242332740476
477	1.161772086	1.16644822825
478	0.87865207	1.02052644103788
479	4.73591881	5.77712848528889
480	13.43395004	12.2455019298143
481	0.96939271	1.4093221065763
482	0.158725827	0.188662588352525
483	0.62471789	0.762946293115315
484	1.019112096	0.965310338354878
485	1.99125193	1.76012166041465
486	0.87611012	0.86698681791358
487	3.80583438	4.38528904684496
488	5.24737961	3.66812095048684
489	5.50458297	8.94929985017708
490	1.3677671	1.03547753910039
491	1.47804709	1.93976679083721
492	7.25074795	6.52742935830833
493	1.5320413	1.72466947068809
494	7.27640893	6.36673324586559
495	0.699090848	0.937659030359596
496	0.161280541	0.208665174296078
497	1.07255562	1.23809872237803
498	5.35599072	5.60068680620833
499	7.62325011	8.38771009076423
500	1.68664405	1.29744912681556
501	0.69214681	0.990062984164912
502	6.07418277	6.51398041328175
503	1.95668916	2.12162944790191
504	11.47778896	10.2369137968649
505	1.9163087	2.22820849132315
506	0.225303854	0.371519723102381
507	7.22202715	7.87188068618982
508	0.717909199	0.741816834930476
509	1.55923417	1.7433805292803
510	0.991322944	1.22929256060983
511	1.0504169	1.19148125931435
512	0.696009816	0.614185826492343
513	1.62978673	1.47025850442167
514	2.29877508	2.43559357735366
515	9.62394612	9.53805506836036
516	1.37855649	1.70849949276383
517	1.184498285	1.74740139241845
518	1.035906	1.0929531613096
519	0.992511654	0.687915582124561
520	0.69396449	0.777507411916216
521	4.28630695	5.18668851400952
522	0.743676852	1.10865728350619
523	2.22893423	2.54300401225758
524	11.2462788	10.6058347755214
525	1.18939603	1.8527369783481
526	1.215797869	1.73729478947903
527	1.19471303	1.17117821693519
528	5.20885436	5.458262460875
529	5.32607031	5.63869233133333
530	6.28220119	9.14143414615
531	8.31542456	7.84995462385715
532	3.76439477	4.47582474455238
533	4.56768082	5.17303473825926
534	0.424719886	0.278898023767007
535	4.03869675	5.02030124516667
536	5.07918479	5.61012827343798
537	1.13060533	1.24086755638684
538	1.5860569	1.71304355911143
539	13.93043266	12.8829046283218
540	2.77787503	4.20758186882917
541	1.101644534	1.96053581491414
542	4.44103839	4.32502002697849
543	7.34601737	6.0278747980086
544	0.878854966	1.21768138351774
545	5.39542076	6.42407572688739
546	9.1229555	9.20165227939474
547	5.94384746	7.29036417087388
548	5.61986017	4.37740878504701
549	1.75139895	2.08777622540054
550	1.2969881	1.15178942395722
551	0.715294816	0.867449943724074
552	13.3504516	7.02741540027917
553	1.31292548	0.965346835338095
554	5.13910419	6.3058417550812
555	0.633401562	1.17483496037982
556	2.07066018	3.52546191912403
557	1.02658217	1.12436494687072
558	0.422523264	0.340299284203153
559	9.36061336	7.12121435344144
560	0.983767004	0.838476707242857
561	2.26610438	2.78484013558108
562	1.79105962	1.9694191341136
563	1.76531713	1.9339116536547
564	1.891607466	1.70146656977358
565	2.97382944	2.52867636996404
566	3.13355979	3.3338502107973
567	0.75156408	0.855504369255263
568	2.6464762	2.69647173487398
569	5.22971739	4.69737843793089
570	5.12167453	5.88646274403901
571	5.06734805	6.44154599911429
572	0.510785174	0.757738457004651
573	5.45975854	4.64797537464565
574	1.19545406	1.30993917693605
575	9.88529814	8.36280798351389
576	0.485315185	0.516207747522619
577	4.77115364	2.761050971975
578	7.07932498	5.652080315575
579	5.03738862	5.64066604257197
580	4.5120127	4.01850179333334
581	0.768799759	0.74832604382193
582	1.93529869	2.1252087847381
583	3.03017169	4.09254915715203
584	0.374979051	0.737783645561574
585	1.74591723	1.66793604795698
586	1.10587937	1.14627423018784
587	0.932316	1.03803929822593
588	5.60153582	5.61905546679048
589	0.286272136	0.249165359927778
590	1.16472142	1.0158546435265
591	0.802135003	0.436897925938889
592	0.2341986	0.300215130379583
593	1.178239845	1.3851921144765
594	4.98998179	5.28535057437281
595	7.03229234	8.37102593766667
596	0.812401394	1.08273644123583
597	8.10563958	6.08956579617117
598	1.21552735	1.26107743537387
599	11.9616198	10.3655274513649
600	4.62006271	5.63745521352941
601	0.385689702	0.303285836182108
602	2.46378399	1.70178341108889
603	7.32065146	6.03212311787719
604	1.06368439	1.26679210599369
605	8.67009624	9.49948966485366
606	2.41534539	2.70834559519028
607	6.6971221	6.80077569699099
608	3.62483104	3.77281711355185
609	3.61461246	3.63942665055882
610	0.131334135	0.235365768875287
611	1.28171565	1.13572433736458
612	0.994946085	1.17838428358824
613	5.49946101	6.12749167507889
614	6.52057375	7.25443567958968
615	0.762129738	1.03337236624024
616	0.84809762	0.978691502614762
617	5.27563376	3.86876859532018
618	3.74575971	4.49923316844286
619	3.89944969	4.13442935180263
620	1.07318787	1.14161015469074
621	0.303353528	0.307516874886842
622	0.961196681	0.879592804527778
623	0.1817776	0.204482374784048
624	6.5426636	6.46269619635833
625	1.186271055	1.27864309334381
626	1.79820268	1.44129687176481
627	1.691408005	2.65383373720185
628	7.33628988	8.28012263831982
629	6.56675387	7.47153785110476
630	2.30362117	2.01640359440871
631	2.06571305	1.64339066984674
632	0.212067863	0.218566159449342
633	1.6424688	1.58700911438819
634	0.199271457	0.235026058716919
635	0.935941135	0.812995634800855
636	1.089575935	1.23739368845812
637	0.755284812	1.14950870529905
638	0.69806898	0.774881344812626
639	0.70559928	2.63089689198889
640	4.12170064	4.0090188512402
641	1.07724378	1.1792298241875
642	8.82218894	7.9624106023125
643	3.27411778	3.49387958407658
644	0.811315224	0.736407799383838
645	5.67491208	6.15868452440541
646	1.18582888	1.05226860803992
647	0.79814749	1.15219797665637
648	0.425491733	0.362054904209829
649	5.40279244	3.50564879702143
650	10.06842035	7.56476344749166
651	5.17891865	5.83145478538333
652	2.9038241	3.28010217741026
653	2.34923694	1.47473011988284
654	1.056245455	1.20434982883784
655	5.24838035	6.73879226514634
656	4.74935383	5.20453271993023
657	9.9581389	10.1802194937731
658	2.01832348	1.95211983632197
659	1.85440496	1.8567070536991
660	3.28225823	3.74453803654815
661	0.375070819	0.469301869491881
662	1.35652437	1.86639040384074
663	8.17123248	7.71826847009524
664	4.81242892	6.15054766231624
665	1.31585671	1.5139285249565
666	5.80472857	9.62921608311905
667	0.239040546	0.259037748264352
668	0.199696644	0.221360684883333
669	1.33099585	1.24750145150313
670	9.3549026	11.1563259935278
671	1.17484872	1.27411864572024
672	8.408285	8.01448328234286
673	3.4194234	2.7981032709065
674	12.5253192	10.5350122345307
675	6.39265618	8.28813709039474
676	1.20557527	1.16621554586905
677	1.708365315	1.62149133724706
678	3.24032511	3.46866769252604
679	0.964426225	1.17763831429649
680	3.63179688	3.41388786171138
681	4.3638464	5.59750003435294
682	0.338133432	0.282350731057353
683	8.42471643	7.80361936509596
684	3.212229	2.41505156018793
685	0.449416442	0.324651886602564
686	3.8201936	4.29382971145714
687	1.618954026	1.412992984925
688	2.72142249	2.53048601465161
689	0.786204535	0.933926805092735
690	1.088659355	1.01956079111759
691	3.01365069	2.72810456981522
692	10.35111335	11.3794539462159
693	0.692261071	0.656348559151075
694	1.015177975	1.63308824752308
695	0.86541973	0.633823174377451
696	0.341625219	0.383255311087745
697	0.906698902	0.998611218276923
698	7.9022117	6.45224327653764
699	0.94223081	1.14192834312381
700	3.39594369	3.38464349254023
701	0.259330951	0.300413357831482
702	10.85729991	10.9588024225139
703	1.526911994	1.39346489482833
704	1.176877366	0.930975736516162
705	0.263765742	0.338891141594608
706	1.91689091	1.50670091560882
707	8.13351678	9.44617745482258
708	3.05701044	2.62151642253571
709	6.70760827	7.92137518483334
710	0.87513268	0.780858870106989
711	0.176249289	0.216169378339815
712	0.286193845	0.230068289077917
713	1.82459921	1.66485810141138
714	0.524240238	0.39695832946358
715	4.17513093	3.55455338411263
716	7.53706587	5.78336140415185
717	4.03570731	4.10736821147464
718	6.09746693	4.5020597235946
719	0.804288868	0.924812380722222
720	1.120756386	0.990013460243137
721	1.65045906	1.87063556467061
722	5.89041993	6.19262570398039
723	0.86125341	0.985168388744608
724	4.96697724	5.20480152885833
725	2.50774405	3.0746500298536
726	0.71007512	0.96615596285303
727	1.03879193	1.60848222111932
728	0.770679625	0.846003452015854
729	3.38166069	2.57227477198611
730	1.04650997	1.4034174896525
731	6.09576777	6.62473473193243
732	13.4943613	11.5700002407538
733	11.4424674	10.6450735901429
734	0.597242085	1.00854536869286
735	0.100764123	0.229660434229505
736	2.20287548	2.35561152877476
737	5.54327745	4.73758565716667
738	1.30406393	1.86807859481437
739	4.85693391	5.32051069532857
740	3.5461535	3.41174949961494
741	5.19371733	3.9509844760079
742	0.853961999	0.842784405395715
743	1.36213521	1.39511776632674
744	7.04367517	6.2450334664596
745	1.047381415	1.25561372041487
746	4.5855391	4.17671882412037
747	0.92053033	0.887793221704878
748	6.46052293	5.74576374569048
749	1.27153774	1.13408204439902
750	0.304214785	0.492991752062281
751	8.7201609	9.02785544047297
752	0.98395456	1.05455852999926
753	6.47814173	7.45313923099207
754	3.71620523	5.46481347405263
755	5.89024954	5.5178735362094
756	1.169678019	1.08193122997387
757	0.586940674	0.980983428254264
758	5.66371372	7.04555643648291
759	0.741268619	0.750946996192424
760	1.324654135	1.1592253758951
761	1.155671879	1.33202680177857
762	9.96545867	10.1177551677632
763	0.578737505	0.689119336811111
764	0.882820037	0.929758876076587
765	0.853276785	0.964419799044445
766	1.54444997	1.25451591758915
767	2.98585331	2.61715376864189
768	10.20973211	7.13521939770312
769	7.210214	6.758879684
770	1.164594385	1.03304928697675
771	10.87032536	7.57613315491071
772	0.837752371	0.917101858997084
773	5.55650314	5.27656528202451
774	0.72461568	0.946176554149048
775	1.2746127	1.01007424979414
776	0.883677735	1.34587172751535
777	0.724081884	0.902079007681944
778	0.215793256	0.215607201693333
779	7.18898794	5.77786040876562
780	0.80488865	1.10458603999815
781	3.01484962	5.61982324452778
782	8.55523825	7.40148352054286
783	8.34673125	4.53788884452381
784	1.806594675	2.87915973531771
785	2.21603098	3.44696403516239
786	0.642051132	0.996222342791453
787	6.65893047	7.72094188204861
788	1.87690005	1.95294752097941
789	6.45498241	6.12409806204065
790	2.45041221	3.37741254257692
791	0.94127602	0.793009023952963
792	9.24181865	9.74441640935294
793	0.202932007	0.268391754889189
794	3.121081	4.38373263405856
795	0.94957252	1.03616874176792
796	10.08881026	9.05437446809524
797	5.21460477	4.05677480612973
798	0.220587969	0.211550052833565
799	2.67024452	3.90578430737353
800	5.78379769	6.71345689084762
801	11.58981582	11.9669828536806
802	2.247066735	2.67867461810191
803	4.97852058	4.95826204589744
804	1.13548961	1.41902464648827
805	0.259174582	0.220912675987778
806	0.631295744	1.12488019045758
807	10.34762146	4.85903534608437
808	0.381001783	0.359166322586539
809	2.68449333	2.67735183445619
810	8.6904099	9.2835065418141
811	9.22433432	8.66465614144286
812	0.992992026	1.05486220551719
813	1.08434993	1.12094616443377
814	1.54684766	1.40357503013627
815	2.85753241	3.10919983032083
816	0.77302702	0.774325964401389
817	1.21614647	1.07365759588506
818	10.81311094	9.62331841952604
819	3.65474287	3.80555547646759
820	4.21290709	4.54078288412613
821	3.56180914	4.34608848654167
822	1.27878144	1.15390857661865
823	1.54180218	1.15929258500606
824	0.848316335	1.02536380001414
825	0.716365988	1.17122416798458
826	6.79232154	8.21958334353571
827	1.111975304	1.39824451551154
828	1.006897239	1.31115557372969
829	0.785105457	1.18954394072647
830	1.21906483	1.08073904670796
831	5.64314102	4.70111129669524
832	11.50878072	10.0048745563333
833	3.9468083	4.096380193375
834	0.599914707	0.763811503571296
835	7.46872405	8.77804368788288
836	1.07332011	1.39647465633232
837	1.08770527	1.15728649479601
838	1.61117253	1.31185076910758
839	3.16488778	2.53131256812963
840	2.24712694	1.30084480699735
841	1.105045225	1.6138213769136
842	6.40252072	8.23288922816297
843	1.89502451	1.80298128977701
844	2.48323369	2.39094735218452
845	0.209777555	0.235833242519595
846	0.180864901	0.335496330841146
847	1.232043956	1.27675264848384
848	2.97559965	3.76761724157237
849	19.83999	15.5644972363833
850	7.59150853	5.55870882710952
851	7.27469601	9.48654422180894
852	1.65703472	2.23262400315469
853	6.96225585	4.61054469931982
854	1.15270169	1.49239420252051
855	9.2772498	5.3460671842619
856	0.641023993	0.829094203380952
857	5.97310697	7.38255796841453
858	2.28722643	2.26144547833618
859	3.27100965	3.62486109457895
860	1.4644718	1.13478379333889
861	0.380726173	0.829806742763235
862	0.861995226	1.09297639223968
863	3.31543543	5.67391417518556
864	0.859016599	0.87993573288381
865	0.631951229	0.862112813039912
866	1.65884874	1.52304685096471
867	12.2400534	10.9128373182276
868	8.10510218	8.09713348500505
869	0.646397797	0.478636282862963
870	1.397725854	2.24367005799479
871	1.27766009	1.53666493466126
872	0.366133484	0.455245227460853
873	6.63298299	7.482586905875
874	8.85492652	7.34735801615351
875	5.32782848	6.8751525130812
876	0.73680449	0.967434636664141
877	2.71824708	3.63607175052536
878	0.77121719	0.819419849638158
879	6.87533183	6.39385535464942
880	0.687586905	0.837674823452525
881	7.87342145	6.47644524215741
882	0.819110686	0.761030060526667
883	10.2766348	7.24790365102778
884	1.55607716	1.36641044995699
885	7.91124859	7.62176631532143
886	1.74309722	1.58779774935436
887	3.55310132	1.84751986678381
888	0.464218013	0.813440713859921
889	2.18395974	1.93453495604542
890	0.693029227	0.838129176664706
891	0.457176501	0.618018559501316
892	0.68772492	0.773030794960784
893	0.727444482	0.875977866184074
894	8.02407339	10.7392865312727
895	1.94938797	2.14834520233333
896	4.81490409	3.27956168665909
897	0.755104635	0.938770072828455
898	4.0310698	3.92023970231944
899	5.62663175	8.01981331222358
900	1.44853215	1.74006018511238
901	1.018836902	1.44097502078153
902	0.560256735	0.853912867060952
903	0.225744926	0.234940598008761
904	1.143487905	1.2787865324982
905	0.909710385	0.77714395102125
906	0.985269454	0.971798732331111
907	0.203692068	0.2481652910625
908	3.50762764	3.17050270425
909	3.79539182	2.93579012294792
910	0.514893109	0.871598284007576
911	9.4067923	10.259807969619
912	1.07864896	1.19944913866923
913	0.157768169	0.26977318200946
914	2.35484891	2.98956775477941
915	6.20453728	4.44179417841111
916	4.11039743	5.46157142490541
917	1.228257486	1.20603160265135
918	2.2110395	2.66467132586274
919	0.268961241	0.251398357678252
920	7.67214428	6.41185803425926
921	6.7160556	6.38127117563095
922	6.57906034	7.75257695175269
923	0.440662605	0.242346663961111
924	0.960331526	0.851656547322381
925	3.20209555	4.53930080342391
926	11.7262753	8.85148789835417
927	0.95956151	0.895633846042381
928	0.499428318	0.923000172873264
929	1.018210581	0.861652911652033
930	1.398353194	1.56667894860294
931	2.65703137	2.76979176665873
932	11.6783215	11.3757006955611
933	0.815624635	1.51972215775325
934	0.722856559	1.2997566412381
935	1.97904036	1.50637242799394
936	1.71041695	1.90907536883546
937	3.18224646	4.4917394343871
938	1.77841565	1.78492917630792
939	8.69011151	7.14492207504505
940	0.780979546	0.925125455988542
941	0.516185137	0.436208777569048
942	1.02337752	1.25049702489804
943	0.164368894	0.253597936612963
944	1.22138462	1.08306325785045
945	1.54017914	1.66946148246802
946	8.6446426	7.89489795840404
947	3.84229519	6.00425265241313
948	0.770536704	0.752568536802703
949	11.03305529	9.38023343423039
950	7.59567931	8.5749788471937
951	0.755268765	0.701936499174194
952	4.11843795	4.28031257246748
953	1.62226062	1.56677794048073
954	8.33862357	7.46728891189352
955	0.590651994	0.909301019338172
956	3.59790312	3.65715351374375
957	1.36692993	1.04228523613944
958	9.11915455	7.18551613314414
959	20.2204491	16.1533755439595
960	3.95874375	3.49810334187597
961	2.44931208	3.32683523537984
962	1.138946124	1.22782205840299
963	1.093745725	0.928886212856098
964	3.56961457	2.50963554483333
965	1.355381366	1.37812210784706
966	6.96433998	6.97811757222083
967	0.517867801	0.534556915517593
968	6.43367432	3.3888971220593
969	0.494855673	1.09145829498
970	4.83104764	6.17279948323959
971	1.2035156	1.45210286372703
972	7.20850935	7.95949606015657
973	2.81982066	2.33292081357051
974	1.4543586	1.42947461729567
975	0.263626945	0.325071942417241
976	3.89688692	4.27679107627143
977	1.19317953	1.19349263006667
978	0.82168916	1.28866909294323
979	1.29905775	0.944871962969369
980	13.4322716	12.3512319221966
981	2.72706304	2.07970630986613
982	1.36366744	1.88087098212735
983	14.48762903	12.3161276119598
984	1.47479136	1.5960103094625
985	1.67109271	2.13754647209755
986	2.310367524	1.76444296213469
987	1.93306664	2.38059844950375
988	1.27649049	1.12762346477544
989	1.45260846	1.51263170190856
990	3.39079004	2.60952662583796
991	0.98944024	1.33948631378437
992	2.45081451	1.47115963842857
993	6.42358351	7.6019095206982
994	2.25644805	2.43763753583796
995	4.05761633	4.06600590337719
996	3.72468121	3.45309854513095
997	5.18513728	5.0329109422193
998	0.498981536	0.856422525667522
999	0.521889355	0.630688546397727
1000	1.040239516	1.10193188963917
1001	0.712676868	1.01666158230366
1002	7.86675849	7.03268489366191
1003	1.17916893	1.28049773219865
1004	5.51624513	4.72201652918148
1005	3.25318924	2.88277834636765
1006	0.844032107	1.1488256823561
1007	7.98939457	8.21631601523737
1008	1.59767273	1.46129025621746
1009	4.93813495	5.82032120432955
1010	0.413195217	0.454552739487097
1011	1.558131246	1.66372471097024
1012	2.30464413	2.38423843362973
1013	1.326886354	1.33744631409444
1014	0.755777218	0.962737751828241
1015	7.36409746	8.9045136405171
1016	0.302943117	0.561241203309756
1017	7.87751118	7.73786911761712
1018	19.8867922	17.4559144524688
1019	4.72042711	4.91909188454583
1020	0.354485234	0.40913574008099
1021	1.44872992	1.51540979229402
1022	6.39156641	5.13635827529293
1023	1.83821104	2.38023406621429
1024	1.130970186	1.08834418194279
1025	0.82341022	0.854456353989474
1026	1.02566802	1.07907904348854
1027	5.18507652	5.57878313374762
1028	1.30014458	1.10254381357796
1029	0.663287364	0.769222542090171
1030	0.948917614	1.47965313513991
1031	15.1934525	11.6512751309143
1032	1.22894367	1.11749836310754
1033	3.81243284	4.62191113228947
1034	2.39047485	2.2028369788899
1035	9.42895843	6.83173433780185
1036	0.313391108	0.269233214292647
1037	7.830103	6.30991762581863
1038	13.7520432	11.0037670231711
1039	2.87683395	3.2119982632265
1040	1.226708398	1.57959314643873
1041	6.94544835	7.56531177896569
1042	1.29440225	1.16992951663964
1043	5.59142014	5.57511569944445
1044	0.817230712	0.923215538273932
1045	6.6089194	7.49924476913636
1046	4.53055623	3.87152583536842
1047	5.33642783	5.99255478326577
1048	11.00753591	12.31437765625
1049	0.740642682	1.0158341017506
1050	0.601600315	0.687998360134649
1051	1.095096205	1.33637453658485
1052	11.62004239	12.4355793357421
1053	7.39070773	7.88906240227315
1054	0.298037391	0.309923973269872
1055	0.96316924	1.65470255502613
1056	7.6664571	8.74193611687255
1057	0.602801498	1.13482524506667
1058	0.8266398	0.957267171441204
1059	5.63234618	5.55214596442529
1060	1.383958176	1.25247200681958
1061	0.832523595	1.50707485954325
1062	12.6545463	11.6752313415648
1063	0.64299075	0.883337147053174
1064	1.035016381	1.10810966915509
1065	7.44736152	7.17622460803604
1066	3.11289912	1.76901402343829
1067	8.51635178	7.96749749458772
1068	4.39648253	3.62430858242051
1069	1.32266871	1.52779643192857
1070	0.41304591	0.314676704894841
1071	0.735438015	1.13102223199657
1072	6.13211393	7.29383216599099
1073	1.52643419	1.25896099528214
1074	6.10851141	6.09460526519841
1075	1.40323093	1.70482790587927
1076	2.68083909	3.3750479917451
1077	1.34191876	2.7430239146375
1078	0.612395498	0.712947446129825
1079	7.79300124	6.58974018825
1080	2.85235968	3.34912151367521
1081	1.576874855	1.31639555813873
1082	0.366969042	0.475192351532857
1083	0.227307441	0.211969932381532
1084	0.617923296	0.56743565223217
1085	0.197705561	0.189833413218982
1086	0.680794764	0.9726785187
1087	5.8679995	6.48509971690404
1088	4.18206667	5.52456729841667
1089	0.262903529	0.284320872456504
1090	10.32774731	10.9824404254655
1091	1.082495184	1.48962821625135
1092	12.10593497	6.59078092261774
1093	1.04444592	1.18451359200509
1094	1.56402559	1.39539590815795
1095	0.431400249	0.534742471070721
1096	1.59050491	1.08191535811184
1097	2.86622414	2.42483183848553
1098	0.445972943	0.78209502754187
1099	8.3216143	7.78686911374806
1100	0.728101719	1.23533952275536
1101	7.42918327	6.96248767045299
1102	2.958264	3.85870646392874
1103	0.8757619	1.28881367601869
1104	0.803179049	0.973318013508974
1105	1.00381426	1.01474841468421
1106	0.424794504	0.326960909574444
1107	3.22175566	2.39646831355556
1108	0.249311127	0.285369071779167
1109	6.46312364	6.06219462167983
1110	2.34652349	2.32089431679907
1111	7.12911955	5.98593481121367
1112	3.10269959	3.91247713198529
1113	0.585608754	0.771167515753252
1114	10.13027781	11.8594407901829
1115	15.6115098	11.7049724901351
1116	8.9780676	7.82354913419907
1117	1.41644021	1.89418313990287
1118	1.261424	0.972354752542983
1119	1.51109408	1.49050453847043
1120	1.02374884	1.23345595311704
1121	9.72085769	10.9840987722072
1122	3.98980219	4.5445478508718
1123	0.204114821	0.29070132937451
1124	14.46929896	12.4206071746798
1125	3.23887868	3.56720188191667
1126	4.46750908	4.59163304391177
1127	3.2966031	3.06631100509402
1128	0.411950214	0.64669321127
1129	3.70569041	4.21187860511508
1130	0.145042092	0.306613982732018
1131	9.39287327	10.5713237007
1132	0.801815329	0.919667943722807
1133	5.31150294	3.03861634593659
1134	0.732634234	0.625305607081905
1135	0.238627465	0.276801863628175
1136	11.17945328	9.73449348686364
1137	1.45630038	2.87778778176882
1138	2.43178472	2.01008008171919
1139	0.107105793	0.218557024350617
1140	0.929874604	1.47746393810244
1141	2.81835903	2.28806302763011
1142	9.82417473	7.60121855386364
1143	1.072843366	1.8319193967172
1144	1.189764364	1.84838493356828
1145	4.16719854	4.19802887569697
1146	6.71698235	5.66181860978241
1147	3.87678241	4.23925822488034
1148	2.07600556	2.11476606673854
1149	0.395703627	0.406540635463211
1150	4.73302832	5.93970155773656
1151	0.228863582	0.522969344947807
1152	1.411284196	1.38146394793984
1153	0.564877205	0.514825003687719
1154	0.74623413	0.936770525224359
1155	7.64024145	8.17679559092083
1156	3.78479036	2.83200975917708
1157	0.90814716	1.03738831509444
1158	8.298682	6.74675527241111
1159	2.25634622	2.26420481914583
1160	4.54352657	5.58508906269512
1161	12.6340698	12.7502493241717
1162	16.2995503	14.7311671611875
1163	1.010721675	0.859467007026744
1164	0.936724836	1.13076905707429
1165	1.011196024	1.07628496913889
1166	0.38441145	0.316695995094828
1167	5.51098853	5.88392648796078
1168	0.617067606	0.923586445336487
1169	0.750991815	0.95083452388125
1170	1.003455106	1.01815122669574
1171	2.41362997	2.23103312164685
1172	2.52490746	2.1725530281375
1173	4.47741937	3.93909861564693
1174	9.65506634	8.95259871347222
1175	0.781675906	1.09586691731894
1176	1.60260876	1.10073038560855
1177	3.31287842	6.49357107852778
1178	1.103820385	1.02256262630484
1179	0.770707394	1.39771104293485
1180	8.89342976	12.8549573134899
1181	0.584719792	0.845282595660077
1182	4.0283768	5.53568181989706
1183	1.19256048	0.910936434792929
1184	0.728988826	0.854256905862255
1185	1.07787318	1.09085081469472
1186	0.730278314	0.798967614937838
1187	5.40776791	5.97930684024074
1188	0.479461682	0.751481216400926
1189	5.16389209	2.82141342723527
1190	1.8891816	1.80949418487268
1191	8.19758946	6.2737850297647
1192	7.62132792	9.87736351666667
1193	1.33692037	1.33077259754815
1194	3.29269472	3.8395967773125
1195	8.5619434	10.3107115212857
1196	0.588252266	0.470860912006945
1197	3.62495179	3.79697465890598
1198	0.996852544	1.13639810156379
1199	2.31341703	3.53882652480741
1200	6.41827438	7.17410646241464
1201	1.626966825	1.94271722194537
1202	5.47995577	5.54896931410972
1203	1.1994678	1.0785927070504
1204	2.01468274	4.00794231951802
1205	1.87209261	2.49750812140684
1206	5.65905114	3.87524068935294
1207	0.216923121	0.291440834240972
1208	1.1859514	1.69218662830625
1209	5.61903403	4.44054219968229
1210	4.46253338	3.90675305385185
1211	1.72165942	2.28274392944167
1212	0.905660874	0.986471247913675
1213	1.97952719	2.79923646222018
1214	2.40334829	1.97233744764298
1215	7.84015386	5.57730793124562
1216	3.11483519	3.1776741390812
1217	11.8351501	7.92099727102451
1218	0.81818444	1.3411668267619
1219	0.406169396	0.715407128585897
1220	0.137764886	0.229301992655417
1221	2.01613888	1.60125465704407
1222	7.42703895	8.1702655368114
1223	18.2431621	14.2051862798971
1224	1.33245697	1.47597944223542
1225	0.228645276	0.221603308316341
1226	5.27887654	5.88268240701709
1227	0.82388572	0.87076999780921
1228	0.189201873	0.214153483148148
1229	6.59654201	5.71703556783334
1230	1.188308805	1.03433552428571
1231	3.24833223	3.68270314716216
1232	15.04981204	11.733981006
1233	2.10626865	3.26330396821429
1234	10.92617455	6.49625424120371
1235	0.618522818	0.755942094968687
1236	0.756680435	0.799631718996053
1237	0.337876667	0.361980701165957
1238	1.00373684	1.35636794974956
1239	1.35624742	2.660590362075
1240	1.958629085	4.02121144659722
1241	0.733052849	0.937953775576263
1242	4.00165929	5.85693094717456
1243	1.154319864	1.78121622506191
1244	0.421674701	0.463916456594574
1245	0.293319458	0.227177899685088
1246	3.3244843	4.05022100428455
1247	3.10490668	3.13207635269048
1248	5.0710761	4.64454535888542
1249	0.680804874	1.34129873416752
1250	0.53795379	0.992525761842308
1251	0.360095275	0.371499398561309
1252	3.33251341	3.62637563193651
1253	10.580053	11.0736270487108
1254	0.449193223	0.766047289770833
1255	5.11425451	3.61397578647619
1256	0.155011689	0.247778688694715
1257	0.940382985	1.08322323867588
1258	2.00595223	2.08330993571167
1259	1.69948208	1.35587969838039
1260	0.27018089	0.33260917945641
1261	1.31612659	1.9115322901406
1262	3.80941829	5.47512862120833
1263	1.653108	1.25782124484042
1264	0.288967725	0.409388753084234
1265	1.11186623	1.19090386357593
1266	0.901935554	1.00727857046833
1267	0.788146465	1.12104151150175
1268	0.69031324	0.746645691628333
1269	1.093475934	1.69080405827024
1270	1.463852404	1.4224681868359
1271	1.070174686	0.942148873421505
1272	2.80470066	1.6885957436
1273	3.97305957	5.77213482141146
1274	0.60233374	0.566206910752688
1275	0.6405596	0.647418585032432
1276	4.52125728	4.80781067099603
1277	0.499362179	0.743425905363953
1278	2.17608393	1.84491015472907
1279	4.05338046	5.05226045165958
1280	6.52871073	6.76643012872222
1281	1.35973828	1.81443583645926
1282	1.27589452	1.48716071318385
1283	6.24498636	7.19350656808333
1284	1.192896981	1.15437767535203
1285	0.276353476	0.273617395911979
1286	1.76652009	2.33982759517933
1287	1.49745201	0.979845930272973
1288	3.07101951	3.10834102668421
1289	0.811526335	0.892992346793333
1290	0.386025391	0.482404501741414
1291	9.42581905	9.00980432403876
1292	6.4913621	8.01966831891881
1293	0.90919107	0.809970347964035
1294	1.44065524	1.45150316638728
1295	5.10735349	6.45375912049524
1296	2.02412611	2.30173011239583
1297	12.09840223	14.4211232453524
1298	0.256776531	0.260713399163333
1299	6.93480027	9.69422260914583
1300	0.570788464	0.918586392368421
1301	5.52007746	5.4627117908252
1302	0.200685396	0.344874984462778
1303	0.759232058	0.790649395124243
1304	1.05060858	1.24591048845324
1305	0.400207007	0.717175276676667
1306	1.03585392	1.00595678365762
1307	4.67432343	5.58907691155093
1308	1.34383397	1.84491508098049
1309	0.657494272	0.807249478425595
1310	0.286295377	0.252472529337387
1311	0.820625188	1.0577012720193
1312	0.84040839	0.750400053198611
1313	6.02011035	5.18550582987699
1314	1.174077006	1.34754345953561
1315	1.92781116	2.10415701080076
1316	2.94194615	2.4065114888
1317	3.80269914	4.26466028866667
1318	2.26625678	2.33458610410714
1319	8.4938395	7.69402612147298
1320	1.15643075	1.33336225284222
1321	0.835754949	0.870978457255093
1322	1.02791829	1.29339004346009
1323	1.570286155	1.17498568969919
1324	3.57862011	4.19669560967157
1325	0.655667299	1.10859472538252
1326	2.07352735	3.29445369738597
1327	4.28100503	3.57190077516129
1328	1.78753053	2.30570773833579
1329	7.07533447	6.99213960718817
1330	8.15517882	7.72518738818519
1331	0.86239107	0.887427198829798
1332	1.57562764	1.96721245477235
1333	2.37647272	2.82341996222222
1334	3.17016366	3.9723244286875
1335	11.32275804	8.62600733542778
1336	1.522565354	1.48836872884608
1337	0.218005112	0.252623569384167
1338	1.248429855	1.34081169979472
1339	3.25252768	4.78001497233333
1340	17.03602744	11.8743305274769
1341	0.142957699	0.238667288766667
1342	0.533494959	0.395212028385606
1343	1.071175354	1.79168135033542
1344	8.95101648	8.1458110306129
1345	0.813757109	1.15896708194314
1346	2.88674367	4.57234692277083
1347	3.13637367	5.01308653273333
1348	1.87702683	1.96760085143519
1349	5.61348241	5.17601504962037
1350	3.33606778	3.30341666419907
1351	0.424666202	0.228360055599603
1352	7.37956856	6.25496432779629
1353	0.780838129	0.800273144181945
1354	2.24928386	1.80781721014394
1355	4.0753499	3.78375585327083
1356	0.16191048	0.265245861060625
1357	3.620519	4.50474611023246
1358	1.103645796	1.29550302924222
1359	1.31827953	1.39322821076304
1360	6.65809511	6.98051036134146
1361	3.93575864	4.65226929324787
1362	7.3210225	7.54522606288288
1363	1.06742643	1.7441131433
1364	4.57612534	6.24402715286759
1365	1.25264846	1.28501244586667
1366	1.07777019	0.870544639800901
1367	0.77933527	1.06618742658333
1368	2.55437483	3.60593279012162
1369	1.49468188	1.46161044343172
1370	1.09142251	1.37340731975
1371	0.912715395	0.922774274375
1372	3.41326323	3.71292925158824
1373	1.80730794	2.2773527208319
1374	1.76164896	1.57801873755385
1375	3.92943972	3.2655353675518
1376	0.627817275	0.891626847007778
1377	9.16897176	6.55816838353947
1378	7.5634232	6.53790756666667
1379	4.79530051	5.1479298924359
1380	0.650769374	0.648423846290625
1381	0.474919183	0.448965641667204
1382	15.0365291	14.8262001722588
1383	5.13529154	4.16985479519907
1384	1.21980325	1.01631957583102
1385	0.94919971	1.0547265564152
1386	2.20578794	2.21946984390598
1387	1.17773681	1.30139796463935
1388	2.91820255	2.29160168127604
1389	0.899776939	1.39153424413036
1390	0.215024776	1.00450143430488
1391	2.31040608	2.39627162788426
1392	5.76494416	6.77446832291905
1393	1.069806385	1.0539102061587
1394	0.263845824	0.234832642837805
1395	14.6321764	9.71320604815238
1396	2.05575842	2.12234971094023
1397	4.87569563	4.57437139514255
1398	0.813301856	1.15961964510437
1399	0.389787876	0.273720486210101
1400	2.44915597	4.21250872690667
1401	3.40816414	2.37493652075598
1402	0.9925576	0.949989012262037
1403	0.258311927	0.388843254546181
1404	0.268850274	0.377698152217083
1405	4.1223902	2.89141625956279
1406	0.271327093	0.459443028264141
1407	4.19074272	4.14418212647222
1408	0.395841618	0.424208507147297
1409	1.178213205	1.19597894523889
1410	0.91901555	1.32361922446591
1411	5.67740663	4.03899213599833
1412	0.301591739	0.312926635144907
1413	4.48071128	5.15775440644908
1414	6.64424394	6.69553110068699
1415	1.71619566	2.16984334488205
1416	9.39513734	9.20222199881396
1417	6.89982447	7.14586202791667
1418	4.68877805	3.39761241186822
1419	2.75776378	3.56677049480081
1420	19.6571303	13.5039565193
1421	4.83413265	3.2192972894973
1422	4.96713492	5.15324769152917
1423	0.862869954	0.818785430845935
1424	0.495550629	0.328108739082828
1425	1.3405973	2.40257343823333
1426	1.160949939	1.21803956700632
1427	0.90062383	0.926404685003153
1428	0.759373148	0.933241307378095
1429	0.774758125	0.918088460802703
1430	0.662238794	0.848244668623958
1431	6.55177984	8.764748114925
1432	0.740831281	1.01993847985677
1433	5.82547459	6.11220116554301
1434	0.93141907	0.980061736776437
1435	1.01709465	0.984944706062857
1436	3.7823878	3.19557865343333
1437	10.19663519	6.52857172352651
1438	1.59846677	1.95780029267011
1439	2.50701592	3.30106181208333
1440	8.50136717	5.54975980456173
1441	1.13958066	0.852631210503241
1442	1.90463495	2.5503807451713
1443	11.34468283	9.27278882100476
1444	0.92433762	0.797927993362593
1445	2.56379243	3.10209630839216
1446	1.97317971	2.12209613247143
1447	5.58320074	7.34017373205128
1448	7.83896472	7.35969351219192
1449	11.2232039	11.2198930796364
1450	0.708478945	0.78534446700461
1451	3.69527631	3.82107271003419
1452	5.83249795	6.9859510678018
1453	7.62928133	8.33598067941667
1454	8.72057959	6.81175354307456
1455	9.1958632	7.3740922112875
1456	1.25995169	1.15808008490513
1457	8.44873038	7.94818624957265
1458	6.16684969	5.81256704384496
1459	0.79157944	0.77398421761383
1460	3.35405712	1.87491237237941
1461	1.05638058	1.07883401442745
1462	0.693281443	0.380133797845977
1463	1.7222688	1.61909024452059
1464	4.1875359	3.93301139233333
1465	1.15863083	1.21723398609042
1466	0.645280648	0.873092726361111
1467	1.14684213	1.22763225401402
1468	1.22466473	1.61996456817957
1469	1.97563273	2.64055635802549
1470	1.150833236	1.07619265132721
1471	3.8193583	4.16465469202917
1472	0.583608901	0.702216545190598
1473	6.93400313	7.71825926568687
1474	4.25123065	5.04881360120556
1475	6.1906205	6.35333274718919
1476	1.36474489	1.4680388049953
1477	6.66087467	6.7635704009899
1478	1.35745919	1.46261121221302
1479	5.03829508	4.74840304050901
1480	1.61019644	1.69314565998981
1481	12.90054755	12.6553509045556
1482	1.66445991	1.1532068623504
1483	1.6100076	1.73130767596958
1484	4.12152431	4.97409282172222
1485	1.94672029	2.08067064909948
1486	0.316443412	0.333190466122807
1487	2.32936925	2.21499766200766
1488	0.87828951	1.41648239437874
1489	1.585340155	2.16837620016204
1490	0.905864249	0.778943258594792
1491	1.29223184	1.4033237775193
1492	3.27127315	3.57849163912821
1493	1.20201775	1.08377960015977
1494	0.168493276	0.250439216615504
1495	6.56281387	8.95318700558824
1496	0.2246194095	0.306878321329688
1497	1.06756618	0.983354494882608
1498	6.55314923	5.43146437890476
1499	3.21238532	4.09733026691146
1500	2.50641179	2.05138418030095
1501	4.98817248	5.47319081126191
1502	4.0014606	4.46135531060976
1503	3.5062977	4.84614089597436
1504	1.160898315	1.17559003440774
1505	1.87144985	1.26368000571212
1506	0.883918521	1.0930701462908
1507	0.785140701	1.33819129670524
1508	2.22939999	1.9067425815
1509	2.42949784	3.16388017389461
1510	9.00494797	10.198211796025
1511	0.319004447	0.325471626825214
1512	2.29714308	2.1803547421
1513	1.70557241	1.38744350731961
1514	0.559302851	0.633472589405
1515	0.93374151	1.18081824415225
1516	10.6766991	8.7525389592963
1517	4.82959903	5.0096138161875
1518	3.37522954	3.74137988590417
1519	7.32792562	7.48754424990476
1520	0.890695565	1.21204923785
1521	1.72125471	1.61816061252957
1522	6.55582923	6.73531657833333
1523	6.6521425	6.81997371637143
1524	2.77371	3.31427170039815
1525	0.325665837	0.276353410275379
1526	1.835064735	1.95197306942458
1527	0.89653297	1.13741276649444
1528	0.81556646	0.796327792643011
1529	0.446583298	0.476961396853509
1530	0.761107424	0.872517360987619
1531	2.05356423	2.73843367335135
1532	8.4246999	9.63356821332906
1533	7.41776361	9.29721806192929
1534	7.6516758	8.95748562027907
1535	0.937434861	0.907724028257955
1536	7.22954205	5.34151495436032
1537	6.21139514	6.06637454642473
1538	5.01364593	5.91975958321079
1539	5.38390915	4.39604786460811
1540	7.58496184	7.97875092915152
1541	1.95628441	2.82572336344608
1542	7.16414913	5.89481646540598
1543	0.260171847	0.234863106529054
1544	5.63418504	8.86243288569658
1545	0.96510938	1.21728729873056
1546	5.269052	4.60384405872523
1547	5.77109519	6.99643165114228
1548	3.85434154	5.06253677341919
1549	1.44285123	1.719571769342
1550	1.145419	1.18938718640937
1551	4.04992121	4.58186271663726
1552	0.794606254	1.47498434647157
1553	6.09646721	6.65173276767816
1554	0.81516832	1.09504269517742
1555	2.05341916	2.52201195468211
1556	1.089395535	1.20600305206842
1557	4.88176834	6.00263016912381
1558	17.1307093	13.2849457682
1559	0.729673635	0.950226005115351
1560	0.558130286	0.895405197542553
1561	2.71687022	2.76303126176768
1562	5.96140604	7.71402992050555
1563	1.129676404	1.27055558096571
1564	1.123534152	1.73265449105588
1565	1.796927384	1.18356969910135
1566	4.31245217	5.42442009228768
1567	0.985559825	0.538514586793163
1568	4.70410907	3.69559891921828
1569	8.6762796	6.99999914796581
1570	0.411707728	0.438913846082114
1571	3.66667222	4.53551123186111
1572	0.678101806	0.971403774970076
1573	0.702933718	0.824416216324325
1574	5.08815501	5.93827693592188
1575	5.92802541	4.95395158365306
1576	6.8112442	7.38810714899242
1577	1.18086807	0.96648060640787
1578	2.01989923	2.73395613490233
1579	2.93152347	4.55899685391667
1580	0.642292248	0.860243756148198
1581	0.740665086	0.684295487971429
1582	0.261797778	0.283120348326496
1583	8.58141964	9.83264798175225
1584	2.02759286	2.42935123005093
1585	0.1685081	0.287737821328788
1586	9.38318842	6.55290070882992
1587	2.60779834	2.91326578283823
1588	0.88258322	0.813739435386296
1589	1.1607911	1.09870570882929
1590	1.14570078	1.06150229432967
1591	8.07882003	8.11129686960101
1592	6.27048765	5.28040753780882
1593	0.592800464	0.819719331804688
1594	2.7214527	2.70963007144861
1595	2.7048497	3.05123454112735
1596	5.4915952	4.35937666306863
1597	0.729450736	0.993195377130303
1598	4.32749313	3.85125814949594
1599	0.702032909	0.682636191465555
1600	3.40168164	4.10375301366667
1601	0.736611068	1.01053719487895
1602	0.96906076	1.93143924692741
1603	0.260184336	0.237067259780208
1604	1.18443423	0.97868210332561
1605	1.313555565	1.53659231955741
1606	4.65336754	6.15915383093496
1607	4.54827086	4.76306358364865
1608	5.26200646	5.73770969298016
1609	7.79002773	10.5157008638636
1610	4.45729853	9.59324168686508
1611	0.566642937	0.821677508341429
1612	3.23808359	4.01864709203333
1613	4.27452988	5.6474567935619
1614	0.76895504	0.860687116564583
1615	7.48292249	6.07766253972284
1616	0.90756559	1.07587401203919
1617	0.127166941	0.194269933412879
1618	0.953353184	0.916075547042129
1619	1.09161812	1.99000784357478
1620	9.16152742	10.9702245875101
1621	0.21378188	0.389275325022222
1622	1.166052015	1.05349068084259
1623	6.99394393	6.46075086508025
1624	0.995580291	0.908638713195313
1625	0.859150415	1.42716765370437
1626	5.80218049	5.34528387755983
1627	3.98557762	3.39656557555376
1628	3.5698915	1.84859336380417
1629	1.083259855	1.03758751899083
1630	3.13983732	3.78278980286937
1631	4.22442562	3.63964122327642
1632	18.3972985	14.376699495123
1633	2.9268226	3.42108525872396
1634	7.00806184	6.947121552
1635	0.824519845	1.28418664344841
1636	0.41481414	0.263376709662381
1637	1.79153796	1.89148682881619
1638	2.58557813	2.08458547096496
1639	2.34833496	2.15542353987886
1640	13.5652139	9.7602227698252
1641	5.71522662	5.15107803019167
1642	5.81937213	4.57386857408095
1643	0.592670673	0.447138991855556
1644	0.552562263	0.802416229403401
1645	0.68205959	0.96790464700641
1646	5.57796938	4.71140896077778
1647	2.52885294	3.48597602702991
1648	4.58503114	4.73681586050505
1649	0.86275947	1.13500754170814
1650	0.187848296	0.211231588836863
1651	2.41166422	2.06986702560333
1652	0.32389343	0.254644508982353
1653	1.60794907	0.993997989437838
1654	4.28332698	4.02183101130263
1655	5.36570398	6.87513474595833
1656	1.00925517	1.24753998198089
1657	1.13463854	1.31761313521293
1658	3.96325779	5.32366544135586
1659	1.16530466	1.2415506743188
1660	6.09358697	7.64289958757813
1661	0.85835403	0.958692649302536
1662	1.91899406	2.02688690608632
1663	0.613960822	0.944140199586036
1664	6.46884093	7.13694768854762
1665	8.088707	5.84225910343905
1666	1.95184188	2.19530431243333
1667	2.88666645	3.00321190552252
1668	0.696307859	0.998475032265686
1669	3.24635023	4.40662869855856
1670	7.7833676	4.85207584487179
1671	1.14842575	1.44586605049394
1672	2.2680996	1.90574555308932
1673	3.61920119	4.52364446436047
1674	1.116974185	1.17922077146157
1675	1.97312814	1.94911341443429
1676	10.17548605	6.90291051684474
1677	0.436370966	0.370554281543421
1678	4.26444947	4.60811426739855
1679	1.061699165	1.037542060365
1680	1.35032252	1.300458480582
1681	10.0708866	8.17026918582456
1682	4.80749221	5.51542159073529
1683	11.36350391	9.77334339919167
1684	4.75756956	8.03304441408372
1685	0.78530912	0.894268400963889
1686	1.85574338	1.76043153555675
1687	2.99569477	3.33756189742248
1688	1.81813136	2.03334515654479
1689	0.76884063	0.920016380924762
1690	3.28604203	4.06244029628968
1691	6.72724029	4.22763717799479
1692	6.80399106	9.35772082782018
1693	4.93621052	4.59023306035937
1694	0.310704377	0.345968764341453
1695	0.997836134	1.47384580233158
1696	0.37710957	0.450468513140244
1697	0.710904272	0.78653050345098
1698	14.9392044	15.6886220821301
1699	4.12564123	3.73219092177027
1700	13.4157334	14.0700896478699
1701	17.0496914	12.6283489097191
1702	4.03810645	5.09884425411111
1703	6.4238459	6.45398539706061
1704	0.246841528	0.327707338962745
1705	5.72733092	6.46086439966216
1706	0.765063271	0.90556808852069
1707	1.87070283	2.01929845546802
1708	1.202496684	1.07064640411917
1709	6.01236709	4.64980243114189
1710	1.69832434	1.2461273810063
1711	0.434681498	0.509684705114815
1712	5.66438665	4.75919062345299
1713	1.21339939	1.34222492875085
1714	2.48117238	2.53471137011623
1715	1.75407262	1.67003219858974
1716	1.04600857	1.15204459274242
1717	10.76658539	9.47124577567157
1718	11.38786003	6.1270471529079
1719	0.908933165	1.1146067652837
1720	7.16086556	5.35180197573438
1721	0.903570314	1.03843586361437
1722	0.528003116	0.627433498229825
1723	0.325017253	0.213740986542568
1724	0.88802548	0.830467166327451
1725	0.937805274	1.47174919012042
1726	7.13297687	6.31524413721826
1727	3.40531671	3.06480880668095
1728	9.17115969	8.17588605394762
1729	1.21201474	1.46898573950495
1730	3.39727799	4.17235220248485
1731	3.89409263	5.29151426385507
1732	1.28451776	1.2590551994282
1733	3.6861311	3.49210989792793
1734	3.49327697	2.89796655184537
1735	2.31763558	1.35290043512471
1736	0.226954362	0.235020974829286
1737	0.807033056	0.942894132731019
1738	0.89155346	0.741882580469524
1739	0.832357519	0.895309388556566
1740	3.06576304	7.63258436427619
1741	5.23275858	4.79882367681081
1742	1.16757959	1.08457300348906
1743	0.6170828	0.960272860710345
1744	0.957923961	0.880111168685185
1745	6.90014551	7.33005895849099
1746	2.12990199	2.81501842403373
1747	11.45540586	10.116002944838
1748	6.88616009	6.85617842806141
1749	0.567083397	1.61319343034667
1750	7.15069921	6.1710835064
1751	0.351338858	0.921216584915238
1752	2.93284209	3.140956557
1753	13.6446319	11.6470165164658
1754	0.645632234	0.866239098595614
1755	2.38865669	2.36711798436711
1756	1.42669789	1.39241017267222
1757	0.586952508	0.890963318956589
1758	7.28000214	6.54659695748649
1759	2.42318058	2.38100776204386
1760	7.36779569	6.7585460494
1761	4.89022966	7.40994211698611
1762	1.05838079	1.13533601927552
1763	6.91437867	8.08637309874479
1764	0.94106541	1.04292110234457
1765	2.08289472	3.50185548314693
1766	0.962831476	1.20288543179884
1767	0.975429624	1.44336564380935
1768	4.48293118	6.53133271565238
1769	5.50902515	6.60901243755319
1770	2.46579622	2.20167655490541
1771	0.621973556	0.575257128770721
1772	6.22644933	7.82063018308148
1773	1.26014017	1.18096223460794
1774	0.130308188	0.21380878522781
1775	3.13035356	6.53405219320513
1776	1.45574383	1.42370478359246
1777	4.7346854	5.63491558538426
1778	0.439845141	0.384230358923256
1779	1.00815333	1.163114144068
1780	4.8235166	4.7632618663875
1781	5.09444644	4.70837351827778
1782	6.19116119	7.30324558822222
1783	0.886958471	0.973218671619792
1784	2.62291851	1.58905524672222
1785	0.93762761	0.826859739638637
1786	3.21123547	3.96145639852525
1787	2.49246435	4.23846681642735
1788	0.60450861	1.11775442068465
1789	1.22715392	1.24714500181157
1790	0.960112652	1.18181528161375
1791	1.29442641	1.771890585395
1792	14.64283256	12.8523671050245
1793	0.685109996	1.23669518764188
1794	3.38896263	4.39547752843243
1795	14.7726346	12.2452107537889
1796	1.092037674	2.42702016213988
1797	8.99714234	5.55052573921429
1798	0.720513401	0.873958568007143
1799	5.64787173	5.65642843263726
1800	1.47431333	1.01248209238472
1801	0.746401924	0.953655237179167
1802	8.92239804	9.7526497512549
1803	2.35002129	2.12072812301528
1804	1.292670821	0.932382836874074
1805	0.242374793	0.289561297835648
1806	0.421626001	0.503093728514762
1807	12.70864825	14.4080992598177
1808	4.87055041	3.73487704453333
1809	7.7892525	8.37234345532576
1810	1.69849283	1.76462086578977
1811	0.76643573	0.812382444302874
1812	0.323741497	0.392050186493333
1813	2.65674272	2.69988588061579
1814	0.88936796	0.988535879264516
1815	0.18000607	0.28996154917598
1816	5.02866338	5.47268056623485
1817	0.876388858	0.584947824374731
1818	5.04723783	3.87447720024621
1819	8.0218408	7.67975616346759
1820	0.84911476	0.899276090882184
1821	1.2927415	1.29583937592381
1822	0.570495378	0.783992093197222
1823	1.89663219	2.71236258940315
1824	0.223681023	0.276860131333333
1825	5.47220035	3.50817562609259
1826	4.677574606	4.74508366675196
1827	1.72789308	2.02957741470952
1828	0.793230818	0.774285575097863
1829	6.37814057	9.57391556205285
1830	3.79490696	3.34030399601515
1831	2.1126761	2.01515467249889
1832	1.255945711	1.25319331387598
1833	2.83519949	3.132330617675
1834	1.426134755	1.30005022664314
1835	1.724077066	3.07115235629192
1836	4.87359339	4.67979931332386
1837	3.95799167	5.26555493425269
1838	1.06649793	1.05961014079943
1839	1.913810055	1.56313365468945
1840	3.92854967	4.57125829266092
1841	3.42024293	3.2228149633
1842	0.374458262	0.236658919998148
1843	11.17519313	9.62498253330882
1844	0.769326804	1.20004324911618
1845	0.17892136	0.230699776766667
1846	1.97013019	3.03655690987879
1847	0.826166476	1.01926178832207
1848	1.065837505	1.33516102244074
1849	0.430884043	0.349569100270476
1850	0.191115747	0.226364645312838
1851	8.4373256	7.81257356411979
1852	1.24958085	0.855063953471622
1853	1.20067875	1.35167173188372
1854	0.774111439	0.904134322119192
1855	1.03218888	0.826352693619737
1856	0.893557785	1.11630202321556
1857	2.36516923	3.24690266614706
1858	0.726411956	0.91847513815119
1859	0.599332911	0.944027637237778
1860	4.99085716	3.69226651392647
1861	0.47765953	0.297632057563235
1862	10.1456021	8.62829937745834
1863	1.19856999	1.274940349
1864	1.54274301	1.15266873481892
1865	0.64754082	0.845852038298276
1866	19.0790069	14.6114321092833
1867	7.52686722	6.20458892533572
1868	0.609715245	0.780063295773984
1869	0.674470745	0.493420813889493
1870	0.944382741	0.92029683714078
1871	2.40787104	1.99104631508559
1872	4.19055262	4.20547556777193
1873	7.5695317	9.32309347411261
1874	2.98529199	2.71549175266667
1875	7.73681748	7.82121883639785
1876	0.644361635	0.929905304925833
1877	1.10799571	1.37488115407222
1878	0.32037148	0.337399804797059
1879	2.60354818	3.34439535558559
1880	0.232923587	0.395866491336667
1881	6.97775325	5.21857785764352
1882	0.97052761	0.900737219935484
1883	1.018046946	1.23094596200143
1884	0.306774698	0.351624607054825
1885	1.89771693	2.16000563355921
1886	4.45860114	3.44987839038056
1887	0.671185185	1.16000085770263
1888	2.83861771	3.79586934870707
1889	8.47831132	9.55841528122917
1890	0.496914173	0.637306664255159
1891	10.6156086	7.67739356304274
1892	1.84810132	1.60600817515539
1893	2.98046547	3.42414051417544
1894	1.240119724	1.09183142268135
1895	0.492560043	0.839019514679924
1896	1.454315774	1.65621212234375
1897	2.03164814	3.27256444264583
1898	1.95753221	2.34245778346354
1899	0.945981564	0.765069271387255
1900	0.638299472	0.84866723409213
1901	0.25157894	0.301272200688235
1902	0.258290951	0.396973243452315
1903	4.5397382	6.61539494403604
1904	0.717413172	0.903845206377222
1905	4.04046637	4.52471316762745
1906	3.7756664	4.88557201987143
1907	10.5537401	9.66266525269697
1908	4.60132477	5.50334412571368
1909	0.647184856	0.761236978764773
1910	11.14909543	10.4940545751863
1911	5.6911256	3.70024351784583
1912	2.53887841	4.5035280815813
1913	11.19497744	11.1981911878009
1914	1.01677453	0.977521965403704
1915	7.29681995	8.18071258760976
1916	0.721689897	0.945160734763158
1917	1.123519911	0.959671309291453
1918	0.164640679	0.229750685439394
1919	6.89762293	8.68565035879902
1920	4.15179985	4.06563121506504
1921	1.79603439	1.56264163844603
1922	1.319175	1.2856244195527
1923	8.64836314	8.04696735218056
1924	0.180060768	0.230675542063333
1925	0.837992301	0.977281468453333
1926	1.37932463	1.65272933776471
1927	0.27062204	0.344477416622222
1928	0.470839096	0.322782067215185
1929	12.43634724	10.2757100164881
1930	0.730506616	0.809053254240741
1931	6.3447296	8.38719950210965
1932	4.71032797	4.39803011169907
1933	13.06419852	9.57399055754505
1934	7.69725622	7.06016899374731
1935	4.97089028	4.23053155849467
1936	4.66104689	5.21640582597675
1937	3.41267907	3.2790468678702
1938	3.6834307	4.91868685413964
1939	4.85490612	5.2571821178421
1940	0.714164106	0.78445124604845
1941	0.511568311	0.407110347760811
1942	0.548129468	0.621738358028788
1943	1.72373312	1.41052327287326
1944	0.734018796	1.09662814365444
1945	5.22457731	5.94652024267204
1946	1.441508866	2.50744982397284
1947	9.7363287	5.59213382540445
1948	4.96074089	5.27001490965116
1949	0.94727489	0.834385580552299
1950	7.62060737	7.68236177201905
1951	4.28207662	3.93296197826126
1952	5.09000915	4.74575697216667
1953	0.75424885	0.925564733979048
1954	0.81388197	0.908938174205392
1955	0.756980372	1.35690979672027
1956	2.14266356	2.31533814284333
1957	0.995886055	1.08370385246167
1958	0.5428112	0.615131652048291
1959	0.85403334	1.03674450062733
1960	1.25852851	1.09523227729915
1961	0.680158247	1.01834179298009
1962	1.23028637	1.62787401630342
1963	1.730655984	1.41488098070855
1964	1.070568455	1.61015965606341
1965	2.32421459	3.67451871644769
1966	18.5827287	16.6531457281548
1967	17.0317206	13.1975970307957
1968	1.86556889	2.836602595
1969	1.146856184	1.48760918306381
1970	11.6387864	11.1083416069398
1971	0.401959267	0.546854691876754
1972	1.6497401	1.65848271866667
1973	0.753685139	0.908148405463809
1974	4.8555418	4.35514580042793
1975	0.372389051	0.377270691667619
1976	0.759454496	1.10755083849483
1977	1.404955175	1.22527937068108
1978	1.129431455	1.64035857515046
1979	1.082891841	1.06924353462108
1980	1.98873504	2.41688767751163
1981	5.23688017	6.45102599812895
1982	5.18083397	3.4581703581626
1983	0.452400617	0.281221646347149
1984	0.508064507	0.351900881921706
1985	2.34072894	1.13822626359042
1986	2.40982838	3.03583522996344
1987	1.341540164	1.06538888847209
1988	0.513126409	0.875361379750439
1989	3.56732897	3.83778127200397
1990	1.40379882	1.2773273151125
1991	4.8644251	5.76385395477273
1992	1.0444226	1.09865400356522
1993	0.759619534	0.672015720225926
1994	4.34253475	3.97703597680093
1995	2.91863185	2.62368965453037
1996	12.38341377	10.2595506230108
1997	0.91671771	1.33545267820039
1998	0.923701313	0.960808505598649
1999	4.90697073	6.42189407001042
2000	3.78021663	3.02400403361202
2001	0.957466014	0.87984973818375
2002	4.96313802	3.545404297995
2003	1.77518932	2.08332307561348
2004	0.434876293	0.759609815896847
2005	0.609577761	1.72797960704944
2006	0.836643936	1.07515003933526
2007	1.66315437	1.51048955574952
2008	0.442397295	0.601503532327236
2009	5.86786133	5.83416851245496
2010	5.83630723	5.69495197615591
2011	0.56711999	0.72982654578547
2012	7.57184869	6.79310968312381
2013	14.908278	10.837672521381
2014	15.239321	9.40932040071622
2015	12.99905594	12.0415405603289
2016	0.22350164	0.332647843301701
2017	4.38270669	5.10474790732381
2018	0.895556104	1.17361064848385
2019	10.03519965	7.07393192229269
2020	1.59037117	1.38335952210694
2021	0.8945974	1.10010110819514
2022	17.5170941	15.5699795238694
2023	0.203379973	0.224843926405856
2024	0.735763045	0.833407478370325
2025	5.01534039	6.39917510465741
2026	1.02502922	0.737855112435714
2027	0.331117458	0.240863631803086
2028	5.47351316	5.48349378349537
2029	3.19070271	3.98065022878947
2030	0.636347008	0.797588791238596
2031	2.84163959	2.67042734257828
2032	2.43202233	4.22758852609677
2033	1.71874851	0.87918969284058
2034	2.9314189	2.43736913671919
2035	3.80915855	4.89215994318137
2036	6.26121516	6.47130978363333
2037	1.19471054	1.37987211787083
2038	1.047613735	1.08915329713423
2039	1.22223574	1.1838606870681
2040	2.00592715	2.26026192956667
2041	1.80609499	1.06363481882342
2042	4.25713024	3.15451321629756
2043	1.073602904	1.11591858594792
2044	0.474511581	0.399492295144286
2045	2.87933094	2.73368891791477
2046	6.61461822	7.24726382410185
2047	1.013611166	1.6641659899819
2048	1.82347695	1.69445484734949
2049	1.45224512	1.25107922081863
2050	0.77510428	1.75739438200046
2051	16.6827219	14.6731213255708
2052	0.709386104	0.845370971187037
2053	4.89070382	5.12404317316667
2054	1.448375245	1.51628871169861
2055	6.76037988	7.4438144994309
2056	1.95547898	2.31681330984649
2057	0.554628102	1.1887812697094
2058	1.16369935	1.68350073138278
2059	12.94065153	13.0973391203195
2060	4.19600424	5.58948747062162
2061	1.05239251	1.58383487599343
2062	0.908763984	1.16566335203784
2063	0.83857052	0.752165529485526
2064	1.54489148	1.71478881481952
2065	0.671548202	1.21511111624626
2066	1.24194218	1.73551783367071
2067	4.09984643	3.23111828045694
2068	2.304084	2.82466139956989
2069	2.74547897	1.18627478844087
2070	7.78261582	5.02912704031019
2071	17.77709423	12.2629870903434
2072	1.065434116	0.958282803563675
2073	0.235913257	0.314386981753704
2074	0.976988034	0.857665304623984
2075	15.1590911	9.64721116950451
2076	5.21350383	4.96497213522222
2077	0.224031956	0.423245695691085
2078	5.40960118	4.42056461332828
2079	0.755274259	1.07813737865732
2080	2.20647737	2.98838878676068
2081	3.7931075	5.08918279201482
2082	0.625596674	0.650754516143162
2083	7.8946619	7.64897145183854
2084	0.867225914	0.96875105777451
2085	1.028982755	0.93565992087549
2086	4.82133637	6.01718364980882
2087	1.382047416	1.65277504372607
2088	3.90800235	4.72972164555417
2089	5.37859107	8.27749256355691
2090	9.11078811	8.19927139438372
2091	5.61222471	5.10258499452688
2092	2.87476668	3.35297892327632
2093	3.9974977	3.27819948955702
2094	4.32635895	3.49980074443042
2095	5.63565439	3.54521043438376
2096	1.81830964	2.17817112222061
2097	0.867577864	1.03472935761524
2098	2.12758675	2.93840205652325
2099	1.85048725	1.70378705931026
2100	7.89398041	7.95100838547407
2101	0.205376359	0.306571255542708
2102	0.534597736	0.718780831850451
2103	0.61835324	1.14308719347252
2104	1.546338076	1.36792820365619
2105	0.188519856	0.316841621111828
2106	6.84726119	4.01355292857398
2107	1.58709162	1.42176893183333
2108	1.02750458	1.11171465310294
2109	3.3838618	3.46147762224286
2110	3.72948324	5.55358812010526
2111	1.48902119	1.29166069142048
2112	1.3001645	1.44570796765147
2113	4.27970427	6.51821055563763
2114	0.225952627	0.263943016715873
2115	2.47388395	2.49009513207302
2116	1.84466242	1.45955013029103
2117	1.19828934	1.09310064670586
2118	1.75557766	2.1794698167594
2119	3.73332125	3.33548955269848
2120	4.90703744	6.68886113688889
2121	6.90561984	6.0190281500873
2122	0.524550665	0.856330770366667
2123	2.86068196	2.98452383906019
2124	1.0217061	1.57840902811491
2125	8.6350741	9.21066180283796
2126	1.14234855	1.34086786134495
2127	0.816655189	1.06583009703932
2128	1.66322094	1.22895197898982
2129	2.20173975	3.09502833048198
2130	5.86339043	4.390565644725
2131	1.22147935	1.31786756336389
2132	2.23812246	2.63161324097083
2133	4.21656323	4.86208577285417
2134	14.3542206	11.3180644618333
2135	7.93153864	8.42780967578572
2136	1.163297215	1.15744507629032
2137	6.69435696	6.58933769643137
2138	3.41750016	4.42989673830631
2139	1.69529505	1.45384341910101
2140	1.69562979	2.06084137193905
2141	1.06098406	0.873074637544271
2142	3.28736551	4.13649569423039
2143	7.02900853	6.3704856887451
2144	3.50644799	2.21892203803056
2145	0.258619462	0.311335890766667
2146	0.78088743	1.08585762211911
2147	1.05253862	1.17576476938532
2148	2.76128517	3.94199818052084
2149	5.82133957	5.11143323474031
2150	0.197801816	0.276722484607083
2151	3.37226485	2.86246969217667
2152	0.176437332	0.278202515500505
2153	1.14175713	1.78608717096545
2154	6.18658603	6.29477143745935
2155	1.72785644	1.80194983627368
2156	0.792418511	1.05212784401552
2157	6.04718245	3.09738902715897
2158	1.080378656	1.00207568976423
2159	2.38946905	3.34670480487619
2160	7.2165107	8.0963776994951
2161	0.489613143	0.343816840854167
2162	1.193903637	1.98232823160111
2163	6.75775717	5.417217600425
2164	10.48370141	8.79919288756307
2165	1.1011956	1.21008928852083
2166	3.03948909	2.13277207726954
2167	9.23809415	8.13728399804472
2168	0.427926877	0.911394908158333
2169	1.70204731	1.23688049019762
2170	0.817060727	0.866236821595176
2171	6.50967944	6.88924866167105
2172	3.34723954	5.3778974610947
2173	5.1073017	4.63822942232323
2174	1.18633184	1.42608590723519
2175	8.66074473	6.78024639556395
2176	3.83856235	4.55692925263021
2177	1.11438455	1.42425457618371
2178	10.1525525	8.43154684056757
2179	0.244975719	0.26267204197027
2180	0.767811174	0.558934398201075
2181	1.395332246	2.29367081647892
2182	1.19425122	1.0315775355546
2183	7.8710788	8.39250032536325
2184	0.889668351	0.856318582793828
2185	3.41583003	3.59735944509583
2186	0.481262548	0.463977517775581
2187	4.16016911	3.21888795959302
2188	4.52145679	6.70395579921795
2189	0.599334403	0.905833627068817
2190	0.245801783	0.240653572412162
2191	2.1196541	2.50055804652292
2192	0.171152672	0.249121592415054
2193	1.11401211	1.02770806797846
2194	1.0862965	1.31619953981282
2195	1.435099635	1.71466478075324
2196	7.88483734	8.47010417063235
2197	2.60870565	1.92273775396302
2198	4.60140133	3.73309878368519
2199	3.11200464	3.21641046576389
2200	0.488352665	0.559840215067054
2201	1.56688395	1.55057415401563
2202	0.335889656	0.375758939778431
2203	0.314278358	0.412584751045
2204	0.651074023	0.876933810650877
2205	1.28121445	1.00400978950476
2206	1.350421194	1.56206795449167
2207	3.61495011	4.84710824380303
2208	0.60491021	0.636828881368519
2209	1.1650403	1.02879960599298
2210	0.94258923	0.905402695169048
2211	4.96571527	5.10163534576111
2212	1.83021837	2.62853004910202
2213	0.231838602	0.217648092016204
2214	10.95863208	8.82362493875714
2215	4.74218927	4.66958734701587
2216	18.8321123	16.0641983837647
2217	0.943794484	1.34101228954948
2218	0.45362032	0.788359290800725
2219	15.51997057	8.41559982785194
2220	0.997385279	1.00033351537207
2221	4.53964155	5.8409555305
2222	6.24522954	6.32474341020513
2223	0.861015983	1.19442625917479
2224	7.82042731	5.27194088532017
2225	2.36755299	2.28487431046622
2226	1.14231223	1.22906973613455
2227	9.05659807	7.85822271783333
2228	0.743176335	0.790690410806373
2229	8.14717674	8.27040876307724
2230	1.218535426	1.09029802658947
2231	1.89668063	2.23609679867111
2232	4.08869862	2.790186847194
2233	4.58897968	4.71289072864035
2234	2.29237477	2.20353218538659
2235	2.15771781	2.12360953694905
2236	0.449158177	0.473285061472072
2237	0.823057892	0.879095760676191
2238	4.72587799	6.0045296585
2239	1.08301492	1.23074321082793
2240	0.93744463	1.49151401371481
2241	1.09334833	1.00575516856343
2242	1.04099984	0.929153491975
2243	2.83380592	2.7808354647375
2244	0.350624392	0.2604471174525
2245	0.735018844	0.654930814058974
2246	0.542491388	0.47799910194037
2247	0.82646144	0.907234668135088
2248	0.9543117	1.12150659288964
2249	5.08965915	5.92794850180894
2250	16.3057457	15.4331120030263
2251	4.31443014	3.00811073286585
2252	10.4375621	8.51104356578787
2253	1.11301913	1.26768670205222
2254	0.402701521	0.312455916668182
2255	0.960131154	1.39352343396212
2256	8.53202046	6.92879607356579
2257	2.74783733	2.49422258521616
2258	3.02263601	1.97167176550702
2259	4.90366647	6.53409842870732
2260	14.3749283	11.4886719504948
2261	0.880102268	1.0816372248125
2262	1.105957335	1.00587554871982
2263	3.49896191	3.0067105712375
2264	3.30533003	3.61455972843023
2265	0.875698244	1.01082252832552
2266	1.24291064	1.08581728790196
2267	1.186572446	1.26737431631081
2268	3.34069911	2.47922722924348
2269	0.492261809	0.728690964611905
2270	1.13708965	0.933602872715196
2271	1.42941696	1.61898027515245
2272	5.20958084	5.56228553899495
2273	1.18723831	1.36144922010926
2274	0.3097672225	0.274580813149342
2275	11.03683947	12.6674083657479
2276	1.073864856	1.04759514808298
2277	11.40524678	9.54512713729825
2278	8.98430201	7.25923115295122
2279	3.01994498	3.34926193875238
2280	0.701896772	0.648708612341414
2281	6.1149566	4.99279463266216
2282	0.64093328	1.10442172526417
2283	2.03913246	1.29255940203333
2284	11.24166415	10.0198748759775
2285	5.07091045	4.0558875035
2286	2.40487659	1.724952480225
2287	2.62011109	2.25462909830914
2288	0.978908074	1.24248541985952
2289	0.670944533	0.770266509619792
2290	1.40987966	0.983798418233929
2291	1.24996928	1.37150904184825
2292	2.2907541	2.03368200225694
2293	9.08859874	7.15535566463704
2294	0.775308086	0.78920133749127
2295	5.67161592	6.81860381482222
2296	1.90351221	1.86684697626579
2297	1.87078869	1.47794724622333
2298	0.791323582	1.23566142981532
2299	0.735000154	0.985509051328704
2300	0.436607185	0.578539322148571
2301	11.15107137	7.8350373136
2302	2.60699275	3.58117310915196
2303	1.00845481	1.03838464340833
2304	3.59562758	3.91096387755159
2305	1.181791496	1.54805694143373
2306	1.45983349	3.42461222226364
2307	2.42965261	3.40850716674747
2308	2.04045417	2.88545043545122
2309	7.0902049	7.44885657679365
2310	5.82564524	6.37725174866667
2311	0.86156502	0.938868598425
2312	1.51899441	1.51871574328958
2313	2.35896699	1.66338521792121
2314	15.704626	13.4594282740278
2315	2.20261771	2.04625108400699
2316	12.5123945	12.7750798901126
2317	21.5286916	15.9385514203048
2318	0.79991249	1.01976920098519
2319	1.132699915	1.4888515541825
2320	1.418596884	1.03755256251618
2321	1.245131365	1.31407995553429
2322	6.92092559	5.24732385296667
2323	3.0102047	3.40392816448276
2324	5.53060304	5.27793101600855
2325	1.43110544	3.37476027818411
2326	2.28692362	3.23013963580543
2327	1.78331979	1.67356404259917
2328	5.47403345	6.28979122527778
2329	1.085780875	1.42379529842059
2330	6.95704491	6.91159553730392
2331	0.881971174	1.05853826330519
2332	1.5527734	1.69891098101171
2333	0.697722728	0.728095511770952
2334	1.71777074	1.81958457622973
2335	2.59111312	3.91991085357843
2336	0.410002555	0.351034882916146
2337	16.253897	13.9305798095299
2338	1.85216203	1.56319024119943
2339	1.78934928	1.87141716920921
2340	0.5154395	0.790264461399603
2341	0.724219424	0.730381756101905
2342	1.003424994	0.970459176867949
2343	1.17503336	1.06526712879479
2344	0.96678374	0.972211534430555
2345	0.219400611	0.243710254407265
2346	12.3934934	13.0618823651482
2347	0.8990101	1.00387715116111
2348	8.66572961	5.20402774170833
2349	0.630507065	0.948837013965592
2350	4.59159477	4.43202907068376
2351	2.84636544	2.40723511826581
2352	0.291553635	0.677093670694118
2353	0.93664425	1.92743329651196
2354	1.003040034	2.08296631084949
2355	0.58416467	0.934759463729047
2356	0.174280775	0.236639733653056
2357	0.96524238	1.43009363515476
2358	0.7155116	1.01651663223737
2359	1.40254572	1.17151329976577
2360	6.521425	5.80818221669048
2361	6.6010182	6.1075754790463
2362	0.266476942	0.281908637931349
2363	12.7358233	10.7744805661423
2364	1.68122915	1.5420803381813
2365	0.676161044	1.12254027124375
2366	1.19764208	1.32370968204355
2367	2.46319598	2.48278283057692
2368	0.330801604	0.368442724394167
2369	8.03770917	8.73742270041667
2370	0.943223408	1.06643293462402
2371	2.3236871	1.71072270140528
2372	4.94135092	4.25516975460294
2373	0.614984695	0.521772903687745
2374	1.48743543	1.06317485363241
2375	7.45632407	7.01546863398851
2376	0.64640881	0.985867110338333
2377	1.16202558	1.14966594037903
2378	0.80521484	0.883454385383333
2379	6.56051933	7.54598612731667
2380	1.34564179	1.51820111412255
2381	1.20007811	1.46296054682632
2382	14.40828525	12.7188805908462
2383	2.73654911	2.65421216000894
2384	7.75858295	9.32896123105
2385	0.380066066	0.420014702739583
2386	5.58973255	5.56317996486765
2387	6.90617381	6.01497812479688
2388	1.11657709	1.02910717497407
2389	1.73152177	2.3151287384086
2390	12.8428011	9.23106961572043
2391	0.984277677	1.17400754536143
2392	3.52927739	4.15787260645299
2393	10.89151435	8.59613372097297
2394	6.17493219	6.4149200999246
2395	0.82220178	0.768592712775
2396	0.55575679	0.576246164881771
2397	1.53778408	1.79955834380463
2398	0.38440773	0.453981936257037
2399	1.65923364	1.6689064370701
2400	5.76089437	6.28171748885227
2401	0.29636039	0.339495794536765
2402	1.111700347	0.860235374506373
2403	9.02877234	7.56268481685317
2404	0.261605549	0.307318692151905
2405	0.942619764	1.20690193975855
2406	4.01330326	5.37034584475714
2407	1.411511785	1.72288406554634
2408	5.54496641	6.9829383684
2409	12.8882275	12.0625091174409
2410	0.974912314	1.13252346832576
2411	1.02768588	1.14816250754833
2412	2.89493583	2.19639303368991
2413	6.49996577	6.70911426355691
2414	4.43593314	4.62364636183333
2415	0.472038145	0.249095223968919
2416	0.244215255	0.219669164825269
2417	1.46833463	1.20750501721316
2418	5.95064093	6.15687884560667
2419	0.860466012	0.894215816995312
2420	0.924283736	0.968024092366667
2421	0.966011906	1.37449082440286
2422	10.54949476	8.64446664163333
2423	5.75864745	5.396379502125
2424	1.612108944	2.15960283659032
2425	7.06911834	7.84520756959744
2426	0.70061996	0.910557062410417
2427	0.91664446	1.01172802138651
2428	1.17939522	0.981050527902991
2429	0.81643758	0.898710695296429
2430	0.1465964665	0.222946703305111
2431	0.771252119	1.01015376905482
2432	3.09728828	2.93906621450658
2433	1.13284489	1.37562066347688
2434	0.685941284	0.909176713362281
2435	3.71524286	3.65161072625
2436	2.0014671	2.43597164397471
2437	0.803570206	1.19500003382719
2438	0.215517913	0.243423615133333
2439	0.850090766	1.37972500829365
2440	2.23794289	2.30288237196482
2441	5.4085754	3.93301098178448
2442	0.961791775	1.50165271495171
2443	0.95488079	1.20045144862097
2444	4.28665964	4.84695576514516
2445	7.82340731	7.64361482469299
2446	0.441245997	0.460225167752564
2447	4.70967643	3.54830783427632
2448	1.71199856	1.35791311865521
2449	1.27771108	2.02644106044099
2450	1.44671473	1.93012830508908
2451	9.94159098	10.7905963663009
2452	0.50449828	0.819527662327778
2453	1.45117705	1.4631068594859
2454	0.88476015	0.932039314712255
2455	1.21585051	1.71117009139231
2456	0.194475967	0.277274132506771
2457	1.26396878	2.12562668941009
2458	0.429204467	0.707391022835043
2459	11.82898719	6.89095522610417
2460	4.51239928	4.68154974597619
2461	2.55642106	2.00615587485526
2462	1.84075896	2.48146169726429
2463	7.75706642	5.59756160211702
2464	1.1392614	1.01305556850365
2465	0.846650684	0.811389948520556
2466	5.71962312	5.89158694826016
2467	0.77648403	0.773518287018095
2468	1.20931041	0.834473004001961
2469	0.89194974	0.945843103929545
2470	1.94219266	5.21826228724798
2471	0.70199205	0.835884733879167
2472	2.75596295	2.36541185805455
2473	10.58091455	8.34404024493056
2474	7.07516774	7.50597725527193
2475	12.5349937	11.938984960364
2476	1.829580514	2.15892059964806
2477	0.918631401	1.13541274588547
2478	9.30351131	9.20402087907353
2479	1.44955063	1.47267043581099
2480	0.683554689	0.959612611816667
2481	0.198862188	0.200747207353598
2482	4.68855726	5.10282536562162
2483	1.13901595	1.1790712680614
2484	0.791078496	1.00291095818611
2485	6.53281307	6.45615856506548
2486	0.321569168	0.335086449146154
2487	1.07380149	1.09054151575952
2488	8.4567745	9.01420162091071
2489	0.767314155	0.880827827863334
2490	0.822719745	0.935935392171429
2491	2.75892942	2.9449556443254
2492	1.50014362	1.2462621179784
2493	14.59052674	12.3302455427973
2494	1.20066737	2.52018002042
2495	1.46415857	1.14575290153333
2496	17.5074212	15.9649134983963
2497	0.335586576	0.293082733472481
2498	3.2925419	1.8589615398298
2499	0.609994205	0.90828781524359
2500	2.21409637	2.1153813683381
2501	9.91813196	9.91852555801626
2502	4.00569011	4.07767477556061
2503	12.45750535	11.3291561544924
2504	4.24258515	3.7182087337381
2505	1.82595696	1.86644088769952
2506	0.708212304	1.19397803443519
2507	8.80608296	6.79356307127519
2508	7.35562603	8.15838976689035
2509	0.845281095	0.746417314047222
2510	0.455023779	0.330669275054598
2511	3.87472342	4.27024386336937
2512	0.263722969	0.307141993723737
2513	0.57270435	0.709362642914167
2514	3.70048297	4.12371198965152
2515	7.74642529	7.17234376382018
2516	5.85112778	6.86019716696581
2517	8.72143356	7.37703153076923
2518	2.29518827	2.10357373351574
2519	3.10780502	4.32100257409829
2520	3.14922864	2.58316749797024
2521	0.936606029	1.07456419475365
2522	6.39346524	7.36739398558571
2523	5.93962446	4.71565816267094
2524	0.551657173	0.905944018914634
2525	0.240742256	0.237822558272963
2526	2.00227896	1.89021308745044
2527	4.56277393	5.21669934860811
2528	1.266456765	0.971768871574243
2529	3.43523418	4.51046649526087
2530	3.14199749	3.32280882565812
2531	3.3227386	3.37919453734946
2532	7.16064333	7.07861197254756
2533	8.27335837	6.0275806319359
2534	6.35501182	6.64117292937607
2535	3.25687476	3.19831332401802
2536	0.780834954	1.01578027745556
2537	1.37985522	1.62464890271048
2538	0.552516338	0.671415549692342
2539	2.19822896	2.09357956265397
2540	6.85544572	7.03777339157018
2541	0.664560385	0.76338080663
2542	0.499290204	0.539401524087255
2543	3.46133853	3.30040066665054
2544	0.91385354	0.9672762125
2545	0.64250352	1.09429907445813
2546	4.60873953	4.5020355223
2547	7.47791117	6.43102747870635
2548	7.68255904	8.35974005880392
2549	1.58219038	1.38066573445556
2550	1.70163481	1.41621415007442
2551	3.11440544	4.65711322847101
2552	11.81605256	12.1350375961494
2553	1.74915972	1.37813603792604
2554	4.7515804	4.96903833549483
2555	11.43412114	10.7239013501917
2556	7.46044056	7.1870831490641
2557	0.418128524	0.370187808925
2558	1.244375	1.19895998102222
2559	2.02330829	2.38499370175758
2560	0.635850098	0.734212014400855
2561	1.34115176	0.967068113123077
2562	8.07606056	7.14388636218919
2563	15.20771615	7.89798851742281
2564	2.00819127	2.84164927406746
2565	0.408810158	0.722314849519333
2566	4.08204555	3.49962150921839
2567	0.705125086	0.791743944090698
2568	7.47387011	5.07118686014035
2569	0.605599547	0.72364066817549
2570	1.30686502	1.84340647219594
2571	0.28821174	0.347836869162281
2572	1.27819813	1.38097112097677
2573	11.0670462	10.9009545144048
2574	0.431086969	0.773275331591453
2575	1.85936797	2.76983815814197
2576	8.55473067	7.17989032140351
2577	5.03375633	7.97342832416667
2578	1.50901293	1.59962145847162
2579	0.258971837	0.292888313989923
2580	3.38430336	3.60082157760417
2581	3.35520764	2.28242774288382
2582	1.43619201	1.39715929735292
2583	0.766055836	0.749475435138725
2584	1.27142019	1.29702336237675
2585	0.92778171	0.884601248377478
2586	0.789562604	0.879427721477586
2587	10.63957415	8.3272289197402
2588	9.93589524	9.62823198864286
2589	1.34139817	1.43366931101068
2590	11.2633357	11.6965815363373
2591	1.190633176	1.11162620189
2592	6.91146713	4.04228321241511
2593	0.854617068	0.711904490535
2594	2.60963797	3.1297376408718
2595	1.81905398	1.89305681397549
2596	0.721117549	0.925971319728148
2597	0.335886268	0.433226828156746
2598	2.79743316	2.13012013204872
2599	0.954070914	1.18912000264352
2600	0.935759058	1.01918268188906
2601	2.87442883	3.18874465256481
2602	5.71253076	6.47914666252917
2603	7.1749691	6.21550923627778
2604	6.3560312	7.18823841995946
2605	6.9301865	4.27688687354959
2606	1.058827035	1.06245342381719
2607	2.5314446	3.60544027036207
2608	0.869965702	0.986728708373874
2609	0.894645151	0.936439463255376
2610	4.71319789	6.89484484767105
2611	2.40427496	3.32973434270238
2612	2.03259251	1.79840247234095
2613	1.6074844	1.89728712105109
2614	1.9184749	1.10249645477564
2615	12.6008997	11.5119595377849
2616	4.44021707	6.43345157073016
2617	7.82229994	8.85853424226562
2618	20.1152924	16.9856955409278
2619	3.28436424	2.08895551443252
2620	8.47240056	6.18506345861382
2621	0.768318797	0.939612945386937
2622	0.756540604	0.888147881072581
2623	0.560540711	1.08664665328523
2624	10.6759304	12.3807376466065
2625	0.799729305	0.611957047137255
2626	1.03264091	0.932271732001042
2627	6.87079701	4.19057577245726
2628	3.08226315	3.88166897723232
2629	6.04360461	4.21630800632479
2630	9.0479945	6.78360763052564
2631	1.61728205	1.43427909605081
2632	4.14198443	3.59584544514646
2633	0.674108989	0.826814394439024
2634	18.0813707	14.5938442689316
2635	6.38844829	5.28950676495455
2636	3.74030368	3.78424237340171
2637	6.30923721	4.83704477687917
2638	5.67302397	7.04511818956566
2639	1.396269206	1.282151839475
2640	0.185200967	0.311316960060753
2641	3.9220857	4.96351662442424
2642	1.77670209	1.26926086836713
2643	10.83916294	11.052720321527
2644	5.27317677	3.48940387010606
2645	1.04834238	1.14959621408333
2646	3.24683074	3.20235613766667
2647	16.82810055	14.6059185589857
2648	0.273484777	0.379986953548684
2649	1.06907746	1.13247794374309
2650	0.709360035	1.30056751748182
2651	1.07178201	1.0162106347381
2652	0.89640727	0.99921078209875
2653	10.1071912	8.23435469825833
2654	1.85052994	1.81149778193925
2655	8.7641916	7.2056000553374
2656	0.98769546	0.814260797137388
2657	2.20716204	2.72672757362626
2658	9.69403995	8.83603419718217
2659	11.57593769	6.53667957230342
2660	3.98673674	3.55987117646174
2661	4.42711271	4.79583984124306
2662	1.13132674	1.44268932143944
2663	3.04494353	3.07228955507265
2664	1.30607837	1.22670018312018
2665	6.80817902	7.01608067026984
2666	1.70098848	2.13757641851447
2667	0.57878106	0.641180890360556
2668	4.47493983	5.02156450423333
2669	1.02089206	0.94334140426625
2670	1.3757259	1.23091069205509
2671	5.22877907	5.0514895307598
2672	8.8243486	8.80837660692544
2673	0.95600054	0.97651129463908
2674	1.37700689	1.24916246578605
2675	1.07805384	0.89763864916626
2676	8.38697105	8.34648370544792
2677	8.9139937	8.58937440382381
2678	7.67041592	9.83011714461979
2679	5.50930264	4.91691085749167
2680	1.377738756	1.36206500300684
2681	0.796246635	0.855264980813008
2682	1.05719433	0.95966097512735
2683	1.3554152	1.84047406036795
2684	1.819985016	2.48739987122764
2685	0.986220031	1.26954795540625
2686	0.263196497	0.317579986089535
2687	1.293604014	1.16795626945926
2688	1.125428246	0.926895183205128
2689	0.841436106	1.01023622230111
2690	1.72702795	2.00112723623809
2691	5.0457963	5.12068278953704
2692	5.46544425	5.1902757711381
2693	0.91757188	0.774042408218469
2694	5.7334067	6.45139192426389
2695	1.53223957	1.25772419679185
2696	2.28103091	2.14691914281566
2697	2.285381935	2.59386379804646
2698	1.80313943	1.62125601717905
2699	1.319944015	1.21445185921845
2700	0.566477231	0.986618250512745
2701	2.0554256	3.53190954055405
2702	1.6726991	1.83676780792604
2703	2.59486597	2.8090127001713
2704	0.814513256	1.12130132349
2705	1.147443866	0.895578412565333
2706	5.47733991	4.72153773681771
2707	4.264175	3.3994214502381
2708	1.342483495	1.58902528268269
2709	6.85257062	5.66810644060933
2710	6.99017511	5.40177624378736
2711	0.183404531	0.23011678117197
2712	1.29962005	1.55736012028524
2713	3.15971784	4.37603811511702
2714	0.573047159	0.828306161584211
2715	3.04897073	3.27299318227255
2716	0.929874436	1.21716014221292
2717	1.34708968	2.41687808227519
2718	4.01717255	5.47603499335833
2719	0.951853885	0.871650052601075
2720	0.880353121	1.02351033021264
2721	4.52021687	5.17377721748438
2722	0.287700974	0.268188937131707
2723	1.30701342	1.582924722585
2724	3.41378747	3.63248643481771
2725	0.591329804	0.570849854842647
2726	5.98045676	7.16167661307222
2727	6.97869352	5.93032048605555
2728	0.909054745	1.59525338833631
2729	0.780673415	0.817289870022481
2730	2.62689952	3.79529118063428
2731	1.02980092	1.94046329846882
2732	1.94615858	1.27971646953593
2733	0.481155939	0.671488909607619
2734	0.793327695	0.827836149158559
2735	2.39539628	1.54575609229381
2736	6.98707707	8.65463652034553
2737	1.72360843	1.32697535527685
2738	0.1204209135	0.228026000776543
2739	0.885257237	0.740638397377315
2740	2.77742401	3.05907555597009
2741	5.46110963	5.13073499762121
2742	2.86093028	2.05079844667824
2743	0.606519132	0.827340764185965
2744	19.84354156	11.5468412187265
2745	0.37740272	0.36239272780641
2746	6.26068793	4.06051477628125
2747	1.305999186	1.33195061502593
2748	6.0223893	5.24256900328829
2749	1.31728399	1.0202961318047
2750	0.648002453	1.30154469744962
2751	7.68170782	6.08139119629825
2752	10.1380636	7.21533467786325
2753	4.25964852	3.30781210255417
2754	1.65916574	1.44535075060345
2755	7.52106267	7.297292951775
2756	7.71499981	6.60017237759314
2757	9.3369128	7.11900945988652
2758	17.2499721	12.6595436008194
2759	1.14865254	1.23685522127523
2760	0.622206374	1.41114930787197
2761	11.5734052	11.520512224688
2762	1.5299122	2.11566745146026
2763	0.614371847	0.808203425878519
2764	1.4462181	1.5792018854593
2765	1.14574875	1.10199968407973
2766	3.41538724	4.17679029947059
2767	1.15865491	1.54056799231029
2768	1.9648013	1.45996182996292
2769	0.314970734	0.427080318038095
2770	1.092215614	0.873801834210811
2771	5.19226625	6.30052448154762
2772	0.824028696	0.936893175439881
2773	12.98431341	12.3101418493385
2774	3.0302052	4.38876140213688
2775	1.244140586	1.2599631814088
2776	0.241435788	0.404067855064063
2777	8.1043038	6.96658427426515
2778	0.920727325	1.03982576585991
2779	20.1971361	14.8822782208854
2780	0.124061808	0.255851891735417
2781	0.91174572	1.19340635052817
2782	1.53974039	1.37401888437604
2783	3.77902863	4.62761004525807
2784	0.635379681	1.25892150981216
2785	12.81714965	6.8602328084359
2786	1.88892869	1.68812016193788
2787	0.719458932	0.762512722084583
2788	3.38778877	3.20139925114657
2789	1.30681353	1.10511551428826
2790	7.45014529	6.17107923533333
2791	4.0618342	5.37558306955814
2792	5.61288333	5.73467524414414
2793	4.06753156	5.528956308385
2794	14.357209	12.9784708109778
2795	1.019278406	0.986548958421875
2796	0.695854585	1.12212314425775
2797	5.26125776	5.37930364449495
2798	2.74179797	3.00798951544737
2799	6.81540692	5.35841022185746
2800	4.4258582	5.6160106230463
2801	0.678072742	0.59434602915
2802	4.37741376	4.57965942911429
2803	8.50615716	7.37244644148529
2804	0.96641531	1.22008455680808
2805	3.62039352	4.86353660436765
2806	6.42454507	7.28597112000463
2807	6.876705	6.33715450042248
2808	3.66625914	3.70529117725854
2809	5.41020555	7.36595249402252
2810	0.736446218	0.890636910581111
2811	9.44931117	9.61400525076191
2812	6.16318044	5.91600194058537
2813	7.00898529	5.16051641791429
2814	1.1074094	1.11146326708333
2815	5.21236565	2.5883314403481
2816	0.987136161	1.10859020468444
2817	6.48836259	4.97364242200794
2818	8.35978097	4.972699869375
2819	15.9461254	14.6819323496128
2820	4.11569849	5.17205957038258
2821	9.7331961	9.87162778675
2822	7.46256875	6.3639084643125
2823	0.953436325	1.37245361852059
2824	0.3803066	0.371758136095313
2825	6.27333017	7.67533673248781
2826	1.12904601	1.19114889369949
2827	4.35611431	4.80030342698889
2828	2.01216333	1.33530380527724
2829	0.705504208	0.643200925456897
2830	15.6404843	12.3219968161667
2831	2.09656036	1.18293805604143
2832	1.26176818	1.28130512385885
2833	0.338566919	0.246835360078049
2834	3.01884989	2.80444221869048
2835	6.0945648	5.52899919012791
2836	0.446769266	0.57737579289359
2837	1.01230929	0.869061219700397
2838	1.10095505	1.63038572572636
2839	7.70294775	9.35349211374074
2840	1.72082944	2.48690080525044
2841	10.22651732	8.16597791214706
2842	4.41239006	4.23183962119118
2843	1.128207753	1.2988480625594
2844	5.44353037	6.16956754323611
2845	9.53545823	8.29024388329514
2846	0.542199447	0.908577528989445
2847	0.17709995	0.28361203906713
2848	1.76258509	1.69173562217722
2849	1.7445791	1.1300432661359
2850	0.738141646	0.541604478126191
2851	0.961214116	0.790931800602222
2852	6.58520616	8.28102218854472
2853	4.54747581	4.6291222274065
2854	10.22521236	10.3926269318509
2855	3.42801773	4.34529831596397
2856	4.98658232	4.39371251566667
2857	0.828477408	1.04473879938208
2858	8.81080361	7.45641998929524
2859	12.5246169	11.0701155554896
2860	3.23255694	3.71849650689147
2861	0.67862118	0.817614129679798
2862	1.48919832	1.62109410511993
2863	0.825282354	0.991429306317708
2864	0.642932964	0.972410259416176
2865	1.344024874	1.31170208905787
2866	0.998373347	1.15389287838171
2867	2.9631084	2.5059980927381
2868	1.63361995	1.92926245203232
2869	2.83215983	3.57593585447436
2870	4.0935983	3.97996752684553
2871	5.65943553	5.79148035327642
2872	1.6787918	1.06674270940833
2873	0.198390929	0.239329949123684
2874	5.06114948	5.1201439642079
2875	0.833742426	1.05692577846198
2876	7.73374964	8.72789240112857
2877	4.98153168	4.01402604612903
2878	1.71562821	2.05168863793011
2879	1.958171325	3.49887857823772
2880	6.03611406	4.32315177320721
2881	1.03702303	1.88461425352708
2882	1.49893809	0.974016703886765
2883	1.42236353	2.13247943339444
2884	1.74694093	1.52435046118919
2885	1.26743434	0.947800493098148
2886	6.36221045	5.46820654004286
2887	0.560854844	0.326916004977083
2888	0.76673525	1.05713247217064
2889	5.3408089	5.52075653722685
2890	9.25161003	8.17640074007071
2891	7.19076514	4.60524712912857
2892	1.80518707	2.41149765687658
2893	1.18930906	1.57791886721532
2894	1.9097034	2.31304339216771
2895	2.29145964	3.52514019301596
2896	1.62838859	2.41552958600775
2897	6.17642508	6.91163314634685
2898	1.170627986	1.10235406488222
2899	6.20995447	6.3313183884619
2900	3.60245001	4.82810424350521
2901	0.60804355	1.30779056219722
2902	1.308189385	1.25779557188081
2903	1.44090236	1.32499202262083
2904	0.984515856	1.1443545863136
2905	4.62688195	4.61638113610784
2906	4.43893616	4.49095451846914
2907	10.681768	11.6741317027895
2908	8.3397656	6.29600857104
2909	1.174294736	1.3282201719348
2910	2.04991777	1.44901058775196
2911	1.118399535	1.31722711130309
2912	1.75880021	1.59085845608559
2913	2.49690992	3.02092288100397
2914	1.400262224	2.00235505837917
2915	0.193222728	0.238946840417816
2916	0.984070714	1.35298905689
2917	9.14739156	7.59866925056306
2918	1.342547076	1.35497925316789
2919	8.48364891	7.46519805076531
2920	3.01174039	2.42880640889192
2921	0.91083164	1.13285379510541
2922	2.07823586	3.53841109943252
2923	0.858244526	1.18209085439186
2924	10.5152773	10.4354630677281
2925	4.06902821	6.2471618714086
2926	0.520541174	0.626757962119445
2927	1.21743314	1.23098061973715
2928	3.14871447	2.68452086352976
2929	0.922258876	1.23565021012117
2930	6.51999842	7.51074080408333
2931	0.807632794	1.63889079082121
2932	7.33878773	5.40087025517048
2933	0.95865433	0.827032750449549
2934	1.57072536	1.21101218573981
2935	3.28946114	4.64803446531746
2936	0.618557969	1.26345513243131
2937	1.58553473	3.03997143270098
2938	13.45317514	10.05137396405
2939	4.70998897	5.10521100276389
2940	4.39445819	4.29426879103535
2941	0.567526212	0.765954622184188
2942	5.76822187	6.10648790252299
2943	1.8286617	1.36997756466768
2944	12.9225627	11.9111162527269
2945	7.71187176	7.14891110833695
2946	0.394079174	0.39598618884785
2947	0.698558248	0.857086998784286
2948	2.2920988	2.25403581716535
2949	2.11847499	2.74987777913021
2950	2.12813166	2.87632041353803
2951	5.95836769	5.26369429435366
2952	2.21308241	1.96798907220882
2953	0.308927511	0.415124318926768
2954	3.74172595	5.62721536868137
2955	5.45526932	4.85487166457871
2956	0.185860313	0.269277481572222
2957	0.433458059	0.37380264483446
2958	0.729821248	1.38717538812048
2959	10.98881983	10.6984017233441
2960	3.98449811	3.48548175307843
2961	0.540932089	0.41665611781619
2962	0.400066179	0.738507543083334
2963	1.27334576	1.44916571826771
2964	4.00024223	5.16613402273932
2965	1.30581517	1.25257798835135
2966	17.63573453	13.4153928982265
2967	0.619751842	0.710948676715476
2968	0.496649029	0.610469073543939
2969	7.89575762	7.85384334912644
2970	11.1003473	9.64087393193333
2971	0.723960995	0.811892555666667
2972	7.22058634	8.16754966705357
2973	5.15894785	6.57885314476667
2974	3.57640377	2.27350663194504
2975	8.80436205	12.9375327628775
2976	1.25780073	1.28426363767685
2977	1.167008986	1.30652091265463
2978	7.1462191	5.70979950935606
2979	8.01430379	6.64578949236111
2980	3.82171572	5.00576155371667
2981	1.016894506	1.72307997886111
2982	2.21744935	2.28384114643056
2983	0.235807209	0.332333280217187
2984	0.166091982	0.221806513131301
2985	0.57014416	0.73687924388125
2986	4.07166399	2.1373435317402
2987	8.61149346	8.78639617662917
2988	1.197132	1.41639080067609
2989	5.59201968	5.3661352048375
2990	0.75055331	0.954081866777778
2991	15.49874517	12.1315020933722
2992	1.5282355	1.43177280259701
2993	3.78320757	3.63859021348571
2994	3.56388947	3.86380689726812
2995	0.343139853	0.51681845314845
2996	3.12699447	2.29483749262903
2997	0.880505364	0.891250045998851
2998	0.93966337	1.49302150343788
2999	0.81214642	0.98693359018
3000	0.779965132	0.965096455855159
3001	4.17140893	5.64441327515873
3002	0.821747315	1.11776703291197
3003	11.85533394	11.5103659167083
3004	3.40817826	3.76460355088235
3005	1.32947142	1.08142494625747
3006	3.68022865	4.54670571221318
3007	1.59789546	1.45031104638198
3008	8.30581432	9.02328870426111
3009	4.03875064	4.31485072095238
3010	1.334977964	1.69109085616146
3011	1.310871595	1.0709155391319
3012	1.42044786	1.4925578050557
3013	0.350463489	0.31709067967549
3014	1.66115647	1.97640076565921
3015	0.367371877	0.733201530629167
3016	8.61747992	10.5927164698333
3017	6.25121322	6.47050026408395
3018	0.164352952	0.323741436097794
3019	0.78104516	0.898221088838725
3020	2.96843066	4.24922975311728
3021	2.47446037	3.69555201001852
3022	1.715154414	1.60538111347602
3023	1.5762303	1.28583934206795
3024	1.55639649	2.4902335866437
3025	0.844403705	0.949169855543548
3026	2.41654702	1.58846948682208
3027	0.268925089	0.239669199674324
3028	1.30480304	1.32163399406847
3029	1.44076167	1.42222540104722
3030	0.745439805	0.754446604936486
3031	7.37291399	4.96329679362255
3032	9.3576837	7.73637417144286
3033	2.6259664	2.10612745853205
3034	11.23066262	8.70956721937143
3035	4.32872263	3.51495766589247
3036	0.524859881	0.262647279673958
3037	0.76211349	1.95668343530286
3038	1.15373069	1.04183781991349
3039	6.855684	8.4733917414495
3040	8.50116797	7.66388827721053
3041	2.18565825	2.07240953832412
3042	1.77193131	2.16821220014484
3043	7.15835375	7.43596997155729
3044	4.12374045	3.37946724252703
3045	1.2061254	1.08188859298869
3046	0.380145345	0.272189334592188
3047	0.269371392	0.309672421162602
3048	0.936529794	1.02244679053527
3049	5.4757128	7.1314523036
3050	1.204150256	1.44519382346905
3051	9.2654988	8.5854748417037
3052	1.116656925	0.89187196448718
3053	10.48678445	7.39550111548718
3054	0.676642971	0.848816512542858
3055	1.90078445	1.02011302516944
3056	0.443418516	0.717448993284234
3057	10.04346147	9.742968295575
3058	7.36946796	7.55936408419892
3059	1.18574782	1.56073901809407
3060	7.50681703	7.77168094068137
3061	1.091401965	2.26263978028281
3062	6.13310396	6.6565150075101
3063	1.03459428	1.09797044346583
3064	5.42571758	5.27996330957265
3065	6.06884178	5.87927050989744
3066	0.25109999	0.231210783982738
3067	1.75406444	2.59895768125054
3068	10.5932011	10.6966094534008
3069	2.62171068	2.04023874327368
3070	6.99920703	8.28080350901316
3071	1.73648087	1.1528405612964
3072	3.18659324	3.42266024812752
3073	1.30696969	2.13653645218293
3074	6.92398392	6.44871423261111
3075	10.68360616	12.2272485017083
3076	1.98869054	1.77494420694254
3077	5.32129807	5.20429823113597
3078	2.09546441	2.08013353496312
3079	3.37502877	3.43070399807812
3080	8.69101333	8.38104489628378
3081	4.846585	3.76012552663953
3082	1.75809627	1.77657238201667
3083	7.63590825	5.01813966238333
3084	8.8540331	7.08770409327236
3085	11.14682086	5.62410870990625
3086	6.16253785	8.0953267815
3087	8.60986004	9.66531696296512
3088	2.24945894	2.83956433299583
3089	1.47243393	1.39796647421123
3090	0.343195191	0.326944942809524
3091	0.747937398	0.660239218490909
3092	1.22771324	1.07569901448816
3093	16.2256727	14.0351738320675
3094	1.552181416	1.42950057916146
3095	0.732245066	0.831186645051802
3096	1.3165968	1.02800953502149
3097	0.251092253	0.336652207380417
3098	0.755360755	1.37142786518108
3099	1.42747435	1.29580755834583
3100	0.98058209	1.14840891443958
3101	1.57773506	1.60501081911157
3102	1.53121941	1.08178225357778
3103	0.590267229	0.698748869886403
3104	0.593025231	0.627943797747619
3105	7.71613716	10.5938801251078
3106	3.78097215	3.61757515971505
3107	0.735707144	1.14349694792428
3108	9.321385	10.6550699790072
3109	1.52747213	1.11230463623775
3110	7.52872155	7.6814467887402
3111	0.83074838	1.41326984204715
3112	7.32323645	9.70106843522358
3113	1.880135	2.0070435311
3114	6.16371666	8.41789473016111
3115	3.48343944	3.03215239601351
3116	0.978916596	1.14561937040707
3117	1.643411	1.42180924064206
3118	0.839208118	1.04500563593426
3119	4.00148076	4.78832237194762
3120	3.87364972	4.21496304118095
3121	12.52565113	11.3395661389074
3122	0.438794897	0.313791158926563
3123	0.537908973	0.741575802939912
3124	3.90312855	5.03723298879487
3125	0.342705926	0.733416296542529
3126	4.8395626	4.90797069757143
3127	0.194117344	0.525529990971354
3128	4.53345571	3.51222074835202
3129	3.34171724	3.6980256426579
3130	4.20519113	3.08740712809829
3131	2.4739878	2.8302021533718
3132	0.6342731	1.11771805882969
3133	3.4515253	4.7416048339213
3134	0.82587356	0.791217149747748
3135	2.70383288	1.65885396677593
3136	2.05115112	2.23448750736782
3137	0.556445966	0.504359132133333
3138	5.79665339	6.26330524089063
3139	5.23893269	7.81075326035317
3140	0.535242498	0.498034748401755
3141	1.23120209	1.31772773205781
3142	3.05222554	2.27259600603195
3143	0.816389245	1.01322842619425
3144	0.588228265	0.756024935025641
3145	2.04446323	2.02666435717155
3146	0.265153516	0.229911298469512
3147	4.01681724	7.96787861940278
3148	4.46917261	3.77734861954301
3149	0.939316644	0.817538929525
3150	4.4863414	3.98390672081111
3151	6.2440798	5.65557602735
3152	1.20601739	1.3408079960213
3153	5.8441282	4.23134430608537
3154	1.88539332	2.41414096021061
3155	0.828473395	0.83244997725
3156	0.583066902	0.792114751703334
3157	0.908296106	1.06198327865035
3158	0.968691121	1.25569888873939
3159	2.2258729	2.16012038969298
3160	1.12486891	1.22358049320111
3161	1.37463047	1.5189120217506
3162	1.16125553	1.16996378808874
3163	1.773703405	1.75953933349444
3164	3.77613902	3.35941123850556
3165	0.287785388	0.262607820782222
3166	2.74751349	3.71982194038519
3167	0.937578804	0.825985112113008
3168	0.369875777	0.433283849678395
3169	2.37050031	2.29518823022857
3170	1.551447156	1.48247967941828
3171	4.26274815	4.3674156039625
3172	12.8652297	14.346579138735
3173	0.182664854	0.246543312317647
3174	1.78975724	2.36285496642258
3175	4.64999088	3.15837147661609
3176	3.43421172	2.81960067424583
3177	6.07807066	5.31657317182906
3178	1.20376187	1.13701456440256
3179	6.48484501	8.63862248858621
3180	2.09378271	2.80577750782927
3181	2.70869545	3.3128277802235
3182	2.50201962	3.03449909814583
3183	6.60477931	5.58361473944444
3184	0.210894529	0.266030503762037
3185	0.954180983	0.796498792373737
3186	1.65705832	1.26792379658952
3187	1.97955228	2.83361123830342
3188	0.708767395	0.925039450173148
3189	7.20819212	7.03070704598095
3190	12.03993543	11.3291258900833
3191	1.51482822	1.83959510679412
3192	1.38003518	1.1988046559175
3193	3.65282263	5.73259813096053
3194	2.72101577	3.93421056981333
3195	6.34361214	6.39649887666667
3196	1.54489719	1.56850837284943
3197	12.4145656	9.24343180564855
3198	0.768399931	0.871872957547916
3199	2.24638221	1.62059094030648
3200	5.29804719	4.1900343030812
3201	9.77436456	7.31001733973333
3202	2.02342367	2.1734386012675
3203	4.08528041	4.27379864295176
3204	7.4021214	6.26266878273106
3205	3.97550114	3.65175301089015
3206	2.74690129	2.89794778014103
3207	0.152843988	0.286106892707658
3208	3.81502097	3.20531021858698
3209	1.0665544	1.94455108175132
3210	14.6745812	8.66890439483333
3211	7.03124979	6.38622345251802
3212	0.276205739	0.236885933394118
3213	3.62672891	4.82938253596581
3214	0.857756505	0.983283086930555
3215	0.910171166	1.52918663090714
3216	1.47895334	1.14836404176951
3217	0.619941227	0.97056145232248
3218	1.97752641	2.32120797183333
3219	2.68175493	5.5115757181943
3220	1.45006268	1.86992459966744
3221	2.21654656	1.5908013524031
3222	0.512611474	0.447521524172481
3223	0.826061632	0.979461445079824
3224	1.71822811	1.43598301111863
3225	1.25529614	1.3674991804201
3226	2.97473598	2.39184385271714
3227	3.6298727	4.36620965109756
3228	1.25390145	1.24203721683286
3229	0.70991784	0.921095379349594
3230	6.35390182	5.89860677684043
3231	6.47115832	7.09043147191414
3232	8.61324956	8.71125134708046
3233	1.73492306	1.87708370628155
3234	0.396508636	0.837827938421875
3235	1.10103764	0.96575727265375
3236	3.25809123	4.48114318107813
3237	8.95059845	7.82556608408333
3238	1.02824077	1.12036646502685
3239	3.42708226	3.69110703800641
3240	1.5874076	1.30797259911937
3241	0.477831988	0.340604064687083
3242	5.20209395	5.20459908903409
3243	9.22535163	9.00296512005556
3244	2.232017095	1.57497043692157
3245	0.311137011	0.369739857420175
3246	0.891323806	0.919260509632143
3247	3.26618775	2.95151440922222
3248	9.6701183	8.29726418489584
3249	2.05493792	2.3742675742619
3250	4.51456697	2.56456864961833
3251	0.914025416	1.11459092681368
3252	0.595019748	0.740300962934762
3253	2.47295769	3.90772545786458
3254	9.18836197	10.9928706160586
3255	1.23429321	1.24694998603646
3256	0.95467552	1.01472262724167
3257	0.917293695	0.949175719944762
3258	7.64454861	7.23312915136574
3259	0.489179134	1.00090587943333
3260	5.33350291	3.85531746389247
3261	0.273352108	0.393618357171212
3262	1.66826963	1.66874288756583
3263	5.02781708	4.65191391426263
3264	0.711692806	1.24764632900035
3265	4.25777817	5.0307569935463
3266	3.58287658	2.86228669917708
3267	0.884833475	0.925059992645349
3268	0.522922261	0.518696463286364
3269	1.96266841	2.51526229046724
3270	0.786915095	0.843088865784524
3271	1.43717023	1.21804951941296
3272	1.065081444	1.31433380978295
3273	8.29933707	6.94972674453623
3274	1.3468264	2.65050600347676
3275	6.02481326	6.15009258782381
3276	0.492031724	0.474364984363726
3277	1.39749664	1.6685433559518
3278	9.7129079	6.57119264782796
3279	1.160626265	1.97203679130707
3280	2.80655083	2.1721099993401
3281	5.41199386	5.8003986740115
3282	2.61111759	3.15852817701515
3283	0.223799456	0.205519209165315
3284	0.927845944	1.16217557459271
3285	6.65657287	6.27495910654412
3286	0.69158131	1.02391019071228
3287	3.14804232	3.31536018431944
3288	1.2561942	0.871998506605729
3289	1.021917015	1.01037666580992
3290	2.1814437	2.51036647961875
3291	0.595160095	0.656095910075862
3292	4.71630402	3.37654328021313
3293	1.08322089	1.07722994276937
3294	7.53104069	6.77639894619231
3295	1.05709211	0.954432445382323
3296	0.730550058	0.875582983390104
3297	0.706393206	1.22027750564804
3298	1.58558398	1.02561099418684
3299	1.57070387	1.12435890938125
3300	4.21097834	4.97000322153488
3301	1.96807049	1.80313775928633
3302	2.79247133	3.70606638921264
3303	1.347378935	1.74336844916136
3304	3.96327166	2.47716002409253
3305	7.476185	6.27137930070833
3306	4.06019617	4.91921427100877
3307	0.162970475	0.270157102784524
3308	3.682321	4.40525986825807
3309	9.15456158	5.80707213996277
3310	6.98370812	8.31962118871667
3311	1.78538773	1.30425617959936
3312	0.8239529	0.95769046012963
3313	1.7592164	2.00862685285586
3314	2.29161151	2.65083495555417
3315	8.2905926	7.62476660307871
3316	0.51231922	0.670880316555039
3317	2.20351402	2.71469227039849
3318	0.86308104	0.969423677877564
3319	7.69125891	8.36128930136574
3320	7.08591675	7.49765492006452
3321	0.853483399	0.898211477450362
3322	14.6919445	13.0862414876272
3323	3.29859587	2.93400733935278
3324	4.41262101	3.46161521231982
3325	5.99908646	7.77594860638889
3326	2.15503125	1.80130769539955
3327	14.50728424	14.221611380701
3328	0.693118736	0.962017025700476
3329	1.18872556	1.10863114085194
3330	0.543106373	0.651232436352604
3331	6.93118253	5.07671765791936
3332	8.21564314	8.2327379833381
3333	0.615093375	0.828096868305128
3334	1.169004114	1.77009046320897
3335	1.159910006	1.94566467350152
3336	3.90211992	5.11689002535135
3337	7.3133295	8.65224918364729
3338	1.377231706	1.36907411192083
3339	6.87698078	6.8959601736625
3340	0.485372236	0.431954737778948
3341	10.86330325	11.3562668476966
3342	0.512391155	0.668586867501626
3343	0.390072792	0.362534953223077
3344	5.83574153	5.63487559619893
3345	6.92928521	5.29269678039583
3346	0.93476453	2.00226909593411
3347	0.772845228	0.937564394803431
3348	0.303568052	0.249809617276984
3349	2.12011912	2.19474579793055
3350	0.75023111	0.997848453681428
3351	3.07876819	2.30329952223889
3352	0.76118264	0.921902890666667
3353	2.65648416	2.4567936668287
3354	1.19653487	1.16752810788462
3355	0.763290536	0.952269392811111
3356	4.59251138	5.15734020149583
3357	2.34750574	1.85160228099921
3358	0.767301584	0.864527917057471
3359	8.3988768	7.84845894650877
3360	0.73278259	0.839842408649573
3361	3.49083489	3.09273253051471
3362	4.7240853	3.91848614619355
3363	12.98523811	8.94345546429293
3364	0.323110146	0.290272247957353
3365	11.75988865	11.4983320546667
3366	3.44497661	4.32980154979675
3367	0.248003657	0.256975667552778
3368	4.695311	3.5470951202875
3369	7.88740432	7.92780045590741
3370	7.26991664	8.06404598730808
3371	7.3000479	6.69097521177619
3372	1.42604593	1.04447914155167
3373	1.17527681	1.07760929981406
3374	0.95857551	0.886748559164035
3375	0.797045584	0.844590179477083
3376	0.212281722	0.252135685469956
3377	9.53406753	6.89409442925641
3378	11.09333415	11.5269885689271
3379	1.3767036	1.15226750294907
3380	6.28346864	6.23197244654701
3381	0.875588742	1.12193002041099
3382	1.70010587	1.21167057956667
3383	3.17598768	4.02537597360119
3384	1.08811739	1.52050289524398
3385	1.02101326	0.849879478472581
3386	0.321267436	0.428573829727037
3387	1.23781586	1.24868628501354
3388	1.022751275	0.872955376861429
3389	4.60102607	3.91964291581061
3390	8.986184	9.31804441089316
3391	0.88717864	1.12623371340208
3392	0.654132847	0.783021912196429
3393	5.44855822	7.3651930645641
3394	4.44774083	5.11466823933333
3395	7.63139615	8.68135375689035
3396	5.94278992	3.97856319057724
3397	0.94935342	0.848745253646053
3398	0.53363819	0.915004294274762
3399	0.6778131	0.810503115477143
3400	1.054134404	0.940703618873704
3401	1.326768895	1.54817057654461
3402	0.641931832	0.847735718784167
3403	0.85259781	1.02560169131341
3404	6.84885506	4.87575396128968
3405	0.170758026	0.218571844345238
3406	0.661506796	1.03280870245
3407	9.1556916	9.90238843976852
3408	11.70214019	10.908337062114
3409	0.234385581	0.420197761295833
3410	1.33487086	1.64190918853792
3411	1.148292	1.35999313302798
3412	0.418864629	0.365315218664706
3413	3.55428133	4.73258553472868
3414	10.1232917	11.1841587661944
3415	1.138376384	1.07496660167963
3416	8.23021278	7.47439937297917
3417	2.12932595	2.03055963420189
3418	13.75311157	10.9915669081095
3419	2.53248775	3.05204238257576
3420	0.685288189	0.91575697817973
3421	0.774176246	0.830957080376126
3422	1.048195536	1.32362046992713
3423	0.864386144	1.00545334064167
3424	3.81658776	3.44389755751802
3425	11.85852503	9.90496837191954
3426	0.309225017	0.43874525475125
3427	7.44996208	6.40802904051515
3428	0.90051541	0.992236763483908
3429	1.05068761	1.55270035943293
3430	0.252519404	0.338149262179885
3431	1.07103251	1.09228225023381
3432	9.5832406	8.81540341174324
3433	9.05093173	8.46264097001282
3434	0.370559453	0.310318972170833
3435	0.97060493	1.04516821497172
3436	2.82596729	3.87302778034
3437	1.28340523	1.35874910411792
3438	0.498896684	0.855048994683333
3439	4.41380222	4.03531241520085
3440	6.01852888	6.07338028385185
3441	1.074455891	1.19923484612549
3442	0.995940384	1.04231873254231
3443	0.697417341	0.747195147307871
3444	1.08470741	1.1481030927197
3445	2.10574633	2.12567818930107
3446	0.479645711	1.21016872771333
3447	1.66619602	1.77640713837255
3448	3.67493784	3.38482587915
3449	5.22732975	5.20764818904902
3450	4.52457991	5.35159481056019
3451	0.972590384	0.944027036870588
3452	10.88200295	8.34670852456837
3453	1.62279007	1.70813569903694
3454	0.97906752	1.33463475369545
3455	0.534770707	0.790653723241667
3456	5.55528618	4.65978777781905
3457	1.19494465	1.39093253180294
3458	0.78499385	1.85609276902967
3459	3.40871352	2.352097259325
3460	14.6394681	12.39243245711
3461	3.8926216	3.65867175162613
3462	0.258107182	0.222371613775476
3463	5.62535906	3.71890356251261
3464	4.56243158	6.05226962581818
3465	2.770572	2.41933978551572
3466	4.66728242	4.32769473691111
3467	3.516717995	2.52235269971515
3468	0.86650813	0.953879800624138
3469	2.65456651	2.10620334108889
3470	7.25885636	5.90957446444908
3471	0.82887133	1.47907828592281
3472	0.2768979055	0.26123060991381
3473	13.2947885	10.4392245054537
3474	5.14629342	4.1033201003375
3475	15.3606819	12.7836736690246
3476	0.949274416	1.18544637758381
3477	6.51981161	6.72323810497863
3478	2.8057637	2.30373709625317
3479	0.526448556	0.789008336685784
3480	1.7588034	1.85083998005507
3481	5.86290946	8.35786294567241
3482	1.02168699	1.23120344073611
3483	12.4992058	8.64354028117568
3484	0.36773012	0.349496184788235
3485	1.83564887	3.04427547784615
3486	1.61324458	1.36707849114595
3487	0.854220076	1.13459337604775
3488	2.52014393	2.69971297080278
3489	7.86808484	5.7446030334079
3490	2.72710622	2.09913785830476
3491	0.999205436	1.44810318760976
3492	2.4028809	2.42583706609829
3493	1.39930897	1.9417054163037
3494	0.821099914	0.97577369789031
3495	1.027687755	0.889545823555093
3496	1.026757379	1.11914803268974
3497	1.165304135	1.21735423276458
3498	0.360455616	0.534910334261574
3499	5.11293531	6.72541824731019
3500	0.67679028	0.91392877824619
3501	2.99896312	3.90599200218056
3502	1.88650265	1.11182016682241
3503	6.64123065	3.7542858486875
3504	0.406302074	0.449929565523958
3505	5.2192076	3.37604823832381
3506	0.549713928	0.53538212090171
3507	0.884793165	1.31424961125395
3508	2.63010193	4.2973412929871
3509	10.8230695	7.67747309340541
3510	0.898625505	0.794360326416667
3511	0.250774187	0.234433811114706
3512	1.436120565	1.50322667290914
3513	4.33479611	5.08159288944624
3514	0.180087933	0.223421157294618
3515	4.81236654	5.06740803625676
3516	2.62831804	3.25476019963218
3517	6.40284607	5.21976888750463
3518	2.54970151	1.81644673077308
3519	0.766551223	1.99190248426458
3520	1.59766644	2.54753141292745
3521	1.44146228	1.27458658648739
3522	12.18780545	11.5843334754773
3523	17.64111958	12.7021030948646
3524	1.26286512	2.05647398945806
3525	8.23735984	8.05472576828333
3526	1.533732845	1.20755198582969
3527	0.753193219	1.31118537108649
3528	0.663484435	0.721487758632222
3529	0.998316537	0.855057939575194
3530	0.782624411	0.963502435809091
3531	5.93107104	3.9506981773631
3532	5.59462213	6.05916022902083
3533	0.80036905	0.978707126024242
3534	6.18653385	6.11284893122685
3535	0.631014754	1.05536492192333
3536	1.007117104	1.45905481469943
3537	2.65766633	2.15924747181667
3538	2.28440641	2.01830081568056
3539	0.484755903	0.305723270412917
3540	3.3537885	2.433605165675
3541	2.44000104	2.18687165964462
3542	1.07197761	1.36557689275307
3543	6.74250225	8.20128385358333
3544	0.95137061	1.19879975269323
3545	8.3689074	7.7271690394955
3546	4.57738119	5.01512233216162
3547	7.81413665	7.23473974474691
3548	2.90836279	3.79451535163821
3549	1.83037756	4.24389176829167
3550	0.703978698	0.723255639490124
3551	1.304512118	0.926229410035057
3552	0.409609843	0.227275199498457
3553	2.95291833	2.22319400319167
3554	13.4160277	11.1971360082708
3555	1.16399371	1.24745607911802
3556	0.776404728	0.886585030185648
3557	0.531969875	0.720016125022917
3558	1.029599491	0.9739633613
3559	1.35060472	1.12029964769286
3560	0.197749536	0.843390713410684
3561	0.74360091	1.09385431342381
3562	5.97441047	5.50705883303509
3563	6.17535222	7.38775941133333
3564	1.53854911	3.36346216191966
3565	2.05088176	1.2831642997098
3566	0.684901276	0.998136373565656
3567	3.68651918	3.08003653920707
3568	2.86354564	3.85045689734188
3569	0.609304268	0.70363073600101
3570	3.0538447	3.66094647786979
3571	1.49860769	1.22748217490492
3572	6.40801422	8.35580132987698
3573	2.14351367	3.89299580613011
3574	3.64969013	4.47499272381395
3575	0.480476783	1.22236531392389
3576	1.39533847	1.49853974727733
3577	5.12876759	4.4789430785812
3578	8.32214137	7.85808247768056
3579	5.55418738	7.19715677677778
3580	2.27664387	2.38085905016042
3581	4.20351912	5.29337081456565
3582	5.36926824	4.48327874354762
3583	11.22866537	8.84001946084762
3584	6.5065783	7.09573862935772
3585	0.205833702	0.252832509278333
3586	1.318524603	1.58544653619231
3587	0.2410104	0.237046111696795
3588	5.02453743	4.8696537956129
3589	1.118386	0.765860114866667
3590	3.98020074	4.55934352910993
3591	0.971343256	1.0821279631881
3592	6.37178008	6.11764020713726
3593	8.36184403	6.53337369919535
3594	0.685559647	1.25716654330901
3595	3.16891396	3.83644974996111
3596	1.02238392	1.371142862775
3597	11.9373623	9.08968922447685
3598	0.53825383	0.235436619999562
3599	3.62231909	2.65835216396842
3600	0.772335175	0.800752419246296
3601	2.8859352	2.20059976721053
3602	7.43170436	9.76974572505926
3603	0.73337441	1.74544252595577
3604	0.279644118	0.331696614404839
3605	0.448993047	0.820049088360101
3606	14.17849013	14.9427321892973
3607	8.66405901	6.35010174769919
3608	2.69321903	3.01895346964286
3609	2.44704957	2.35577014089963
3610	0.232926352	0.298216885901613
3611	0.356334165	0.505026995464516
3612	1.86298349	1.12134478355397
3613	0.382128071	0.359390345185417
3614	13.0214681	9.36509528107724
3615	9.63688329	9.02463191458889
3616	4.80286117	5.36740767769298
3617	5.72883214	5.5957166809375
3618	0.176250756	0.230307400950298
3619	2.35063261	4.43703497891667
3620	0.354562903	0.376071360640598
3621	1.9606479	1.77096457375972
3622	1.60706868	1.29639051042333
3623	1.13322334	1.13522743453462
3624	0.57555982	0.749961160414352
3625	2.08489232	2.20167906968381
3626	0.70360806	0.95444798362735
3627	10.96426017	9.46044353377083
3628	8.96385266	7.03056515226923
3629	0.480198345	0.729585533055914
3630	0.623013726	0.638402130516162
3631	9.47976003	8.53423849729762
3632	1.04631235	1.22681724872172
3633	0.697557489	0.939298612814516
3634	0.204155884	0.319112474021631
3635	3.80543044	4.87497403913809
3636	6.45677966	5.61792797749713
3637	0.475473297	0.431576100928509
3638	7.87392521	7.52019177934409
3639	0.84250657	1.11732476598171
3640	1.05076158	1.26831692509167
3641	6.2670201	6.25531203164286
3642	0.99851155	0.971070730186179
3643	4.0827184	4.29947435399074
3644	1.98876553	2.44920031701716
3645	1.54001118	1.25875674692593
3646	2.72107736	2.32372766607361
3647	1.58806981	3.004083117025
3648	10.89820909	7.46896878832813
3649	1.11250278	1.03029695640761
3650	3.46610147	3.1982826824693
3651	2.01955845	2.36303193672849
3652	2.04847854	1.96000392480652
3653	3.78103075	3.76149827509756
3654	5.08454995	5.00542641536364
3655	6.85252746	5.67473397092308
3656	7.53922257	9.85754567662613
3657	3.45767993	3.21320651351282
3658	5.29076151	5.16238529855591
3659	1.045733696	1.30208667396406
3660	5.78460113	7.24911299655814
3661	3.13412794	4.03923490338889
3662	4.72884352	5.81597717579487
3663	8.1526136	6.73339221261966
3664	4.5601978	4.29311843223039
3665	11.41534394	12.014202405057
3666	10.83185876	8.28654126417204
3667	5.9923167	6.82893511677027
3668	3.29048007	2.31106655191623
3669	2.27326999	2.25183122243736
3670	7.53548026	7.9005355805
3671	16.33943183	15.2168205618646
3672	0.721285171	0.986064191101191
3673	11.94590071	12.1878338638772
3674	0.178757699	0.262559663401226
3675	0.355903005	0.362812937986508
3676	0.442924859	0.554780835129762
3677	0.755635617	0.953293223311842
3678	1.073674915	2.73423314842273
3679	1.036021605	1.21942740593523
3680	6.09579527	6.59852707983772
3681	16.6190868	16.1805046121458
3682	0.975994265	1.30260003927611
3683	12.06459828	15.461177069951
3684	1.46943815	1.63919573790476
3685	1.94748546	1.39790406861429
3686	3.01936712	2.93404700452525
3687	7.11869444	8.11544241290789
3688	0.53721335	0.524372559326423
3689	1.24527671	1.60948137925727
3690	1.033233846	1.12895722522398
3691	1.170488949	1.65281387713235
3692	5.53065322	6.44219838029048
3693	5.38700555	3.94127290062037
3694	5.28088327	6.45444481089431
3695	12.29944013	13.2706044159667
3696	11.5914398	10.6799151313256
3697	0.97825658	1.10949420787762
3698	11.86983056	5.85309528631863
3699	4.12884487	3.83660734525271
3700	5.83543935	5.8870743755935
3701	10.92840933	10.1606002830702
3702	0.963682185	1.16274676318657
3703	3.69470408	5.66282370988657
3704	0.409466389	0.276090023929048
3705	2.60517026	3.76464722866124
3706	3.58848775	4.1346870599125
3707	0.232819062	0.321954170273737
3708	0.728897242	0.98656099548037
3709	4.95950341	5.1876090629693
3710	3.19509807	3.37860525680645
3711	0.260064629	0.284568027550476
3712	0.729080375	0.593131482861111
3713	1.61899019	1.28178556336875
3714	1.07794478	1.00880899203704
3715	0.508482642	0.457359015456141
3716	7.6216192	7.54335129015891
3717	0.92400654	0.9810772842
3718	2.01012612	1.35024734962185
3719	8.3082722	7.85397973917816
3720	4.21750901	4.22753462481008
3721	2.71630195	3.02163940852525
3722	4.1778336	5.22914410363964
3723	0.333721643	0.477677653724405
3724	0.6777258	0.757283077373039
3725	6.46987805	10.0775180823086
3726	0.80908257	1.5081250381221
3727	6.29287154	7.84922136382408
3728	0.91513968	0.918864100246237
3729	2.00757109	2.11068851943175
3730	4.03101366	3.81394772021667
3731	5.75286813	7.03653538790426
3732	1.95671705	2.66752383572436
3733	0.851547885	1.00713378495
3734	11.5905893	8.36132295408547
3735	1.31508294	2.84012100164855
3736	1.16951959	1.25640405112642
3737	1.09973879	1.15604681234427
3738	1.29970058	1.94742277002798
3739	0.280336434	0.246654911698571
3740	8.04921854	7.19451867260952
3741	3.8562156	4.02601690264167
3742	1.46388536	1.56959520900343
3743	2.16759085	2.7019880885991
3744	8.9659491	8.2561922499386
3745	0.365922632	0.269105575884496
3746	5.86079272	6.61901177739744
3747	2.71504936	4.04681331581707
3748	0.93956378	1.05723316869145
3749	0.32314811	0.338487094796569
3750	1.76287824	2.24801398956814
3751	1.25642032	1.38515429470772
3752	0.678889317	0.977876868528509
3753	2.07348648	1.68796226203472
3754	6.69736512	6.87720143725714
3755	4.30762634	3.54503400661458
3756	1.32204408	1.19305579639603
3757	6.23894626	7.1919560427957
3758	0.88833332	0.872587195119298
3759	5.21639974	8.07007949305814
3760	5.0965041	5.48356230678571
3761	2.20233877	1.87059142536667
3762	6.48760324	5.62289241203604
3763	0.724591556	0.723312999650463
3764	2.07018263	1.79497207632928
3765	0.491038791	0.404165265037209
3766	7.61811502	7.73502181139048
3767	0.79539189	0.898783758517592
3768	1.20404611	1.2175451218126
3769	0.990142635	1.22363883920657
3770	1.99749417	2.04712444322656
3771	0.620868788	0.924390921979902
3772	5.0555591	4.47229488811712
3773	4.53548252	5.36680382436275
3774	1.020463144	1.19213760163619
3775	1.0828033	1.14412434487927
3776	2.22028601	2.39650408610101
3777	1.19497139	2.03242597259412
3778	5.69670308	4.22019578819512
3779	1.0686905	1.08926927177833
3780	1.18339856	1.50775696113056
3781	3.86863926	4.58935260017105
3782	10.7010647	6.97479341085058
3783	2.00601904	3.77955497254167
3784	3.49027827	4.42276125418954
3785	1.15899791	1.10651940132813
3786	2.10308178	2.66708510491081
3787	2.01569451	1.91670069783333
3788	0.749107184	0.865002552797863
3789	7.03607407	8.97556576607365
3790	10.73106253	9.61619983504762
3791	0.669034791	0.68553293910619
3792	1.157638945	1.44522003248681
3793	0.824224901	1.17149153917982
3794	0.956591805	0.774545594156838
3795	0.741257453	1.1831825956825
3796	1.217363694	1.63116654811
3797	3.69928897	3.50322531612731
3798	10.90458169	8.53585079325185
3799	4.4990938	4.65133546715432
3800	3.44725245	3.81939476171429
3801	6.34591851	7.32677659089706
3802	1.08859674	1.10281169235
3803	5.97770518	6.92359611559048
3804	6.5193051	9.25140564134947
3805	6.43551666	6.53234033995496
3806	10.2945208	10.0055065732402
3807	7.82772524	6.75727799292473
3808	1.25321847	1.13819282710707
3809	0.396841017	0.277705212878049
3810	0.329279326	0.267866281599462
3811	0.825191304	0.754052119830682
3812	0.859262272	1.04067036830513
3813	3.50251985	4.6121151529902
3814	6.61198522	7.50718544007723
3815	2.90249882	1.99306740743472
3816	12.4986714	7.40305571814729
3817	8.9549521	7.44799378250813
3818	0.661697199	0.790091247105392
3819	5.19930983	6.14141382909722
3820	1.104609405	1.0848461429381
3821	6.32912847	6.61018347753846
3822	4.62883942	8.42120400178125
3823	4.28570827	4.86150602342709
3824	1.22864664	1.15203342605526
3825	1.13203579	1.28939630237258
3826	0.862222616	1.08774547775
3827	0.646019899	0.686762667106373
3828	0.239993978	0.314255722431667
3829	0.77676901	1.04033548593824
3830	0.407126933	0.453359611073424
3831	0.173585281	0.22753054381381
3832	0.47010157	0.506874962196032
3833	1.78088184	1.38765674485732
3834	8.22662926	6.1875912278772
3835	3.14442582	2.77927908637985
3836	0.429344792	0.735288326225238
3837	0.118907521	0.224009148922368
3838	1.027453256	0.81268017108125
3839	1.14714719	1.17818548205
3840	1.92423514	2.37939926641905
3841	1.79691541	1.29382470908889
3842	12.737021	13.9710346293889
3843	1.421003	1.38898727520913
3844	5.86255765	7.30999301242636
3845	8.78554405	10.2486077680048
3846	1.83254416	1.22117583893043
3847	1.584575321	0.975250485581531
3848	0.354436136	0.367134996322917
3849	0.131333098	0.275981858960476
3850	10.07385456	9.48309795550725
3851	0.80654236	0.856248841141667
3852	7.76073736	6.06067742805556
3853	0.54408462	0.321053439144318
3854	1.64741997	0.972434943073958
3855	0.292805551	0.32367607515614
3856	1.11784426	0.985988596642157
3857	0.921476036	0.857881417230769
3858	1.13065323	1.47428956868674
3859	5.8588672	5.8580107766713
3860	0.75194384	1.08342807829731
3861	4.55247475	4.21125081663441
3862	1.592846044	1.15956632534
3863	12.4227156	8.79453090660556
3864	6.91736739	6.07333686831982
3865	0.302827478	0.307128181503604
3866	6.84748	4.56798073479583
3867	2.18637857	2.37036533262315
3868	3.13834123	3.47503168410606
3869	11.99210867	11.8691631785175
3870	9.4334084	10.4788382564
3871	1.131318926	0.851808729371264
3872	8.90647365	10.1849312718021
3873	1.58289344	1.32431254234231
3874	6.04201378	7.84129991766667
3875	1.134160512	1.31479479046771
3876	0.434361096	0.259294778640651
3877	0.259751569	0.281813562334109
3878	3.90761862	2.94392668275641
3879	0.235747369	0.250452635249691
3880	8.85280975	10.821977842069
3881	0.679358794	1.1792572437114
3882	2.33322465	2.56229382427287
3883	2.61096495	3.80591087695727
3884	7.58005347	6.05406557798246
3885	0.54535505	1.24676737090983
3886	0.217575612	0.352385167475225
3887	0.89173022	1.06105545737108
3888	1.90531729	1.44313253406482
3889	21.6695038	15.8456723697576
3890	1.117371585	1.35563204771179
3891	1.09614512	1.1122560608912
3892	1.66687208	1.47262531762101
3893	4.22083696	5.40412076114865
3894	6.85492221	4.69731435199123
3895	6.66467232	6.91995411823333
3896	0.496684239	0.492918973777778
3897	7.43809991	7.56030301423718
3898	1.24981433	1.2756116422874
3899	12.1707498	9.70147144165625
3900	8.398559	11.7431979478726
3901	8.0714241	10.0295758362037
3902	2.7433331	3.77633599936594
3903	2.23803699	2.47095721417632
3904	11.89945658	5.99902504357576
3905	1.95167099	2.29072187063725
3906	0.11701135	0.224251184456306
3907	0.739624274	0.710733347593694
3908	1.64071259	2.71712438596306
3909	1.90901533	1.47921961627117
3910	1.88959039	1.89471181399405
3911	4.93898941	6.22784143702451
3912	1.180475135	0.64501519405625
3913	5.7691479	6.29532624431019
3914	1.80892691	2.10711664679556
3915	1.78296634	2.46637982400417
3916	0.690791375	1.11843665712727
3917	9.90764483	12.4926364363761
3918	0.761985116	1.14642292652342
3919	3.66498543	5.21342544364731
3920	0.671375196	0.83885539676381
3921	0.201061719	0.288649318277419
3922	10.0306621	7.98409094099573
3923	0.873934382	1.55283491730952
3924	5.40615749	7.09723838814634
3925	7.30893545	9.94509756649549
3926	0.776878565	0.74953330547957
3927	1.07709179	1.14077504327626
3928	0.84315104	1.11662987623008
3929	0.1149945845	0.225957106455952
3930	8.1676722	8.07158764072396
3931	1.655472496	1.3361938448188
3932	0.294085239	0.272777906366667
3933	1.51476672	1.4319568259482
3934	1.153309934	1.10476251957937
3935	2.03105291	2.10091914016306
3936	1.31634645	1.34538066731857
3937	0.354222394	0.668550829696396
3938	2.673984	3.22625366560079
3939	3.60895891	2.48313744299444
3940	0.412581781	0.453187485849561
3941	0.863248444	0.977896224280159
3942	7.56158083	8.39076885116667
3943	7.33803548	5.43459216605797
3944	0.843865574	1.03679289082183
3945	11.25374255	11.1601085149141
3946	9.89027162	14.8406139564889
3947	0.96570597	0.960026808120721
3948	0.457783808	0.528534207829386
3949	0.404706427	0.240308336787719
3950	1.02386805	0.887695410907895
3951	4.7547419	5.47236405045946
3952	1.331916905	1.50230289492476
3953	1.140599915	0.945161338321759
3954	8.42048209	8.23331269103659
3955	8.88415261	9.11438567419737
3956	9.2762187	9.91763108896296
3957	0.694744005	0.662200047218469
3958	0.767303824	0.772985302602033
3959	4.53710478	4.40320479825225
3960	6.55879945	6.451925404025
3961	12.4196537	13.487317153373
3962	1.03507801	0.945556774473077
3963	3.55683356	3.32937535145185
3964	1.65303111	2.74395415115741
3965	6.84340978	6.55669981766026
3966	3.54135961	3.36306309270098
3967	0.52264696	0.879249337666092
3968	9.3740252	6.84054253388922
3969	1.027948546	1.34491383610225
3970	4.47985859	7.71951686134127
3971	1.46847941	1.07409405187793
3972	0.156364137	0.287004064206173
3973	6.0987362	7.82677330394737
3974	1.03019681	1.00636012130354
3975	4.47458951	4.23115227903241
3976	6.59621192	6.55649834946014
3977	2.53339387	2.21972443762045
3978	4.27732349	6.24960476307955
3979	0.717762465	0.854044130476786
3980	0.657940006	0.556160358326389
3981	0.746224591	0.995906107852688
3982	2.63327561	2.38951388766705
3983	7.55072734	5.40307667112632
3984	0.20078004	0.316670747020176
3985	1.28402563	1.08531932656974
3986	3.90934252	3.86603763141667
3987	0.865784324	0.686530177889394
3988	2.61404109	1.83683863132845
3989	8.16099396	7.42363146337398
3990	1.83027961	2.76211287876852
3991	0.454633212	0.421146727492544
3992	3.47182007	4.30587235328241
3993	3.58958872	4.3708246684125
3994	0.139411095	0.315368263387805
3995	1.655618536	1.17561166915083
3996	1.345347715	1.86244236081771
3997	1.51310295	1.59732688017353
3998	3.60810925	4.16272989616333
3999	4.58900805	5.29663030172358
4000	0.522575005	0.775069381649573
4001	0.986179596	0.967060100001852
4002	1.24682594	1.61004783489268
4003	1.436068325	1.98066947881667
4004	0.920381485	1.07943230587143
4005	0.985233752	1.101461015225
4006	1.43436155	1.34287604821574
4007	8.63704279	9.00229251327651
4008	1.23792037	1.52060187079646
4009	0.376348303	0.503965227674561
4010	7.28081477	10.5203795609423
4011	1.74970132	1.33531234199012
4012	5.60247095	5.5465138143447
4013	5.74148101	3.76624901384167
4014	0.99708299	0.954934484608081
4015	5.01781813	5.45647152798333
4016	5.76637862	5.21229163545098
4017	1.5208314	1.31253212526667
4018	1.090361924	1.17977641958873
4019	3.36280705	3.85492159252564
4020	1.2883258	1.60754949053721
4021	0.690732628	0.911735337594715
4022	0.73357575	1.278022860435
4023	10.38164583	9.83304152329167
4024	4.30176462	4.8978935772906
4025	5.30391519	5.82460051580208
4026	3.0033788	2.09989382257607
4027	1.203797555	1.6361545057565
4028	1.431198636	1.60842174069091
4029	1.69054191	2.227635248575
4030	0.557825832	0.314074810135185
4031	1.02099508	0.851477723184483
4032	3.6524757	4.95112793525
4033	7.35234872	5.54129133935354
4034	5.65915402	6.73275152734344
4035	6.52823515	3.10527552130476
4036	8.77916597	6.29124404431532
4037	4.54709082	9.35347023026381
4038	0.701419585	0.960819810565477
4039	0.263357457	0.242932320388225
4040	8.60653015	6.33326435372685
4041	2.02734114	1.77910348258191
4042	2.4489791	2.6796296122906
4043	0.565766293	0.843816400446759
4044	5.98173569	5.92299069404472
4045	4.53876342	5.69551498361574
4046	1.55674506	1.17379404908722
4047	0.149368148	0.235399263091667
4048	0.92938258	1.53793689462917
4049	6.65525691	7.46016116077083
4050	1.433300704	1.73483398894708
4051	3.89906049	5.29056041564583
4052	10.59088082	10.3275147279667
4053	6.68137088	7.65634889435834
4054	5.90863238	7.98497345206911
4055	1.1166633	1.15473551762927
4056	10.77269314	9.21883628890196
4057	1.10431668	1.12782497230606
4058	2.92032787	3.25502525440404
4059	1.3655855	1.54260934047625
4060	1.313976876	1.30952212160762
4061	0.756202149	0.914082485255093
4062	5.29502791	5.39750391439216
4063	0.605076135	1.60651728259363
4064	1.14737063	1.25870840686752
4065	7.69458088	9.28457306477957
4066	0.632340876	0.876040322290686
4067	6.3610986	8.94877640825926
4068	1.13650964	1.10894531277838
4069	4.9298254	5.71742236214286
4070	0.871401896	1.0255284753081
4071	6.86072606	6.33424578387805
4072	4.29312258	4.28573947960185
4073	0.23355415	0.273745320697222
4074	4.86481527	6.27688297441177
4075	1.48478291	1.48643644893278
4076	2.004944586	2.78789072518604
4077	0.905765709	0.990690327220513
4078	15.3093733	15.5299408194815
4079	4.98292847	4.91532113658915
4080	2.65569761	2.39419189546952
4081	8.45206792	10.116675997375
4082	9.55570647	9.49939406194144
4083	1.12884739	1.11485478200417
4084	0.909665614	0.91602753954187
4085	8.29218197	7.76207115820614
4086	0.417483438	0.383553974071622
4087	1.63148239	1.55546060453089
4088	7.83548336	8.4937259159053
4089	0.273015164	0.286098351427351
4090	5.32722944	6.20420214312821
4091	5.97555381	7.91378975764341
4092	1.68027834	1.6184564201546
4093	2.45916498	2.80411518135859
4094	9.7572441	7.67433915688158
4095	7.86191013	8.53364617977161
4096	1.055737841	0.773309528469445
4097	2.37670961	2.82139677820952
4098	1.59658591	1.72186045230107
4099	0.79518248	0.711399887123148
4100	1.74203012	1.85774102431818
4101	3.83693257	3.88699273069167
4102	2.54030882	2.61897748083144
4103	0.413835489	0.308710044023016
4104	8.96118615	11.1000173980977
4105	1.00488484	0.853832039730303
4106	4.89720754	7.15211209894017
4107	5.93107332	9.77538640090686
4108	2.022984754	2.05036145469688
4109	2.00604955	2.19878831172518
4110	16.8294191	12.0885098628102
4111	1.152232256	1.2721261082451
4112	4.22386481	5.33906758417778
4113	6.57733823	8.83976968577143
4114	3.38614099	3.81423589008974
4115	1.089080156	0.920991120971171
4116	16.37265703	12.590654047061
4117	0.352622196	0.315092454344715
4118	7.69698743	9.44663133268279
4119	7.46037913	7.01576118962121
4120	1.173435215	1.52100469973935
4121	0.206458285	0.231133143478633
4122	1.94625256	2.77276734331081
4123	7.56808027	6.42155187542342
4124	1.44866891	1.09958422209457
4125	0.711983608	0.745049540890079
4126	7.94246635	5.61630358660101
4127	0.53255139	0.954426758174731
4128	2.07665458	3.06091784227236
4129	1.17171261	0.998318849127778
4130	2.33004411	3.60851941594624
4131	1.80174944	2.39683309230942
4132	11.41370576	7.38830333453333
4133	8.4358395	7.62308003958854
4134	0.644391142	1.00541413533904
4135	2.420064895	2.94475929058815
4136	0.255155841	0.266163503085648
4137	8.60988583	8.17953262714074
4138	1.24669558	1.17224003221487
4139	0.82550944	0.601089908186842
4140	4.85051987	5.75554698966667
4141	8.79193559	9.83410436058621
4142	0.971797674	1.01134004272851
4143	1.47274337	1.86716052240606
4144	3.12762543	3.37797468683333
4145	2.79255693	3.28205706058333
4146	2.73335994	4.03141181624324
4147	4.09463322	3.59623757201724
4148	1.623644116	1.31545946593889
4149	1.056439376	2.02346363945556
4150	0.866861211	1.11468702651306
4151	0.417703016	0.316075084045417
4152	1.354841525	3.15856568846754
4153	1.179805416	1.63975007648504
4154	5.00720217	5.12714520963063
4155	1.064893155	1.15450529227417
4156	1.86856793	1.96952225196795
4157	0.876898206	0.833440107741667
4158	5.76619556	3.87288604729167
4159	1.333173465	1.59431006129792
4160	2.22385618	2.67119274651351
4161	7.91810724	6.9782745960375
4162	4.04136237	4.89872802052778
4163	7.3054988	6.93158694279412
4164	2.65093592	2.05889547498772
4165	1.05719075	1.05849170137833
4166	10.03589916	10.3509607475797
4167	2.98987522	3.81227631133784
4168	4.30239054	5.83762737942857
4169	4.8275937	4.72145600185526
4170	3.91948458	3.92061930371429
4171	2.08237267	2.3105065173625
4172	0.91078839	0.647376662366667
4173	0.35921263	0.291160971800214
4174	5.52786074	8.7090939426
4175	5.70824894	5.93005524550428
4176	1.1567921	1.57611534557639
4177	10.805934	7.16855145344762
4178	0.325652069	0.305264885093889
4179	2.66230621	3.79815810143519
4180	0.715404544	1.05368193799524
4181	0.897407375	1.21896797745677
4182	5.01910294	3.93390386487745
4183	1.52566216	1.82486577694912
4184	1.236992654	1.37718222566272
4185	5.7269576	5.65422192534343
4186	2.80264457	3.13186046820769
4187	0.884569433	1.3967521484547
4188	5.6347225	7.49565555360684
4189	3.01901303	2.0601113253991
4190	0.41781223	0.357604986020513
4191	0.306147463	0.268888639372581
4192	7.7477442	8.41076096985648
4193	9.59940369	8.68502579099537
4194	0.332038818	0.312360973172581
4195	0.865884464	0.859370916599583
4196	1.63013083	1.30722618048434
4197	10.74728848	11.8914309758333
4198	0.682615614	1.23711549550729
4199	0.223949133	0.251855228228205
4200	6.54028433	7.42376962995417
4201	0.441022908	0.563936384189744
4202	0.240530701	0.356213711636752
4203	6.97508755	11.0360943082688
4204	0.911799304	0.994958783470588
4205	1.078406715	0.562060601637097
4206	6.32597769	2.42209037517465
4207	3.00155413	1.479587683415
4208	1.5326822	1.17042676482304
4209	1.18579537	1.23578007562054
4210	8.00986289	9.5089792201453
4211	1.160760766	1.08423495484573
4212	4.69959066	5.72195863805691
4213	4.39507317	3.26117734617857
4214	0.693255435	1.54435281672125
4215	1.87440745	1.95222784808565
4216	0.43852342	0.389996264290805
4217	15.13347585	13.9460911599431
4218	3.80195332	4.24165033988889
4219	7.67773795	5.96493107805691
4220	7.83586294	4.20468553370688
4221	2.77221296	3.12030620636111
4222	0.497208316	0.666278184838211
4223	0.767895629	0.892228272070325
4224	9.04540672	9.40352172061842
4225	0.385604008	0.377893180081373
4226	1.78376271	1.46750418355641
4227	2.5488414	2.08514314355556
4228	3.24170985	4.52665587809091
4229	0.789477194	0.907151682332883
4230	5.53102033	5.40077126719271
4231	8.0351862	8.46598421485366
4232	0.580787566	0.59713296064
4233	0.41178269	0.355670044791429
4234	2.23074021	1.67564900656034
4235	0.233298464	0.33287337453799
4236	0.88738513	0.94493686529829
4237	0.837884664	0.937774907219893
4238	3.95953266	4.10150918833426
4239	2.21459719	2.72418438720714
4240	8.73857958	12.8734917554611
4241	1.67008154	1.98047802825388
4242	1.055309734	0.837019000980081
4243	2.16485291	2.01659058147976
4244	7.30655009	9.13737218082796
4245	0.515330414	1.31325990564083
4246	0.1867716165	0.296685653531151
4247	11.66407062	8.99565578672059
4248	6.25090825	6.31346512113333
4249	8.07708896	6.4755365445125
4250	7.65124399	8.83922539144574
4251	2.24889765	2.24696542241591
4252	4.25380698	4.58311788048374
4253	10.6461015	8.96940140359722
4254	3.07698734	2.13000476499845
4255	2.6433964	4.27954246495736
4256	0.551348734	0.776271054057071
4257	10.0079009	6.18308417002193
4258	1.79549363	1.22086884896065
4259	0.75146735	0.747447799185659
4260	3.32346681	3.43202459299035
4261	0.428176492	0.558948160423959
4262	0.398639431	0.539143838052315
4263	1.15020644	1.24846362890575
4264	1.19881165	1.33022376174848
4265	1.057690795	0.905234485191667
4266	0.494489563	0.44474062544951
4267	0.760426545	0.769182605702667
4268	2.82980493	3.34494281389259
4269	0.668810615	0.933243430817778
4270	2.69052232	1.89317861436111
4271	3.70648091	5.62573976015591
4272	10.60365713	7.90771487830392
4273	6.28375366	7.53002162086559
4274	1.001209136	1.11224165144491
4275	1.61003844	1.78849367619343
4276	0.97884396	1.27416092458088
4277	9.18660739	11.5739087893
4278	0.95856938	1.11299235742193
4279	3.32224363	3.25981211211111
4280	6.37274437	8.19683322822222
4281	0.655588144	0.738127382091057
4282	15.4511391	11.4897736343667
4283	2.94522483	3.14660466667928
4284	5.02143886	8.5301365700463
4285	1.0957071	1.3414697371575
4286	0.917120215	1.01997826128467
4287	2.52508158	3.05397565745507
4288	3.00130121	3.45975949504472
4289	0.802238885	0.95188735058125
4290	0.869640635	0.880533482757619
4291	0.645159222	0.945485507950428
4292	0.56396286	1.03412362877444
4293	1.36457732	1.39578099070215
4294	1.30666437	1.596419567104
4295	0.246104472	0.269208097394286
4296	0.53091879	0.659548424480303
4297	2.82665466	2.96009514002991
4298	0.515084654	0.335515011504065
4299	0.275522682	0.290941680466667
4300	0.949923334	1.16372237510278
4301	1.7619799	1.43161207484615
4302	3.56269953	3.95969039135833
4303	5.36146504	5.98965254237984
4304	6.46069525	5.91778218785772
4305	3.16302621	3.02880086346465
4306	0.442093985	0.402647524021078
4307	4.85483852	5.13557421687281
4308	0.543627821	0.610798790580953
4309	3.97154502	3.72593036875417
4310	0.285852742	0.251896077553921
4311	6.5329772	6.91188993797083
4312	8.46840618	8.49198533537374
4313	0.62421046	0.694336924658824
4314	7.7020509	8.13195253506349
4315	20.1840501	12.9888195880556
4316	0.185288887	0.260634384742969
4317	3.02349568	2.86586238548372
4318	1.32925187	1.1756008046525
4319	4.7011362	6.44625771412857
4320	2.203514295	1.52198510564292
4321	2.11669044	1.91579090901712
4322	5.75378724	4.72608235125583
4323	0.860312449	1.08207152094032
4324	0.78868858	0.770617263206579
4325	1.04571909	1.15404290892207
4326	2.5706347	2.87154949828922
4327	3.69131034	3.75745922790894
4328	1.48301207	1.2114992902746
4329	4.34088727	3.63273232893954
4330	0.921192256	0.940669936839189
4331	0.357686569	0.563444855241441
4332	1.001307425	0.777034512209524
4333	0.254617578	0.259772785405285
4334	11.6073486	11.1825115556403
4335	1.026086285	1.77070107322792
4336	0.279499875	0.359781937571481
4337	2.88525966	4.08400891865517
4338	0.26553767	0.276879097201389
4339	4.45364764	4.11063404039189
4340	1.024682576	1.15573775652632
4341	0.62012432	0.707851660505856
4342	0.542871862	0.594839476584722
4343	0.793007585	1.27095317624512
4344	5.08531196	5.52891393972222
4345	0.143649087	0.218678788372093
4346	1.06771483	1.07760853843222
4347	0.62730276	0.751756218030702
4348	2.8087779	2.25883518563158
4349	4.15180433	4.20578591539247
4350	2.54257159	3.70044075020312
4351	1.6427561	2.66423359811429
4352	1.39353248	1.51470119557973
4353	7.54831122	8.26633433604687
4354	0.78563908	0.84481677384693
4355	1.6804208	1.73646388175657
4356	0.441636496	0.359913158899145
4357	5.28233016	5.18985010977451
4358	10.83935325	11.682077573518
4359	11.8718636	14.3362285435526
4360	4.94689556	4.83330966586842
4361	1.35102902	1.49878238925746
4362	5.43725186	5.45432579789063
4363	1.41915508	1.40458289574225
4364	0.967472056	1.11424340360365
4365	7.03540756	6.94066040229311
4366	1.93053962	1.46848419978849
4367	5.65596777	5.30787995253667
4368	1.14739165	1.04216670447579
4369	5.73070821	5.24788747701961
4370	0.188980965	0.264803928647059
4371	1.05017967	1.0387900053713
4372	1.01269666	0.886497054613333
4373	0.724383774	0.973133932178509
4374	1.53847201	1.26566094842296
4375	0.417245726	0.491571365726587
4376	8.3638538	11.4273237964231
4377	5.2852742	4.81351171037143
4378	0.703808871	0.975138247307692
4379	1.52666537	1.50522997533438
4380	2.56649326	2.78012704131481
4381	0.896902028	0.990397129686868
4382	1.077580055	1.17287687184954
4383	5.19403221	4.96160287215657
4384	0.964662779	1.21163463159106
4385	2.5965208	1.92721553656566
4386	0.340712428	0.329288112048413
4387	0.430782537	0.524487062714286
4388	8.07419613	7.47665133220721
4389	2.21718553	2.49547244358968
4390	9.65410819	9.85794747649638
4391	8.30874739	8.63004500493162
4392	0.685133783	0.897393761956667
4393	1.30489544	1.17076101645376
4394	1.80003976	1.77250223834386
4395	1.001413665	1.07313872328524
4396	1.46816779	1.36367479270048
4397	1.07723179	1.2388992119119
4398	0.2074076	0.343179348076923
4399	3.72354667	4.33593798148649
4400	0.344065561	0.324936783492572
4401	2.29097492	1.58203178975556
4402	0.89475143	1.03954244404054
4403	1.3236639	1.36086820836354
4404	12.38257192	10.8116087851183
4405	0.2103836	0.196180635810544
4406	6.57746126	6.80985305792735
4407	1.27096118	1.15424884850855
4408	0.99788186	0.882302846333721
4409	1.706518185	2.15972938308021
4410	1.119888854	1.25783616588377
4411	1.29236846	1.17798740219271
4412	1.145452394	1.30633368587209
4413	3.1333063	2.22936663866711
4414	6.90599409	7.46041981080894
4415	1.23229271	1.40091045063095
4416	3.85299105	6.43419194935555
4417	0.127457743	0.238150098440417
4418	4.10282398	4.63561238630953
4419	3.06434134	4.1469861337197
4420	1.247582	0.875484862832353
4421	6.18808648	6.25473739500407
4422	1.7965597	1.91226349440598
4423	0.924571016	1.17404907602209
4424	4.91747039	6.59827499415351
4425	0.970937776	1.15544240012742
4426	2.22407455	2.97806529719444
4427	1.21843503	1.4181025072902
4428	0.719711278	1.27937794461603
4429	0.498486266	0.401258506615238
4430	0.234128023	0.298058871349462
4431	5.78143829	7.06663913236752
4432	4.06528915	4.70148794041075
4433	0.80338664	0.84164856728913
4434	0.733032072	0.953924103765873
4435	4.41205011	5.24137044117982
4436	0.216736731	0.339881726685185
4437	0.434708532	0.30620830589386
4438	0.550733354	0.518701071461628
4439	0.585671395	0.740040701684091
4440	0.341846747	0.418836447465833
4441	0.884118191	2.26213141877928
4442	5.24379729	6.8058583902043
4443	0.99281902	1.16816514518698
4444	0.553215486	0.574078857986325
4445	0.164973514	0.291792247894828
4446	1.88203932	1.77418690216042
4447	5.69259379	6.0559898152973
4448	1.02370313	1.10906361468667
4449	0.104035796	0.25058618359504
4450	1.35916949	1.39707128650901
4451	6.12708831	5.88769490146825
4452	1.77222663	2.32687823367255
4453	3.18521094	2.04181086937407
4454	10.88426598	7.59843308655556
4455	0.464950318	0.947769081245175
4456	1.185881709	1.02886990194551
4457	4.79353587	2.68367121401667
4458	0.719793083	0.841984238033333
4459	11.72101895	13.0820177315167
4460	7.55958515	5.23860251040909
4461	0.91297881	1.29278962094
4462	4.60597096	6.17831554919231
4463	1.087399275	1.08240486513243
4464	0.59368722	0.841201217644445
4465	0.757042095	1.09232774133919
4466	0.626747228	0.928173047986111
4467	1.50071536	1.59008592831302
4468	1.538342166	0.93629968617037
4469	4.01414931	5.82793554655797
4470	0.588256063	0.622899250493694
4471	5.91948025	6.99009451190953
4472	0.640033951	0.527586042647863
4473	1.195695365	1.22842646496552
4474	8.9506565	8.12879003379167
4475	1.589354335	1.19101176813586
4476	9.28774324	7.43543469084685
4477	1.22835486	1.18839976286667
4478	0.559096911	0.651248044817046
4479	0.84020476	0.868660163175379
4480	0.152149199	0.250502172486036
4481	10.71880588	8.64941392210294
4482	0.668477462	0.871612530176191
4483	0.723038868	0.989013029415909
4484	8.9836365	8.63234324781439
4485	5.27344943	5.24595315214706
4486	7.3697928	5.78032988118519
4487	5.94679018	4.3141990865848
4488	13.42502073	9.46181105569355
4489	0.331875426	0.38575753584619
4490	1.157376242	0.945734856307658
4491	0.171064051	0.258048824260648
4492	1.07673541	0.82568363223
4493	0.229569897	0.213694774503922
4494	3.51863222	3.36142008744298
4495	0.232780618	0.231378898321528
4496	1.024265106	1.5735051403518
4497	3.37744436	4.08939160499048
4498	2.84556536	2.45182562750191
4499	5.96111122	6.79114132925
4500	1.319222055	1.60257933285043
4501	0.944701905	1.05912950144271
4502	0.391199106	0.651633008354545
4503	4.91497911	4.67958706290196
4504	7.33170081	9.22115623457619
4505	4.04867692	4.29130689820175
4506	4.64442104	2.86216373567407
4507	0.650689278	0.726181728878947
4508	0.688058805	0.878705312601852
4509	0.678963152	0.949742678296667
4510	5.61115257	6.4350626044125
4511	0.167617023	0.200880922342424
4512	1.21993477	1.35658657201857
4513	5.36283996	4.39133942343981
4514	1.15521743	2.18348680688485
4515	2.4390544	1.83635508473649
4516	12.0682635	11.1511829791417
4517	1.42555543	1.48577157143597
4518	0.95374803	1.16793169829188
4519	5.73291558	3.29184968702432
4520	6.23761095	2.99357073547374
4521	13.7399158	9.77688787484615
4522	0.776856639	0.93464901011558
4523	0.387430043	0.314164913071825
4524	0.990938694	1.16696932277523
4525	0.96329117	0.925403576443518
4526	2.82219748	3.36418814061966
4527	0.407652584	0.280679344426768
4528	0.883612575	0.918708524202381
4529	4.37383614	5.51436430525238
4530	6.51293479	5.40196488639189
4531	1.3994804	1.19753141766786
4532	6.99556225	6.11912635124167
4533	3.76812763	4.403005475
4534	0.463756257	0.659178469926852
4535	0.736907544	0.880977911439474
4536	1.73976649	1.85000522535086
4537	3.46108547	2.35891289661524
4538	1.13696674	1.11784935538441
4539	1.18101552	1.0716012093036
4540	3.81868905	3.80782904372685
4541	0.564745938	0.707124001259259
4542	12.4089226	10.0089631801239
4543	0.7807302	0.887250419487778
4544	1.92683479	1.74773688498283
4545	4.67574012	4.76825217004286
4546	0.898350424	0.996639761976829
4547	7.6356546	5.39559928415104
4548	6.1397782	6.66964689027564
4549	0.594284279	0.638493151499573
4550	0.182463071	0.215518207518496
4551	3.3298876	2.04714673368492
4552	1.52420028	1.40179527496468
4553	0.936572194	1.23405785324167
4554	0.331079155	0.300066288934009
4555	0.661102969	1.03201317737598
4556	7.01214635	6.06620539984804
4557	8.4284177	9.00770763913793
4558	5.80488786	8.63756577142342
4559	2.43526658	2.94318720950505
4560	0.269029485	0.195573031709188
4561	3.59438161	4.82207737451714
4562	2.93852428	3.06579814530864
4563	1.92856257	3.09149119507658
4564	1.22977491	1.31856168759857
4565	0.574958723	0.861895188309524
4566	1.04303998	1.02597288301833
4567	0.480577571	0.510176939812917
4568	0.588293095	0.836610502271171
4569	4.92946073	4.05663939823529
4570	0.775439116	0.84018176937735
4571	0.911661785	0.984674723023148
4572	0.248259929	0.257601795999048
4573	4.8678558	5.92077228687879
4574	2.27074135	1.81362345794872
4575	7.15938534	6.21296228052857
4576	1.088140574	1.43684654982325
4577	0.368180695	0.302319369925238
4578	0.668879491	1.52241934929823
4579	3.09177942	4.07944935969753
4580	0.662210769	0.698592407161828
4581	0.178660176	0.223182720578788
4582	1.866802194	1.81197611800286
4583	0.680693162	0.939174834052253
4584	6.52881754	5.30895845776316
4585	5.02807342	5.64621388178095
4586	0.566737675	0.808580623055172
4587	11.5912501	9.30132458509723
4588	0.301018708	0.285740716758333
4589	0.275943138	0.329337769727451
4590	5.3460018	5.32424306189922
4591	10.76413821	8.10857309375
4592	1.59690769	1.5822820059045
4593	0.495561906	0.630480530855128
4594	11.49998343	12.0273201083295
4595	1.81643362	2.12463604264755
4596	6.41671462	8.02274009643243
4597	4.73982316	4.17909507872024
4598	0.615678805	0.711303225778095
4599	6.1884804	5.18377430633333
4600	0.708750689	0.949152580382323
4601	4.64825696	6.59751213531609
4602	1.19940342	1.0823319478702
4603	4.37787211	3.50699354265278
4604	0.455184346	0.487310402179487
4605	12.3598944	10.2274231800405
4606	5.91563888	6.44644805239316
4607	4.18230958	4.24737109274242
4608	0.324150289	0.270491128401351
4609	0.1464011265	0.229479539336667
4610	3.08520756	3.08200871852632
4611	6.49414373	6.80825796216667
4612	0.827237024	0.89698327315
4613	2.21178258	2.32232171397833
4614	2.51538817	3.85690534056204
4615	0.727367021	0.906186384551333
4616	2.27919459	3.41785774251852
4617	1.16046368	1.44983671450482
4618	0.846171127	1.81277412901092
4619	9.1398841	12.0951743306053
4620	0.387186313	0.3375446514
4621	5.1532659	6.25645937657576
4622	2.97224481	1.67964381810202
4623	2.05726524	1.93432732548772
4624	6.9434459	6.05322868294907
4625	0.214115613	0.492198960263889
4626	9.9606165	12.5518026043952
4627	0.457863228	0.479866837822059
4628	1.3869766	1.52015380303621
4629	3.81322762	3.27266203863158
4630	3.16369242	3.34940498887311
4631	1.015417146	1.01212988154083
4632	2.96416642	3.79545555150926
4633	3.86153267	5.72936014505263
4634	1.71488117	1.23852766916476
4635	4.10351011	4.51891764457692
4636	0.797410636	1.09521471545114
4637	1.08260027	1.48998159159731
4638	17.941436	13.1584227582816
4639	3.92122738	2.62325205462525
4640	0.94004023	1.18038689564491
4641	1.35340488	1.9955054770561
4642	0.361030875	0.365112235715556
4643	8.27373446	9.17591360641667
4644	0.854853372	0.903293438951351
4645	1.20050034	1.07166497251407
4646	7.68657084	7.07045293286364
4647	3.20434982	3.68480036048246
4648	12.5812534	11.6946115011792
4649	5.24949634	6.37636221517094
4650	1.2606493	1.1844687590098
4651	0.73592106	0.907919041224391
4652	0.823543622	0.901389853728333
4653	1.07732581	1.05922729445648
4654	0.641060312	0.715352603881301
4655	5.17872275	4.80904281511966
4656	0.241095335	0.242188454051905
4657	0.920611496	1.14431200510556
4658	1.84824635	1.61794873147015
4659	0.571117456	1.11106549702083
4660	14.6851507	10.178627826787
4661	1.59396143	1.47107273305417
4662	5.8349222	5.76461498756897
4663	7.06338952	8.39086405190541
4664	8.31370681	8.11182871735135
4665	13.39963046	10.1819282140324
4666	0.652787478	0.887474851653659
4667	0.259393982	0.362990328825641
4668	1.76053985	1.59981459529203
4669	0.701846905	1.27548742230965
4670	9.02540756	4.63177940417222
4671	0.879350524	0.901881509948198
4672	0.777342658	0.893930986280488
4673	0.686299481	0.82169136066453
4674	0.749792341	1.25195278033578
4675	2.86245201	2.22139655307304
4676	2.93813195	3.65473594080808
4677	1.66383525	1.01128084150528
4678	4.99064538	4.54112152065812
4679	0.9278067	1.07109104500375
4680	10.2981607	9.52358335374712
4681	4.37417633	3.21553526973118
4682	1.46322718	1.30247510261204
4683	4.46501657	5.02846904010953
4684	1.69246103	1.51083165118632
4685	1.55906976	2.03529050532369
4686	2.99556667	3.3424080151982
4687	1.43807988	1.37830882019381
4688	6.22209513	7.98183360828704
4689	5.973	3.57889847667946
4690	0.670916582	0.674375065943011
4691	6.37487628	5.06975566854701
4692	6.37363342	4.50431623454792
4693	0.313971329	0.554952952055814
4694	2.66705717	3.2317779667402
4695	7.43871436	6.85344987944667
4696	0.174017337	0.207594057288964
4697	3.82515651	4.31115292729798
4698	4.30067585	4.31881947707317
4699	5.98116577	6.82539128329762
4700	3.05742729	3.76265312478922
4701	0.728074882	0.938799751458139
4702	7.25150972	7.66017412559444
4703	1.91861491	1.79772841113158
4704	1.011485164	0.939805414221032
4705	3.0525607	3.50609728578229
4706	0.841675983	0.801181821108333
4707	0.443930187	0.603243954239352
4708	1.39775814	1.01139247638889
4709	3.53975981	2.44776497266667
4710	2.99027983	3.33815967719893
4711	1.58894586	2.83823751676852
4712	0.792878016	0.939342030475203
4713	1.172056705	1.57424598188958
4714	10.0524437	9.50968946013725
4715	0.617811952	0.848880320325
4716	10.09402426	7.62454122900952
4717	0.91923609	0.975566909862917
4718	4.15222229	4.03414547305555
4719	2.51276156	1.65501711738537
4720	2.56338832	2.91556781992172
4721	0.550591662	1.1113507280716
4722	0.260780572	0.382744792091667
4723	3.22890797	3.48792481962162
4724	14.15015025	7.94270748702027
4725	0.394768993	0.584595856916288
4726	1.09693795	0.956861141233333
4727	0.687599605	0.751932102004688
4728	0.67617219	0.672541867895122
4729	0.514455411	0.689157255238889
4730	0.86097309	0.997150828168229
4731	6.13289695	7.34415601175397
4732	3.47088372	3.57069000015238
4733	0.410382866	0.359675455099048
4734	5.56767155	5.89368383942105
4735	0.392766463	0.687494231475714
4736	8.7661075	7.5957759953964
4737	3.4546387	4.05413328614815
4738	0.374889671	0.439679268928409
4739	1.440115664	1.33797826554891
4740	0.78238763	0.710331099875439
4741	2.16161117	3.37094633333839
4742	4.95218957	5.88652304815714
4743	8.75327378	4.77027504673256
4744	0.141732947	0.244023890539316
4745	6.15127617	4.37508942536111
4746	5.46258367	3.39852189326042
4747	1.47969417	1.67233523035427
4748	2.46593492	2.46314500526357
4749	6.14700109	8.29046728769167
4750	6.73204062	6.20652233221368
4751	6.37513818	6.11733823974603
4752	0.70935589	0.638357423953333
4753	0.78368218	0.856560654815812
4754	9.69730055	12.4296412063643
4755	1.77896393	2.58225859555586
4756	0.99254881	1.00097456042167
4757	1.72611066	1.48541019823143
4758	1.33782846	1.29715815337299
4759	3.14213823	4.13552418175
4760	1.12434491	1.62765923975556
4761	1.44106872	1.21411927292838
4762	2.06080537	2.05960852947863
4763	0.686203009	1.05337143389286
4764	3.005153764	2.517322119605
4765	1.76997453	1.42845739651587
4766	7.40547045	5.64151581809524
4767	3.94078274	4.46439891309314
4768	1.32479944	1.81709246393605
4769	3.4876899	3.68997360916288
4770	1.035834195	1.12127018453465
4771	6.92990213	9.23587785605392
4772	1.46303836	1.19873169204306
4773	0.91918584	1.31206264125
4774	0.612630148	0.989443244636666
4775	1.83750503	2.39325384347929
4776	0.809369186	1.39601121478333
4777	18.1599202	16.4045174030901
4778	0.97292495	1.10553973197083
4779	1.93857644	2.47615355259667
4780	1.183407	1.71115637566667
4781	8.52306487	11.6572266283558
4782	1.092231275	1.20384798994865
4783	0.757188327	0.833288028221212
4784	2.93815958	1.43589538053472
4785	0.670819067	0.851515244999074
4786	5.17008177	4.82774102390476
4787	2.85703202	2.21147235403958
4788	8.02485832	7.84474644553125
4789	0.761438289	1.03829818821098
4790	5.6492015	6.42601240848667
4791	1.00716617	1.1259189858971
4792	0.970008276	1.34727210093186
4793	1.37311319	1.1359935308688
4794	1.530186176	2.32983849278288
4795	3.08796164	3.59385438722826
4796	1.34360142	1.24349298623556
4797	1.51922591	1.77214942823232
4798	6.90946422	7.4961593683875
4799	0.160995968	0.298913087058621
4800	5.89275951	5.46759361456111
4801	1.44071745	1.19932088948919
4802	9.1294872	9.88269112768182
4803	6.88782686	8.45830419132954
4804	0.527374809	0.709701937344872
4805	3.68583509	2.57314431416863
4806	0.955665934	1.08203407660407
4807	3.20157843	4.21959018426111
4808	0.38873463	0.68956268664386
4809	2.61133606	1.86026590911786
4810	1.143576825	0.972617509258333
4811	0.929645744	1.16362891056057
4812	1.30917495	1.01156350041618
4813	4.51397242	5.05907641577027
4814	3.87080779	4.45994628827083
4815	1.90467503	1.85834886062724
4816	0.79627846	0.747352812256141
4817	0.268018704	0.24470588676348
4818	4.53351728	5.38276543323077
4819	3.75064057	3.7926358022957
4820	0.928583084	1.37352960786111
4821	0.201036587	0.245277896380556
4822	3.72734149	8.67550166984849
4823	1.160931436	1.35225805826343
4824	0.682228604	0.805308633267857
4825	4.03234661	3.88503468574324
4826	13.9831294	12.4327441518889
4827	6.50193145	6.69211192508333
4828	1.71928202	1.66201350671028
4829	1.55334822	1.7468321583925
4830	4.53021766	3.47333053799583
4831	0.845130415	0.907446004255392
4832	2.04080494	2.17052290371717
4833	2.53857894	3.39804551635859
4834	2.49243919	2.61020335030222
4835	4.90330183	6.42860291880208
4836	1.1422154	1.32366193163966
4837	6.34486465	6.22152899982778
4838	8.95606257	6.21528961835556
4839	0.342934241	0.36683761180875
4840	3.43755393	5.36099573825758
4841	1.414198056	1.26570112676535
4842	7.29269406	4.73703411463248
4843	3.60086601	3.68123594043694
4844	1.37545905	1.88473961387083
4845	0.337344765	0.258602418488426
4846	1.130923444	0.852619301054472
4847	10.77092389	7.217979306175
4848	7.063806	6.97956906881852
4849	1.5745533	1.17890824351667
4850	0.824542902	0.85462001502284
4851	1.709850624	2.63834061611667
4852	1.58478404	0.974608395241025
4853	13.60914803	11.4549530505631
4854	2.37447377	1.9945031970506
4855	6.35343214	6.67324030023119
4856	3.89747274	3.97162479602381
4857	6.32274187	7.66357646472368
4858	0.412169249	0.348144430610638
4859	5.96022372	6.37723419285586
4860	2.52875517	2.60674167553721
4861	1.322435585	1.91575332638625
4862	4.35228413	3.89991813435784
4863	0.536493101	0.544871203292929
4864	6.72812801	6.23627643590104
4865	15.04248743	12.0072816607899
4866	0.770997166	1.53163908387905
4867	5.80733729	4.07460483121667
4868	3.38207273	3.5030637026954
4869	8.81094305	10.9319154287636
4870	0.520845933	0.481013168761111
4871	2.42769482	2.44876026029254
4872	6.77575437	5.50347815250417
4873	9.26624555	9.03858446022778
4874	6.20547737	7.01967760890741
4875	4.79187241	6.32988169701282
4876	3.5209759	4.74353589622417
4877	2.05031923	1.65034022013873
4878	8.74463908	8.64600066223016
4879	0.899322716	1.04272581112579
4880	1.14227014	1.85249754746618
4881	0.823564032	1.00501506118925
4882	1.17330034	1.55771660831619
4883	3.93875847	5.10028681403901
4884	0.68573561	0.529349972252439
4885	0.262713241	0.230608924071717
4886	5.60406869	4.88110003387917
4887	12.9534353	10.2812875064273
4888	2.49120888	4.03843475926316
4889	0.485601576	0.299062444835746
4890	2.05745557	1.56209521056485
4891	1.228693516	1.30971348698167
4892	1.050811382	0.857822187528378
4893	1.111876256	1.17512917391802
4894	2.640652994	2.99912706656589
4895	0.133978711	0.246824493005702
4896	0.855023125	1.1269848315023
4897	0.457721942	0.630136231064216
4898	2.28109623	2.28513727178448
4899	1.27460623	1.20039939124429
4900	0.749457472	0.958249399475
4901	4.28123605	5.43761597694017
4902	1.105342335	0.962406499712963
4903	1.903804616	2.11952662484919
4904	0.921112785	0.915256236284685
4905	10.7049752	7.18818941348438
4906	1.47541418	1.73048653900921
4907	8.63792462	6.50595401699225
4908	0.68208914	0.601494077017117
4909	1.93861246	2.52366282081548
4910	0.994431706	0.926587877524748
4911	1.0890577	1.04434448594852
4912	3.56520067	4.05943082680729
4913	4.04299846	5.25236277478378
4914	7.07204979	8.88374118619231
4915	8.59567828	7.35280639852083
4916	0.820849345	0.908367074694907
4917	0.469500941	0.448824008131141
4918	2.77978458	4.09909882194608
4919	0.847925774	1.06457970614167
4920	0.76261487	1.01003812437207
4921	1.330724676	1.46284120670792
4922	0.974407841	0.955705018527916
4923	14.8241985	10.8329780634706
4924	0.910064426	1.05263780012154
4925	0.362131444	0.439822247086325
4926	4.86966031	4.14469841551852
4927	1.02419718	0.959552180128395
4928	0.287438815	0.269972601356566
4929	7.91529163	7.68972111225214
4930	0.64260768	0.83721721282193
4931	1.209273924	1.24323861925528
4932	0.240191314	0.319283878727619
4933	0.271331949	0.215093233514646
4934	1.07424703	1.20142604553594
4935	0.637711148	0.467185665131905
4936	1.358697536	2.1848133837412
4937	2.73590308	2.95769163134259
4938	0.921335309	0.877978706278682
4939	0.220875135	0.238189382527462
4940	1.78701839	1.31994986243964
4941	0.236400223	0.47748512021375
4942	1.33578083	1.19666223746131
4943	0.743128906	0.810916566046552
4944	1.59997518	1.01766108163966
4945	0.222993823	0.276802608085526
4946	6.64536098	8.38721170527778
4947	1.72807896	1.00959400072454
4948	2.45382614	2.44511020157677
4949	4.34566863	4.67566407445726
4950	0.39585397	0.480446638973039
4951	8.2803222	8.51892715532927
4952	0.226312979	0.233611592475833
4953	1.77791392	1.79905728152073
4954	6.51196244	5.15162273078049
4955	10.22502211	12.5620709278939
4956	0.158202746	0.260365856091886
4957	9.0494643	6.61080907337387
4958	4.32590288	4.38307657918519
4959	3.3971758	2.75206028995238
4960	9.0895812	9.0334882851
4961	7.59555805	6.57610283886992
4962	7.09487205	9.45432429801389
4963	1.021927835	1.38425403155833
4964	4.59093624	4.69009448012301
4965	0.598162674	0.981268485091146
4966	1.99816503	1.41698855025238
4967	2.37029729	1.96682290162724
4968	0.859063415	0.95697572334125
4969	1.2725067	1.30424924579462
4970	0.460905554	0.42319033417125
4971	8.41099794	8.00687311032456
4972	0.35438185	0.574411818146296
4973	0.748279856	1.038941160285
4974	4.71939843	4.89133770449479
4975	9.35445373	12.3573013333371
4976	0.856487666	0.959825063430342
4977	0.99996086	1.16979103364786
4978	0.353010155	0.451790116156863
4979	10.8445629	11.7398157143889
4980	0.641254733	0.866981978970588
4981	1.085328716	1.34944626212857
4982	8.59197082	10.1281063320805
4983	1.005119084	0.803760951014063
4984	0.813561879	1.14893472943333
4985	0.778445995	0.95319234485991
4986	2.76457284	2.61850983980488
4987	0.51524276	0.58613908531453
4988	1.70003569	1.63279604316803
4989	1.52447014	1.22168034636157
4990	2.30058693	2.30409503344324
4991	4.031839	3.31547259188492
4992	8.92671754	8.64284133154054
4993	0.91087102	1.05388058158441
4994	0.664217235	1.20461584313728
4995	0.290506837	0.56360975105
4996	7.5908499	10.7854358504398
4997	2.01909321	1.31907715831771
4998	3.20627995	2.94267279912613
4999	4.6979456	3.61316585190698
5000	7.7720545	11.2131065667576
5001	0.723415036	0.579082892750926
5002	8.97864726	8.45896489134921
5003	0.590926535	0.998732700460811
5004	1.34351225	1.80123471261094
5005	8.48095449	6.53893969572917
5006	12.20492607	7.44470991368114
5007	1.01952368	0.913164559503333
5008	0.918163525	1.16081103544056
5009	0.248375108	0.291018781367857
5010	1.69837314	1.4720237588287
5011	5.64274922	6.1899869215813
5012	5.09960698	7.62295905229166
5013	0.233384285	0.229239056767949
5014	5.57059591	11.502094669201
5015	1.31823937	1.43639413783125
5016	5.70377872	6.71816117056597
5017	0.228302655	0.284304463022149
5018	1.08143335	1.76069932797093
5019	5.10222573	7.145396252225
5020	1.25839058	1.06135762045957
5021	2.78491556	2.53254944863636
5022	1.27819621	1.33597234148889
5023	6.28072311	10.4936628087667
5024	6.88580078	6.6302083050614
5025	4.89313067	5.81091926902299
5026	1.17170588	1.08265597243114
5027	3.80912986	4.85861083126471
5028	6.58740126	7.55397354098809
5029	0.96458993	1.2180152109473
5030	0.591673192	0.420006405383772
5031	12.7958474	10.0170613982971
5032	2.29797597	2.28405029985
5033	0.603101485	0.520897917042793
5034	5.12817848	4.88810585828862
5035	1.40220974	1.76695537246333
5036	11.54581225	11.4539155042018
5037	7.28098622	10.7838980411897
5038	7.78099073	9.19219065207143
5039	1.027757199	0.929794544497436
5040	1.23828784	1.18666651121157
5041	6.72260334	8.67699389941667
5042	5.09572745	7.77387739105977
5043	7.55832414	6.17646688219658
5044	5.16673364	5.49389629662626
5045	0.19862634	0.24716103942451
5046	0.79583055	0.94760206854031
5047	1.39156182	1.06706880120095
5048	1.647043377	4.45105569293658
5049	3.94778177	4.84963814279167
5050	6.31515347	6.88386997534685
5051	5.03942885	4.99402841873738
5052	0.540359787	0.354666680136487
5053	0.942766226	0.874653255580159
5054	5.56115119	5.82879673520588
5055	0.746815593	1.15161410655657
5056	0.829806608	1.18234560522849
5057	4.07464322	6.43651226756977
5058	6.63003323	5.90321279358333
5059	1.249382906	1.46112634707364
5060	0.987068114	1.55881750308542
5061	1.1369812	0.867533648996759
5062	0.99946127	1.07659198919505
5063	4.72278197	4.74145159303741
5064	0.21235936	0.362439748869167
5065	1.033226499	1.30354431356979
5066	2.56047921	3.31624321004472
5067	4.62458903	5.70968766193243
5068	0.702836107	0.74399920273381
5069	5.88205992	5.34645406825714
5070	1.49718122	1.32686506361706
5071	1.010217656	0.926768794765657
5072	0.998283595	1.20578512312315
5073	5.82837031	6.67974166558571
5074	0.707341761	0.99138266173018
5075	7.35687702	5.19598906265625
5076	0.308228063	0.200852918906111
5077	4.46436129	3.79218413192824
5078	4.6948932	5.72658003309649
5079	2.65368028	2.10048611482778
5080	5.51956982	5.56858565779675
5081	17.0370432	16.2893546683788
5082	3.82311861	3.01075853530631
5083	5.94892823	8.88660765943104
5084	23.8527707	16.716263282037
5085	4.60725333	4.1009098880875
5086	1.73953866	2.49588749988889
5087	3.03709054	3.61352389011515
5088	0.200192681	0.290241772248518
5089	0.446289226	0.581803452743627
5090	0.72937174	0.999509723928846
5091	6.35952273	7.19129654771053
5092	0.568573202	0.596831494211789
5093	10.15746456	11.2656986212652
5094	0.811142565	0.882338347068254
5095	0.1795938	0.257046925525225
5096	14.1408685	9.87509951451429
5097	3.40417034	4.08552949303968
5098	2.37262975	1.60156824114238
5099	0.73780429	0.738638594618333
5100	0.1920635605	0.741733587326984
5101	1.63968779	1.9559052107798
5102	0.66138187	1.13712390232607
5103	0.543081981	0.90387647845045
5104	1.58886566	1.86243427014697
5105	2.75530361	4.04363915635354
5106	5.73630506	7.00864200969737
5107	0.91410588	0.929920950809402
5108	1.66428457	1.39236126382292
5109	1.148079675	1.24360383802093
5110	0.90015308	0.829365243635784
5111	0.77533147	1.49377758860175
5112	0.77875165	1.09455612923194
5113	2.56622241	2.30793236999417
5114	2.87245263	3.90690976501667
5115	0.76370422	0.783661708563954
5116	0.945631244	0.962747461409524
5117	6.07348201	5.32525325853241
5118	4.92791443	4.66701600748374
5119	0.485339866	0.425439493166667
5120	2.15000341	2.40420178188194
5121	1.409965345	1.28377909728943
5122	0.801649578	1.12399469276709
5123	9.9423819	13.8574119786838
5124	0.659862856	0.981946835675287
5125	0.60421382	1.20447199963172
5126	0.316054096	0.436874183475
5127	7.0158539	6.50038057190196
5128	3.17607237	3.067071475
5129	2.62910533	1.93009779117262
5130	5.45960778	6.7547852521963
5131	1.128931146	1.04128731463
5132	1.4221742	2.18323857532828
5133	1.58099261	1.27314292413161
5134	6.87539321	7.91556963784234
5135	0.623678121	0.815660235067037
5136	5.55864384	4.3431366464899
5137	2.94339053	1.71225245522658
5138	2.92848422	3.29976254820541
5139	7.03062564	6.97374158479457
5140	0.828534254	1.14143675630286
5141	0.2559715	0.23151066425619
5142	0.85922914	0.747192959120476
5143	0.616167785	0.803497263364815
5144	0.73031378	1.0476157293248
5145	4.41953366	5.77097594135
5146	0.653379766	0.765971508700556
5147	1.98788195	1.4986870623581
5148	0.535231708	0.415374369765833
5149	0.410751359	0.717017962270635
5150	1.38261343	1.88281824935965
5151	3.39087384	2.27209354645
5152	7.16139641	7.45744264017568
5153	0.22147923	0.229471724328646
5154	2.31834182	2.84567987515455
5155	7.73721826	10.5396857772674
5156	2.25108753	1.62503790028417
5157	6.22317525	5.93393422150439
5158	8.55159554	6.93520646636022
5159	13.519384	11.9328955803849
5160	2.90874641	3.03283811585366
5161	3.84559204	4.17432712690698
5162	0.181524502	0.257414099431532
5163	1.290824	1.22864154505504
5164	1.26235285	1.10108206784815
5165	0.93296753	1.04314885475349
5166	5.98225783	6.91281446842045
5167	0.92261451	1.3370456297186
5168	3.43352212	3.54514091882905
5169	3.59524339	3.8680422258421
5170	1.13850363	1.18073540191198
5171	4.1365155	8.0808828117625
5172	1.218151995	1.26039554740215
5173	1.16934632	1.197359983525
5174	1.43607852	0.999220426797287
5175	0.643412638	0.576710039186979
5176	8.64833038	5.39444968090253
5177	0.537927322	0.6289383394675
5178	0.773982122	1.37188770198469
5179	0.711831346	1.10463599448904
5180	2.34114713	2.17814293788208
5181	0.905775219	1.09402763333485
5182	16.2940519	16.2851274483284
5183	1.51826986	1.60950448486143
5184	2.3070582	2.27928976857009
5185	0.210599541	0.209927727264035
5186	3.34947068	2.04634286880976
5187	0.569601138	0.604456725870721
5188	4.33545896	4.25795803115385
5189	1.084358185	1.27218643291898
5190	1.28720425	1.41586391423929
5191	0.97897036	2.0856964904581
5192	4.80544428	3.78386075514409
5193	7.24773386	5.26535027675
5194	1.37889889	1.21199158054265
5195	1.81913144	1.60610388492982
5196	4.9970579	4.1761290136045
5197	6.5167991	7.378240390375
5198	0.84292127	0.75421603040381
5199	5.94870219	11.3023701135315
5200	4.0041039	4.9374975329125
5201	2.5016129	2.7208986677325
5202	1.07352661	1.41891494056545
5203	2.06803342	2.5069700875
5204	0.943504674	0.965861214559333
5205	3.47654599	4.1417344954798
5206	3.56580276	2.81812548095161
5207	4.26014232	5.46360893067241
5208	1.098605615	1.68528254719343
5209	0.980548256	1.18549507946722
5210	16.33813367	11.847978711
5211	5.26044791	6.21617523027917
5212	1.05956612	1.02900888331818
5213	0.821441604	1.05363267466842
5214	1.49660273	1.42541916415
5215	3.23569202	3.52707976915046
5216	2.59238055	3.1786232071453
5217	3.64620881	4.79800056655405
5218	1.48392836	1.63304320210326
5219	3.46293878	3.6097498387625
5220	2.63120216	2.11706734285376
5221	0.225275272	0.2066373965025
5222	8.76379089	10.7897492124809
5223	7.67981212	7.65722728090741
5224	6.21424545	6.5124164984798
5225	1.2788922	1.55260011286741
5226	1.79027014	1.81107266015581
5227	9.78212951	8.89219974109009
5228	10.7028018	8.30058610627083
5229	7.18429775	4.10246341640509
5230	0.884388416	0.850300452981395
5231	0.455167352	0.268049842595496
5232	0.561561789	0.72677254145155
5233	1.39513246	1.91059193520677
5234	2.29146891	5.8363045342875
5235	3.25928993	1.93638655754324
5236	5.76416429	6.48195282830081
5237	4.03412156	4.45412495240541
5238	3.27148575	3.64718524056018
5239	2.98966177	3.35048780542895
5240	5.94612357	4.61870175048095
5241	1.32678377	0.964537386838889
5242	7.06215085	8.15729129829365
5243	4.16619826	2.76453031831709
5244	0.977790024	1.0491991918287
5245	1.43049662	1.49585520215852
5246	1.180279716	1.16204874991263
5247	0.93929623	1.35363582165657
5248	1.50391158	1.22963988473583
5249	3.48809402	4.69108418019271
5250	0.83554374	0.813436771144762
5251	0.296296687	0.234581955383333
5252	0.406968734	0.303437539110714
5253	1.38261203	1.40615296002857
5254	0.977046636	1.376930893
5255	2.57899913	3.12943666387597
5256	4.89543193	4.394128780875
5257	1.010732716	1.3865312591496
5258	3.89952566	3.44422406613158
5259	3.87586222	2.57008728588604
5260	5.29443991	4.89437310514216
5261	1.03258321	1.05315496346061
5262	2.54998739	2.67450606336545
5263	0.810002067	0.869605095821705
5264	2.67969319	3.14637843000992
5265	10.50871348	6.23089471125521
5266	0.623595577	1.03883818147929
5267	0.957491449	1.0161400381202
5268	9.6066425	10.5374424627083
5269	0.9354864	1.19575748517897
5270	0.763339874	0.795424228826786
5271	2.0712092	1.51428692198135
5272	6.0344911	4.48178949195614
5273	0.244120263	0.321106459479825
5274	1.131466544	0.986575732194444
5275	13.0175959	11.3522357009069
5276	3.22882557	4.67442571614286
5277	1.67677442	1.89665588741396
5278	8.04001852	10.3387101969167
5279	2.17913191	2.54727423802564
5280	1.35991475	1.05516864894621
5281	1.86172975	1.99964958133846
5282	0.231409867	0.247142351584524
5283	2.74967108	3.69553779355
5284	1.82378241	1.38457911008153
5285	3.27008675	2.82422281567742
5286	6.04029517	7.85741883087931
5287	0.753090906	1.09555965929167
5288	5.28818444	4.27357205282828
5289	0.860505262	0.894053728629688
5290	3.07885055	3.0380347683037
5291	1.21696091	1.32523943066471
5292	0.369031117	0.319698431410088
5293	0.812737144	0.849586875932353
5294	10.34965466	10.8080405532344
5295	15.6782266	13.3212402502059
5296	0.196443837	0.21300258449537
5297	1.30269481	2.0373710172964
5298	4.58782584	5.97404559791442
5299	2.68241853	3.24665125435
5300	5.83144035	5.00431609948148
5301	1.11565921	1.39738805925354
5302	5.70152815	6.17143864734188
5303	4.76691055	3.28227715459596
5304	6.82408694	6.57559328292708
5305	1.19159835	1.4393017222162
5306	0.693759634	0.833272279018889
5307	0.155369019	0.302325643690476
5308	1.49610996	1.86154055249775
5309	1.46323174	1.1938792257543
5310	0.427838984	0.505090110384649
5311	3.26083404	3.00939524513333
5312	5.72876462	6.02192176934375
5313	0.98869082	1.15502889001344
5314	2.42378282	1.69830974852619
5315	0.455542583	0.479301632891177
5316	2.38604069	1.70505349678547
5317	0.96632763	1.65891051572222
5318	0.418044343	0.697731504206504
5319	1.01919968	0.847528228027143
5320	4.59584589	3.96207302423667
5321	1.596601056	2.50647656226078
5322	11.08839844	11.7286161337828
5323	0.669832716	0.703813563084167
5324	3.74764538	2.18840597706282
5325	1.19703671	1.06752833499553
5326	7.28966914	9.35607786795076
5327	2.16892925	1.91106600212838
5328	1.136173325	1.11574835078725
5329	12.15181794	9.08664144390323
5330	2.16871277	1.85417163145805
5331	0.872852422	0.809798342598529
5332	1.25550037	1.16859090923527
5333	4.58638951	8.05771575915417
5334	1.193380584	1.05843961402927
5335	1.27970577	1.22890598574651
5336	8.81429256	7.10670514323106
5337	6.14132641	5.84935945463513
5338	0.756319621	0.80388224331125
5339	1.37647677	1.25944964798833
5340	0.274835503	0.242743517888235
5341	3.17874039	2.53595861853532
5342	10.54326314	6.97667582105953
5343	8.24695614	9.16009272215278
5344	0.270956146	0.410630413143798
5345	0.8208733	0.896188468720833
5346	4.43714018	5.32400035562626
5347	0.62605744	0.78386877835303
5348	0.296830479	0.310264281207724
5349	3.68911894	4.24813187225926
5350	0.179454536	0.205862155382292
5351	1.1149274	1.1967712453
5352	5.11015935	2.50538006940404
5353	1.105858346	1.1751218609435
5354	1.57660363	1.52841603055676
5355	11.67109098	13.908438260088
5356	4.13184833	3.6667609341626
5357	15.79315287	9.16826491102604
5358	2.5174442	2.03160223739412
5359	12.41079474	13.8040142398625
5360	7.31720005	5.12080060307937
5361	1.17200853	0.94221452139359
5362	0.286834503	0.261457295517204
5363	0.657340134	0.795540685644583
5364	5.92758769	6.12083562088288
5365	2.29141666	1.18076361513871
5366	0.897959106	0.868876437734762
5367	0.842249255	1.02075838997607
5368	3.30739482	4.05253791015196
5369	15.33770317	10.9875443261222
5370	3.03530571	2.32657848795161
5371	2.16228609	1.83706786927312
5372	4.74729326	5.71276864442308
5373	0.32531871	0.21994523503141
5374	0.97360568	0.949994201907018
5375	3.30460897	3.32505911853333
5376	3.15476435	4.11750375692381
5377	13.53195697	11.335181558186
5378	2.26308717	1.55073004252157
5379	4.27283328	4.08016942074031
5380	9.76655955	8.68012649737745
5381	2.02026309	2.83859847762393
5382	7.25763632	5.07108885552941
5383	6.94269465	8.17751196385897
5384	2.9289296	3.36636669131667
5385	1.46953711	1.27886738077613
5386	1.55334089	1.4110196292651
5387	3.0414051	3.35396199307857
5388	12.6381227	14.1610502678571
5389	0.0864453615	0.23772625367881
5390	1.057258516	0.758120047860294
5391	0.770388564	1.05239938878
5392	1.42247249	1.51735607749593
5393	4.81593756	5.96807332679861
5394	4.0901141	3.15060637534459
5395	0.271470042	0.30934522840303
5396	2.15274847	3.55085636086585
5397	3.66750349	3.80553135549167
5398	8.8278981	9.3776018745625
5399	2.50888885	3.49236952139744
5400	0.906036355	0.875410477077083
5401	0.81931532	0.876958488951773
5402	1.37417224	1.21547975654737
5403	0.89244249	1.3854176269935
5404	0.886652935	0.815931655364646
5405	3.45189748	3.37363586110077
5406	1.49335668	1.46119047727323
5407	0.734742396	0.568092086527778
5408	8.53329052	11.0470572480044
5409	6.77495265	7.27889682035648
5410	0.878838665	1.11103362352056
5411	2.31671193	2.0150257612875
5412	9.70960924	10.9475366055787
5413	6.40922621	8.79752551624691
5414	0.60614976	1.00132230484786
5415	5.12609468	4.74471802980463
5416	4.44177425	5.57409304149524
5417	0.133753299	0.235510981727027
5418	0.865519289	0.818479890423189
5419	9.81721025	11.2938436561204
5420	1.75302804	1.6732793065623
5421	0.734122946	0.362636748932323
5422	0.732311994	0.770673816330342
5423	7.27062644	6.78997939392083
5424	0.646135786	1.27729227643657
5425	0.690736989	0.869108175406061
5426	0.717990175	0.984018681554386
5427	6.22758847	6.10384895395745
5428	0.9486347	1.14283620210303
5429	1.18337603	1.28656743340375
5430	3.14003574	3.14262840691892
5431	1.01806802	1.00868668537286
5432	1.04127971	1.29859632672071
5433	10.84829135	8.89691093822222
5434	5.7754212	6.14294595702688
5435	0.827756975	0.922972925390555
5436	1.174231746	1.0099138957402
5437	0.154623966	0.245240352410648
5438	0.795714524	0.970848646333333
5439	9.33184586	6.32748329955953
5440	0.540973185	0.833088008902702
5441	1.94952185	2.63196893065766
5442	1.40035346	1.44881519538333
5443	1.54489883	1.39228246391538
5444	0.252336521	0.289438642641358
5445	0.149430961	0.241786864365238
5446	2.372809	1.56568167233333
5447	1.276721916	1.44503165489274
5448	0.491128136	0.775352813263158
5449	0.789441475	0.910095632734286
5450	0.50490776	0.869263774948959
5451	5.83137912	5.83608106747083
5452	0.230390134	0.425573238011667
5453	6.22406759	5.74727676833333
5454	0.2094626	0.234382945793421
5455	16.7951723	13.3025665497829
5456	1.118092045	1.06004967902199
5457	0.584869651	0.872754139121079
5458	8.26580554	7.90816181573529
5459	0.86044688	0.979674536108081
5460	10.10563861	11.3832725288694
5461	9.53631265	6.85023892741667
5462	0.94695342	1.04401267321279
5463	1.849756555	1.65400587102407
5464	0.629967068	1.18807271556951
5465	0.752913395	0.806685809480392
5466	3.72636627	2.93349752327407
5467	0.847977516	0.837133197679524
5468	5.63767173	6.60776605897297
5469	10.4874813	8.8663567862875
5470	4.17346376	4.50199376814341
5471	2.27039369	2.93439709481373
5472	3.27873582	4.94692202855051
5473	3.36905922	3.97667815569355
5474	2.65165044	2.75687940373611
5475	6.90599199	7.90431820594048
5476	4.76450287	5.09964748629412
5477	0.264315121	0.392557222404651
5478	7.37901661	7.97845870193056
5479	0.514926271	0.286247741320732
5480	0.99520654	1.11927385358148
5481	4.43377769	4.88252864781379
5482	8.21836297	8.1194745260101
5483	6.2308837	5.58984378450813
5484	11.25413405	8.50811054846569
5485	0.77069606	0.785133531101351
5486	1.015889724	0.884297332595098
5487	0.670966226	0.879130122361742
5488	8.1235099	9.33439143997549
5489	0.882295344	1.06574573403889
5490	3.59833452	4.81118941630556
5491	0.321214985	0.857092850734524
5492	2.35056786	2.22953074963063
5493	1.065443356	0.99437338235
5494	5.48859765	5.31822598141057
5495	2.0890086	1.59602811451882
5496	6.97721796	6.01614976123148
5497	1.90469936	1.55020723293492
5498	1.61993395	1.32636942075914
5499	7.6319186	7.96181428277236
5500	12.53979261	8.92615531376344
5501	6.60546695	5.39947885765278
5502	2.4926836	2.87216369644271
5503	0.901377216	1.24017875278286
5504	0.342899487	0.410852719245122
5505	3.67834966	3.25095725038506
5506	1.70758494	3.51242908202333
5507	0.674262894	0.927699096202381
5508	1.3854523	1.33895826061719
5509	0.832822568	0.88723559857625
5510	5.97136092	5.80094865594286
5511	1.44134043	1.25182235700645
5512	1.62338567	1.43910431340488
5513	4.30470177	3.73110673298611
5514	1.35419915	1.25569632666982
5515	1.042856799	1.51060597412748
5516	0.855074754	1.09008555863519
5517	1.74047443	1.22821962337008
5518	2.74984622	3.19897911681863
5519	1.70881248	1.52079583863778
5520	6.8470361	8.45574799002381
5521	3.14697763	2.84514741744167
5522	0.502366577	0.617497570713964
5523	0.799678541	0.965298540300538
5524	0.99386775	1.06085650448077
5525	2.16876113	5.28892341311905
5526	1.0713639	1.12268443282304
5527	1.5551217	1.94265568068378
5528	0.948440625	1.47837089426892
5529	2.80047191	2.34182478271966
5530	2.94038109	3.12029191849583
5531	5.34666808	5.98356118601667
5532	1.61011521	2.06051464905439
5533	0.540634278	0.615210580744583
5534	0.261885037	0.475513076492544
5535	1.01518906	1.05714133818542
5536	1.28752843	1.73243168220214
5537	2.57070754	2.55038479614693
5538	0.254791913	0.41348075020049
5539	3.88654743	3.7428051096713
5540	2.85751409	2.43065094962963
5541	0.8621665	1.06828054315921
5542	11.67536953	13.4153943428935
5543	1.21294631	1.07292713746857
5544	20.4890885	15.8591239106626
5545	0.603276207	0.902101697798276
5546	0.713784234	0.865156179523106
5547	8.24389139	8.13335512246528
5548	1.28380777	1.14862203629892
5549	13.70918331	14.8020275389747
5550	1.51048802	1.71352424704444
5551	1.071946916	0.986222380170513
5552	0.913827185	1.11581515372054
5553	0.73907721	0.927437804771759
5554	1.55261364	3.74257893881505
5555	0.934517044	1.28904297484657
5556	1.73179279	1.47919095881496
5557	2.08895401	3.57216242552064
5558	0.917555614	1.08065791703283
5559	1.040442329	0.828410152560256
5560	0.631918959	0.846787053296569
5561	6.81293505	6.24616795444286
5562	0.999391397	1.11776460916357
5563	0.418237868	0.234672453598246
5564	0.740524758	0.815291618276137
5565	15.7993981	13.3175157881185
5566	0.501699489	0.635572132336111
5567	2.358265	2.21232559289618
5568	0.99795428	0.981941614498611
5569	2.80545144	1.90562912445407
5570	0.88728571	1.1369187779688
5571	0.976060484	1.33989375638846
5572	3.09476495	3.10403994711728
5573	0.83028076	1.20749920474524
5574	2.42379181	1.92394944958377
5575	1.52486706	1.64965893683102
5576	7.97962819	7.35335438743939
5577	0.634186246	0.86259867889596
5578	0.607616446	0.698452571562255
5579	1.169686585	1.19661443573286
5580	1.23582638	1.20418526317969
5581	1.81187773	4.13639598943625
5582	19.5917649	12.4318147807417
5583	6.84172878	4.83367699211667
5584	1.157339354	1.85221374648485
5585	4.1190853	4.43243620713597
5586	6.36719421	7.42081022373118
5587	5.9926519	4.27836435210811
5588	9.8821174	5.33021740335185
5589	5.00695847	6.14677505541453
5590	0.491070298	0.49421081682973
5591	3.75005172	3.01252360747778
5592	7.54634564	7.84748921997959
5593	1.2356212	1.15285334023527
5594	13.7520591	12.1653525257857
5595	0.499353166	0.479008078220513
5596	0.701534469	1.02187756883627
5597	0.316389199	0.201043436367045
5598	1.029467786	1.3371649883598
5599	8.24352112	7.54042981997475
5600	0.396070682	0.63466236630787
5601	6.53452199	5.7790916084798
5602	8.94816826	7.96243584138889
5603	0.606161886	0.939724346235586
5604	0.262507948	0.223098751786905
5605	1.48764455	1.83282945654701
5606	3.98060051	3.73575029679091
5607	1.124592405	1.10133202510189
5608	1.05168622	0.995731800960294
5609	0.879336809	1.39152364544186
5610	10.7626728	6.84129591517222
5611	1.76143343	2.07663855540313
5612	0.908022835	0.922435261861628
5613	0.668675434	0.953777773195833
5614	10.57824174	9.35894789749613
5615	0.710100656	0.623830235461274
5616	1.22255437	1.47974669546429
5617	1.313610354	1.64606379709106
5618	13.44678766	11.0937749421364
5619	0.280810897	0.259310521515766
5620	0.692287132	0.879156878800555
5621	1.26040915	1.03090555189657
5622	1.07196774	1.38583102360787
5623	0.84821041	1.3440202795197
5624	7.00278036	4.54590870706191
5625	0.401473138	0.260071941119017
5626	0.511095404	0.868367973836111
5627	13.17043916	8.71570517801802
5628	1.80525005	1.18587710106292
5629	0.91907325	0.991934479633333
5630	0.298545165	0.415881744675
5631	0.148935282	0.248840292702865
5632	5.02680249	5.33584796857609
5633	0.286427364	0.224586721762374
5634	2.26079807	3.38997591434849
5635	4.52001543	4.28142420069444
5636	16.7596529	7.28324658927604
5637	0.980121151	1.21516220106429
5638	1.01209035	1.07983934440889
5639	4.76661972	4.18781253702151
5640	0.993321374	0.890883412689456
5641	3.809312	4.67038652251563
5642	6.95154757	7.39104371791667
5643	0.558851356	0.465090197470513
5644	2.08266088	1.96287713029008
5645	1.28910261	2.46359861186806
5646	2.38047283	2.81072802450521
5647	2.4442751	2.39311647335
5648	7.83167987	8.60450901010215
5649	0.425785446	0.664976199730769
5650	4.65147609	5.7071450635
5651	1.136375	1.19564928270513
5652	0.659808308	0.497720748370455
5653	2.84980387	2.86002986095528
5654	2.27566243	2.51497879737745
5655	4.02906824	4.18240980353504
5656	0.313947425	0.252384281588492
5657	0.607161043	1.10476509606627
5658	3.59310673	3.13383858613018
5659	8.52758665	7.84701737187879
5660	0.350591892	0.615240461804762
5661	2.69394475	4.13361716710938
5662	11.9533398	8.45309499710465
5663	0.374944684	0.487833895551471
5664	8.33473636	8.18162773853509
5665	0.359808877	0.311484321432828
5666	1.27050247	1.13954639908385
5667	4.11826637	3.95995584385714
5668	1.28418581	1.08131623575516
5669	5.58559745	5.21609200089583
5670	6.40218035	8.00143765078571
5671	1.02284224	0.941355287413596
5672	9.86682977	9.13303024969167
5673	0.63772824	0.911023995927222
5674	1.46342898	1.9156009011201
5675	0.617974224	1.08802197650152
5676	0.327372792	0.333203363988571
5677	2.04765602	1.680961347435
5678	5.16863676	6.13889135091892
5679	0.712904206	0.9340391142
5680	8.76525704	9.5468805487069
5681	1.49159347	1.79898578546125
5682	1.70079808	2.21213750566226
5683	0.598191692	0.722438628740404
5684	1.83473052	1.34488573240991
5685	0.480378685	0.588290059816228
5686	1.21337512	1.63376562582875
5687	6.10073961	7.65954522085556
5688	1.86461823	1.961783348615
5689	7.93167761	8.67534246490404
5690	1.56681288	2.22667406745778
5691	4.80918972	3.99057537834896
5692	1.087645904	1.65882288982879
5693	1.08402178	1.14863312075772
5694	8.4901186	8.3569152459845
5695	0.71692281	1.02426497077989
5696	3.14625145	2.72207720178284
5697	0.706611298	0.924278333401282
5698	0.786730655	0.95422014040404
5699	0.376585454	0.530668386092963
5700	1.314342749	2.06532707433625
5701	6.34584054	5.07815464540278
5702	3.79059497	5.51775444270556
5703	0.833097591	0.880098466911508
5704	1.15913995	1.10142553232895
5705	1.61043033	1.22718546437323
5706	1.25322	1.53805801329798
5707	0.266462468	0.435837370674243
5708	0.71365124	0.867591545965351
5709	0.235581001	0.307760317446825
5710	0.611547109	1.03703028115958
5711	5.70476795	5.1164017884693
5712	0.981924453	0.951005878703153
5713	1.88004641	2.03849986569048
5714	1.065671055	0.928496747122807
5715	0.770661598	0.903673996372024
5716	1.23478172	1.61777418263387
5717	7.80669129	8.40663244912222
5718	2.86859934	2.68775114297917
5719	0.767865173	0.956616382495714
5720	1.240901125	1.29796386551191
5721	10.66660102	10.5242642584714
5722	3.691209	4.47217537194574
5723	0.77331114	0.908921706483333
5724	7.15267978	7.48623382874775
5725	0.7185752	0.722038742092381
5726	1.77244046	1.78217794160284
5727	1.309112065	1.05560750013182
5728	0.626904853	0.726371181032954
5729	5.42564956	5.05044368242424
5730	14.0511767	13.4866155594491
5731	4.22264445	4.83110722154938
5732	0.626055505	0.62195965585
5733	0.98699878	1.24577587668925
5734	0.216784695	0.29155826072451
5735	1.1282482	0.933487632714682
5736	12.33896669	9.30323140114142
5737	7.21303556	7.10192492431313
5738	7.05490424	8.11510944132292
5739	1.57167609	1.61002638019959
5740	4.57917702	4.86919374267544
5741	5.15691998	5.85852500380555
5742	7.01662871	7.40305370251429
5743	0.608472948	0.989897426152777
5744	8.58204994	6.39332013091026
5745	5.09362447	5.35942392804167
5746	0.545089241	0.747660916219841
5747	3.20418844	2.31037543336176
5748	0.5299369	0.416454636124479
5749	0.815898464	0.952172984929167
5750	0.349731931	0.499151332296875
5751	0.973251835	1.13112592314419
5752	0.82377795	1.05876263902222
5753	4.09263801	3.46511464145652
5754	3.57377617	4.40105932485937
5755	4.43088103	3.82932883764865
5756	0.828795976	0.925768058991667
5757	4.21082722	4.15026180219048
5758	0.960100444	0.634511975381721
5759	1.72123582	1.92240767397154
5760	3.07776638	2.42125710594213
5761	6.8888042	5.02700825656771
5762	8.34810146	7.7448272519053
5763	0.383991494	0.338602748349561
5764	1.63075774	3.06457105668871
5765	1.43578505	1.7692019006224
5766	3.94435366	3.51367844130645
5767	12.54532003	13.1421885949271
5768	0.599251985	1.09715938448903
5769	2.8211378	1.88894786995437
5770	5.54295816	4.71268304024031
5771	2.11181933	2.29463287096838
5772	1.09396414	1.3526243011381
5773	3.40030374	2.66537967848991
5774	3.32792306	3.3902829243125
5775	5.8553543	6.79129678591358
5776	0.261547689	0.256020926656579
5777	9.68186665	9.02950213781301
5778	1.87768994	2.14256463266937
5779	6.48605639	6.78349147475582
5780	1.26357915	1.37555759616032
5781	2.52735325	1.84145381028101
5782	2.39529058	2.04389837563561
5783	15.5907907	11.2925304894462
5784	1.09871251	1.22455633930784
5785	0.850294266	0.727303654850981
5786	2.19052859	1.81410115939946
5787	3.95816262	2.92138534893611
5788	5.19887415	4.54422253275714
5789	1.68351536	1.88631087768578
5790	9.07341584	10.9307105319715
5791	0.916657461	1.49534140799518
5792	9.07879901	6.80138394639286
5793	1.14947485	1.07848760226325
5794	6.63107615	7.44895021777778
5795	1.10402496	0.846827122274603
5796	0.841441385	0.823512878527928
5797	1.36034184	2.07222013307659
5798	1.077048065	1.45802797853188
5799	0.923484081	0.972641288093254
5800	2.96801375	2.00130142531806
5801	7.58197845	9.18607409804054
5802	0.58099262	0.646450643818628
5803	1.57102884	1.81579877955482
5804	9.9246072	9.80350253489189
5805	1.37225186	1.63386708118295
5806	0.266988294	0.340291670263333
5807	1.032316146	1.15683485852928
5808	0.262746127	0.404526373499524
5809	3.10185722	4.08301761426344
5810	1.18018215	1.08781084226136
5811	0.193875913	0.26196711414213
5812	5.12475094	5.97515593041667
5813	5.50716049	4.77118586693254
5814	0.256910511	0.330520137555556
5815	2.76204829	2.44952162091923
5816	1.173956814	1.14019584834035
5817	1.240192776	1.62754542118547
5818	1.4477586	1.81425753384667
5819	4.32696119	3.10996088243137
5820	1.23246939	1.2287004213463
5821	0.817227856	1.05895065410049
5822	5.23334137	6.77199920408854
5823	4.56557332	5.36923323912162
5824	0.667292637	0.991186690179268
5825	0.95725774	1.13725821067419
5826	0.227891145	0.213079809075
5827	4.47709678	4.8149496192037
5828	6.42135093	6.14281397088333
5829	1.336251096	2.21489927827143
5830	6.35789048	9.36881477430808
5831	0.687589472	0.810346986437387
5832	0.426296863	0.844286190474479
5833	1.25883376	1.27192852718667
5834	5.20199674	5.48496835141667
5835	2.07317638	1.5898149470193
5836	7.54731551	10.8313616616176
5837	0.264151685	0.289248714137387
5838	1.020729876	1.03939497121611
5839	0.699994291	1.25136987054352
5840	0.805396156	0.73597390821375
5841	9.11459802	12.5994749095538
5842	2.450550956	2.20847978532083
5843	8.66214245	8.46406559240351
5844	13.3044888	13.81418580175
5845	0.94883011	0.995492589104955
5846	1.65105281	1.21505055171979
5847	0.405643911	0.329915732267276
5848	2.4903367	2.72180531381717
5849	2.3567101	1.71505183696275
5850	1.360580195	2.03434600270143
5851	0.932740265	1.12504673228943
5852	1.71120825	2.69508116966458
5853	4.56240611	4.20587085488095
5854	4.5025916	5.31448874881349
5855	7.04278206	7.30283479045417
5856	7.19718729	7.29429580264815
5857	1.08741834	1.12916950337375
5858	1.76127967	1.31071273733381
5859	0.574373358	0.481789244022685
5860	0.65898329	0.489351984967054
5861	0.515438023	0.609992028819298
5862	0.972920684	1.17176589077297
5863	1.88664632	1.45896596124647
5864	0.94938355	1.20138335058877
5865	2.444502814	3.65705508443333
5866	1.44154818	1.07629649763438
5867	1.39121377	1.64534978882439
5868	9.19114946	10.0458678195315
5869	3.86405451	3.4166854239902
5870	6.11499011	7.53262152318519
5871	0.873872194	1.23845490296324
5872	2.78634494	2.09799089040171
5873	0.324681551	0.387072491384762
5874	1.281188375	1.27279630249845
5875	3.18232666	2.82416159577281
5876	0.8874741	1.05776978658857
5877	2.66002971	2.197508763415
5878	1.12119886	1.70886325053636
5879	3.49168815	2.88165008688333
5880	0.195450858	0.247563729038393
5881	1.44239483	1.49479671858627
5882	2.70268916	2.17726247013
5883	6.65336319	6.78461749694828
5884	2.1026407	2.33129920417829
5885	0.23364218	0.223571832672059
5886	6.64782476	5.22169885084109
5887	11.28515023	11.2638930591542
5888	1.50965788	1.56369436158611
5889	0.519859223	1.084214232035
5890	1.45094894	1.20524633030263
5891	3.80051436	3.54400126503704
5892	3.48042003	2.52565507983947
5893	9.5491652	9.30558422805555
5894	6.1780191	7.51834048560975
5895	2.22967904	3.35057823024815
5896	1.201759874	1.11910741063056
5897	8.33221184	10.1466018990426
5898	0.401210455	0.341664241805797
5899	0.28299831	0.327932603119048
5900	0.99071752	0.938514179580303
5901	12.64463286	14.9397081705156
5902	1.75738095	1.2490234839375
5903	7.74823183	3.34566722004524
5904	12.7669435	11.0742717890758
5905	4.04889683	4.32540769994445
5906	4.04547568	4.25466652597436
5907	5.8152882	6.00731620217857
5908	2.23747916	1.7342532552
5909	0.267376549	0.350175441122963
5910	0.92880166	1.0612819699125
5911	0.683573395	0.577671323541892
5912	6.14316775	6.52404820473077
5913	0.826853999	0.945823823690333
5914	8.3067839	8.56551204837143
5915	1.45819445	1.49681844855417
5916	4.28423713	3.90020633527412
5917	0.97505362	1.07830030947094
5918	6.47071004	7.59134766576786
5919	4.6346012	4.34580813829268
5920	6.7484799	6.20929128998611
5921	7.29584196	7.25673098820833
5922	2.7509045	2.23289469164646
5923	5.51989432	7.73608633819697
5924	1.28866258	1.23065619324352
5925	1.66710187	1.71255965977237
5926	2.27981398	2.11664874262448
5927	0.133094369	0.215856709198958
5928	6.3283619	9.56686260624667
5929	1.72549147	1.23985644265333
5930	0.688869806	0.698457432707895
5931	5.950635	6.66829782734722
5932	1.10047288	0.908852646539474
5933	1.04676121	0.940067114796552
5934	3.46625744	3.73610198609195
5935	0.6736342	0.870983481743519
5936	9.0332301	8.90963620275
5937	1.148757795	1.57881691432927
5938	0.89834328	1.15071697497317
5939	8.47866852	8.26309127968095
5940	6.44134033	7.24317325105159
5941	3.03771579	4.2749400591125
5942	0.896318055	0.817129637043537
5943	1.050932545	2.17747163103243
5944	0.560768975	1.10681254058684
5945	0.332507294	0.239059547882843
5946	8.36628479	8.338203495125
5947	7.63885507	9.10699515180435
5948	1.328807816	1.2131870721285
5949	4.70510427	7.17325744521212
5950	12.1121712	10.7300855474593
5951	3.72390307	2.7434944580938
5952	3.58363252	3.62272665847588
5953	0.91840317	0.96571326726619
5954	8.81160944	8.54767252361111
5955	0.937795826	0.936849901595833
5956	1.57734459	1.9665302363622
5957	2.0810506	1.86938196318205
5958	1.366673054	1.22390766509833
5959	1.76497453	1.40846652144781
5960	4.96074124	5.82124724266667
5961	10.26189434	9.23657693144444
5962	3.85470039	3.91918061833333
5963	0.455452311	0.574892227661842
5964	1.29670346	1.25034190407235
5965	7.39712206	7.98547344516667
5966	0.543498619	0.28885374588718
5967	6.76202914	6.9385767011875
5968	7.69824586	6.3950830724386
5969	8.13063637	7.99031673441667
5970	1.084901541	0.899821474684375
5971	7.765379	9.75915440080342
5972	1.199542746	0.861615671344444
5973	2.32469519	1.86688943934147
5974	5.00065228	4.73705992312917
5975	1.25042127	1.30189510289924
5976	4.50271508	5.51696976661712
5977	10.8757668	11.9581751572917
5978	0.547932587	0.651182332255376
5979	3.50660127	3.16051130128968
5980	2.87952659	2.76104872977778
5981	2.1020923	1.34882947210093
5982	14.6359753	11.2109634001263
5983	1.25131172	1.2106211251057
5984	0.855569586	0.894835483371622
5985	0.574225536	1.12895528297816
5986	0.413559764	0.264846128278509
5987	8.8877013	8.86933961359524
5988	4.22785378	4.46719121371212
5989	11.73544631	10.8736270366349
5990	1.21084047	1.27325743273462
5991	2.43531473	2.60662885123259
5992	1.551399896	1.56372126656382
5993	0.469643696	0.47455689695404
5994	0.205019165	0.309135566053704
5995	0.972063582	0.824451917038739
5996	1.76397933	2.07989233900417
5997	0.388256289	0.291436871045833
5998	2.34076447	2.05049504941057
5999	4.51380458	4.46047966541473
6000	3.34500483	4.76348060091667
6001	1.5571053	1.98327455641667
6002	1.999872734	1.24987833976741
6003	1.35103948	1.13253152041129
6004	0.957011514	1.00928672149167
6005	0.908335425	1.04799025235677
6006	11.4454798	12.5071944073849
6007	6.43964665	5.47345804431707
6008	2.6512616	3.98654193205983
6009	4.04604079	4.12025893218605
6010	0.556266562	0.670213015288542
6011	0.905680775	0.668047435860227
6012	4.05999095	3.73068802734804
6013	1.598451085	1.29216624947793
6014	10.15905927	9.64604948353659
6015	2.73587928	3.70322148626435
6016	1.27442845	2.58358598675185
6017	2.98293942	2.61560275486814
6018	1.37317077	1.12424060935775
6019	0.97094769	1.2875078706193
6020	0.345768221	0.283626456447549
6021	1.93853197	1.49706865556504
6022	7.7003872	7.27798065505667
6023	4.61893586	4.57340476591975
6024	1.101049454	1.33584126963763
6025	4.46618697	5.99253986258333
6026	0.254908153	0.316698164921212
6027	0.96665153	1.74943454174676
6028	0.666708122	1.10497451819524
6029	0.965164611	1.0218948863812
6030	0.681215046	0.758418912391441
6031	0.856671404	0.996340917107071
6032	12.84066536	11.7815886669907
6033	0.85023119	1.11877223847042
6034	4.54939285	3.03965364648504
6035	0.569310486	0.648563906063675
6036	0.631747399	0.976403080571053
6037	0.855420365	0.955412830091904
6038	7.57805435	8.65891622700427
6039	2.64413633	3.82790496219955
6040	3.52286839	3.6943261539955
6041	7.77141527	8.11356613364368
6042	6.82892602	7.39621381350397
6043	0.978157836	1.61776090665972
6044	1.44611352	1.69076997503485
6045	2.25425644	3.43010686274167
6046	0.889628703	1.62759155841754
6047	4.11818445	3.06071940000758
6048	0.497543864	0.41752030544187
6049	0.824726278	0.770915557815417
6050	0.437091291	0.385924423213566
6051	1.719059415	1.87301803899012
6052	3.7096756	3.05801398293628
6053	2.0648022	2.2186238825
6054	2.98778058	1.71486115293276
6055	7.3284419	5.88502520149479
6056	8.9424408	9.58934945529845
6057	0.924803625	0.979672300052991
6058	2.81610915	3.49800927215556
6059	0.560023775	0.536109198527222
6060	4.12759121	6.20843009298
6061	11.9624821	11.5257805440885
6062	4.35801141	5.5706527658381
6063	5.56065775	4.79414481863334
6064	1.0614332	1.09002718855875
6065	0.265459047	0.256078054231945
6066	0.99773956	1.00669744475128
6067	3.49957055	3.57910620747549
6068	3.73642917	4.3572661453913
6069	7.69516728	6.66517410961428
6070	4.98871113	5.63145738035238
6071	2.41814062	4.4432865469086
6072	1.182450161	1.23663567442315
6073	8.54009054	6.36386582712292
6074	0.718800506	0.84994754193062
6075	0.87721952	2.0170900995276
6076	1.14149684	1.09482212119828
6077	7.60118753	6.83820901973913
6078	1.41086513	1.66051096526563
6079	2.1920237	3.11795431880357
6080	9.22535359	7.58689875374797
6081	6.45600634	5.87249217959314
6082	11.62794538	12.456939605675
6083	3.25052252	4.10089874019893
6084	2.45629718	2.31903172969907
6085	0.157732914	0.185586085101603
6086	1.28759532	1.19224698380686
6087	5.81550096	7.06384899438426
6088	0.492535314	0.73336621051748
6089	1.44477889	1.34822977156991
6090	6.93640625	6.83520278745833
6091	1.76315343	1.44085209632949
6092	2.38111779	2.30456130968857
6093	9.55754785	8.94893976570556
6094	8.7552551	8.98937481181863
6095	1.29941181	1.35653767627396
6096	7.76802596	9.87803627482291
6097	1.258064086	1.29150096390578
6098	2.70183089	1.58339345825747
6099	4.6774974	5.08466924565316
6100	0.88317342	1.03082860026974
6101	1.146670536	1.16522717283291
6102	1.91326732	2.76210737904375
6103	7.53878092	8.53467469875595
6104	0.873328536	0.841241668084649
6105	0.801203734	0.775878136672685
6106	6.51296657	6.94176205520325
6107	4.62043541	4.22797267566049
6108	8.15794139	9.96517691018333
6109	2.03123558	1.92933860562857
6110	2.84686175	4.45360410001191
6111	3.35571842	4.60984450008065
6112	0.260161038	0.336322085854762
6113	8.35788613	8.6934200576632
6114	8.31235391	8.78234624682083
6115	0.922153475	1.4076445630957
6116	5.29940755	4.74002251929386
6117	1.07059478	1.56418931973056
6118	11.2626241	9.33598348384804
6119	0.263257618	0.372214353378519
6120	6.55046323	5.09162149908081
6121	6.18520692	4.58861446932813
6122	0.50360228	0.782240932569658
6123	0.59906541	1.23798956739753
6124	2.26718512	1.94752698897436
6125	2.18626979	2.74596892867593
6126	0.783541679	0.832855386100775
6127	0.33489684	1.62747814871974
6128	0.842978232	1.34564453951078
6129	8.72135929	6.66639248979524
6130	0.24739176	0.240784175049786
6131	0.94344394	0.852878476326042
6132	1.04585131	0.967784028273505
6133	3.13074849	3.6021989100193
6134	6.70128016	5.98948385191441
6135	2.49949872	2.3115162522969
6136	0.8428238	0.849511346418095
6137	2.77971191	4.01646508825238
6138	2.21921619	3.02115008933411
6139	3.45856179	3.50053784310476
6140	0.623353293	0.922234584609314
6141	1.33272642	1.40715046713167
6142	12.74032694	10.2179897272071
6143	1.47860532	2.3869434223359
6144	6.074385	5.01073766576543
6145	7.18453545	6.70548596903333
6146	0.621005237	0.549534821887619
6147	5.43064388	6.02536971931746
6148	2.49213082	1.9213039654693
6149	5.5319587	5.147878414975
6150	4.32519239	4.35755176048095
6151	2.88272564	2.71205431914912
6152	4.99242155	6.59617774849206
6153	2.7493423	2.08862372064427
6154	2.13513089	2.95776785893478
6155	4.95474979	3.94866922849487
6156	5.87144457	7.80923016507658
6157	0.272604497	0.261969981466146
6158	2.57518017	2.49595668629268
6159	0.873436876	2.1378912138464
6160	1.104002125	1.0131547109275
6161	6.15339516	7.55226892300813
6162	0.82500309	0.848663364412381
6163	3.33266269	5.02190376931482
6164	0.602806287	0.737669958122222
6165	2.21846096	2.44821223972708
6166	9.95925607	10.8065069361238
6167	1.69062153	1.51287741714762
6168	0.263956476	0.286171215147009
6169	0.460952309	0.528867351814414
6170	1.33521235	1.21033755607083
6171	5.35896894	5.01178893934896
6172	0.980188824	1.06799497817037
6173	2.83150181	2.17438560450917
6174	3.24817531	4.36944727356897
6175	2.7124302	2.62870894551667
6176	0.238106583	0.258049293734496
6177	1.7538113	1.33868123054737
6178	10.18484291	9.48876286777604
6179	1.78593607	1.37311677150812
6180	0.355649138	0.248415864005263
6181	17.58088686	12.2223475648062
6182	0.493320112	0.687367358199495
6183	0.91194073	1.00271456259731
6184	2.80600318	5.23251879308824
6185	8.1106588	8.42743819844286
6186	0.78537013	1.55939918181065
6187	1.7407791	2.23332887262222
6188	11.65170315	12.4582564116667
6189	0.9404934	0.710092090221795
6190	1.83425737	1.93819110217199
6191	6.73329764	6.85158351932955
6192	1.03099014	1.15678053615441
6193	1.24879071	1.30815159465521
6194	0.87253332	1.07290989438039
6195	6.90241199	6.99909142732018
6196	2.85932916	2.89831707899444
6197	9.21089403	9.822962351
6198	2.8630455	2.99582881922544
6199	0.483064438	0.75701261647037
6200	10.90105805	9.34024330176191
6201	1.05085271	0.959350379695045
6202	0.730394001	0.848723815137037
6203	3.29815228	4.47427329543333
6204	2.72342961	1.15320577253267
6205	6.25780234	7.35694199187255
6206	2.70899929	2.8917129005451
6207	4.7105324	3.97529161089286
6208	0.688271521	0.85510899154375
6209	0.370922056	0.809118190608081
6210	0.321190724	0.30266961524875
6211	1.85426144	2.74698663311222
6212	0.861735149	0.823805042867803
6213	0.783176914	1.06419155508
6214	1.44928609	1.76764351406277
6215	4.28899612	3.74761321565686
6216	1.024652455	0.771444482224537
6217	0.748255991	0.952081520020175
6218	0.813136081	0.872739472116667
6219	1.15030094	0.524548612611458
6220	7.26508537	8.34267628396396
6221	0.439456264	0.686546299750556
6222	0.293875153	0.512065700028049
6223	0.278078454	0.302840126728704
6224	1.40432226	1.09895397671667
6225	10.9646249	10.9317452305762
6226	1.133480179	1.85659131965741
6227	0.252981896	0.261393947408915
6228	7.27739898	8.15598446751626
6229	5.66616063	4.60156360367127
6230	1.14917591	1.21331759485972
6231	16.6099861	13.5328984328333
6232	0.592491095	1.00452134279722
6233	3.89199497	4.77132322404825
6234	0.561497255	0.776000549094074
6235	0.905358524	1.29150754406587
6236	5.45996661	6.25014170247312
6237	0.630101256	0.758828501618018
6238	1.38837163	1.57282354048333
6239	1.64532076	1.62455838594213
6240	0.573132989	0.674448550520455
6241	0.81861753	0.902967491511828
6242	2.17175109	2.54451801101157
6243	2.76932357	2.65170456277696
6244	9.74800017	6.68716021563809
6245	0.831306318	0.911260229039655
6246	1.01032873	1.17225679495931
6247	3.50368471	3.80653121964271
6248	0.890795845	0.912039290275877
6249	1.061368056	0.950857515001351
6250	3.10820585	4.2477180417125
6251	0.451362914	0.477205702851709
6252	0.99808308	0.867626576403175
6253	0.913090164	1.19665313984875
6254	13.83479259	13.4564013411884
6255	1.3243191	1.39886464586078
6256	1.11535475	1.21542185210568
6257	11.0795384	10.4286973933108
6258	2.32507078	1.67179201762735
6259	1.33169764	1.47517684913077
6260	1.25848875	0.990369466895313
6261	1.442971484	1.28330919180808
6262	7.7346023	7.33269796569583
6263	1.03089808	1.14399843458235
6264	2.533468755	2.15734608327269
6265	0.242278746	0.237786258764035
6266	3.74443731	2.44687420155376
6267	1.041828055	1.03478832412273
6268	0.90091885	0.624067606398649
6269	0.702393995	0.990203544811575
6270	0.934337484	0.983076467368889
6271	0.87221716	0.928431261430342
6272	2.34421209	2.99481496135894
6273	1.33307646	1.54576860330833
6274	11.0745939	9.93365925499123
6275	2.8456914	3.03615499359921
6276	1.629335616	1.70126083903846
6277	1.012434316	0.970893433767045
6278	0.99867836	0.765355373754584
6279	5.6971827	5.01316778171032
6280	19.5379906	14.0344914483932
6281	1.062994146	2.35880755012333
6282	3.17761158	3.42154195552083
6283	6.70178058	3.98039412611111
6284	2.22224709	1.9014921956537
6285	19.9983605	13.6835673830657
6286	2.94259312	2.30717182524573
6287	0.937513095	1.07392406925
6288	16.7671708	14.0806545814028
6289	0.84818994	0.875246657095699
6290	6.85308645	5.93261945168667
6291	2.512518724	3.02721210684278
6292	0.822101427	0.894704156444737
6293	1.8931814	3.22128023859314
6294	1.12312022	1.53056079094324
6295	3.72234085	3.73956863069643
6296	0.250385127	0.338506235612602
6297	2.69020286	3.32367540729762
6298	3.13147488	3.91489852477161
6299	5.3550008	5.62076994486905
6300	1.3134934	2.13465427846712
6301	0.78621909	1.04361188309355
6302	3.84640598	3.15067268425926
6303	6.60472146	4.9951103507
6304	4.31664776	4.17457008535294
6305	5.67707704	7.22077604993939
6306	8.98953187	10.3292278141771
6307	0.28425602	0.301915498456911
6308	1.46403656	1.31184745041818
6309	0.941260285	0.899489138836458
6310	0.40047521	0.433307985064815
6311	0.380735864	0.427988770747287
6312	0.748913062	1.12482301752817
6313	0.831461646	0.802468023075886
6314	1.21640888	1.33757185369031
6315	7.79041603	6.37370322450505
6316	6.14757473	6.89972057923958
6317	1.6103864	1.33446015773118
6318	1.29169851	1.35499860031275
6319	0.399420328	0.282034980107265
6320	1.2803923	1.55137402669687
6321	0.712018763	1.35463237644594
6322	8.65079072	5.65210560680833
6323	2.10443132	1.64282667895556
6324	5.03376002	5.64742822825807
6325	1.24634973	1.55663664923952
6326	1.48599639	1.07024697031583
6327	1.38485455	1.0851009605369
6328	6.38721023	5.55549509708292
6329	2.09710335	2.69260719853646
6330	0.73778019	1.17281568515147
6331	1.38696463	1.14997788817598
6332	4.82743565	3.9782642390463
6333	0.728305188	0.702025550388235
6334	11.9077047	9.44766094663131
6335	2.01842697	1.12900065350298
6336	11.4314269	9.97515089563063
6337	2.64213194	2.14895571342381
6338	1.157402076	1.63036468789238
6339	0.5754884	0.930647912262778
6340	2.6445394	1.77293419747735
6341	1.84263406	2.33878323079824
6342	1.42725676	1.29818734321765
6343	0.468701877	0.27338413860381
6344	1.133793365	1.12699901352735
6345	7.24227165	6.90285672965351
6346	11.41922079	10.5416152426042
6347	3.87354958	3.64019525635119
6348	1.18429296	1.07730144766202
6349	7.48154528	8.73342267516204
6350	11.37252915	11.7823965966124
6351	2.95715346	1.3418176629981
6352	0.610359938	0.826805008545679
6353	6.51102523	6.32926434625877
6354	1.237763336	1.10161496918657
6355	1.99051222	1.85014609988529
6356	2.32449309	2.50215250964535
6357	0.370446788	0.425962877028788
6358	1.144832465	2.01063591696713
6359	12.50962207	12.0358976086528
6360	3.46435709	2.58745051998496
6361	1.05118527	1.91788669830569
6362	0.501779849	0.83106565911875
6363	8.136119	8.4182750509187
6364	2.46123025	3.09394937995588
6365	1.047658809	1.66135565117222
6366	6.1859163	5.86905211164493
6367	2.72276764	2.75415915222083
6368	1.23484893	1.29906515794735
6369	0.659482844	0.795569727950556
6370	4.11936889	2.00809987121468
6371	0.844821095	0.920147759512879
6372	6.8973828	4.81174430831482
6373	3.17437879	3.84822565516667
6374	3.89587187	3.85445868316216
6375	0.459187995	0.247483794916216
6376	0.82779524	1.08791490479144
6377	0.501680766	0.7425821054625
6378	10.6267728	12.5841868973455
6379	4.25467214	5.33694487220476
6380	5.9889469	4.22217082081818
6381	5.8818642	5.70809045687619
6382	6.28381165	5.08521537276068
6383	9.09624101	9.75813406722072
6384	0.762942585	0.693199409129268
6385	0.699097181	1.64958655027731
6386	8.27819102	9.93983219241442
6387	1.27241801	1.48466481653133
6388	1.47219526	1.15272676885098
6389	5.18917535	3.6597043854303
6390	0.87704787	0.980552104573246
6391	0.95314395	1.24229361603529
6392	2.437784686	1.78305480253333
6393	5.09567805	3.7802995682
6394	0.360270062	0.257084097674145
6395	0.987733355	1.32227924335116
6396	2.22921723	2.21991709485714
6397	1.64512223	1.07608982334012
6398	0.445039032	0.320081636543902
6399	10.54523954	9.43314716187255
6400	2.82485984	3.08793328094286
6401	2.83252818	3.87336841889259
6402	3.48927227	5.10589574161519
6403	1.79691623	1.28782970993904
6404	0.908423945	0.739518477180894
6405	3.55246772	4.2392849825298
6406	5.6652291	4.63652179405128
6407	0.879772747	0.631340865014415
6408	1.035705285	0.97792663112906
6409	1.08369084	1.44507667746429
6410	1.69852512	1.80877202739825
6411	1.137773566	1.32785923373108
6412	1.69574148	1.41836925309375
6413	2.8163191	3.73305994252843
6414	3.9711203	2.0736408399474
6415	1.21106427	1.37140965275958
6416	1.40789711	1.74893468658958
6417	2.78850533	3.95365166813519
6418	5.68985055	6.8950571698
6419	9.6153212	8.90506021778829
6420	0.68799996	0.749024652028333
6421	10.3218341	10.8861628484145
6422	1.32451653	1.27791335685958
6423	6.821091	3.68409342097162
6424	1.121081816	0.841335683781944
6425	1.55558528	1.06265828122393
6426	1.72728121	1.73923712229238
6427	2.86506422	2.69809308769583
6428	2.7522076	2.99276424814167
6429	0.92344446	1.08881922159295
6430	1.975691186	1.85101469763246
6431	5.3029694	4.21697781293254
6432	1.61603618	1.3686358983141
6433	10.51984874	10.7952622578
6434	0.240261042	0.337282392925214
6435	1.1183447	0.94062407619125
6436	1.003120384	1.05433779552708
6437	1.40451623	1.27449458173984
6438	1.292899256	1.43069645296569
6439	7.38863877	6.28536539276191
6440	0.206962366	0.220848241267763
6441	0.826210079	1.43950129899188
6442	1.04950025	1.41482448795054
6443	11.47518635	8.92178614846191
6444	2.50464512	2.69084386952833
6445	0.363539376	0.261234722550676
6446	1.13880068	1.05473737001018
6447	1.048055869	1.4630375156299
6448	2.48842058	3.39930927057632
6449	1.11629618	1.14372873106552
6450	0.384029957	0.295394875962143
6451	0.490514188	0.765800341519369
6452	3.74039604	5.14226761838034
6453	0.262275903	0.274344189707738
6454	0.1637818	0.185653898583333
6455	7.3571936	7.33874944964035
6456	3.28659733	3.35863580074286
6457	14.27907527	8.55506354049613
6458	2.4971974	5.34279021535586
6459	1.12105526	1.53900603134363
6460	1.31643542	1.23007915775521
6461	0.761287749	0.791271247146581
6462	3.03223262	3.77826193647863
6463	3.92785199	5.46824840314035
6464	1.177108925	1.33735618935947
6465	1.51609085	1.59626418004253
6466	9.70312266	6.63316886581905
6467	3.18793999	3.87775031169355
6468	4.82146485	6.08919246542248
6469	0.17369389	0.252132771504386
6470	3.13710169	4.57002375922685
6471	5.57467646	8.3850108325125
6472	3.73208544	3.24446681401744
6473	1.025124236	1.05160652184952
6474	5.12060961	4.52325314734857
6475	5.78738494	5.12723726947059
6476	6.98417995	6.67843137325269
6477	1.29466252	1.57934788831709
6478	0.148278936	0.269752990987745
6479	1.12838961	1.55185853977796
6480	4.09699108	3.24945423161111
6481	0.960946235	0.883027371182114
6482	3.41589833	4.04155248005128
6483	1.04033803	0.960284814563889
6484	1.104331575	1.15516601951623
6485	0.354747742	0.280710318353378
6486	0.679669865	0.829238064125676
6487	0.589405491	0.468286126590476
6488	0.611240755	0.620681909535119
6489	1.05796215	0.86425234200914
6490	4.12030909	3.3057584847875
6491	0.780671445	0.741810755125
6492	0.356453812	0.447405007835784
6493	0.346336486	0.175178264877407
6494	5.29242056	5.6396225662125
6495	0.362750071	0.523239565522222
6496	3.12277835	3.15182269253153
6497	1.76700307	1.33814157352824
6498	12.5523241	9.64452449333854
6499	0.999409905	1.19077975798101
6500	0.312385478	0.317025915600953
6501	9.59809855	10.3125989135
6502	8.32634509	7.30078602292593
6503	2.20079398	2.81742273051157
6504	0.617718685	0.785373885749145
6505	0.899023899	0.841690992314286
6506	10.77564533	7.94981705107812
6507	4.52855847	4.59685709351449
6508	0.97045785	0.840839534332955
6509	7.96279864	9.71136022897748
6510	4.24592396	4.70022422236937
6511	1.524191646	1.56341494112576
6512	0.76172601	0.919790120187879
6513	0.282291612	0.387410032034343
6514	2.86955437	3.33818238275463
6515	7.42588282	8.00493200275676
6516	2.824358194	2.23591636018148
6517	0.463582695	0.816086134394907
6518	4.14165649	4.8956601798963
6519	0.750053995	0.81129796947402
6520	0.963475018	1.02131168425038
6521	4.73180626	3.45113244255
6522	6.25457903	7.39428759843627
6523	1.514335126	2.17391466954785
6524	0.89349709	1.25259117557807
6525	7.57681454	8.22369784853419
6526	11.77466081	11.598869822
6527	1.94103046	2.30978116281402
6528	4.441247	5.35615458106019
6529	0.326676199	0.447826541187619
6530	1.796435496	1.6112534915482
6531	9.71079187	8.74507857212083
6532	3.47713124	3.22162008306209
6533	0.83533214	1.2496554912373
6534	0.92246689	0.992084074341667
6535	0.486709688	0.684140712714647
6536	6.28815644	6.2420454982451
6537	1.52163587	1.53232176443772
6538	8.7603575	5.83036897786781
6539	11.2127248	13.0192240491167
6540	0.853172691	0.844599756242636
6541	1.12336923	1.25371827742059
6542	8.96526528	7.31300848660556
6543	3.88217282	4.13800001037037
6544	0.272574666	0.346975667987143
6545	15.1744003	9.7336592648
6546	4.87160854	5.68434909069355
6547	6.77948252	6.6096398150812
6548	2.76785831	2.37177334024583
6549	7.1770012	6.7266085127353
6550	0.25051423	0.345542716539912
6551	18.7238845	17.4696641236548
6552	0.623502376	0.7524469940875
6553	2.3152702	1.88927264023241
6554	1.09155675	1.69882705557292
6555	9.34276175	9.83306409084408
6556	2.45120174	2.54511540057222
6557	0.424729478	0.567354795091975
6558	2.61152845	4.18477333367677
6559	8.10682488	10.535749791375
6560	1.49388181	1.06332823943417
6561	2.83627607	3.33793398216228
6562	9.87421746	11.3321405333434
6563	1.50738536	1.51963274844402
6564	3.4887282	4.87228509777941
6565	4.47259815	6.81947597137376
6566	0.210719685	0.26127042002961
6567	0.602707576	0.74428193716092
6568	3.50784256	3.56119549644111
6569	1.20258938	1.39102973640658
6570	3.47748866	2.41180912505324
6571	2.65552187	4.30469113223643
6572	2.69819531	2.97889629042391
6573	0.65100934	0.676188107689899
6574	15.0418776	11.208396070406
6575	4.90410038	7.24793506975
6576	3.07842755	3.79961189959828
6577	1.488899294	0.893759240100505
6578	1.27358523	1.32758922454048
6579	7.28616917	6.81508374014912
6580	0.792440405	0.728560674472917
6581	10.31660686	8.39209157957265
6582	1.86054138	2.27747728521628
6583	15.0885403	13.5784742802833
6584	1.111402536	2.30168570134496
6585	1.04701604	1.13386247726228
6586	1.33249697	1.30198003895351
6587	0.490216043	0.406384602184259
6588	0.812165165	1.24398166316581
6589	7.97757439	7.55625352343243
6590	5.05128593	3.8370043598254
6591	0.644210794	1.10774066084417
6592	1.57811248	2.17751364659491
6593	0.282892845	0.226390953628186
6594	1.99764002	1.85240578663333
6595	0.819821596	0.94011302097973
6596	0.689924364	0.898782756297222
6597	1.48905158	1.19470667426615
6598	1.52794664	1.42057544061532
6599	2.90953452	3.07632823186508
6600	9.12324855	7.12993297020968
6601	5.30981094	4.76380935177097
6602	1.407921276	1.68031366996133
6603	5.58603443	7.70506837932812
6604	3.3324312	4.41178754086232
6605	0.53966109	0.925321705251515
6606	1.25574492	0.824433557281532
6607	0.868566704	0.721187027070833
6608	0.274332021	0.302023520969792
6609	1.391143596	2.93028897239293
6610	2.21451307	2.05375699053417
6611	3.54011628	3.58185894601163
6612	13.64917732	10.442442000821
6613	0.717041316	0.726796741260965
6614	1.75451757	4.21069236965385
6615	0.405277333	0.288969498703922
6616	5.08451936	5.09973346548387
6617	1.34688025	0.939198185515041
6618	0.266769095	0.279854785426577
6619	0.498130084	0.440279325545455
6620	0.884721961	0.919816515425521
6621	0.601857314	1.00215107792137
6622	2.20640782	1.79439851256619
6623	2.06683866	2.04994424707813
6624	8.5763299	8.20215055428572
6625	7.38037583	6.04445558052564
6626	1.26380529	1.62300429108519
6627	8.35566827	9.45705250295313
6628	1.12369316	1.24705171640766
6629	1.67426171	1.54542092141406
6630	1.05710481	1.09686953154915
6631	3.76067384	5.23703103060526
6632	3.82478299	3.03545587022838
6633	17.0870018	10.3040751621589
6634	1.042144801	1.1759019759912
6635	0.911519821	0.967497835613889
6636	10.3764911	11.2098182560278
6637	7.71944866	9.93175570199621
6638	1.049514274	0.943980997579675
6639	6.61926813	5.01138249740444
6640	10.8016289	10.6745630333817
6641	14.2728899	11.4592861041389
6642	8.78188265	9.68518357729924
6643	0.676803654	0.848041216808974
6644	0.747672145	1.07100901028504
6645	12.26776604	7.86151228845926
6646	1.25205214	1.09144180682411
6647	3.33113841	3.24110769250463
6648	0.632016144	0.920891593539189
6649	0.179365538	0.30203551501381
6650	0.904363545	0.871346756034921
6651	11.31820675	13.0317106588171
6652	16.4813714	11.1936688760694
6653	0.442055282	0.590225742731915
6654	3.46492889	3.91794489567778
6655	0.70315403	0.934762470571053
6656	1.01852252	1.32526233988011
6657	0.77543676	0.951120257434166
6658	6.99601968	6.63646497193333
6659	9.21385069	9.87911976226667
6660	2.41704562	3.12816334346754
6661	5.8195154	5.26575430358772
6662	7.50505182	7.59732276780092
6663	1.428267296	1.93638573415625
6664	8.76478664	10.4326124738939
6665	8.04760132	6.93014666982197
6666	0.778189147	1.10080690029833
6667	1.57094174	1.04385402990606
6668	4.98820673	4.99886504759829
6669	1.63883226	1.63363996978726
6670	0.738579977	0.939035811385586
6671	0.726736402	0.893324814324359
6672	0.926141445	1.12340942615482
6673	0.91891035	1.17185564173208
6674	3.71581806	1.98638516001863
6675	0.980456795	1.00582109853261
6676	1.053133516	1.39130044965789
6677	0.69039797	0.468334432267204
6678	0.885206088	1.17670469588504
6679	1.97394893	2.17889265233148
6680	7.0478	8.40325254418605
6681	2.57666298	3.00994490443982
6682	0.703018629	0.899138111383333
6683	9.76628587	8.91732744410119
6684	12.35648946	10.9021183435833
6685	0.77407653	0.942600359935556
6686	1.06963755	1.24838969884189
6687	0.797727095	1.79385571633333
6688	0.98271486	0.890485794445715
6689	0.266433508	0.238754279952381
6690	3.71625682	5.65162747166538
6691	9.6949625	11.2204253960833
6692	3.4014385	2.8353470057874
6693	5.33638205	6.38006131603603
6694	1.018517146	0.90342989909537
6695	1.45239792	1.3586857661
6696	4.32688375	3.94593378563131
6697	0.536218156	0.600135227979293
6698	0.253190981	0.279953438978646
6699	1.0006616	1.19997167582658
6700	0.935984683	1.50078872478714
6701	0.96997517	1.05867027187571
6702	5.63552355	3.90719464832723
6703	0.665533122	0.648198696139063
6704	5.9095453	6.77886027706771
6705	5.81776506	4.35411970782432
6706	0.28411461	0.319767368823438
6707	1.148632306	1.22589716381263
6708	3.62440513	3.57826045085417
6709	1.07928968	1.60526372379825
6710	2.94350651	1.89749414747642
6711	10.95189118	10.2103750324529
6712	2.32364844	2.03328414093178
6713	1.41886332	1.44815975399079
6714	5.56467903	7.40463757266667
6715	9.57432778	10.6232601929762
6716	1.506737426	1.42189529518547
6717	2.00220308	1.59093756108289
6718	7.62971743	8.92952247951429
6719	4.9287931	6.02733307752451
6720	0.716912092	0.469443415004301
6721	1.53044802	1.51961032323726
6722	1.25598532	1.29924601184167
6723	0.845933676	1.174377961845
6724	1.82705539	1.89494684910753
6725	1.323062284	1.30166541129875
6726	1.352487367	2.01389626389885
6727	0.607482482	1.00016794858131
6728	1.58666015	1.29595283096237
6729	6.3116766	6.57768492962593
6730	0.1028681855	0.243659841391042
6731	11.10777298	7.83794602239035
6732	1.17308578	1.34425979508088
6733	16.31086466	15.1528036023391
6734	3.50654847	2.54722930308333
6735	5.52244591	6.09732369183772
6736	9.22260705	10.1364729341857
6737	1.09769461	1.18097573069259
6738	3.63911156	4.10313396779279
6739	0.395715985	0.216197416094828
6740	1.76810243	2.14229067179845
6741	5.45677338	3.67691475810784
6742	6.19968674	6.17203837078431
6743	12.13520817	9.86907236117157
6744	2.09853958	2.68404314475252
6745	1.090362955	1.31871046640287
6746	2.72951475	2.55427375996026
6747	5.34464019	4.23929246465909
6748	1.23580397	1.21824187866579
6749	0.461078837	0.687639920083796
6750	9.19364519	9.346257916125
6751	0.406528817	0.34091557329
6752	3.47697194	2.53736107639706
6753	0.94511779	1.28243656110357
6754	1.12921466	1.26924509135795
6755	3.13257602	2.67465098769271
6756	3.27778516	4.24167549070202
6757	3.17229703	2.68682535538649
6758	1.41581778	1.31662717839792
6759	4.86571619	3.84799351340104
6760	1.04634812	1.04231374543371
6761	0.162356662	0.22937684755935
6762	1.53817769	1.08868360304769
6763	4.76365681	3.79740470165171
6764	7.44799444	8.47008970246111
6765	0.764524644	0.662161420545588
6766	11.48026536	11.9571464526496
6767	13.628388	10.9086884985946
6768	1.2623526	1.19570291906183
6769	0.779271564	0.915617014201111
6770	0.96798661	1.20209654381225
6771	0.809584066	0.817337139449646
6772	2.01383212	2.24911314053913
6773	9.54951367	11.5087716926403
6774	6.62966618	6.79813429398959
6775	3.79191579	5.32893853072043
6776	2.67322399	2.4542462341125
6777	1.73154211	2.3433046356175
6778	3.04395502	3.83119958798246
6779	6.72242315	7.87520327905128
6780	0.994362496	1.52695598950833
6781	0.72004124	0.89490299366875
6782	2.30300437	1.722718331775
6783	4.85889754	4.86476620010684
6784	2.946519	2.61962126441667
6785	14.47974617	12.8156475000806
6786	1.00839867	0.893655407567982
6787	0.948209206	1.05321591439564
6788	0.72487989	1.12686103856581
6789	0.527974379	0.581799647795833
6790	3.20134509	3.05810369168421
6791	0.6220554	1.20589154429875
6792	3.1078022	1.9633504139443
6793	2.36332431	2.10212951617393
6794	0.915823334	0.823396279008333
6795	1.1933991	1.37192747194685
6796	4.07116973	4.48607013369841
6797	3.12652202	3.57125317085
6798	0.632249775	0.712865234797917
6799	17.9538307	11.3920508372344
6800	3.04717656	1.59637094321571
6801	1.39981518	1.03443579095667
6802	7.383471	9.17837448979032
6803	3.27124768	4.11930987982927
6804	0.318728346	0.296102894026667
6805	6.98137676	9.17392402750952
6806	5.8723077	6.67257081253535
6807	3.91545831	3.86353564432906
6808	1.031626586	1.32545920224524
6809	0.98467613	0.885766572382829
6810	11.5904866	13.2158716268464
6811	2.47292624	2.58019879074035
6812	1.429830124	1.02789545081261
6813	0.759911634	0.898476178155556
6814	2.820462485	3.40221229856302
6815	2.44891208	3.16851265983761
6816	4.57705338	5.17907006616111
6817	1.358641795	1.29517060660774
6818	1.23022139	0.981039242112626
6819	1.82153039	1.29432046173759
6820	0.169119058	0.272414828677632
6821	2.87138329	1.83576526293081
6822	1.71339284	1.66098140186771
6823	6.1847266	5.37175586637209
6824	1.65718776	1.87519223512117
6825	4.15452008	5.91570383536765
6826	1.4028219	1.11726553342297
6827	1.69557664	1.42853744111127
6828	0.407305993	0.335170309295175
6829	5.20237044	5.88923802842276
6830	8.80219014	6.7649532816
6831	7.93403771	9.23219199932051
6832	1.9931516	1.16072891729035
6833	1.164076575	1.30489541955947
6834	2.04735419	3.01054044408492
6835	1.06398009	0.997458552030864
6836	5.07809871	7.44781144943104
6837	0.974590034	1.25789175957407
6838	0.870222984	1.11374533845048
6839	5.28134357	4.33114364236957
6840	21.0427034	17.4655408174697
6841	0.587893895	0.786335487109829
6842	1.017235019	1.31545109573905
6843	0.655120697	0.762226996217816
6844	3.70629171	4.12878815063172
6845	0.323829121	0.7834175196875
6846	0.524388985	0.504101501965104
6847	0.617953536	1.01618249075225
6848	8.42878624	8.25529172150505
6849	9.51050355	8.62186062079487
6850	0.929917529	1.12550558396302
6851	0.768221138	0.986961624553922
6852	4.81380177	4.24399353200834
6853	7.46229642	7.51735099537121
6854	2.75858688	3.74628937331667
6855	1.97470551	2.74170216131667
6856	1.95691274	1.40614594183843
6857	3.56012481	5.97026641829458
6858	4.568008	3.46402174941919
6859	3.26209339	2.23379971159737
6860	10.31307556	9.93589043028095
6861	5.51005177	4.46051542063726
6862	5.64872122	5.73584421589524
6863	2.83507858	2.32944341969333
6864	2.64955592	2.2188247377973
6865	2.94891612	3.11145021181979
6866	0.471735062	0.377008882367521
6867	0.424307521	0.712643829676471
6868	2.74591104	2.92868318246667
6869	5.12790569	6.43436394074786
6870	3.31710574	3.32955624515278
6871	1.59276274	1.38378779222762
6872	1.374196	1.85677028917143
6873	10.05653365	9.21444937419048
6874	8.58529819	11.0017556228288
6875	0.381107015	0.295619070186667
6876	4.75992967	4.6324330388964
6877	1.88568315	6.85618407418018
6878	1.308526546	1.34042363819915
6879	5.30901362	6.37138208350397
6880	6.5758376	5.52863684390079
6881	1.2709483	2.23659638650946
6882	0.319275867	0.54975698987735
6883	1.014607075	1.02879470287368
6884	0.96627421	0.884080294301802
6885	0.799277619	1.07876945548476
6886	0.138051113	0.18958383538018
6887	12.47543624	9.51565140550438
6888	0.428246832	0.733881892255702
6889	5.08090015	7.73908324498718
6890	6.033487	6.17693342446847
6891	1.27122749	1.74165074144444
6892	2.45086935	2.61075018926071
6893	1.06539541	1.14319678670857
6894	1.592555339	2.28723317616447
6895	0.671586156	0.695427704623077
6896	0.76260175	0.802349427986111
6897	4.87977614	4.61129916518982
6898	6.48923393	6.68103755194318
6899	5.06522083	2.33033050994445
6900	4.41664208	5.21924798407084
6901	5.2071703	6.75252717370476
6902	2.86793316	3.16350343797701
6903	0.80790973	0.923614237652991
6904	1.112264675	0.920159980363008
6905	2.15353706	2.03295783750189
6906	0.194060504	0.231108799851724
6907	15.9413404	15.9773334404762
6908	0.886408934	0.90170557640614
6909	3.31790205	2.64046729821053
6910	0.856672157	0.838980899158621
6911	1.49505552	1.7054234664338
6912	1.06894093	1.19704570046577
6913	1.008652356	1.19006516770119
6914	1.30039486	1.49143133336795
6915	0.46244308	0.621005725334234
6916	1.61558751	2.18082720928378
6917	4.41115426	4.92276528885784
6918	1.000023474	1.22113578532117
6919	0.784084654	0.927347798222381
6920	0.95845033	0.89245015330641
6921	6.5725214	4.72213646492593
6922	3.77102304	5.31115199164286
6923	1.303910784	1.4652491336075
6924	0.20472174	0.24600461353018
6925	1.4228174	1.54321159062519
6926	1.446186055	3.51212804395439
6927	0.575739091	0.525117017855039
6928	1.122324485	1.30872839956354
6929	12.22277081	11.7483912342103
6930	7.32821182	7.63245761541379
6931	0.96105895	0.97308478459356
6932	1.18908929	1.12773704260163
6933	0.201762802	0.215308263306897
6934	5.46970201	9.71867890704839
6935	7.01655634	8.43601659571078
6936	17.17211709	9.40382801741146
6937	0.654116526	0.757400310093411
6938	15.8355248	12.5629359845538
6939	4.18652748	4.49170777071759
6940	6.70705191	7.23954332814762
6941	5.21410783	4.66600510538506
6942	7.03738945	7.30584128570988
6943	3.26696437	3.71557339546717
6944	0.82801018	0.960290610166092
6945	0.650925175	0.508414451403153
6946	1.52572106	1.89350796522143
6947	6.7393692	7.32882579327236
6948	0.448297932	0.357473842745935
6949	3.99313676	4.43286311570588
6950	0.293152023	0.318853425338288
6951	4.76753759	3.50614393080303
6952	3.99686733	3.5973530958547
6953	3.17460318	2.8354493558718
6954	1.25321412	0.918018149787619
6955	5.80368803	6.34365077141441
6956	1.038378454	1.2365319633681
6957	8.01847736	7.4178707716
6958	0.286722908	0.367937224983334
6959	0.949421426	1.29707185973333
6960	0.694017469	0.553887502828682
6961	3.2812673	4.22363563150794
6962	3.87460317	4.63165315798198
6963	3.98785912	4.25402374498837
6964	5.90889769	6.54521290906191
6965	2.96831784	2.96743833371458
6966	1.63929573	1.32111799213869
6967	3.28899575	3.47028323963889
6968	2.93494998	3.51675015562522
6969	9.89783191	8.54494658512121
6970	1.17099555	1.16421638017805
6971	5.29641587	6.24442032586191
6972	12.0916334	12.7166600930741
6973	0.846908476	0.865645355671622
6974	0.274407823	0.252675095846396
6975	1.29331507	1.49591612572149
6976	1.86877327	1.58383718676444
6977	1.022663821	1.16369016713287
6978	1.05158782	1.36791382286905
6979	1.33031075	1.4706001958406
6980	5.28411532	5.56504331141892
6981	4.17859109	4.8151362755
6982	0.758482225	1.01874111134857
6983	4.25779145	2.81473662088739
6984	5.71230756	6.98419645278379
6985	12.2154354	9.3065635584902
6986	1.64869908	1.59460402337402
6987	12.29036664	9.38705876654286
6988	8.33164423	7.28375546647778
6989	0.238413811	0.248495713777525
6990	1.75128528	1.8618026194114
6991	0.93802572	1.12169063563821
6992	0.865489636	1.08899171422607
6993	11.0153569	10.8553672319167
6994	12.12727871	8.00124368214634
6995	3.6396435	3.65591844231081
6996	2.880406292	3.06498600570947
6997	0.724613594	0.809823559052439
6998	1.08001585	1.26623572284649
6999	0.825753268	1.03214930067536
7000	0.609202326	0.815772219719445
7001	5.32004806	5.69037410535227
7002	0.991009594	1.24041603602821
7003	6.2365691	7.13870017047024
7004	7.60795687	8.39809274577778
7005	1.732905806	2.07428908195285
7006	5.55680308	5.43263205717982
7007	4.67511677	5.70332406327917
7008	0.827548093	0.837365776081579
7009	0.99760066	1.03561891108762
7010	7.39680135	5.95247147473958
7011	0.876141394	0.882409023670952
7012	3.87291225	3.09428973487745
7013	3.74276946	4.48721019325
7014	0.754787704	1.19112000986322
7015	8.5082103	8.0979843189188
7016	0.579485466	1.31116165213056
7017	2.32622944	2.34462474176018
7018	10.31266146	12.6399691714878
7019	3.6260964	4.29351008815152
7020	1.82385355	1.89213087072969
7021	1.4183413	1.01108387960444
7022	0.939897844	1.29777455272703
7023	0.545177786	0.638413179160101
7024	0.878791302	1.37224318468226
7025	1.08748953	1.29970726162656
7026	3.25744117	3.49890307011398
7027	3.94723976	3.98550281632246
7028	0.89005097	1.23947360734306
7029	3.74253331	3.77042813700451
7030	0.401302622	0.395480960967157
7031	4.7850392	5.5414988220625
7032	3.64898434	4.7714235339495
7033	0.879664576	1.27916747537167
7034	1.63543402	1.7918579282181
7035	4.62144565	4.06691123531404
7036	10.25909591	8.46293170419512
7037	5.33834418	6.320148584875
7038	3.17936087	3.08576355915833
7039	10.02650846	7.80601663851852
7040	8.88083028	7.49344490340244
7041	1.072774195	1.06029203578551
7042	4.40729254	3.73961778407317
7043	8.7833638	6.54978502384804
7044	4.15595716	5.55256836835
7045	1.81830529	1.57778460911424
7046	0.805633536	0.948961133227236
7047	0.349402316	1.35484197049878
7048	0.660434405	0.743121530157292
7049	0.32502689	0.260628437374225
7050	2.18334505	2.84614263864167
7051	9.56006524	8.41249432688272
7052	0.907877864	0.703464031401551
7053	4.85334416	5.45438554171569
7054	3.2559756	3.38248845865926
7055	0.653820655	0.943143817360417
7056	4.52978652	6.09964294350877
7057	8.05617927	8.24316307706989
7058	0.160274056	0.230121487163333
7059	1.999279264	1.37644574425708
7060	1.20541369	2.19823720367958
7061	5.76173805	5.75333947300926
7062	6.44178818	6.766305194
7063	10.47363057	5.94643076042544
7064	1.04366852	1.13455061886007
7065	4.12202463	4.48681213012255
7066	3.69179233	3.92793266520721
7067	0.994944976	1.00404389509111
7068	5.48105787	5.32174624645556
7069	1.6743228	1.61264119709234
7070	1.090649841	1.18308722801208
7071	0.197594988	0.23932232880098
7072	7.12875495	6.36633313681884
7073	3.06857678	3.94317238543056
7074	0.516428203	0.545582394647863
7075	0.961759635	1.34004123074188
7076	0.494723977	0.447301771842857
7077	1.30681148	1.10895734385541
7078	8.40237113	10.6795408093382
7079	2.67199242	3.34683975268229
7080	0.857681414	0.997695350345238
7081	1.113931784	1.85843562286357
7082	0.464284404	0.392085608079762
7083	4.92833398	4.01954082550271
7084	3.57254242	4.8930918545625
7085	7.99850085	9.55661211693056
7086	3.83931346	4.55419315651042
7087	2.97771839	9.26957938683252
7088	0.973488134	1.1129968709
7089	0.159590258	0.233825167628704
7090	0.585843996	0.7929500503
7091	0.972876726	1.49791899880588
7092	6.33278491	8.01644216185859
7093	6.61570376	8.47265935691905
7094	11.85173366	7.05129631518939
7095	12.0717791	9.5568820876
7096	1.178768945	1.2670060192047
7097	4.6331512	5.8139259204539
7098	3.73251433	3.95984669771951
7099	0.3391846	0.571101420309678
7100	8.23489056	10.0460039719028
7101	0.283210263	0.301421724787939
7102	1.098535234	1.50672853164688
7103	6.52630813	5.17496030707658
7104	1.185283196	0.83927295432963
7105	0.36094321	0.475283123023644
7106	3.46603568	4.16737340855556
7107	0.670796112	0.424406494258772
7108	1.027372474	1.26593251958095
7109	17.8167301	17.1601205045313
7110	6.3565343	8.04179592991905
7111	1.004546006	1.04754307511927
7112	0.76854037	0.851143912831081
7113	2.88592971	3.96821337285058
7114	1.51408092	1.22258082457393
7115	1.70645458	1.49009474655417
7116	6.98201827	6.13509374797083
7117	5.68404079	6.49066892391057
7118	5.01727799	5.30919616480556
7119	13.4980948	11.3829960353504
7120	0.811260129	0.779459642412613
7121	0.238929872	0.243370345505814
7122	1.24851636	1.20168008081806
7123	0.235681071	0.309809511319697
7124	3.67418513	3.89161919911977
7125	0.283240494	0.213870698447396
7126	0.948437736	1.04151433792719
7127	8.11240996	5.68520124230435
7128	1.27704347	1.32663768870135
7129	0.384283689	0.550469119837083
7130	0.818622522	0.80467459337
7131	1.123237435	1.64947393979028
7132	0.547612854	1.53087276010766
7133	0.159771493	0.264734529667857
7134	3.53895486	4.00627865915476
7135	0.886649355	1.37326563543111
7136	2.3502625	2.09018213236
7137	0.568523943	0.801247765485088
7138	3.35085699	3.69116509823333
7139	1.39772252	2.239513503515
7140	1.4818171	1.61395428867667
7141	2.68680728	2.90658440777478
7142	6.81921104	4.51168708778704
7143	12.9575154	9.83402701991085
7144	0.552994982	0.678967702176754
7145	0.891883105	1.12770664407095
7146	0.764144676	0.903574342565316
7147	1.10518963	1.07645345078619
7148	9.8305837	7.26686899368889
7149	2.15088851	2.17472467644063
7150	0.507287505	0.401864474985937
7151	1.33456522	1.04080346132963
7152	1.07467602	1.2714221243419
7153	10.10567629	7.33809139904545
7154	2.25047399	1.81796825570758
7155	3.32182189	2.93971569903333
7156	0.350525315	0.599521335775926
7157	0.78707774	1.096221809554
7158	7.51645545	7.07382996878333
7159	0.59947195	0.8079963692625
7160	1.48391631	3.30955394824099
7161	3.88291331	3.96861349883333
7162	8.44564671	7.74113315980488
7163	0.279814761	0.326476783193333
7164	0.675208685	0.832893208813441
7165	2.49051125	2.19599322592265
7166	0.696010178	0.60864060772037
7167	1.258731624	1.47687209875375
7168	1.39419567	1.56479351571146
7169	0.200373035	0.258695577488333
7170	0.791680535	0.878955255224762
7171	3.84881364	4.34698315493089
7172	1.06025507	1.06496006848238
7173	1.44799325	1.59681410873971
7174	10.78777206	7.64813506962016
7175	0.403744091	0.325060350761822
7176	1.45051534	1.26266368544649
7177	0.713756424	1.05621925718553
7178	6.85625805	7.53660389659259
7179	4.69631488	4.93059194989007
7180	1.23701502	1.46312105203333
7181	5.86609238	5.33698855490598
7182	0.766137432	0.920958076631944
7183	5.46406368	4.28160609476905
7184	0.180555643	0.304120908305555
7185	4.30020415	4.21102245389881
7186	6.63311102	7.70207771749099
7187	0.178178721	0.250331419143243
7188	9.53142586	10.5408741376991
7189	2.12070039	2.58302965731
7190	4.30054551	5.42783661739524
7191	3.39973055	4.71394665894445
7192	10.36476095	10.5170149023089
7193	2.731967515	1.71195776785256
7194	0.77584528	0.778560789891057
7195	15.3615433	11.9345936782429
7196	0.430688771	0.385281134073171
7197	6.07289686	7.54023309948837
7198	1.048194544	1.03597946056919
7199	1.182169155	1.02714936342302
7200	5.04423587	7.50009565785648
7201	7.08647712	9.12418070937917
7202	0.997481935	0.957017761476126
7203	0.19488566	0.270613030263333
7204	0.131025689	0.246139837033814
7205	8.39071102	8.37709769306439
7206	2.69773834	2.83237466665447
7207	1.07677729	1.24826097058718
7208	1.00780987	1.23750187040303
7209	0.573224611	1.14578708756429
7210	1.23589446	1.73264803190968
7211	1.25231629	1.30178807396095
7212	12.4224867	9.73190532707265
7213	11.4012978	13.8794998841048
7214	0.247836158	0.219572861400181
7215	3.43139598	3.62947900623874
7216	3.53251865	5.07256626762393
7217	1.203488949	2.00020181462823
7218	1.083141954	1.41138044648333
7219	1.396283045	1.57996058840556
7220	0.655057876	0.840603519951755
7221	6.01326296	4.53627035864368
7222	1.31553866	1.68635548265046
7223	0.7118927	0.902904228597396
7224	0.408173157	0.97695609637561
7225	10.39992105	11.7805811670152
7226	0.307674064	0.386141056218651
7227	4.738552	4.84869503240171
7228	4.33871335	4.98427557310714
7229	1.2550381	2.37377845209951
7230	0.485790953	1.16293850049279
7231	0.205146488	0.327635381888739
7232	0.597686374	0.582191454874775
7233	6.64069474	5.77829200920513
7234	5.89945182	5.09917425304667
7235	3.21007816	3.04814663907143
7236	1.04743594	1.85098220835
7237	4.63736397	6.80425848615
7238	2.29792632	2.40175493420598
7239	0.328102113	0.259524040091216
7240	2.36143681	1.52973212624849
7241	1.55435751	2.32042059852222
7242	1.76754069	3.1505970547525
7243	2.83282061	1.81420274826143
7244	4.11335991	4.74734230469271
7245	2.02240334	1.46283398378667
7246	1.66550523	2.13111837346626
7247	3.31837901	3.92637439141146
7248	0.911706804	1.14316486266837
7249	7.41069435	9.27197819591905
7250	1.56289194	1.67825749286261
7251	1.4242046	1.48143823305405
7252	6.24827256	7.92922559922973
7253	2.68078452	4.00805720044716
7254	0.676106183	0.841202182157353
7255	0.706202667	0.839152973420834
7256	7.18191219	6.95523439562255
7257	1.198292046	2.13154979435111
7258	5.4211551	6.85470310549167
7259	0.402550709	0.455152893261594
7260	0.77898766	0.934678794676389
7261	2.9396058	2.43095720031944
7262	0.403694095	0.51336690619127
7263	8.2767923	6.66611435615152
7264	5.42920479	6.47450473329279
7265	3.68330758	4.17647930869444
7266	0.29944331	0.322417270769697
7267	0.708650956	0.766345596401961
7268	9.7889868	9.48528652606322
7269	0.417790164	0.339202686834259
7270	12.7044852	12.5795432353288
7271	11.7641646	8.96949526329825
7272	0.276782257	0.372129987864706
7273	1.9135455	2.42132029203381
7274	3.48998681	4.71069167315447
7275	0.44522704	0.615679297313063
7276	2.7157718	2.80538081159188
7277	1.5279164	1.42907753907727
7278	1.36863434	1.29650652971373
7279	4.35272188	5.23332798345679
7280	0.69297803	0.648711706780263
7281	0.837954419	0.893060086231609
7282	4.61927647	6.33781238200315
7283	0.53991475	0.707470593627619
7284	0.670334855	0.607179171680093
7285	6.43516582	5.18195441645093
7286	1.03287622	1.25261298037248
7287	3.77078129	4.22280430616667
7288	6.7952956	8.57370233090598
7289	3.12833386	4.48629621110185
7290	5.37935274	4.40765246356579
7291	5.8102191	5.69462413450952
7292	0.34217696	0.222173134956845
7293	3.62158489	2.52095499867958
7294	14.0158996	9.06129872248062
7295	1.1722199	1.20060627772632
7296	1.61879106	1.73313905693421
7297	1.94316461	1.87245893524715
7298	1.045904864	1.30092627904595
7299	12.04205166	5.40299053660088
7300	1.04126991	1.08543841822118
7301	0.824461709	0.776494773026577
7302	0.95193863	0.922505446519444
7303	0.475417998	0.478685365755833
7304	1.32202859	1.21118036964028
7305	5.63360069	4.64702814759167
7306	0.732332554	1.00407729405952
7307	0.178474992	0.305069152993137
7308	0.976024039	1.24407675288551
7309	3.8311121	4.93883212475269
7310	16.6934603	11.3137331523708
7311	2.62424793	2.9006755807125
7312	6.48349558	7.13293880836111
7313	7.88501127	7.52342369532963
7314	1.165533094	3.02541070179839
7315	4.41344183	5.30851050994286
7316	8.9046969	7.59368991189247
7317	0.700217722	0.824701948955914
7318	4.97755466	3.27255654081333
7319	0.838704173	0.817641707808537
7320	11.82241325	12.1172008176711
7321	3.62030221	6.53195711745299
7322	4.14728232	5.53735962452137
7323	1.63106763	1.65621599241491
7324	2.51327157	3.07244991748291
7325	1.19136786	1.22777885371019
7326	0.667496341	0.683518920050667
7327	19.7907915	15.2854793125913
7328	5.52846666	5.61398746098611
7329	10.64198074	9.02459389091666
7330	4.63347365	4.57371973398485
7331	3.81018365	4.46402014276543
7332	1.29396103	1.07389643993917
7333	0.40015984	0.346114866104598
7334	0.80385409	0.736908333175178
7335	5.2046081	4.61389475797778
7336	13.864248	11.7626753816762
7337	1.0428715	0.962791954691026
7338	1.45486575	1.46631164069505
7339	3.38814632	2.89365233990351
7340	0.243690532	0.414254189115657
7341	14.54974911	13.4009343332667
7342	3.28517631	4.70066501048925
7343	3.96380595	4.78637103737963
7344	1.12471752	1.8860261863129
7345	0.526522668	1.26062048245203
7346	4.03972638	6.12169216471354
7347	13.78783684	13.4789173037579
7348	1.417833016	1.14918662214028
7349	0.308407152	0.687728937780952
7350	3.06290827	3.13954792888889
7351	0.585906662	0.468499423197222
7352	8.565569	8.68110888742157
7353	2.56681436	1.42884781463889
7354	7.38394594	8.50762836926768
7355	2.05343193	1.77126111692722
7356	4.71990835	3.60252083861111
7357	5.0027147	6.00383529231944
7358	1.39684106	1.47134931716912
7359	4.99181724	5.46276272086325
7360	6.15730169	5.21530110751863
7361	2.7166241	3.46270308581982
7362	3.63787559	2.28607406920323
7363	6.23676147	7.1449713479053
7364	0.965660618	1.03490350470926
7365	1.18184476	1.08008379259144
7366	1.12468253	1.50678271304518
7367	1.15212635	1.68899942789542
7368	5.48150049	7.01996445548095
7369	2.07497731	2.76969347492105
7370	2.01115139	1.65533928605854
7371	1.34925392	1.51102828962393
7372	2.29369524	2.11702754460882
7373	0.683269126	0.882548604973256
7374	1.033676335	1.16061854329343
7375	9.7937168	11.9964653545684
7376	0.379121198	0.467773333406061
7377	1.07476066	1.31272828664457
7378	0.432213235	0.824760935077778
7379	0.290911937	0.456365920835043
7380	2.4827227	2.70637886769271
7381	7.61727038	8.62809008582456
7382	5.00916897	5.56116189412121
7383	6.57437011	7.62788610203086
7384	1.97890987	1.132628447695
7385	2.90277438	2.75110897382051
7386	5.66589745	4.57662737647561
7387	1.53844597	2.01612875349123
7388	10.78424731	11.4252278469701
7389	8.3669794	7.63582165806945
7390	6.90352858	7.66417942619192
7391	7.60975034	6.8775016003062
7392	0.8317027	1.38615313437273
7393	0.241418608	0.367023914312821
7394	1.0801544	1.42666114096354
7395	0.928403585	1.01272776191818
7396	2.19086848	2.94159846199495
7397	0.367922579	0.410515426585
7398	4.61813217	6.95348382628611
7399	1.03623897	0.999265367836309
7400	6.83133845	9.81936055060416
7401	1.90310517	1.19422313286154
7402	4.00750312	2.46105392057843
7403	0.703046839	0.936081211718018
7404	1.41046623	1.2420182471
7405	1.1766973	1.2886357261252
7406	0.5722688	0.649545225582381
7407	0.883475906	1.01128686242037
7408	1.19138729	1.94293929471619
7409	0.210228127	0.353563095132432
7410	6.36530106	6.33081058756897
7411	5.33968153	5.19197517470085
7412	0.202523001	0.258014283605147
7413	5.47504746	5.88248319027917
7414	1.150224855	0.984835012185
7415	7.05363192	8.13693079282609
7416	0.833342401	0.736008801761828
7417	0.352485147	0.331063736141935
7418	1.87881596	1.8368265622617
7419	0.97739407	1.26109308354884
7420	5.50388382	5.10681834264912
7421	6.79153148	6.78834931666216
7422	0.907695394	1.19242970973846
7423	3.500743866	2.9834440113
7424	0.171020058	0.223834742373611
7425	9.24742936	9.48010291714683
7426	0.425865038	0.398723595255051
7427	6.14081327	6.39972810733333
7428	0.442004981	0.57637090398
7429	3.60651113	3.38408508217619
7430	6.60917764	7.8712177143114
7431	8.1254919	6.65133968536559
7432	1.80522732	1.36562851967473
7433	4.06777657	4.92497702606191
7434	2.5367306	2.2207196604371
7435	5.55188056	6.46322292428509
7436	0.242782621	0.32119732979127
7437	13.3821338	10.8487036156364
7438	1.19653557	1.33584863126628
7439	0.797017664	0.771435531401852
7440	7.50037083	7.65821996127778
7441	1.45654607	1.35555664287126
7442	0.683637785	1.27590000441078
7443	1.54853811	1.11448016510161
7444	7.06114185	6.11213577249048
7445	2.2088662	2.05766406317976
7446	11.8998771	8.52085554189683
7447	2.51355239	3.93868077525
7448	4.87153845	5.90279186407017
7449	0.738652128	0.861892618271622
7450	1.76113797	2.11329055913619
7451	3.32368272	3.15593064432143
7452	0.916162581	1.02290187162143
7453	1.550341265	2.55163849137143
7454	5.85827657	6.25753218424479
7455	0.762106414	0.777695194363235
7456	0.960512686	1.01930809208677
7457	1.13076658	1.00298399000342
7458	0.52024698	0.442660566314744
7459	2.02277137	2.81233915904514
7460	0.915869358	1.0414943358364
7461	0.736138405	0.906632360499145
7462	0.702977877	0.968848317403889
7463	8.50245109	8.94885081160853
7464	0.922232622	1.11175060737074
7465	2.87473724	2.13288509988095
7466	2.28986101	1.5215585598266
7467	4.04866083	3.58214401608083
7468	19.7928943	13.1453401435919
7469	3.7617599	2.91378781439845
7470	0.914691555	1.11781586116368
7471	6.50109142	8.2298550476087
7472	1.057755828	1.28962030731098
7473	0.648715389	0.902836443914141
7474	1.263906749	1.88552497164676
7475	5.8655727	5.64672569257843
7476	3.1105779	3.51723296505882
7477	1.80745394	1.37098804390833
7478	4.80096189	4.3589028113718
7479	1.63084587	2.09850843416814
7480	4.21758837	3.19816922797619
7481	2.74248184	1.72060335913426
7482	13.8688679	12.8519294985722
7483	6.03207533	5.19078182876852
7484	0.84098958	1.08726894466313
7485	1.88919012	1.77266259054341
7486	5.151354	3.57089711783796
7487	0.475502908	0.482308857678125
7488	3.28043531	3.08195572210953
7489	2.4577862	2.22564663499849
7490	0.682770088	0.849688002367677
7491	0.89338968	0.599600786796512
7492	1.31105773	1.0212167029213
7493	0.855337355	1.37403709869015
7494	3.82693075	3.42669042893519
7495	0.833551318	0.867970832194608
7496	8.5605754	7.37028171689923
7497	3.0094193	4.0464343610307
7498	0.661458447	0.777951980146795
7499	1.49406481	1.31460871010965
7500	1.757539	1.33795724265045
7501	1.114222826	1.36036789165
7502	1.91031213	2.67431509662319
7503	1.160663485	1.30588734915215
7504	4.42908996	4.3716585477957
7505	8.09259576	5.49459739870175
7506	15.4178341	14.8328217707456
7507	1.84955619	2.25825690799951
7508	7.3179597	6.9257387055991
7509	1.062337495	1.46047962811667
7510	0.57655305	0.547441552920155
7511	3.34528082	4.10851128104762
7512	3.38021335	4.48511247913889
7513	2.14279136	1.2247148701188
7514	0.992245285	0.956834121596154
7515	1.87720313	1.09282051592341
7516	0.769052101	0.641177254932906
7517	0.942765684	0.795682954073684
7518	0.199733436	0.213506090924476
7519	15.06706936	12.870758507
7520	11.57013557	10.9014511015962
7521	1.94035049	1.30281992201515
7522	14.3830089	11.7139706050114
7523	3.14243513	3.38140269532479
7524	1.27680858	1.26616192847439
7525	6.86187973	2.65438957974769
7526	3.01414106	3.3629760325202
7527	3.69291457	3.51054331993694
7528	0.729597378	0.775512864097685
7529	3.84028843	6.53373585563514
7530	13.83945158	8.39080022658865
7531	6.81243667	5.3996032615625
7532	4.08318907	4.41545517287917
7533	6.51404327	6.91554707855238
7534	1.2874688	1.38713889360571
7535	0.792720006	0.885288455708915
7536	0.247973062	0.346064138298649
7537	10.28512783	8.14407054419792
7538	11.77225903	7.20328861503704
7539	3.30702011	4.35469589573333
7540	1.24567253	1.36532765552703
7541	6.57555824	5.11571490297807
7542	3.79899656	4.25291053086434
7543	0.840863676	1.01490507639246
7544	8.08425158	9.64197416653333
7545	1.40291902	1.67938750982454
7546	3.46012644	4.41473868423148
7547	0.782940635	0.870126336977315
7548	0.954123836	1.27690714320476
7549	1.45047017	1.6800767430404
7550	0.72207691	0.979830607714474
7551	0.68268786	0.937653620347917
7552	6.37435162	5.11333497706667
7553	0.885861085	0.965526062560753
7554	1.121898284	1.32881384792389
7555	0.826041086	0.846087705519907
7556	1.43680437	1.49374561287794
7557	9.34004445	10.4242912856927
7558	0.960337416	1.55216122653988
7559	0.95257534	1.47891343643618
7560	3.26744618	2.89841338486667
7561	6.50414155	7.27102045013333
7562	2.25601495	2.80314465973287
7563	1.96345202	1.82675338383571
7564	7.10007835	4.63850596281863
7565	0.500501526	0.521441002878431
7566	5.67180013	7.20603509794445
7567	0.243853647	0.244389747297093
7568	1.327090254	1.32729525177527
7569	7.9001271	8.00545633436667
7570	13.4383603	8.877222486475
7571	1.355725254	1.3501813968775
7572	6.16009775	6.22283404795
7573	1.589430274	1.50482517010965
7574	0.86214021	1.12647649023851
7575	2.52249869	3.09888386378333
7576	0.778181568	0.856013165731531
7577	2.59803696	2.81961756471833
7578	1.399194764	0.914900491908572
7579	4.84614813	5.1479687515303
7580	1.78288751	1.35197630348272
7581	1.17241073	1.82257514775135
7582	16.441299	16.3579726623333
7583	0.954111915	0.936367892767083
7584	0.936574074	0.860326348297685
7585	3.4060859	3.72364560180556
7586	0.262713281	0.432140770748039
7587	1.396184605	1.39230508553026
7588	1.23044817	1.27060154089825
7589	1.12110166	0.965924494329583
7590	9.19796522	10.0742375368788
7591	1.335523135	1.59623167438421
7592	0.626702728	1.23176846183186
7593	0.719520448	0.838368473677519
7594	6.40060123	5.26094681030691
7595	0.586165635	0.98998649699381
7596	0.30130162	0.330087600777222
7597	0.500882723	0.818295504541204
7598	3.44394138	3.3946428839079
7599	2.39521112	3.50429957288889
7600	1.47682012	1.57013903051009
7601	3.83728612	5.02094727881197
7602	1.155649184	1.45359659303218
7603	2.45547629	1.69265059227778
7604	0.541401096	0.726832096682883
7605	1.43941398	1.38665239805686
7606	1.2866077	1.45152450538135
7607	3.2789472	5.19171239992083
7608	7.14308346	6.26802734546899
7609	1.055447445	1.6148645500686
7610	0.549301652	0.658745971085185
7611	2.588159	4.10597180904902
7612	2.87501637	2.40487772060108
7613	8.88086814	8.99239929545
7614	1.18817771	1.0472263713973
7615	6.13145532	5.55221962160078
7616	14.8691684	14.3605664687255
7617	0.498644028	0.713085538327305
7618	3.15358988	4.00794363503333
7619	1.079695764	1.36320322524706
7620	0.627451627	0.889103183693841
7621	2.93543917	4.05793702456019
7622	0.947680666	1.21519255253333
7623	2.77307149	4.09015468419
7624	4.56503926	4.35878147713542
7625	0.0884788967	0.256826065918229
7626	1.74367359	1.88366087665333
7627	2.1430498	2.23023872815985
7628	0.200375226	0.422049335621545
7629	1.00932359	1.12454662584714
7630	1.35044635	1.04737334586477
7631	1.096704575	1.14385523757745
7632	4.97295613	4.78921067615385
7633	0.20742961	0.217575860108796
7634	15.0338526	12.5977959558162
7635	3.64776816	4.26817160501042
7636	16.5053828	13.0244801179242
7637	0.245003031	0.25565323614125
7638	0.604486863	0.660303848197917
7639	0.709968884	0.71196963733871
7640	1.48078884	0.745620724993982
7641	7.91346078	9.35233869109375
7642	2.47001287	1.85758639715143
7643	1.44782282	1.11581127827581
7644	5.75453095	5.21199691613063
7645	1.080083616	1.21018491110385
7646	0.908455074	1.54611753549804
7647	0.603419328	0.528368615570614
7648	1.50837039	1.46703267704194
7649	16.64404582	13.2491504233762
7650	0.373214693	0.557389238813889
7651	1.06137808	1.06588757943333
7652	4.58180979	4.64725205326316
7653	8.48185939	8.2266682436954
7654	1.85382907	2.00791379994333
7655	2.10979857	2.82502986015812
7656	7.41345547	6.92421030735294
7657	0.332385543	0.348820937456771
7658	2.22719467	1.63332755307821
7659	0.812353148	0.701678729657576
7660	0.735436995	0.811634070723684
7661	0.824713861	0.989627379188889
7662	1.49160379	1.8433791111049
7663	1.21687353	1.06463096949359
7664	0.907679684	1.08918612962414
7665	1.10165568	1.32263359857683
7666	7.69438018	5.0960990450122
7667	13.472285	12.0940893385732
7668	1.12408791	1.06073050780905
7669	1.60316653	2.0931969280935
7670	1.02344996	0.947811094560753
7671	5.71218905	6.48250125842083
7672	8.68802932	9.65240867730833
7673	5.18938111	4.598001125
7674	0.9625234	1.45554872383205
7675	0.50966001	0.560188603000575
7676	2.78479432	3.61154230192308
7677	3.80664311	3.84800064193333
7678	9.27014986	12.2771685242762
7679	1.142804256	1.26263283693198
7680	0.213706123	0.297298877670714
7681	6.50759761	5.11670390470968
7682	1.14397071	1.13621616539518
7683	0.79233193	0.989771084389167
7684	0.679656744	0.705273126016667
7685	12.34050299	11.4122328749907
7686	5.16471951	3.70210167139706
7687	0.900285109	1.20393088294677
7688	2.4634354	3.0220387019127
7689	4.19221377	4.67920491676667
7690	0.794569011	1.12298222728021
7691	7.54782891	7.33183416086667
7692	1.28661055	1.88966888419573
7693	0.856330284	1.14680977800198
7694	6.61069669	7.08434542995045
7695	6.12686303	4.77613307800707
7696	5.62132929	5.96602106675714
7697	1.69069847	1.5322072836662
7698	0.193569029	0.292439198734583
7699	1.59208364	1.60415891347857
7700	10.4300914	11.4943665043158
7701	0.796426648	1.27943066509325
7702	1.3971108	1.3599245713101
7703	0.752189178	1.05323257147763
7704	2.66500132	2.44965886448039
7705	2.57779514	4.00401413123874
7706	0.625886974	0.762609664237619
7707	0.868448484	0.882260422323438
7708	3.81424273	3.66217620750855
7709	5.00977338	5.84073032747408
7710	0.926032755	1.03110330379118
7711	0.982775126	1.16745283150814
7712	7.35706146	7.94426639048611
7713	8.0096804	8.62401778777642
7714	2.04249363	2.27164202835812
7715	1.70207722	2.28101497747654
7716	0.309923871	0.332362364393333
7717	4.99216625	4.7608625489902
7718	1.16224831	1.36914056127476
7719	1.46407747	1.48789840685707
7720	1.29345641	1.18291380149268
7721	1.06961202	1.7517230968557
7722	6.15740583	5.46056204600427
7723	7.93899784	7.71276489038034
7724	0.94412196	1.06244754681286
7725	4.56351214	5.33013405247222
7726	2.00470292	2.64302286698241
7727	0.732132446	1.03176101796857
7728	1.280280035	1.15841902768792
7729	4.92356358	3.01405892505196
7730	10.1580026	7.88173950279167
7731	1.67430542	0.896091048492106
7732	13.4191336	12.7950559565247
7733	5.10163561	5.1536584139054
7734	3.0114978	2.31832156449768
7735	0.846412059	1.18693873068472
7736	3.4454805	3.34445378120952
7737	2.43845156	2.30793450415625
7738	0.668605929	1.052695085075
7739	0.168943963	0.283088600679762
7740	3.67984881	4.17326436030417
7741	7.9323802	8.43749628046875
7742	3.50637905	4.2223093184386
7743	0.534520543	1.02911068590404
7744	3.67022466	2.65701302575521
7745	1.14193571	2.17936259068229
7746	1.7339643	2.09397698418437
7747	6.51939001	4.88575817020968
7748	0.700119666	0.84889519292807
7749	2.4106457	3.69352498516179
7750	3.39222025	3.56451623529293
7751	0.833135788	0.986662404090104
7752	0.95890752	0.982591852241667
7753	1.577798464	1.97452071675746
7754	4.321823	4.46609341648276
7755	0.669011463	0.722069730466667
7756	0.937184765	0.889317902669355
7757	4.53337852	3.38881880648718
7758	0.424254246	0.442355211030952
7759	5.78427636	5.87027298510684
7760	1.85463883	2.80583668266026
7761	1.71409195	2.60302039288288
7762	5.5414836	6.87829836231532
7763	5.40038608	5.3741638425
7764	5.48894753	3.79495757117675
7765	1.69956619	1.63486441174054
7766	0.735242685	1.09545618102381
7767	0.833287294	1.14971984497568
7768	0.906140339	0.967838759673148
7769	5.36655155	3.59580912755675
7770	10.9387098	10.2816582230045
7771	2.55740156	2.94824392056911
7772	0.787739475	0.969823711300901
7773	6.69259024	5.03224020225045
7774	2.61854582	4.53039234567703
7775	0.68712793	0.534735330707408
7776	4.93730552	3.96979013004546
7777	0.243505379	0.237076661298571
7778	0.740635283	0.791345171741398
7779	4.41372244	4.23600535857692
7780	0.83124271	0.80941380763374
7781	2.91800054	3.47477611032114
7782	2.26648615	2.32174079544344
7783	0.883085091	1.23373125926774
7784	6.05151865	3.70099208663132
7785	10.7151539	9.13947497618217
7786	0.983646514	1.23424026288533
7787	10.95522959	8.54043502859349
7788	4.77384927	5.10619581799123
7789	3.86780143	4.50778147998438
7790	1.24515023	1.69643239995556
7791	0.202341232	0.236828629245299
7792	1.21544213	1.1650649889125
7793	4.29648903	4.60609428618699
7794	0.69332948	0.881741910394949
7795	0.97481664	1.0864847475943
7796	1.12370671	1.2861688591338
7797	1.465303	1.06536620579309
7798	0.590877786	0.783126228091667
7799	1.6737849	1.20528150426348
7800	5.70957636	5.77437316209524
7801	2.24357095	1.87060828811226
7802	0.181811394	0.274206541718333
7803	0.538924301	0.345319948656306
7804	0.768160576	1.09867846046435
7805	7.39389276	8.82879683509848
7806	0.52044091	1.19716146876542
7807	2.96392327	2.53770836501936
7808	12.5872407	8.72311118277586
7809	0.283014379	0.235724569466865
7810	11.9923262	10.403779762435
7811	7.5793319	8.34938386957576
7812	0.90011547	0.987066092441919
7813	2.18726851	2.1801928518287
7814	0.217985559	0.221499629181818
7815	0.912486666	0.877356911800438
7816	0.593786943	1.20617716126212
7817	0.370883025	0.282146922970513
7818	1.01622457	0.970982800636458
7819	2.19763398	2.73255822757456
7820	4.60266853	6.33783397537963
7821	3.99566023	3.6544339702043
7822	13.1549271	9.82221065631532
7823	1.92574125	1.41882433873829
7824	8.40490701	8.0690006950625
7825	2.93817595	2.87134271272167
7826	1.04130128	1.0928148358875
7827	2.70008934	4.23832846508943
7828	11.4549776	12.0358357837939
7829	11.32119872	7.17072702618889
7830	1.80887703	2.58206086116806
7831	1.10575578	0.923997109395
7832	0.461088967	0.744408192748611
7833	1.71932151	2.11724090200317
7834	0.762572418	1.19917349630714
7835	3.64026935	4.88883062417204
7836	0.744060515	0.814361479526882
7837	0.331270445	0.370092581021171
7838	1.07870419	1.40805229507
7839	0.671002059	0.746139620180894
7840	2.02917858	1.36171423989875
7841	0.273125794	0.301634712444271
7842	5.33443682	4.16527059340741
7843	0.296058345	0.358617140868229
7844	1.07797005	0.965689536968229
7845	0.305408783	0.190825716030039
7846	0.752669358	1.250783334855
7847	1.7803973	1.90164172340476
7848	0.480539018	0.426951764491481
7849	2.34160646	2.56603589801126
7850	0.555564534	0.868030403487387
7851	0.809916898	1.05176881528048
7852	0.63857872	0.671623081940152
7853	5.99435923	5.78340590765238
7854	5.96686477	5.89630529531905
7855	2.30998773	2.68190045999132
7856	3.04897381	2.95611839966667
7857	15.4972789	9.25983767709216
7858	1.066318135	0.946759764207143
7859	1.952853585	1.6310055103529
7860	0.762283236	0.859122027123577
7861	8.16265905	8.01178839978889
7862	4.57557924	3.30476561058376
7863	6.15933619	6.14578142856667
7864	15.00302623	10.0022411261326
7865	1.58001805	2.35666349256095
7866	1.269406764	1.51330792390611
7867	1.015673016	2.04884274055238
7868	7.41798579	7.6575476656625
7869	0.275900878	0.436625776842424
7870	3.37800585	3.9341982219875
7871	1.17986827	1.5388303122475
7872	13.32706786	13.5238907837018
7873	0.262293428	0.287732860693376
7874	6.97567883	9.57745823570176
7875	3.79063998	3.88165191406911
7876	3.97315198	5.08702083283334
7877	0.260625109	0.294232850383871
7878	0.16979975	0.233128464838288
7879	10.01283069	9.97454566657017
7880	2.39991537	1.71808903232813
7881	0.758237108	0.746980840718651
7882	0.460846749	0.608437091912857
7883	1.1427126	1.21688093540278
7884	0.968833136	1.4452464862537
7885	0.899119804	1.15258712876
7886	6.61439229	6.03154258689744
7887	1.35234344	1.56072134337287
7888	1.13943088	1.07488800930139
7889	3.3849348	3.83035787998039
7890	0.868185789	0.842708769592473
7891	1.88474451	3.98873156489216
7892	3.95990629	3.44105216850741
7893	7.02734484	6.52873735825714
7894	8.52363222	7.28863498967391
7895	5.65954742	6.34869815738211
7896	0.710230326	0.921690774906504
7897	1.95734633	2.27468141505833
7898	1.29511825	1.16632562591814
7899	1.16691355	0.936921401539362
7900	2.04846763	0.985161725385417
7901	2.85432476	2.62169090637619
7902	1.222502576	1.02734259016748
7903	1.51563198	1.83073774802353
7904	0.923983715	1.51064318167794
7905	8.45069275	10.1237624909583
7906	3.15399714	4.36512262786765
7907	4.52976333	4.82415953111806
7908	7.229815	8.73885657101282
7909	0.739912409	1.25846939106768
7910	4.51688769	4.57367208418817
7911	14.887937	15.6938947585758
7912	4.4433751	5.72255411305729
7913	2.53569366	2.6181325964031
7914	2.25216417	2.60772780748925
7915	5.58544826	6.15274877023413
7916	0.260444968	0.247007899262602
7917	5.36671267	6.46870120302299
7918	7.22325934	7.16101106571171
7919	6.20668882	6.11409233010684
7920	0.724759754	1.12160391609861
7921	3.54752858	4.38873623181818
7922	0.867032386	1.01689688013816
7923	0.90438871	1.15086775089735
7924	4.11981903	3.44938141822636
7925	1.51539183	1.382207476925
7926	0.380596373	0.308189201427928
7927	7.52272148	7.531173910825
7928	0.631102274	0.840836314768992
7929	5.93545538	7.2894680167353
7930	1.415251826	1.65285692470667
7931	3.12722024	2.74150469692258
7932	0.388577808	0.308148517534343
7933	0.589910224	1.31238386018611
7934	5.23552428	3.66659584794737
7935	1.69720916	1.18023345828849
7936	0.639719435	0.966299891917544
7937	1.45652445	1.5354690178536
7938	0.7715597	1.53976251150721
7939	3.29236563	4.24926966287805
7940	1.17200894	1.22349283610495
7941	9.7117946	9.58056270192424
7942	8.33097209	7.92850142554274
7943	13.79140224	16.5317866739459
7944	1.31801578	1.51775571240392
7945	0.58255434	0.838097204832796
7946	1.36157423	1.18712464690766
7947	10.8392899	8.30024956477451
7948	0.293776703	0.483266715861403
7949	0.80753912	1.03652832123495
7950	0.610583952	0.868987335929546
7951	0.40080894	0.375647327750505
7952	2.99462947	3.8513264068871
7953	1.35476014	1.55788299516792
7954	3.72168308	5.54176366463636
7955	7.8467337	7.30216402899167
7956	14.5021968	12.0169297807745
7957	1.36456754	1.53068428879619
7958	3.81182142	4.29175776620614
7959	5.67465893	5.98306676738462
7960	3.01547868	3.89165137504583
7961	5.83355334	4.82027455285965
7962	1.90999708	2.14969954880362
7963	0.160786881	0.224886854433611
7964	7.41826505	7.04083589488542
7965	1.85941355	3.14343797929845
7966	6.68971688	8.92915774845737
7967	6.39546972	7.17555646834127
7968	1.98747419	2.75583645995935
7969	2.616598	2.45536428660038
7970	2.52119777	3.31143282704955
7971	11.7289104	10.8483400670139
7972	7.62855276	6.18898146230093
7973	3.22570882	4.16818614163095
7974	2.23478429	1.69486017437333
7975	0.94653133	0.795549218666162
7976	0.61631134	0.840096646128455
7977	1.35563434	1.35436996217917
7978	1.2190168	1.70132788432794
7979	0.9884848	1.3392627682349
7980	0.78000673	1.04464986606296
7981	0.923431704	1.07234352089246
7982	0.844071219	1.1503176834849
7983	2.25200237	2.75441476645313
7984	2.13287417	2.84036121749769
7985	4.51557676	5.63686337388726
7986	0.709433285	0.403748005134286
7987	0.183782191	0.252842428859444
7988	1.039875245	1.15584188674657
7989	6.20380766	7.9254909705
7990	3.97176318	4.05561444086905
7991	10.5636655	10.5027431093222
7992	11.19488526	13.3286855402724
7993	0.088899927	0.212675144213426
7994	0.57966391	0.653357998658943
7995	0.79764976	1.42803227233553
7996	0.515954794	0.801809233896759
7997	0.89825947	1.22065927045606
7998	4.12143929	5.37740998336404
7999	0.347716153	0.407942870959048
8000	0.61705353	0.98999477531
8001	6.37000831	6.48479237498413
8002	0.77598371	0.883996981919753
8003	6.72439156	6.5645962725969
8004	2.28419972	2.46131264924944
8005	2.72313079	2.91606968432051
8006	7.60693512	9.15136643162162
8007	1.92240564	2.06524848331
8008	3.60473612	3.11331842877273
8009	4.90846931	7.89438236692381
8010	4.23975869	3.71238322617983
8011	11.24072739	12.2558749199701
8012	9.7119197	9.11640510931944
8013	1.67661916	1.19295915428981
8014	3.32201602	2.27187373134491
8015	1.74169618	2.40309660961
8016	1.8113968	1.89460907582018
8017	2.97180726	2.78059694256515
8018	0.645961398	0.524793267553922
8019	0.79395804	0.764898503390741
8020	1.059206026	0.963162262437619
8021	0.121724625	0.225843110216092
8022	0.754595406	0.998024376439913
8023	0.996867964	1.96553477261711
8024	0.458778836	0.345039733446591
8025	0.42355083	0.357386339792667
8026	4.7874639	4.84919691650451
8027	0.474676876	0.733933298635606
8028	4.88207701	5.60980700052381
8029	0.837123835	1.15786967733792
8030	6.25373605	8.03895001218333
8031	3.21116018	4.13862449569444
8032	2.40051544	2.18494097017667
8033	11.3418697	9.03072285811667
8034	6.64927551	4.80414187892191
8035	0.217398155	0.230178525501351
8036	1.30297682	1.55447331528
8037	2.70141641	3.70752375934286
8038	1.3599976	1.06059850414123
8039	0.865009273	1.83742921912024
8040	0.945835371	0.949361275484959
8041	0.316256084	0.343904430239062
8042	0.920111484	1.09041451700215
8043	1.27476991	1.40822095207696
8044	1.77204776	1.34675125429798
8045	4.99816394	5.78894003191441
8046	3.76671614	5.53105982698039
8047	3.42116848	8.08861232758559
8048	4.42222209	5.97254450016667
8049	4.16675147	5.1230016374951
8050	0.786175891	0.825498575373333
8051	4.07567451	4.81993270201613
8052	10.47476846	7.71027568933333
8053	3.4687237	3.80984548338333
8054	1.93379054	2.12677833557176
8055	0.742281051	0.980996775105405
8056	0.756597652	1.26412788828981
8057	2.16536317	2.23078364313455
8058	1.38937692	1.05843981447865
8059	1.42689976	1.4359105669871
8060	0.837912838	1.32385897798958
8061	0.401995864	0.725685645177211
8062	6.22966242	6.88603132555238
8063	6.47327577	3.57292573745588
8064	8.11110429	5.84510387586548
8065	0.701535636	0.966886905215385
8066	7.3150058	6.49816002342735
8067	13.1115414	10.9541334659896
8068	0.759493408	1.09976615129495
8069	0.582218842	0.922876486637607
8070	0.88681511	0.838656788348387
8071	1.73389469	2.52722434857613
8072	5.75009371	5.54202960259896
8073	1.57372038	1.65768389489773
8074	3.14772433	3.23308429199333
8075	1.98966172	2.52954998548906
8076	0.31208393	0.54357857215
8077	1.24699036	1.46119339192059
8078	0.225788698	0.421911993188889
8079	2.91827917	4.78247121473889
8080	1.39808141	2.02420185746372
8081	2.2553387	1.72747639398583
8082	0.737008832	0.907738129995
8083	2.87764379	5.41013852475676
8084	1.84684041	1.59276663608026
8085	0.344170587	0.515722333415556
8086	0.998228825	1.67181803924902
8087	5.25915723	5.96574985233854
8088	12.2395509	8.722048272
8089	1.89430569	1.54859777272269
8090	1.305068424	1.67088877680746
8091	1.16124695	1.42279498818286
8092	8.75774091	7.34122629322222
8093	1.37280668	1.34413177277733
8094	7.60643333	7.15476563873874
8095	3.7829272	3.98640735245528
8096	7.64441061	7.91413818161539
8097	3.70958099	2.75757842191892
8098	0.61265283	1.25805033211364
8099	0.500636768	0.832998174569118
8100	1.42447035	1.16934710406143
8101	1.55244634	1.51039422132793
8102	1.1324866	1.20513307347905
8103	8.83355454	7.99422155589081
8104	0.843426704	1.27903606144611
8105	2.24379693	1.99713271902048
8106	7.24542145	9.03179925539431
8107	1.84794412	1.68500604357708
8108	3.85980783	6.27217543132828
8109	1.23338913	1.12871161630427
8110	3.39641883	2.58321191753333
8111	0.321369197	0.304345917995833
8112	8.16657279	8.16926920450427
8113	6.46369766	6.62846144408065
8114	0.321082984	0.309815337388492
8115	0.632433151	1.17457081203431
8116	2.60321649	3.30645394537745
8117	0.881652983	0.858252005739583
8118	0.794588256	0.879360889420952
8119	10.82179286	8.83057167252439
8120	0.894009666	0.98694322588625
8121	5.93146974	7.65252887131008
8122	4.47924084	4.64704104712879
8123	0.647098146	0.479995505583333
8124	0.228675014	0.246346924536111
8125	8.32858386	7.39531145358565
8126	1.25624288	1.07315032125571
8127	2.92263292	1.69422853899009
8128	9.8376154	8.18171751746296
8129	4.68873673	5.75992775388889
8130	1.033983386	1.19569412502778
8131	1.03719689	0.800698529117241
8132	1.03155993	0.803642196677315
8133	0.546997843	0.732462737941204
8134	6.13775493	7.0392077233125
8135	2.94117673	3.77561998131439
8136	0.202460196	0.330574032692857
8137	10.3214058	10.3462023407135
8138	0.877889225	1.11240758652917
8139	1.88453842	2.4409429839697
8140	0.340775775	0.358563200485294
8141	0.484125863	0.776691392133333
8142	1.27201409	1.28770140588667
8143	1.00188407	0.977398820939024
8144	3.52730616	3.89973416794286
8145	0.760994591	0.681598357807222
8146	6.67742724	7.11102271989167
8147	2.48257859	2.22385232316437
8148	2.18177397	1.72687175566627
8149	1.28030562	0.914764116743056
8150	1.21839357	1.26397053269701
8151	0.656741597	0.732916874166667
8152	0.349106088	0.281453592274123
8153	7.7377084	5.90234141701111
8154	15.2739504	13.7445810023468
8155	0.621175914	0.861848801971667
8156	9.49772695	9.17966484706757
8157	4.54338295	5.24734758386585
8158	0.901304085	1.15225202074491
8159	3.74958491	3.42840437923056
8160	8.0028062	7.96611758042064
8161	3.00425612	4.43435981359009
8162	0.865084034	0.878849405422
8163	6.77173018	6.79744142721569
8164	3.75206806	4.05520202228947
8165	7.09939444	6.25947265448016
8166	2.64459032	2.39275745954685
8167	1.016857694	1.1673031540473
8168	5.23084958	5.40498532959491
8169	0.834109634	0.88942395061856
8170	0.841039885	0.704447985539535
8171	1.203747746	0.959268040840541
8172	0.57216527	0.940661698602083
8173	10.7386087	9.71320502214646
8174	11.2381956	8.16670264971904
8175	8.78139006	7.40728605735976
8176	5.09002248	6.3200244285
8177	0.900529725	0.896887164342778
8178	6.68498038	7.07923495485897
8179	3.05937093	3.61232407768376
8180	6.304958	5.87934650400725
8181	0.205616217	0.229954496545652
8182	9.13077253	9.93021841497778
8183	1.7830194	1.67234336371207
8184	0.471609265	0.604960555664103
8185	2.19617581	1.92605097686543
8186	1.077910446	1.22100771616127
8187	3.98225246	4.1423324672973
8188	1.60337303	1.46932903594048
8189	0.402780628	0.447772421462613
8190	1.83597162	1.84465497896078
8191	1.01643268	0.773693239188384
8192	1.23372247	1.28692884221083
8193	7.02202678	5.98942240504365
8194	1.447755654	1.78400503369917
8195	15.9378715	13.7677501583108
8196	0.528869693	0.510061766632857
8197	5.13224635	3.76364422759914
8198	11.560563	11.6826096459167
8199	6.22985186	8.40076106955856
8200	0.851828935	0.876189940889167
8201	1.48674105	1.52200189006301
8202	0.63766459	0.78276763676713
8203	1.47122398	1.68842135707054
8204	1.88344012	2.39373484947895
8205	1.08101596	1.22021523667713
8206	1.592556385	1.24431808340254
8207	9.8529995	9.64935362698198
8208	10.9086715	8.28487991483334
8209	5.18166353	4.1375759609692
8210	2.57169445	3.46244190946875
8211	7.18145613	7.37046682178862
8212	0.810054809	1.01678795279875
8213	4.48830437	4.58071023604412
8214	0.519311055	0.779935145215625
8215	5.65002652	6.77395704225715
8216	1.17517585	0.921594578883796
8217	1.42418537	1.8218924018625
8218	13.1260792	10.864174006125
8219	4.3027625	4.78333538513462
8220	4.59223306	4.79846047225834
8221	0.338225616	0.568529842708696
8222	1.89161341	1.49136861088857
8223	1.10698762	1.60298286368509
8224	1.05743968	0.854343575101563
8225	0.31613011	0.217481462313288
8226	2.03308866	2.27037080357407
8227	0.872100228	0.831782257784211
8228	0.645586875	0.538117274062255
8229	1.19584231	1.19615359896892
8230	0.8513802	1.14881388606138
8231	1.78440395	2.65528773533929
8232	0.997771026	1.30374203362149
8233	10.82918286	8.70355581006738
8234	7.02250156	7.57207747390909
8235	3.05501604	3.4941159393151
8236	9.55505568	6.19216962098088
8237	4.20365517	4.24557430326768
8238	1.16257481	1.7682844265125
8239	1.80199088	1.43975459518699
8240	1.26195451	1.40487883609091
8241	1.163471984	1.24752781311923
8242	1.043998026	1.04053316479651
8243	1.03669441	0.883006765518148
8244	1.31500882	1.29034399432738
8245	2.93337817	3.69436247756667
8246	2.07807388	2.64409904381532
8247	7.1589376	6.6976387400873
8248	0.99904811	0.984551514842222
8249	4.83884875	5.51243403302315
8250	6.3381241	4.53586018555159
8251	3.80130688	3.66007060247297
8252	0.584229577	0.532783741005814
8253	0.78282401	0.627292724060714
8254	0.191780239	0.238092132054545
8255	1.41451833	3.23544314869561
8256	8.21291494	9.58110843936487
8257	3.18273352	2.2173569008
8258	3.24675194	4.04529838651852
8259	2.07063686	1.70342011909603
8260	6.15020111	5.8069532965991
8261	16.2660831	15.7665197256496
8262	4.82058505	3.88179976242857
8263	0.219380326	0.315750301662255
8264	1.111473205	0.952160275518391
8265	0.88187395	1.21815800216892
8266	1.27193618	2.09522067543488
8267	2.28627954	3.93997440809048
8268	4.85811067	5.42319606406589
8269	7.80213708	9.46035292613426
8270	0.867651958	0.86501225436
8271	1.31598678	2.13048659252525
8272	2.20500905	2.98516011598809
8273	9.93752246	9.79556173088333
8274	3.45858182	3.43909671567522
8275	6.18221812	7.68152129609402
8276	3.17641754	2.92077982472358
8277	4.65848194	4.77136934268018
8278	1.053878064	1.8175988361963
8279	3.17534145	4.51056780770068
8280	2.45990474	3.46752362175969
8281	1.21888536	1.42757340293333
8282	1.59617315	1.95431312581847
8283	5.86402478	6.86860676586743
8284	0.270442255	0.45233351073287
8285	7.99767505	6.15328939758547
8286	0.531948514	0.74799955163381
8287	0.723282752	1.02075596357518
8288	0.98697871	1.0544607173375
8289	0.92862337	0.974123005419298
8290	7.67254494	8.86487209981481
8291	0.423752592	0.458672918850794
8292	1.071375185	1.07307927620132
8293	7.88427992	9.21476781667073
8294	10.47984153	13.8820288177604
8295	1.069926126	1.12914432401952
8296	18.5696504	16.9981792624206
8297	2.32288633	2.08930332610222
8298	0.93612012	1.03145543383571
8299	7.00550336	8.20091106494017
8300	0.441908223	0.678852263605702
8301	0.348651787	1.11144459600376
8302	0.962807319	0.834553182403153
8303	0.772603099	0.684112212993628
8304	0.98867635	0.805657763638492
8305	6.14191826	5.9231457699853
8306	1.21054145	1.42636927427719
8307	10.96457926	10.5778703431627
8308	0.453558739	0.303458014637931
8309	0.795465565	0.835967856812319
8310	1.32601132	1.44179107754069
8311	1.34728721	0.934449883604054
8312	1.00621393	0.95079505409955
8313	0.179392704	0.215674091804365
8314	2.04336341	2.46617172730631
8315	2.22820183	2.81797506138739
8316	0.861476141	0.845249104994286
8317	8.66359216	12.0687169887579
8318	12.15723002	9.2909760868374
8319	6.2503946	5.97769501939815
8320	1.01294098	1.35120201710171
8321	9.90111237	7.7584560196129
8322	1.42733481	1.46675914297073
8323	8.57661278	7.87629128623759
8324	2.73107127	4.34008377286179
8325	0.64834317	1.02604964962353
8326	7.15611151	4.25607922518781
8327	1.83569864	1.62641934109915
8328	1.21713742	1.05648298796667
8329	2.17391141	3.30854387966667
8330	2.70383313	3.34522615166629
8331	6.31160032	9.04285190299206
8332	3.7324383	4.79721433817593
8333	3.83526404	2.41256083710606
8334	1.85347072	1.38407405600143
8335	9.81036325	12.0715161553024
8336	6.95793397	7.8084571237907
8337	3.38876589	4.33830759587302
8338	1.69203648	2.43091505377193
8339	1.71942481	1.1822502426443
8340	1.7517243	1.3527214688276
8341	8.78229542	12.0494625694553
8342	7.28203996	9.401925472125
8343	6.67002452	7.4874676014
8344	1.068936095	1.3400076155982
8345	1.17066597	1.08008291633919
8346	1.88070416	1.43710470548333
8347	8.2275368	10.029018725159
8348	0.396067928	0.322992660891667
8349	0.297248054	0.284038854691852
8350	4.3744702	3.58231975488889
8351	3.81017642	4.79595920475269
8352	1.05137039	1.18091306685171
8353	3.25659392	3.68054155796053
8354	3.47214952	3.73308271488384
8355	1.54578156	1.08502684138843
8356	0.679645552	0.995739539692778
8357	4.1461805	4.00720953257692
8358	10.75596801	11.2814245433565
8359	1.0726085	1.03321127570952
8360	3.67193413	3.32871004526838
8361	0.69506694	0.820855818664035
8362	1.390081804	1.92780676544375
8363	1.003423716	1.1792317163509
8364	0.796509754	1.07782476591111
8365	5.8655476	6.81024060987398
8366	0.160680835	0.537322081212985
8367	0.916304305	1.0154600213547
8368	1.43614013	1.61161430035714
8369	0.48721378	1.02608238430357
8370	9.67062966	8.65217373751905
8371	2.04183991	2.56926095826829
8372	0.328230865	0.253104319599405
8373	1.55820464	2.08900149617094
8374	5.57813948	6.62562233124206
8375	0.80448051	0.960733250172396
8376	1.305211315	0.953154857482381
8377	5.3403272	5.76119127300575
8378	1.85289542	2.50082483286036
8379	0.919847179	1.13143319316792
8380	0.531982757	0.482821478570953
8381	1.045350603	0.833272137925
8382	0.900398175	0.842695899403333
8383	0.792279235	0.778637300056452
8384	0.229949806	0.329596820286111
8385	1.14458652	0.978694685995175
8386	0.7686129	1.0431219916744
8387	1.36096784	1.23824519997625
8388	1.42030255	1.14484895950856
8389	1.34476538	1.43214789200196
8390	1.93944979	1.22581759554095
8391	0.290252	0.300752204764815
8392	1.033314455	1.03415554039398
8393	3.55585781	3.19425593379247
8394	0.97814713	0.965437483051334
8395	8.98599984	9.78344529077778
8396	0.737500678	1.06552075096126
8397	0.288768229	0.293402984297143
8398	0.698122371	0.862927753799584
8399	1.56466646	1.60452277074125
8400	14.7547038	13.4863978816771
8401	6.14021614	9.02689248317647
8402	9.37346296	7.69227541014414
8403	7.21837165	7.29161856527273
8404	0.196568226	0.276546761050901
8405	0.836856864	1.04104585811488
8406	1.25025725	1.43094363733333
8407	2.70832298	4.78488282162083
8408	0.96812897	1.19821737234032
8409	5.00051406	6.11554784877917
8410	2.65230671	1.55055777823889
8411	0.251685167	0.442149140508333
8412	0.528599246	1.0128388482386
8413	1.55822761	1.63440131912292
8414	6.10079837	6.12163368081373
8415	1.09422585	1.18267171817588
8416	7.68812745	6.8366621743442
8417	1.651204334	1.72564204347475
8418	7.70316492	8.57164667756306
8419	9.14097144	9.22911525211494
8420	0.905243149	0.795436053919271
8421	1.276423386	1.20873482857927
8422	4.94982858	6.25767041351429
8423	8.03098324	8.9247588661
8424	1.224809175	1.1003676399641
8425	1.14950059	1.38382843566556
8426	0.94312944	1.22445445721094
8427	4.99400739	4.54131802175
8428	6.34363778	6.99443835005555
8429	0.983095236	0.872386716730393
8430	0.99437805	0.812555035862613
8431	3.41572519	4.33598504235353
8432	3.67444747	3.61515656304167
8433	5.65091239	4.83048826854023
8434	5.5529614	5.76505170735
8435	11.2489064	8.21255324755714
8436	5.70851656	6.5284066797
8437	1.19734239	1.36108580498843
8438	1.17387811	1.79776067137292
8439	0.9639664	0.879099074056579
8440	4.97707773	4.30641377478205
8441	0.423511249	0.387230380988571
8442	1.94969944	2.11617914799265
8443	7.46681196	7.5507624456875
8444	6.9483049	7.84497792927351
8445	0.571301171	0.852489015090909
8446	9.09893988	8.84481000071875
8447	0.493844071	0.991937521203333
8448	1.43812647	1.51862372418021
8449	0.784136709	0.996801626289474
8450	7.7267044	6.68255294730208
8451	1.063109505	1.57674101612613
8452	0.989851015	1.71050460150555
8453	0.778778216	0.851826024931945
8454	3.4342482	3.37189792001429
8455	0.265348066	0.221178797476389
8456	0.653845007	1.07878865672432
8457	0.881802798	1.04586049515528
8458	1.17841654	1.296911750425
8459	0.789478003	1.92550273249899
8460	3.69532694	3.15900009284561
8461	8.63276347	7.42812893841667
8462	0.82862363	0.96133238764596
8463	3.75041844	3.14186755963726
8464	9.1058123	7.05999105259921
8465	1.009017814	1.38194185856343
8466	5.33024148	6.51166640729667
8467	6.55901128	5.6136789455874
8468	9.55287507	10.4279008689444
8469	3.40427771	4.30919719093903
8470	5.9298303	4.98838282003333
8471	8.54765808	9.4735164270812
8472	1.19322747	1.02864758096875
8473	0.462960885	0.950047763782857
8474	7.13810278	4.34730245927778
8475	6.1171421	6.16253745234959
8476	0.589537191	1.00195494872714
8477	5.25726699	6.3215804508375
8478	1.2915862	1.34763316355203
8479	4.16346019	4.47111977643628
8480	0.833671912	0.829729198371569
8481	10.66295154	11.211011114601
8482	1.56400492	1.56459498964928
8483	1.218420115	1.08408709988018
8484	1.92801757	1.60169152426566
8485	0.794606718	1.05974032380375
8486	2.39607933	2.23402574207255
8487	0.313975815	0.565095444704878
8488	0.715355399	0.803011522002941
8489	0.88900158	0.83775647129798
8490	0.852767875	0.887703075757018
8491	5.52034523	6.08435387464062
8492	3.73865396	3.53913015276389
8493	2.2296497	1.79313148843333
8494	8.19847659	9.20943302173959
8495	0.340591543	0.422561455492391
8496	4.31062722	4.35849012334042
8497	1.44886965	1.13187408895766
8498	14.8295135	13.2134451345714
8499	5.87004275	5.85402347263063
8500	3.05171051	3.75395702516667
8501	6.76643717	6.75658221722222
8502	1.327424376	1.89365911625807
8503	0.851598756	0.794462726887037
8504	12.5664016	8.24827894569608
8505	6.6212216	6.28992750410185
8506	3.43299052	4.45683290953226
8507	3.94173552	3.51958431962302
8508	10.72210133	8.36977003287561
8509	0.760184489	0.943067086715812
8510	2.3309758	1.944469710074
8511	0.801904444	0.992033509709009
8512	1.200146355	1.59068551891917
8513	0.495476542	0.830540922423423
8514	1.19650459	1.16800254220185
8515	0.854755311	0.797099113288889
8516	0.725030935	1.09656876927683
8517	13.0715719	9.28489479814341
8518	9.29662232	9.64222907958333
8519	3.2113308	4.26346479893452
8520	13.8022984	12.2915105625938
8521	0.77636351	0.92044245449798
8522	0.603345446	0.677399191217105
8523	4.45362482	3.22736021235088
8524	0.752346446	1.01124783488056
8525	0.683386435	1.0359969853287
8526	5.56055778	3.94200304519445
8527	6.79429997	6.83114346553846
8528	7.83170445	12.2764802303935
8529	3.33259112	2.8972259005754
8530	1.126337485	0.923270838108108
8531	0.91383991	1.84315509489955
8532	0.259222713	0.292042143710294
8533	0.746058145	1.65634491487366
8534	0.817395344	1.36518879162692
8535	1.115326508	1.83385257161708
8536	0.327257266	0.399390307337319
8537	3.3677744	4.60824038393577
8538	1.00992317	1.11463819140429
8539	0.813422496	1.26622767156036
8540	0.346851003	0.205822083484553
8541	0.73509113	0.907986266029386
8542	2.80688345	2.9703336189
8543	3.92614864	3.12792316164474
8544	1.02660449	1.31949787893524
8545	2.56530182	2.5389136801875
8546	1.48527701	2.0632341052813
8547	0.596650491	0.980660596109047
8548	0.972415574	1.12595628526842
8549	0.737323188	0.874722428378704
8550	1.59316029	2.24863404123211
8551	11.5207879	11.5696288790444
8552	2.16697425	2.2772568994454
8553	2.60004281	2.63586514351491
8554	10.74957384	7.52433936705406
8555	1.245500674	1.20945899311616
8556	2.23982724	1.9640861801201
8557	5.15197218	7.37300350788597
8558	10.4111099	8.39744809802381
8559	1.88801035	1.85647297367149
8560	2.76004343	3.7102104834188
8561	3.36669801	2.71437563086765
8562	6.32419744	7.52686405485417
8563	0.76399948	0.855481106626111
8564	1.33545592	1.51202552824889
8565	1.94664072	1.54793346071932
8566	1.075444546	1.74436050000516
8567	2.35194366	3.16541784568981
8568	1.2203139	1.04065842168162
8569	2.2101658	2.16179560780882
8570	0.737574551	0.805216680868518
8571	1.31916787	1.56867774277208
8572	0.571941714	0.476009769798889
8573	5.41559539	6.4185945400991
8574	0.710540048	0.768301262591667
8575	1.223013656	1.3500890954075
8576	8.38456757	8.3341568381748
8577	0.924071576	1.31138910296441
8578	2.68855069	2.09075714722204
8579	1.16685853	1.22874267730714
8580	1.03979424	0.853207673301087
8581	0.200770484	0.309883454167054
8582	0.517596952	0.639844328627477
8583	4.46448105	4.985754815
8584	0.235967331	0.271642516092083
8585	8.70624717	8.14249837466667
8586	7.26766464	5.99239934410119
8587	3.82580058	4.80217596802193
8588	3.79547526	4.23125534715104
8589	0.257632769	0.361792482696296
8590	13.44675853	13.0551655699902
8591	0.342884158	0.35884228808252
8592	10.53137624	8.45036820759583
8593	1.03505557	1.30284252280407
8594	5.39515365	7.260575729246
8595	0.57310249	0.867099289585764
8596	2.22386264	1.72713703646061
8597	3.9526419	4.37644393944792
8598	0.81103419	1.12239467552311
8599	2.52173972	1.74590436624086
8600	4.6376846	4.52423876736765
8601	13.84381925	9.94771806076263
8602	1.46005788	2.11739351714474
8603	1.60463327	1.31394724511036
8604	6.7625351	5.57554107997748
8605	2.13088027	2.09212717225714
8606	11.79573101	7.16681973543678
8607	0.298799593	0.440321231884553
8608	3.43103912	3.4214224769697
8609	8.25628283	7.09136591037963
8610	6.86113036	8.97195938222685
8611	1.112373745	0.91389436560625
8612	0.921622072	1.6476419481062
8613	5.59103135	5.55141190017143
8614	2.91469619	4.23909253555714
8615	6.61712919	5.85905666915657
8616	6.14307781	4.87657342448198
8617	5.36230256	4.69053975526316
8618	3.44132237	3.16414713090244
8619	2.83302339	3.55117824003409
8620	1.2378844	0.985031656340196
8621	1.085274396	1.25274970433667
8622	1.16003248	1.81764090104792
8623	0.204184866	0.354978228754762
8624	0.239215413	0.292542265077951
8625	3.56307272	4.11629210959829
8626	0.838352698	1.07826353920049
8627	1.17646961	1.82419325004634
8628	0.73767658	0.92383400950935
8629	0.8552295	0.980795752981349
8630	8.71378627	7.64854491523529
8631	3.5841643	2.76648340138095
8632	3.21913473	2.70564400888596
8633	6.3489331	4.47396118629457
8634	3.00152027	3.56596562946032
8635	2.49674305	2.7321073358641
8636	5.3924363	5.03634117476812
8637	3.27970306	2.36637995625463
8638	5.51854763	6.70274367995529
8639	0.275333847	0.250313246643103
8640	1.90786477	2.43350761365854
8641	0.651785618	0.862251874276191
8642	0.617369671	0.890889796608559
8643	0.786570171	0.970618101124797
8644	6.90165816	7.16416278322222
8645	2.76937572	2.71295707689744
8646	6.16888757	5.69749209268982
8647	5.45517821	5.19932919160655
8648	1.4588953	1.15097512981296
8649	1.15572828	1.21198377671341
8650	17.814282	15.5748194373167
8651	2.29767464	3.51411626318919
8652	11.5130091	8.54278631858823
8653	2.12805508	2.4049411509213
8654	3.8598734	3.28845655700813
8655	0.817795879	1.18541694232356
8656	1.74461112	1.65848339447281
8657	4.04235739	4.33388190394445
8658	10.4531204	8.88663825895588
8659	2.62772267	2.17198442589242
8660	0.907122145	0.961744918408333
8661	3.87101843	5.21411499732381
8662	0.585595701	1.03309223147817
8663	2.082050714	2.4374548995438
8664	2.7314843	1.65011622147421
8665	1.086603432	1.23142605575135
8666	2.42042716	1.99253626502072
8667	0.237401855	0.363296322794762
8668	6.78716572	5.8737933087
8669	0.96849717	0.919365776857407
8670	1.55824136	1.94086699222917
8671	4.39622997	3.88589079727143
8672	3.65832206	2.717403797
8673	4.52314663	5.15315303084375
8674	1.86714129	1.98919444490074
8675	3.7183223	2.7763820565921
8676	0.669909851	0.824624551346124
8677	0.73296111	1.00156212971261
8678	0.27741898	0.346428113626882
8679	7.0002627	5.36379244389506
8680	0.924998385	1.09013647436707
8681	0.229930323	0.28012143055625
8682	1.80049399	2.86311363213979
8683	7.49426801	9.52263861829032
8684	1.07786363	1.61685354721417
8685	1.14011683	1.21397103991757
8686	2.30646774	3.61149101796566
8687	6.16215565	4.43080058294574
8688	1.035604774	1.20790087890859
8689	4.20535986	6.0440831294049
8690	0.822394796	1.20897274606535
8691	0.792871444	0.958643753149099
8692	0.648286863	0.844869638145455
8693	2.3328625	1.57285644101667
8694	9.24469514	10.3283281715155
8695	6.2220729	6.59026428142473
8696	0.33825854	0.883198751128922
8697	0.394962003	0.436175682341441
8698	0.214645768	0.304823984332258
8699	7.46843872	4.50205718835748
8700	1.060166576	0.980055419456896
8701	0.980086008	0.844244447013542
8702	2.20191506	1.65087684353943
8703	0.199426666	0.253331700983333
8704	0.993935196	1.40408659696473
8705	2.22649263	1.46113732366667
8706	2.7994264	2.69393196571951
8707	2.36737681	2.33206562926574
8708	0.743120969	0.920351570710606
8709	2.08534306	3.40078180411905
8710	1.30157799	1.12835675384484
8711	0.459658737	0.426119098364286
8712	5.59773948	6.8161270739009
8713	3.22106646	3.57359208071171
8714	0.780587789	0.633483295861428
8715	7.11957517	10.7759907143876
8716	1.11750431	1.04729212986611
8717	8.15640655	6.66065438300901
8718	12.56915544	11.5849302681494
8719	0.992176906	1.0395270963955
8720	0.99607936	1.42913402934048
8721	0.485183164	0.738607266541667
8722	0.79080003	0.603812387110965
8723	8.1958741	7.29553521322043
8724	2.44270781	3.73933746921951
8725	10.987622	11.7356025770417
8726	2.43205534	3.30977428103333
8727	3.13667771	4.95598146311842
8728	19.66546164	12.0968277426724
8729	0.428406717	0.348542812556111
8730	2.18498458	2.59293597445194
8731	2.04911482	1.90454411849595
8732	4.21008767	5.4280219970875
8733	1.30275081	1.3391614182092
8734	0.266205601	0.246783672083824
8735	0.251923357	0.271703220260811
8736	1.40528568	0.97792218761954
8737	0.69756048	0.767773790696053
8738	4.96285737	6.1227313943374
8739	1.03401974	1.16326173284375
8740	0.64554931	0.761844587165766
8741	4.08828349	4.09768058734211
8742	0.493725541	0.364652939769048
8743	8.28891337	6.62847129211616
8744	3.09506264	4.21341560916667
8745	0.180530062	0.25785042082957
8746	0.284433014	0.314540019250538
8747	4.04559194	3.76868502510965
8748	4.69773395	4.9269301800641
8749	8.69366985	5.7107967443018
8750	0.972052376	1.06272090244504
8751	2.03082161	2.51548668532184
8752	0.890068765	1.76922378974323
8753	1.20603641	1.10363130908594
8754	6.14497574	6.68823002585271
8755	5.30853117	4.59236853
8756	1.195161575	1.75129023271074
8757	1.834257352	2.63972862756389
8758	1.49334409	1.1892258325518
8759	7.87299088	6.51256003137334
8760	4.50851599	5.12614342007353
8761	1.758538175	1.60150760090521
8762	3.10560294	2.37684057322018
8763	0.906080854	0.999209424889815
8764	13.2384556	12.3451605246216
8765	9.2078776	8.31793773148062
8766	2.60888497	3.98941565842544
8767	7.04385128	5.70038556637778
8768	0.745960526	0.700290995379762
8769	1.66331059	1.69204712215286
8770	3.6471468	2.83455453170098
8771	18.7666263	11.1634955094505
8772	0.85132943	1.08597748591167
8773	1.016188886	0.985222002008333
8774	4.5399626	6.92786731700079
8775	0.976257086	0.941160951714865
8776	1.18361542	1.08941570740976
8777	3.82733314	4.62571507374479
8778	9.534802	9.50730141840104
8779	0.487502291	1.14140346945741
8780	0.54913485	0.959574940221138
8781	7.55451652	8.7536665192265
8782	0.950543335	1.63840002822527
8783	1.118620296	0.91666188419125
8784	0.351743644	0.368580506125225
8785	3.17191425	3.00036458048611
8786	1.86600259	2.74288901646429
8787	0.265978247	0.281286610482936
8788	7.98566146	10.7368924118158
8789	11.5947206	9.45327339266666
8790	0.737692066	0.82245321425625
8791	3.06147582	4.46891123479167
8792	3.88827795	2.74039220096078
8793	4.72154976	4.500769245325
8794	3.15202812	4.81525319272917
8795	5.79397967	6.19422452794309
8796	7.33187989	7.51077704388172
8797	4.07532782	4.73061590620076
8798	1.074850494	2.77931200688095
8799	1.457491365	1.59989097533556
8800	8.64588841	7.17398318673611
8801	3.77349685	4.17482586065238
8802	5.41701112	5.97599023237037
8803	4.15408245	4.6590312367625
8804	15.0075176	12.3345376094676
8805	3.97752289	3.41009844970638
8806	0.988577735	1.0711471916737
8807	5.9291917	6.92777018548889
8808	0.946514406	1.5318261320819
8809	4.08535347	4.37126775106566
8810	0.746645026	0.847912721291204
8811	0.310543342	0.326169001525
8812	1.421009599	1.61373046484009
8813	1.11689201	1.10970221310857
8814	2.5892464	2.5886462614359
8815	0.568911154	0.822534510206452
8816	0.666787231	0.799804876892803
8817	0.658791205	0.578561588017105
8818	4.66581901	4.66464250215315
8819	5.97549807	6.60685657452846
8820	0.796060705	1.00055530128131
8821	0.757960254	0.742403451037281
8822	0.832284835	0.916244543907407
8823	0.662753254	0.767654635225714
8824	2.53314658	1.91776895663535
8825	0.401423165	0.741572654099583
8826	9.24892016	9.76654771874286
8827	2.43745607	3.48675280542222
8828	0.244616397	0.294711299635648
8829	1.46986955	1.39172687068021
8830	6.9606123	7.26250961023529
8831	2.78960176	3.44430852668421
8832	8.1706444	9.35208485964957
8833	1.95343398	1.59162933843143
8834	3.33775	1.88359967106463
8835	0.766396608	0.75910598169875
8836	1.90492457	2.45622845783333
8837	3.20591196	2.73923228344853
8838	1.106582614	0.899853682695588
8839	4.17804994	3.87948571623246
8840	2.95344177	7.54352924470968
8841	2.27173799	2.34561242533023
8842	6.44483886	8.35538713391861
8843	0.879722091	0.966172188327619
8844	1.75598092	1.1902204731581
8845	2.6576923	3.49381087632917
8846	9.05752712	7.86615552180417
8847	4.79971808	4.82945377757576
8848	4.40901812	4.4993793664381
8849	7.9334039	7.59700476386458
8850	0.89169265	0.993142348231944
8851	6.11026719	5.4801384059386
8852	0.684797026	0.651852062983333
8853	1.039175724	0.885862423387719
8854	2.38076637	2.52726859893873
8855	1.12118702	1.26041114457524
8856	5.2824121	6.81193416160139
8857	1.447189305	1.50489037584619
8858	0.708006764	0.925470855492963
8859	0.329741434	0.340990480801191
8860	13.3265607	14.0328207110265
8861	8.7769337	6.50846723228889
8862	4.65615127	5.66610216693981
8863	6.82888332	6.09069851251626
8864	13.3083933	11.0618057484048
8865	0.863049225	0.912180954123437
8866	0.48154311	0.441597636766667
8867	2.77218418	3.84773922454545
8868	2.36232943	2.86745266169149
8869	1.97818131	1.25159360175256
8870	0.258600532	0.290747896926923
8871	1.08931716	1.09659855850772
8872	0.637190044	1.17667235288171
8873	3.72284432	2.63594322978547
8874	1.46939132	1.50570126699786
8875	0.335014979	0.300567936361789
8876	2.38456678	2.73723368010684
8877	3.95415003	5.07802531016667
8878	3.19131052	3.20708380128009
8879	2.6468831	2.59983761488597
8880	0.669241453	1.14297333464187
8881	5.59981007	5.61601324112857
8882	4.87631108	3.92857533852833
8883	4.6590475	4.93485451561508
8884	0.276760406	0.337861314523171
8885	0.421888586	0.484077279489286
8886	6.1709735	5.40400852708772
8887	13.9692297	11.4270062329024
8888	0.86107815	0.760224195492778
8889	0.81879636	1.19900006910381
8890	3.83026943	2.90342665533854
8891	5.09416765	6.28531091044444
8892	8.2699322	8.31889740931771
8893	1.193544685	1.09486956271053
8894	0.93463493	0.756883116983854
8895	0.719526979	0.999225979373913
8896	1.2380264	1.93811168855253
8897	14.5979831	13.3966216495312
8898	2.11815178	2.56371939893214
8899	3.43589301	4.08714250293902
8900	5.88187101	4.72868857524324
8901	6.0534122	6.89373754611274
8902	0.890968036	0.73584648645641
8903	4.25606521	5.29424822954583
8904	1.238996275	1.4114235845504
8905	1.088787029	1.11930592704213
8906	1.02142744	1.23290076611552
8907	0.43089193	0.509668684871825
8908	9.35401471	8.08747408859524
8909	0.94112694	1.16020039971216
8910	1.76533738	1.38577793971783
8911	0.531305644	0.818811211954505
8912	4.26835261	3.65539685276357
8913	2.6272743	2.80617743505556
8914	4.83788825	5.54056474331579
8915	14.7763014	9.32160360933772
8916	10.85609721	10.5444573130833
8917	1.98886435	1.89445752881539
8918	0.779384395	1.12905580900263
8919	1.30173988	1.61591348891048
8920	3.05288635	4.26083026485354
8921	2.90618757	3.79294200295238
8922	0.186939579	0.214550943495238
8923	1.005947084	0.985050594208547
8924	0.489977958	0.666306283100355
8925	3.52639749	2.6781474611451
8926	3.02084032	3.28847436842735
8927	1.40847068	1.30016996153111
8928	3.29243754	4.24773592042361
8929	5.24001201	4.64310078588571
8930	4.25794554	4.15768702117391
8931	0.875839966	0.819116477420834
8932	8.14694972	10.0584621926381
8933	0.874720096	0.895250567593519
8934	1.735556066	2.77160562700392
8935	6.61853729	6.6508549656875
8936	0.471509181	1.22342582987095
8937	0.62083157	0.562843498462963
8938	7.09813473	5.6937739833
8939	0.878248416	0.941670713065385
8940	5.76009136	7.82846033546341
8941	7.4849499	5.77605947454274
8942	6.34295371	6.13368097671212
8943	1.90543419	1.48402104471775
8944	0.807651844	0.87488969719065
8945	9.28834585	9.14985112021053
8946	2.81189279	3.3120037798018
8947	1.89652425	1.86480098569737
8948	1.484110916	2.27546889297222
8949	4.11560989	3.03054170553704
8950	0.803266284	0.8510393823
8951	3.06243315	1.75328572000619
8952	0.478511594	0.316415876926744
8953	9.79750837	9.41510412575833
8954	0.80483924	0.910427121674583
8955	1.48640146	1.44290440982222
8956	1.96221367	1.45319501105139
8957	1.464406776	0.903451908070086
8958	1.03889167	1.20173963349905
8959	0.193572564	0.181667718097292
8960	4.70186762	5.98962181051042
8961	0.718778918	0.967769702083783
8962	14.73024227	9.78633105506349
8963	7.31057076	5.96978357927083
8964	3.38060245	4.14245554034896
8965	2.04277685	1.86116018345447
8966	6.61226385	5.77112028143889
8967	1.50678326	2.46446335050427
8968	3.58837596	4.54952676021354
8969	7.58202212	5.87807089918803
8970	0.431839918	0.318580046000877
8971	0.624860322	0.975455823885354
8972	2.4476674	3.09071441365741
8973	4.52414133	3.00901610264352
8974	1.77376777	1.87375703256759
8975	1.29986243	1.05010093351302
8976	0.911172254	1.11683908139375
8977	4.44431447	6.14413475938095
8978	10.41440258	7.83952631563008
8979	6.24124228	6.60056191260163
8980	8.8935468	8.43521329436782
8981	3.02584736	3.04707691513561
8982	0.471684718	0.728085417961905
8983	0.669845635	0.795775789355556
8984	1.17225949	1.37707901173381
8985	4.48365908	4.16137302397807
8986	0.866865476	1.04051648295139
8987	1.07790257	1.16168838456912
8988	11.0041202	8.75263105964368
8989	2.06765313	1.76575364217262
8990	1.46007692	1.57153775883423
8991	10.08614038	9.87191057643902
8992	1.048069926	1.04964977227727
8993	2.47767379	3.72008215438596
8994	3.47225125	2.60521602047436
8995	4.9182989	5.49629407184054
8996	2.48200986	3.04237849037745
8997	4.31324906	6.5188910796
8998	1.99717458	2.5905365405
8999	1.43557572	2.03358609674167
9000	0.494581873	0.941780447309127
9001	1.84373754	2.48465148604
9002	7.44306171	8.25704552509524
9003	2.33825095	2.07756989146625
9004	0.927572176	1.04265225396992
9005	6.52025451	7.99610600107071
9006	0.790406906	1.09646628683472
9007	1.5646853	1.98055131723375
9008	7.19015276	6.30990567127604
9009	7.4720875	8.47485666040686
9010	1.69250858	1.9237458870125
9011	1.34867968	1.44436021758063
9012	1.043978115	0.927542479015238
9013	0.9281958	1.06217599815938
9014	7.14174167	7.77352966282184
9015	1.18320901	1.1203171116719
9016	2.34070069	3.12787508841625
9017	4.12735659	5.86986908134884
9018	0.85448646	1.17006622522658
9019	7.82294586	7.90235369516667
9020	1.18550805	1.09478538075543
9021	2.50346482	2.12148453787521
9022	1.355381256	2.9132119237359
9023	12.16889335	10.1323293970455
9024	10.31151851	10.5712510632402
9025	8.41622453	7.75291686162593
9026	1.205960731	1.11430141165042
9027	2.89941892	2.53650130451282
9028	1.4968935	1.37074558683778
9029	2.24922392	1.73200928923286
9030	7.15523344	6.93908685295614
9031	2.95964297	3.9868961609079
9032	0.334582683	0.398679512171171
9033	0.662392834	1.0152811417955
9034	1.88894938	1.70940413420894
9035	5.08312306	5.99418006600427
9036	1.04474484	1.27022049324103
9037	7.77109327	5.49945253037607
9038	2.87048287	2.31864892353063
9039	1.174262725	1.39045251186447
9040	3.01632896	3.62989419664634
9041	1.033448295	1.15648817007297
9042	1.78281794	1.87847576039697
9043	4.64344569	5.24272143476423
9044	2.1246364	2.18423914115252
9045	1.076083985	1.56225761928289
9046	4.39955265	4.15501637195052
9047	8.89440185	8.85896404326961
9048	2.17029718	2.44246590620098
9049	6.71966236	5.99586990709196
9050	0.812432466	0.939637930352222
9051	5.0826767	5.54449441827051
9052	2.34254253	1.9332598609025
9053	1.057512766	1.12231636412456
9054	1.0678176	1.58461984336825
9055	1.55462246	1.45150924925426
9056	1.70757879	1.23701533271865
9057	0.517916761	0.713981907015315
9058	4.49997832	3.76040278947368
9059	6.32830012	5.81066267421296
9060	2.41124288	2.3511474689129
9061	2.78577328	4.17533001282738
9062	0.585058628	0.689604542931579
9063	0.95670187	1.07719047738381
9064	4.26111841	1.78198870793333
9065	9.08712584	6.51002925166833
9066	0.660510346	0.809276636988257
9067	0.538481225	0.664890620129924
9068	1.56368081	1.2614586799037
9069	6.90637515	8.44359452129915
9070	0.94146423	1.69478370602692
9071	13.8842882	13.6730106600244
9072	1.67663472	1.26514026685619
9073	4.85444603	6.36210262855714
9074	7.36622382	6.6329267241
9075	1.20800734	0.924202626082759
9076	0.73721099	1.8817712727481
9077	1.32922849	1.13195415125395
9078	1.79178837	2.5300361654
9079	0.808131426	0.789613280663513
9080	18.3344659	12.6066534068871
9081	0.298092036	0.358272818081863
9082	0.635682761	0.796395129942188
9083	2.48520103	2.42435292412588
9084	11.2081216	8.63443703657843
9085	1.98663079	1.51173281844886
9086	2.36564185	3.09617262136559
9087	2.29547447	4.62489429976587
9088	5.38313732	5.78283577553623
9089	6.66002832	5.91823716021429
9090	10.95967612	9.80646658400833
9091	1.76375658	1.47499515602027
9092	3.08141894	2.77802936768106
9093	8.98208288	8.67107610715873
9094	6.40542794	6.99649567529902
9095	2.05027738	2.11704073824419
9096	6.27321033	4.44645624239506
9097	8.99731725	5.99545844568217
9098	0.673350336	1.38930948244423
9099	1.4084913	1.17183387534778
9100	3.83698812	4.43908289269524
9101	6.66114172	10.4093320168048
9102	8.29262214	6.56097347251961
9103	0.528410373	0.675170248824479
9104	0.710044309	1.28512506296974
9105	7.72965296	9.21758501955556
9106	3.05722415	2.32389285297211
9107	1.0907116	1.12877962348289
9108	0.575543365	0.735462391096396
9109	0.274796889	0.359179263213008
9110	3.80150787	3.65557903343678
9111	0.704453145	0.903292690808046
9112	0.963567499	1.19088960967724
9113	10.41562385	8.91569113398684
9114	6.46083701	7.76501799022917
9115	0.325639529	0.281115488001389
9116	0.824689585	1.39321376891919
9117	1.41773457	1.4184949420995
9118	1.68025554	1.26458536287195
9119	0.298345894	0.512079688396667
9120	1.06493386	1.53553717318288
9121	8.83064423	8.37154379165041
9122	6.18989787	6.58488315719444
9123	0.296870242	0.446417469494444
9124	1.027563364	1.25077773209352
9125	9.40551616	9.46455838239316
9126	4.64488129	4.07496904171212
9127	1.05410005	0.924647791103947
9128	5.21317791	6.06117330817568
9129	2.48363685	3.22664257350833
9130	0.280244703	0.317751005056746
9131	4.85894468	5.76508334390952
9132	0.98515968	1.38923241346774
9133	3.99594707	5.54772939403089
9134	5.10533354	6.08376892871368
9135	1.44889025	1.42904094545225
9136	0.271637821	0.332028388615714
9137	1.319448524	1.27057421188276
9138	1.614524095	1.90000003874333
9139	4.76480917	5.46052089782883
9140	4.77854329	4.62970868152992
9141	0.627055125	0.94084214920619
9142	2.93621808	4.04289104143333
9143	0.86772047	1.05836918623333
9144	1.4922852	1.27136205637167
9145	17.6386618	12.4870861494762
9146	0.98694643	1.03077246846615
9147	1.00088449	0.975458379842342
9148	0.259081497	0.259143272955714
9149	5.45015566	4.72877990990909
9150	1.53853603	2.51318158037381
9151	3.28969696	5.13995409287719
9152	2.03499673	2.03895676753086
9153	2.31935361	3.05857930159167
9154	0.378906204	0.354512649453646
9155	6.6174306	7.2696431419899
9156	2.06577549	2.5629819532265
9157	0.840509865	0.821907324867677
9158	3.93688682	4.68580291441667
9159	0.759951466	0.90592415967125
9160	9.2574507	8.77267500124138
9161	1.26669612	1.29991214079542
9162	2.73209678	1.41855900579342
9163	8.4060014	7.52827978829915
9164	0.824698866	0.825322939715741
9165	13.51861604	14.8352523071094
9166	5.95033284	4.32716858201515
9167	1.75237113	1.27699813345586
9168	0.661285537	0.428807993819136
9169	2.90446255	1.26823098297704
9170	2.82877756	2.15635084079167
9171	13.5029527	9.08712391679047
9172	9.58874817	7.40521910465714
9173	10.9602971	11.5643570426097
9174	1.00638733	1.44164307590926
9175	0.54569555	0.615364473175
9176	14.02503537	10.1346407454875
9177	9.87184293	8.85546218276667
9178	4.48611693	5.96109487220635
9179	0.245082971	0.530778734606863
9180	9.35996717	6.74168702606838
9181	1.38848268	0.980520975710228
9182	3.40895368	3.05201517897083
9183	0.630449064	0.916322338236667
9184	0.491372427	0.493741160400538
9185	0.839785816	1.18179417203423
9186	0.83440421	0.734880083268572
9187	1.39210691	1.30090737237292
9188	2.96902163	2.41903036587698
9189	0.238112589	0.258590549985859
9190	5.3625552	7.47019995462626
9191	9.7811602	9.05378130883333
9192	1.088257556	1.55360321312132
9193	6.22377987	6.96905890276389
9194	9.70580315	6.40306079939744
9195	1.95206481	2.52463915639316
9196	6.57437091	4.74084971342793
9197	0.94589763	1.054779664975
9198	1.02745886	1.99019544940746
9199	3.08801096	2.91456747206098
9200	1.10704246	1.38497919352857
9201	1.216892005	1.38437080270894
9202	0.734777574	0.744029433314762
9203	14.8671836	15.1367905320315
9204	3.95102974	4.32747819978922
9205	0.745139889	0.728615916871667
9206	0.934325227	2.26767994566937
9207	11.84449023	15.2019195372607
9208	0.441245976	0.228969609044444
9209	1.260633815	1.86899251504445
9210	1.041858626	0.883383135089655
9211	0.836659651	1.0345536974408
9212	6.29701506	5.03782601119892
9213	1.232076096	1.88725748702931
9214	3.16423358	2.69161389784608
9215	1.83432947	1.5848029557443
9216	0.518126976	0.523244076138235
9217	2.78774168	2.41353952721587
9218	0.714935055	0.846621239243011
9219	3.13215353	2.85416304519231
9220	4.68343	3.5151692287069
9221	8.16595842	8.22009011342129
9222	19.6566057	16.2841230878021
9223	1.97076774	2.03608229537241
9224	2.29770243	3.10877292145714
9225	1.083729054	1.01115446992417
9226	3.67834916	4.62959134756771
9227	1.14200508	1.0054213230953
9228	0.959036862	0.672082115692683
9229	0.386408699	0.295225281200575
9230	0.627921602	1.00497826001036
9231	5.37309339	7.06021410403448
9232	1.3886303	1.42496321505741
9233	3.72657798	3.60788722354444
9234	5.5225525	6.2776021305
9235	0.817421415	0.88839973194881
9236	7.62049654	5.84064025697396
9237	0.847698184	0.856772699901334
9238	0.89625154	1.1265497622725
9239	1.76278192	1.82275558302794
9240	4.86867092	5.50100211130556
9241	0.716389969	0.768562302916667
9242	5.6714125	5.82807590136979
9243	4.36741044	4.21929625376667
9244	5.50120375	4.82617305770076
9245	1.99298932	1.93585545168106
9246	3.05884036	3.65958363581532
9247	5.21893787	5.50003539947143
9248	2.75124689	2.16657989891042
9249	2.93130205	3.04288616614394
9250	0.344841482	0.393680202404348
9251	4.83854326	5.01886623140651
9252	7.23221695	8.90160776181944
9253	0.961523449	1.09663180279386
9254	4.22658031	4.54188898895417
9255	1.28076663	1.21517387614053
9256	1.51507834	2.19123303107476
9257	1.0789285	1.07517336564375
9258	3.79478582	8.19620756071277
9259	0.485439669	0.798794124096429
9260	1.53427248	0.985391670056018
9261	0.428580232	0.266823057736487
9262	0.582296243	0.691167010415447
9263	1.663555605	1.67735509562917
9264	1.89190092	2.30506469631802
9265	10.97647666	10.8772328174472
9266	6.5049467	6.52862233831111
9267	2.47287901	2.61957589166301
9268	11.32151265	12.17225500825
9269	1.74557231	1.52958659684231
9270	1.43043122	1.46235941601707
9271	0.7117161	1.05229795113714
9272	0.707510739	1.12638803538485
9273	3.3548027	3.62775555119608
9274	1.71025231	1.15739415060684
9275	0.423300473	0.380091196444444
9276	4.02866687	2.45867314320202
9277	0.758456322	0.806861698501471
9278	9.6020654	9.60791907997675
9279	1.66158388	2.04443115417741
9280	0.667249284	0.516527350153646
9281	1.89631745	1.47295153707886
9282	1.005123245	1.15344946585232
9283	3.487232	4.80978974181721
9284	0.731895663	0.830420359239744
9285	1.62622363	2.32163516577187
9286	4.09332245	3.707313365
9287	0.585134694	0.845924830101802
9288	1.650816935	1.62667038975952
9289	8.91687797	4.42236105205039
9290	6.1345218	8.329221377875
9291	3.58124238	3.99195794124194
9292	0.911368585	0.995638182045714
9293	12.8102069	10.1193986125682
9294	3.03932605	3.61974448913333
9295	0.434729422	0.466747231881439
9296	1.435762376	1.7258464396037
9297	6.8926599	7.57191386285417
9298	1.30390587	1.30346957938646
9299	1.25288483	1.11723312623118
9300	1.24236331	1.18409377241927
9301	5.80134787	3.70605212515238
9302	1.85066024	2.13377411603721
9303	6.13202073	6.38896080195312
9304	3.13996099	3.64180406012963
9305	1.006234324	1.22532352522732
9306	2.48949763	2.48246027962598
9307	0.916548514	1.12570711031481
9308	3.16473079	4.41451707359678
9309	0.244285754	0.891678897475981
9310	7.41332366	6.84840322015217
9311	5.68486712	5.78703639813095
9312	0.97784294	1.01009584200385
9313	0.416595898	0.31466087109619
9314	0.678212632	1.0024964074971
9315	6.77797699	7.9579035857451
9316	1.620900616	1.77763401561711
9317	12.50351719	11.9501248973333
9318	12.4189223	12.3785949730469
9319	0.185260205	0.250612043490741
9320	11.66924372	6.54562937697059
9321	4.5288532	3.94120459267708
9322	0.1771877895	0.236899154526667
9323	1.031527576	1.15653191019024
9324	1.364097945	1.42516229357248
9325	0.995710325	1.19959325859962
9326	5.82925524	5.87068406490686
9327	4.9986237	5.76413167263333
9328	1.52095182	1.9905752478919
9329	0.616773847	0.871996002261539
9330	3.0022975	2.25392028657658
9331	4.44058853	5.4188954272549
9332	6.55360589	9.61447982706771
9333	2.23063518	1.7202028273451
9334	3.24669529	3.05228730973171
9335	0.270959028	0.337836600114
9336	2.39573192	1.29238153573288
9337	4.21155178	3.77331210995644
9338	1.32026947	1.19260830465735
9339	2.48891663	1.76901017112917
9340	2.02390731	2.37315875366228
9341	7.45980083	7.70191119999621
9342	6.60213187	7.29889870833681
9343	1.087794185	1.10526622775856
9344	13.3621407	14.3295352540513
9345	0.884359738	0.823788715635
9346	1.22227822	1.1400658116348
9347	1.0378782	0.982820410650877
9348	1.034464474	1.89652589504206
9349	4.36288772	5.47343263681532
9350	4.18354314	5.93007149235354
9351	4.39419652	3.90794741761667
9352	0.94808881	1.06899254300119
9353	5.91762678	5.95996732551626
9354	5.64411424	6.73518319597475
9355	3.5836024	4.15055356419524
9356	1.16534361	1.39440400542879
9357	0.747560116	0.977519462267129
9358	3.83015637	5.17281078622381
9359	5.95099563	6.75354533274731
9360	2.50214855	2.83946246741912
9361	5.13093115	6.20157149024731
9362	12.02531379	12.9316602978081
9363	1.09754498	0.969727098514761
9364	1.383910674	0.742015320660101
9365	3.43663522	4.48970275401191
9366	0.217220797	0.244356831153947
9367	4.76686202	3.89675198992444
9368	0.582163406	0.784511166696667
9369	0.844450057	0.915820173172222
9370	4.82403987	4.90116767614474
9371	1.32288172	1.52703604008846
9372	6.54762994	6.76018329280833
9373	4.48360679	4.38699567719048
9374	4.57419273	4.62773591340278
9375	3.85502866	3.9007114819188
9376	4.46043689	3.53869973500606
9377	0.665455034	0.984198885319658
9378	0.275721504	0.323146111067544
9379	2.35278728	2.57265417556019
9380	2.28508881	2.34695514351111
9381	0.346654799	0.216448921615833
9382	7.5361838	8.2492411760921
9383	1.04146837	1.31651809141771
9384	0.971022716	1.00614101863867
9385	1.89284519	1.47874402293509
9386	0.200310254	0.249432058776535
9387	11.69499096	10.2989401269
9388	7.95870611	7.30113763694762
9389	6.95221821	6.95181623867083
9390	3.10306892	3.90118377806667
9391	1.95513199	1.70795007625833
9392	3.91214989	4.14496071978333
9393	1.178991994	1.82019696907204
9394	1.19005344	1.57437848939074
9395	0.281058203	0.226207557822368
9396	0.319003394	0.328510044025
9397	5.83779693	5.47529455168182
9398	0.27548149	0.255568914875309
9399	0.871120571	0.838383347128431
9400	8.93402491	9.23754961458797
9401	4.90308078	5.3123332232735
9402	1.661273935	1.60530517361748
9403	1.4202138	1.30838175954211
9404	5.37715793	6.34657018860965
9405	1.47903222	1.68723402410042
9406	8.34347725	9.06480877811574
9407	5.18456597	7.48975787428125
9408	0.990638192	1.74827341926396
9409	1.171007514	1.35101960329625
9410	0.196397776	0.251366800807724
9411	1.801983495	1.64941009190658
9412	7.0673132	7.57986303736842
9413	2.07954382	2.04348627945045
9414	0.925559184	0.921039609745614
9415	1.484811216	1.3583683868925
9416	0.189779974	0.263693473277193
9417	0.726913856	1.03779509452103
9418	1.344787635	1.26543617510093
9419	0.223511797	0.330133659852976
9420	1.44074957	1.40507802088925
9421	0.57021199	0.764283384415351
9422	2.12664848	2.02256384923542
9423	0.180781095	0.269150408207658
9424	3.69009189	3.97336332086869
9425	6.14244894	5.69546375322685
9426	0.961890721	0.905560864210555
9427	1.40101775	1.23424298336594
9428	5.59220415	7.19303216669444
9429	2.70825055	3.09653638452632
9430	2.21126322	2.30067751372241
9431	0.489604767	0.718067048833854
9432	6.60207735	5.35677768914286
9433	5.39141286	4.23556663093561
9434	5.55163684	6.57261219917083
9435	1.00780503	1.01387612879778
9436	0.91103974	1.32051851487667
9437	5.69914652	5.90989680362903
9438	7.93364315	6.38601701732433
9439	0.706890401	0.630766710147748
9440	0.68623045	0.923100000050952
9441	2.98441487	1.71659126383829
9442	0.70001928	0.706155071464865
9443	2.79453109	2.97999362277991
9444	0.699037569	0.893925815451667
9445	1.858161	2.36666477061333
9446	4.49622409	5.00729810476496
9447	0.373025915	0.357796843830417
9448	11.42450314	9.99494255960507
9449	6.75385769	7.40170337866216
9450	5.80731185	7.2437657180375
9451	14.10239915	12.9582507470135
9452	3.24991335	3.15929601870496
9453	3.56124022	3.80847367606579
9454	0.744462553	1.33027255158596
9455	0.796888475	0.623206420445588
9456	0.537814008	0.796389768425194
9457	0.530928892	0.519964550066216
9458	0.826942035	0.838524241352941
9459	5.90325413	5.09459811013333
9460	0.569182997	0.467041363068376
9461	9.39444584	6.36331690813492
9462	1.003503874	1.37960569033843
9463	0.887520656	1.09197627223077
9464	2.05047003	1.67014567436838
9465	0.717494771	0.836172331034616
9466	4.90377238	4.62333501558333
9467	8.59223515	10.1462275647939
9468	7.97918034	7.77896120080598
9469	3.63561621	4.78356799143678
9470	5.72846932	3.65449985011111
9471	0.695559828	1.17670200860245
9472	3.63205233	3.28531770803205
9473	1.146988339	1.76056958639865
9474	0.96217975	1.34246090767031
9475	0.243701974	0.669761213873148
9476	1.152195434	1.37884018735658
9477	2.30248206	1.84495506478905
9478	0.296424299	0.369053309426768
9479	0.685083585	0.606446814007895
9480	9.40165966	8.67436065868699
9481	0.773512274	1.10279718280983
9482	7.91084894	8.2454639155404
9483	12.30112829	6.77910813618889
9484	1.76958695	1.74833955863699
9485	1.05863555	1.43012333074138
9486	0.252310376	0.274314768845833
9487	6.70135199	8.51073818551905
9488	2.81897075	3.88498420398684
9489	0.543786866	0.794096044540686
9490	8.6628438	10.7291903407222
9491	1.25060139	1.07102971433862
9492	3.34669037	3.8572144112037
9493	13.8608349	13.1123338508982
9494	8.62064144	7.67724808002451
9495	2.72287687	3.41010922592929
9496	17.5284833	17.6433532523333
9497	6.33685375	6.35785279895588
9498	12.0413628	10.3682080103496
9499	2.7155189	3.94852010261261
9500	4.5371079	6.46794485910714
9501	1.92921354	2.12208419249524
9502	0.613483832	0.336518168824775
9503	6.09743819	4.92962737255682
9504	1.4075034	2.05192157308438
9505	8.11626486	9.32312377018687
9506	1.00813681	1.15842494909063
9507	6.61575994	6.71176768837356
9508	1.52258031	1.29318566041458
9509	5.36600962	7.45722974056061
9510	7.10269809	7.75190769525926
9511	4.77761272	3.77570663214431
9512	7.86732266	8.48010175867816
9513	0.761730309	1.10318980191566
9514	2.82201666	2.24311522591292
9515	9.83683726	7.96791641767105
9516	0.777850196	0.750278574575926
9517	1.64128459	1.06944200723988
9518	4.38277728	3.5193239225119
9519	0.893199152	0.814877603076744
9520	0.233799216	0.24430468314213
9521	1.85240501	2.52278990148021
9522	0.75853446	1.07329499963241
9523	5.48463964	6.17487122302857
9524	1.37494444	1.26750476286238
9525	0.305167511	0.382374483648925
9526	9.03037571	7.73960811865315
9527	15.3062221	12.9295210722614
9528	1.1071746	1.25330202428514
9529	0.539149264	0.881584771838889
9530	8.32848637	8.35516831556565
9531	2.049271614	2.18689501424146
9532	6.49938392	5.64901656729167
9533	0.774046111	0.896601851658586
9534	0.498019188	0.456589387834109
9535	6.36435494	5.6736272385
9536	0.652337924	1.49855764697778
9537	0.414329286	0.3527924603
9538	8.73777061	8.10568697488289
9539	2.89091486	4.26086141044017
9540	3.73819964	5.67361137293229
9541	4.18671132	4.38848207670952
9542	4.35907543	4.20499257977619
9543	7.58744854	5.11867472188462
9544	1.301357295	1.39970135786143
9545	1.242828759	1.54991146456481
9546	11.77382511	8.34663494513978
9547	0.351504492	0.36296246272037
9548	4.45382252	5.45001930408537
9549	12.4798853	11.1699756825526
9550	1.145573886	0.954879318815504
9551	10.3371526	6.53732261384127
9552	1.072083175	1.08997601706875
9553	0.877456736	1.01931568129535
9554	5.33625475	3.93103430266111
9555	0.392132674	0.482913808859211
9556	0.666452878	1.0100982885482
9557	1.62997046	1.93980061048
9558	0.771951797	0.793007637643333
9559	1.78500071	1.50966285633333
9560	6.21039862	6.68001318439519
9561	8.00841874	5.89468013752941
9562	0.81400916	1.00330558561129
9563	0.316679824	0.346948058454286
9564	5.93808986	6.85067490929584
9565	0.608005078	0.82611943101129
9566	0.75160275	0.748695324177941
9567	1.371981064	1.47238308055946
9568	4.54902958	5.08732464492636
9569	6.83574233	6.172865744775
9570	1.23711392	0.962814909118651
9571	0.553634136	1.95296375769872
9572	4.64674859	3.75903862505983
9573	1.8666888	1.67897098022636
9574	0.81433503	1.10178707326368
9575	1.38885743	1.75785006389667
9576	0.403671393	0.346431090914341
9577	7.4134604	9.41848712169792
9578	4.53574021	4.78961896119792
9579	3.91913035	3.07881417141754
9580	6.50940704	5.93894054184959
9581	8.62306241	9.26781174734649
9582	2.61826581	2.8339385241374
9583	0.531556396	0.857157014676344
9584	0.836211215	0.667163194740909
9585	0.96679241	1.09308400158083
9586	9.94475667	9.27415714289815
9587	0.64944954	0.809547077824748
9588	3.23021124	4.70749698948198
9589	12.31262506	9.7391781394008
9590	2.37551971	2.98404247194908
9591	0.306300246	0.31105473126713
9592	9.28364457	7.04886690427236
9593	1.31123531	2.48451253431184
9594	0.66096257	1.01800841415833
9595	1.55075848	1.41392124863875
9596	7.25185275	6.20314268983333
9597	0.563469467	0.608731149846053
9598	1.15452536	1.56721523265215
9599	10.48284267	12.6579447005
9600	0.923892146	1.11446997830766
9601	1.375265475	1.9202017444701
9602	3.01836167	3.17341325474123
9603	1.00607064	0.809938169291111
9604	5.04665476	3.46661181071454
9605	1.24869409	1.75985410115521
9606	0.89131517	1.61767413893222
9607	1.10563224	1.04815397445897
9608	1.05703113	0.906873984145833
9609	0.28023184	0.25514373379625
9610	0.156979535	0.228502095847222
9611	1.23740492	1.61721345750894
9612	0.710377459	0.915819693351984
9613	8.68750711	7.20559070698413
9614	4.64764931	3.29878759117778
9615	3.89415558	3.23592077183125
9616	10.3462376	9.35092901754504
9617	1.097909844	1.72270914134828
9618	13.6030012	13.0665482497
9619	7.01252696	7.19304544605263
9620	1.008916875	1.48750636247341
9621	1.076683145	1.50568438457286
9622	0.258285455	0.295726310829524
9623	7.52519416	7.96131493950575
9624	6.40891266	6.13371298547549
9625	5.52377968	6.66258374608333
9626	1.22827148	0.979922914602525
9627	0.398305866	0.551059699346552
9628	1.11309421	1.15954344661937
9629	2.17539821	1.85732693825591
9630	9.19698593	9.55132683329048
9631	3.95190976	2.28287700292118
9632	4.6254235	4.92637188678431
9633	0.291367455	0.354480695969106
9634	7.35716604	8.4099292878547
9635	1.51795609	1.62242285365983
9636	2.09644277	2.61202984364605
9637	5.89576637	7.54410556377236
9638	1.058215095	1.21765160849369
9639	1.8183735	1.85850867455917
9640	2.11570697	2.39355749653434
9641	0.9976341	1.01201579487778
9642	0.790690231	0.943780119129167
9643	0.707905702	0.933792327635317
9644	2.00855114	2.16366700166577
9645	2.02995393	2.71421834633563
9646	12.21808327	11.7025302276206
9647	4.32202324	4.47115915559118
9648	2.56940792	1.98313549092479
9649	0.77298463	0.860035185347287
9650	0.455299189	0.452766659837719
9651	3.68511612	2.3094517451641
9652	0.959566616	0.935066142885317
9653	3.42513613	3.6998635228447
9654	3.10348032	4.61151468492424
9655	1.6268615	1.27279215903583
9656	1.159021725	1.46466509156562
9657	3.72276769	4.41138563094907
9658	4.20792315	4.66510165402315
9659	1.11908416	1.91897861310333
9660	1.35208382	1.2789437854375
9661	0.96479861	1.09939553638
9662	1.09021052	1.15531590303611
9663	0.974998825	1.20547156562647
9664	2.31858982	2.21838065611574
9665	0.586289468	0.758961570431183
9666	3.9001153	3.4867368402
9667	1.50244361	1.39165889283698
9668	1.18859426	1.24823556872905
9669	0.529017583	0.535911882350952
9670	3.32722022	3.97090649906061
9671	3.45833635	2.91134270598762
9672	7.18168767	6.57880253058559
9673	5.04287139	4.09848803323232
9674	7.8732918	7.24551146712778
9675	3.69330896	3.43069070563172
9676	1.49312644	1.37681448585542
9677	0.701444307	0.446991916503947
9678	3.842529	3.16471536464706
9679	8.5771039	6.22541041933838
9680	1.74855367	2.36650990734298
9681	14.1569697	10.1762871732236
9682	3.12719775	4.23321218215278
9683	3.54769237	3.61739700482121
9684	10.0377191	10.1754767778485
9685	0.93666317	1.05496166351429
9686	1.24263357	1.45651869453524
9687	3.54167361	3.26729342005263
9688	2.92331799	3.98611876935185
9689	2.79179345	2.65866376475833
9690	3.83069403	2.96557883637917
9691	0.251138572	0.253908828423333
9692	3.14623305	4.16530304835271
9693	15.1534539	13.3383957826111
9694	3.5702235	2.91482862190408
9695	0.792706819	0.853235701280882
9696	0.921666716	1.35178444184146
9697	4.56568201	6.35164550505476
9698	1.523011845	1.76607983273472
9699	0.997970833	1.52789060257748
9700	5.72266739	5.92726948604955
9701	8.88041638	8.36656225476667
9702	0.542322183	0.633756451778334
9703	3.30028603	4.1515810825045
9704	1.120556205	1.19153681652292
9705	0.570171874	0.89235384083114
9706	1.246753104	1.11952111945526
9707	2.540012194	1.83619555857613
9708	0.96293195	1.39914358191748
9709	1.25069572	1.09926844124762
9710	0.623256175	0.9488322933775
9711	7.14045588	5.32359605974561
9712	0.89344953	0.956663028620588
9713	0.313902901	0.477754144352381
9714	2.39435983	1.90981993781508
9715	12.5364359	9.03284955623611
9716	0.745911215	1.00762242996508
9717	6.94062357	5.47018687690476
9718	2.01945777	2.07716002326577
9719	0.3688225	0.234127442436979
9720	0.269987058	0.283284889449593
9721	13.9287247	10.281856546819
9722	5.96703049	4.82948495723737
9723	4.73577135	5.391678659
9724	10.88040104	8.46671947217376
9725	1.157773194	0.918865570905691
9726	14.90178978	12.2934961155965
9727	3.18084064	4.15495495389394
9728	0.856878464	1.01626576914804
9729	0.930263739	1.19110893742762
9730	2.6970254	3.33256058697424
9731	0.398147015	0.289039604697369
9732	0.731189136	0.916570091382432
9733	1.32340964	1.074133944325
9734	0.71190236	0.889589236574444
9735	0.164348858	0.226202916505392
9736	0.77828372	0.852243493906452
9737	1.417331866	1.10190214089369
9738	0.200626751	0.272885367166667
9739	0.884483827	0.952747357714063
9740	0.28638506	0.419505916840789
9741	0.433063289	0.513321576909009
9742	1.7599682	1.1251909522975
9743	0.375063168	0.346484605597436
9744	2.7237366	2.79411698358659
9745	7.02683592	6.34050770345727
9746	9.10382683	9.02642930933333
9747	1.69347654	2.34165210949821
9748	2.17443169	2.86260898367054
9749	2.4488911	3.02683397731048
9750	0.870190895	1.12427984302
9751	2.70655042	2.11725815520797
9752	0.584442235	0.774419484381482
9753	3.47634096	2.73388271782171
9754	1.29570622	1.48848007936496
9755	0.422410506	0.500721449586296
9756	1.020088965	1.78578783689815
9757	0.899074596	0.940913105211979
9758	3.06315848	2.64969942285965
9759	7.15034368	10.9686155527143
9760	0.708159356	1.09228193959796
9761	3.31700067	3.91371205429054
9762	7.30920666	7.26813863164074
9763	0.590784245	0.772061068946429
9764	2.792435	1.99120080296167
9765	5.74566582	7.76712761332018
9766	6.72867855	5.72432558370614
9767	1.86999338	1.82426736735556
9768	10.23869706	8.94575364887607
9769	1.661716796	1.77402077815049
9770	0.838331335	1.14494111440333
9771	2.59375953	1.78857288580343
9772	8.4750123	6.58407626236111
9773	0.707142176	0.656539719026577
9774	1.031186974	1.13689730483684
9775	0.76864922	0.476530640533784
9776	0.241258681	0.213007339176215
9777	1.66386311	2.02767351285341
9778	0.399918434	0.39702244781375
9779	0.900974678	1.17554522785762
9780	1.82003061	4.07218756082222
9781	9.27758925	6.02810798977381
9782	1.141434514	0.899374315188096
9783	0.349568198	0.331911244889062
9784	2.82615088	2.7846122146894
9785	5.15753612	5.75090059775521
9786	9.0922043	10.0170105027968
9787	2.84763526	3.1033737975122
9788	1.049275396	0.933323171749495
9789	1.62605731	1.96109264677632
9790	2.13124601	1.89040199032796
9791	1.31318877	1.37383914125833
9792	7.10533245	6.92033091613333
9793	3.13469707	3.3397311782
9794	1.99399508	1.66179721845513
9795	5.40180704	5.35420303590079
9796	3.54421074	2.99733552950833
9797	4.40516007	4.86917280676736
9798	7.52619245	6.96508538766288
9799	2.69852925	2.97530609421569
9800	1.88321632	2.22493114501075
9801	1.230854055	1.24699581661623
9802	0.93189173	0.785458504599074
9803	14.8183137	13.9427821340909
9804	0.599891571	0.891521399786842
9805	6.3927001	6.87593795340598
9806	1.22735618	1.28736273624048
9807	1.300431775	2.44576682039484
9808	1.034615895	1.22387561939685
9809	13.46253235	14.1480354906786
9810	4.64580774	4.96408436557265
9811	8.89942747	8.09607630455159
9812	0.77880955	0.90211677245098
9813	10.3656537	8.57159593932917
9814	6.19166843	7.01010819791333
9815	2.5551727	1.96459808068
9816	0.339382328	0.363814306665476
9817	0.926231504	0.9386740098525
9818	1.46282271	1.47234299882833
9819	3.39111818	3.08161046283333
9820	3.57072997	3.62658080584234
9821	0.711750129	0.702894436564815
9822	4.44062634	4.94154057186765
9823	1.416025915	1.93337744214298
9824	1.42971345	2.05522257891296
9825	1.55906013	1.58887977726094
9826	2.27951424	1.79808161144841
9827	1.30510234	1.32170775648143
9828	5.60843681	6.21385694571264
9829	0.782220276	1.10130663102069
9830	0.87298391	0.777566924229032
9831	3.09432677	3.72530157264414
9832	7.91100012	7.42185641513415
9833	0.631591198	1.80236301370667
9834	2.10671208	1.78134035869649
9835	2.87973951	3.56164615168792
9836	4.70903094	6.98200665797967
9837	1.08843242	1.66234251586709
9838	0.85067409	1.2860685543641
9839	2.90261619	3.2769237832549
9840	12.35204073	12.2749937667905
9841	0.138533029	0.213477931330342
9842	0.85723766	0.834092136448374
9843	0.122744119	0.176211836664323
9844	1.10590814	1.16436051136447
9845	3.52433393	6.46400654750926
9846	1.242170566	1.24739121431892
9847	2.38198723	2.28106146576316
9848	1.041297481	1.08069590197619
9849	2.9311933	3.44000248641398
9850	2.0910851	1.56701780971768
9851	3.83926516	2.24015486358
9852	0.720480038	1.27932690992172
9853	2.80167228	5.91766945513862
9854	0.613127521	1.03126265546875
9855	1.67278203	1.69055633621798
9856	3.93481945	5.50496405269841
9857	6.99443539	9.79970899988889
9858	2.35842356	1.8884467556193
9859	0.949538191	1.76515429982462
9860	4.34273301	4.50309600852151
9861	0.677746545	0.850573145653986
9862	0.5493893	0.53789569192598
9863	1.76630019	1.50220501823939
9864	1.0349424	1.03471885781274
9865	2.33084987	2.540433658
9866	0.545200453	0.860150608154444
9867	1.114012094	1.51388788132803
9868	6.32817407	6.03693139158621
9869	9.1863315	7.72430438097475
9870	0.313421621	0.270996006001515
9871	1.083543024	2.35984745716129
9872	0.446174928	0.819026221184685
9873	0.362159646	0.373122283951613
9874	4.12970973	5.26598614446191
9875	0.837364442	1.10412108006406
9876	1.016361491	1.06620664328919
9877	1.233038562	1.71367508849484
9878	13.56069858	11.0392832348963
9879	5.15434802	5.96407572555
9880	0.323722758	0.612473277198198
9881	0.258602769	0.24994021434386
9882	0.284247938	0.24276824306954
9883	0.966322219	0.984425918643889
9884	3.8552238	4.81499134792708
9885	2.43556829	1.83407836678667
9886	3.42099223	5.16895014743972
9887	0.69031133	1.0404544764406
9888	2.3486672	2.40438324864943
9889	9.3603207	8.80937225874123
9890	0.225767925	0.238131399740476
9891	2.82811351	3.2417985960119
9892	0.636329472	0.672576837947619
9893	1.49224722	1.50415295437429
9894	2.92297417	2.44587801255894
9895	11.31928104	10.9776853992407
9896	2.92144289	3.97316891989394
9897	1.32171909	1.05853045555938
9898	0.710002434	1.37424341376615
9899	4.1451574	4.55568649804598
9900	4.14982792	4.7415178460812
9901	18.5869369	13.4880950853056
9902	6.31619375	6.19447157638571
9903	2.02771736	3.1854068025443
9904	9.88539825	9.77439870733333
9905	8.03746092	7.17838820965517
9906	0.150080126	0.304544563052857
9907	1.051737565	1.21991753364667
9908	1.84993541	1.54050626747611
9909	1.437282416	1.77741294141705
9910	1.116824794	2.01130000429259
9911	1.01794776	1.24023002922701
9912	1.380094645	1.26894420214896
9913	0.747889684	0.965237201831183
9914	18.3484605	6.71134830757143
9915	0.622743081	0.590592440769048
9916	6.86871478	7.72605625431373
9917	1.583780695	1.95427225452262
9918	15.83626484	12.2348925708633
9919	14.8170699	15.0828067062
9920	1.611681	1.20784830658462
9921	5.23259335	6.28038722950439
9922	2.02980643	2.36586326947549
9923	0.69006912	0.923061035455729
9924	1.58547071	1.35145935263384
9925	7.63522078	6.79629358363475
9926	3.29376438	5.45410992841313
9927	6.73701933	6.12405132076126
9928	1.48996027	1.41630459205469
9929	0.85156605	1.10592554350856
9930	0.623906088	0.853787466766666
9931	0.891887966	1.08074047552803
9932	0.848185571	1.31808363285658
9933	0.900505945	0.864541693132456
9934	2.41657091	1.33746960846368
9935	0.70240936	0.532456820492793
9936	1.048135935	1.17911626132083
9937	0.154901701	0.298785815410714
9938	2.47870033	2.55137961873737
9939	2.34718755	2.51146093208081
9940	9.44418415	8.10633416636735
9941	0.970736005	1.1788601799964
9942	0.186402046	0.257466593882724
9943	4.95131144	4.76451091758095
9944	4.02987322	4.05625378399537
9945	0.703922854	0.913845252648611
9946	1.322683486	2.08520362734841
9947	0.542264363	0.563998030280556
9948	0.954475814	1.73480095056631
9949	13.98501223	11.3324332598762
9950	1.36565428	1.25079498392564
9951	6.0064026	6.24013827384815
9952	0.94398622	1.11329654803429
9953	4.48511176	5.25628416042983
9954	0.685552869	1.31880118225833
9955	12.2670909	8.88298236133333
9956	0.825287534	0.819488358216667
9957	2.25246241	2.30914915525
9958	5.88165544	7.67525355502778
9959	0.751393095	0.479727623484234
9960	4.53940585	4.91153642881197
9961	0.275334986	0.311757026799769
9962	0.642391835	1.06033887459286
9963	0.800015045	0.971211059428409
9964	0.317751128	0.525396425247143
9965	8.21567653	7.44205493251389
9966	5.41663671	5.02985990051905
9967	2.93323502	3.96331957356771
9968	0.383703188	0.578060866801389
9969	3.10075335	1.42811508669583
9970	7.15597978	6.59598082627685
9971	7.98829424	8.77741392696491
9972	6.35462753	6.02132984337387
9973	0.762486305	0.765989159584722
9974	0.430291469	0.22500970096348
9975	1.360772145	1.97089657924286
9976	4.05529946	5.65061472588333
9977	1.56086721	1.67070513522849
9978	13.4570661	12.4514229595667
9979	10.5341879	7.0504149997875
9980	2.369013	2.30367088503784
9981	1.510602648	1.69493502204286
9982	1.45240939	1.43540118824028
9983	7.83830198	5.87631286245714
9984	4.08601401	4.80449178603536
9985	1.02993186	1.61741513961833
9986	2.07839271	2.41864553185049
9987	2.01993102	1.49592045019704
9988	2.16264326	2.13328799373333
9989	11.89386231	11.1773559229476
9990	4.62932628	5.06696515746581
9991	1.82703972	1.58613731211111
9992	10.90204077	7.59510352721078
9993	0.71730997	0.813120541408333
9994	8.67698695	9.90772858371591
9995	0.66966524	0.657875208082292
9996	2.31833537	2.59288217836364
9997	5.838981	4.70443089671717
9998	1.17856174	1.35610124516375
9999	9.11796073	7.08519020021
10000	11.10414807	7.95909611232927
10001	1.39132834	1.48025260765042
10002	4.50705976	4.9852832283114
10003	2.36074015	2.97111307471905
10004	1.321812374	0.951203201702632
10005	1.31083537	1.12659521068788
10006	1.23033151	1.27442025800395
10007	0.98352629	1.23056725407568
10008	6.77859988	5.00456964474206
10009	2.92063754	2.65844551297276
10010	1.17136357	0.983932938976667
10011	5.27704788	6.82411832388211
10012	0.375027427	0.56188533123688
10013	12.33110053	9.24352380154955
10014	0.713526936	0.908509548907724
10015	2.36782102	3.05945512422222
10016	9.56942514	7.54233064451282
10017	1.60251831	2.51060921159094
10018	0.88636901	0.832968869579914
10019	3.83172523	5.18097161635227
10020	0.92954701	1.11671221311009
10021	8.38869335	9.81114510296078
10022	7.34988465	9.23467512641667
10023	1.22307331	1.20681406203
10024	1.45862323	1.34460093491991
10025	0.976691584	1.06168059110292
10026	6.54214504	6.97423360977222
10027	2.02432848	2.06536241534286
10028	0.475895502	0.504071582757207
10029	0.89786314	1.04613177286453
10030	0.404230558	0.454287860506522
10031	0.728852716	0.779823526907407
10032	12.15111659	11.2932686852656
10033	0.851974082	0.872495457895556
10034	0.92278259	1.05039118676792
10035	2.0782414	1.86246704414431
10036	5.08441598	7.23748445914167
10037	2.88177788	2.52016394871377
10038	0.577702094	0.724808478227976
10039	1.74615121	2.09761691933546
10040	5.59580481	6.77150272947009
10041	1.61858648	1.63426336298596
10042	4.2500142	4.82786115969136
10043	1.50770652	1.4654473888377
10044	8.90283898	8.61314377572695
10045	4.5755697	3.88051497838417
10046	0.851850376	1.16145585363472
10047	6.60413879	7.35703939284848
10048	0.772069221	0.825032495994583
10049	6.61481844	8.48718406050388
10050	0.715592475	0.767497569723737
10051	0.56816435	0.441774537307364
10052	0.920791706	1.10632507533632
10053	1.97647729	1.48033099893548
10054	1.83344867	1.62962408442424
10055	0.481882124	1.13380960552851
10056	5.18206741	6.54806289361111
10057	5.61360196	3.69838344738492
10058	2.03325469	2.77187732548577
10059	2.12067283	1.70958898384483
10060	1.95149144	1.93468742356531
10061	1.908693406	1.28108840859958
10062	0.544990182	1.27317869740762
10063	12.23421274	11.4562522556129
10064	0.375524459	0.431060625823016
10065	7.30653035	6.90460027324207
10066	0.95882371	1.29180508741127
10067	0.756863374	0.746703716047549
10068	1.258981576	1.72629421427968
10069	0.883268036	1.05236374876437
10070	0.891642024	1.01356992303419
10071	1.77772064	2.48630555847475
10072	0.289254744	0.306626070976389
10073	3.86301182	4.35539096388725
10074	8.56723552	8.81899158848291
10075	3.3796378	3.39125567241288
10076	0.85414085	0.982585019790651
10077	5.6480768	8.78638857021621
10078	1.483011055	1.40484040423198
10079	1.11917223	1.29178555941579
10080	11.18084436	12.7832889429083
10081	1.53967054	1.79186316869009
10082	2.14831025	1.72524627294216
10083	0.266750002	0.304936146047436
10084	0.92104189	0.909201015957246
10085	0.78727125	0.924919370054583
10086	0.658360078	0.688059522369792
10087	0.453676008	0.370759869980729
10088	0.493586684	0.637703868184649
10089	5.60759392	6.7084544195946
10090	1.92329087	2.05922962540196
10091	4.56688959	5.25733943558333
10092	0.303037822	0.25792830673588
10093	4.47732612	5.26409734399445
10094	4.43648202	4.00225011424762
10095	0.830659846	0.848727879333333
10096	0.251294915	0.259980747713441
10097	2.53478369	2.12480423084054
10098	0.445466495	1.43690067360658
10099	0.230280772	0.288176508201613
10100	3.23057441	4.66078298477292
10101	1.156122085	1.09755021636982
10102	1.0746931	1.30620434632207
10103	1.60409583	1.54393497476296
10104	0.7154479	0.902931095991667
10105	1.28388405	1.86821173137273
10106	1.12787692	1.58728568161239
10107	0.284820609	0.470225659180357
10108	3.54695094	3.87411054545833
10109	6.83923262	7.85152442965196
10110	0.237560379	0.31114538567625
10111	0.483339974	0.774026886618254
10112	1.29213204	1.66076497961389
10113	0.981272295	1.28576561188182
10114	0.988397445	2.37133991504688
10115	5.18909908	5.7100855779359
10116	9.5826138	11.3375723639023
10117	7.13950093	7.58303510417982
10118	0.284239677	0.229274940768919
10119	1.23589669	1.03338908757588
10120	0.93910005	1.22285758763919
10121	0.835271335	0.843990951119643
10122	1.06390609	1.07895197900921
10123	3.66939112	4.75763183559048
10124	0.76498474	0.920614059076316
10125	0.99779212	1.21515114841605
10126	3.13918419	3.12238431181111
10127	1.162736566	1.39652209372546
10128	3.68857679	4.21228083612745
10129	1.66158008	1.42240777299819
10130	2.6909143	2.35899544191898
10131	0.832189154	1.05956844396367
10132	1.45949691	1.47113138892083
10133	2.43743856	4.02944017936937
10134	7.16953168	7.96812109615315
10135	0.520208687	0.435357537984344
10136	0.844515024	0.843651920756566
10137	8.70201042	7.57045028825981
10138	1.7447627	2.05860185403467
10139	1.051266106	1.18592199055648
10140	3.88004277	3.62722427962752
10141	1.044565286	1.10033496476126
10142	0.929879904	0.864640963028921
10143	10.61199701	12.1033903773063
10144	6.51192714	4.47216760972807
10145	0.57455053	0.800046183048039
10146	3.35716108	4.26529592927124
10147	3.261072316	7.00294808196429
10148	0.876289024	0.770371623644445
10149	7.57754018	5.40415058590991
10150	4.0863474	4.53960812966667
10151	2.05276218	2.20513330744804
10152	3.40072869	2.74881818670991
10153	13.9263406	13.5446200726143
10154	1.25870805	1.86661459008419
10155	1.35190489	1.3850722398371
10156	4.1429993	7.54841203971138
10157	0.246335509	0.212456880592824
10158	5.3802673	6.2505872486957
10159	6.94927392	7.25310434808108
10160	0.723307825	0.795503722188288
10161	0.227656831	0.322003389791026
10162	0.80169235	1.08090436875095
10163	0.323848042	0.273884818404167
10164	0.210806262	0.236248539770833
10165	2.45573109	1.72167536012581
10166	1.87209648	1.88293707722222
10167	6.05708446	7.37756101363542
10168	6.37721374	4.89408917078379
10169	1.54838476	1.12019068311009
10170	3.86099458	4.74571272173611
10171	0.681000042	0.792704304452137
10172	8.05507351	8.2644792575
10173	9.55746801	8.69380119264762
10174	1.358918426	1.34047449904948
10175	16.3488086	12.5099095797826
10176	0.7302151	0.926586971726344
10177	5.37911091	5.3137669440787
10178	4.31767308	4.77984578572222
10179	1.03175615	1.20553401215556
10180	1.82778166	2.19982673237016
10181	0.900247049	0.864589175428968
10182	0.885273884	0.880790021251075
10183	0.774356807	1.19314568075
10184	4.35236055	4.57136445638288
10185	0.590726364	0.908427984476754
10186	0.624888394	0.819310899987143
10187	1.35071581	1.63719424381963
10188	1.192518386	1.27098582933542
10189	3.71918245	5.2268470117381
10190	5.41659395	3.93543750341892
10191	0.606172616	0.887177756549123
10192	1.169963155	1.08025767621406
10193	1.33541477	1.6644550516527
10194	5.70336175	4.96256608093333
10195	5.59308878	5.95510686454504
10196	0.26335812	0.353339120260784
10197	4.73515685	5.51778930346667
10198	13.09795405	12.9451160145439
10199	0.680361606	0.333227790989583
10200	9.63567876	7.65672175715351
10201	5.32558831	6.00404491560976
10202	4.00568733	4.77002738254878
10203	0.916028447	1.03850959510914
10204	0.992344525	0.872241110348106
10205	1.33552269	1.51043413741191
10206	3.38610407	4.17226207318468
10207	2.1095839	3.0225321679881
10208	1.12371356	1.16303362076667
10209	1.2391819	1.29851430300795
10210	7.01571943	8.51518785295736
10211	2.62495312	2.72476476142323
10212	0.674922816	0.744110755708046
10213	11.52923345	11.0711595260388
10214	4.32646145	3.65527189740385
10215	4.00692524	4.42573848132828
10216	13.3424884	13.4501731337906
10217	0.723639128	1.10370217438034
10218	5.96079276	5.9660261217193
10219	0.235575435	0.27174320983136
10220	5.33176269	5.50654687374405
10221	4.83164555	7.07373607595299
10222	7.37291233	7.10009280075
10223	0.49302329	0.580543676813131
10224	1.216718865	1.00845638828958
10225	1.66874515	2.49104320956867
10226	0.920542014	1.2676035651622
10227	0.666770495	0.56786681843381
10228	0.211032561	0.197566257498276
10229	0.834595574	0.680707746413675
10230	1.19017767	1.12357100588991
10231	2.10655171	2.33158845528628
10232	0.220705979	0.450414681103788
10233	0.801869845	1.04498867311061
10234	2.68909113	3.15262718042222
10235	1.61672167	0.980269338797083
10236	0.283063091	0.435139879750463
10237	9.80267246	10.3412004977944
10238	1.78804311	2.08307806418919
10239	0.79441807	1.59197277793667
10240	5.64162831	6.5235276477807
10241	2.19803127	3.29975015114286
10242	5.59824583	4.86776251547222
10243	0.456837402	0.315683203504054
10244	3.54034968	3.0674235031875
10245	5.18300064	5.51652241279167
10246	4.30077162	4.55121145745325
10247	13.6726382	14.5951894811068
10248	10.39311766	8.75899984851802
10249	2.76863165	2.30541921668699
10250	0.696864351	0.770707298243434
10251	0.917769557	0.984315874694444
10252	5.33796866	3.58106939080797
10253	1.30067492	1.30361683232708
10254	10.92490601	11.0264358484095
10255	1.00394078	1.23262952033586
10256	0.919341926	1.01943289039238
10257	1.035959964	0.888612646050476
10258	2.12298749	2.24232604333056
10259	16.6045761	11.3200834314458
10260	2.64398497	3.66958754682906
10261	0.68363288	0.617376556566162
10262	0.927573544	1.22977456310736
10263	4.9862497	4.8085936457439
10264	1.12488008	0.996061982862122
10265	3.89746355	5.61589556173984
10266	0.547429038	0.762772561940625
10267	0.756203105	0.721223549836979
10268	0.913420994	1.19338696695296
10269	2.40176533	1.84585397103177
10270	6.14780457	5.17697425413964
10271	9.8291275	9.26753545843411
10272	1.79676644	2.35935788312609
10273	11.1552976	13.6001204952135
10274	1.455954	1.41305828010385
10275	1.11077242	1.15652677300509
10276	3.24980483	4.2119779625307
10277	8.86318325	5.97757725569608
10278	0.290507937	0.230446229150181
10279	5.04268785	4.16887986615873
10280	6.38487673	7.94677845511429
10281	6.80266822	5.89239152127451
10282	0.349372863	0.360330275816162
10283	0.860692254	1.04858210484868
10284	6.8585424	7.22679075445371
10285	15.4105584	12.7482971144365
10286	0.821441395	1.27500238382308
10287	1.27799054	1.51772135768
10288	0.460080729	0.273513636618651
10289	1.436823156	1.22955997191054
10290	0.710667844	0.909054979494762
10291	0.85331969	0.830854551316216
10292	5.40104814	4.96165000566228
10293	11.16882701	8.45316460604273
10294	2.34268454	2.13260071347135
10295	1.36908468	1.42085157104141
10296	0.454059444	0.417121573596774
10297	6.91145392	6.47079525238384
10298	2.88561998	3.74921292416667
10299	12.5399353	11.616933595172
10300	1.43310084	1.15970107783288
10301	0.365298185	0.527094504274074
10302	11.9127047	6.66955885076961
10303	7.7382091	6.98474863890952
10304	6.13045577	5.44781166907084
10305	0.410078924	0.347147556036806
10306	6.15526745	3.67848076199462
10307	1.046058436	1.0853108776213
10308	11.33275048	8.31242767856838
10309	4.83033155	5.71393824046078
10310	1.38676386	1.40284627644657
10311	6.2142202	6.6339944599023
10312	6.0564563	7.04142378636765
10313	18.3806824	14.2034771009094
10314	0.947876699	1.13945375574208
10315	3.88585227	4.72009187649603
10316	0.833244605	0.800804566511494
10317	4.94803096	6.13745629693411
10318	3.26198829	3.63494789537654
10319	1.28282324	1.11604557865528
10320	4.83410955	5.97630753279032
10321	4.39623773	3.99127501418687
10322	0.411727099	0.329056964161111
10323	0.352112694	0.431721008780476
10324	1.60247464	1.71854653122366
10325	7.94758067	6.35129043577037
10326	6.24242479	5.64353930335937
10327	5.45419711	6.87587745009314
10328	0.975193155	1.03135198909079
10329	0.714239316	0.796902422058559
10330	1.143811631	1.42872725877361
10331	0.686341307	1.00444336801162
10332	1.55426945	1.25764273632792
10333	2.59203651	3.77777685358081
10334	0.972562289	1.15622159822973
10335	5.7072224	5.16316565690968
10336	10.72467714	11.3770972252125
10337	3.26334183	4.22304918652525
10338	1.59422112	1.66628371932
10339	8.6806291	7.86915866630357
10340	0.19980846	0.26042753511982
10341	4.1614985	2.65667647928565
10342	0.936679672	1.42904417735675
10343	13.28574182	8.82861797093243
10344	2.64392806	2.55879583580093
10345	0.358028116	0.326188408248718
10346	5.6132147	5.33754466768182
10347	1.50118426	1.37697949026847
10348	0.90276182	0.796966342902778
10349	1.269142165	2.03913888480648
10350	3.20561036	2.55542727209957
10351	9.10642613	9.43393873750439
10352	6.62756463	8.42183218677193
10353	1.01853506	1.09740047930476
10354	3.55000532	4.25465131746465
10355	2.0414595	2.36037614753286
10356	0.894148485	1.08206383153519
10357	1.24820167	0.861012138993982
10358	1.261262605	1.00193493937111
10359	0.545513131	0.684959114664706
10360	0.728957449	0.979802719279032
10361	5.86028177	6.7004606177451
10362	5.55241836	6.1417320564375
10363	0.477652804	0.385093126474561
10364	7.1474022	6.31919413178367
10365	3.96067884	4.28762404615104
10366	9.52432915	7.34663373051351
10367	2.26084014	2.38318340155892
10368	2.0767745	2.54798987994583
10369	11.56145256	12.5821821121351
10370	10.58393417	10.1174994542576
10371	4.25826169	3.74812303057724
10372	0.91707541	0.873253809098246
10373	2.0174646	3.32439350725238
10374	5.0008941	3.9813825203964
10375	10.75499075	10.7167101597538
10376	6.79630941	6.58146242437634
10377	1.24041517	1.21148632675041
10378	0.916605369	1.03641152794146
10379	1.08273321	1.06736344748817
10380	5.77425749	8.50174422477604
10381	1.81539753	1.58930295245952
10382	0.93999762	1.15869336164657
10383	4.36031732	4.25285882671825
10384	0.903576852	0.836948719515741
10385	0.998758054	1.25294676200088
10386	5.82995068	4.73490892667172
10387	0.275970428	0.210199740990741
10388	0.98778876	1.03321659338419
10389	1.65507617	1.45867489136404
10390	1.285882684	1.4779675077375
10391	0.957914204	1.06272533186324
10392	12.1308874	13.5507137057809
10393	0.296152409	0.22187924407027
10394	0.640006903	0.780775685017105
10395	8.44936984	7.8100048359065
10396	0.71666874	1.29053503767037
10397	7.03635048	8.86068469705714
10398	0.743614749	0.727194177994144
10399	1.052430185	0.9984645827375
10400	5.74685627	5.23990590497037
10401	0.730709863	1.19365110176048
10402	0.733236629	0.940230037375925
10403	0.677626826	0.644541106398198
10404	0.63954059	0.621706087570833
10405	0.29847051	0.239918322944167
10406	1.244305864	1.01214001589608
10407	0.933436555	0.801846548325
10408	4.47549922	7.10238673357143
10409	0.334352266	0.302033565847917
10410	4.52388827	5.10466013923246
10411	0.507694261	0.823724813773424
10412	0.810579724	1.02177224741333
10413	2.72294687	5.8839332400973
10414	3.96233441	4.0207876165914
10415	0.119372491	0.208430307984496
10416	9.84933403	9.14898358796396
10417	0.292854643	0.200899652857963
10418	3.87960289	4.78374627294583
10419	3.74463129	3.51587398858527
10420	3.88542461	3.94784437457778
10421	1.267738885	1.20381592581739
10422	0.32897013	0.296574265985648
10423	1.96363903	1.28590349555938
10424	7.18406629	7.48847212385185
10425	9.59134567	6.70586267604701
10426	12.34807327	8.91234322776389
10427	0.316518583	0.322500489028862
10428	2.71664453	4.07975266005555
10429	7.76093865	6.53158035515812
10430	3.73580523	4.78265227764286
10431	3.13400767	4.65714156949123
10432	1.88640042	1.42753810982094
10433	3.84527592	5.25065455241176
10434	8.18990749	7.06251346328968
10435	3.69003014	5.07304555279187
10436	2.82931095	2.18651869356143
10437	1.14479795	1.58139440259208
10438	1.186628959	1.51097497963657
10439	1.97773601	1.69804345421667
10440	5.95932826	4.84943537236585
10441	0.205804477	0.250187474928241
10442	0.627070173	0.826758772765714
10443	0.711628397	1.11231016662927
10444	1.385861669	0.969725581599099
10445	0.72710342	1.3361565161928
10446	0.43280868	0.377609543559756
10447	7.16071391	7.5944486495991
10448	2.13349625	2.03463281564087
10449	0.74065924	0.743534683329445
10450	0.144708779	0.306933727592544
10451	0.59345827	0.529048064516177
10452	0.343201402	0.303747562320952
10453	0.330317566	0.329748283221591
10454	0.98295505	1.60790965150307
10455	1.41299183	1.32482916288761
10456	6.36428204	5.49424594564583
10457	1.27801162	1.06734835107368
10458	3.30880412	2.29056170040882
10459	0.294879649	0.326939484846078
10460	6.4172617	6.77635602781818
10461	1.029730115	1.22082179431157
10462	1.355694862	1.38562253300417
10463	0.859815678	0.890609984711539
10464	1.37030259	1.14174412228594
10465	14.7751245	8.91067969621296
10466	0.247452873	0.352863056728862
10467	2.30210996	2.44889962334375
10468	1.91943375	1.82079688452576
10469	2.018160874	1.67762996437207
10470	4.01021496	4.55584810217073
10471	0.75296516	0.927377834577976
10472	1.24673765	0.892916422678283
10473	1.250382324	2.07823313228509
10474	0.611242385	0.52872477501963
10475	0.91473288	1.04031199691151
10476	3.93201683	3.79720895224286
10477	7.98870681	7.41925405964493
10478	1.23848641	1.09899926105101
10479	0.154642681	0.26244277430431
10480	1.227715625	1.25571438381765
10481	10.6888129	10.9559438716111
10482	1.415534116	1.47896377417269
10483	6.16276454	6.96579702189912
10484	8.57642799	6.79844576045161
10485	4.33442988	4.52728940059259
10486	1.37286767	2.27077647087125
10487	5.81825953	4.24967016055263
10488	0.787680029	0.843113159340171
10489	1.00353242	1.48071003899342
10490	3.25998379	2.07931544438205
10491	0.667933705	0.765552158592529
10492	15.176227	10.6372047051437
10493	1.82216862	1.27269771113778
10494	4.30348303	5.38985243534109
10495	0.92932067	1.67728090359412
10496	16.79690283	10.2926973116712
10497	5.3491363	7.56293381691453
10498	2.01827365	2.10380466738202
10499	1.51119638	1.27508481466982
10500	0.794568818	0.881087102742708
10501	0.88434153	0.904950120523333
10502	4.14198808	4.95945637931945
10503	3.93071745	3.55519070499145
10504	1.28466089	1.33173861644188
10505	4.39862536	4.10342943336752
10506	4.46533181	6.34415125377132
10507	7.47504666	7.54741910013158
10508	2.468423	2.62235634343447
10509	4.08315801	3.86025931112925
10510	0.558713617	0.792664888175287
10511	0.172809902	0.2265182861
10512	1.23934735	1.2773012707943
10513	10.57289334	10.5400340603148
10514	2.96556473	3.69793284376126
10515	1.03820639	0.928525081352778
10516	4.70595365	4.59953724851894
10517	2.00518658	1.53149646730044
10518	0.306053252	0.335256871343137
10519	6.42558437	9.52999045296237
10520	0.89923258	1.02576869723333
10521	1.82638167	1.85455110409333
10522	4.17081652	4.79648537493421
10523	0.759772375	0.97193657500307
10524	1.347748336	2.50066169194167
10525	2.44336148	2.7351074889125
10526	0.496851124	0.781200414644792
10527	5.49583522	3.64112310237374
10528	1.4177935	1.3511858263381
10529	2.2659887	3.3242626379798
10530	1.466474575	1.73405575997439
10531	0.926636725	0.921870505206296
10532	4.83396952	5.38637714146979
10533	8.60419196	7.94502388211905
10534	0.211343942	0.32840972179188
10535	7.4815098	7.83947362096599
10536	5.08516611	4.29807350702688
10537	11.8879618	10.4746011171452
10538	6.3259155	6.48275392147059
10539	1.50062471	1.41058303633048
10540	11.1524501	8.83916296253646
10541	1.16081045	1.04048646619167
10542	2.39185294	3.3350000980754
10543	9.73785984	7.73331356180741
10544	4.63119421	5.34768840545556
10545	0.25766732	0.207339958787255
10546	7.46926196	6.66171807218217
10547	0.464854704	1.14805883080894
10548	6.06044189	6.76793729355
10549	2.15131938	2.55944815486992
10550	0.721880495	1.04691055011078
10551	0.439277591	0.541099228895833
10552	1.89843673	1.95959846392752
10553	6.1925169	4.82308399620952
10554	7.15061733	6.34399475466162
10555	0.24283894	0.294811347987939
10556	6.8924018	7.30166249354264
10557	4.30175571	3.54914466796
10558	2.54057752	3.47650977887255
10559	11.21373787	12.3449835443874
10560	8.54760913	9.69631653141442
10561	0.790559936	0.887566400364228
10562	2.89839789	3.82292691327143
10563	0.510614396	0.841677834608108
10564	4.1031712	4.21122583735714
10565	5.91393515	6.68600577868981
10566	5.43786085	4.9038597257
10567	15.567118	11.6675280632927
10568	6.698468	7.17113521165556
10569	5.31632372	5.17828715807724
10570	0.884719165	0.909198286801802
10571	1.44612974	2.33689106042325
10572	6.02412725	6.26366393773504
10573	8.50990245	9.72744054123264
10574	13.0673991	13.5706972821239
10575	1.447042716	1.34430833487807
10576	0.83802658	0.954619450084685
10577	0.359320331	0.384336295136992
10578	1.048514129	1.13163755216083
10579	1.49299214	1.15217726968171
10580	7.5200201	8.13034934445556
10581	0.7787492	1.04431985439894
10582	1.07503425	1.25391682303796
10583	0.963136414	0.947982214968889
10584	1.4084204	2.15865487212456
10585	7.34034075	6.94320753869445
10586	0.873656444	0.653753091858108
10587	1.12645442	1.21426887467701
10588	10.6806404	6.45871220338034
10589	6.21286844	7.57928908337963
10590	3.98781529	3.30296000521667
10591	0.674691079	0.716132013339081
10592	0.761660616	0.890922536953659
10593	1.946305505	3.66895238707312
10594	0.240203128	0.235240798863725
10595	3.89404169	3.86429941867204
10596	2.03759912	2.0274149786325
10597	3.68731702	4.20148204603409
10598	1.67271888	1.30303581811905
10599	0.859645455	0.993505991398684
10600	0.217394491	0.262115095263426
10601	2.08629565	1.28229722624414
10602	0.35394189	0.234760614938288
10603	3.91262993	3.65184422925877
10604	1.26150808	1.28828658855862
10605	1.31232405	1.21892002367762
10606	0.8378873	0.970994237913008
10607	7.6873938	7.19839010624123
10608	14.4852848	13.6021903795405
10609	13.27547283	11.0924242551847
10610	3.8374235	3.34439036833761
10611	0.730454584	1.19187939964254
10612	1.18955395	1.25263685067346
10613	1.007091119	1.12746692415619
10614	1.86948549	2.82642520367083
10615	4.53691026	2.67972115189957
10616	0.649805789	1.03054253
10617	1.2153622	1.35635096555
10618	7.14237886	6.59051692300417
10619	0.68198421	1.84629845421609
10620	0.259546128	0.379736047885772
10621	1.61148383	1.89212823492735
10622	7.93186336	9.64663211997312
10623	4.50947422	4.7162069859881
10624	0.266357829	0.269151545660526
10625	0.493874472	0.748212116852899
10626	1.253815735	2.49260656926625
10627	1.39331134	1.28066582119798
10628	5.67517454	3.34439339973739
10629	3.73270978	4.40687376812719
10630	4.48330979	5.97071139887083
10631	0.216255715	0.319889091815741
10632	6.22911923	8.79900102275238
10633	0.65678834	0.876650335227193
10634	1.85067126	2.32956761184722
10635	0.714497956	1.04070029151919
10636	0.762798259	0.864028265478095
10637	1.620042765	1.64779247986522
10638	1.39818532	1.48264128284129
10639	8.8440532	8.48733188096454
10640	7.36018512	8.49742990473611
10641	7.62492748	7.76041293438739
10642	4.2599907	3.82024649379619
10643	0.875556566	1.01764581804747
10644	2.36597347	3.04921758493241
10645	2.89203254	3.18738480265238
10646	4.74389512	5.98585622505682
10647	1.69802864	1.85887559813583
10648	1.16910947	1.29058107982654
10649	0.437654411	0.306166044527193
10650	1.40537455	0.924063950944737
10651	1.05794085	1.19702057946083
10652	1.165909626	1.33252590199635
10653	0.481558394	0.636771253237634
10654	0.280185761	0.369701253917619
10655	0.854660704	0.934798898309048
10656	5.82239546	7.53364291421905
10657	5.87029249	5.67844962268804
10658	1.12183575	2.09529667503419
10659	2.97671135	4.74615973409211
10660	3.2471703	3.90009776451802
10661	2.064811066	1.55043136828699
10662	8.08659724	9.2583756231982
10663	13.3465677	13.5007824511594
10664	1.04910166	0.97579478684186
10665	0.749455444	1.2861700947455
10666	7.82665163	8.16814315745349
10667	1.243832295	2.21523983689009
10668	0.960095576	0.7496511779025
10669	6.9136972	5.3184616305496
10670	1.3391508	1.60911541730152
10671	2.30250612	2.45219957467143
10672	6.12703746	6.59551813108696
10673	0.80620198	1.0610243816973
10674	1.20377443	1.90029796923943
10675	2.52944338	3.25955114030407
10676	4.66070011	5.61701689877478
10677	1.70456503	2.04135130515901
10678	1.34839577	1.39403773365455
10679	5.46243029	5.24588029110648
10680	6.35546818	6.78049236685042
10681	5.8957711	5.97454804715351
10682	15.385221	14.633953477225
10683	0.257104289	0.221977759259596
10684	0.651454125	0.586811349026042
10685	4.30470264	4.91700788783333
10686	2.73938119	2.63591840730362
10687	5.32799601	4.50337691102252
10688	3.66982364	3.36621640039063
10689	8.78526686	7.6001919901619
10690	0.637910698	0.862199509523077
10691	6.18613992	4.96713893194624
10692	1.76725424	1.83904662405808
10693	1.31374105	2.28732278168191
10694	1.78905699	2.04699334247222
10695	0.847495721	0.954288349488384
10696	1.70501833	3.498538864775
10697	0.554464479	0.790294377633772
10698	6.50257456	6.01227327010985
10699	0.282778794	0.226324560469872
10700	3.09108375	2.92496723690323
10701	7.23533795	9.04602325835715
10702	0.65164599	0.508020052736508
10703	9.11761564	10.4034864394028
10704	3.96343775	5.57715163934649
10705	12.46949323	11.5578139404744
10706	1.39343834	1.87338692109948
10707	4.42696953	2.44350347776667
10708	1.45312104	1.45094390698131
10709	1.214588512	1.34557307189472
10710	0.72159967	0.864497010128572
10711	0.667602102	0.746560288489189
10712	1.79782796	1.3629268130307
10713	3.315247	3.42478967886559
10714	12.4128657	10.6624152521757
10715	1.344045695	1.27600951538854
10716	1.77825271	1.51759600971146
10717	1.22878662	1.20693895646453
10718	0.774595138	1.01006732066343
10719	0.424252811	0.812856978704167
10720	0.782220224	0.970044733122381
10721	0.888424251	0.711413147452252
10722	2.21178428	2.05538176564268
10723	1.58508312	1.8132296272023
10724	0.73860023	2.04038719356559
10725	2.8053918	3.15832198718137
10726	5.26310091	7.52083580459756
10727	6.67834235	6.82086412561616
10728	7.17361763	8.65542165224074
10729	2.96429578	2.90994938384483
10730	4.15854632	6.42780555028095
10731	3.488072	3.4143379852938
10732	4.40584931	4.62350636835043
10733	0.85894882	0.838204963731159
10734	0.71591345	0.802872643771875
10735	4.13477641	3.27104981162121
10736	13.36746186	13.1250934493143
10737	0.82459664	0.777252992165656
10738	1.086007855	0.813717934931183
10739	0.309900304	0.266122547555787
10740	3.5607449	4.96704000081018
10741	0.678437508	1.12726319736583
10742	8.94139903	6.08034226722988
10743	5.91457093	5.08054423243627
10744	1.39039429	1.50416827001898
10745	0.413104999	0.682171635618803
10746	0.824048159	1.03458109173958
10747	0.65270952	0.955752309721491
10748	10.4643951	8.67205256123809
10749	0.484319823	0.388465348212745
10750	2.72972034	1.8854106778565
10751	6.15804085	8.60355965515353
10752	4.75849365	4.70222612209459
10753	9.06906742	7.93219939124118
10754	4.51320789	4.86987953567677
10755	0.573859683	0.850430821429487
10756	1.68975324	1.41393752156171
10757	7.21288148	7.46180744626923
10758	5.85801683	5.30894252761508
10759	0.953418436	0.915323362429932
10760	1.14931411	1.15988856714028
10761	7.44821462	6.06532773152846
10762	1.21799419	1.62983729098978
10763	1.007890944	1.02778851900893
10764	0.166850168	0.271388710539431
10765	6.05124421	6.54452115439524
10766	5.47949391	5.82726655268518
10767	1.14949545	1.53495876787206
10768	0.182266366	0.416754398845726
10769	0.987533292	1.61628748001889
10770	0.198707134	0.248257003034524
10771	0.838928291	0.880399558328829
10772	6.83050616	6.04445312133333
10773	2.77838512	3.79680304614352
10774	0.539540018	0.718493793722695
10775	0.863259465	1.34102789453846
10776	8.54615706	8.12052805715151
10777	4.00321693	2.95489697666875
10778	1.139848765	1.31288922581538
10779	1.14626753	1.04990983869768
10780	0.205760546	0.361621693133974
10781	3.85410993	4.87386623024286
10782	1.157735155	1.0974089710938
10783	4.41139344	3.13735637498583
10784	2.29354536	2.46512762725926
10785	1.8613192	2.29681835670108
10786	0.477014812	0.864158322021354
10787	14.5579353	11.3655367581559
10788	0.838772935	0.725926549858333
10789	4.13148747	3.99609262611667
10790	4.54722259	5.49512066408108
10791	0.885763314	0.895953853510345
10792	16.3022875	13.7584909010747
10793	4.932938	5.54488583431579
10794	0.332977209	0.270715952318611
10795	7.46853078	5.88781641060526
10796	0.789727448	1.0038399716859
10797	7.7308996	8.66874215788889
10798	1.131987485	1.53902098771709
10799	1.188327	1.476244877605
10800	2.35228483	2.38738984167568
10801	8.61854221	8.08168713773039
10802	3.58240836	3.51445976393333
10803	0.647058206	0.560294214774074
10804	0.57448798	0.974978929367982
10805	0.86235849	1.06638399046228
10806	0.30310226	0.304125871474074
10807	0.464129162	0.235936328155
10808	0.764361414	0.968713430051515
10809	0.268363043	0.446541187235897
10810	1.89097613	2.6386198322609
10811	1.22055226	1.39807384558605
10812	1.22784953	1.29576134063529
10813	2.07758753	1.87106687161398
10814	1.07068312	1.16450741109958
10815	3.09384261	4.03960345615278
10816	1.7970296	1.7468483980254
10817	5.31106112	5.71921203175225
10818	10.2915718	9.44046906024405
10819	5.57796141	5.77864613216465
10820	7.08321798	7.33876782798413
10821	0.894113044	0.998925320460853
10822	2.29638482	2.30240308131768
10823	0.701836725	0.986373720443333
10824	0.95503863	1.32506504735132
10825	1.46789117	1.33099191282556
10826	4.71004304	4.38937867648039
10827	0.657475	0.751311789612381
10828	3.70325551	3.53934708160185
10829	4.35193124	5.01102909071212
10830	7.34230274	9.0712074450977
10831	11.7149436	10.6518498823148
10832	5.43509658	8.62281115921667
10833	1.19713978	0.943896335484723
10834	1.202303765	1.33506220001441
10835	9.32932507	9.18522037416146
10836	0.477581978	0.449743111264583
10837	1.21873145	1.23328438755769
10838	0.223237658	0.257612563553604
10839	5.92506549	5.3806421257
10840	0.86090721	1.40185268273875
10841	2.22922168	4.4982135966807
10842	0.828686141	1.32493563234688
10843	2.61202353	4.1063864665641
10844	4.30988733	5.2116689830625
10845	1.78553122	1.91913902421375
10846	6.93835094	7.20895515689899
10847	3.45209898	3.75657299117544
10848	1.395888545	1.33134245787917
10849	4.02774447	2.7533401352963
10850	2.85490757	3.37588840614167
10851	0.63949578	2.29921357312928
10852	9.0726058	9.93855339412255
10853	3.68427856	3.62537589001802
10854	1.32551415	1.06637589467988
10855	2.99182618	4.13570064198295
10856	3.34383034	2.95231612548413
10857	1.56591837	1.43431435411667
10858	2.06577163	2.45670259543478
10859	0.907125246	1.02775117667704
10860	7.35233847	7.01023940027941
10861	11.2281647	9.18665587057619
10862	7.63744674	11.6367414263476
10863	3.92211055	5.35629100791667
10864	3.664501	4.13548385578509
10865	4.16533739	6.89374868589394
10866	6.52736338	5.2123974220935
10867	4.26121268	3.51353314698572
10868	1.34161649	1.25085123840444
10869	5.05250577	5.07060769701042
10870	0.427539451	0.493228471962857
10871	0.856327414	0.824676433902083
10872	0.89145271	0.740086877922043
10873	3.87938153	5.47449394881061
10874	1.67957718	2.2329103406545
10875	1.33841044	1.33435344762009
10876	0.306646522	0.309126271113008
10877	1.082899714	1.7903879931151
10878	0.580600886	0.651861254732778
10879	6.69696461	7.02019064212626
10880	1.00009757	0.709657936559524
10881	0.626710834	0.437335587146237
10882	3.77819951	3.87321239296154
10883	6.15090293	7.51455645929279
10884	1.28113501	1.07166742349234
10885	7.85530956	6.48211940979242
10886	2.02305974	1.96317856928857
10887	3.9870743	1.7310788271303
10888	0.630124111	0.58604164999845
10889	3.94917686	3.64983012685784
10890	5.46236406	4.9852511064495
10891	0.545473847	0.540311211306111
10892	1.64327037	1.52371982694414
10893	1.22101732	1.33318605595152
10894	0.553148151	0.385814155397549
10895	5.6456194	4.8664143207766
10896	1.267372354	1.01235604058949
10897	0.73051251	1.7759390235197
10898	0.623902568	0.788871874826667
10899	8.67196453	9.30348977807408
10900	2.38551919	2.14445891802008
10901	0.620101676	0.960699211119444
10902	7.27620351	8.21891838452021
10903	0.24435238	0.348931664315041
10904	0.377973319	0.268685541411828
10905	2.39650781	1.94883850236
10906	10.64833654	10.3995657035758
10907	1.44025461	1.26546047332349
10908	2.87921953	1.75131035314054
10909	5.08066941	5.44166928233333
10910	0.441561564	0.389121063329167
10911	7.3547647	7.6924428753964
10912	0.86882041	0.84728875677304
10913	11.23885521	9.21099081139899
10914	1.04604242	0.8741936404275
10915	2.85863696	4.10186983288462
10916	5.61969759	6.79944591474762
10917	4.07397028	4.90616384842857
10918	0.99676437	1.02124244234145
10919	4.39610632	3.38223684668254
10920	0.325991119	0.290875018805702
10921	1.94416653	2.07520385248374
10922	0.899170486	0.949445059426126
10923	1.206045854	1.69571951719962
10924	1.67481342	1.78906396667353
10925	6.13020467	4.6323301572963
10926	1.95063727	1.06703567859474
10927	1.6778945	0.985813377027381
10928	5.036478	4.81505947123504
10929	0.77296495	0.78381014329697
10930	3.05846562	3.37410284492593
10931	0.490461854	0.632908286943411
10932	3.96965841	3.05970422067816
10933	0.954309534	1.15241950900676
10934	3.66238541	4.22116800572857
10935	1.64836496	2.09822216802137
10936	2.53709462	1.81490632099429
10937	5.67383544	6.70208959726239
10938	9.03450663	4.83466080087037
10939	0.208350113	0.425248596225641
10940	1.666177626	1.13064931131952
10941	1.1086678	1.16338871166364
10942	1.157048675	1.28488919236622
10943	1.18137927	1.17197509004188
10944	0.670048128	0.983955516838426
10945	7.97881894	7.91570573827778
10946	0.625893134	0.755113183278632
10947	1.58868424	1.18797263604259
10948	1.13655206	1.02684524829667
10949	1.126245016	1.09624491009878
10950	0.86470165	1.52516169933816
10951	1.39210883	1.28515339763248
10952	0.89966296	2.11651383639458
10953	2.69175849	2.83575232782544
10954	1.294270713	1.335273362
10955	11.66939392	9.37489421654824
10956	0.850935017	0.669652313244737
10957	1.49201803	1.86904444815602
10958	11.5789377	10.4996971018514
10959	0.435996285	0.353830508441228
10960	1.384435826	1.29922404857407
10961	0.587621528	1.04822984258704
10962	1.538960535	1.33157229287857
10963	0.574725275	0.652443995456019
10964	5.43956461	9.18806911290909
10965	1.69952903	1.55489282216019
10966	10.29655465	10.167252049787
10967	1.56710115	1.750169887722
10968	1.98583384	2.35707974743524
10969	1.919205435	2.28514373404872
10970	1.197485604	1.24331667983295
10971	0.890453376	0.932077149135366
10972	3.67357159	2.92981924020513
10973	1.03421596	1.08126555188821
10974	0.843512855	0.804213107159583
10975	0.62093705	0.74006341181125
10976	2.51476691	2.31923841939316
10977	1.338246755	1.19010045076439
10978	0.476726556	0.8602943029625
10979	6.78472501	5.78340412984685
10980	0.178325079	0.34445262901963
10981	2.16550655	2.65477793419956
10982	2.63872464	2.42789335999621
10983	2.26303194	1.94457529105854
10984	1.13048962	1.35826499225417
10985	3.1628817	5.12759826422685
10986	1.98766845	1.92906858442072
10987	7.51570877	5.08639608901389
10988	10.1979062	8.09212921923438
10989	1.94988328	1.31798442424744
10990	1.08503702	0.878183842125225
10991	14.1823802	14.0069483050812
10992	0.90422686	1.2402365618114
10993	2.45972731	2.09777906547895
10994	7.56660779	5.61181972568919
10995	2.09219169	1.3235929591581
10996	11.57148151	9.53457686524031
10997	0.876426049	1.291729953425
10998	8.69351986	6.73989664736667
10999	0.312369842	0.369677869272222
11000	0.468494911	0.449813359522083
11001	1.132098506	1.16194922044279
11002	3.22287735	4.32459800792803
11003	0.195398039	0.324226254329048
11004	7.79050344	7.24414250360638
11005	1.84784624	2.18600733648081
11006	1.1150687	1.27135821869701
11007	9.16254583	10.3515484529849
11008	5.37550279	5.26643584754815
11009	5.43843151	7.18933684927778
11010	1.9051388	2.65909052296154
11011	0.788776612	0.786427131608586
11012	3.90405351	3.34983740786275
11013	0.668184624	0.72251566290625
11014	1.715429594	1.5641578983125
11015	0.947348834	0.962165159477083
11016	9.40867005	9.41434227265812
11017	0.5918569	0.794529819985714
11018	0.654732229	0.865484699640351
11019	1.54839746	1.11347746989595
11020	1.014029486	1.03141055234516
11021	6.60152291	9.71695173854041
11022	0.524934624	0.651016957633333
11023	0.604366324	0.394987012511539
11024	2.40082708	2.11979390169833
11025	3.88713867	4.24705409433772
11026	0.200030121	0.310886941919355
11027	0.43588798	0.677457483897312
11028	2.40701579	3.04090302690784
11029	8.10340985	7.82327600485
11030	0.402745882	0.295730580369583
11031	0.263653679	0.252562517417677
11032	1.60126564	1.2209558455561
11033	2.89063301	1.8193246055
11034	2.49983647	3.78727295252564
11035	0.841416459	1.06363608113088
11036	1.0959502	1.31838490223529
11037	5.18829665	5.24466119470334
11038	0.711484798	1.3240719379235
11039	10.71396682	11.8024246269931
11040	1.11650828	0.938669333304471
11041	1.367403295	1.44314804444459
11042	2.79869981	2.64880736980175
11043	5.34769069	6.37234053793243
11044	5.70876056	6.71941264985417
11045	9.8363182	10.9102016238889
11046	4.53010664	5.46069286317037
11047	1.87218716	1.87096933209952
11048	0.757417866	1.27408611472138
11049	3.14389241	2.47649029416404
11050	1.09131474	0.794961197259259
11051	1.349579495	2.01386186136286
11052	4.56428787	4.55305838090909
11053	1.60047317	1.99997210907708
11054	4.11302087	6.13029530859009
11055	4.61229273	5.28630664578217
11056	0.97428716	2.02837221598062
11057	0.59686329	0.70999760565375
11058	0.897547996	1.1567800028598
11059	12.5403573	12.7182800760375
11060	2.03751997	1.5516437174859
11061	6.59912998	5.01475446407222
11062	5.69685997	6.79922979850926
11063	0.857236921	1.23451402127317
11064	0.529308324	0.675457343892188
11065	2.51454024	3.41399050434259
11066	10.3627136	6.92276883975
11067	1.08533397	1.52754917382273
11068	1.38187918	1.29912023653784
11069	0.7386965	0.900941574713063
11070	4.3203157	4.1186625615691
11071	0.535055338	0.510789321920139
11072	2.024484975	4.03507304750287
11073	1.304199845	1.309001723475
11074	1.92837771	1.71636430530303
11075	1.99694202	1.8547471084746
11076	2.71342499	1.86787384972958
11077	2.97788334	2.36260720788571
11078	1.56984667	1.20496424320042
11079	1.22909626	1.7420897100004
11080	0.489249441	0.426251882967045
11081	3.80429124	4.18095646529915
11082	6.24955206	6.26063756285606
11083	0.294743041	0.209294078309048
11084	0.82018082	0.840473837400537
11085	7.22227793	6.26307268228333
11086	7.15900993	6.40126202982353
11087	0.337869523	0.252090904322083
11088	0.99575207	0.997629786153809
11089	1.45177353	1.80809922964575
11090	3.7498431	2.89568798141057
11091	0.832519782	0.855549745989063
11092	4.97249284	5.02600152668803
11093	0.337370782	0.328357093842793
11094	5.77957647	5.54306905505556
11095	1.389326814	1.12068002814649
11096	0.545057905	0.336539191625
11097	1.35972765	1.350470124495
11098	0.352650014	0.368524468325238
11099	1.29531798	1.35471580333788
11100	0.845915384	0.981532035075185
11101	0.958634379	1.03483790251919
11102	0.223692608	0.348041381186712
11103	0.48588744	0.776713713400555
11104	0.795405734	0.927801228413964
11105	0.762203825	0.773510230327273
11106	2.94343338	3.24443545884167
11107	3.6924454	3.53511387884188
11108	0.744143661	0.763315756130555
11109	1.26090104	1.11469581436705
11110	0.88074838	0.925659320653432
11111	2.3733394	3.5318554089625
11112	0.772708142	0.873075431578704
11113	1.11895788	0.963419865724359
11114	2.07648452	2.57939536355714
11115	2.29331078	2.51845743268125
11116	8.59727967	5.96996085613021
11117	5.16231939	4.9698004875202
11118	0.38212908	0.490869902750741
11119	6.65347244	5.22262668870833
11120	0.214548858	0.323812495187597
11121	0.693141129	0.556887974559459
11122	6.54190438	5.82203604006667
11123	0.710081315	0.909897723532291
11124	0.54572209	0.339137531690952
11125	0.550881609	0.847423954703252
11126	0.88881259	1.14794818149868
11127	1.84844883	2.05897485107481
11128	1.038017795	1.03203719892111
11129	4.39401462	5.10102585149444
11130	0.640542811	0.747108191659091
11131	7.03290544	3.35344655670254
11132	0.313624409	0.30533953239
11133	9.39133506	10.2952186790644
11134	3.80002517	4.03140972957143
11135	1.91708138	1.35213710907479
11136	0.266198067	0.306894417534286
11137	4.82214673	4.75269915975
11138	0.77539787	0.813321599268293
11139	0.590593863	0.613589351497037
11140	0.642505142	0.751839994821171
11141	2.9021804	3.08517240560203
11142	0.278651181	0.25289100978447
11143	1.18003858	1.1292421861701
11144	1.12261605	0.878126202366204
11145	6.0595386	5.84307575936179
11146	13.2300748	13.7648952085686
11147	6.6756684	5.21811161723438
11148	0.226646367	0.271080986175225
11149	0.871973446	1.03330720719028
11150	0.295554989	0.489030689347685
11151	0.709543044	0.590254902559314
11152	1.038882636	1.22961718748476
11153	3.31289123	3.69837475784849
11154	0.178793003	0.290264470905556
11155	2.39061398	3.19284902077778
11156	0.298318077	0.285924791654041
11157	0.942046546	1.08647261846204
11158	0.90112604	0.802261059296154
11159	3.38252111	3.64620417331081
11160	2.80726349	3.88647427950397
11161	0.257921518	0.240921163968519
11162	0.58534248	0.873614138334127
11163	3.39296497	4.86193259995833
11164	5.86585656	5.39653313936905
11165	0.81039374	1.09500648854963
11166	3.22978762	2.43357449115476
11167	3.95179292	2.42106732131944
11168	0.744091045	1.81328139634316
11169	0.791390225	1.85855990785303
11170	6.59337833	5.91375244084946
11171	10.43053027	6.15125060363063
11172	4.26736596	3.10445060238468
11173	0.354942496	0.440746782896465
11174	0.689044135	0.837796925318391
11175	1.14500577	1.56804627716667
11176	5.2702793	4.37682299684804
11177	1.31663942	1.38285018262821
11178	4.01075291	4.65268085475
11179	0.36298927	0.45893766803964
11180	8.130087	7.71181841456481
11181	11.6695965	11.1064971003873
11182	0.8316357	0.994229081811702
11183	9.28434234	9.2850385624596
11184	5.06913586	3.58414329426577
11185	1.020925406	1.10039884533186
11186	8.7781939	9.03209609273611
11187	0.996703411	1.22864067450139
11188	0.94878029	1.44858167972636
11189	0.640778255	1.18778262993982
11190	14.04461716	13.5068981439564
11191	4.60327015	5.65558391822973
11192	3.70488008	3.73549833841429
11193	0.2074202115	0.283010712739474
11194	2.94605014	2.0541032994086
11195	6.22135767	8.07943983096875
11196	1.075496046	1.14552897395
11197	2.38562192	3.18697633023148
11198	0.907008042	1.01279066488967
11199	0.599799259	0.391793652205093
11200	5.92822888	7.41159278520202
11201	6.2325032	5.70495462557527
11202	1.58970134	1.64048575081111
11203	0.60248259	0.802249409557292
11204	0.982731975	1.25130506631377
11205	2.33217025	2.32876134906197
11206	0.487984839	0.325316030593496
11207	0.219387664	0.24178008849593
11208	3.84549961	3.04161671331035
11209	1.09221879	1.01773025747791
11210	1.66552	4.64712865390303
11211	1.09229354	0.930081095462917
11212	6.35764866	7.17826563680278
11213	0.99370424	1.14678692191542
11214	7.29708103	8.08844374131333
11215	7.63352682	7.86267887242308
11216	3.36694607	2.87836685972727
11217	8.80229325	10.0036188101053
11218	0.591926289	0.429324122002222
11219	1.61324494	1.83683397856818
11220	0.488132906	0.567937787828283
11221	6.47315903	6.29352319028572
11222	0.308604153	0.331381462492117
11223	0.376056621	0.3839069645125
11224	1.14967837	1.20539103031232
11225	2.30419716	2.61042045861111
11226	1.30103184	1.42209398667241
11227	2.17603283	1.85512643898833
11228	6.25216072	8.72774167463063
11229	2.3074017	2.07971341137928
11230	5.89714379	4.21186640376471
11231	2.450183	2.31624095670813
11232	2.58226676	3.17426692167982
11233	0.852332299	1.5373721495819
11234	3.5268969	3.67452433674444
11235	3.56724073	4.81329417226577
11236	0.978689354	0.91650895602265
11237	1.46816731	1.60214397164167
11238	5.70942003	6.45970567272341
11239	5.39996116	4.94794937362255
11240	9.4816827	6.37467313120167
11241	1.71673131	1.20334920876036
11242	1.92729483	2.75428796816404
11243	6.9391781	4.58938872196111
11244	2.02923342	1.40424361251414
11245	3.65166037	5.93602494438158
11246	0.1256531635	0.238734952982883
11247	1.473330524	1.44420116728114
11248	5.05374912	3.92463493904301
11249	2.06732941	2.13599858634921
11250	0.71308075	1.16952110182738
11251	1.04233175	1.40337451126667
11252	2.47741662	2.53461693279798
11253	0.883572174	1.07280512500521
11254	4.30940125	4.8214433957381
11255	4.00236121	4.65293199296053
11256	3.4298638	3.28205718408333
11257	1.006931246	1.06716618882984
11258	5.96707785	5.98138300382857
11259	0.734924028	0.799009773782184
11260	9.8863929	10.3079811780882
11261	11.66414385	6.26728284254279
11262	0.760639059	1.04085995282982
11263	0.75670637	0.679397048038288
11264	0.436891819	0.37731889687439
11265	6.18910494	6.27530442964685
11266	3.5485739	3.46541205921667
11267	1.10935678	1.58740431434333
11268	0.942463031	0.975566123443434
11269	1.36856775	1.21269288634722
11270	0.81050076	0.745447338646354
11271	0.611694835	0.925902467676577
11272	5.19082245	5.00494248752033
11273	1.54317716	1.02344708045619
11274	0.875364735	0.800390466172989
11275	3.3196022	4.3017620096875
11276	0.324500946	0.350593040702941
11277	6.12693265	7.35688487986364
11278	9.3431123	9.59590176288426
11279	2.16056614	3.25770156568699
11280	1.20824396	1.56366708078739
11281	2.51778085	3.10973502157447
11282	2.31554852	2.88763253044907
11283	4.48551565	3.47219676018992
11284	1.109916076	1.49278716512284
11285	0.957802185	1.06034742917
11286	0.808370187	1.25025775596566
11287	1.80873295	1.71613957663063
11288	2.08566951	0.999861842156666
11289	0.961481336	0.986095134613514
11290	1.248184395	0.96882569879697
11291	0.446241648	1.65934693039691
11292	1.099284154	1.46885819150877
11293	3.71728635	4.67364873463597
11294	5.17558089	4.90858141352632
11295	10.966084	11.6964805448529
11296	6.77220886	7.0179425379386
11297	5.62086467	6.90378608723563
11298	1.039324545	1.2967787610614
11299	5.46231534	5.48532806339431
11300	0.159021144	0.27222035755
11301	1.083390651	2.72827850426847
11302	10.80547709	11.6320720054657
11303	6.23287759	6.51236352282323
11304	1.35648679	1.16467437407432
11305	1.075708078	2.17554033116545
11306	0.770629024	0.813267253267117
11307	0.937180819	1.06895952911296
11308	11.4978515	10.013198917
11309	2.12376389	2.64914641320726
11310	0.93128934	1.30152580361279
11311	12.34814226	9.76054334652845
11312	1.43442193	1.51355344820385
11313	0.800914612	1.25251010846364
11314	4.15498266	6.53228906903571
11315	8.86988901	7.21002956117544
11316	5.64493579	5.65714434305392
11317	7.32248721	8.6758603959902
11318	11.97543645	11.6493424526029
11319	5.15563479	5.16769959279542
11320	8.54609115	5.81771336600438
11321	1.184194385	1.41150967110886
11322	2.93281602	2.62518784366216
11323	1.408123894	2.02312188536129
11324	0.279695603	0.296809073480953
11325	1.98792843	1.61648040925513
11326	7.53650369	9.49385732329268
11327	2.42658109	3.44900728771085
11328	0.974775589	0.992319945730093
11329	5.35203221	5.32781190433721
11330	5.21353534	6.22412396401351
11331	7.59266343	8.19063455245
11332	3.96339621	5.00034484284685
11333	5.4636099	7.05823819244608
11334	2.7559244	3.12020514165691
11335	4.5592818	3.64583790116162
11336	0.522692639	0.758478634058095
11337	6.43307854	8.07145417208974
11338	1.03942267	0.97911915451619
11339	5.31771782	4.23988811475
11340	1.5750771	1.59670116216413
11341	0.859954035	1.15223332398553
11342	13.1971196	11.0404463879375
11343	0.76611798	1.05357593376111
11344	4.36186676	3.55671411719512
11345	0.589512269	1.00862162948722
11346	0.942074754	0.962709703635
11347	2.54723707	2.36266269297297
11348	2.78574939	1.94320059565942
11349	6.00190839	5.46679115828889
11350	7.54626154	7.94357802410294
11351	1.97949793	1.70770369934324
11352	6.69925616	6.96739753754651
11353	1.25754546	1.15038059226622
11354	0.77031311	1.04820904142713
11355	1.264764996	1.28349722590407
11356	2.9458087	2.08912803032448
11357	0.745561477	0.522557354826667
11358	0.348061237	0.258043976877477
11359	2.80610871	3.31197702061111
11360	4.93467483	4.86012904986364
11361	0.455563286	0.503013580198438
11362	0.601107308	0.852875848680808
11363	5.7483827	6.29728410934375
11364	0.81325192	0.747222670861743
11365	0.569608115	0.7737734778
11366	0.934473565	1.16127389898417
11367	6.60277259	7.07207202124603
11368	0.173854009	0.28294165893268
11369	6.44792281	5.80771922064286
11370	0.770666815	0.776381543426087
11371	0.458177524	0.269986378693116
11372	1.143673685	0.80297996615
11373	0.387819549	0.320451677562195
11374	1.79810397	1.35215167003986
11375	2.65629694	3.32864374102283
11376	1.834508855	1.27147339286429
11377	0.439956951	0.623403286175225
11378	2.21387716	3.02491154878889
11379	7.10783482	8.03805165226768
11380	7.8704832	8.16313481372917
11381	0.688176363	0.914423426642683
11382	5.53612402	4.78502762896429
11383	1.16809122	1.23370624243232
11384	2.74612238	3.46685729600046
11385	7.82957306	9.18340193643889
11386	0.747938523	0.916946796585784
11387	9.55852985	7.43525300601515
11388	3.1927702	3.86801822713514
11389	0.710319696	0.810288375792308
11390	6.99438729	6.48689789364167
11391	12.13820479	11.9595673155732
11392	3.71554954	5.21408160239048
11393	0.405428997	0.294216138673148
11394	1.013686475	1.17984912303455
11395	5.20771276	4.89067870292857
11396	8.83806811	10.1939301136065
11397	5.06714773	5.17177483916216
11398	12.55385693	12.7503685996071
11399	0.739658041	0.612202839501802
11400	4.56384451	4.37607029351905
11401	2.44988898	2.82104838194459
11402	3.35271343	3.50191815101111
11403	4.10815703	6.52090163214744
11404	3.83246435	5.75050738888739
11405	0.455376087	0.71113519109693
11406	3.23015164	2.47315269786458
11407	17.0744158	14.9121627462634
11408	0.510097174	0.377684126923423
11409	1.060501848	1.49867770056579
11410	0.180497627	0.219192111643611
11411	0.654643309	0.763476621551852
11412	12.4643807	9.57687313811905
11413	3.89033573	3.30998425389189
11414	5.64127648	3.42076309894316
11415	8.44796656	7.63096009406863
11416	15.08816628	10.362778792957
11417	1.4728549	1.5016286397899
11418	0.931754294	1.01582315688438
11419	0.676083349	0.956076869501075
11420	8.27904003	6.12097504946667
11421	0.466798647	0.673889046923246
11422	3.39671636	4.03393699085714
11423	4.00780268	5.22129851242636
11424	6.59850698	5.65125830233721
11425	0.263660346	0.240620029222917
11426	9.2815561	8.50180440975758
11427	0.95828418	1.26550867060641
11428	0.91524094	1.45838932210167
11429	0.697129367	0.667646374284685
11430	5.79157912	5.57118574984546
11431	6.98584077	4.95854696153889
11432	2.08582073	1.84325223884143
11433	16.1409906	13.0429322858384
11434	0.175559603	0.259342090733494
11435	1.02563587	0.787421811837698
11436	1.30085139	1.31729014189487
11437	0.814164865	1.34959241048964
11438	1.618708675	2.77307077198333
11439	3.36418901	2.27751753833235
11440	4.10045609	4.91270037710101
11441	1.39349511	1.4179433014018
11442	16.41271528	11.9204498381927
11443	1.331495054	1.39201521925513
11444	1.47216394	1.33635790153333
11445	2.10479553	2.44988627928378
11446	2.05521167	2.01324278217105
11447	0.514731016	0.623714458187037
11448	0.730388139	1.18269807831204
11449	0.74824733	0.847683269667816
11450	2.5925232	2.15674514815
11451	0.803920216	1.24144202753974
11452	2.38948625	3.4690709638718
11453	2.62672591	2.13877184647917
11454	2.16825974	2.21221855311759
11455	1.248499405	1.24054361034268
11456	0.369408447	0.498943176158602
11457	2.20095848	1.5236557745319
11458	11.15307346	10.0057087097206
11459	0.180917735	0.270663861748529
11460	8.0660143	8.5431730725787
11461	1.119254744	1.36135262934429
11462	1.110564346	1.01262538944226
11463	2.11006692	2.23129782265045
11464	3.76148441	4.26639700767442
11465	0.830304592	1.2452134350307
11466	4.22323876	4.93236642561765
11467	4.04394734	4.19225702633333
11468	3.31816073	6.86193740015833
11469	0.701323857	1.08050675162917
11470	0.777053777	0.972846207822072
11471	0.91147246	1.23840936884815
11472	7.80841404	8.39639655290323
11473	6.19938513	6.08101210741177
11474	9.10101748	8.58292222073333
11475	1.1381797	1.32256858715
11476	10.83135053	9.47199678041975
11477	0.921498074	1.16388342329167
11478	2.39647945	2.74537764226882
11479	0.616028145	1.12086913071974
11480	1.27465169	1.34919668502816
11481	0.527246019	1.25468822719893
11482	5.57920739	6.55994594262393
11483	6.08392489	6.98825080003153
11484	0.844964025	1.11595254141961
11485	5.8100726	7.11925441371212
11486	3.36793792	4.41503784772396
11487	4.18651831	4.23020805582292
11488	2.29663789	2.38570974960541
11489	6.42675123	6.66631705387607
11490	0.869153675	1.00875806639917
11491	4.24547753	3.79033462035354
11492	1.84722003	2.09715145708571
11493	4.24014269	4.63823300798148
11494	1.438793834	1.64128018808816
11495	6.82119136	8.20891356636047
11496	2.016090835	3.89815856487403
11497	1.99733801	1.85272163720586
11498	1.10714336	1.33291525944889
11499	2.92029939	3.73740686981531
11500	9.69173645	8.28263003368095
11501	1.21617557	1.12813289361703
11502	1.005041264	1.17322324276494
11503	1.080578599	1.26520542963
11504	8.15680136	7.96542032495
11505	5.99148403	5.79010654767647
11506	7.16598351	10.3921693664459
11507	2.54911258	2.48121834545
11508	0.9369552	1.21431652677321
11509	0.37173341	0.40857369330943
11510	4.75914115	5.15360803579167
11511	0.73381944	0.763769187229333
11512	0.867720892	1.30502437560254
11513	0.630463104	1.0803865653756
11514	2.827360305	2.75795770478055
11515	0.805025396	0.936119583499048
11516	6.31438184	5.86232941532381
11517	2.4044928	1.8940070082
11518	2.91261277	3.16073066436762
11519	1.56545716	1.52701831359167
11520	1.67651765	2.17635307870935
11521	0.128864341	0.230199269131798
11522	0.823421976	0.728187004351894
11523	0.599745405	0.734715017815892
11524	11.19280735	9.72376747977928
11525	3.96879839	4.84956435816667
11526	0.444274807	0.427647744313964
11527	0.82243253	0.794671503274074
11528	2.85836642	3.7117679477973
11529	10.76935366	11.2967894910354
11530	13.23137837	9.73926830884
11531	0.712404761	0.977873316097619
11532	5.99326964	6.07317192864444
11533	3.96771406	4.03000998647136
11534	2.10791531	2.07101399935039
11535	10.01228147	8.70246415886508
11536	1.84905539	4.24964837797905
11537	3.58081496	3.31552054844461
11538	5.70990936	5.40642136844445
11539	1.21173076	1.04948972618292
11540	9.96022395	9.02462847930556
11541	7.21270784	6.52279358430303
11542	2.83231443	2.53583899383462
11543	5.94472076	8.72281552063043
11544	6.29071306	5.58736812228889
11545	1.24288554	1.40232002170351
11546	1.58936285	1.14739432737849
11547	1.65924662	2.54708972030789
11548	0.250879105	0.423479177523718
11549	0.130219099	0.195340483994445
11550	6.58379845	5.31765676734553
11551	2.02823692	1.70946852562043
11552	0.18670129	0.237475655470952
11553	5.72857394	6.02217906360952
11554	1.75683372	1.77990192397287
11555	5.81128492	4.89492746019106
11556	1.4664893	2.03065202107793
11557	0.73270506	0.86039122045101
11558	1.03667682	1.0586647608563
11559	0.933467873	1.28759002122698
11560	2.39947478	2.72284158034375
11561	7.16214176	6.26076886034667
11562	0.271495045	0.36792438542906
11563	8.85203532	9.17399868975877
11564	5.66499292	5.98001862330952
11565	5.57522576	2.91844669557478
11566	9.61747101	9.32232567728862
11567	2.66624688	2.74315066838021
11568	1.96110645	2.38485136216354
11569	8.21640105	7.58435698436022
11570	0.250826758	0.375275451187719
11571	0.85098707	0.744594143113889
11572	0.702464565	0.970801908712857
11573	1.04103421	0.961674638428704
11574	0.36515496	0.231174613406667
11575	0.736466639	0.735414278894595
11576	4.69453781	3.1099621119359
11577	1.74654254	1.81402229960349
11578	6.42522718	4.66311491484127
11579	0.711983245	0.830791746114912
11580	7.7297236	6.87489585765766
11581	0.320833971	0.26377592325
11582	4.16395287	3.5326153631982
11583	1.497163766	2.31722906130952
11584	6.14018496	6.54113929973333
11585	2.13923562	3.07012128814615
11586	0.533022314	0.689070016718478
11587	1.22916531	1.27014305808281
11588	0.894727144	0.994651290540541
11589	8.05947744	9.75076171484804
11590	6.22347134	6.35538734017157
11591	3.21173776	3.2434842348553
11592	0.815736365	0.908159851088426
11593	2.74642519	2.94567848160569
11594	1.135667455	1.24067187452604
11595	1.64103281	2.03551648633793
11596	3.270988985	5.33463264167111
11597	4.99930288	4.49073966005555
11598	2.89194404	2.97536521419271
11599	5.32039674	4.63899971767857
11600	2.40575509	3.20053092261042
11601	0.365800141	1.10109199207717
11602	9.18520841	9.18885768658558
11603	6.86078779	6.44342378381183
11604	1.001577735	1.27944250463162
11605	5.5767002	5.27413035196889
11606	1.25278131	1.4016589620019
11607	13.5296782	13.6351703230543
11608	1.24173882	1.01396300291609
11609	5.20995066	3.80887300063118
11610	0.620990624	0.811220256217094
11611	1.6258655	1.76397678494314
11612	0.197752725	0.30317412795
11613	5.99275482	6.963762337
11614	0.992006605	1.00187959214111
11615	6.70002832	7.3890315529
11616	0.789915036	1.01393783431708
11617	2.03275614	2.5534691535
11618	4.0156852	9.35072159545946
11619	4.9538488	4.98652513150476
11620	1.626890016	2.36059779481467
11621	9.89934064	10.7423729013837
11622	1.20478868	1.10371261479111
11623	0.78448024	0.822031344014516
11624	1.76786586	1.72759472064811
11625	2.70764141	2.69819927338385
11626	14.21614383	11.0278787358627
11627	0.650509731	0.894909861840404
11628	4.98893654	4.32651301188034
11629	1.242694534	1.37784796719316
11630	3.67581639	4.15939820702137
11631	0.696242626	0.701815050293333
11632	3.57986484	4.3116991274386
11633	0.279037487	0.358503951476667
11634	3.91733685	2.83591250277742
11635	3.98346812	4.954805211
11636	2.51036604	3.67210459702222
11637	0.961961135	1.30861220585992
11638	1.73054702	1.45896987382027
11639	9.70213813	11.4442106089167
11640	1.226368325	1.6322854315902
11641	7.3846944	6.70103893518919
11642	6.84210409	6.65217314600833
11643	0.285516625	0.29043782825045
11644	1.51210554	1.36305917942544
11645	3.84941135	2.74224159097778
11646	1.33702409	1.18159239175064
11647	0.305920078	0.490483845991667
11648	0.808317995	0.879310634669565
11649	1.84905254	2.71922665623333
11650	0.49578777	0.244232400862475
11651	1.297736849	1.43124950990245
11652	2.8616434	2.27106769416486
11653	0.84327402	0.988360290296154
11654	3.97468943	3.38857386251515
11655	1.262740263	3.17024966124891
11656	5.01343515	4.7573412466886
11657	1.2299622	1.34215233286917
11658	1.066558419	1.27195235927302
11659	4.28818531	4.73700232704955
11660	7.94573756	6.11534586588833
11661	0.885957431	1.59697050727149
11662	0.545137694	0.409866629757317
11663	0.90384514	0.993900099048095
11664	0.83402297	0.845584056581482
11665	5.37857767	4.91458236076061
11666	3.82860548	3.74979224948611
11667	6.3115188	4.36876091660985
11668	11.4230622	7.90983231048291
11669	0.667256689	1.05986435709667
11670	1.93867801	2.42667863700735
11671	1.33805499	1.3573406361381
11672	10.7356299	8.39783113371491
11673	0.85236378	0.847755559550855
11674	1.76410269	1.21375738280963
11675	7.45139534	5.36297319030631
11676	0.660014179	0.912857910588725
11677	0.523044806	1.0147986712974
11678	10.96021889	11.7413661810857
11679	1.195501241	1.0232470693523
11680	3.33700719	3.25918577791667
11681	1.09360022	0.980524631179386
11682	12.01945247	11.2350078539293
11683	5.08394532	5.42165821173704
11684	0.802507759	0.942716228238889
11685	8.27875559	11.0254856743583
11686	1.050177205	1.16559635715465
11687	0.874826095	1.28358433790343
11688	1.017702674	1.88268466246204
11689	0.635281752	0.594753281862626
11690	1.760704585	2.89467462637149
11691	6.70258881	5.50003664055914
11692	0.676733046	0.772018534349243
11693	2.17365981	1.28805029233951
11694	0.303924364	0.331778981298529
11695	6.78008806	4.81581560064912
11696	4.05107883	4.76238136483333
11697	16.0717838	12.1963529425536
11698	0.885933255	0.935161365642222
11699	1.22841492	1.43686007248571
11700	7.02182884	9.75233231309259
11701	0.85876694	0.987949311882432
11702	12.69660936	13.6238615712059
11703	0.478724291	0.720071239551563
11704	0.798989535	0.871988454577778
11705	8.14345781	7.02028068428509
11706	1.13419298	0.957096531740244
11707	1.327989275	1.61859428227448
11708	0.521720822	0.617289384620588
11709	0.804254291	1.40775994227207
11710	0.397393927	0.222244203548485
11711	0.620356886	0.746274570871429
11712	0.97148824	1.97829005586823
11713	3.36067517	3.84275837751773
11714	1.225555228	1.69767475216667
11715	8.7751529	9.36716177286508
11716	1.45674654	1.88515234409553
11717	0.835297764	1.19352791045484
11718	8.3475907	6.21822152143514
11719	1.08279814	1.02647161819481
11720	2.56083716	2.96019089480208
11721	0.86072821	0.884224854537083
11722	1.416434	1.0406909332075
11723	0.165470205	0.282832259700198
11724	4.64783242	8.20338728689912
11725	4.74242904	3.73927359768939
11726	3.86374334	3.34217852198775
11727	5.47838604	6.74810998253846
11728	0.774679587	1.12006275280476
11729	0.999481435	1.26202327720102
11730	3.01409496	2.33144894272051
11731	0.401217042	0.372230217804472
11732	7.932171	10.1845156661198
11733	4.32154211	4.86703320913889
11734	10.18635337	9.18401701834722
11735	0.675805615	0.842071686494697
11736	1.26703029	2.21659592714904
11737	7.52267437	8.70699986365315
11738	8.14049536	8.67826177707084
11739	3.43698973	4.32809213373577
11740	2.78793391	2.39953102439127
11741	1.84320462	2.25681473178563
11742	0.843520851	0.815204972494716
11743	1.211473274	1.15473696952905
11744	0.719494535	0.808106052967073
11745	1.1351672	1.43047509751468
11746	6.85400644	9.02711240643421
11747	1.91107644	1.34555007139755
11748	4.68547113	2.70758567038509
11749	1.17091766	0.985468531660952
11750	0.320428854	0.59289645879955
11751	3.89810257	3.4299437156252
11752	3.13941551	3.75981483007456
11753	1.51442077	1.27897578708211
11754	3.62349828	5.36659562541464
11755	9.92597057	11.9628069510877
11756	2.54245547	2.80498013943675
11757	2.75752113	2.52903617926667
11758	5.5247171	6.06852024811667
11759	0.909015386	0.638340183451418
11760	7.71090996	6.65737566233333
11761	0.23202453	0.342564005376754
11762	7.18715346	5.20360961115041
11763	5.96557504	7.204259996
11764	2.77123119	3.05141681579815
11765	1.362717224	1.83292900062262
11766	3.87834313	2.63455525243604
11767	0.863156455	0.821642548384804
11768	1.119572605	1.00743298347976
11769	1.50894921	2.97314855270992
11770	0.332172951	0.331321565611458
11771	0.886951465	0.97095604821
11772	3.53745198	3.6100866755787
11773	8.67262151	8.10392968444445
11774	0.296410797	0.275540119675214
11775	0.729846456	1.00607531273784
11776	15.4814822	12.9251469162652
11777	16.3188292	12.7701714325735
11778	1.005775199	1.27276988399167
11779	0.933604975	1.05517462473381
11780	6.76107904	5.80576939353509
11781	0.682693537	0.966982299021368
11782	6.73398082	8.7878067319537
11783	4.25930078	4.18095241945
11784	0.250307868	0.254209377227143
11785	0.73744363	1.05991070189848
11786	7.11235051	5.33476995786179
11787	7.6887908	7.48675247536403
11788	1.38390169	0.922139238023577
11789	1.153908935	1.03037929587875
11790	11.2128753	7.97021685278736
11791	0.81492566	0.983719440582895
11792	0.364942107	0.340748752808974
11793	0.793633189	1.01720002681504
11794	0.89008461	0.849544188561403
11795	9.51922714	10.4620152273056
11796	1.0234242	1.0066415131825
11797	3.84201978	3.0666590610303
11798	8.38053595	8.63460809397297
11799	1.0396403	1.04656745685405
11800	2.302721	3.1550963281276
11801	0.3865312	0.316762505985043
11802	3.17315339	2.97446566643219
11803	0.880056115	0.941698932968421
11804	1.081202924	0.809738097646748
11805	2.48047695	1.84626417438694
11806	13.7311841	13.6836741799889
11807	3.77719929	2.97914711112396
11808	5.01634489	5.72384821642188
11809	6.7070267	5.95054080294444
11810	2.76436492	3.5188687501124
11811	1.85442752	1.29807077804429
11812	1.45603953	1.39964577150167
11813	0.415529385	0.820756323012613
11814	3.37408248	3.89372045479412
11815	0.99027799	1.01150452248431
11816	1.08259253	1.32775121021845
11817	11.81844505	11.862206258641
11818	1.47034079	1.31396757294833
11819	0.896416065	0.995679727947083
11820	6.43708348	6.03600795499206
11821	2.2148731	1.94429301050203
11822	3.89661312	3.25157065304955
11823	0.718861796	0.677562096861111
11824	8.59564496	7.72659121586765
11825	0.290114287	0.35299476502375
11826	1.57930629	1.83398369567824
11827	4.20025982	4.41294151790343
11828	7.38969262	9.74094425963095
11829	3.88940095	5.07563474685
11830	1.077696034	1.04903759926065
11831	0.963526745	0.873836774803876
11832	4.88812247	2.87342965856667
11833	6.96186691	6.2721658112094
11834	0.793123296	0.982826057359459
11835	6.91379785	5.29814729771667
11836	1.38763712	1.46652275600351
11837	1.162158885	1.25475830525147
11838	2.04520179	2.56045862315972
11839	10.4076454	11.3542285059857
11840	1.443678136	1.01042254222222
11841	0.638130305	0.75335596953114
11842	2.54621526	3.03431364492157
11843	1.72285728	2.00670475554222
11844	0.231039434	0.296736223415238
11845	3.67047216	2.99115370276437
11846	1.4540097	1.7430873658594
11847	0.415809088	0.531576276882609
11848	0.61136651	0.584494285373256
11849	8.83926872	10.2914514186991
11850	8.96556853	9.79157373797297
11851	6.01619748	5.34401138785366
11852	1.036245815	0.828962715210556
11853	2.45931667	2.47005424708333
11854	1.00904255	0.856230108123424
11855	0.271382101	0.388003323368254
11856	3.09999238	3.35543316897619
11857	0.84391504	0.768726056784649
11858	0.56244041	0.886696529844558
11859	0.722998551	0.664367295160145
11860	0.792338316	1.4015634341838
11861	0.241994793	0.421107299101626
11862	13.39263695	8.67584591694872
11863	0.808240847	1.09994645425877
11864	2.48334879	2.42664274517451
11865	0.686391245	1.28444280386022
11866	0.80564328	1.30371330550931
11867	1.95385803	2.28465110247941
11868	0.249165189	0.434961024451613
11869	4.37904347	5.39794988974206
11870	2.79573341	2.33041181329798
11871	1.55372415	1.63572441656381
11872	0.655030377	0.783656453038618
11873	3.40510354	4.36051322693162
11874	1.16717412	1.38211140272796
11875	0.92860939	1.08306565956991
11876	1.33573969	1.76828947263712
11877	0.284123532	0.31569125598964
11878	8.54478754	6.42041101292857
11879	0.7678022	0.876526640878495
11880	1.016032976	1.08649601352018
11881	6.6655389	5.73036405608334
11882	5.28107471	5.31315857711743
11883	4.90048463	6.16743268138258
11884	7.87861322	7.42670951741304
11885	8.51400504	10.191774698981
11886	1.81977021	1.32351739030042
11887	0.96879088	0.847907092941905
11888	0.703249514	0.978270799366667
11889	6.6745583	7.03550506552846
11890	1.667746265	1.37845918075299
11891	2.2800162	2.11071464722967
11892	0.161312055	0.253756200579915
11893	0.279285661	0.226103021525
11894	2.07168677	1.80503091057094
11895	1.56040996	1.12124312552982
11896	4.79883476	4.5836067526627
11897	0.750749554	0.928177315791288
11898	0.196357917	0.299374274429167
11899	9.26769394	7.64970467134043
11900	1.93950455	2.14190404954144
11901	4.60495018	4.12226586699123
11902	3.99990711	3.6255955585381
11903	3.65314204	3.98352048846354
11904	14.43726743	13.6089111361463
11905	2.38853905	1.8683398289906
11906	3.39502433	4.94717973653704
11907	0.710749414	0.831763369131579
11908	12.23372274	8.03114819570833
11909	0.285885862	0.240531895382724
11910	6.77392798	6.14596752452252
11911	10.54490975	11.3227032230657
11912	2.43796743	2.24587493579896
11913	1.743326295	2.11616663251471
11914	1.2048049	1.40833605706667
11915	1.218238404	1.39255568620161
11916	0.518667504	0.817102114727174
11917	0.941350476	1.09410430905426
11918	0.693568075	0.826440778733333
11919	1.16243612	1.0417491820907
11920	1.080080124	1.10413063686441
11921	7.73921383	8.38701376799444
11922	0.85669194	1.08665002342982
11923	0.856713144	0.847523598389167
11924	3.12438422	3.07905373281545
11925	1.83198797	1.67932510153495
11926	0.601209605	0.596200788895833
11927	0.896519746	1.11609620908235
11928	7.76465749	8.83127641859166
11929	7.12020554	7.38621128223333
11930	0.74644932	0.942249041747685
11931	1.356453765	1.13319094492121
11932	11.88052744	10.9741307200528
11933	4.17008652	4.07800277361905
11934	1.20985728	1.57222916492935
11935	3.67087031	3.92072475608646
11936	1.21207043	1.84851763335833
11937	5.1170619	4.02740997691429
11938	0.17540996	0.222024702686842
11939	2.225033455	2.13101428218476
11940	2.30959781	2.40079778034389
11941	0.733741044	0.94667764824596
11942	1.008613336	1.11974949200556
11943	0.7953802	1.17972673027748
11944	10.11855446	8.42001208533824
11945	3.36467599	3.6809924709693
11946	0.257932998	0.29321263274693
11947	1.24638375	1.51312065199615
11948	0.742543912	0.870831724737075
11949	4.63987146	4.67884954135859
11950	8.17115435	5.19880199483784
11951	4.96994337	4.6260071712037
11952	9.5273028	9.07414670917046
11953	0.96002522	0.923154925347287
11954	2.5141145	3.43156779627132
11955	0.91650104	0.957366738596296
11956	4.35271926	4.78764025222807
11957	0.196607045	0.231686974664912
11958	3.02269193	4.81288477631439
11959	0.429839977	0.539440519528788
11960	9.75161002	6.4713736975787
11961	7.02134551	7.64888501591667
11962	1.034194654	1.01409137865833
11963	1.77036672	2.29514897782745
11964	1.617096687	1.21873499584115
11965	11.4072987	8.59120154330208
11966	4.93056554	5.74787286146667
11967	13.4688448	8.73243798068182
11968	0.426744896	0.601450316735
11969	1.22655664	1.12309831904042
11970	1.151855084	0.97900037505034
11971	6.32036048	4.49657375989693
11972	1.27681755	1.20617875580931
11973	4.41939389	5.57473442004762
11974	8.11415979	7.15127475658095
11975	2.20962012	1.35744969511927
11976	0.70765851	0.979572739142635
11977	0.431106802	0.319283999595176
11978	7.93114476	5.06533940954825
11979	1.16818622	1.19738211384028
11980	0.975545366	1.29877512252762
11981	4.58554998	5.18669138754386
11982	5.87525805	3.98677085740392
11983	0.80674277	1.01751219263292
11984	3.34514017	4.38544672019231
11985	0.616507385	0.567971336210163
11986	1.268467399	1.77801055830509
11987	1.75247129	3.10361784599518
11988	1.024074965	1.02624084097252
11989	5.97175073	6.08689288978241
11990	9.86321635	7.73746782025
11991	1.219717215	1.48828563013426
11992	0.302249455	0.230265665159921
11993	8.06514087	8.84154267714286
11994	0.89516109	1.12537117498289
11995	3.8872587	3.7767529275
11996	3.85835147	4.37694020906667
11997	2.28317558	2.94341572106589
11998	11.2057664	8.05814337584314
11999	12.07339234	12.0189981926792
12000	6.23931596	6.39749842684188
12001	7.01847685	7.37866904000538
12002	2.26540808	1.59570205062647
12003	12.34475325	13.0143785547813
12004	12.07548535	8.44034114912635
12005	0.614286932	0.553750250207207
12006	1.31055061	1.21570165796417
12007	1.85131492	1.6276438616821
12008	0.283481176	0.247751635042735
12009	9.89982596	9.17320196473413
12010	0.541385069	0.461018227168982
12011	2.63136088	2.07679840015625
12012	7.58916657	6.62278899662821
12013	5.29084343	5.30378923134409
12014	4.78835104	2.99180820259127
12015	1.16324025	0.987657259802222
12016	7.35692774	8.60104774299074
12017	1.54979047	1.68261950944792
12018	0.200445746	0.229534343212593
12019	15.5757217	12.5841313230732
12020	4.83992978	7.38849572121367
12021	0.663691909	0.948413566668148
12022	0.489384059	0.577540872293116
12023	0.842019446	1.16202622428333
12024	2.88556125	3.56032956876126
12025	1.571926805	1.34265828962583
12026	4.92519676	7.6295710115049
12027	7.47358033	7.14894673326786
12028	0.76625967	0.527287675505691
12029	1.53082641	2.03507983679495
12030	3.5502007	4.82783904467425
12031	6.08165778	6.48293362766667
12032	1.0029867	0.899965823416204
12033	0.60665611	0.81020402455947
12034	4.8062668	5.12744571631708
12035	8.44784354	10.4637156900303
12036	0.706119765	0.759459870597518
12037	0.901026846	1.06066956591979
12038	5.60426136	6.22264621473469
12039	7.7055424	6.54432385760417
12040	0.690761684	0.740660026177917
12041	6.56287032	5.3021791382353
12042	3.67565073	3.20229553027642
12043	11.96365846	8.04273646672222
12044	2.99770284	3.7299154981
12045	5.75277224	7.3069638517381
12046	5.43951929	7.29429176242248
12047	7.05357686	7.41040375410465
12048	4.69268578	3.3282077042598
12049	7.77836163	9.13636801818279
12050	4.27801107	3.7521764314875
12051	0.54760961	0.480818563817544
12052	5.34478063	5.49597452546053
12053	0.295369439	0.28654964704495
12054	7.79701031	8.20127579916228
12055	0.34578142	0.681877546059722
12056	1.78821002	1.80811762065588
12057	0.756214799	1.15480471200278
12058	5.58806697	6.51550759683784
12059	1.281662666	1.80640301933125
12060	11.51496367	13.016183490287
12061	1.13055605	1.35665584163971
12062	0.25834923	0.314984514010833
12063	12.1335933	13.7863982336905
12064	5.64606623	7.81310967085785
12065	4.49513154	4.30900256106667
12066	0.964229354	1.06975282458374
12067	3.58435389	2.21232393438131
12068	0.94552101	0.882121262560606
12069	12.0155542	8.46816212162745
12070	6.34054992	6.23846244425595
12071	0.170171296	0.222952983046774
12072	0.275695163	0.249063526847407
12073	0.397343485	0.827017165135859
12074	0.770543089	1.10876971041559
12075	1.048231286	0.834120016989474
12076	4.44171989	3.59424799769298
12077	7.40616038	6.42921675007083
12078	0.951358434	0.902303809917982
12079	0.737524776	0.837063661590953
12080	1.103956921	0.977595963570588
12081	1.484424898	1.29594503158476
12082	3.57732248	3.38912293939899
12083	1.38767306	1.87119803147901
12084	6.7029872	7.55032811811404
12085	3.60824704	2.99379576826571
12086	1.43740836	1.31017274665208
12087	1.3911992	1.52706130843393
12088	7.41261072	8.09995247841176
12089	1.45569648	1.67543318623488
12090	7.12878206	6.94939986559722
12091	7.28688821	7.98343958180952
12092	7.02904142	6.0127059579537
12093	9.33937514	8.46754630242929
12094	0.77689122	1.07134146875
12095	3.53482545	4.61055746165784
12096	4.61007444	3.97816892092222
12097	1.42743302	0.967807318085238
12098	5.06085468	6.75309206258333
12099	1.70477857	1.70143349847556
12100	0.97970278	1.15610448552176
12101	3.61661274	3.83528995768421
12102	0.35704833	0.434389758373809
12103	22.2466899	15.3362463816184
12104	2.0891536	1.59511922663566
12105	0.447058267	0.318431122032432
12106	9.58482315	9.44008795272396
12107	0.809394803	1.19610318113108
12108	0.674562292	0.616715577888462
12109	5.09519375	4.69612630684649
12110	1.70047335	2.16457065034405
12111	0.87716944	0.914861683515766
12112	4.79491239	5.83207719183854
12113	2.18361025	2.04275509840705
12114	5.22055348	7.39156372821717
12115	0.537407926	0.315058921515991
12116	4.64253574	3.81074004713542
12117	0.807150237	2.0340056274631
12118	1.71447625	1.67406203427356
12119	5.3930853	6.37164831841414
12120	0.642852104	0.819387029453604
12121	5.04488619	6.70967366948276
12122	0.539981563	0.372690117926136
12123	7.4281919	6.63800159208695
12124	0.604827173	0.468330908676357
12125	0.255346376	0.311761291614762
12126	7.86187581	8.47292831313426
12127	5.79121198	5.77034018446124
12128	1.6060727	1.45608826107432
12129	1.079444285	1.20604710776042
12130	0.921587706	1.15896604098372
12131	0.778661734	0.907674646281609
12132	12.6438298	9.63703304795635
12133	0.823932016	0.884386744584896
12134	1.002643055	1.11267560233939
12135	1.45852969	1.5991289803325
12136	3.90780866	4.65133230856863
12137	4.93327347	5.87958571432479
12138	4.08718103	5.677913978125
12139	8.10286132	8.97935971130882
12140	1.56802514	1.46602838481453
12141	0.156307919	0.235930719172807
12142	3.40251249	3.8199422098252
12143	1.111908746	1.085767689825
12144	0.223930947	0.311339521094676
12145	1.307270115	1.47074312060385
12146	0.169718129	0.29177526114375
12147	1.76100259	1.54974020727286
12148	0.336874992	0.314706337702713
12149	0.82891236	1.17799406380603
12150	0.943047555	1.33300474085
12151	7.14761304	4.62317929006373
12152	6.24352346	5.36800065502604
12153	3.16527294	3.19997006341453
12154	0.844826195	1.29671345529144
12155	5.69948461	6.98264114583889
12156	8.23600638	9.25572047808095
12157	2.6076543	3.64124529765351
12158	0.779996291	0.881839068669767
12159	4.66215	4.38725773898148
12160	5.04871013	5.01884853579798
12161	1.92477808	2.52154793163063
12162	4.82780945	5.12961353361905
12163	0.9410323	1.60131466310602
12164	0.574681537	0.354251151296847
12165	2.93080963	3.15919648544737
12166	5.5049242	5.03939712715476
12167	5.55500162	6.89808437927564
12168	1.026141425	0.955024133161905
12169	2.92075443	3.33436193003763
12170	0.781820309	1.23449380808704
12171	2.36585896	2.9921432782963
12172	2.44671785	3.26781383381424
12173	4.1432048	4.32956719369658
12174	0.58444664	0.664525440981771
12175	3.2211327	3.83931889101905
12176	1.208428854	1.15396116437117
12177	0.612852882	0.777931808133333
12178	10.66821977	6.88429099097748
12179	7.3244892	6.57110077252151
12180	2.26552179	2.87341472208333
12181	1.3873925	1.64987080109731
12182	10.76938619	10.8900624641667
12183	0.702061211	0.862055061833824
12184	0.667835358	0.802470433451429
12185	1.50391503	1.48018695150699
12186	9.21326502	12.2538447470885
12187	6.70601348	8.37852927053704
12188	10.84723945	7.56959020861512
12189	6.01796933	9.60842365422396
12190	0.503563201	0.680839951087838
12191	0.79007789	0.848060482681481
12192	1.35810663	1.22587804401467
12193	0.724603992	1.16497802477677
12194	1.21019889	1.61014462886476
12195	2.26566018	2.17532603120556
12196	4.74966445	5.68877646924123
12197	0.783834945	0.861941676027778
12198	4.51722026	7.01893816849914
12199	4.39723539	5.22767238081081
12200	1.98954419	1.9258181908303
12201	1.65060563	1.88196015839103
12202	4.86842513	6.79493886741176
12203	0.748157271	1.1368271761175
12204	1.44243556	1.61504586780727
12205	6.45507124	5.42162017215686
12206	7.79826138	8.13486337711979
12207	6.92138924	5.95359094169658
12208	11.21208004	11.1737065002012
12209	8.7917635	7.65476579713235
12210	5.49924256	6.14740118912222
12211	0.35028667	0.47505660457561
12212	3.61761264	4.02936538441429
12213	0.145473295	0.242614231366667
12214	5.60737005	7.54292461287719
12215	5.13152886	6.5850408526
12216	5.3649449	7.68798780995614
12217	3.62425009	5.48507449328254
12218	1.15409885	1.50561426432602
12219	2.42466631	3.50511613578108
12220	13.5122395	11.1220637143101
12221	1.63442214	1.55842840447857
12222	1.24967046	1.08416862260122
12223	0.643161061	0.692607475886979
12224	0.226987244	0.341973376799583
12225	3.55625236	4.60166254592308
12226	2.75012969	2.77748368043571
