section_id	barcode	spatial_fold	MP10	model	prediction	rf_prediction	train_mean
"GSE319536_BC10"	"AACATACTCATATGCG-1"	1	0.0119742007851935	"baseline"	0.0249055553126273	0.0185535333707235	0.0372572040094551
"GSE319536_BC10"	"AACCAATCTGGTTGGC-1"	1	0.04649467190129	"baseline"	0.0208122920836049	0.0123039353150122	0.0372572040094551
"GSE319536_BC10"	"AACCTACTGTAACTCA-1"	1	0.0387829500841279	"baseline"	0.0432627219210237	0.0465812722004113	0.0372572040094551
"GSE319536_BC10"	"AACGAGCCTCTTCGGC-1"	1	0	"baseline"	0.0353883656960762	0.0345586978874556	0.0372572040094551
"GSE319536_BC10"	"AACGTCGCGACAAGGT-1"	1	0	"baseline"	0.0270189476070265	0.0217802626659189	0.0372572040094551
"GSE319536_BC10"	"AACTCAGATCCATGCC-1"	1	0.0477285473920359	"baseline"	0.0357215844153447	0.0350674565339316	0.0372572040094551
"GSE319536_BC10"	"AACTTCATCTTCTGGT-1"	1	0	"baseline"	0.0328505843706517	0.0306840110300991	0.0372572040094551
"GSE319536_BC10"	"AACTTGGTTACATAAC-1"	1	0	"baseline"	0.0166543283304818	0.00595555243970836	0.0372572040094551
"GSE319536_BC10"	"AAGCACTCAGGAATGT-1"	1	0	"baseline"	0.0462490631394294	0.0511408207141522	0.0372572040094551
"GSE319536_BC10"	"AAGCAGTATCAGAATC-1"	1	0.0229949523275379	"baseline"	0.0410153735831609	0.0431500186950832	0.0372572040094551
"GSE319536_BC10"	"AAGCAGTGGCTCATCC-1"	1	0.0183959618620303	"baseline"	0.0230913539637503	0.0157836090858104	0.0372572040094551
"GSE319536_BC10"	"AAGCCACCATTCAAGA-1"	1	0	"baseline"	0.0257072834572183	0.0197776126378762	0.0372572040094551
"GSE319536_BC10"	"AAGCCAGGTTACGAAC-1"	1	0	"baseline"	0.0334534630950563	0.0316044868199663	0.0372572040094551
"GSE319536_BC10"	"AAGGCCAGCAATCGCC-1"	1	0	"baseline"	0.0312719846416371	0.0282738035146756	0.0372572040094551
"GSE319536_BC10"	"AAGGCCAGTCGCAATT-1"	1	0.0583847448121144	"baseline"	0.0469923416337943	0.0522756590016826	0.0372572040094551
"GSE319536_BC10"	"AAGGCCGACTATGTAA-1"	1	0.0483454851374089	"baseline"	0.0431037409539925	0.0463385399140026	0.0372572040094551
"GSE319536_BC10"	"AAGGTGGATATGATCG-1"	1	0.140213123948402	"baseline"	0.0250572017577174	0.0187850673022995	0.0372572040094551
"GSE319536_BC10"	"AATAGTCGTTATCTAG-1"	1	0	"baseline"	0.040851026415394	0.0428990932884651	0.0372572040094551
"GSE319536_BC10"	"AATCCGGAGCTTGTCT-1"	1	0.0164329781267527	"baseline"	0.031718178263558	0.0289550523462329	0.0372572040094551
"GSE319536_BC10"	"AATCCTCGTCACAGGC-1"	1	0	"baseline"	0.0331170822050177	0.0310909001682558	0.0372572040094551
"GSE319536_BC10"	"AATCTGCGAGACGTTC-1"	1	0.0393157599551318	"baseline"	0.031570633763126	0.0287297812675266	0.0372572040094551
"GSE319536_BC10"	"AATCTGCGTTCCTTAC-1"	1	0	"baseline"	0.0307663679229219	0.0275018274443821	0.0372572040094551
"GSE319536_BC10"	"AATGCGAACCTCGCGT-1"	1	0.0304542905215928	"baseline"	0.0257476692451848	0.0198392736960179	0.0372572040094551
"GSE319536_BC10"	"AATGGTCTCGAGCGCT-1"	1	0	"baseline"	0.040928455212546	0.0430173116470368	0.0372572040094551
"GSE319536_BC10"	"AATGGTTATTCTAGCT-1"	1	0.100196298373528	"baseline"	0.0502191394602922	0.0572023368853992	0.0372572040094551
"GSE319536_BC10"	"AATTGCGTCAGACACT-1"	1	0.0611609646662928	"baseline"	0.0615434576680581	0.0744923163208076	0.0372572040094551
"GSE319536_BC10"	"ACAACGCCGATAGTAT-1"	1	0.0229669097027482	"baseline"	0.046944697852705	0.0522029164329781	0.0372572040094551
"GSE319536_BC10"	"ACAGATCTGAAGTATC-1"	1	0	"baseline"	0.0148870269025807	0.00325723499719574	0.0372572040094551
"GSE319536_BC10"	"ACAGGATACCGGATTC-1"	1	0	"baseline"	0.0397715017217107	0.0412508739951393	0.0372572040094551
"GSE319536_BC10"	"ACAGGCACGCGAGGAT-1"	1	0.0492708917554683	"baseline"	0.033285062961075	0.0313473733408114	0.0372572040094551
"GSE319536_BC10"	"ACAGTACGCACTACCT-1"	1	0.0756029164329781	"baseline"	0.0252748007383749	0.0191172976257244	0.0372572040094551
"GSE319536_BC10"	"ACATCGTAGACAGGTT-1"	1	0.0909702748177229	"baseline"	0.028392425613911	0.0238772901476912	0.0372572040094551
"GSE319536_BC10"	"ACATGTTGCTTGATCT-1"	1	0.0100392596747056	"baseline"	0.0179565733133399	0.00794382127500467	0.0372572040094551
"GSE319536_BC10"	"ACATTGGTTCTGCCGT-1"	1	0.0805945036455412	"baseline"	0.0175726588437102	0.00735766031033838	0.0372572040094551
"GSE319536_BC10"	"ACCGAGGTGATACCGA-1"	1	0	"baseline"	0.0292779375087214	0.0252292905215928	0.0372572040094551
"GSE319536_BC10"	"ACCTATGCTACCGGAT-1"	1	0	"baseline"	0.0327935367283759	0.0305969106375023	0.0372572040094551
"GSE319536_BC10"	"ACCTGCTTCCACATTG-1"	1	0	"baseline"	0.022401360954956	0.0147301271265657	0.0372572040094551
"GSE319536_BC10"	"ACCTTCGGTGCTACGA-1"	1	0	"baseline"	0.0352321275218911	0.0343201532996822	0.0372572040094551
"GSE319536_BC10"	"ACGCAACGTGTAATTG-1"	1	0.0364834548513741	"baseline"	0.0323690252512413	0.0299487661245093	0.0372572040094551
"GSE319536_BC10"	"ACGCACATTGTAAGTA-1"	1	0	"baseline"	0.0178551573233958	0.00778897924845766	0.0372572040094551
"GSE319536_BC10"	"ACGCGTTCCAGCCTTC-1"	1	0.0363712843522154	"baseline"	0.017360872992087	0.00703430547765938	0.0372572040094551
"GSE319536_BC10"	"ACGCGTTCGCGATCAT-1"	1	0	"baseline"	0.0266212273385846	0.0211730229949523	0.0372572040094551
"GSE319536_BC10"	"ACGGCCGGAACGCTAG-1"	1	0	"baseline"	0.0225124807990541	0.0148997850065433	0.0372572040094551
"GSE319536_BC10"	"ACGGCTTATTGGTATG-1"	1	0	"baseline"	0.0339795191305495	0.03240766965788	0.0372572040094551
"GSE319536_BC10"	"ACGGTGATAATGTTAC-1"	1	0	"baseline"	0.039519510690132	0.0408661338567957	0.0372572040094551
"GSE319536_BC10"	"ACGTGCAATTATTCGG-1"	1	0.033595064498037	"baseline"	0.0446238022593518	0.0486593709104506	0.0372572040094551
"GSE319536_BC10"	"ACTAATCGGCCACCGA-1"	1	0	"baseline"	0.0227273982099201	0.0152279211067489	0.0372572040094551
"GSE319536_BC10"	"ACTCAGCTCGAGTGTC-1"	1	0.0334828939988783	"baseline"	0.0547907506595111	0.0641822770611329	0.0372572040094551
"GSE319536_BC10"	"ACTCAGCTTCTGAGAC-1"	1	0.11138530566461	"baseline"	0.0221989116191592	0.0144210272948215	0.0372572040094551
"GSE319536_BC10"	"ACTCCTATGTTCCTAC-1"	1	0.0389231632080763	"baseline"	0.0194421997116397	0.0102120770237428	0.0372572040094551
"GSE319536_BC10"	"ACTCGAACGTTCGTTA-1"	1	0	"baseline"	0.0191529697571009	0.00977048046363806	0.0372572040094551
"GSE319536_BC10"	"ACTGACTCTGCTGGCC-1"	1	0	"baseline"	0.0368853918271425	0.0368443587586465	0.0372572040094551
"GSE319536_BC10"	"ACTGCCGTTGGTGAGC-1"	1	0	"baseline"	0.0225220866963207	0.0149144512993083	0.0372572040094551
"GSE319536_BC10"	"ACTGGTGATTCCGATC-1"	1	0.0337633202467751	"baseline"	0.0567870385562252	0.0672302112544401	0.0372572040094551
"GSE319536_BC10"	"ACTGTACATCCGATAC-1"	1	0	"baseline"	0.0302266071066566	0.0266777201346046	0.0372572040094551
"GSE319536_BC10"	"ACTGTAGACAAGGAAT-1"	1	0.0284071789119462	"baseline"	0.0610271544651626	0.0737040241166573	0.0372572040094551
"GSE319536_BC10"	"ACTTGAATTAACTTAG-1"	1	0.0317162086371284	"baseline"	0.0224655931226891	0.014828196859226	0.0372572040094551
"GSE319536_BC10"	"AGAAGCTTGCCTCCGC-1"	1	0.0415591699383062	"baseline"	0.0206599997352887	0.0120714152177977	0.0372572040094551
"GSE319536_BC10"	"AGACCGAACCGATGTC-1"	1	0.033510936623668	"baseline"	0.0422207208375043	0.0449903439895307	0.0372572040094551
"GSE319536_BC10"	"AGACCTCAGCGAGGTG-1"	1	0.0711721817162086	"baseline"	0.0259968807500847	0.0202197700504767	0.0372572040094551
"GSE319536_BC10"	"AGACTCAGACAGATAA-1"	1	0	"baseline"	0.0210971047947544	0.0127387876238549	0.0372572040094551
"GSE319536_BC10"	"AGCACGTGCACTGTAA-1"	1	0.0398485698261357	"baseline"	0.0171217816581124	0.00666926060945971	0.0372572040094551
"GSE319536_BC10"	"AGCCGTTGCATCCTAG-1"	1	0	"baseline"	0.0294756206297176	0.0255311132922041	0.0372572040094551
"GSE319536_BC10"	"AGCGTTACAGTCCTGG-1"	1	0.0457375210319686	"baseline"	0.0362012792927425	0.0357998551131053	0.0372572040094551
"GSE319536_BC10"	"AGCGTTGGCTCACGAT-1"	1	0	"baseline"	0.0213030744561906	0.0130532622920172	0.0372572040094551
"GSE319536_BC10"	"AGCTATAAGTCCAGCA-1"	1	0.0208076275939428	"baseline"	0.0418270351683606	0.0443892643484764	0.0372572040094551
"GSE319536_BC10"	"AGCTATAGAATAGTCT-1"	1	0	"baseline"	0.0311217034706645	0.0280443540848757	0.0372572040094551
"GSE319536_BC10"	"AGCTCAACATCGTCCG-1"	1	0.0350532809871004	"baseline"	0.0383422035947951	0.0390686203028603	0.0372572040094551
"GSE319536_BC10"	"AGCTTGGATGCAAGCC-1"	1	0	"baseline"	0.0283171702351973	0.0237623901663862	0.0372572040094551
"GSE319536_BC10"	"AGGACCAGTAACCTAA-1"	1	0.0449523275378575	"baseline"	0.0470854435329237	0.0524178070667414	0.0372572040094551
"GSE319536_BC10"	"AGGACCGCAATAGTTA-1"	1	0.0536735838474481	"baseline"	0.0226947969333458	0.0151781454477472	0.0372572040094551
"GSE319536_BC10"	"AGGACGAAGCCTCCTT-1"	1	0.0329220415030847	"baseline"	0.0451441247557818	0.049453799775659	0.0372572040094551
"GSE319536_BC10"	"AGGAGCATCACTCAGC-1"	1	0.0400448681996635	"baseline"	0.0494344772421708	0.0560043138904468	0.0372572040094551
"GSE319536_BC10"	"AGGCTTAACCGATTGT-1"	1	0.034997195737521	"baseline"	0.0168401464234967	0.00623925967470555	0.0372572040094551
"GSE319536_BC10"	"AGGTACCAGACGCCAG-1"	1	0.0277621985417835	"baseline"	0.0241768540275625	0.0174409515797345	0.0372572040094551
"GSE319536_BC10"	"AGGTCTCACGCCAATA-1"	1	0	"baseline"	0.0227899406213461	0.0153234109179286	0.0372572040094551
"GSE319536_BC10"	"AGGTTCCACGCCGAAG-1"	1	0	"baseline"	0.0223046897517435	0.014582529444756	0.0372572040094551
"GSE319536_BC10"	"AGTATTACGGTATTCG-1"	1	0.0573752103196859	"baseline"	0.017131865095205	0.00668465601046925	0.0372572040094551
"GSE319536_BC10"	"AGTCGCAGGAACGAGT-1"	1	0	"baseline"	0.0310594335018313	0.0279492802392971	0.0372572040094551
"GSE319536_BC10"	"AGTCGGTTGGTTGGCG-1"	1	0.0405215928210881	"baseline"	0.0406489382956194	0.0425905449616751	0.0372572040094551
"GSE319536_BC10"	"AGTCTAGGATTGTCAC-1"	1	0.0721817162086371	"baseline"	0.0516984996789538	0.0594610254253132	0.0372572040094551
"GSE319536_BC10"	"AGTGTCTTAAGCTTGT-1"	1	0.0610487941671341	"baseline"	0.0554343641432936	0.0651649467190129	0.0372572040094551
"GSE319536_BC10"	"ATAAGGCGGACAAGTT-1"	1	0.0197420078519349	"baseline"	0.0568239591193014	0.0672865816040382	0.0372572040094551
"GSE319536_BC10"	"ATAATCGTAGTTATTC-1"	1	0.0383903533370724	"baseline"	0.034983858852032	0.0339410964666293	0.0372572040094551
"GSE319536_BC10"	"ATAATTATCGACCACG-1"	1	0.0425687044307347	"baseline"	0.029674277197282	0.0258344223219293	0.0372572040094551
"GSE319536_BC10"	"ATACTATCAACTTGTA-1"	1	0.0345485137408862	"baseline"	0.0308120954224022	0.0275716442325668	0.0372572040094551
"GSE319536_BC10"	"ATCCGATGTCTGTCAC-1"	1	0.0139091418956814	"baseline"	0.025162431943963	0.0189457328472612	0.0372572040094551
"GSE319536_BC10"	"ATCGATGTCAGATAGA-1"	1	0.0358665171060011	"baseline"	0.0563733451928384	0.0665985838474481	0.0372572040094551
"GSE319536_BC10"	"ATCGTATTGGAATCCT-1"	1	0.017722938867078	"baseline"	0.0352721276046136	0.0343812254627033	0.0372572040094551
"GSE319536_BC10"	"ATCGTCTTAACGAAGG-1"	1	0.0320807627593943	"baseline"	0.0217660707454464	0.0137601654514863	0.0372572040094551
"GSE319536_BC10"	"ATGAACAATCGATGCG-1"	1	0.0287156477846326	"baseline"	0.0238002771410266	0.0168659936436717	0.0372572040094551
"GSE319536_BC10"	"ATGAGTACGCTTCCTA-1"	1	0.0782669657879978	"baseline"	0.0215625193946668	0.0134493830622546	0.0372572040094551
"GSE319536_BC10"	"ATGATAATTCCTTGCG-1"	1	0	"baseline"	0.0364547243718679	0.036186815292578	0.0372572040094551
"GSE319536_BC10"	"ATGATTGATTCCGAAT-1"	1	0	"baseline"	0.0339674306384189	0.0323892129369976	0.0372572040094551
"GSE319536_BC10"	"ATGCATGGTTGCTGTA-1"	1	0.0772293886707796	"baseline"	0.0349686081891313	0.0339178117405123	0.0372572040094551
"GSE319536_BC10"	"ATGCATGTCACTCGTG-1"	1	0.0707795849691531	"baseline"	0.0404479583131329	0.042283688539914	0.0372572040094551
"GSE319536_BC10"	"ATGCCAGCTGCCATCT-1"	1	0	"baseline"	0.0311832601909115	0.0281383389418583	0.0372572040094551
"GSE319536_BC10"	"ATGCTCGCCTCCAATT-1"	1	0.0822490185081324	"baseline"	0.0367161988546041	0.0365860347728547	0.0372572040094551
"GSE319536_BC10"	"ATGGAGTCTTCGCAGT-1"	1	0.0354458777341559	"baseline"	0.0206384063639315	0.0120384464385867	0.0372572040094551
"GSE319536_BC10"	"ATGGTAACGGACCGGA-1"	1	0.0109366236679753	"baseline"	0.0276840105879878	0.0227956814357824	0.0372572040094551
"GSE319536_BC10"	"ATGTACAGTGCCTATG-1"	1	0.0610487941671341	"baseline"	0.0393446300958213	0.0405991260048607	0.0372572040094551
"GSE319536_BC10"	"ATGTACATCGTGGTTA-1"	1	0.0685361749859787	"baseline"	0.0394864288125792	0.0408156244157787	0.0372572040094551
"GSE319536_BC10"	"ATGTATCCATAAGTTG-1"	1	0.0397644419517667	"baseline"	0.0352472955336681	0.0343433118339877	0.0372572040094551
"GSE319536_BC10"	"ATGTCGGACTGAAGTA-1"	1	0	"baseline"	0.0201599788037639	0.0113079828005235	0.0372572040094551
"GSE319536_BC10"	"ATGTGAATTGCTGACC-1"	1	0.0338474481211441	"baseline"	0.0406666440030095	0.0426175780519723	0.0372572040094551
"GSE319536_BC10"	"ATGTGATCCGTCTAAC-1"	1	0	"baseline"	0.0342000966128133	0.0327444475602917	0.0372572040094551
"GSE319536_BC10"	"ATGTTCTGCCTTATCT-1"	1	0	"baseline"	0.0369180114706331	0.036894162460273	0.0372572040094551
"GSE319536_BC10"	"ATTAAGTGGCCTAAGG-1"	1	0.0696298373527762	"baseline"	0.0342526045655905	0.0328246167507945	0.0372572040094551
"GSE319536_BC10"	"ATTACCTTCGCAGAAG-1"	1	0.0021312394840157	"baseline"	0.0199175997917573	0.0109379183024864	0.0372572040094551
"GSE319536_BC10"	"ATTACTGTACGCGGTG-1"	1	0	"baseline"	0.0333703527984375	0.031477593942793	0.0372572040094551
"GSE319536_BC10"	"ATTAGCAGGATGTATT-1"	1	0.0724621424565339	"baseline"	0.0387116204450955	0.039632646289026	0.0372572040094551
"GSE319536_BC10"	"ATTAGCCTCAGTAGAT-1"	1	0.0435782389231632	"baseline"	0.0174901332272629	0.00723166012338755	0.0372572040094551
"GSE319536_BC10"	"ATTATCCAGGTGAAGT-1"	1	0.0340717891194616	"baseline"	0.0303613284383027	0.0268834127874369	0.0372572040094551
"GSE319536_BC10"	"ATTATCTTATTGAGAC-1"	1	0.0426808749298934	"baseline"	0.0325269715486498	0.0301899186763881	0.0372572040094551
"GSE319536_BC10"	"ATTCTGAGTACTGTAG-1"	1	0	"baseline"	0.0161080472589017	0.00512148999813049	0.0372572040094551
"GSE319536_BC10"	"ATTGACTTATGTGGTA-1"	1	0.0987661245092541	"baseline"	0.0324701749208979	0.0301032015329968	0.0372572040094551
"GSE319536_BC10"	"ATTGATAACACTAAGA-1"	1	0.0422882781828379	"baseline"	0.0241397222449479	0.0173842587399514	0.0372572040094551
"GSE319536_BC10"	"ATTGCACGCATAACAG-1"	1	0	"baseline"	0.0398543181476674	0.041377318190316	0.0372572040094551
"GSE319536_BC10"	"ATTGTTATACTTCACG-1"	1	0	"baseline"	0.0195314659863985	0.0103483688539914	0.0372572040094551
"GSE319536_BC10"	"CAACTGACAAGACAAG-1"	1	0.0390914189568144	"baseline"	0.0405389878118642	0.0424226724621425	0.0372572040094551
"GSE319536_BC10"	"CAAGATAAGTGCAATG-1"	1	0.0147784632641615	"baseline"	0.0474039442298665	0.0529040942232193	0.0372572040094551
"GSE319536_BC10"	"CAAGATTAGATGAGTT-1"	1	0.0791362871564779	"baseline"	0.0307704515006637	0.027508062254627	0.0372572040094551
"GSE319536_BC10"	"CAATAAGGTAACTCGT-1"	1	0.0677509814918676	"baseline"	0.0265047137433764	0.0209951299308282	0.0372572040094551
"GSE319536_BC10"	"CAATCTATGAGGTCAG-1"	1	0	"baseline"	0.0406191440960985	0.0425450551504954	0.0372572040094551
"GSE319536_BC10"	"CACCATTCTTACGAGC-1"	1	0.0780426247896803	"baseline"	0.0391039928797181	0.0402317208824079	0.0372572040094551
"GSE319536_BC10"	"CACCTACCGCTACCTT-1"	1	0.0302860347728547	"baseline"	0.0555401086031977	0.0653263974574687	0.0372572040094551
"GSE319536_BC10"	"CACCTAGAATACTTCT-1"	1	0	"baseline"	0.0287659903261606	0.0244476490932885	0.0372572040094551
"GSE319536_BC10"	"CACTCAGTACTCCGCT-1"	1	0.0372125630959058	"baseline"	0.0502916642907707	0.057313067863152	0.0372572040094551
"GSE319536_BC10"	"CACTCAGTGGTCCTTC-1"	1	0.00908581043185642	"baseline"	0.0391109141460406	0.0402422882781829	0.0372572040094551
"GSE319536_BC10"	"CACTCATCACGTTACG-1"	1	0.00605720695457095	"baseline"	0.0203388419577763	0.011581071228267	0.0372572040094551
"GSE319536_BC10"	"CACTGGTGAGTTATCG-1"	1	0.0455412226584408	"baseline"	0.0348287930993425	0.0337043419330716	0.0372572040094551
"GSE319536_BC10"	"CAGAGCAATGGCTTCT-1"	1	0.0320246775098149	"baseline"	0.0266474859067024	0.02121311460086	0.0372572040094551
"GSE319536_BC10"	"CAGCCAACGATAGCTT-1"	1	0	"baseline"	0.0384768943149139	0.0392742662179847	0.0372572040094551
"GSE319536_BC10"	"CAGCTGGCGATAAGTG-1"	1	0.00706674144699944	"baseline"	0.0447274406461778	0.0488176060945971	0.0372572040094551
"GSE319536_BC10"	"CAGTCTGGTAATCTAC-1"	1	0	"baseline"	0.0361118538380418	0.0356633202467751	0.0372572040094551
"GSE319536_BC10"	"CAGTGAAGATACATAA-1"	1	0.045877734155917	"baseline"	0.0264442253654321	0.0209027762198542	0.0372572040094551
"GSE319536_BC10"	"CAGTTGCACGGACAGG-1"	1	0.0701346045989905	"baseline"	0.0557765459177555	0.0656873901663863	0.0372572040094551
"GSE319536_BC10"	"CATACAATGAGTAGCT-1"	1	0	"baseline"	0.0412034263176686	0.0434371377827631	0.0372572040094551
"GSE319536_BC10"	"CATCAGGTAGGACCGT-1"	1	0.0700504767246214	"baseline"	0.0357819289191107	0.0351595905776781	0.0372572040094551
"GSE319536_BC10"	"CATCCTGGTACCTGCT-1"	1	0.0814357823892316	"baseline"	0.0344699219201968	0.033156417087306	0.0372572040094551
"GSE319536_BC10"	"CATGATGCATGTGCTA-1"	1	0.0323051037577117	"baseline"	0.0195549878839756	0.0103842821088054	0.0372572040094551
"GSE319536_BC10"	"CATGCATATGACGTCG-1"	1	0.037633202467751	"baseline"	0.0385806184140163	0.0394326322677136	0.0372572040094551
"GSE319536_BC10"	"CATGTTATTGATGCAG-1"	1	0.0359226023555805	"baseline"	0.0455574324139247	0.0500848382875304	0.0372572040094551
"GSE319536_BC10"	"CATTCTCCAGTCACCA-1"	1	0	"baseline"	0.0454347475348128	0.0498975229014769	0.0372572040094551
"GSE319536_BC10"	"CCAGCGGATTCCGCTG-1"	1	0.0410824453168817	"baseline"	0.0173211484131101	0.00697365395401009	0.0372572040094551
"GSE319536_BC10"	"CCATTGGCAATTCTCA-1"	1	0.0407459338194055	"baseline"	0.0256140591119797	0.0196352776219854	0.0372572040094551
"GSE319536_BC10"	"CCGCAAGGAAGGAGGC-1"	1	0.066404935501963	"baseline"	0.0529376083867561	0.0613528977378949	0.0372572040094551
"GSE319536_BC10"	"CCGCAAGTAGCGGACT-1"	1	0	"baseline"	0.0282338364744293	0.0236351561039447	0.0372572040094551
"GSE319536_BC10"	"CCGCATGTAGTTAGAC-1"	1	0.0668816601233876	"baseline"	0.0465439990826569	0.0515911291830249	0.0372572040094551
"GSE319536_BC10"	"CCGCCACTGCGTTGGC-1"	1	0.022546270330903	"baseline"	0.0232658151801369	0.016049976631146	0.0372572040094551
"GSE319536_BC10"	"CCGCGACCGTAGCTAT-1"	1	0	"baseline"	0.0320338780057529	0.0294370630024304	0.0372572040094551
"GSE319536_BC10"	"CCGGCGCTAAGGATGA-1"	1	0	"baseline"	0.035727192447146	0.035076018882034	0.0372572040094551
"GSE319536_BC10"	"CCTACCATCGCAGTAT-1"	1	0.0511217049915872	"baseline"	0.0369718969421388	0.0369764348476351	0.0372572040094551
"GSE319536_BC10"	"CCTCACTTCCTTCCGA-1"	1	0	"baseline"	0.031211278921849	0.028181117965975	0.0372572040094551
"GSE319536_BC10"	"CCTTAGTCTGTCACTG-1"	1	0.034296130117779	"baseline"	0.0184574146337963	0.00870850626285287	0.0372572040094551
"GSE319536_BC10"	"CCTTAGTTATACCAGA-1"	1	0.0378855860908581	"baseline"	0.0264501119621319	0.0209117638810993	0.0372572040094551
"GSE319536_BC10"	"CGAAGTCGTTGGCTCG-1"	1	0.0351374088614694	"baseline"	0.0231189961729019	0.0158258132361189	0.0372572040094551
"GSE319536_BC10"	"CGACCTATACTGACGT-1"	1	0.0363712843522154	"baseline"	0.0460820497076348	0.0508858244531688	0.0372572040094551
"GSE319536_BC10"	"CGACGCCAAGGTGCAA-1"	1	0.0829500841278744	"baseline"	0.0365562689302266	0.0363418536174986	0.0372572040094551
"GSE319536_BC10"	"CGAGCCTGCAAGGTTA-1"	1	0.0460740325294448	"baseline"	0.0299749772911	0.0262935315012152	0.0372572040094551
"GSE319536_BC10"	"CGAGTCCGTTGGAACT-1"	1	0.103365114974762	"baseline"	0.0245215061522775	0.0179671667601421	0.0372572040094551
"GSE319536_BC10"	"CGATTGGAACAGGCCA-1"	1	0.0361189007291082	"baseline"	0.0195551470639176	0.0103845251448869	0.0372572040094551
"GSE319536_BC10"	"CGCAATGTATCCAATG-1"	1	0.0500560852495794	"baseline"	0.0526928263698565	0.0609791643297812	0.0372572040094551
"GSE319536_BC10"	"CGCACGTGACTGTTGG-1"	1	0	"baseline"	0.0232575714958351	0.0160373901663862	0.0372572040094551
"GSE319536_BC10"	"CGCCTTGACGTGAATC-1"	1	0.0377453729669097	"baseline"	0.0402039844405541	0.0419111890072911	0.0372572040094551
"GSE319536_BC10"	"CGCTTGCGTACGGCAC-1"	1	0	"baseline"	0.0465866531847964	0.0516562535053281	0.0372572040094551
"GSE319536_BC10"	"CGGAGCTCACTTGCAT-1"	1	0.0358384744812114	"baseline"	0.0259346383316261	0.0201247382688353	0.0372572040094551
"GSE319536_BC10"	"CGGAGTAAGTGCACAT-1"	1	0	"baseline"	0.0188344874270745	0.00928422134978501	0.0372572040094551
"GSE319536_BC10"	"CGGAGTCTTACGTGAA-1"	1	0.0460459899046551	"baseline"	0.0185754128880786	0.00888866610581417	0.0372572040094551
"GSE319536_BC10"	"CGGCCTGCGATCGATG-1"	1	0	"baseline"	0.0222427044701142	0.0144878902598617	0.0372572040094551
"GSE319536_BC10"	"CGGCTCGTGGAGTACT-1"	1	0.00325294447560292	"baseline"	0.0299181898468063	0.0262068283791363	0.0372572040094551
"GSE319536_BC10"	"CGGCTTACGTGCACGA-1"	1	0.0401850813236119	"baseline"	0.0378071906264139	0.038251762011591	0.0372572040094551
"GSE319536_BC10"	"CGGCTTATTCGCTAAT-1"	1	0.0385586090858104	"baseline"	0.0453279224879949	0.0497344223219293	0.0372572040094551
"GSE319536_BC10"	"CGGTCAACGGCGGATT-1"	1	0.08771733034212	"baseline"	0.0412335449993788	0.0434831230136474	0.0372572040094551
"GSE319536_BC10"	"CGGTCTGCTTGAATGA-1"	1	0.0494671901289961	"baseline"	0.0279548093419394	0.0232091372219106	0.0372572040094551
"GSE319536_BC10"	"CGGTCTTGCTATTCTA-1"	1	0	"baseline"	0.0396947249500902	0.0411336511497476	0.0372572040094551
"GSE319536_BC10"	"CGGTGAACGGTTAGAT-1"	1	0.0467470555243971	"baseline"	0.0283605681974502	0.0238286502149935	0.0372572040094551
"GSE319536_BC10"	"CGTAACATCGTTACGG-1"	1	0.0204711160964666	"baseline"	0.0227668411628458	0.0152881426434848	0.0372572040094551
"GSE319536_BC10"	"CGTAAGCCGACCGCTT-1"	1	0.0471116096466629	"baseline"	0.0253162854801715	0.0191806365675827	0.0372572040094551
"GSE319536_BC10"	"CGTAGCCAAGTCCGTC-1"	1	0.0127033090297252	"baseline"	0.0328859743573629	0.030738044494298	0.0372572040094551
"GSE319536_BC10"	"CGTCCACCATTCGGTG-1"	1	0.0423443634324173	"baseline"	0.0396064596722741	0.04099888764255	0.0372572040094551
"GSE319536_BC10"	"CGTCGGCGGTAGATCA-1"	1	0.0509254066180595	"baseline"	0.0356736314578297	0.0349942419143765	0.0372572040094551
"GSE319536_BC10"	"CGTGTTAACCTGAAGC-1"	1	0	"baseline"	0.0251453170390497	0.018919601794728	0.0372572040094551
"GSE319536_BC10"	"CGTGTTACCATATGTA-1"	1	0	"baseline"	0.0148573826995437	0.00321197420078519	0.0372572040094551
"GSE319536_BC10"	"CTAACGTGAATGATGT-1"	1	0.0329781267526641	"baseline"	0.0244657258272319	0.0178820013086558	0.0372572040094551
"GSE319536_BC10"	"CTAACGTTAGGCAATG-1"	1	0.0467750981491868	"baseline"	0.0370946369219998	0.0371638343615629	0.0372572040094551
"GSE319536_BC10"	"CTACGAGCCGGACGGT-1"	1	0.0492708917554683	"baseline"	0.0442194484729442	0.0480420031781642	0.0372572040094551
"GSE319536_BC10"	"CTACGAGCCTGGAGAC-1"	1	0	"baseline"	0.0146662841180696	0.00292020471116096	0.0372572040094551
"GSE319536_BC10"	"CTAGTCAGGCGACAGT-1"	1	0.0170499158721256	"baseline"	0.0420676785067693	0.0447566788184707	0.0372572040094551
"GSE319536_BC10"	"CTAGTTATGTCCAAGG-1"	1	0.0627033090297252	"baseline"	0.0525998928341273	0.0608372733221163	0.0372572040094551
"GSE319536_BC10"	"CTATAACCAGCAGTAT-1"	1	0.0826135726303982	"baseline"	0.0312509116662439	0.0282416292765003	0.0372572040094551
"GSE319536_BC10"	"CTATCGGCTTAACTAG-1"	1	0.073247335950645	"baseline"	0.0278767713753942	0.0230899887829501	0.0372572040094551
"GSE319536_BC10"	"CTATCGTATCAGCGTG-1"	1	0.0856702187324734	"baseline"	0.0460685041068047	0.0508651430173864	0.0372572040094551
"GSE319536_BC10"	"CTATGTCGTTCCGCTA-1"	1	0.0518788558609086	"baseline"	0.0385154066774097	0.0393330669283978	0.0372572040094551
"GSE319536_BC10"	"CTATTAGTACTGGCTC-1"	1	0.106870443073472	"baseline"	0.0260706300416552	0.0203323705365489	0.0372572040094551
"GSE319536_BC10"	"CTATTATGGCACCTCG-1"	1	0.0329781267526641	"baseline"	0.0557251338576555	0.0656088941858292	0.0372572040094551
"GSE319536_BC10"	"CTCACCGCTCTAATCA-1"	1	0	"baseline"	0.0386197399459054	0.0394923630585156	0.0372572040094551
"GSE319536_BC10"	"CTCACGATCTCCGGAG-1"	1	0	"baseline"	0.0262912687469735	0.0206692419143765	0.0372572040094551
"GSE319536_BC10"	"CTCCTGTCGAAGCCAA-1"	1	0.110039259674706	"baseline"	0.0276453910851464	0.0227367171433913	0.0372572040094551
"GSE319536_BC10"	"CTCGCATACTCAACTC-1"	1	0.0388951205832866	"baseline"	0.0180841407310561	0.0081385913254814	0.0372572040094551
"GSE319536_BC10"	"CTCGGTCTCCAACTGC-1"	1	0.064385866517106	"baseline"	0.0463043659246491	0.0512252570573939	0.0372572040094551
"GSE319536_BC10"	"CTGAAGCGGTTGCCAA-1"	1	0.0271172181716209	"baseline"	0.045424587568902	0.0498820106561974	0.0372572040094551
"GSE319536_BC10"	"CTGAAGTTGCAGACAT-1"	1	0.00642176107683679	"baseline"	0.0304695738599873	0.0270486819966349	0.0372572040094551
"GSE319536_BC10"	"CTGATTAACAGCGGCC-1"	1	0.0257150869321369	"baseline"	0.0289508900733565	0.0247299541970462	0.0372572040094551
"GSE319536_BC10"	"CTGCCGCTTCGGCTGC-1"	1	0.038250140213124	"baseline"	0.0300336626500863	0.026383132361189	0.0372572040094551
"GSE319536_BC10"	"CTGGCGGACAACGCAC-1"	1	0.018508132361189	"baseline"	0.0326418259990784	0.0303652785567396	0.0372572040094551
"GSE319536_BC10"	"CTGGTGCACGATCAAG-1"	1	0.0350813236118901	"baseline"	0.0239804290403383	0.0171410497289213	0.0372572040094551
"GSE319536_BC10"	"CTGGTGCTACAGTATT-1"	1	0.0234997195737521	"baseline"	0.0349267959039926	0.0338539727051785	0.0372572040094551
"GSE319536_BC10"	"CTGTATGGCTCAACAT-1"	1	0	"baseline"	0.0212460329362203	0.012966171246962	0.0372572040094551
"GSE319536_BC10"	"CTGTCTATCCACATCT-1"	1	0.082108805384184	"baseline"	0.0454145408656422	0.0498666713404375	0.0372572040094551
"GSE319536_BC10"	"CTTAGCAACTAGGACC-1"	1	0.0463264161525519	"baseline"	0.0269332812478781	0.021649467190129	0.0372572040094551
"GSE319536_BC10"	"CTTAGCACGACAGAAC-1"	1	0	"baseline"	0.0370711027798118	0.0371279024116657	0.0372572040094551
"GSE319536_BC10"	"CTTAGCGTAGCGTGCG-1"	1	0.0136287156477846	"baseline"	0.0431033062703048	0.0463378762385493	0.0372572040094551
"GSE319536_BC10"	"CTTAGCTATCCTTGCG-1"	1	0.0708917554683118	"baseline"	0.0406926393119925	0.0426572677135913	0.0372572040094551
"GSE319536_BC10"	"CTTAGCTTCGCTGACC-1"	1	0	"baseline"	0.030591704670455	0.0272351514301739	0.0372572040094551
"GSE319536_BC10"	"CTTAGTCCTCATAAGT-1"	1	0.076051598429613	"baseline"	0.0318380285152419	0.0291380398205272	0.0372572040094551
"GSE319536_BC10"	"GAACCGAACGAAGACT-1"	1	0.00866517106001122	"baseline"	0.0247286666021258	0.0182834595251449	0.0372572040094551
"GSE319536_BC10"	"GAACTACAAGTAGGAG-1"	1	0.0498597868760516	"baseline"	0.042530414598043	0.045463184707422	0.0372572040094551
"GSE319536_BC10"	"GAAGCGATTGCCGAAT-1"	1	0.0351093662366798	"baseline"	0.0395940313921904	0.040979912133109	0.0372572040094551
"GSE319536_BC10"	"GAATCAATTACCGACC-1"	1	0.0395401009534492	"baseline"	0.0336961482223359	0.0319750186950832	0.0372572040094551
"GSE319536_BC10"	"GACAACATCATGCCGC-1"	1	0.0655075715086932	"baseline"	0.028464071893556	0.0239866797532249	0.0372572040094551
"GSE319536_BC10"	"GACAACTTGATTGTGA-1"	1	0	"baseline"	0.0351423469734737	0.0341830762759395	0.0372572040094551
"GSE319536_BC10"	"GACATCTGCGGTCTTG-1"	1	0	"baseline"	0.0161080472589017	0.00512148999813049	0.0372572040094551
"GSE319536_BC10"	"GACCACGGCGTACATA-1"	1	0.0456253505328099	"baseline"	0.0376502055309627	0.0380120770237428	0.0372572040094551
"GSE319536_BC10"	"GACCGACAATAGGAAT-1"	1	0.0434660684240045	"baseline"	0.0285417210937045	0.0241052346232941	0.0372572040094551
"GSE319536_BC10"	"GACCTGCTGTACGAAG-1"	1	0.0353056646102075	"baseline"	0.0239962796891741	0.0171652505141148	0.0372572040094551
"GSE319536_BC10"	"GACGCCTCGTCAGAGG-1"	1	0	"baseline"	0.0218935371451225	0.0139547812675266	0.0372572040094551
"GSE319536_BC10"	"GACGCCTCTTGATTGT-1"	1	0.0591418956814358	"baseline"	0.062432217445915	0.0758492755655263	0.0372572040094551
"GSE319536_BC10"	"GACGGTACCTGGCCGT-1"	1	0.0459899046550757	"baseline"	0.0240219933721059	0.0172045101888203	0.0372572040094551
"GSE319536_BC10"	"GAGCCAGTATTGTCAA-1"	1	0.0153112731351655	"baseline"	0.022338239985664	0.0146337539727052	0.0372572040094551
"GSE319536_BC10"	"GAGCGGCAATGGAATA-1"	1	0.0826416152551879	"baseline"	0.0319423158664467	0.029297265844083	0.0372572040094551
"GSE319536_BC10"	"GAGGACAGATCGCCTA-1"	1	0.0162647223780146	"baseline"	0.0252997705611933	0.019155421574126	0.0372572040094551
"GSE319536_BC10"	"GAGGCCACTTCTAGAT-1"	1	0.11755468311834	"baseline"	0.0360054971475916	0.0355009347541597	0.0372572040094551
"GSE319536_BC10"	"GAGTCCTACCTCTGCA-1"	1	0	"baseline"	0.0291556964967553	0.0250426528323051	0.0372572040094551
"GSE319536_BC10"	"GATAGAGTGATAAGCT-1"	1	0.0666292765002804	"baseline"	0.0339583053421308	0.0323752804262479	0.0372572040094551
"GSE319536_BC10"	"GATAGCTAATGGATAG-1"	1	0	"baseline"	0.0269681018601816	0.0217026313329594	0.0372572040094551
"GSE319536_BC10"	"GATTATGTGACATGAT-1"	1	0	"baseline"	0.0365601963891792	0.0363478500654328	0.0372572040094551
"GSE319536_BC10"	"GATTCCTGCAGATCGT-1"	1	0.0208637128435222	"baseline"	0.0241662471333532	0.0174247569639185	0.0372572040094551
"GSE319536_BC10"	"GATTCGCCATGTATCA-1"	1	0	"baseline"	0.0255436250488157	0.0195277388296878	0.0372572040094551
"GSE319536_BC10"	"GCAACAGCCTGCTCTA-1"	1	0.0446719012899607	"baseline"	0.0318274216210326	0.0291218452047112	0.0372572040094551
"GSE319536_BC10"	"GCAACAGCGTGGATCA-1"	1	0	"baseline"	0.028398275476778	0.0238862217236867	0.0372572040094551
"GSE319536_BC10"	"GCAAGAATGTTCCACC-1"	1	0.0306225462703309	"baseline"	0.0325925291955149	0.0302900121518041	0.0372572040094551
"GSE319536_BC10"	"GCAATCCTCGAGCGTT-1"	1	0	"baseline"	0.0262355618895935	0.0205841886333894	0.0372572040094551
"GSE319536_BC10"	"GCACGCAACCATACCA-1"	1	0.0280145821648906	"baseline"	0.0262265345501928	0.0205704056833053	0.0372572040094551
"GSE319536_BC10"	"GCACTGCCTCGATGCG-1"	1	0	"baseline"	0.0487715631904259	0.0549921761076837	0.0372572040094551
"GSE319536_BC10"	"GCAGGCAGTGATCTAC-1"	1	0.0316040381379697	"baseline"	0.022515009311209	0.0149036455412227	0.0372572040094551
"GSE319536_BC10"	"GCAGTAGATGTCCAAT-1"	1	0.0125350532809871	"baseline"	0.0314815909525165	0.0285938306225463	0.0372572040094551
"GSE319536_BC10"	"GCCACGAAGGAATTCC-1"	1	0	"baseline"	0.0216238189780845	0.0135429753224902	0.0372572040094551
"GSE319536_BC10"	"GCCACTCCGTCACCTC-1"	1	0.0354458777341559	"baseline"	0.0396664062261852	0.0410904140960927	0.0372572040094551
"GSE319536_BC10"	"GCCGGCATTCCGCCGA-1"	1	0	"baseline"	0.0304496212664933	0.0270182183585717	0.0372572040094551
"GSE319536_BC10"	"GCCTCCGTCTACCTCG-1"	1	0.0326977005047672	"baseline"	0.0293919348363856	0.0254033417461208	0.0372572040094551
"GSE319536_BC10"	"GCCTTCGCTTATGTTC-1"	1	0	"baseline"	0.0339402506633294	0.0323477145260796	0.0372572040094551
"GSE319536_BC10"	"GCGGTCGGCGTACCTT-1"	1	0.0569826135726304	"baseline"	0.0248037505562865	0.0183980977752851	0.0372572040094551
"GSE319536_BC10"	"GCGTACCGGAACGACA-1"	1	0.0299214806505889	"baseline"	0.0449214289558289	0.0491137876238549	0.0372572040094551
"GSE319536_BC10"	"GCGTCCAGCAATTGGC-1"	1	0.0386427369601795	"baseline"	0.0337654619036007	0.0320808468872686	0.0372572040094551
"GSE319536_BC10"	"GCTCCTATGTCTTCGC-1"	1	0.0770611329220415	"baseline"	0.0426084464422828	0.0455823237988409	0.0372572040094551
"GSE319536_BC10"	"GCTCGTCTGCCGCAAT-1"	1	0.0373527762198542	"baseline"	0.0538329833156625	0.0627199570013086	0.0372572040094551
"GSE319536_BC10"	"GCTGAGTGTTCAACCG-1"	1	0	"baseline"	0.0226805503285405	0.015156393718452	0.0372572040094551
"GSE319536_BC10"	"GCTTAATAGAGGCGAG-1"	1	0.0794167134043746	"baseline"	0.043888390927503	0.0475365442138717	0.0372572040094551
"GSE319536_BC10"	"GCTTACATGTTGCGCT-1"	1	0	"baseline"	0.022770205369696	0.0152932791175921	0.0372572040094551
"GSE319536_BC10"	"GCTTCTCAGACCGCCT-1"	1	0.00204711160964666	"baseline"	0.0173615954241313	0.00703540848756777	0.0372572040094551
"GSE319536_BC10"	"GCTTGGTCAACCGTGG-1"	1	0.021845204711161	"baseline"	0.0361256780037704	0.0356844269957001	0.0372572040094551
"GSE319536_BC10"	"GGAACGATAACATTAT-1"	1	0.0425126191811554	"baseline"	0.0264816204071815	0.020959871003926	0.0372572040094551
"GSE319536_BC10"	"GGACGTTAGATATTAC-1"	1	0.0747055524397084	"baseline"	0.0244619667316795	0.0178762619181155	0.0372572040094551
"GSE319536_BC10"	"GGATAAGTCAGGATAG-1"	1	0.0332585530005609	"baseline"	0.0237747838610914	0.0168270704804636	0.0372572040094551
"GSE319536_BC10"	"GGATAATTATGCTGGT-1"	1	0	"baseline"	0.0234331347272045	0.0163054402692092	0.0372572040094551
"GSE319536_BC10"	"GGATGTAACTAATCCG-1"	1	0.0627033090297252	"baseline"	0.0425038407311941	0.0454226117031221	0.0372572040094551
"GSE319536_BC10"	"GGCGATCGGTCTGCTC-1"	1	0.0414469994391475	"baseline"	0.0427736048155231	0.0458344877547205	0.0372572040094551
"GSE319536_BC10"	"GGCGCCAAGGAGCGCT-1"	1	0.0514582164890634	"baseline"	0.0521793424886253	0.0601951766685362	0.0372572040094551
"GSE319536_BC10"	"GGCGGATATTGATTGA-1"	1	0.0463264161525519	"baseline"	0.0301685462228271	0.0265890727238736	0.0372572040094551
"GSE319536_BC10"	"GGCTGTTCAATGTCAA-1"	1	0	"baseline"	0.0333189040045049	0.0313990418769864	0.0372572040094551
"GSE319536_BC10"	"GGTACCACCTATACCT-1"	1	0	"baseline"	0.0197314051769567	0.0106536361936811	0.0372572040094551
"GSE319536_BC10"	"GGTACGTGCTCGGCAA-1"	1	0.0589736399326977	"baseline"	0.054890887087614	0.0643351654514863	0.0372572040094551
"GSE319536_BC10"	"GGTAGGTTGTTACGGC-1"	1	0.0466348850252384	"baseline"	0.0469742318542438	0.05224800897364	0.0372572040094551
"GSE319536_BC10"	"GGTAGTACAGGTTAGA-1"	1	0	"baseline"	0.0183020703162083	0.00847132641615255	0.0372572040094551
"GSE319536_BC10"	"GGTATGGTTGTCCTCG-1"	1	0	"baseline"	0.047158118359886	0.0525287670592634	0.0372572040094551
"GSE319536_BC10"	"GGTCTGGTATGTGGCC-1"	1	0.0358384744812114	"baseline"	0.0279157276050359	0.023149467190129	0.0372572040094551
"GSE319536_BC10"	"GGTCTTCCGGCTGGAC-1"	1	0.0600673022994952	"baseline"	0.0582137714371531	0.0694085483267901	0.0372572040094551
"GSE319536_BC10"	"GGTTACGGACGATTAA-1"	1	0.0597307908020191	"baseline"	0.0178170796445877	0.00773084221349785	0.0372572040094551
"GSE319536_BC10"	"GGTTAGCTTCATGAGT-1"	1	0.0619181155356141	"baseline"	0.0341098354634172	0.0326066367545336	0.0372572040094551
"GSE319536_BC10"	"GGTTCTCCTATCAGTT-1"	1	0.0696578799775659	"baseline"	0.0413121707072482	0.0436031688166012	0.0372572040094551
"GSE319536_BC10"	"GGTTGCTACCGGAACA-1"	1	0.0333146382501402	"baseline"	0.0212795862312936	0.013017400448682	0.0372572040094551
"GSE319536_BC10"	"GTAATCAGGCGGACGG-1"	1	0.0222097588334268	"baseline"	0.0379411374864194	0.0384562722004113	0.0372572040094551
"GSE319536_BC10"	"GTACGAATTACATAAT-1"	1	0	"baseline"	0.0261609677198695	0.0204702981865769	0.0372572040094551
"GSE319536_BC10"	"GTACGAGGTAGTGCAC-1"	1	0.0426808749298934	"baseline"	0.0515843523548058	0.0592867451860161	0.0372572040094551
"GSE319536_BC10"	"GTACGCCTCGCTTCCA-1"	1	0.00552439708356702	"baseline"	0.0213376838489557	0.0131061039446625	0.0372572040094551
"GSE319536_BC10"	"GTACGCTCGCCAACAT-1"	1	0	"baseline"	0.0310095826296237	0.0278731678818471	0.0372572040094551
"GSE319536_BC10"	"GTACGCTTGATACCAC-1"	1	0	"baseline"	0.0153486395508025	0.00396202561226398	0.0372572040094551
"GSE319536_BC10"	"GTACTGCATAAGGTTA-1"	1	0.0332305103757712	"baseline"	0.0296233977777571	0.0257567395774911	0.0372572040094551
"GSE319536_BC10"	"GTAGCACGAGCTCAAG-1"	1	0	"baseline"	0.0191892413557984	0.00982585997382688	0.0372572040094551
"GSE319536_BC10"	"GTAGCAGAACATGGTG-1"	1	0.0301177790241167	"baseline"	0.0326773874103425	0.0304195737521032	0.0372572040094551
"GSE319536_BC10"	"GTAGCCTAAGGTTAGT-1"	1	0	"baseline"	0.0266537459640351	0.0212226724621425	0.0372572040094551
"GSE319536_BC10"	"GTAGCGTGGCACGCAG-1"	1	0	"baseline"	0.0159807033053348	0.00492706113292204	0.0372572040094551
"GSE319536_BC10"	"GTAGGAGCAACAGGCA-1"	1	0	"baseline"	0.0289442963503761	0.0247198868947467	0.0372572040094551
"GSE319536_BC10"	"GTATTAGGTTATCTGC-1"	1	0	"baseline"	0.0234886395485044	0.0163901850813236	0.0372572040094551
"GSE319536_BC10"	"GTATTCTAAGTGCTGT-1"	1	0.0367358384744812	"baseline"	0.024290474833441	0.0176144279304543	0.0372572040094551
"GSE319536_BC10"	"GTCACTTACGTGTATG-1"	1	0.0325294447560292	"baseline"	0.0475382921008796	0.0531092166760142	0.0372572040094551
"GSE319536_BC10"	"GTCAGCCAACATCACG-1"	1	0	"baseline"	0.0326243406946848	0.0303385819779398	0.0372572040094551
"GSE319536_BC10"	"GTCCGAATGCGGACAG-1"	1	0.0505888951205833	"baseline"	0.0328995566920258	0.03075878201533	0.0372572040094551
"GSE319536_BC10"	"GTCCTGCTTACGGCTG-1"	1	0	"baseline"	0.0167660879555004	0.00612618713778276	0.0372572040094551
"GSE319536_BC10"	"GTCGCAGATTACTGCA-1"	1	0.0749298934380258	"baseline"	0.0254845294953636	0.019437511684427	0.0372572040094551
"GSE319536_BC10"	"GTCGTGCTAATGCCTT-1"	1	0	"baseline"	0.0377666364750473	0.0381898438960553	0.0372572040094551
"GSE319536_BC10"	"GTCTATTAGTGAGGCC-1"	1	0.0251822770611329	"baseline"	0.0597923834107786	0.0718187745372967	0.0372572040094551
"GSE319536_BC10"	"GTGAACGGTTCTAACG-1"	1	0	"baseline"	0.0414714914622324	0.0438464198915685	0.0372572040094551
"GSE319536_BC10"	"GTGACAATAGGTATGT-1"	1	0.0508693213684801	"baseline"	0.041099965477701	0.0432791736773229	0.0372572040094551
"GSE319536_BC10"	"GTGCACCAATCATAAC-1"	1	0.00145821648906338	"baseline"	0.0348795225223836	0.0337817956627407	0.0372572040094551
"GSE319536_BC10"	"GTGCAGCCGGTCTGCA-1"	1	0	"baseline"	0.0290579814404618	0.0248934613946532	0.0372572040094551
"GSE319536_BC10"	"GTGCAGTTGTGGCGCT-1"	1	0.0313516545148626	"baseline"	0.0207961567475652	0.0122792998691344	0.0372572040094551
"GSE319536_BC10"	"GTGGCTGAATGCGAGT-1"	1	0.0295288839035334	"baseline"	0.0324416419163018	0.030059637315386	0.0372572040094551
"GSE319536_BC10"	"GTGGTACTTGGTTGGA-1"	1	0.0909983174425126	"baseline"	0.0462582006803284	0.051154771919985	0.0372572040094551
"GSE319536_BC10"	"GTTACAGGTACATGGC-1"	1	0.104739203589456	"baseline"	0.039841568446547	0.0413578519349411	0.0372572040094551
"GSE319536_BC10"	"GTTCCGATGAACCGGC-1"	1	0.0340998317442513	"baseline"	0.0244497037538433	0.0178575387922976	0.0372572040094551
"GSE319536_BC10"	"GTTGAATGTTGCTGCC-1"	1	0.0743690409422322	"baseline"	0.0353634203624796	0.0345206113292204	0.0372572040094551
"GSE319536_BC10"	"GTTGGCGTGAGCGACC-1"	1	0.0142736960179473	"baseline"	0.0475380900647994	0.0531089082071415	0.0372572040094551
"GSE319536_BC10"	"TAACGCTTCGGCACTT-1"	1	0.0358384744812114	"baseline"	0.0211781151406004	0.0128624742942606	0.0372572040094551
"GSE319536_BC10"	"TAACGTGATTCACTAG-1"	1	0.0181996634885025	"baseline"	0.0372640900925202	0.0374225556178725	0.0372572040094551
"GSE319536_BC10"	"TAAGGATTGGAAGTGG-1"	1	0	"baseline"	0.0266173182465485	0.0211670545896429	0.0372572040094551
"GSE319536_BC10"	"TAATGACGAAGCGGCT-1"	1	0	"baseline"	0.0309975431159367	0.0278547859412974	0.0372572040094551
"GSE319536_BC10"	"TAATGATCTACTAACC-1"	1	0	"baseline"	0.0296050584117518	0.0257287390166386	0.0372572040094551
"GSE319536_BC10"	"TAATTGACGTCGTTCC-1"	1	0.041138530566461	"baseline"	0.0277366409868742	0.0228760375771172	0.0372572040094551
"GSE319536_BC10"	"TACAAGCAGATCGTTG-1"	1	0.0475322490185081	"baseline"	0.0434898533312823	0.0469280566461021	0.0372572040094551
"GSE319536_BC10"	"TACACCAGTGCCGACA-1"	1	0.0293045429052159	"baseline"	0.0356074646415713	0.0348932183585717	0.0372572040094551
"GSE319536_BC10"	"TACACTGCGTCCGGAC-1"	1	0	"baseline"	0.0232994450040284	0.0161013226771359	0.0372572040094551
"GSE319536_BC10"	"TACACTTCGCACCGAT-1"	1	0.038250140213124	"baseline"	0.0153145291259325	0.00390994578425874	0.0372572040094551
"GSE319536_BC10"	"TACAGTACTTAGTGTA-1"	1	0.0414469994391475	"baseline"	0.0239110388302553	0.0170351046924659	0.0372572040094551
"GSE319536_BC10"	"TACAGTCTCGGCACGG-1"	1	0.0976724621424565	"baseline"	0.0312471280814697	0.0282358524957936	0.0372572040094551
"GSE319536_BC10"	"TACATCGGACAACTGG-1"	1	0.0378855860908581	"baseline"	0.0407160387634604	0.0426929940175734	0.0372572040094551
"GSE319536_BC10"	"TACATCTAACATGTCC-1"	1	0.0714526079641054	"baseline"	0.0188083880388987	0.00924437277995887	0.0372572040094551
"GSE319536_BC10"	"TACGGAATTGAACCAA-1"	1	0.0484576556365676	"baseline"	0.0437399648150847	0.0473099270891756	0.0372572040094551
"GSE319536_BC10"	"TACGGAGGAAGCACCT-1"	1	0.0642176107683679	"baseline"	0.0405221912668348	0.0423970274817723	0.0372572040094551
"GSE319536_BC10"	"TACTCCGCCAATACAA-1"	1	0	"baseline"	0.0325714562201218	0.0302578379136287	0.0372572040094551
"GSE319536_BC10"	"TAGACCATCGATTGAG-1"	1	0.128379136287156	"baseline"	0.0384257730643234	0.0391962142456534	0.0372572040094551
"GSE319536_BC10"	"TAGCAGTCGTCATGAA-1"	1	0.0557206954570948	"baseline"	0.0305380242961822	0.0271531921854552	0.0372572040094551
"GSE319536_BC10"	"TAGCAGTGATTCTGTC-1"	1	0.0680874929893438	"baseline"	0.0309881514993612	0.0278404468124883	0.0372572040094551
"GSE319536_BC10"	"TAGCTATGTTGAGCAC-1"	1	0.0559169938306226	"baseline"	0.0354303065496296	0.0346227332211628	0.0372572040094551
"GSE319536_BC10"	"TAGTATTGCCGAGTTG-1"	1	0.047279865395401	"baseline"	0.0319064054837714	0.0292424378388484	0.0372572040094551
"GSE319536_BC10"	"TAGTGAACATGCAGAT-1"	1	0.0424004486819966	"baseline"	0.0453609584482568	0.0497848616563844	0.0372572040094551
"GSE319536_BC10"	"TAGTGCTGTAGCGTTG-1"	1	0	"baseline"	0.0243287423037184	0.0176728547392036	0.0372572040094551
"GSE319536_BC10"	"TAGTTACATAGAAGAT-1"	1	0.0770611329220415	"baseline"	0.0286194774341986	0.0242239530753412	0.0372572040094551
"GSE319536_BC10"	"TAGTTCAATCGACCTC-1"	1	0.0416432978126753	"baseline"	0.0293805687762992	0.0253859880351468	0.0372572040094551
"GSE319536_BC10"	"TATGACCGATGAAGTG-1"	1	0	"baseline"	0.0362010374616768	0.0357994858852122	0.0372572040094551
"GSE319536_BC10"	"TATGGCCTCACGTACA-1"	1	0.0401009534492428	"baseline"	0.0297992181459558	0.0260251822770611	0.0372572040094551
"GSE319536_BC10"	"TATTCGTGCGTTCTGG-1"	1	0	"baseline"	0.0410262406753523	0.0431666105814171	0.0372572040094551
"GSE319536_BC10"	"TCAAGGAACCTATTGC-1"	1	0.0966348850252384	"baseline"	0.0568213724452446	0.0672826322677136	0.0372572040094551
"GSE319536_BC10"	"TCACATAAGCGTTGCC-1"	1	0	"baseline"	0.0194736591782457	0.0102601093662367	0.0372572040094551
"GSE319536_BC10"	"TCACATAGACCTCCGT-1"	1	0.0346887268648345	"baseline"	0.0526905611168363	0.0609757057393906	0.0372572040094551
"GSE319536_BC10"	"TCAGAATCTAATAGTC-1"	1	0	"baseline"	0.0163598638047747	0.00550596373153861	0.0372572040094551
"GSE319536_BC10"	"TCAGATTACCAGGTTA-1"	1	0	"baseline"	0.0209186426517496	0.012466311460086	0.0372572040094551
"GSE319536_BC10"	"TCATCCACGTGGTCAC-1"	1	0	"baseline"	0.0191649204973587	0.00978872686483455	0.0372572040094551
"GSE319536_BC10"	"TCATCTATCCACGATT-1"	1	0.0454010095344924	"baseline"	0.0298850681742679	0.0261562581790989	0.0372572040094551
"GSE319536_BC10"	"TCATCTCCAGCCGGTG-1"	1	0	"baseline"	0.0293512980338952	0.0253412974387736	0.0372572040094551
"GSE319536_BC10"	"TCATGAGGCTTGACGC-1"	1	0.0487380818844644	"baseline"	0.0279172734871645	0.0231518274443821	0.0372572040094551
"GSE319536_BC10"	"TCATGAGGTTGATATG-1"	1	0.0122546270330903	"baseline"	0.0368189831798184	0.0367429659749486	0.0372572040094551
"GSE319536_BC10"	"TCATTGGCGACCGACG-1"	1	0	"baseline"	0.0339125502922759	0.032305421574126	0.0372572040094551
"GSE319536_BC10"	"TCCAATACTATCTGTT-1"	1	0.0722378014582165	"baseline"	0.0560694370109593	0.0661345765563657	0.0372572040094551
"GSE319536_BC10"	"TCCAATCCAGATACAT-1"	1	0.0374088614694335	"baseline"	0.0507243000672506	0.0579736165638437	0.0372572040094551
"GSE319536_BC10"	"TCCAGTGATGCGTATC-1"	1	0.0276500280426248	"baseline"	0.0335665175876797	0.0317770985230884	0.0372572040094551
"GSE319536_BC10"	"TCCAGTGATTGGTGCT-1"	1	0.0757992148065059	"baseline"	0.0269359505730587	0.0216535427182651	0.0372572040094551
"GSE319536_BC10"	"TCCATGCGTCGGTTAC-1"	1	0.00611329220415031	"baseline"	0.0174129707503984	0.0071138483828753	0.0372572040094551
"GSE319536_BC10"	"TCCGTCGGTACAAGTT-1"	1	0	"baseline"	0.0281153698637793	0.0234542811740512	0.0372572040094551
"GSE319536_BC10"	"TCCTACCGGTTCCTAG-1"	1	0	"baseline"	0.015426787718846	0.00408134230697327	0.0372572040094551
"GSE319536_BC10"	"TCCTAGGTATCTGATG-1"	1	0.0190128996074033	"baseline"	0.0397000115608549	0.0411417227519162	0.0372572040094551
"GSE319536_BC10"	"TCCTATTGACTGTTGA-1"	1	0	"baseline"	0.0264968220916385	0.0209830809497102	0.0372572040094551
"GSE319536_BC10"	"TCCTCAGTCGGATGCG-1"	1	0.0927089175546831	"baseline"	0.0291562719934686	0.0250435315012152	0.0372572040094551
"GSE319536_BC10"	"TCCTTGAACAGGACCA-1"	1	0.0134604598990465	"baseline"	0.0355827366498186	0.0348554636380632	0.0372572040094551
"GSE319536_BC10"	"TCCTTGGCTCAAGAGT-1"	1	0.0911104879416713	"baseline"	0.029204696368504	0.0251174658814732	0.0372572040094551
"GSE319536_BC10"	"TCGAATTGTACACTAT-1"	1	0.0363712843522154	"baseline"	0.0311345388840612	0.0280639512058329	0.0372572040094551
"GSE319536_BC10"	"TCGCACTTGGTCCGTC-1"	1	0	"baseline"	0.0227951782536671	0.0153314077397644	0.0372572040094551
"GSE319536_BC10"	"TCGCCTGCGTGCGTGG-1"	1	0.0453168816601234	"baseline"	0.035589318128188	0.0348655122452795	0.0372572040094551
"GSE319536_BC10"	"TCGTATCGGTCTCCTT-1"	1	0.0393998878295008	"baseline"	0.026305989830452	0.0206917180781454	0.0372572040094551
"GSE319536_BC10"	"TCGTATGTCGTGCCTA-1"	1	0.03421200224341	"baseline"	0.0249732190325706	0.0186568424004487	0.0372572040094551
"GSE319536_BC10"	"TCGTCAGAACAGCCAG-1"	1	0.0293325855300056	"baseline"	0.0276686221732142	0.0227721863899794	0.0372572040094551
"GSE319536_BC10"	"TCGTTAGCCAGGCCAG-1"	1	0.0337633202467751	"baseline"	0.0299814271399021	0.0263033791362872	0.0372572040094551
"GSE319536_BC10"	"TCTAGAACTTCTTGCA-1"	1	0	"baseline"	0.0210082823871415	0.012603173490372	0.0372572040094551
"GSE319536_BC10"	"TCTATCCGTGTTGCCA-1"	1	0	"baseline"	0.0146216218997393	0.00285201439521406	0.0372572040094551
"GSE319536_BC10"	"TCTGCCTGGATGTCAG-1"	1	0.0690128996074033	"baseline"	0.0279684528996569	0.0232299682183586	0.0372572040094551
"GSE319536_BC10"	"TCTGGTCCTCCACTGT-1"	1	0.0252103196859226	"baseline"	0.060399152860303	0.0727451906898486	0.0372572040094551
"GSE319536_BC10"	"TCTTAGTCGCGGCAGA-1"	1	0.0939708356702187	"baseline"	0.0340960847653542	0.0325856421761077	0.0372572040094551
"GSE319536_BC10"	"TCTTAGTCTGCCATCA-1"	1	0.0804262478968031	"baseline"	0.0345017732143521	0.0332050476724622	0.0372572040094551
"GSE319536_BC10"	"TCTTGCAGACTGCGAG-1"	1	0	"baseline"	0.0233387318381649	0.016161305851561	0.0372572040094551
"GSE319536_BC10"	"TGAAGATACAATCTGC-1"	1	0	"baseline"	0.0172815248521734	0.00691315666479716	0.0372572040094551
"GSE319536_BC10"	"TGAATGCGGTTATGGA-1"	1	0.0275939427930454	"baseline"	0.0537396273408565	0.0625774210132735	0.0372572040094551
"GSE319536_BC10"	"TGACCATGTACACTCA-1"	1	0.0332865956253505	"baseline"	0.0191987952134686	0.00984044681248831	0.0372572040094551
"GSE319536_BC10"	"TGACGCTTACTAGACA-1"	1	0.0289960740325294	"baseline"	0.0361171986107083	0.0356714806505889	0.0372572040094551
"GSE319536_BC10"	"TGACTCGGCCGACCGA-1"	1	0	"baseline"	0.0281153698637793	0.0234542811740512	0.0372572040094551
"GSE319536_BC10"	"TGAGCCGCGTGATCAT-1"	1	0	"baseline"	0.0298325602214907	0.026076088988596	0.0372572040094551
"GSE319536_BC10"	"TGAGGAATCCATAGAA-1"	1	0.00950644980370163	"baseline"	0.0203044039895641	0.0115284913067863	0.0372572040094551
"GSE319536_BC10"	"TGAGGACCACTGTTAC-1"	1	0.032893998878295	"baseline"	0.0220085171028131	0.0141303327724808	0.0372572040094551
"GSE319536_BC10"	"TGAGTCGCCTCCGTCG-1"	1	0.0378575434660684	"baseline"	0.0303613284383027	0.0268834127874369	0.0372572040094551
"GSE319536_BC10"	"TGAGTGCAGAGGACCA-1"	1	0.0412787436904094	"baseline"	0.0386266581510751	0.0395029257805197	0.0372572040094551
"GSE319536_BC10"	"TGATCCGCACTCCTTA-1"	1	0.0417835109366237	"baseline"	0.02527337118005	0.0191151149747616	0.0372572040094551
"GSE319536_BC10"	"TGATTCAAGATCGAGC-1"	1	0	"baseline"	0.0381418511486183	0.0387627220041129	0.0372572040094551
"GSE319536_BC10"	"TGCACGCTCCTATCCG-1"	1	0.056926528323051	"baseline"	0.0533725951285326	0.0620170358945597	0.0372572040094551
"GSE319536_BC10"	"TGCAGACGAACCAGAT-1"	1	0	"baseline"	0.0365334633423883	0.0363070340250514	0.0372572040094551
"GSE319536_BC10"	"TGCAGTACAACGAGTG-1"	1	0.0453449242849131	"baseline"	0.0247852305822702	0.0183698214619555	0.0372572040094551
"GSE319536_BC10"	"TGCATTCGCCAGCGAT-1"	1	0.0195737521031969	"baseline"	0.0263560182495179	0.0207681015143017	0.0372572040094551
"GSE319536_BC10"	"TGCATTCTTACGGAGG-1"	1	0	"baseline"	0.0270084203027881	0.0217641895681436	0.0372572040094551
"GSE319536_BC10"	"TGCCACAATGCTACCG-1"	1	0.0769209197980931	"baseline"	0.0512914582004492	0.0588395541222658	0.0372572040094551
"GSE319536_BC10"	"TGCCGGAACTTAGGCA-1"	1	0	"baseline"	0.0217168321037848	0.0136849878481959	0.0372572040094551
"GSE319536_BC10"	"TGCGACTACGTGCGAG-1"	1	0	"baseline"	0.0234645788880468	0.0163534492428491	0.0372572040094551
"GSE319536_BC10"	"TGCGATGCAGGTGCGA-1"	1	0	"baseline"	0.0169026827126173	0.00633474013834362	0.0372572040094551
"GSE319536_BC10"	"TGCGCCAGTAATGATC-1"	1	0.0822770611329221	"baseline"	0.051971854495435	0.059878383810058	0.0372572040094551
"GSE319536_BC10"	"TGCGGATCGGATCTTA-1"	1	0	"baseline"	0.0272929973051773	0.0221986819966349	0.0372572040094551
"GSE319536_BC10"	"TGCGTATCTTGTACCG-1"	1	0.0190128996074033	"baseline"	0.0330619508443509	0.0310067255561787	0.0372572040094551
"GSE319536_BC10"	"TGCGTCTGGATCGGAT-1"	1	0.0419798093101514	"baseline"	0.0486510058124614	0.054808108992335	0.0372572040094551
"GSE319536_BC10"	"TGCTATTGCGGCGTGG-1"	1	0.0535894559730791	"baseline"	0.055038364242686	0.064560333707235	0.0372572040094551
"GSE319536_BC10"	"TGCTCCTAACGGAAGA-1"	1	0.0250981491867639	"baseline"	0.0295263622973696	0.0256085857169564	0.0372572040094551
"GSE319536_BC10"	"TGCTGTGAAGTCAAGA-1"	1	0.040437464946719	"baseline"	0.0233214883648369	0.0161349785006543	0.0372572040094551
"GSE319536_BC10"	"TGGAAGACGTGAGTAG-1"	1	0.0646102075154234	"baseline"	0.0380160071598891	0.0385705832865956	0.0372572040094551
"GSE319536_BC10"	"TGGAAGCTCCATCGAC-1"	1	0.0383062254627033	"baseline"	0.0370314271792786	0.0370673256683492	0.0372572040094551
"GSE319536_BC10"	"TGGACTGACGTACCAC-1"	1	0.0861189007291083	"baseline"	0.0262618143354057	0.0206242708917555	0.0372572040094551
"GSE319536_BC10"	"TGGAGTGAACGCGGTC-1"	1	0.0183118339876612	"baseline"	0.0510284745694172	0.0584380304729856	0.0372572040094551
"GSE319536_BC10"	"TGGCAAGCGACACTTA-1"	1	0	"baseline"	0.029597925925891	0.0257178491306786	0.0372572040094551
"GSE319536_BC10"	"TGGCATCGATCAATTG-1"	1	0	"baseline"	0.0325997167821249	0.0303009861656384	0.0372572040094551
"GSE319536_BC10"	"TGGCATGTTCGAACAG-1"	1	0.0132922041503085	"baseline"	0.0494400424178339	0.0560128108057581	0.0372572040094551
"GSE319536_BC10"	"TGGCCAAGCTGGCACC-1"	1	0.00395401009534492	"baseline"	0.0289775741417036	0.0247706954570948	0.0372572040094551
"GSE319536_BC10"	"TGGCGAGCCACTAGCG-1"	1	0.00967470555243971	"baseline"	0.0229196906409588	0.0155215133669845	0.0372572040094551
"GSE319536_BC10"	"TGGTGCATTGTAATCC-1"	1	0.067021873247336	"baseline"	0.0266321556538306	0.0211897083567022	0.0372572040094551
"GSE319536_BC10"	"TGGTGCCGCTGCAACA-1"	1	0.0848850252383623	"baseline"	0.0377674721697425	0.0381911198354833	0.0372572040094551
"GSE319536_BC10"	"TGTAGGTCTGAACGCA-1"	1	0.0418956814357824	"baseline"	0.0169431144178748	0.0063964713030473	0.0372572040094551
"GSE319536_BC10"	"TGTATCGGCGGTCGCA-1"	1	0.0433819405496354	"baseline"	0.0280126345170086	0.0232974247522902	0.0372572040094551
"GSE319536_BC10"	"TGTTCACTGTCTTCCT-1"	1	0.0303421200224341	"baseline"	0.028357950911866	0.0238246541409609	0.0372572040094551
"GSE319536_BC10"	"AACATACTCATATGCG-1"	1	0.0119742007851935	"tme"	0.0177460859841367	0.0172571415217798	0.0372572040094551
"GSE319536_BC10"	"AACCAATCTGGTTGGC-1"	1	0.04649467190129	"tme"	0.0264269649927815	0.0263996354458777	0.0372572040094551
"GSE319536_BC10"	"AACCTACTGTAACTCA-1"	1	0.0387829500841279	"tme"	0.0342031834120231	0.0345893624976631	0.0372572040094551
"GSE319536_BC10"	"AACGAGCCTCTTCGGC-1"	1	0	"tme"	0.0292215769092783	0.0293428538044494	0.0372572040094551
"GSE319536_BC10"	"AACGTCGCGACAAGGT-1"	1	0	"tme"	0.0321218702805223	0.0323973733408114	0.0372572040094551
"GSE319536_BC10"	"AACTCAGATCCATGCC-1"	1	0.0477285473920359	"tme"	0.0320940142928071	0.0323680360815106	0.0372572040094551
"GSE319536_BC10"	"AACTTCATCTTCTGGT-1"	1	0	"tme"	0.0254560260575879	0.0253770658066929	0.0372572040094551
"GSE319536_BC10"	"AACTTGGTTACATAAC-1"	1	0	"tme"	0.0226115999843121	0.0223813843709105	0.0372572040094551
"GSE319536_BC10"	"AAGCACTCAGGAATGT-1"	1	0	"tme"	0.0233853991166906	0.0231963310899233	0.0372572040094551
"GSE319536_BC10"	"AAGCAGTATCAGAATC-1"	1	0.0229949523275379	"tme"	0.0387153563897565	0.0393414750420639	0.0372572040094551
"GSE319536_BC10"	"AAGCAGTGGCTCATCC-1"	1	0.0183959618620303	"tme"	0.0113299648997569	0.0104998364180221	0.0372572040094551
"GSE319536_BC10"	"AAGCCACCATTCAAGA-1"	1	0	"tme"	0.0188557545723434	0.0184258179098897	0.0372572040094551
"GSE319536_BC10"	"AAGCCAGGTTACGAAC-1"	1	0	"tme"	0.0179810801083171	0.0175046317068611	0.0372572040094551
"GSE319536_BC10"	"AAGGCCAGCAATCGCC-1"	1	0	"tme"	0.0222886089857643	0.02204121798467	0.0372572040094551
"GSE319536_BC10"	"AAGGCCAGTCGCAATT-1"	1	0.0583847448121144	"tme"	0.037257441358349	0.0378060338381006	0.0372572040094551
"GSE319536_BC10"	"AAGGCCGACTATGTAA-1"	1	0.0483454851374089	"tme"	0.0483503329327062	0.0494888016451673	0.0372572040094551
"GSE319536_BC10"	"AAGGTGGATATGATCG-1"	1	0.140213123948402	"tme"	0.0244476588285613	0.0243150775845953	0.0372572040094551
"GSE319536_BC10"	"AATAGTCGTTATCTAG-1"	1	0	"tme"	0.0200324648056693	0.0196651009534492	0.0372572040094551
"GSE319536_BC10"	"AATCCGGAGCTTGTCT-1"	1	0.0164329781267527	"tme"	0.0397633974327346	0.0404452467750982	0.0372572040094551
"GSE319536_BC10"	"AATCCTCGTCACAGGC-1"	1	0	"tme"	0.0225600240261751	0.0223270658066928	0.0372572040094551
"GSE319536_BC10"	"AATCTGCGAGACGTTC-1"	1	0.0393157599551318	"tme"	0.0308520907825219	0.0310600719760703	0.0372572040094551
"GSE319536_BC10"	"AATCTGCGTTCCTTAC-1"	1	0	"tme"	0.0176322434394725	0.0171372452794915	0.0372572040094551
"GSE319536_BC10"	"AATGCGAACCTCGCGT-1"	1	0.0304542905215928	"tme"	0.0148936097656138	0.0142529818657693	0.0372572040094551
"GSE319536_BC10"	"AATGGTCTCGAGCGCT-1"	1	0	"tme"	0.0397101040511078	0.0403891194615816	0.0372572040094551
"GSE319536_BC10"	"AATGGTTATTCTAGCT-1"	1	0.100196298373528	"tme"	0.055558337130656	0.0570800990839409	0.0372572040094551
"GSE319536_BC10"	"AATTGCGTCAGACACT-1"	1	0.0611609646662928	"tme"	0.0602616367100966	0.0620335015890821	0.0372572040094551
"GSE319536_BC10"	"ACAACGCCGATAGTAT-1"	1	0.0229669097027482	"tme"	0.0477099381091862	0.0488143531501216	0.0372572040094551
"GSE319536_BC10"	"ACAGATCTGAAGTATC-1"	1	0	"tme"	0.0215409040397431	0.021253753037951	0.0372572040094551
"GSE319536_BC10"	"ACAGGATACCGGATTC-1"	1	0	"tme"	0.033128129560821	0.0334571415217798	0.0372572040094551
"GSE319536_BC10"	"ACAGGCACGCGAGGAT-1"	1	0.0492708917554683	"tme"	0.0408438476326799	0.0415831510562722	0.0372572040094551
"GSE319536_BC10"	"ACAGTACGCACTACCT-1"	1	0.0756029164329781	"tme"	0.0192133824968298	0.0188024630772107	0.0372572040094551
"GSE319536_BC10"	"ACATCGTAGACAGGTT-1"	1	0.0909702748177229	"tme"	0.0341057606785022	0.0344867592073285	0.0372572040094551
"GSE319536_BC10"	"ACATGTTGCTTGATCT-1"	1	0.0100392596747056	"tme"	0.0187411087882693	0.0183050757150869	0.0372572040094551
"GSE319536_BC10"	"ACATTGGTTCTGCCGT-1"	1	0.0805945036455412	"tme"	0.0191177703803214	0.0187017666853617	0.0372572040094551
"GSE319536_BC10"	"ACCGAGGTGATACCGA-1"	1	0	"tme"	0.0282277212430729	0.0282961488128622	0.0372572040094551
"GSE319536_BC10"	"ACCTATGCTACCGGAT-1"	1	0	"tme"	0.0207943972961567	0.0204675500093475	0.0372572040094551
"GSE319536_BC10"	"ACCTGCTTCCACATTG-1"	1	0	"tme"	0.0306183348008574	0.0308138857730417	0.0372572040094551
"GSE319536_BC10"	"ACCTTCGGTGCTACGA-1"	1	0	"tme"	0.0294489646668912	0.0295823331463825	0.0372572040094551
"GSE319536_BC10"	"ACGCAACGTGTAATTG-1"	1	0.0364834548513741	"tme"	0.0215546212387279	0.0212681996634885	0.0372572040094551
"GSE319536_BC10"	"ACGCACATTGTAAGTA-1"	1	0	"tme"	0.0204211084220691	0.0200744111048794	0.0372572040094551
"GSE319536_BC10"	"ACGCGTTCCAGCCTTC-1"	1	0.0363712843522154	"tme"	0.03070306990193	0.0309031267526641	0.0372572040094551
"GSE319536_BC10"	"ACGCGTTCGCGATCAT-1"	1	0	"tme"	0.0177691269731787	0.0172814077397644	0.0372572040094551
"GSE319536_BC10"	"ACGGCCGGAACGCTAG-1"	1	0	"tme"	0.0206785000562063	0.0203454898111797	0.0372572040094551
"GSE319536_BC10"	"ACGGCTTATTGGTATG-1"	1	0	"tme"	0.021059248849897	0.0207464853243597	0.0372572040094551
"GSE319536_BC10"	"ACGGTGATAATGTTAC-1"	1	0	"tme"	0.0362866976857744	0.0367836698448308	0.0372572040094551
"GSE319536_BC10"	"ACGTGCAATTATTCGG-1"	1	0.033595064498037	"tme"	0.0417005712491186	0.0424854318564217	0.0372572040094551
"GSE319536_BC10"	"ACTAATCGGCCACCGA-1"	1	0	"tme"	0.0178737256079479	0.0173915685174799	0.0372572040094551
"GSE319536_BC10"	"ACTCAGCTCGAGTGTC-1"	1	0.0334828939988783	"tme"	0.0634390654289308	0.0653798934380258	0.0372572040094551
"GSE319536_BC10"	"ACTCAGCTTCTGAGAC-1"	1	0.11138530566461	"tme"	0.044784979518933	0.0457338567956627	0.0372572040094551
"GSE319536_BC10"	"ACTCCTATGTTCCTAC-1"	1	0.0389231632080763	"tme"	0.0186776306859469	0.0182382220975883	0.0372572040094551
"GSE319536_BC10"	"ACTCGAACGTTCGTTA-1"	1	0	"tme"	0.031599862295345	0.0318476070293513	0.0372572040094551
"GSE319536_BC10"	"ACTGACTCTGCTGGCC-1"	1	0	"tme"	0.0392105157648212	0.0398629650401944	0.0372572040094551
"GSE319536_BC10"	"ACTGCCGTTGGTGAGC-1"	1	0	"tme"	0.0149817974648134	0.0143458590390727	0.0372572040094551
"GSE319536_BC10"	"ACTGGTGATTCCGATC-1"	1	0.0337633202467751	"tme"	0.0604703458230875	0.0622533090297252	0.0372572040094551
"GSE319536_BC10"	"ACTGTACATCCGATAC-1"	1	0	"tme"	0.0211524956260434	0.0208446905963732	0.0372572040094551
"GSE319536_BC10"	"ACTGTAGACAAGGAAT-1"	1	0.0284071789119462	"tme"	0.0574554111055562	0.0590780519723313	0.0372572040094551
"GSE319536_BC10"	"ACTTGAATTAACTTAG-1"	1	0.0317162086371284	"tme"	0.021943673131513	0.0216779398018321	0.0372572040094551
"GSE319536_BC10"	"AGAAGCTTGCCTCCGC-1"	1	0.0415591699383062	"tme"	0.0269351448343041	0.0269348382875304	0.0372572040094551
"GSE319536_BC10"	"AGACCGAACCGATGTC-1"	1	0.033510936623668	"tme"	0.0276404911053626	0.0276776920919798	0.0372572040094551
"GSE319536_BC10"	"AGACCTCAGCGAGGTG-1"	1	0.0711721817162086	"tme"	0.0227434066899243	0.0225202000373902	0.0372572040094551
"GSE319536_BC10"	"AGACTCAGACAGATAA-1"	1	0	"tme"	0.0156193299158503	0.0150172929519536	0.0372572040094551
"GSE319536_BC10"	"AGCACGTGCACTGTAA-1"	1	0.0398485698261357	"tme"	0.0233281649803894	0.0231360534679379	0.0372572040094551
"GSE319536_BC10"	"AGCCGTTGCATCCTAG-1"	1	0	"tme"	0.0311513839995818	0.0313752804262479	0.0372572040094551
"GSE319536_BC10"	"AGCGTTACAGTCCTGG-1"	1	0.0457375210319686	"tme"	0.0343753562263268	0.034770690783324	0.0372572040094551
"GSE319536_BC10"	"AGCGTTGGCTCACGAT-1"	1	0	"tme"	0.0191351132511181	0.0187200317816414	0.0372572040094551
"GSE319536_BC10"	"AGCTATAAGTCCAGCA-1"	1	0.0208076275939428	"tme"	0.0360686425937923	0.0365540194428865	0.0372572040094551
"GSE319536_BC10"	"AGCTATAGAATAGTCT-1"	1	0	"tme"	0.022405628985774	0.0221644606468499	0.0372572040094551
"GSE319536_BC10"	"AGCTCAACATCGTCCG-1"	1	0.0350532809871004	"tme"	0.0289253901429751	0.0290309169938306	0.0372572040094551
"GSE319536_BC10"	"AGCTTGGATGCAAGCC-1"	1	0	"tme"	0.021655403376853	0.0213743409983174	0.0372572040094551
"GSE319536_BC10"	"AGGACCAGTAACCTAA-1"	1	0.0449523275378575	"tme"	0.0525375312211943	0.0538986586277809	0.0372572040094551
"GSE319536_BC10"	"AGGACCGCAATAGTTA-1"	1	0.0536735838474481	"tme"	0.034662711796907	0.0350733267900542	0.0372572040094551
"GSE319536_BC10"	"AGGACGAAGCCTCCTT-1"	1	0.0329220415030847	"tme"	0.0443769516498105	0.0453041316133857	0.0372572040094551
"GSE319536_BC10"	"AGGAGCATCACTCAGC-1"	1	0.0400448681996635	"tme"	0.0529334394945783	0.0543156197420078	0.0372572040094551
"GSE319536_BC10"	"AGGCTTAACCGATTGT-1"	1	0.034997195737521	"tme"	0.0198711201911464	0.0194951766685362	0.0372572040094551
"GSE319536_BC10"	"AGGTACCAGACGCCAG-1"	1	0.0277621985417835	"tme"	0.0286980290120829	0.0287914656945223	0.0372572040094551
"GSE319536_BC10"	"AGGTCTCACGCCAATA-1"	1	0	"tme"	0.0308184301696782	0.0310246214245653	0.0372572040094551
"GSE319536_BC10"	"AGGTTCCACGCCGAAG-1"	1	0	"tme"	0.0252304489169875	0.0251394933632455	0.0372572040094551
"GSE319536_BC10"	"AGTATTACGGTATTCG-1"	1	0.0573752103196859	"tme"	0.0165889286394316	0.0160384511123574	0.0372572040094551
"GSE319536_BC10"	"AGTCGCAGGAACGAGT-1"	1	0	"tme"	0.0272257621781789	0.0272409095157974	0.0372572040094551
"GSE319536_BC10"	"AGTCGGTTGGTTGGCG-1"	1	0.0405215928210881	"tme"	0.0372797723015038	0.0378295522527575	0.0372572040094551
"GSE319536_BC10"	"AGTCTAGGATTGTCAC-1"	1	0.0721817162086371	"tme"	0.0544919147747711	0.0559569685922602	0.0372572040094551
"GSE319536_BC10"	"AGTGTCTTAAGCTTGT-1"	1	0.0610487941671341	"tme"	0.0556478783548281	0.0571744017573378	0.0372572040094551
"GSE319536_BC10"	"ATAAGGCGGACAAGTT-1"	1	0.0197420078519349	"tme"	0.0603635637972149	0.0621408487567769	0.0372572040094551
"GSE319536_BC10"	"ATAATCGTAGTTATTC-1"	1	0.0383903533370724	"tme"	0.0543097880046851	0.0557651570386988	0.0372572040094551
"GSE319536_BC10"	"ATAATTATCGACCACG-1"	1	0.0425687044307347	"tme"	0.0185276113033261	0.0180802252757525	0.0372572040094551
"GSE319536_BC10"	"ATACTATCAACTTGTA-1"	1	0.0345485137408862	"tme"	0.0191549013424391	0.018740872125631	0.0372572040094551
"GSE319536_BC10"	"ATCCGATGTCTGTCAC-1"	1	0.0139091418956814	"tme"	0.0177781312425867	0.0172908908207141	0.0372572040094551
"GSE319536_BC10"	"ATCGATGTCAGATAGA-1"	1	0.0358665171060011	"tme"	0.0512297243281435	0.0525213077210694	0.0372572040094551
"GSE319536_BC10"	"ATCGTATTGGAATCCT-1"	1	0.017722938867078	"tme"	0.0520914493303007	0.0534288558609086	0.0372572040094551
"GSE319536_BC10"	"ATCGTCTTAACGAAGG-1"	1	0.0320807627593943	"tme"	0.0269291271954095	0.0269285006543279	0.0372572040094551
"GSE319536_BC10"	"ATGAACAATCGATGCG-1"	1	0.0287156477846326	"tme"	0.0137451549208147	0.0130434567208824	0.0372572040094551
"GSE319536_BC10"	"ATGAGTACGCTTCCTA-1"	1	0.0782669657879978	"tme"	0.0327317065041686	0.0330396382501402	0.0372572040094551
"GSE319536_BC10"	"ATGATAATTCCTTGCG-1"	1	0	"tme"	0.0323685402217615	0.032657160216863	0.0372572040094551
"GSE319536_BC10"	"ATGATTGATTCCGAAT-1"	1	0	"tme"	0.0438097758706289	0.0447067956627407	0.0372572040094551
"GSE319536_BC10"	"ATGCATGGTTGCTGTA-1"	1	0.0772293886707796	"tme"	0.0383665729743535	0.0389741446999439	0.0372572040094551
"GSE319536_BC10"	"ATGCATGTCACTCGTG-1"	1	0.0707795849691531	"tme"	0.0291218731533445	0.0292378481959245	0.0372572040094551
"GSE319536_BC10"	"ATGCCAGCTGCCATCT-1"	1	0	"tme"	0.0224270856849301	0.0221870583286596	0.0372572040094551
"GSE319536_BC10"	"ATGCTCGCCTCCAATT-1"	1	0.0822490185081324	"tme"	0.0455842160452231	0.0465755935688914	0.0372572040094551
"GSE319536_BC10"	"ATGGAGTCTTCGCAGT-1"	1	0.0354458777341559	"tme"	0.0242008291269974	0.0240551224527949	0.0372572040094551
"GSE319536_BC10"	"ATGGTAACGGACCGGA-1"	1	0.0109366236679753	"tme"	0.017148884139497	0.0166281828379136	0.0372572040094551
"GSE319536_BC10"	"ATGTACAGTGCCTATG-1"	1	0.0610487941671341	"tme"	0.0284178670938983	0.0284964058702561	0.0372572040094551
"GSE319536_BC10"	"ATGTACATCGTGGTTA-1"	1	0.0685361749859787	"tme"	0.0347823811556336	0.0351993596934006	0.0372572040094551
"GSE319536_BC10"	"ATGTATCCATAAGTTG-1"	1	0.0397644419517667	"tme"	0.0426374812351645	0.0434721630211254	0.0372572040094551
"GSE319536_BC10"	"ATGTCGGACTGAAGTA-1"	1	0	"tme"	0.0145829780032915	0.0139258319312021	0.0372572040094551
"GSE319536_BC10"	"ATGTGAATTGCTGACC-1"	1	0.0338474481211441	"tme"	0.0437072452445064	0.0445988128622172	0.0372572040094551
"GSE319536_BC10"	"ATGTGATCCGTCTAAC-1"	1	0	"tme"	0.02175395330822	0.0214781314264349	0.0372572040094551
"GSE319536_BC10"	"ATGTTCTGCCTTATCT-1"	1	0	"tme"	0.0181198541391982	0.0176507851934941	0.0372572040094551
"GSE319536_BC10"	"ATTAAGTGGCCTAAGG-1"	1	0.0696298373527762	"tme"	0.0309410062787559	0.0311537156477846	0.0372572040094551
"GSE319536_BC10"	"ATTACCTTCGCAGAAG-1"	1	0.0021312394840157	"tme"	0.0209298207980072	0.0206101747990279	0.0372572040094551
"GSE319536_BC10"	"ATTACTGTACGCGGTG-1"	1	0	"tme"	0.0248267301388434	0.0247143064124135	0.0372572040094551
"GSE319536_BC10"	"ATTAGCAGGATGTATT-1"	1	0.0724621424565339	"tme"	0.0409800566227932	0.0417266031033838	0.0372572040094551
"GSE319536_BC10"	"ATTAGCCTCAGTAGAT-1"	1	0.0435782389231632	"tme"	0.0273982012596904	0.0274225182277061	0.0372572040094551
"GSE319536_BC10"	"ATTATCCAGGTGAAGT-1"	1	0.0340717891194616	"tme"	0.0181193437937167	0.0176502477098523	0.0372572040094551
"GSE319536_BC10"	"ATTATCTTATTGAGAC-1"	1	0.0426808749298934	"tme"	0.0381116487496747	0.0387056646102075	0.0372572040094551
"GSE319536_BC10"	"ATTCTGAGTACTGTAG-1"	1	0	"tme"	0.0138848919514304	0.0131906244157787	0.0372572040094551
"GSE319536_BC10"	"ATTGACTTATGTGGTA-1"	1	0.0987661245092541	"tme"	0.0289875812871268	0.0290964152177977	0.0372572040094551
"GSE319536_BC10"	"ATTGATAACACTAAGA-1"	1	0.0422882781828379	"tme"	0.0219572971369751	0.0216922882781828	0.0372572040094551
"GSE319536_BC10"	"ATTGCACGCATAACAG-1"	1	0	"tme"	0.0266805001901934	0.0266666526453543	0.0372572040094551
"GSE319536_BC10"	"ATTGTTATACTTCACG-1"	1	0	"tme"	0.0185800615054618	0.0181354645728174	0.0372572040094551
"GSE319536_BC10"	"CAACTGACAAGACAAG-1"	1	0.0390914189568144	"tme"	0.0356075077300885	0.0360683632454665	0.0372572040094551
"GSE319536_BC10"	"CAAGATAAGTGCAATG-1"	1	0.0147784632641615	"tme"	0.0484529478767778	0.0495968732473359	0.0372572040094551
"GSE319536_BC10"	"CAAGATTAGATGAGTT-1"	1	0.0791362871564779	"tme"	0.0333814606200403	0.0337239437277996	0.0372572040094551
"GSE319536_BC10"	"CAATAAGGTAACTCGT-1"	1	0.0677509814918676	"tme"	0.0162603105272273	0.0156923583847448	0.0372572040094551
"GSE319536_BC10"	"CAATCTATGAGGTCAG-1"	1	0	"tme"	0.0340802567177886	0.0344598990465508	0.0372572040094551
"GSE319536_BC10"	"CACCATTCTTACGAGC-1"	1	0.0780426247896803	"tme"	0.0362922227303348	0.0367894886894747	0.0372572040094551
"GSE319536_BC10"	"CACCTACCGCTACCTT-1"	1	0.0302860347728547	"tme"	0.0551509083627509	0.0566510048607217	0.0372572040094551
"GSE319536_BC10"	"CACCTAGAATACTTCT-1"	1	0	"tme"	0.0242005628597897	0.024054842026547	0.0372572040094551
"GSE319536_BC10"	"CACTCAGTACTCCGCT-1"	1	0.0372125630959058	"tme"	0.0623246617222133	0.0642062301364741	0.0372572040094551
"GSE319536_BC10"	"CACTCAGTGGTCCTTC-1"	1	0.00908581043185642	"tme"	0.019542155931572	0.0191487193868013	0.0372572040094551
"GSE319536_BC10"	"CACTCATCACGTTACG-1"	1	0.00605720695457095	"tme"	0.012622967336058	0.0118615956253505	0.0372572040094551
"GSE319536_BC10"	"CACTGGTGAGTTATCG-1"	1	0.0455412226584408	"tme"	0.0315310277843605	0.0317751121704992	0.0372572040094551
"GSE319536_BC10"	"CAGAGCAATGGCTTCT-1"	1	0.0320246775098149	"tme"	0.034426146696201	0.0348241820901103	0.0372572040094551
"GSE319536_BC10"	"CAGCCAACGATAGCTT-1"	1	0	"tme"	0.0314789370429553	0.0317202514488689	0.0372572040094551
"GSE319536_BC10"	"CAGCTGGCGATAAGTG-1"	1	0.00706674144699944	"tme"	0.0304725934447074	0.0306603944662554	0.0372572040094551
"GSE319536_BC10"	"CAGTCTGGTAATCTAC-1"	1	0	"tme"	0.0212282353332817	0.0209244578425874	0.0372572040094551
"GSE319536_BC10"	"CAGTGAAGATACATAA-1"	1	0.045877734155917	"tme"	0.0201364909659418	0.0197746588147317	0.0372572040094551
"GSE319536_BC10"	"CAGTTGCACGGACAGG-1"	1	0.0701346045989905	"tme"	0.0579545422998029	0.0596037249953263	0.0372572040094551
"GSE319536_BC10"	"CATACAATGAGTAGCT-1"	1	0	"tme"	0.0176923621371907	0.0172005608524958	0.0372572040094551
"GSE319536_BC10"	"CATCAGGTAGGACCGT-1"	1	0.0700504767246214	"tme"	0.0367231717682559	0.0372433538979249	0.0372572040094551
"GSE319536_BC10"	"CATCCTGGTACCTGCT-1"	1	0.0814357823892316	"tme"	0.0330113003856435	0.0333340998317443	0.0372572040094551
"GSE319536_BC10"	"CATGATGCATGTGCTA-1"	1	0.0323051037577117	"tme"	0.0338481560305989	0.0342154561600299	0.0372572040094551
"GSE319536_BC10"	"CATGCATATGACGTCG-1"	1	0.037633202467751	"tme"	0.0183823359147897	0.0179272247149	0.0372572040094551
"GSE319536_BC10"	"CATGTTATTGATGCAG-1"	1	0.0359226023555805	"tme"	0.0293331650582503	0.0294603757711722	0.0372572040094551
"GSE319536_BC10"	"CATTCTCCAGTCACCA-1"	1	0	"tme"	0.0259804970144367	0.025929426060946	0.0372572040094551
"GSE319536_BC10"	"CCAGCGGATTCCGCTG-1"	1	0.0410824453168817	"tme"	0.0203519721415826	0.020001598429613	0.0372572040094551
"GSE319536_BC10"	"CCATTGGCAATTCTCA-1"	1	0.0407459338194055	"tme"	0.0268852596729363	0.0268823004299869	0.0372572040094551
"GSE319536_BC10"	"CCGCAAGGAAGGAGGC-1"	1	0.066404935501963	"tme"	0.0547539350205359	0.0562329220415031	0.0372572040094551
"GSE319536_BC10"	"CCGCAAGTAGCGGACT-1"	1	0	"tme"	0.0239282291975122	0.023768026733969	0.0372572040094551
"GSE319536_BC10"	"CCGCATGTAGTTAGAC-1"	1	0.0668816601233876	"tme"	0.0590198418956285	0.0607256730229949	0.0372572040094551
"GSE319536_BC10"	"CCGCCACTGCGTTGGC-1"	1	0.022546270330903	"tme"	0.032251560161833	0.0325339596186203	0.0372572040094551
"GSE319536_BC10"	"CCGCGACCGTAGCTAT-1"	1	0	"tme"	0.0183845592459742	0.0179295662740699	0.0372572040094551
"GSE319536_BC10"	"CCGGCGCTAAGGATGA-1"	1	0	"tme"	0.0270536470551035	0.0270596419891568	0.0372572040094551
"GSE319536_BC10"	"CCTACCATCGCAGTAT-1"	1	0.0511217049915872	"tme"	0.0412825406085591	0.0420451719947654	0.0372572040094551
"GSE319536_BC10"	"CCTCACTTCCTTCCGA-1"	1	0	"tme"	0.0276828897204065	0.0277223452981866	0.0372572040094551
"GSE319536_BC10"	"CCTTAGTCTGTCACTG-1"	1	0.034296130117779	"tme"	0.0158321706083477	0.01524145167321	0.0372572040094551
"GSE319536_BC10"	"CCTTAGTTATACCAGA-1"	1	0.0378855860908581	"tme"	0.0351179222152389	0.0355527435034586	0.0372572040094551
"GSE319536_BC10"	"CGAAGTCGTTGGCTCG-1"	1	0.0351374088614694	"tme"	0.0280958967863135	0.0281573144512993	0.0372572040094551
"GSE319536_BC10"	"CGACCTATACTGACGT-1"	1	0.0363712843522154	"tme"	0.0508500406032837	0.0521214339128809	0.0372572040094551
"GSE319536_BC10"	"CGACGCCAAGGTGCAA-1"	1	0.0829500841278744	"tme"	0.0392315996898865	0.0398851701252571	0.0372572040094551
"GSE319536_BC10"	"CGAGCCTGCAAGGTTA-1"	1	0.0460740325294448	"tme"	0.0376252051878763	0.0381933538979248	0.0372572040094551
"GSE319536_BC10"	"CGAGTCCGTTGGAACT-1"	1	0.103365114974762	"tme"	0.0310644344428982	0.0312837072349972	0.0372572040094551
"GSE319536_BC10"	"CGATTGGAACAGGCCA-1"	1	0.0361189007291082	"tme"	0.0219333774661475	0.0216670966535801	0.0372572040094551
"GSE319536_BC10"	"CGCAATGTATCCAATG-1"	1	0.0500560852495794	"tme"	0.045481179511406	0.0464670779584969	0.0372572040094551
"GSE319536_BC10"	"CGCACGTGACTGTTGG-1"	1	0	"tme"	0.0331882837608336	0.0335204944849505	0.0372572040094551
"GSE319536_BC10"	"CGCCTTGACGTGAATC-1"	1	0.0377453729669097	"tme"	0.0419755631456866	0.042775046737708	0.0372572040094551
"GSE319536_BC10"	"CGCTTGCGTACGGCAC-1"	1	0	"tme"	0.0503495026306229	0.0515942793045429	0.0372572040094551
"GSE319536_BC10"	"CGGAGCTCACTTGCAT-1"	1	0.0358384744812114	"tme"	0.0279514290749738	0.0280051645167321	0.0372572040094551
"GSE319536_BC10"	"CGGAGTAAGTGCACAT-1"	1	0	"tme"	0.0162208009113872	0.0156507478033277	0.0372572040094551
"GSE319536_BC10"	"CGGAGTCTTACGTGAA-1"	1	0.0460459899046551	"tme"	0.0225892512900101	0.0223578472611703	0.0372572040094551
"GSE319536_BC10"	"CGGCCTGCGATCGATG-1"	1	0	"tme"	0.0185503061449982	0.0181041269396149	0.0372572040094551
"GSE319536_BC10"	"CGGCTCGTGGAGTACT-1"	1	0.00325294447560292	"tme"	0.0223819711443674	0.0221395447747243	0.0372572040094551
"GSE319536_BC10"	"CGGCTTACGTGCACGA-1"	1	0.0401850813236119	"tme"	0.0409793421391192	0.0417258506262853	0.0372572040094551
"GSE319536_BC10"	"CGGCTTATTCGCTAAT-1"	1	0.0385586090858104	"tme"	0.0531273175240988	0.0545198074406431	0.0372572040094551
"GSE319536_BC10"	"CGGTCAACGGCGGATT-1"	1	0.08771733034212	"tme"	0.0304425540658889	0.0306287577117218	0.0372572040094551
"GSE319536_BC10"	"CGGTCTGCTTGAATGA-1"	1	0.0494671901289961	"tme"	0.0151301304884519	0.0145020798280052	0.0372572040094551
"GSE319536_BC10"	"CGGTCTTGCTATTCTA-1"	1	0	"tme"	0.0343598328481163	0.0347543419330716	0.0372572040094551
"GSE319536_BC10"	"CGGTGAACGGTTAGAT-1"	1	0.0467470555243971	"tme"	0.0196152418423066	0.0192256917180781	0.0372572040094551
"GSE319536_BC10"	"CGTAACATCGTTACGG-1"	1	0.0204711160964666	"tme"	0.0183071198663933	0.0178480089736399	0.0372572040094551
"GSE319536_BC10"	"CGTAAGCCGACCGCTT-1"	1	0.0471116096466629	"tme"	0.0192105689400014	0.0187994999065246	0.0372572040094551
"GSE319536_BC10"	"CGTAGCCAAGTCCGTC-1"	1	0.0127033090297252	"tme"	0.0296334479017656	0.0297766264722378	0.0372572040094551
"GSE319536_BC10"	"CGTCCACCATTCGGTG-1"	1	0.0423443634324173	"tme"	0.0173603934959558	0.0168509394279305	0.0372572040094551
"GSE319536_BC10"	"CGTCGGCGGTAGATCA-1"	1	0.0509254066180595	"tme"	0.0391168252099953	0.0397642923911011	0.0372572040094551
"GSE319536_BC10"	"CGTGTTAACCTGAAGC-1"	1	0	"tme"	0.0224733851145672	0.022235819779398	0.0372572040094551
"GSE319536_BC10"	"CGTGTTACCATATGTA-1"	1	0	"tme"	0.0148714918362252	0.0142296877921107	0.0372572040094551
"GSE319536_BC10"	"CTAACGTGAATGATGT-1"	1	0.0329781267526641	"tme"	0.0303632020001991	0.0305451860160778	0.0372572040094551
"GSE319536_BC10"	"CTAACGTTAGGCAATG-1"	1	0.0467750981491868	"tme"	0.0242817921092939	0.0241403907272387	0.0372572040094551
"GSE319536_BC10"	"CTACGAGCCGGACGGT-1"	1	0.0492708917554683	"tme"	0.0344333004085153	0.0348317162086371	0.0372572040094551
"GSE319536_BC10"	"CTACGAGCCTGGAGAC-1"	1	0	"tme"	0.0259333100274405	0.0258797298560479	0.0372572040094551
"GSE319536_BC10"	"CTAGTCAGGCGACAGT-1"	1	0.0170499158721256	"tme"	0.0551510503719283	0.0566511544213872	0.0372572040094551
"GSE319536_BC10"	"CTAGTTATGTCCAAGG-1"	1	0.0627033090297252	"tme"	0.0499754371438461	0.0512003224901851	0.0372572040094551
"GSE319536_BC10"	"CTATAACCAGCAGTAT-1"	1	0.0826135726303982	"tme"	0.023318410725013	0.0231257805197233	0.0372572040094551
"GSE319536_BC10"	"CTATCGGCTTAACTAG-1"	1	0.073247335950645	"tme"	0.0328915067688867	0.0332079360628155	0.0372572040094551
"GSE319536_BC10"	"CTATCGTATCAGCGTG-1"	1	0.0856702187324734	"tme"	0.046446943987196	0.047484197980931	0.0372572040094551
"GSE319536_BC10"	"CTATGTCGTTCCGCTA-1"	1	0.0518788558609086	"tme"	0.0312037232570475	0.0314304028790428	0.0372572040094551
"GSE319536_BC10"	"CTATTAGTACTGGCTC-1"	1	0.106870443073472	"tme"	0.0229009614345237	0.0226861329220415	0.0372572040094551
"GSE319536_BC10"	"CTATTATGGCACCTCG-1"	1	0.0329781267526641	"tme"	0.0593273893961279	0.0610495746868573	0.0372572040094551
"GSE319536_BC10"	"CTCACCGCTCTAATCA-1"	1	0	"tme"	0.0194258326640892	0.0190262105066368	0.0372572040094551
"GSE319536_BC10"	"CTCACGATCTCCGGAG-1"	1	0	"tme"	0.0294839388646263	0.0296191671340437	0.0372572040094551
"GSE319536_BC10"	"CTCCTGTCGAAGCCAA-1"	1	0.110039259674706	"tme"	0.0367359570320136	0.0372568190315947	0.0372572040094551
"GSE319536_BC10"	"CTCGCATACTCAACTC-1"	1	0.0388951205832866	"tme"	0.0162827169127576	0.0157159562535053	0.0372572040094551
"GSE319536_BC10"	"CTCGGTCTCCAACTGC-1"	1	0.064385866517106	"tme"	0.0361785443837821	0.0366697653767059	0.0372572040094551
"GSE319536_BC10"	"CTGAAGCGGTTGCCAA-1"	1	0.0271172181716209	"tme"	0.0386780079760858	0.0393021405870256	0.0372572040094551
"GSE319536_BC10"	"CTGAAGTTGCAGACAT-1"	1	0.00642176107683679	"tme"	0.0365037143356464	0.0370122265844083	0.0372572040094551
"GSE319536_BC10"	"CTGATTAACAGCGGCC-1"	1	0.0257150869321369	"tme"	0.0107705685608278	0.00991069358758647	0.0372572040094551
"GSE319536_BC10"	"CTGCCGCTTCGGCTGC-1"	1	0.038250140213124	"tme"	0.0335052438071263	0.033854309216676	0.0372572040094551
"GSE319536_BC10"	"CTGGCGGACAACGCAC-1"	1	0.018508132361189	"tme"	0.0313440771400278	0.03157822022808	0.0372572040094551
"GSE319536_BC10"	"CTGGTGCACGATCAAG-1"	1	0.0350813236118901	"tme"	0.02539913363087	0.0253171480650589	0.0372572040094551
"GSE319536_BC10"	"CTGGTGCTACAGTATT-1"	1	0.0234997195737521	"tme"	0.016681199102483	0.0161356281547953	0.0372572040094551
"GSE319536_BC10"	"CTGTATGGCTCAACAT-1"	1	0	"tme"	0.0182666650019658	0.0178054028790428	0.0372572040094551
"GSE319536_BC10"	"CTGTCTATCCACATCT-1"	1	0.082108805384184	"tme"	0.0453471405990357	0.0463259113853057	0.0372572040094551
"GSE319536_BC10"	"CTTAGCAACTAGGACC-1"	1	0.0463264161525519	"tme"	0.0184801047956806	0.0180301925593569	0.0372572040094551
"GSE319536_BC10"	"CTTAGCACGACAGAAC-1"	1	0	"tme"	0.0376995824945683	0.038271686296504	0.0372572040094551
"GSE319536_BC10"	"CTTAGCGTAGCGTGCG-1"	1	0.0136287156477846	"tme"	0.0538597387323963	0.0552911759207328	0.0372572040094551
"GSE319536_BC10"	"CTTAGCTATCCTTGCG-1"	1	0.0708917554683118	"tme"	0.0492729665586311	0.0504604972892129	0.0372572040094551
"GSE319536_BC10"	"CTTAGCTTCGCTGACC-1"	1	0	"tme"	0.0313617572826209	0.0315968405309404	0.0372572040094551
"GSE319536_BC10"	"CTTAGTCCTCATAAGT-1"	1	0.076051598429613	"tme"	0.0450564833150797	0.0460197980931015	0.0372572040094551
"GSE319536_BC10"	"GAACCGAACGAAGACT-1"	1	0.00866517106001122	"tme"	0.0118660051667815	0.0110643811927463	0.0372572040094551
"GSE319536_BC10"	"GAACTACAAGTAGGAG-1"	1	0.0498597868760516	"tme"	0.0371088997587311	0.0376495933819406	0.0372572040094551
"GSE319536_BC10"	"GAAGCGATTGCCGAAT-1"	1	0.0351093662366798	"tme"	0.0408044533992966	0.0415416619928959	0.0372572040094551
"GSE319536_BC10"	"GAATCAATTACCGACC-1"	1	0.0395401009534492	"tme"	0.0331580180548885	0.0334886193681062	0.0372572040094551
"GSE319536_BC10"	"GACAACATCATGCCGC-1"	1	0.0655075715086932	"tme"	0.0219152224803673	0.0216479762572443	0.0372572040094551
"GSE319536_BC10"	"GACAACTTGATTGTGA-1"	1	0	"tme"	0.0308753270341829	0.0310845438399701	0.0372572040094551
"GSE319536_BC10"	"GACATCTGCGGTCTTG-1"	1	0	"tme"	0.0257604094161023	0.0256976350719761	0.0372572040094551
"GSE319536_BC10"	"GACCACGGCGTACATA-1"	1	0.0456253505328099	"tme"	0.0211524911882566	0.0208446859226023	0.0372572040094551
"GSE319536_BC10"	"GACCGACAATAGGAAT-1"	1	0.0434660684240045	"tme"	0.0200554658546302	0.0196893251074967	0.0372572040094551
"GSE319536_BC10"	"GACCTGCTGTACGAAG-1"	1	0.0353056646102075	"tme"	0.0236146285558237	0.0234377500467377	0.0372572040094551
"GSE319536_BC10"	"GACGCCTCGTCAGAGG-1"	1	0	"tme"	0.0147988940820382	0.0141532295756216	0.0372572040094551
"GSE319536_BC10"	"GACGCCTCTTGATTGT-1"	1	0.0591418956814358	"tme"	0.0600902405084821	0.0618529912133109	0.0372572040094551
"GSE319536_BC10"	"GACGGTACCTGGCCGT-1"	1	0.0459899046550757	"tme"	0.0224604090259772	0.0222221536735838	0.0372572040094551
"GSE319536_BC10"	"GAGCCAGTATTGTCAA-1"	1	0.0153112731351655	"tme"	0.0285159288687177	0.0285996821835857	0.0372572040094551
"GSE319536_BC10"	"GAGCGGCAATGGAATA-1"	1	0.0826416152551879	"tme"	0.0398989363170418	0.0405879930828192	0.0372572040094551
"GSE319536_BC10"	"GAGGACAGATCGCCTA-1"	1	0.0162647223780146	"tme"	0.0247779677375348	0.024662951018882	0.0372572040094551
"GSE319536_BC10"	"GAGGCCACTTCTAGAT-1"	1	0.11755468311834	"tme"	0.0392914388070366	0.0399481912507011	0.0372572040094551
"GSE319536_BC10"	"GAGTCCTACCTCTGCA-1"	1	0	"tme"	0.0234412664146587	0.0232551691905029	0.0372572040094551
"GSE319536_BC10"	"GATAGAGTGATAAGCT-1"	1	0.0666292765002804	"tme"	0.0257538104271374	0.025690685174799	0.0372572040094551
"GSE319536_BC10"	"GATAGCTAATGGATAG-1"	1	0	"tme"	0.0169094167262268	0.0163759814918676	0.0372572040094551
"GSE319536_BC10"	"GATTATGTGACATGAT-1"	1	0	"tme"	0.0204972164656114	0.0201545662740699	0.0372572040094551
"GSE319536_BC10"	"GATTCCTGCAGATCGT-1"	1	0.0208637128435222	"tme"	0.0171517775764876	0.0166312301364741	0.0372572040094551
"GSE319536_BC10"	"GATTCGCCATGTATCA-1"	1	0	"tme"	0.0207342963495857	0.0204042531314264	0.0372572040094551
"GSE319536_BC10"	"GCAACAGCCTGCTCTA-1"	1	0.0446719012899607	"tme"	0.0345727933608572	0.0349786268461395	0.0372572040094551
"GSE319536_BC10"	"GCAACAGCGTGGATCA-1"	1	0	"tme"	0.0118351226084718	0.0110318564217611	0.0372572040094551
"GSE319536_BC10"	"GCAAGAATGTTCCACC-1"	1	0.0306225462703309	"tme"	0.0391416635026895	0.0397904514862591	0.0372572040094551
"GSE319536_BC10"	"GCAATCCTCGAGCGTT-1"	1	0	"tme"	0.0176739275708424	0.0171811460085997	0.0372572040094551
"GSE319536_BC10"	"GCACGCAACCATACCA-1"	1	0.0280145821648906	"tme"	0.0331362285217227	0.0334656711534866	0.0372572040094551
"GSE319536_BC10"	"GCACTGCCTCGATGCG-1"	1	0	"tme"	0.0445137730545016	0.0454482286408675	0.0372572040094551
"GSE319536_BC10"	"GCAGGCAGTGATCTAC-1"	1	0.0316040381379697	"tme"	0.0257289943233772	0.0256645494484951	0.0372572040094551
"GSE319536_BC10"	"GCAGTAGATGTCCAAT-1"	1	0.0125350532809871	"tme"	0.0336824623850165	0.0340409515797345	0.0372572040094551
"GSE319536_BC10"	"GCCACGAAGGAATTCC-1"	1	0	"tme"	0.0159219736619408	0.0153360300990839	0.0372572040094551
"GSE319536_BC10"	"GCCACTCCGTCACCTC-1"	1	0.0354458777341559	"tme"	0.0462765152231029	0.0473047064871939	0.0372572040094551
"GSE319536_BC10"	"GCCGGCATTCCGCCGA-1"	1	0	"tme"	0.0198918490932681	0.0195170078519349	0.0372572040094551
"GSE319536_BC10"	"GCCTCCGTCTACCTCG-1"	1	0.0326977005047672	"tme"	0.0301949521894226	0.0303679893438026	0.0372572040094551
"GSE319536_BC10"	"GCCTTCGCTTATGTTC-1"	1	0	"tme"	0.0247459801703131	0.024629262478968	0.0372572040094551
"GSE319536_BC10"	"GCGGTCGGCGTACCTT-1"	1	0.0569826135726304	"tme"	0.0265327618299855	0.0265110581417087	0.0372572040094551
"GSE319536_BC10"	"GCGTACCGGAACGACA-1"	1	0.0299214806505889	"tme"	0.0390459581926585	0.0396896569452234	0.0372572040094551
"GSE319536_BC10"	"GCGTCCAGCAATTGGC-1"	1	0.0386427369601795	"tme"	0.0511375337452545	0.0524242148065059	0.0372572040094551
"GSE319536_BC10"	"GCTCCTATGTCTTCGC-1"	1	0.0770611329220415	"tme"	0.0287775763403917	0.0288752430360815	0.0372572040094551
"GSE319536_BC10"	"GCTCGTCTGCCGCAAT-1"	1	0.0373527762198542	"tme"	0.0296503913717507	0.0297944709291457	0.0372572040094551
"GSE319536_BC10"	"GCTGAGTGTTCAACCG-1"	1	0	"tme"	0.0233580002210154	0.0231674752290148	0.0372572040094551
"GSE319536_BC10"	"GCTTAATAGAGGCGAG-1"	1	0.0794167134043746	"tme"	0.0303782327840754	0.0305610160777716	0.0372572040094551
"GSE319536_BC10"	"GCTTACATGTTGCGCT-1"	1	0	"tme"	0.0259944494161217	0.0259441203963358	0.0372572040094551
"GSE319536_BC10"	"GCTTCTCAGACCGCCT-1"	1	0.00204711160964666	"tme"	0.0138275513082462	0.0131302346232941	0.0372572040094551
"GSE319536_BC10"	"GCTTGGTCAACCGTGG-1"	1	0.021845204711161	"tme"	0.0304857647959164	0.0306742662179847	0.0372572040094551
"GSE319536_BC10"	"GGAACGATAACATTAT-1"	1	0.0425126191811554	"tme"	0.0312395761365681	0.0314681622733221	0.0372572040094551
"GSE319536_BC10"	"GGACGTTAGATATTAC-1"	1	0.0747055524397084	"tme"	0.0285971492426484	0.0286852215367358	0.0372572040094551
"GSE319536_BC10"	"GGATAAGTCAGGATAG-1"	1	0.0332585530005609	"tme"	0.0277006896832431	0.0277410917928585	0.0372572040094551
"GSE319536_BC10"	"GGATAATTATGCTGGT-1"	1	0	"tme"	0.022845693237773	0.0226279257805197	0.0372572040094551
"GSE319536_BC10"	"GGATGTAACTAATCCG-1"	1	0.0627033090297252	"tme"	0.0353771777198301	0.0358257851934941	0.0372572040094551
"GSE319536_BC10"	"GGCGATCGGTCTGCTC-1"	1	0.0414469994391475	"tme"	0.0334337554996381	0.0337790194428865	0.0372572040094551
"GSE319536_BC10"	"GGCGCCAAGGAGCGCT-1"	1	0.0514582164890634	"tme"	0.0478535404521007	0.0489655916993831	0.0372572040094551
"GSE319536_BC10"	"GGCGGATATTGATTGA-1"	1	0.0463264161525519	"tme"	0.0323956684124422	0.0326857309777529	0.0372572040094551
"GSE319536_BC10"	"GGCTGTTCAATGTCAA-1"	1	0	"tme"	0.0291970758883805	0.0293170499158721	0.0372572040094551
"GSE319536_BC10"	"GGTACCACCTATACCT-1"	1	0	"tme"	0.0237701641074312	0.0236015563656758	0.0372572040094551
"GSE319536_BC10"	"GGTACGTGCTCGGCAA-1"	1	0.0589736399326977	"tme"	0.0537336301450295	0.0551583613759581	0.0372572040094551
"GSE319536_BC10"	"GGTAGGTTGTTACGGC-1"	1	0.0466348850252384	"tme"	0.029313882874624	0.0294400682370537	0.0372572040094551
"GSE319536_BC10"	"GGTAGTACAGGTTAGA-1"	1	0	"tme"	0.0178856898811485	0.0174041690035521	0.0372572040094551
"GSE319536_BC10"	"GGTATGGTTGTCCTCG-1"	1	0	"tme"	0.0245246366783155	0.0243961488128622	0.0372572040094551
"GSE319536_BC10"	"GGTCTGGTATGTGGCC-1"	1	0.0358384744812114	"tme"	0.0281447346299976	0.0282087492989344	0.0372572040094551
"GSE319536_BC10"	"GGTCTTCCGGCTGGAC-1"	1	0.0600673022994952	"tme"	0.0615474809962967	0.0633877220041129	0.0372572040094551
"GSE319536_BC10"	"GGTTACGGACGATTAA-1"	1	0.0597307908020191	"tme"	0.0301837734044848	0.0303562161151617	0.0372572040094551
"GSE319536_BC10"	"GGTTAGCTTCATGAGT-1"	1	0.0619181155356141	"tme"	0.0259007544235089	0.0258454430734717	0.0372572040094551
"GSE319536_BC10"	"GGTTCTCCTATCAGTT-1"	1	0.0696578799775659	"tme"	0.0383425911745108	0.03894888764255	0.0372572040094551
"GSE319536_BC10"	"GGTTGCTACCGGAACA-1"	1	0.0333146382501402	"tme"	0.0162069727677325	0.0156361843335203	0.0372572040094551
"GSE319536_BC10"	"GTAATCAGGCGGACGG-1"	1	0.0222097588334268	"tme"	0.0483426821882708	0.0494807440643111	0.0372572040094551
"GSE319536_BC10"	"GTACGAATTACATAAT-1"	1	0	"tme"	0.0318452763429212	0.032106071228267	0.0372572040094551
"GSE319536_BC10"	"GTACGAGGTAGTGCAC-1"	1	0.0426808749298934	"tme"	0.0473588470446495	0.0484445924471864	0.0372572040094551
"GSE319536_BC10"	"GTACGCCTCGCTTCCA-1"	1	0.00552439708356702	"tme"	0.0217861139491267	0.02151200224341	0.0372572040094551
"GSE319536_BC10"	"GTACGCTCGCCAACAT-1"	1	0	"tme"	0.0281221019173407	0.0281849130678632	0.0372572040094551
"GSE319536_BC10"	"GTACGCTTGATACCAC-1"	1	0	"tme"	0.0352596873144201	0.0357020471116097	0.0372572040094551
"GSE319536_BC10"	"GTACTGCATAAGGTTA-1"	1	0.0332305103757712	"tme"	0.0343906665907712	0.034786815292578	0.0372572040094551
"GSE319536_BC10"	"GTAGCACGAGCTCAAG-1"	1	0	"tme"	0.0191433897234916	0.0187287483641802	0.0372572040094551
"GSE319536_BC10"	"GTAGCAGAACATGGTG-1"	1	0.0301177790241167	"tme"	0.0315405823393311	0.0317851747990279	0.0372572040094551
"GSE319536_BC10"	"GTAGCCTAAGGTTAGT-1"	1	0	"tme"	0.0143544009188173	0.0136851000186951	0.0372572040094551
"GSE319536_BC10"	"GTAGCGTGGCACGCAG-1"	1	0	"tme"	0.0211585842695268	0.0208511030099084	0.0372572040094551
"GSE319536_BC10"	"GTAGGAGCAACAGGCA-1"	1	0	"tme"	0.0267384665613158	0.0267277014395214	0.0372572040094551
"GSE319536_BC10"	"GTATTAGGTTATCTGC-1"	1	0	"tme"	0.0214132599781451	0.0211193213684801	0.0372572040094551
"GSE319536_BC10"	"GTATTCTAAGTGCTGT-1"	1	0.0367358384744812	"tme"	0.0215772583891716	0.0212920405683305	0.0372572040094551
"GSE319536_BC10"	"GTCACTTACGTGTATG-1"	1	0.0325294447560292	"tme"	0.0349946404980608	0.0354229061506824	0.0372572040094551
"GSE319536_BC10"	"GTCAGCCAACATCACG-1"	1	0	"tme"	0.028424426142782	0.028503313703496	0.0372572040094551
"GSE319536_BC10"	"GTCCGAATGCGGACAG-1"	1	0.0505888951205833	"tme"	0.0124646936699976	0.0116949055898299	0.0372572040094551
"GSE319536_BC10"	"GTCCTGCTTACGGCTG-1"	1	0	"tme"	0.023979179427711	0.023821686296504	0.0372572040094551
"GSE319536_BC10"	"GTCGCAGATTACTGCA-1"	1	0.0749298934380258	"tme"	0.0276771250353592	0.0277162740699196	0.0372572040094551
"GSE319536_BC10"	"GTCGTGCTAATGCCTT-1"	1	0	"tme"	0.02302877413202	0.0228207421948028	0.0372572040094551
"GSE319536_BC10"	"GTCTATTAGTGAGGCC-1"	1	0.0251822770611329	"tme"	0.0549700064218205	0.0564604832679005	0.0372572040094551
"GSE319536_BC10"	"GTGAACGGTTCTAACG-1"	1	0	"tme"	0.0343638357318058	0.0347585576743316	0.0372572040094551
"GSE319536_BC10"	"GTGACAATAGGTATGT-1"	1	0.0508693213684801	"tme"	0.0289409002078253	0.0290472518227706	0.0372572040094551
"GSE319536_BC10"	"GTGCACCAATCATAAC-1"	1	0.00145821648906338	"tme"	0.0243892309276122	0.0242535427182651	0.0372572040094551
"GSE319536_BC10"	"GTGCAGCCGGTCTGCA-1"	1	0	"tme"	0.0241435239861075	0.0239947700504767	0.0372572040094551
"GSE319536_BC10"	"GTGCAGTTGTGGCGCT-1"	1	0.0313516545148626	"tme"	0.0179409802668332	0.0174623995139278	0.0372572040094551
"GSE319536_BC10"	"GTGGCTGAATGCGAGT-1"	1	0.0295288839035334	"tme"	0.0265047771464533	0.0264815853430548	0.0372572040094551
"GSE319536_BC10"	"GTGGTACTTGGTTGGA-1"	1	0.0909983174425126	"tme"	0.0470391976995588	0.0481079454103571	0.0372572040094551
"GSE319536_BC10"	"GTTACAGGTACATGGC-1"	1	0.104739203589456	"tme"	0.0369181281799676	0.0374486773228641	0.0372572040094551
"GSE319536_BC10"	"GTTCCGATGAACCGGC-1"	1	0.0340998317442513	"tme"	0.0257014800452452	0.0256355720695457	0.0372572040094551
"GSE319536_BC10"	"GTTGAATGTTGCTGCC-1"	1	0.0743690409422322	"tme"	0.0389647955099562	0.0396041783510937	0.0372572040094551
"GSE319536_BC10"	"GTTGGCGTGAGCGACC-1"	1	0.0142736960179473	"tme"	0.057485965267643	0.0591102308842774	0.0372572040094551
"GSE319536_BC10"	"TAACGCTTCGGCACTT-1"	1	0.0358384744812114	"tme"	0.0206002618750022	0.020263091232006	0.0372572040094551
"GSE319536_BC10"	"TAACGTGATTCACTAG-1"	1	0.0181996634885025	"tme"	0.0312443156928657	0.0314731538605347	0.0372572040094551
"GSE319536_BC10"	"TAAGGATTGGAAGTGG-1"	1	0	"tme"	0.0230542958438808	0.0228476210506637	0.0372572040094551
"GSE319536_BC10"	"TAATGACGAAGCGGCT-1"	1	0	"tme"	0.0197669520216964	0.0193854692465882	0.0372572040094551
"GSE319536_BC10"	"TAATGATCTACTAACC-1"	1	0	"tme"	0.0165929803387759	0.0160427182650963	0.0372572040094551
"GSE319536_BC10"	"TAATTGACGTCGTTCC-1"	1	0.041138530566461	"tme"	0.0214806699595682	0.021190315946906	0.0372572040094551
"GSE319536_BC10"	"TACAAGCAGATCGTTG-1"	1	0.0475322490185081	"tme"	0.0325204057236893	0.0328171013273509	0.0372572040094551
"GSE319536_BC10"	"TACACCAGTGCCGACA-1"	1	0.0293045429052159	"tme"	0.0187477565928889	0.0183120770237427	0.0372572040094551
"GSE319536_BC10"	"TACACTGCGTCCGGAC-1"	1	0	"tme"	0.0380908177784567	0.0386837259300804	0.0372572040094551
"GSE319536_BC10"	"TACACTTCGCACCGAT-1"	1	0.038250140213124	"tme"	0.0222453316889349	0.0219956393718452	0.0372572040094551
"GSE319536_BC10"	"TACAGTACTTAGTGTA-1"	1	0.0414469994391475	"tme"	0.0124914979022423	0.0117231351654515	0.0372572040094551
"GSE319536_BC10"	"TACAGTCTCGGCACGG-1"	1	0.0976724621424565	"tme"	0.0287804919663163	0.028878313703496	0.0372572040094551
"GSE319536_BC10"	"TACATCGGACAACTGG-1"	1	0.0378855860908581	"tme"	0.0337352010432938	0.0340964946719013	0.0372572040094551
"GSE319536_BC10"	"TACATCTAACATGTCC-1"	1	0.0714526079641054	"tme"	0.0324373880461064	0.0327296690970275	0.0372572040094551
"GSE319536_BC10"	"TACGGAATTGAACCAA-1"	1	0.0484576556365676	"tme"	0.0530999363795707	0.0544909702748177	0.0372572040094551
"GSE319536_BC10"	"TACGGAGGAAGCACCT-1"	1	0.0642176107683679	"tme"	0.0345581042865642	0.0349631566647972	0.0372572040094551
"GSE319536_BC10"	"TACTCCGCCAATACAA-1"	1	0	"tme"	0.0150773785168142	0.0144465227145261	0.0372572040094551
"GSE319536_BC10"	"TAGACCATCGATTGAG-1"	1	0.128379136287156	"tme"	0.0335265584971049	0.0338767573378202	0.0372572040094551
"GSE319536_BC10"	"TAGCAGTCGTCATGAA-1"	1	0.0557206954570948	"tme"	0.0326825047619673	0.0329878201532997	0.0372572040094551
"GSE319536_BC10"	"TAGCAGTGATTCTGTC-1"	1	0.0680874929893438	"tme"	0.0306187519528162	0.0308143251074967	0.0372572040094551
"GSE319536_BC10"	"TAGCTATGTTGAGCAC-1"	1	0.0559169938306226	"tme"	0.0476093246069593	0.0487083894185829	0.0372572040094551
"GSE319536_BC10"	"TAGTATTGCCGAGTTG-1"	1	0.047279865395401	"tme"	0.0424689296548859	0.043294648532436	0.0372572040094551
"GSE319536_BC10"	"TAGTGAACATGCAGAT-1"	1	0.0424004486819966	"tme"	0.0482235897418276	0.0493553187511684	0.0372572040094551
"GSE319536_BC10"	"TAGTGCTGTAGCGTTG-1"	1	0	"tme"	0.0187577904288334	0.0183226444195177	0.0372572040094551
"GSE319536_BC10"	"TAGTTACATAGAAGAT-1"	1	0.0770611329220415	"tme"	0.0334951966578213	0.0338437277995887	0.0372572040094551
"GSE319536_BC10"	"TAGTTCAATCGACCTC-1"	1	0.0416432978126753	"tme"	0.0397925536919808	0.0404759534492429	0.0372572040094551
"GSE319536_BC10"	"TATGACCGATGAAGTG-1"	1	0	"tme"	0.0260055616342575	0.0259558235184147	0.0372572040094551
"GSE319536_BC10"	"TATGGCCTCACGTACA-1"	1	0.0401009534492428	"tme"	0.0268659242358684	0.0268619368106188	0.0372572040094551
"GSE319536_BC10"	"TATTCGTGCGTTCTGG-1"	1	0	"tme"	0.0321196336359773	0.032395017760329	0.0372572040094551
"GSE319536_BC10"	"TCAAGGAACCTATTGC-1"	1	0.0966348850252384	"tme"	0.0564637388304542	0.0580336464759768	0.0372572040094551
"GSE319536_BC10"	"TCACATAAGCGTTGCC-1"	1	0	"tme"	0.0170369143408605	0.0165102589269022	0.0372572040094551
"GSE319536_BC10"	"TCACATAGACCTCCGT-1"	1	0.0346887268648345	"tme"	0.0481056422443777	0.0492310992708918	0.0372572040094551
"GSE319536_BC10"	"TCAGAATCTAATAGTC-1"	1	0	"tme"	0.0178862490422847	0.0174047578986727	0.0372572040094551
"GSE319536_BC10"	"TCAGATTACCAGGTTA-1"	1	0	"tme"	0.0218601096061543	0.0215899326977005	0.0372572040094551
"GSE319536_BC10"	"TCATCCACGTGGTCAC-1"	1	0	"tme"	0.0253489999534416	0.0252643484763507	0.0372572040094551
"GSE319536_BC10"	"TCATCTATCCACGATT-1"	1	0.0454010095344924	"tme"	0.0169766003805233	0.0164467377079828	0.0372572040094551
"GSE319536_BC10"	"TCATCTCCAGCCGGTG-1"	1	0	"tme"	0.0438664774725146	0.0447665124322303	0.0372572040094551
"GSE319536_BC10"	"TCATGAGGCTTGACGC-1"	1	0.0487380818844644	"tme"	0.0331010413102215	0.0334286128248271	0.0372572040094551
"GSE319536_BC10"	"TCATGAGGTTGATATG-1"	1	0.0122546270330903	"tme"	0.0432262867871872	0.0440922789306412	0.0372572040094551
"GSE319536_BC10"	"TCATTGGCGACCGACG-1"	1	0	"tme"	0.0320338600927946	0.0323046831183399	0.0372572040094551
"GSE319536_BC10"	"TCCAATACTATCTGTT-1"	1	0.0722378014582165	"tme"	0.0560967782403369	0.057647172368667	0.0372572040094551
"GSE319536_BC10"	"TCCAATCCAGATACAT-1"	1	0.0374088614694335	"tme"	0.035918547768796	0.0363959431669471	0.0372572040094551
"GSE319536_BC10"	"TCCAGTGATGCGTATC-1"	1	0.0276500280426248	"tme"	0.0310044799432914	0.0312205645915124	0.0372572040094551
"GSE319536_BC10"	"TCCAGTGATTGGTGCT-1"	1	0.0757992148065059	"tme"	0.0320055869531206	0.032274906524584	0.0372572040094551
"GSE319536_BC10"	"TCCATGCGTCGGTTAC-1"	1	0.00611329220415031	"tme"	0.0176945410905073	0.0172028556739578	0.0372572040094551
"GSE319536_BC10"	"TCCGTCGGTACAAGTT-1"	1	0	"tme"	0.0168038195894286	0.0162647691157226	0.0372572040094551
"GSE319536_BC10"	"TCCTACCGGTTCCTAG-1"	1	0	"tme"	0.0226867583414801	0.0224605393531501	0.0372572040094551
"GSE319536_BC10"	"TCCTAGGTATCTGATG-1"	1	0.0190128996074033	"tme"	0.0439770049904426	0.0448829173677323	0.0372572040094551
"GSE319536_BC10"	"TCCTATTGACTGTTGA-1"	1	0	"tme"	0.0263682530734775	0.0263378014582165	0.0372572040094551
"GSE319536_BC10"	"TCCTCAGTCGGATGCG-1"	1	0.0927089175546831	"tme"	0.0397001589708992	0.0403786455412227	0.0372572040094551
"GSE319536_BC10"	"TCCTTGAACAGGACCA-1"	1	0.0134604598990465	"tme"	0.0406486870827757	0.0413776126378762	0.0372572040094551
"GSE319536_BC10"	"TCCTTGGCTCAAGAGT-1"	1	0.0911104879416713	"tme"	0.0420830108395784	0.042888208076276	0.0372572040094551
"GSE319536_BC10"	"TCGAATTGTACACTAT-1"	1	0.0363712843522154	"tme"	0.0419478447293621	0.0427458543653019	0.0372572040094551
"GSE319536_BC10"	"TCGCACTTGGTCCGTC-1"	1	0	"tme"	0.0230721934380269	0.0228664703682931	0.0372572040094551
"GSE319536_BC10"	"TCGCCTGCGTGCGTGG-1"	1	0.0453168816601234	"tme"	0.0341439345205168	0.0345269629837353	0.0372572040094551
"GSE319536_BC10"	"TCGTATCGGTCTCCTT-1"	1	0.0393998878295008	"tme"	0.0196503713625795	0.0192626892877173	0.0372572040094551
"GSE319536_BC10"	"TCGTATGTCGTGCCTA-1"	1	0.03421200224341	"tme"	0.0217652874156956	0.0214900682370537	0.0372572040094551
"GSE319536_BC10"	"TCGTCAGAACAGCCAG-1"	1	0.0293325855300056	"tme"	0.019606814485182	0.0192168162273322	0.0372572040094551
"GSE319536_BC10"	"TCGTTAGCCAGGCCAG-1"	1	0.0337633202467751	"tme"	0.0217085148092211	0.0214302766872313	0.0372572040094551
"GSE319536_BC10"	"TCTAGAACTTCTTGCA-1"	1	0	"tme"	0.0232307866247365	0.0230334969153113	0.0372572040094551
"GSE319536_BC10"	"TCTATCCGTGTTGCCA-1"	1	0	"tme"	0.0164154555535968	0.0158557534118527	0.0372572040094551
"GSE319536_BC10"	"TCTGCCTGGATGTCAG-1"	1	0.0690128996074033	"tme"	0.0369707070779203	0.0375040521592821	0.0372572040094551
"GSE319536_BC10"	"TCTGGTCCTCCACTGT-1"	1	0.0252103196859226	"tme"	0.0634385905857437	0.0653793933445504	0.0372572040094551
"GSE319536_BC10"	"TCTTAGTCGCGGCAGA-1"	1	0.0939708356702187	"tme"	0.0277702919313432	0.0278143952140587	0.0372572040094551
"GSE319536_BC10"	"TCTTAGTCTGCCATCA-1"	1	0.0804262478968031	"tme"	0.0343804508055681	0.0347760562722004	0.0372572040094551
"GSE319536_BC10"	"TCTTGCAGACTGCGAG-1"	1	0	"tme"	0.0405997382944217	0.0413260609459712	0.0372572040094551
"GSE319536_BC10"	"TGAAGATACAATCTGC-1"	1	0	"tme"	0.0190883034759995	0.0186707328472612	0.0372572040094551
"GSE319536_BC10"	"TGAATGCGGTTATGGA-1"	1	0.0275939427930454	"tme"	0.0465720008190923	0.0476159048420265	0.0372572040094551
"GSE319536_BC10"	"TGACCATGTACACTCA-1"	1	0.0332865956253505	"tme"	0.0278924375751017	0.0279430360815106	0.0372572040094551
"GSE319536_BC10"	"TGACGCTTACTAGACA-1"	1	0.0289960740325294	"tme"	0.0507326877692643	0.0519978407178912	0.0372572040094551
"GSE319536_BC10"	"TGACTCGGCCGACCGA-1"	1	0	"tme"	0.0204363610952852	0.0200904748551131	0.0372572040094551
"GSE319536_BC10"	"TGAGCCGCGTGATCAT-1"	1	0	"tme"	0.0170755008970471	0.0165508973639933	0.0372572040094551
"GSE319536_BC10"	"TGAGGAATCCATAGAA-1"	1	0.00950644980370163	"tme"	0.0137148581503621	0.0130115488876426	0.0372572040094551
"GSE319536_BC10"	"TGAGGACCACTGTTAC-1"	1	0.032893998878295	"tme"	0.016454397132727	0.0158967657506076	0.0372572040094551
"GSE319536_BC10"	"TGAGTCGCCTCCGTCG-1"	1	0.0378575434660684	"tme"	0.0227481462462218	0.0225251916246027	0.0372572040094551
"GSE319536_BC10"	"TGAGTGCAGAGGACCA-1"	1	0.0412787436904094	"tme"	0.0316893813305832	0.0319418863338942	0.0372572040094551
"GSE319536_BC10"	"TGATCCGCACTCCTTA-1"	1	0.0417835109366237	"tme"	0.0297355791270765	0.0298841886333894	0.0372572040094551
"GSE319536_BC10"	"TGATTCAAGATCGAGC-1"	1	0	"tme"	0.0345682313160315	0.0349738222097588	0.0372572040094551
"GSE319536_BC10"	"TGCACGCTCCTATCCG-1"	1	0.056926528323051	"tme"	0.064211289146997	0.0661931809684053	0.0372572040094551
"GSE319536_BC10"	"TGCAGACGAACCAGAT-1"	1	0	"tme"	0.028944920842662	0.0290514862591139	0.0372572040094551
"GSE319536_BC10"	"TGCAGTACAACGAGTG-1"	1	0.0453449242849131	"tme"	0.0209021600729111	0.0205810431856422	0.0372572040094551
"GSE319536_BC10"	"TGCATTCGCCAGCGAT-1"	1	0.0195737521031969	"tme"	0.0505252389877234	0.0517793606281548	0.0372572040094551
"GSE319536_BC10"	"TGCATTCTTACGGAGG-1"	1	0	"tme"	0.0345431977607182	0.0349474574686857	0.0372572040094551
"GSE319536_BC10"	"TGCCACAATGCTACCG-1"	1	0.0769209197980931	"tme"	0.0521559348102256	0.0534967704243784	0.0372572040094551
"GSE319536_BC10"	"TGCCGGAACTTAGGCA-1"	1	0	"tme"	0.022792253409182	0.0225716442325668	0.0372572040094551
"GSE319536_BC10"	"TGCGACTACGTGCGAG-1"	1	0	"tme"	0.0344130951652355	0.0348104365301926	0.0372572040094551
"GSE319536_BC10"	"TGCGATGCAGGTGCGA-1"	1	0	"tme"	0.020776273374884	0.0204484623294074	0.0372572040094551
"GSE319536_BC10"	"TGCGCCAGTAATGATC-1"	1	0.0822770611329221	"tme"	0.0355500383910872	0.0360078379136287	0.0372572040094551
"GSE319536_BC10"	"TGCGGATCGGATCTTA-1"	1	0	"tme"	0.0290468301786331	0.0291588147317256	0.0372572040094551
"GSE319536_BC10"	"TGCGTATCTTGTACCG-1"	1	0.0190128996074033	"tme"	0.0346527400899775	0.0350628248270705	0.0372572040094551
"GSE319536_BC10"	"TGCGTCTGGATCGGAT-1"	1	0.0419798093101514	"tme"	0.0507170889486783	0.0519814124135353	0.0372572040094551
"GSE319536_BC10"	"TGCTATTGCGGCGTGG-1"	1	0.0535894559730791	"tme"	0.0477471844537605	0.0488535801084315	0.0372572040094551
"GSE319536_BC10"	"TGCTCCTAACGGAAGA-1"	1	0.0250981491867639	"tme"	0.0158312874887754	0.0152405215928211	0.0372572040094551
"GSE319536_BC10"	"TGCTGTGAAGTCAAGA-1"	1	0.040437464946719	"tme"	0.0280236407417097	0.0280812161151617	0.0372572040094551
"GSE319536_BC10"	"TGGAAGACGTGAGTAG-1"	1	0.0646102075154234	"tme"	0.034116069657228	0.0344976163768929	0.0372572040094551
"GSE319536_BC10"	"TGGAAGCTCCATCGAC-1"	1	0.0383062254627033	"tme"	0.0403157643173796	0.0410269863525893	0.0372572040094551
"GSE319536_BC10"	"TGGACTGACGTACCAC-1"	1	0.0861189007291083	"tme"	0.0293603198756518	0.0294889745746869	0.0372572040094551
"GSE319536_BC10"	"TGGAGTGAACGCGGTC-1"	1	0.0183118339876612	"tme"	0.0579259230127589	0.0595735838474481	0.0372572040094551
"GSE319536_BC10"	"TGGCAAGCGACACTTA-1"	1	0	"tme"	0.0314388771415526	0.0316780613198729	0.0372572040094551
"GSE319536_BC10"	"TGGCATCGATCAATTG-1"	1	0	"tme"	0.0295194899746448	0.0296566087119088	0.0372572040094551
"GSE319536_BC10"	"TGGCATGTTCGAACAG-1"	1	0.0132922041503085	"tme"	0.0513283585774596	0.0526251869508319	0.0372572040094551
"GSE319536_BC10"	"TGGCCAAGCTGGCACC-1"	1	0.00395401009534492	"tme"	0.0177689139594126	0.0172811833987661	0.0372572040094551
"GSE319536_BC10"	"TGGCGAGCCACTAGCG-1"	1	0.00967470555243971	"tme"	0.0202698464591456	0.01991510562722	0.0372572040094551
"GSE319536_BC10"	"TGGTGCATTGTAATCC-1"	1	0.067021873247336	"tme"	0.0193574818718654	0.0189542250888016	0.0372572040094551
"GSE319536_BC10"	"TGGTGCCGCTGCAACA-1"	1	0.0848850252383623	"tme"	0.0335563493598629	0.033908132361189	0.0372572040094551
"GSE319536_BC10"	"TGTAGGTCTGAACGCA-1"	1	0.0418956814357824	"tme"	0.018133677845066	0.0176653439895307	0.0372572040094551
"GSE319536_BC10"	"TGTATCGGCGGTCGCA-1"	1	0.0433819405496354	"tme"	0.0358381616987829	0.0363112824827071	0.0372572040094551
"GSE319536_BC10"	"TGTTCACTGTCTTCCT-1"	1	0.0303421200224341	"tme"	0.0487578415807736	0.049917979996261	0.0372572040094551
"GSE319536_BC10"	"AACAGGATTCATAGTT-1"	2	0.0993550196298374	"baseline"	0.042256685158158	0.0477309871003926	0.0340915108734109
"GSE319536_BC10"	"AACAGGTTCACCGAAG-1"	2	0	"baseline"	0.0350694656296491	0.0359746401196486	0.0340915108734109
"GSE319536_BC10"	"AACGGCACAGAATATT-1"	2	0.0374088614694335	"baseline"	0.0463617431498607	0.0544457515423444	0.0340915108734109
"GSE319536_BC10"	"AACTAGCATCACGTAC-1"	2	0.00953449242849131	"baseline"	0.0276906669562261	0.0239049214806506	0.0340915108734109
"GSE319536_BC10"	"AACTCAACTTGACAGC-1"	2	0.0508693213684801	"baseline"	0.0316264184608412	0.0303427463077211	0.0340915108734109
"GSE319536_BC10"	"AACTGCGGTCCGAAGC-1"	2	0.0429332585530006	"baseline"	0.0427834942333901	0.0485927042437839	0.0340915108734109
"GSE319536_BC10"	"AACTTGCAACTTGGAC-1"	2	0.0634324172742569	"baseline"	0.0304142572744804	0.0283599785006543	0.0340915108734109
"GSE319536_BC10"	"AAGACTAAGGAGATCC-1"	2	0.0777621985417835	"baseline"	0.0288457392774976	0.0257943073471677	0.0340915108734109
"GSE319536_BC10"	"AAGAGCAGATGTGCCA-1"	2	0.0598429613011778	"baseline"	0.0429504348756181	0.0488657739764442	0.0340915108734109
"GSE319536_BC10"	"AAGATTAGGCTGTCTA-1"	2	0	"baseline"	0.0330833102970408	0.0327258272574313	0.0340915108734109
"GSE319536_BC10"	"AAGCAGTGAGTGCGAC-1"	2	0.0308188446438587	"baseline"	0.0201604999286001	0.011587605159843	0.0340915108734109
"GSE319536_BC10"	"AAGCATCAAGCGTGAT-1"	2	0.0224340998317443	"baseline"	0.0208977520470104	0.0127935501962984	0.0340915108734109
"GSE319536_BC10"	"AAGCATTGAGTGGTTG-1"	2	0.0517386427369602	"baseline"	0.0464866186133176	0.0546500140213124	0.0340915108734109
"GSE319536_BC10"	"AAGCCATCCGTGCTAT-1"	2	0.0473920358945597	"baseline"	0.0217756004965315	0.014229472798654	0.0340915108734109
"GSE319536_BC10"	"AAGCCATTATCTGCCA-1"	2	0.0611890072910825	"baseline"	0.0276493989643099	0.023837418209011	0.0340915108734109
"GSE319536_BC10"	"AAGGACCAACATGGCT-1"	2	0.0402411665731913	"baseline"	0.0283504547992892	0.0249841559169938	0.0340915108734109
"GSE319536_BC10"	"AAGGTTGCTGAGTTGA-1"	2	0.0830902972518228	"baseline"	0.0507005826156752	0.0615429192372406	0.0340915108734109
"GSE319536_BC10"	"AAGTCGCTATCCTGTC-1"	2	0.079472798653954	"baseline"	0.0385720246544171	0.0417038792297626	0.0340915108734109
"GSE319536_BC10"	"AAGTCGGACACTTCAG-1"	2	0.045877734155917	"baseline"	0.0449536368633377	0.052142470555244	0.0340915108734109
"GSE319536_BC10"	"AAGTCTGTCAATTCTT-1"	2	0.069910263600673	"baseline"	0.0540196829437065	0.0669720695457095	0.0340915108734109
"GSE319536_BC10"	"AAGTTACTATTACATC-1"	2	0.0510656197420079	"baseline"	0.0365903467117785	0.0384623901663863	0.0340915108734109
"GSE319536_BC10"	"AATAACATGTGCTATG-1"	2	0.0156197420078519	"baseline"	0.0308764113527532	0.0291159375584221	0.0340915108734109
"GSE319536_BC10"	"AATACTAACCACTTAT-1"	2	0	"baseline"	0.0285946168463173	0.0253835389792485	0.0340915108734109
"GSE319536_BC10"	"AATAGATAGCCTAACC-1"	2	0.0617218171620864	"baseline"	0.0501434861545598	0.0606316601233875	0.0340915108734109
"GSE319536_BC10"	"AATCGAACGGACGGAG-1"	2	0	"baseline"	0.0290790464397172	0.0261759347541597	0.0340915108734109
"GSE319536_BC10"	"AATGTAGTCTTACGAG-1"	2	0.0608524957936063	"baseline"	0.019567301474972	0.0106172929519536	0.0340915108734109
"GSE319536_BC10"	"AATTAGCAACCGTTCC-1"	2	0.0365114974761638	"baseline"	0.0440477068639619	0.0506606141334829	0.0340915108734109
"GSE319536_BC10"	"AATTGCGGTGCTAATA-1"	2	0.0743129556926528	"baseline"	0.0466799864283791	0.054966311460086	0.0340915108734109
"GSE319536_BC10"	"AATTGGACGGCATCGT-1"	2	0.0680874929893438	"baseline"	0.047770412324593	0.056749953262292	0.0340915108734109
"GSE319536_BC10"	"AATTGGAGACATGGAG-1"	2	0.0469713965227145	"baseline"	0.0395199969741596	0.0432545055150495	0.0340915108734109
"GSE319536_BC10"	"ACAATACACTTCCATC-1"	2	0.0851093662366798	"baseline"	0.0395269716448144	0.0432659141895681	0.0340915108734109
"GSE319536_BC10"	"ACATCGGCTTACAAGG-1"	2	0	"baseline"	0.0190266516358514	0.00973293606281548	0.0340915108734109
"GSE319536_BC10"	"ACATTGAAGGCGGTGC-1"	2	0.0279024116657319	"baseline"	0.0510374697803151	0.062093975509441	0.0340915108734109
"GSE319536_BC10"	"ACCGGACGCCAAGCGT-1"	2	0.0639091418956814	"baseline"	0.0578240557688014	0.0731949943914751	0.0340915108734109
"GSE319536_BC10"	"ACCTAATTGTCGCTGA-1"	2	0.0868480089736399	"baseline"	0.0382203252436999	0.0411285941297439	0.0340915108734109
"GSE319536_BC10"	"ACCTCCTAGAGGCATG-1"	2	0.0442512619181155	"baseline"	0.0467882324026057	0.055143372593008	0.0340915108734109
"GSE319536_BC10"	"ACGACAAGCACTTCAC-1"	2	0	"baseline"	0.0425725254469096	0.0482476163768929	0.0340915108734109
"GSE319536_BC10"	"ACGCAAGGCATAAGTC-1"	2	0.0541783510936624	"baseline"	0.0501513751613922	0.0606445644045616	0.0340915108734109
"GSE319536_BC10"	"ACGCGGAAGAGTTCCG-1"	2	0.00257992148065059	"baseline"	0.0295901403618966	0.0270119461581604	0.0340915108734109
"GSE319536_BC10"	"ACGCTCAGTGCTATTC-1"	2	0.057543466068424	"baseline"	0.0321369694959152	0.0311778696952702	0.0340915108734109
"GSE319536_BC10"	"ACGGCTTCAGGTACCG-1"	2	0.0774256870443074	"baseline"	0.0445442685555184	0.0514728547392036	0.0340915108734109
"GSE319536_BC10"	"ACGGTGTACGGTGCCA-1"	2	0.0247896803140774	"baseline"	0.0421986276681804	0.0476360207515423	0.0340915108734109
"GSE319536_BC10"	"ACGGTTCACCTTCCGG-1"	2	0.0556926528323051	"baseline"	0.0383427177129745	0.0413287951018882	0.0340915108734109
"GSE319536_BC10"	"ACGTTCGTCCGCCTAT-1"	2	0.0147504206393718	"baseline"	0.0240569978381902	0.0179612217236867	0.0340915108734109
"GSE319536_BC10"	"ACTAATAGTCAACATA-1"	2	0	"baseline"	0.0445230445269956	0.051438137969714	0.0340915108734109
"GSE319536_BC10"	"ACTGACGGCGAATAGT-1"	2	0.0268648345485137	"baseline"	0.0275354241024704	0.0236509861656384	0.0340915108734109
"GSE319536_BC10"	"ACTGACTGTCATCTAC-1"	2	0.0361749859786876	"baseline"	0.0237556040610448	0.0174682230323425	0.0340915108734109
"GSE319536_BC10"	"ACTGGTTCTGAACGAT-1"	2	0.0132080762759394	"baseline"	0.0402005602495582	0.0443677229388671	0.0340915108734109
"GSE319536_BC10"	"ACTGTACAATTCTACT-1"	2	0.0862030286034773	"baseline"	0.0511963299765735	0.0623538278182838	0.0340915108734109
"GSE319536_BC10"	"ACTGTAGCAGCTTCTG-1"	2	0.04649467190129	"baseline"	0.0617387175380199	0.0795983221162834	0.0340915108734109
"GSE319536_BC10"	"AGAAGGCGTAGAATAG-1"	2	0.0408861469433539	"baseline"	0.0309741738912435	0.0292758506262853	0.0340915108734109
"GSE319536_BC10"	"AGAATTCTGTTGACAA-1"	2	0.0617779024116657	"baseline"	0.0380976384724681	0.0409279117592073	0.0340915108734109
"GSE319536_BC10"	"AGACCTATCCTTATAG-1"	2	0	"baseline"	0.0396024272378715	0.0433893391288091	0.0340915108734109
"GSE319536_BC10"	"AGACCTTCGCGTGAAC-1"	2	0	"baseline"	0.0229671976907978	0.0161786034772855	0.0340915108734109
"GSE319536_BC10"	"AGATCTCCGCCTTATT-1"	2	0.0344083006169377	"baseline"	0.0232258576808422	0.0166017012525706	0.0340915108734109
"GSE319536_BC10"	"AGCATGAGCGAATATT-1"	2	0.0684800897363993	"baseline"	0.0466353553937096	0.0548933071602169	0.0340915108734109
"GSE319536_BC10"	"AGCATGCACCGCGTCA-1"	2	0.0457655636567583	"baseline"	0.0166608982099066	0.00586320340250514	0.0340915108734109
"GSE319536_BC10"	"AGCGAGGAACTGGTCC-1"	2	0.0307627593942793	"baseline"	0.0218989215884864	0.0144311927463077	0.0340915108734109
"GSE319536_BC10"	"AGCGGTGCAGGCATCT-1"	2	0.0430173864273696	"baseline"	0.0221313744178401	0.014811422695831	0.0340915108734109
"GSE319536_BC10"	"AGCGGTTAGACTCGCC-1"	2	0	"baseline"	0.0408486217311434	0.0454277762198542	0.0340915108734109
"GSE319536_BC10"	"AGCTGACGTAACGCTG-1"	2	0.0517106001121705	"baseline"	0.0484249655930392	0.0578206253505328	0.0340915108734109
"GSE319536_BC10"	"AGGCAATGTCAGCTGG-1"	2	0.0114974761637689	"baseline"	0.0290340982446861	0.0261024116657319	0.0340915108734109
"GSE319536_BC10"	"AGGTACAGCTATGATA-1"	2	0.0823331463825014	"baseline"	0.0497307005152767	0.0599564544774724	0.0340915108734109
"GSE319536_BC10"	"AGGTGAGCAATGTCTT-1"	2	0.0393157599551318	"baseline"	0.0243299414737092	0.0184076836791924	0.0340915108734109
"GSE319536_BC10"	"AGGTGATTGGCGGTAT-1"	2	0	"baseline"	0.0447505685128919	0.0518103056646102	0.0340915108734109
"GSE319536_BC10"	"AGGTTGAGTAGGAGAT-1"	2	0.0628715647784633	"baseline"	0.0287301814711506	0.0256052860347729	0.0340915108734109
"GSE319536_BC10"	"AGTACATATGTAGGAA-1"	2	0.0586371284352215	"baseline"	0.0230511108934979	0.0163158627780894	0.0340915108734109
"GSE319536_BC10"	"AGTCACTTATTCAAGG-1"	2	0.0476724621424565	"baseline"	0.0312922371598269	0.0297961160964666	0.0340915108734109
"GSE319536_BC10"	"AGTCCGTGATCACTAC-1"	2	0	"baseline"	0.0268687073055615	0.0225604178351094	0.0340915108734109
"GSE319536_BC10"	"AGTCGGTTATACATAG-1"	2	0.0442512619181155	"baseline"	0.0397196679942454	0.0435811132922041	0.0340915108734109
"GSE319536_BC10"	"AGTGGTATGTCCAAGT-1"	2	0.0439988782950084	"baseline"	0.0506636320048975	0.0614824780332772	0.0340915108734109
"GSE319536_BC10"	"AGTGTCTGAACTGTGG-1"	2	0.0550757150869321	"baseline"	0.0259732150251131	0.0210956346980744	0.0340915108734109
"GSE319536_BC10"	"AGTTAAGACTGGCTCC-1"	2	0.0318844643858665	"baseline"	0.0360575487345831	0.0375908767994018	0.0340915108734109
"GSE319536_BC10"	"AGTTCGTCTAGTGCAG-1"	2	0	"baseline"	0.0216963046915283	0.0140997663114601	0.0340915108734109
"GSE319536_BC10"	"ATACATCACGCCTTCT-1"	2	0.0484576556365676	"baseline"	0.0490812303845179	0.0588940970274818	0.0340915108734109
"GSE319536_BC10"	"ATACGGCACGTTACGA-1"	2	0.0682557487380819	"baseline"	0.0257429766036896	0.0207190269209198	0.0340915108734109
"GSE319536_BC10"	"ATACGGCGACTGGTCT-1"	2	0.0710319685922602	"baseline"	0.0310318913624551	0.0293702607964106	0.0340915108734109
"GSE319536_BC10"	"ATAGAACGTTCGATCT-1"	2	0.065086932136848	"baseline"	0.0404747353816164	0.0448161992895868	0.0340915108734109
"GSE319536_BC10"	"ATAGAATTCTAGGCCG-1"	2	0.051402131239484	"baseline"	0.0502873855251121	0.0608670405683305	0.0340915108734109
"GSE319536_BC10"	"ATCATTCCAACTTCGC-1"	2	0.0741446999439147	"baseline"	0.0479995506853029	0.0571247616376893	0.0340915108734109
"GSE319536_BC10"	"ATCCAACGCCACATCG-1"	2	0.0247616376892877	"baseline"	0.0395199969741596	0.0432545055150495	0.0340915108734109
"GSE319536_BC10"	"ATCCTCGTTCCAGGCC-1"	2	0.0325855300056085	"baseline"	0.054173488575283	0.0672236539540101	0.0340915108734109
"GSE319536_BC10"	"ATCGTAATCCACATGC-1"	2	0.0690409422321929	"baseline"	0.0502552608949719	0.0608144933632454	0.0340915108734109
"GSE319536_BC10"	"ATCTACCATATTCCAG-1"	2	0	"baseline"	0.0288683862416967	0.0258313516545149	0.0340915108734109
"GSE319536_BC10"	"ATCTGCCGTCTACAGC-1"	2	0.0548794167134044	"baseline"	0.0416012146962337	0.0466588147317256	0.0340915108734109
"GSE319536_BC10"	"ATGAAGCTGAATCCAG-1"	2	0.0425126191811554	"baseline"	0.0296662274183764	0.0271364040007478	0.0340915108734109
"GSE319536_BC10"	"ATGACCAGACGGCCGG-1"	2	0.0341559169938306	"baseline"	0.0241773873397757	0.0181581463825014	0.0340915108734109
"GSE319536_BC10"	"ATGAGCTATTCGAAGA-1"	2	0.0462422882781828	"baseline"	0.0259884330078692	0.0211205272013461	0.0340915108734109
"GSE319536_BC10"	"ATGCATGTATGTGAGT-1"	2	0.0395961862030286	"baseline"	0.022331411172397	0.0151386287156478	0.0340915108734109
"GSE319536_BC10"	"ATGCTCCAACCTGGCC-1"	2	0	"baseline"	0.0529255597005743	0.0651823798840905	0.0340915108734109
"GSE319536_BC10"	"ATGGAGGCCACGGCTT-1"	2	0.0697139652271453	"baseline"	0.0229322329039059	0.0161214105440269	0.0340915108734109
"GSE319536_BC10"	"ATGTAATTGTCGTTCG-1"	2	0.0853617498597869	"baseline"	0.0418397821487751	0.0470490465507571	0.0340915108734109
"GSE319536_BC10"	"ATGTAGGTAACCGTAC-1"	2	0.0392316320807628	"baseline"	0.0451176001983874	0.0524106702187325	0.0340915108734109
"GSE319536_BC10"	"ATGTCGGATAAGCCGA-1"	2	0.045877734155917	"baseline"	0.0469330546812373	0.0553802626659189	0.0340915108734109
"GSE319536_BC10"	"ATGTCGGCTGTCGTAA-1"	2	0.0406618059450365	"baseline"	0.025577978925839	0.0204491353524023	0.0340915108734109
"GSE319536_BC10"	"ATGTTAAGATTACTGA-1"	2	0.0894840157038699	"baseline"	0.0396302602025781	0.0434348663301552	0.0340915108734109
"GSE319536_BC10"	"ATTATCGAGTGCAGAT-1"	2	0.0584408300616938	"baseline"	0.0315476769721458	0.0302139465320621	0.0340915108734109
"GSE319536_BC10"	"ATTCTTGGAGTGATAG-1"	2	0.0126191811553561	"baseline"	0.028332919545783	0.0249554729856048	0.0340915108734109
"GSE319536_BC10"	"ATTGACGCATCTCAAC-1"	2	0.0817722938867078	"baseline"	0.0378398356725902	0.0405062161151617	0.0340915108734109
"GSE319536_BC10"	"ATTGCACGACCACTTG-1"	2	0	"baseline"	0.0360884590119874	0.0376414376518976	0.0340915108734109
"GSE319536_BC10"	"ATTGCAGTTCTTCATT-1"	2	0.0642176107683679	"baseline"	0.0220888577855813	0.0147418769863526	0.0340915108734109
"GSE319536_BC10"	"ATTGCATCACTGACTG-1"	2	0.0799214806505889	"baseline"	0.0495654285365728	0.0596861142269583	0.0340915108734109
"GSE319536_BC10"	"ATTGGCCTTCCGTGCA-1"	2	0.0858665171060011	"baseline"	0.0483499243085625	0.0576978781080576	0.0340915108734109
"GSE319536_BC10"	"ATTGGCTAACAGACAA-1"	2	0.0564498037016265	"baseline"	0.0383891259885892	0.0414047064871939	0.0340915108734109
"GSE319536_BC10"	"CAACCGTACTGATCTT-1"	2	0.0581884464385867	"baseline"	0.0379952785373848	0.0407604785941298	0.0340915108734109
"GSE319536_BC10"	"CAAGGTCTCAATACAG-1"	2	0.0376892877173303	"baseline"	0.0177266227428223	0.00760644045616003	0.0340915108734109
"GSE319536_BC10"	"CAAGTACTCCGCATCG-1"	2	0.0378575434660684	"baseline"	0.0463458651306764	0.0544197793980183	0.0340915108734109
"GSE319536_BC10"	"CAAGTACTTCAATAGT-1"	2	0.0744812114413909	"baseline"	0.0300458512274179	0.0277573658627781	0.0340915108734109
"GSE319536_BC10"	"CAAGTAGCCTCGATCC-1"	2	0.0996915311273135	"baseline"	0.0395963840471977	0.0433794541035708	0.0340915108734109
"GSE319536_BC10"	"CAAGTCCGCTACCGTT-1"	2	0.0902972518227706	"baseline"	0.03197251470517	0.0309088661432044	0.0340915108734109
"GSE319536_BC10"	"CAATTGTTGACGTGAG-1"	2	0.0315479528883904	"baseline"	0.0341352026379696	0.0344464385866517	0.0340915108734109
"GSE319536_BC10"	"CACCTCGAGGACTCTA-1"	2	0	"baseline"	0.0248216057521144	0.0192119134417648	0.0340915108734109
"GSE319536_BC10"	"CACGGATTCTCATCAC-1"	2	0.0170499158721256	"baseline"	0.0428663816651908	0.0487282856608712	0.0340915108734109
"GSE319536_BC10"	"CACGGCTGCGCTTGGC-1"	2	0	"baseline"	0.0173389699192212	0.00697234529818658	0.0340915108734109
"GSE319536_BC10"	"CACGTCCATCTACTGA-1"	2	0	"baseline"	0.0206689822780722	0.0124193447373341	0.0340915108734109
"GSE319536_BC10"	"CACTCAATAAGCCGAA-1"	2	0.0271452607964105	"baseline"	0.0487228991792124	0.0583079641054402	0.0340915108734109
"GSE319536_BC10"	"CACTGGCGGTAACACC-1"	2	0.0667134043746495	"baseline"	0.0441447350762095	0.0508193260422509	0.0340915108734109
"GSE319536_BC10"	"CAGAACGTATCGACTT-1"	2	0.0271452607964105	"baseline"	0.0274484135859687	0.0235086604972892	0.0340915108734109
"GSE319536_BC10"	"CAGAATTCTTGAACCA-1"	2	0.043942793045429	"baseline"	0.0229403733531872	0.0161347261170312	0.0340915108734109
"GSE319536_BC10"	"CAGATACAGCACTCGT-1"	2	0.0644419517666854	"baseline"	0.0463443679051856	0.0544173303421201	0.0340915108734109
"GSE319536_BC10"	"CAGCACGCTAATCAGA-1"	2	0.0728266965787998	"baseline"	0.0396498155675767	0.0434668536174986	0.0340915108734109
"GSE319536_BC10"	"CAGCCTCGTGGCTCAC-1"	2	0	"baseline"	0.04162709041006	0.0467011404000748	0.0340915108734109
"GSE319536_BC10"	"CAGCTGGATGCGGCTA-1"	2	0.0803421200224341	"baseline"	0.035300478379523	0.0363525144886895	0.0340915108734109
"GSE319536_BC10"	"CAGGCCAACGGTCGTA-1"	2	0.0492708917554683	"baseline"	0.0459105611057191	0.053707739764442	0.0340915108734109
"GSE319536_BC10"	"CAGTTGCTCACGTGTC-1"	2	0.07807066741447	"baseline"	0.0442370287414374	0.0509702935128061	0.0340915108734109
"GSE319536_BC10"	"CATACCTCGATTGTTC-1"	2	0	"baseline"	0.019253858461386	0.0101045849691531	0.0340915108734109
"GSE319536_BC10"	"CATCCGAAGCGTATGG-1"	2	0.0453729669097028	"baseline"	0.0469883063020698	0.0554706393718452	0.0340915108734109
"GSE319536_BC10"	"CATCCGTGGTCGTAAG-1"	2	0.0713404374649467	"baseline"	0.0375494053576745	0.0400311506823706	0.0340915108734109
"GSE319536_BC10"	"CATTGCGTGCCACCTT-1"	2	0.0590577678070668	"baseline"	0.0526160740482571	0.0646761450738456	0.0340915108734109
"GSE319536_BC10"	"CCAACAGGAACACGGT-1"	2	0.0503925967470555	"baseline"	0.0357992944812175	0.03716844269957	0.0340915108734109
"GSE319536_BC10"	"CCAATCTAACGTGACG-1"	2	0.0625911385305665	"baseline"	0.0481790463061697	0.0574183679192372	0.0340915108734109
"GSE319536_BC10"	"CCAATTATGACACTGG-1"	2	0	"baseline"	0.0335404755285446	0.0334736259113853	0.0340915108734109
"GSE319536_BC10"	"CCACGGTACACCAACC-1"	2	0.0337352776219854	"baseline"	0.0349560107965106	0.0357890587025612	0.0340915108734109
"GSE319536_BC10"	"CCACTAATCACCGGTA-1"	2	0.0395681435782389	"baseline"	0.044187471720611	0.0508892316320808	0.0340915108734109
"GSE319536_BC10"	"CCAGATTGTAGCCTAC-1"	2	0.033510936623668	"baseline"	0.0190257030120671	0.00973138437091045	0.0340915108734109
"GSE319536_BC10"	"CCATAGTATTGTCTGC-1"	2	0.0553561413348289	"baseline"	0.0445305363690509	0.0514503925967471	0.0340915108734109
"GSE319536_BC10"	"CCGCGAGGTGCGATGG-1"	2	0.00493550196298374	"baseline"	0.0237146532294902	0.0174012385492615	0.0340915108734109
"GSE319536_BC10"	"CCGCTCATACAAGTCA-1"	2	0	"baseline"	0.0335164713465818	0.0334343615629089	0.0340915108734109
"GSE319536_BC10"	"CCGCTCGCTAGTCTAA-1"	2	0	"baseline"	0.0298505261614763	0.0274378668910077	0.0340915108734109
"GSE319536_BC10"	"CCGGCAATGAAGTGAA-1"	2	0	"baseline"	0.0302330587024827	0.0280635866517106	0.0340915108734109
"GSE319536_BC10"	"CCGGCGTCCTCATTGT-1"	2	0.0832865956253505	"baseline"	0.0515359887227518	0.0629094176481585	0.0340915108734109
"GSE319536_BC10"	"CCTACACCGACATTAC-1"	2	0.0323611890072911	"baseline"	0.0185886074596618	0.00901641428304356	0.0340915108734109
"GSE319536_BC10"	"CCTACCATGTGATCAC-1"	2	0.0390914189568144	"baseline"	0.0200487937634013	0.0114048840904842	0.0340915108734109
"GSE319536_BC10"	"CCTAGTCAGTCCTTAT-1"	2	0.0690689848569826	"baseline"	0.043704147902526	0.0500986446064685	0.0340915108734109
"GSE319536_BC10"	"CCTCACAATACAACTG-1"	2	0.0414750420639372	"baseline"	0.0401601237321034	0.0443015797345298	0.0340915108734109
"GSE319536_BC10"	"CCTCACATGTCTTACT-1"	2	0.0805945036455412	"baseline"	0.0502580439057125	0.060819045616003	0.0340915108734109
"GSE319536_BC10"	"CCTCATGATTATCTGA-1"	2	0.0890072910824453	"baseline"	0.0391274867396149	0.042612464946719	0.0340915108734109
"GSE319536_BC10"	"CCTGAAGCGTATAGCA-1"	2	0	"baseline"	0.0386892825545943	0.0418956814357824	0.0340915108734109
"GSE319536_BC10"	"CCTGAAGTGCATGCAT-1"	2	0.032108805384184	"baseline"	0.0257406164734311	0.0207151663862404	0.0340915108734109
"GSE319536_BC10"	"CCTGCTCGCCGTCCAG-1"	2	0.0432136848008974	"baseline"	0.0253475662090816	0.020072242475229	0.0340915108734109
"GSE319536_BC10"	"CCTGTCTTACAATCCT-1"	2	0.115563656758273	"baseline"	0.0255206329036996	0.0203553327724808	0.0340915108734109
"GSE319536_BC10"	"CCTTAGATCTGTAATA-1"	2	0.00196298373527762	"baseline"	0.0420604514706398	0.0474100018695083	0.0340915108734109
"GSE319536_BC10"	"CCTTCACCGACGGACA-1"	2	0.0721536735838475	"baseline"	0.0465369956794033	0.0547324172742569	0.0340915108734109
"GSE319536_BC10"	"CCTTGTCTTACGGTTC-1"	2	0	"baseline"	0.0289513908228203	0.0259671246962049	0.0340915108734109
"GSE319536_BC10"	"CGAAGACCGCCAGGCG-1"	2	0.0544307347167695	"baseline"	0.0479415989154458	0.0570299682183586	0.0340915108734109
"GSE319536_BC10"	"CGACAATCATACGCAC-1"	2	0.0479248457655637	"baseline"	0.0425117106618964	0.0481481398392223	0.0340915108734109
"GSE319536_BC10"	"CGACATTGTATGGAGG-1"	2	0.067021873247336	"baseline"	0.0397461723141939	0.043624467190129	0.0340915108734109
"GSE319536_BC10"	"CGACCAGAACTGTCAT-1"	2	0.0809871003925968	"baseline"	0.04863413428017	0.0581627687418209	0.0340915108734109
"GSE319536_BC10"	"CGACCAGATTCAGTGA-1"	2	0.0464105440269209	"baseline"	0.0399033952772342	0.0438816414283044	0.0340915108734109
"GSE319536_BC10"	"CGACCTGCATCTGCAT-1"	2	0.0960179472798654	"baseline"	0.0410278259073536	0.0457209057767807	0.0340915108734109
"GSE319536_BC10"	"CGACTAGGAGATAAGC-1"	2	0.0424845765563657	"baseline"	0.0339976379027478	0.0342214198915685	0.0340915108734109
"GSE319536_BC10"	"CGAGATGCGGTATGCG-1"	2	0	"baseline"	0.0233730258032294	0.0168424284913068	0.0340915108734109
"GSE319536_BC10"	"CGAGTCATCCGCACCA-1"	2	0	"baseline"	0.0279159736768917	0.0242734623294074	0.0340915108734109
"GSE319536_BC10"	"CGATAAGGATAGGCAA-1"	2	0.0487941671340438	"baseline"	0.0356050609040878	0.0368507291082445	0.0340915108734109
"GSE319536_BC10"	"CGATGATCAGCTATAA-1"	2	0.0686203028603477	"baseline"	0.0463254268598063	0.0543863479154983	0.0340915108734109
"GSE319536_BC10"	"CGCACGCAGGTAAGTC-1"	2	0.0863432417274257	"baseline"	0.0473516006384393	0.0560648906337633	0.0340915108734109
"GSE319536_BC10"	"CGCAGAGCAGTCCGAG-1"	2	0.0720415030846887	"baseline"	0.0366202512193874	0.0385113058515611	0.0340915108734109
"GSE319536_BC10"	"CGCAGATTCGACCGAA-1"	2	0.0439147504206394	"baseline"	0.0306418612647922	0.0287322770611329	0.0340915108734109
"GSE319536_BC10"	"CGCCACAATAGCTCAA-1"	2	0.0109927089175547	"baseline"	0.0421822553360001	0.0476092400448682	0.0340915108734109
"GSE319536_BC10"	"CGCCGGTATCTAGCAC-1"	2	0	"baseline"	0.0327319394758874	0.0321510796410544	0.0340915108734109
"GSE319536_BC10"	"CGCCTTACGAGTAGCG-1"	2	0.0836511497476164	"baseline"	0.0346651576011127	0.0353133015516919	0.0340915108734109
"GSE319536_BC10"	"CGCCTTAGGATCGGCA-1"	2	0	"baseline"	0.0362460934263077	0.0378992849130679	0.0340915108734109
"GSE319536_BC10"	"CGCTAGACTTCATCAC-1"	2	0.0669657879977566	"baseline"	0.0395793373920864	0.0433515703869882	0.0340915108734109
"GSE319536_BC10"	"CGCTCGCAATTGGCGA-1"	2	0	"baseline"	0.0258005083503651	0.0208131332959432	0.0340915108734109
"GSE319536_BC10"	"CGCTTAGAATTCTTAC-1"	2	0	"baseline"	0.014173678080067	0.00179478407178912	0.0340915108734109
"GSE319536_BC10"	"CGGATTCCAGACGGTT-1"	2	0.0454290521592821	"baseline"	0.0473114784240456	0.0559992615442139	0.0340915108734109
"GSE319536_BC10"	"CGGCAAGATGCGTCGG-1"	2	0.0646102075154234	"baseline"	0.0489645639455556	0.0587032622920172	0.0340915108734109
"GSE319536_BC10"	"CGGCCTGTCTGTCTGT-1"	2	0.0611890072910825	"baseline"	0.04336959800974	0.0495514114787811	0.0340915108734109
"GSE319536_BC10"	"CGGCTTGTGCCGGCCT-1"	2	0.00748738081884464	"baseline"	0.0268480775955542	0.0225266732099458	0.0340915108734109
"GSE319536_BC10"	"CGGTCATGGAGGACTC-1"	2	0.0471396522714526	"baseline"	0.0329589777206893	0.0325224527949149	0.0340915108734109
"GSE319536_BC10"	"CGGTCCGGTTCTTAGC-1"	2	0	"baseline"	0.0278829547116778	0.0242194522340624	0.0340915108734109
"GSE319536_BC10"	"CGGTGAACTCACATTG-1"	2	0	"baseline"	0.0208498808335115	0.012715245840344	0.0340915108734109
"GSE319536_BC10"	"CGGTTGATTGAGCGCC-1"	2	0	"baseline"	0.0315935823628629	0.0302890353337072	0.0340915108734109
"GSE319536_BC10"	"CGTGCGGATTCATGTA-1"	2	0.0831744251261918	"baseline"	0.0418977910646433	0.0471439334455038	0.0340915108734109
"GSE319536_BC10"	"CGTGTTGGACGTCTGG-1"	2	0.0353897924845766	"baseline"	0.0174587222427829	0.00716822770611329	0.0340915108734109
"GSE319536_BC10"	"CGTTACAGTGCACTCA-1"	2	0.0204150308468873	"baseline"	0.0544558955902403	0.0676855954383997	0.0340915108734109
"GSE319536_BC10"	"CGTTGGTCGTCACTGT-1"	2	0.0261357263039821	"baseline"	0.0270398138919987	0.0228403019255936	0.0340915108734109
"GSE319536_BC10"	"CTACAGGTCGCTAAGC-1"	2	0.0375210319685923	"baseline"	0.0302744467010223	0.0281312862217237	0.0340915108734109
"GSE319536_BC10"	"CTAGGACGCAAGCATT-1"	2	0.0807347167694896	"baseline"	0.0473012492880586	0.055982529444756	0.0340915108734109
"GSE319536_BC10"	"CTATCCATTGAGCCAC-1"	2	0.0620302860347729	"baseline"	0.0354724107258207	0.0366337492989344	0.0340915108734109
"GSE319536_BC10"	"CTATCCGCTGCAATTG-1"	2	0.0501962983735278	"baseline"	0.0408378354215482	0.0454101327350907	0.0340915108734109
"GSE319536_BC10"	"CTATTATGAGATACGA-1"	2	0.0443353897924846	"baseline"	0.0279597132337881	0.0243450084127875	0.0340915108734109
"GSE319536_BC10"	"CTATTCTGCAACGCAC-1"	2	0	"baseline"	0.0537562884066424	0.0665412273322116	0.0340915108734109
"GSE319536_BC10"	"CTCCTTATGGAACCTT-1"	2	0.0752103196859226	"baseline"	0.0270530317643663	0.0228619227893064	0.0340915108734109
"GSE319536_BC10"	"CTCGATGTTGCTATGT-1"	2	0.0876892877173303	"baseline"	0.0440803000913931	0.0507139278369789	0.0340915108734109
"GSE319536_BC10"	"CTCGGAATTCTTGATA-1"	2	0.0303421200224341	"baseline"	0.0343276818325585	0.0347612824827071	0.0340915108734109
"GSE319536_BC10"	"CTCGGACTAACGTGGC-1"	2	0.0673303421200224	"baseline"	0.0505421052976911	0.0612836932136848	0.0340915108734109
"GSE319536_BC10"	"CTCGGAGTCTTAAGGA-1"	2	0.0408581043185642	"baseline"	0.0275227491172083	0.0236302533183773	0.0340915108734109
"GSE319536_BC10"	"CTGAAGGAGCCTCACT-1"	2	0.0299214806505889	"baseline"	0.0447770756901409	0.0518536642363059	0.0340915108734109
"GSE319536_BC10"	"CTGAAGGATCTGTACG-1"	2	0.0407739764441952	"baseline"	0.0319014307819621	0.0307925920732847	0.0340915108734109
"GSE319536_BC10"	"CTGAATTCGCGTAAGG-1"	2	0.0541503084688727	"baseline"	0.0298386769360746	0.0274184847635072	0.0340915108734109
"GSE319536_BC10"	"CTGACTCGAATTCGTG-1"	2	0.0716769489624229	"baseline"	0.0408054164894508	0.0453571041316134	0.0340915108734109
"GSE319536_BC10"	"CTGATTACAATGTCCA-1"	2	0.0598990465507572	"baseline"	0.0419886932245009	0.0472926247896803	0.0340915108734109
"GSE319536_BC10"	"CTGGAACAATAGACAG-1"	2	0.0331183398766125	"baseline"	0.0209407858506697	0.0128639418582913	0.0340915108734109
"GSE319536_BC10"	"CTGGCCTTGCATTCGG-1"	2	0.0372966909702748	"baseline"	0.0382929463946064	0.041247382688353	0.0340915108734109
"GSE319536_BC10"	"CTGGCTGGACGCTTGG-1"	2	0.0882220975883343	"baseline"	0.0476484027335928	0.0565503785754346	0.0340915108734109
"GSE319536_BC10"	"CTGGTGATCGCCGTAG-1"	2	0.0284352215367358	"baseline"	0.0494639857949677	0.059520181342307	0.0340915108734109
"GSE319536_BC10"	"CTGGTGCTTATGACCA-1"	2	0	"baseline"	0.0249075419236074	0.0193524817722939	0.0340915108734109
"GSE319536_BC10"	"CTTACGCCATGCACAG-1"	2	0.0704150308468873	"baseline"	0.0324304228348182	0.0316578799775659	0.0340915108734109
"GSE319536_BC10"	"CTTAGTAAGCGTGGCA-1"	2	0.0577117218171621	"baseline"	0.0278817060713353	0.0242174097962236	0.0340915108734109
"GSE319536_BC10"	"CTTAGTCTGTGCATCC-1"	2	0.0819125070106562	"baseline"	0.0511423441398868	0.0622655215928211	0.0340915108734109
"GSE319536_BC10"	"CTTCATTGGATACCAC-1"	2	0.0757711721817162	"baseline"	0.0542775171738905	0.0673938166012339	0.0340915108734109
"GSE319536_BC10"	"CTTGAACTTAGAGGAA-1"	2	0.0409422321929333	"baseline"	0.0232236404156115	0.0165980744064311	0.0340915108734109
"GSE319536_BC10"	"GAACTCCTGGAGGCTC-1"	2	0.0397644419517667	"baseline"	0.0250896919766898	0.0196504299869134	0.0340915108734109
"GSE319536_BC10"	"GAAGCGGCTGATCAGT-1"	2	0.0838474481211441	"baseline"	0.0314796475032312	0.0301026687231258	0.0340915108734109
"GSE319536_BC10"	"GAAGCTGTTCTACATC-1"	2	0.0771733034212002	"baseline"	0.0394377495776831	0.0431199710226211	0.0340915108734109
"GSE319536_BC10"	"GAATACTAAGGCGAAT-1"	2	0.0916432978126753	"baseline"	0.0550929393208853	0.0687276266591886	0.0340915108734109
"GSE319536_BC10"	"GAATCATAGTCTGAAG-1"	2	0.0327537857543466	"baseline"	0.0231214433466598	0.016430907646289	0.0340915108734109
"GSE319536_BC10"	"GAATGGCCAAGGAGGC-1"	2	0.0502243409983174	"baseline"	0.0414096469805219	0.0463454617685549	0.0340915108734109
"GSE319536_BC10"	"GAATGTATTGGATCAA-1"	2	0.0260235558048233	"baseline"	0.0383329171720707	0.0413127640680501	0.0340915108734109
"GSE319536_BC10"	"GAATGTGCCTAGCAGA-1"	2	0.0512619181155356	"baseline"	0.0425240141980864	0.0481682650962797	0.0340915108734109
"GSE319536_BC10"	"GACAACCTAGGAGTCT-1"	2	0	"baseline"	0.0264795572564695	0.0219238736212376	0.0340915108734109
"GSE319536_BC10"	"GACAACGGCGATGTTA-1"	2	0.0129276500280426	"baseline"	0.0446226985984533	0.0516011450738456	0.0340915108734109
"GSE319536_BC10"	"GACAATTGTATGCTTC-1"	2	0	"baseline"	0.0372183270850629	0.039489596186203	0.0340915108734109
"GSE319536_BC10"	"GACATTATCTTAATCT-1"	2	0.054739203589456	"baseline"	0.0483900036634479	0.0577634370910451	0.0340915108734109
"GSE319536_BC10"	"GACCGTATTAGACCGG-1"	2	0.0734155916993831	"baseline"	0.0421811438460842	0.0476074219480277	0.0340915108734109
"GSE319536_BC10"	"GACGTACAGGAACGCT-1"	2	0	"baseline"	0.0355819767729038	0.0368129697139652	0.0340915108734109
"GSE319536_BC10"	"GACTTCATACCGCTGT-1"	2	0.036231071228267	"baseline"	0.0209475605102857	0.012875023368854	0.0340915108734109
"GSE319536_BC10"	"GACTTGAACGTCCGTA-1"	2	0	"baseline"	0.0294088932157896	0.0267154748551131	0.0340915108734109
"GSE319536_BC10"	"GAGCCAAGCGATCGTA-1"	2	0.0341278743690409	"baseline"	0.0301671122056727	0.0279557160216863	0.0340915108734109
"GSE319536_BC10"	"GAGCCTCCAGTACCGA-1"	2	0.041138530566461	"baseline"	0.0169749041117018	0.00637683211815293	0.0340915108734109
"GSE319536_BC10"	"GAGCGAATCGGTAGAA-1"	2	0.0722378014582165	"baseline"	0.037133410969868	0.0393506963918489	0.0340915108734109
"GSE319536_BC10"	"GAGCGATACTCCAGGC-1"	2	0.0435221536735839	"baseline"	0.0485679106252061	0.0580544447560291	0.0340915108734109
"GSE319536_BC10"	"GAGCTAAGGTTGCGTT-1"	2	0.0952327537857543	"baseline"	0.0286024287060348	0.025396317068611	0.0340915108734109
"GSE319536_BC10"	"GAGCTACAAGATCAAG-1"	2	0	"baseline"	0.0210165128872796	0.0129878108057581	0.0340915108734109
"GSE319536_BC10"	"GAGGACGAGTCCTAGT-1"	2	0.0549355019629837	"baseline"	0.0491207782815	0.0589587866891008	0.0340915108734109
"GSE319536_BC10"	"GAGGCCACAAGGTGCA-1"	2	0.0358945597307908	"baseline"	0.0483195626328648	0.0576482146195551	0.0340915108734109
"GSE319536_BC10"	"GAGGCCAGCAGAGGTT-1"	2	0.0517666853617499	"baseline"	0.0447259157237031	0.0517699803701626	0.0340915108734109
"GSE319536_BC10"	"GAGGCGCTCCATTCCT-1"	2	0.0542344363432417	"baseline"	0.0436456475309623	0.0500029538231445	0.0340915108734109
"GSE319536_BC10"	"GAGTCCTCTAGCGACA-1"	2	0.0554683118339877	"baseline"	0.0243103861087106	0.0183756963918489	0.0340915108734109
"GSE319536_BC10"	"GAGTGCAGCGTCATCG-1"	2	0.0439708356702187	"baseline"	0.0400128613187979	0.0440606982613573	0.0340915108734109
"GSE319536_BC10"	"GATAATCAGCTATTGT-1"	2	0.0338194054963545	"baseline"	0.036094227901808	0.0376508739951393	0.0340915108734109
"GSE319536_BC10"	"GATAGAGTCTGAATCG-1"	2	0.0393157599551318	"baseline"	0.0241801817797185	0.0181627173303421	0.0340915108734109
"GSE319536_BC10"	"GATATCTTGTGACACG-1"	2	0	"baseline"	0.0317417276820399	0.0305313610020564	0.0340915108734109
"GSE319536_BC10"	"GATCCGGACATACACC-1"	2	0.0867919237240606	"baseline"	0.0480936073049733	0.0572786128248271	0.0340915108734109
"GSE319536_BC10"	"GATCGTCATGCGGAGG-1"	2	0	"baseline"	0.0252535353051162	0.0199184333520284	0.0340915108734109
"GSE319536_BC10"	"GATGGACGGCAGATGA-1"	2	0.0270891755468312	"baseline"	0.0326014494168399	0.0319376332024678	0.0340915108734109
"GSE319536_BC10"	"GATTCCGCTATCGGCT-1"	2	0.0439988782950084	"baseline"	0.0454584875838044	0.0529682697700505	0.0340915108734109
"GSE319536_BC10"	"GCAACAGGCCATTGAC-1"	2	0.0826135726303982	"baseline"	0.0390106031458104	0.0424212750046738	0.0340915108734109
"GSE319536_BC10"	"GCAATTCTGTGACAGA-1"	2	0.0329220415030847	"baseline"	0.0308215454674956	0.0290261918115536	0.0340915108734109
"GSE319536_BC10"	"GCACGAGCAGTACCGA-1"	2	0.0717891194615816	"baseline"	0.0408159713577011	0.0453743690409422	0.0340915108734109
"GSE319536_BC10"	"GCACGGAAGGATAGTA-1"	2	0.043157599551318	"baseline"	0.0497582763229333	0.0600015610394466	0.0340915108734109
"GSE319536_BC10"	"GCACTACACTATTGCG-1"	2	0.105468311833988	"baseline"	0.0329788073865412	0.032554888764255	0.0340915108734109
"GSE319536_BC10"	"GCAGATACGTTGAACG-1"	2	0	"baseline"	0.0257637034619158	0.0207529304542905	0.0340915108734109
"GSE319536_BC10"	"GCATAACCGAGGTGAT-1"	2	0.0466068424004487	"baseline"	0.0281975435027863	0.0247340343989531	0.0340915108734109
"GSE319536_BC10"	"GCCATTGTAATGTCTT-1"	2	0.070611329220415	"baseline"	0.044657054780327	0.0516573424939241	0.0340915108734109
"GSE319536_BC10"	"GCCGCTTCTAAGGTGA-1"	2	0.0371284352215367	"baseline"	0.0473393399617577	0.0560448354832679	0.0340915108734109
"GSE319536_BC10"	"GCCGGCGAACCATTGT-1"	2	0.0779584969153113	"baseline"	0.0578088149276409	0.073170064498037	0.0340915108734109
"GSE319536_BC10"	"GCCGTACCAGATCTAG-1"	2	0.0696578799775659	"baseline"	0.042938902810578	0.0488469106375023	0.0340915108734109
"GSE319536_BC10"	"GCCTATAGCATACCTT-1"	2	0.103841839596186	"baseline"	0.0447985911633203	0.0518888577304169	0.0340915108734109
"GSE319536_BC10"	"GCCTGGACCTATTGTC-1"	2	0.0270611329220415	"baseline"	0.041685325052672	0.0467963965227145	0.0340915108734109
"GSE319536_BC10"	"GCCTGTGAAGTCGGCG-1"	2	0	"baseline"	0.0327252476779875	0.0321401336698448	0.0340915108734109
"GSE319536_BC10"	"GCGTCTCGCAACTCAT-1"	2	0.105131800336512	"baseline"	0.0421391901020348	0.0475387969713966	0.0340915108734109
"GSE319536_BC10"	"GCGTTGTATCGGAGCT-1"	2	0.0949523275378575	"baseline"	0.0281320513167645	0.0246269068984857	0.0340915108734109
"GSE319536_BC10"	"GCTATGCGTGAACGGT-1"	2	0.0570667414469994	"baseline"	0.058069017859985	0.0735956861095532	0.0340915108734109
"GSE319536_BC10"	"GCTCGCATCGTCATTA-1"	2	0.039736399326977	"baseline"	0.0195830280572268	0.0106430173864274	0.0340915108734109
"GSE319536_BC10"	"GCTGACTTGTCTCAAT-1"	2	0	"baseline"	0.0197043547533944	0.0108414750420639	0.0340915108734109
"GSE319536_BC10"	"GCTTCGCTCAAGCGAT-1"	2	0.0688166012338755	"baseline"	0.0260089284247504	0.0211540521592821	0.0340915108734109
"GSE319536_BC10"	"GGAACATCGTGGAATC-1"	2	0.0424284913067863	"baseline"	0.0428814682121214	0.0487529631706861	0.0340915108734109
"GSE319536_BC10"	"GGAACTTCGACATGTC-1"	2	0.0647223780145822	"baseline"	0.0352533672079718	0.0362754533557674	0.0340915108734109
"GSE319536_BC10"	"GGACCATCACCGCCAA-1"	2	0.0252383623107123	"baseline"	0.0388846276216398	0.0422152131239484	0.0340915108734109
"GSE319536_BC10"	"GGACGTCGAACGGCTT-1"	2	0.0316320807627594	"baseline"	0.0345942679743425	0.0351973452981866	0.0340915108734109
"GSE319536_BC10"	"GGAGAAGCCAAGCGCT-1"	2	0.0727986539540101	"baseline"	0.0388553631493552	0.0421673443634324	0.0340915108734109
"GSE319536_BC10"	"GGAGATGGCTCGAGAT-1"	2	0.0815479528883904	"baseline"	0.0303246923312825	0.0282134744812114	0.0340915108734109
"GSE319536_BC10"	"GGAGCGAATTGGACGG-1"	2	0.0540661805945037	"baseline"	0.0400454402597263	0.0441139885959992	0.0340915108734109
"GSE319536_BC10"	"GGAGGTCGTAGGAGCT-1"	2	0.039652271452608	"baseline"	0.0168959054659564	0.00624761170312208	0.0340915108734109
"GSE319536_BC10"	"GGATCGAGTGTCCACT-1"	2	0.0513740886146943	"baseline"	0.0276382212045386	0.0238191344176482	0.0340915108734109
"GSE319536_BC10"	"GGATGGATCACTCATA-1"	2	0	"baseline"	0.0291690371206978	0.0263231351654515	0.0340915108734109
"GSE319536_BC10"	"GGATTCCGACGTGATG-1"	2	0.0593942793045429	"baseline"	0.0272576944885218	0.0231966956440456	0.0340915108734109
"GSE319536_BC10"	"GGCAGCCGGCACTTCC-1"	2	0.0826696578799776	"baseline"	0.0490474628065586	0.0588388624041877	0.0340915108734109
"GSE319536_BC10"	"GGCATACATGGCTCAG-1"	2	0	"baseline"	0.0433022942951664	0.0494413208076276	0.0340915108734109
"GSE319536_BC10"	"GGCATTCCGATGCTCG-1"	2	0	"baseline"	0.0380239001170445	0.0408072957562161	0.0340915108734109
"GSE319536_BC10"	"GGCCAGTAGGTATGAG-1"	2	0.0694615816040381	"baseline"	0.0490409338747904	0.0588281828379137	0.0340915108734109
"GSE319536_BC10"	"GGCCATGCTCCTCGTG-1"	2	0.0338754907459338	"baseline"	0.0235591903635917	0.0171469433538979	0.0340915108734109
"GSE319536_BC10"	"GGCGCTAATATGCTCC-1"	2	0.0579921480650589	"baseline"	0.0494894472002135	0.0595618293138904	0.0340915108734109
"GSE319536_BC10"	"GGCGGAGTTGAACTAT-1"	2	0.0168536174985979	"baseline"	0.0391786095611455	0.0426960880538419	0.0340915108734109
"GSE319536_BC10"	"GGTCACCGCATAACAA-1"	2	0.093241727425687	"baseline"	0.0396157051135508	0.0434110581417088	0.0340915108734109
"GSE319536_BC10"	"GGTGCACTCCGGTTCG-1"	2	0.0614133482893999	"baseline"	0.0459782648423705	0.0538184847635072	0.0340915108734109
"GSE319536_BC10"	"GGTTAGACTCACTAGC-1"	2	0.0726584408300617	"baseline"	0.0277886752225641	0.0240652364928024	0.0340915108734109
"GSE319536_BC10"	"GGTTCTATACCGCTTG-1"	2	0.0851934941110488	"baseline"	0.0502130185635664	0.0607453963357637	0.0340915108734109
"GSE319536_BC10"	"GTAACATCTTATAATG-1"	2	0.0952888390353337	"baseline"	0.0378793207089601	0.0405708029538231	0.0340915108734109
"GSE319536_BC10"	"GTAAGTATTGCTATCG-1"	2	0.0574873808188446	"baseline"	0.0455875318487711	0.0531793512806132	0.0340915108734109
"GSE319536_BC10"	"GTAAGTTGCTGGTGGA-1"	2	0.0927369601794728	"baseline"	0.0372183956602762	0.0394897083567022	0.0340915108734109
"GSE319536_BC10"	"GTAATCTTGTCTAGTT-1"	2	0.0909422321929333	"baseline"	0.0340035639440989	0.0342311132922042	0.0340915108734109
"GSE319536_BC10"	"GTACAGATGACATCGC-1"	2	0	"baseline"	0.0158079339909193	0.00446798467003178	0.0340915108734109
"GSE319536_BC10"	"GTACAGCCGTTACAGA-1"	2	0.0268648345485137	"baseline"	0.0351465956008315	0.0361008038885773	0.0340915108734109
"GSE319536_BC10"	"GTACGAAGATTATCCG-1"	2	0.0173303421200224	"baseline"	0.0156804555266567	0.00425946438586652	0.0340915108734109
"GSE319536_BC10"	"GTAGAAGTAAGCTGCG-1"	2	0.0954010095344924	"baseline"	0.0343628323439864	0.0348187792110675	0.0340915108734109
"GSE319536_BC10"	"GTAGACCTGTCAACCA-1"	2	0.0922602355580482	"baseline"	0.0409019561033035	0.0455150168255749	0.0340915108734109
"GSE319536_BC10"	"GTAGTCCATTGTTCGT-1"	2	0.0644419517666854	"baseline"	0.0457033239537635	0.0533687558422135	0.0340915108734109
"GSE319536_BC10"	"GTATCTAGCTACCAGC-1"	2	0.0324453168816601	"baseline"	0.030745026958632	0.0289010282295756	0.0340915108734109
"GSE319536_BC10"	"GTATGTAGCAGGCATA-1"	2	0.0483454851374089	"baseline"	0.0490781959313284	0.058889133482894	0.0340915108734109
"GSE319536_BC10"	"GTATTACGAGTCAATC-1"	2	0.116012338754907	"baseline"	0.0409097508192176	0.0455277668723126	0.0340915108734109
"GSE319536_BC10"	"GTATTACGGCCATTAT-1"	2	0.0414469994391475	"baseline"	0.0384064869467615	0.0414331043185642	0.0340915108734109
"GSE319536_BC10"	"GTATTACGGTATTGAG-1"	2	0.0435221536735839	"baseline"	0.0246151629297131	0.0188742288278183	0.0340915108734109
"GSE319536_BC10"	"GTCAACAGACGCACGT-1"	2	0	"baseline"	0.0434615116539941	0.0497017573378202	0.0340915108734109
"GSE319536_BC10"	"GTCAACAGCATAGATT-1"	2	0.0477846326416153	"baseline"	0.03621243728307	0.0378442325668349	0.0340915108734109
"GSE319536_BC10"	"GTCAACAGCGCACCGA-1"	2	0.0153393157599551	"baseline"	0.0335259632990256	0.0334498878295008	0.0340915108734109
"GSE319536_BC10"	"GTCACTAAGAGGAATA-1"	2	0.0205832865956254	"baseline"	0.0309426264358154	0.0292242475229015	0.0340915108734109
"GSE319536_BC10"	"GTCAGCGATTGATTCA-1"	2	0.0168255748738082	"baseline"	0.0319960131449346	0.0309473032342494	0.0340915108734109
"GSE319536_BC10"	"GTCATCAGTAGACCAG-1"	2	0.0602075154234436	"baseline"	0.0441916662378258	0.0508960927276126	0.0340915108734109
"GSE319536_BC10"	"GTCCATCTATACAAGG-1"	2	0.038334268087493	"baseline"	0.0345699552039198	0.035157576182464	0.0340915108734109
"GSE319536_BC10"	"GTCCTTCGGAACCTGC-1"	2	0.0464666292765003	"baseline"	0.0351668224314605	0.0361338895120583	0.0340915108734109
"GSE319536_BC10"	"GTCGGCCGTTGTGAAT-1"	2	0.0442512619181155	"baseline"	0.0287227810627131	0.0255931809684053	0.0340915108734109
"GSE319536_BC10"	"GTCGTAGACTGACAAG-1"	2	0.0344083006169377	"baseline"	0.0471045870054572	0.055660843148252	0.0340915108734109
"GSE319536_BC10"	"GTCTAGCATGGTACGT-1"	2	0.0595064498037016	"baseline"	0.0488437487061873	0.0585056412413535	0.0340915108734109
"GSE319536_BC10"	"GTCTAGGACAGGATAA-1"	2	0.0406337633202468	"baseline"	0.0506884619467207	0.0615230931015143	0.0340915108734109
"GSE319536_BC10"	"GTCTATGGTGAAGAGC-1"	2	0.0295849691531127	"baseline"	0.0276316722716665	0.0238084221349785	0.0340915108734109
"GSE319536_BC10"	"GTCTATGTTAATAGAA-1"	2	0.0730790802019069	"baseline"	0.0499794285285918	0.0603633062254627	0.0340915108734109
"GSE319536_BC10"	"GTCTATTGCGAGTTAC-1"	2	0.0871284352215367	"baseline"	0.0218186200136879	0.0142998410917929	0.0340915108734109
"GSE319536_BC10"	"GTCTGTGGATCTGACG-1"	2	0.0840157038698822	"baseline"	0.0472439746984331	0.0558888437091045	0.0340915108734109
"GSE319536_BC10"	"GTCTTCGGTAGCTACA-1"	2	0	"baseline"	0.0322539559525397	0.0313692278930641	0.0340915108734109
"GSE319536_BC10"	"GTCTTGATTGCCACCT-1"	2	0	"baseline"	0.0414382028422688	0.0463921714339129	0.0340915108734109
"GSE319536_BC10"	"GTGACATATGCTAGAT-1"	2	0.086231071228267	"baseline"	0.050653688598966	0.0614662133108992	0.0340915108734109
"GSE319536_BC10"	"GTGACCGTGGATTAGC-1"	2	0.0944195176668536	"baseline"	0.0331920391550612	0.0329036782576183	0.0340915108734109
"GSE319536_BC10"	"GTGCAACTACTGTACG-1"	2	0	"baseline"	0.0339054471003399	0.034070620676762	0.0340915108734109
"GSE319536_BC10"	"GTGCACTTGTAAGCAC-1"	2	0	"baseline"	0.0344160895690316	0.0349058936249766	0.0340915108734109
"GSE319536_BC10"	"GTGCAGGACTCCAAGG-1"	2	0	"baseline"	0.0266843142715433	0.0222588007104132	0.0340915108734109
"GSE319536_BC10"	"GTGCATTCCTGTGGTC-1"	2	0.0784071789119462	"baseline"	0.0518094438150701	0.0633567162086371	0.0340915108734109
"GSE319536_BC10"	"GTGGCGCCAGACTCGA-1"	2	0.0626752664049355	"baseline"	0.0365652310398998	0.0384213077210694	0.0340915108734109
"GSE319536_BC10"	"GTGGTAGGTCTAAGAA-1"	2	0.0519068984856983	"baseline"	0.0503960686663237	0.0610448167881847	0.0340915108734109
"GSE319536_BC10"	"GTGGTTGACAAGGAGC-1"	2	0.04385866517106	"baseline"	0.050398788816452	0.0610492662179846	0.0340915108734109
"GSE319536_BC10"	"GTTATGATACGATTAT-1"	2	0.0745933819405496	"baseline"	0.0392805180427411	0.0428627827631333	0.0340915108734109
"GSE319536_BC10"	"GTTCCTTGAGGAACGC-1"	2	0.0811273135165452	"baseline"	0.0300186983002435	0.027712951018882	0.0340915108734109
"GSE319536_BC10"	"GTTCGTAGGTAGTGAA-1"	2	0.0221817162086371	"baseline"	0.0250807629124554	0.0196358244531688	0.0340915108734109
"GSE319536_BC10"	"GTTCTACTATCATATT-1"	2	0.0685922602355581	"baseline"	0.0240116696221853	0.0178870770237428	0.0340915108734109
"GSE319536_BC10"	"GTTGAGCTTCGTCCGG-1"	2	0.0268087492989344	"baseline"	0.0275903014169303	0.0237407506075902	0.0340915108734109
"GSE319536_BC10"	"TAACGCATTGGTCCAA-1"	2	0.0180033651149748	"baseline"	0.0459080352520285	0.0537036081510563	0.0340915108734109
"GSE319536_BC10"	"TAACGCTCATACGGCA-1"	2	0.0766124509254066	"baseline"	0.0383891259885892	0.0414047064871939	0.0340915108734109
"GSE319536_BC10"	"TAACGTGCCATAGTTA-1"	2	0	"baseline"	0.024227612968932	0.0182403019255936	0.0340915108734109
"GSE319536_BC10"	"TAAGACCGAGTGAACA-1"	2	0	"baseline"	0.0256418167348394	0.0205535567395775	0.0340915108734109
"GSE319536_BC10"	"TAAGATTGCTCACTTC-1"	2	0	"baseline"	0.0181525519646586	0.00830314544774724	0.0340915108734109
"GSE319536_BC10"	"TAAGCAGTAGATACTC-1"	2	0.0455692652832305	"baseline"	0.0502338768576181	0.0607795148625911	0.0340915108734109
"GSE319536_BC10"	"TAAGGTCCGTGACCGT-1"	2	0.0360628154795289	"baseline"	0.0375892761296193	0.0400963684800897	0.0340915108734109
"GSE319536_BC10"	"TAATGATCCGGTTATT-1"	2	0.0855860908581043	"baseline"	0.0561079896284576	0.0703879743877361	0.0340915108734109
"GSE319536_BC10"	"TAATTAGCTCGATTGT-1"	2	0	"baseline"	0.0255077007613875	0.0203341792858478	0.0340915108734109
"GSE319536_BC10"	"TACACCTCGTACTCCA-1"	2	0	"baseline"	0.0192817628586064	0.0101502290147691	0.0340915108734109
"GSE319536_BC10"	"TACCTCAGGCAACAGA-1"	2	0.0646382501402131	"baseline"	0.0469878805642871	0.0554699429799962	0.0340915108734109
"GSE319536_BC10"	"TACCTGCGGTTGTCCT-1"	2	0.119405496354459	"baseline"	0.0433000598861323	0.0494376659188634	0.0340915108734109
"GSE319536_BC10"	"TACGACGTCTCATATT-1"	2	0	"baseline"	0.0295331343585233	0.0269186997569639	0.0340915108734109
"GSE319536_BC10"	"TACGCTCCGGTTGGTA-1"	2	0.0364554122265844	"baseline"	0.0493919761063799	0.0594023929706487	0.0340915108734109
"GSE319536_BC10"	"TACGGCCTTGTAGGAG-1"	2	0.06578799775659	"baseline"	0.0493803926099298	0.0593834455038325	0.0340915108734109
"GSE319536_BC10"	"TAGAATTCAACGTGGC-1"	2	0.0196017947279865	"baseline"	0.0210375883361735	0.0130222845391662	0.0340915108734109
"GSE319536_BC10"	"TAGACAGTTCAGATTA-1"	2	0.0259955131800337	"baseline"	0.0438722771817849	0.0503736586277809	0.0340915108734109
"GSE319536_BC10"	"TAGACCTGAGGAGCTG-1"	2	0.0336231071228267	"baseline"	0.0439300375125047	0.0504681389044681	0.0340915108734109
"GSE319536_BC10"	"TAGAGCAGACAGTCCA-1"	2	0.069125070106562	"baseline"	0.0338466295684146	0.0339744111048794	0.0340915108734109
"GSE319536_BC10"	"TAGATGCGTGCCAGCG-1"	2	0	"baseline"	0.0225459572991724	0.0154895681435782	0.0340915108734109
"GSE319536_BC10"	"TAGCCGCAATACCTGC-1"	2	0.0882781828379136	"baseline"	0.0441267855141228	0.0507899654140961	0.0340915108734109
"GSE319536_BC10"	"TAGCGTACCTTGACAT-1"	2	0.0519068984856983	"baseline"	0.034550728428485	0.0351261263787624	0.0340915108734109
"GSE319536_BC10"	"TAGCGTTATGACCTCC-1"	2	0	"baseline"	0.0325431290552112	0.0318422368667041	0.0340915108734109
"GSE319536_BC10"	"TAGGACATCAGCATGG-1"	2	0.0346326416152552	"baseline"	0.0335179028541599	0.0334367031220789	0.0340915108734109
"GSE319536_BC10"	"TAGGACGGCCAGCCGA-1"	2	0.0445877734155917	"baseline"	0.0361373845693911	0.0377214666292765	0.0340915108734109
"GSE319536_BC10"	"TAGGCGCATATCTAAC-1"	2	0.0874369040942232	"baseline"	0.0561512005847513	0.0704586558235184	0.0340915108734109
"GSE319536_BC10"	"TAGGCTCCGGCATACA-1"	2	0.0205832865956254	"baseline"	0.046747435865281	0.0550766404935502	0.0340915108734109
"GSE319536_BC10"	"TAGTGACCGTCGATTA-1"	2	0.0675266404935502	"baseline"	0.0552500194188979	0.0689845672088241	0.0340915108734109
"GSE319536_BC10"	"TAGTGAGGTATCGACC-1"	2	0.0761637689287717	"baseline"	0.0425694881364196	0.0482426481585343	0.0340915108734109
"GSE319536_BC10"	"TATCACCGGCATCGTG-1"	2	0.045877734155917	"baseline"	0.0152135240418558	0.00349569078332399	0.0340915108734109
"GSE319536_BC10"	"TATCATGGATGTTGCC-1"	2	0.0460740325294448	"baseline"	0.0468365550695923	0.0552224154047485	0.0340915108734109
"GSE319536_BC10"	"TATGAACTACGCGGTG-1"	2	0.00622546270330903	"baseline"	0.0234341434621015	0.016942400448682	0.0340915108734109
"GSE319536_BC10"	"TATGACGCGTATGTCG-1"	2	0.0669377453729669	"baseline"	0.0484249655930392	0.0578206253505328	0.0340915108734109
"GSE319536_BC10"	"TATTCGTTAATGCTCC-1"	2	0.0453729669097028	"baseline"	0.0498616191694075	0.0601706019816788	0.0340915108734109
"GSE319536_BC10"	"TCAACAGGACAGCAAC-1"	2	0.0434660684240045	"baseline"	0.0511423441398868	0.0622655215928211	0.0340915108734109
"GSE319536_BC10"	"TCAACCGGAGACCTCG-1"	2	0	"baseline"	0.0177195137790414	0.00759481211441391	0.0340915108734109
"GSE319536_BC10"	"TCACAGCACCAAGGTT-1"	2	0.0344083006169377	"baseline"	0.0474207015950621	0.0561779211067489	0.0340915108734109
"GSE319536_BC10"	"TCACCATAGATTGTTA-1"	2	0.0415591699383062	"baseline"	0.0190351863926092	0.00974689661618994	0.0340915108734109
"GSE319536_BC10"	"TCAGTCCAACGGAAGT-1"	2	0	"baseline"	0.023098839241969	0.0163939334455038	0.0340915108734109
"GSE319536_BC10"	"TCAGTTGACAGTGCCA-1"	2	0.0332865956253505	"baseline"	0.0335987387441621	0.033568928771733	0.0340915108734109
"GSE319536_BC10"	"TCATCGCTGTGCAACA-1"	2	0	"baseline"	0.0246585738970457	0.0189452374275566	0.0340915108734109
"GSE319536_BC10"	"TCATCTTCCACGTATG-1"	2	0.023864273696018	"baseline"	0.0577593807707384	0.073089203589456	0.0340915108734109
"GSE319536_BC10"	"TCCAACGTGGTTGTTC-1"	2	0.0538137969713965	"baseline"	0.0382718709457125	0.0412129089549448	0.0340915108734109
"GSE319536_BC10"	"TCCAATTAGCAATCAA-1"	2	0.0867919237240606	"baseline"	0.0447358791307385	0.0517862778089362	0.0340915108734109
"GSE319536_BC10"	"TCCGAATACTCGCTGG-1"	2	0.0749298934380258	"baseline"	0.0508904845251634	0.0618535473920359	0.0340915108734109
"GSE319536_BC10"	"TCCGATGCGTATCCGG-1"	2	0.0692652832305104	"baseline"	0.049115712287616	0.0589505000934754	0.0340915108734109
"GSE319536_BC10"	"TCCGCCAACATTGCTC-1"	2	0	"baseline"	0.0292949669280595	0.0265291222658441	0.0340915108734109
"GSE319536_BC10"	"TCCGCCGGTCTATTCA-1"	2	0	"baseline"	0.0243361189575092	0.0184177883716583	0.0340915108734109
"GSE319536_BC10"	"TCCGGTACGTGGCCTC-1"	2	0	"baseline"	0.0304062596902268	0.0283468966161899	0.0340915108734109
"GSE319536_BC10"	"TCCTAATTGCGGCCTG-1"	2	0.0284352215367358	"baseline"	0.0260436046242862	0.02121077304169	0.0340915108734109
"GSE319536_BC10"	"TCCTATGAGGATTGTT-1"	2	0	"baseline"	0.0228113033725155	0.0159236025425313	0.0340915108734109
"GSE319536_BC10"	"TCGAATTAGTTACTCC-1"	2	0.0483735277621985	"baseline"	0.0416927311757106	0.0468085109366237	0.0340915108734109
"GSE319536_BC10"	"TCGATATTAGACATAC-1"	2	0.0863432417274257	"baseline"	0.0529347402072576	0.0651973967096653	0.0340915108734109
"GSE319536_BC10"	"TCGATCTAGCCGATTC-1"	2	0	"baseline"	0.0268528721458855	0.0225345157973453	0.0340915108734109
"GSE319536_BC10"	"TCGCACTGCTGTGCTC-1"	2	0.0271452607964105	"baseline"	0.0196151812603726	0.0106956113292204	0.0340915108734109
"GSE319536_BC10"	"TCGCACTTACTGAAGT-1"	2	0.0553000560852496	"baseline"	0.0212816103754745	0.0134214385866517	0.0340915108734109
"GSE319536_BC10"	"TCGCCTAGATAATTAA-1"	2	0.0421480650588895	"baseline"	0.0473328853198039	0.0560342774350346	0.0340915108734109
"GSE319536_BC10"	"TCGGAGTTGTCTTGTT-1"	2	0.095877734155917	"baseline"	0.0482622651848349	0.0575544914937371	0.0340915108734109
"GSE319536_BC10"	"TCGGCACTGGCGCCGA-1"	2	0.0744251261918116	"baseline"	0.0302989023364728	0.0281712890259862	0.0340915108734109
"GSE319536_BC10"	"TCGGTGATCGCCGGCC-1"	2	0.0480931015143017	"baseline"	0.0240189100217917	0.0178989203589456	0.0340915108734109
"GSE319536_BC10"	"TCGTCACGATGTTCGA-1"	2	0	"baseline"	0.0206014756951591	0.0123089222284539	0.0340915108734109
"GSE319536_BC10"	"TCTAACAAGCCAATCC-1"	2	0.0126752664049355	"baseline"	0.0425082104687165	0.0481424144699944	0.0340915108734109
"GSE319536_BC10"	"TCTACTTCACCGTGGA-1"	2	0	"baseline"	0.0470891890127662	0.0556356561974201	0.0340915108734109
"GSE319536_BC10"	"TCTGCGTTAGATAGGT-1"	2	0.0343241727425687	"baseline"	0.0459368482708254	0.0537507384557861	0.0340915108734109
"GSE319536_BC10"	"TCTGGACGCTAAGACA-1"	2	0.0207515423443634	"baseline"	0.0359478512516745	0.0374114413909142	0.0340915108734109
"GSE319536_BC10"	"TCTTACATTACTTCGC-1"	2	0.0196859226023556	"baseline"	0.0371126583959369	0.0393167507945411	0.0340915108734109
"GSE319536_BC10"	"TCTTAGATGCCTCCGA-1"	2	0.0393157599551318	"baseline"	0.0545073584305369	0.0677697747242475	0.0340915108734109
"GSE319536_BC10"	"TCTTAGGCGACAGTCA-1"	2	0.00311273135165452	"baseline"	0.0232371297315318	0.0166201392783698	0.0340915108734109
"GSE319536_BC10"	"TCTTGCACCAATCTAT-1"	2	0.0524397083567022	"baseline"	0.0247781519252735	0.0191408347354646	0.0340915108734109
"GSE319536_BC10"	"TCTTGCCATCGTTGTA-1"	2	0.0813236118900729	"baseline"	0.0280786626558939	0.0245395774911198	0.0340915108734109
"GSE319536_BC10"	"TCTTGCTCCGTCGGCA-1"	2	0.0448121144139091	"baseline"	0.0480406100942786	0.0571919237240606	0.0340915108734109
"GSE319536_BC10"	"TGAATTATGCCGCAGT-1"	2	0.0764722378014582	"baseline"	0.0418397135735618	0.047048934380258	0.0340915108734109
"GSE319536_BC10"	"TGACATTACAACGCCG-1"	2	0.0559169938306226	"baseline"	0.0307462870281767	0.0289030893624977	0.0340915108734109
"GSE319536_BC10"	"TGACCAACAGATAGGT-1"	2	0.0751542344363432	"baseline"	0.0465437703390193	0.0547434987848196	0.0340915108734109
"GSE319536_BC10"	"TGACGCTCGCGGTAGT-1"	2	0.0796410544026921	"baseline"	0.0347274781835184	0.0354152411665732	0.0340915108734109
"GSE319536_BC10"	"TGAGATGCTCTAATGA-1"	2	0.0843241727425687	"baseline"	0.0395975269674197	0.0433813236118901	0.0340915108734109
"GSE319536_BC10"	"TGAGTAAGCGCAATCC-1"	2	0.0250420639371845	"baseline"	0.0361664833182435	0.0377690643110862	0.0340915108734109
"GSE319536_BC10"	"TGATGGATGATCACGG-1"	2	0.000532809871003926	"baseline"	0.0198352962659297	0.0110556599364367	0.0340915108734109
"GSE319536_BC10"	"TGATGGCTGCGACGAT-1"	2	0.0213684800897364	"baseline"	0.0371773019636938	0.0394224901850813	0.0340915108734109
"GSE319536_BC10"	"TGCACCGGTCACCTCC-1"	2	0.0409422321929333	"baseline"	0.0448415078176568	0.0519590577678071	0.0340915108734109
"GSE319536_BC10"	"TGCCACTCAACCGGCC-1"	2	0.0247616376892877	"baseline"	0.0414835081998693	0.0464662787436904	0.0340915108734109
"GSE319536_BC10"	"TGCCTATCGGCTATGT-1"	2	0.0937464946719013	"baseline"	0.0397832657899992	0.0436851420826323	0.0340915108734109
"GSE319536_BC10"	"TGCGTTAGCACGTACC-1"	2	0.0357263039820527	"baseline"	0.0210818822093775	0.0130947373340811	0.0340915108734109
"GSE319536_BC10"	"TGCGTTGTATTGCCTG-1"	2	0.111749859786876	"baseline"	0.0320667284763709	0.031062974387736	0.0340915108734109
"GSE319536_BC10"	"TGGAAGCCATAACAGT-1"	2	0.035530005608525	"baseline"	0.037802516470041	0.0404451719947654	0.0340915108734109
"GSE319536_BC10"	"TGGAGTGATGGCTCTT-1"	2	0.0634043746494672	"baseline"	0.0432385193467782	0.04933700224341	0.0340915108734109
"GSE319536_BC10"	"TGGCATGCGTTCACGC-1"	2	0.0823331463825014	"baseline"	0.0414030409016386	0.0463346560104693	0.0340915108734109
"GSE319536_BC10"	"TGGTACGGTCGGCGAA-1"	2	0.0316040381379697	"baseline"	0.0570710284940267	0.0719632454664423	0.0340915108734109
"GSE319536_BC10"	"TGGTACTGGTATCTTG-1"	2	0.0901289960740325	"baseline"	0.0380291461208636	0.0408158767994018	0.0340915108734109
"GSE319536_BC10"	"TGGTATTAGCTAGACC-1"	2	0	"baseline"	0.0231631027887521	0.0164990512245279	0.0340915108734109
"GSE319536_BC10"	"TGTAGGATCAGAGCGT-1"	2	0	"baseline"	0.0374848132213275	0.0399254954197046	0.0340915108734109
"GSE319536_BC10"	"TGTAGGTTCTGGCTTA-1"	2	0.047896803140774	"baseline"	0.0499006727533936	0.0602344830809497	0.0340915108734109
"GSE319536_BC10"	"TGTATGGTGCCAAGGT-1"	2	0.0383903533370724	"baseline"	0.0389076946090205	0.0422529444756029	0.0340915108734109
"GSE319536_BC10"	"TGTCCTCAACGTTCTA-1"	2	0.0183118339876612	"baseline"	0.0565030285739934	0.071034151243223	0.0340915108734109
"GSE319536_BC10"	"TGTCGAGTGCGTTAGC-1"	2	0	"baseline"	0.0443683159873398	0.0511850439334455	0.0340915108734109
"GSE319536_BC10"	"TGTCGTTCATACGATA-1"	2	0	"baseline"	0.0192349831339195	0.0100737100392597	0.0340915108734109
"GSE319536_BC10"	"TGTTCAGAACGGTGTA-1"	2	0.0251822770611329	"baseline"	0.0279215254118701	0.0242825434660684	0.0340915108734109
"GSE319536_BC10"	"TGTTCATAGTATGACG-1"	2	0.0526079641054403	"baseline"	0.0301170408707464	0.0278738128622172	0.0340915108734109
"GSE319536_BC10"	"AACAGGATTCATAGTT-1"	2	0.0993550196298374	"tme"	0.0388684862513561	0.0397138156664797	0.0340915108734109
"GSE319536_BC10"	"AACAGGTTCACCGAAG-1"	2	0	"tme"	0.0323328767854994	0.0326261263787624	0.0340915108734109
"GSE319536_BC10"	"AACGGCACAGAATATT-1"	2	0.0374088614694335	"tme"	0.0403845372297731	0.0413579313890447	0.0340915108734109
"GSE319536_BC10"	"AACTAGCATCACGTAC-1"	2	0.00953449242849131	"tme"	0.0268517302830149	0.026681973266031	0.0340915108734109
"GSE319536_BC10"	"AACTCAACTTGACAGC-1"	2	0.0508693213684801	"tme"	0.0285052569494726	0.0284751776032903	0.0340915108734109
"GSE319536_BC10"	"AACTGCGGTCCGAAGC-1"	2	0.0429332585530006	"tme"	0.055840835875578	0.0581198635258927	0.0340915108734109
"GSE319536_BC10"	"AACTTGCAACTTGGAC-1"	2	0.0634324172742569	"tme"	0.044514156230782	0.0458363899794354	0.0340915108734109
"GSE319536_BC10"	"AAGACTAAGGAGATCC-1"	2	0.0777621985417835	"tme"	0.0216954287595602	0.02109010562722	0.0340915108734109
"GSE319536_BC10"	"AAGAGCAGATGTGCCA-1"	2	0.0598429613011778	"tme"	0.0568282568688833	0.0591906945223406	0.0340915108734109
"GSE319536_BC10"	"AAGATTAGGCTGTCTA-1"	2	0	"tme"	0.0375719205809594	0.0383077257431296	0.0340915108734109
"GSE319536_BC10"	"AAGCAGTGAGTGCGAC-1"	2	0.0308188446438587	"tme"	0.0246828691108527	0.0243299027855674	0.0340915108734109
"GSE319536_BC10"	"AAGCATCAAGCGTGAT-1"	2	0.0224340998317443	"tme"	0.0187549815711378	0.0179012712656571	0.0340915108734109
"GSE319536_BC10"	"AAGCATTGAGTGGTTG-1"	2	0.0517386427369602	"tme"	0.0445254175233884	0.0458486025425313	0.0340915108734109
"GSE319536_BC10"	"AAGCCATCCGTGCTAT-1"	2	0.0473920358945597	"tme"	0.0155844945758077	0.0144629650401944	0.0340915108734109
"GSE319536_BC10"	"AAGCCATTATCTGCCA-1"	2	0.0611890072910825	"tme"	0.0383796909878521	0.0391837306038512	0.0340915108734109
"GSE319536_BC10"	"AAGGACCAACATGGCT-1"	2	0.0402411665731913	"tme"	0.0386766176149859	0.0395057393905403	0.0340915108734109
"GSE319536_BC10"	"AAGGTTGCTGAGTTGA-1"	2	0.0830902972518228	"tme"	0.0582370863782021	0.0607185315012152	0.0340915108734109
"GSE319536_BC10"	"AAGTCGCTATCCTGTC-1"	2	0.079472798653954	"tme"	0.0459230590053033	0.0473643064124136	0.0340915108734109
"GSE319536_BC10"	"AAGTCGGACACTTCAG-1"	2	0.045877734155917	"tme"	0.0440165346652275	0.045296733034212	0.0340915108734109
"GSE319536_BC10"	"AAGTCTGTCAATTCTT-1"	2	0.069910263600673	"tme"	0.0418217548502277	0.0429165544961675	0.0340915108734109
"GSE319536_BC10"	"AAGTTACTATTACATC-1"	2	0.0510656197420079	"tme"	0.0308945515675707	0.0310663021125444	0.0340915108734109
"GSE319536_BC10"	"AATAACATGTGCTATG-1"	2	0.0156197420078519	"tme"	0.0313677284137744	0.0315794494297999	0.0340915108734109
"GSE319536_BC10"	"AATACTAACCACTTAT-1"	2	0	"tme"	0.0172265530832048	0.0162437324733595	0.0340915108734109
"GSE319536_BC10"	"AATAGATAGCCTAACC-1"	2	0.0617218171620864	"tme"	0.054366425390526	0.0565209057767807	0.0340915108734109
"GSE319536_BC10"	"AATCGAACGGACGGAG-1"	2	0	"tme"	0.0226615468177897	0.0221378341746121	0.0340915108734109
"GSE319536_BC10"	"AATGTAGTCTTACGAG-1"	2	0.0608524957936063	"tme"	0.0289975689426998	0.0290090764628903	0.0340915108734109
"GSE319536_BC10"	"AATTAGCAACCGTTCC-1"	2	0.0365114974761638	"tme"	0.0377246181922629	0.0384733221162834	0.0340915108734109
"GSE319536_BC10"	"AATTGCGGTGCTAATA-1"	2	0.0743129556926528	"tme"	0.0484956847088136	0.0501542484576557	0.0340915108734109
"GSE319536_BC10"	"AATTGGACGGCATCGT-1"	2	0.0680874929893438	"tme"	0.0448155003186588	0.0461631893811927	0.0340915108734109
"GSE319536_BC10"	"AATTGGAGACATGGAG-1"	2	0.0469713965227145	"tme"	0.0553152830289742	0.0575499158721256	0.0340915108734109
"GSE319536_BC10"	"ACAATACACTTCCATC-1"	2	0.0851093662366798	"tme"	0.0358743701471944	0.0364667788371658	0.0340915108734109
"GSE319536_BC10"	"ACATCGGCTTACAAGG-1"	2	0	"tme"	0.0269256203946629	0.0267621050663675	0.0340915108734109
"GSE319536_BC10"	"ACATTGAAGGCGGTGC-1"	2	0.0279024116657319	"tme"	0.0583973303053701	0.0608923116470368	0.0340915108734109
"GSE319536_BC10"	"ACCGGACGCCAAGCGT-1"	2	0.0639091418956814	"tme"	0.0534460722255942	0.0555228080014956	0.0340915108734109
"GSE319536_BC10"	"ACCTAATTGTCGCTGA-1"	2	0.0868480089736399	"tme"	0.0269613479552089	0.0268008506262853	0.0340915108734109
"GSE319536_BC10"	"ACCTCCTAGAGGCATG-1"	2	0.0442512619181155	"tme"	0.0574745033624222	0.0598915311273135	0.0340915108734109
"GSE319536_BC10"	"ACGACAAGCACTTCAC-1"	2	0	"tme"	0.0314933394487171	0.0317156711534866	0.0340915108734109
"GSE319536_BC10"	"ACGCAAGGCATAAGTC-1"	2	0.0541783510936624	"tme"	0.0555454176496735	0.057799490558983	0.0340915108734109
"GSE319536_BC10"	"ACGCGGAAGAGTTCCG-1"	2	0.00257992148065059	"tme"	0.018752244900336	0.0178983034212002	0.0340915108734109
"GSE319536_BC10"	"ACGCTCAGTGCTATTC-1"	2	0.057543466068424	"tme"	0.0302545498551213	0.0303722378014582	0.0340915108734109
"GSE319536_BC10"	"ACGGCTTCAGGTACCG-1"	2	0.0774256870443074	"tme"	0.0506861763546043	0.0525297765937559	0.0340915108734109
"GSE319536_BC10"	"ACGGTGTACGGTGCCA-1"	2	0.0247896803140774	"tme"	0.058262849871199	0.0607464713030473	0.0340915108734109
"GSE319536_BC10"	"ACGGTTCACCTTCCGG-1"	2	0.0556926528323051	"tme"	0.054313622728064	0.0564636427369602	0.0340915108734109
"GSE319536_BC10"	"ACGTTCGTCCGCCTAT-1"	2	0.0147504206393718	"tme"	0.0201832306688546	0.0194501682557487	0.0340915108734109
"GSE319536_BC10"	"ACTAATAGTCAACATA-1"	2	0	"tme"	0.0521236611775624	0.0540886894746682	0.0340915108734109
"GSE319536_BC10"	"ACTGACGGCGAATAGT-1"	2	0.0268648345485137	"tme"	0.0268974865568771	0.0267315946905964	0.0340915108734109
"GSE319536_BC10"	"ACTGACTGTCATCTAC-1"	2	0.0361749859786876	"tme"	0.0231736792031702	0.0226932277061133	0.0340915108734109
"GSE319536_BC10"	"ACTGGTTCTGAACGAT-1"	2	0.0132080762759394	"tme"	0.0428571128346011	0.0440393718452047	0.0340915108734109
"GSE319536_BC10"	"ACTGTACAATTCTACT-1"	2	0.0862030286034773	"tme"	0.0601416670355509	0.0627839970087867	0.0340915108734109
"GSE319536_BC10"	"ACTGTAGCAGCTTCTG-1"	2	0.04649467190129	"tme"	0.0494175850624349	0.0511540241166573	0.0340915108734109
"GSE319536_BC10"	"AGAAGGCGTAGAATAG-1"	2	0.0408861469433539	"tme"	0.0285131049455829	0.028483688539914	0.0340915108734109
"GSE319536_BC10"	"AGAATTCTGTTGACAA-1"	2	0.0617779024116657	"tme"	0.0568041784755455	0.0591645821648906	0.0340915108734109
"GSE319536_BC10"	"AGACCTATCCTTATAG-1"	2	0	"tme"	0.0213876200949862	0.0207562955692653	0.0340915108734109
"GSE319536_BC10"	"AGACCTTCGCGTGAAC-1"	2	0	"tme"	0.0176520558311263	0.0167051785380445	0.0340915108734109
"GSE319536_BC10"	"AGATCTCCGCCTTATT-1"	2	0.0344083006169377	"tme"	0.0269807158269934	0.0268218545522528	0.0340915108734109
"GSE319536_BC10"	"AGCATGAGCGAATATT-1"	2	0.0684800897363993	"tme"	0.0280492457092586	0.0279806459151243	0.0340915108734109
"GSE319536_BC10"	"AGCATGCACCGCGTCA-1"	2	0.0457655636567583	"tme"	0.0344834690639156	0.0349583847448121	0.0340915108734109
"GSE319536_BC10"	"AGCGAGGAACTGGTCC-1"	2	0.0307627593942793	"tme"	0.0192188063297198	0.0184042765002804	0.0340915108734109
"GSE319536_BC10"	"AGCGGTGCAGGCATCT-1"	2	0.0430173864273696	"tme"	0.0309019858307723	0.0310743643671714	0.0340915108734109
"GSE319536_BC10"	"AGCGGTTAGACTCGCC-1"	2	0	"tme"	0.0238100693721048	0.0233833753972705	0.0340915108734109
"GSE319536_BC10"	"AGCTGACGTAACGCTG-1"	2	0.0517106001121705	"tme"	0.0513406328605484	0.0532395167320995	0.0340915108734109
"GSE319536_BC10"	"AGGCAATGTCAGCTGG-1"	2	0.0114974761637689	"tme"	0.0164377109568811	0.0153882548139839	0.0340915108734109
"GSE319536_BC10"	"AGGTACAGCTATGATA-1"	2	0.0823331463825014	"tme"	0.0550748524924554	0.0572891755468312	0.0340915108734109
"GSE319536_BC10"	"AGGTGAGCAATGTCTT-1"	2	0.0393157599551318	"tme"	0.02655410117188	0.0263592026547018	0.0340915108734109
"GSE319536_BC10"	"AGGTGATTGGCGGTAT-1"	2	0	"tme"	0.0276636423287116	0.0275624696204898	0.0340915108734109
"GSE319536_BC10"	"AGGTTGAGTAGGAGAT-1"	2	0.0628715647784633	"tme"	0.0257853854276734	0.0255255515049542	0.0340915108734109
"GSE319536_BC10"	"AGTACATATGTAGGAA-1"	2	0.0586371284352215	"tme"	0.0291028294902	0.0291232286408675	0.0340915108734109
"GSE319536_BC10"	"AGTCACTTATTCAAGG-1"	2	0.0476724621424565	"tme"	0.0151659304735411	0.0140090437464947	0.0340915108734109
"GSE319536_BC10"	"AGTCCGTGATCACTAC-1"	2	0	"tme"	0.0218631198790832	0.0212719620489811	0.0340915108734109
"GSE319536_BC10"	"AGTCGGTTATACATAG-1"	2	0.0442512619181155	"tme"	0.0383283751780304	0.0391280800149561	0.0340915108734109
"GSE319536_BC10"	"AGTGGTATGTCCAAGT-1"	2	0.0439988782950084	"tme"	0.0549921274593214	0.0571994625163582	0.0340915108734109
"GSE319536_BC10"	"AGTGTCTGAACTGTGG-1"	2	0.0550757150869321	"tme"	0.0396171057814703	0.0405256730229949	0.0340915108734109
"GSE319536_BC10"	"AGTTAAGACTGGCTCC-1"	2	0.0318844643858665	"tme"	0.0280948295944088	0.0280300803888577	0.0340915108734109
"GSE319536_BC10"	"AGTTCGTCTAGTGCAG-1"	2	0	"tme"	0.01769248529379	0.0167490231819032	0.0340915108734109
"GSE319536_BC10"	"ATACATCACGCCTTCT-1"	2	0.0484576556365676	"tme"	0.0270811494905597	0.0269307721069359	0.0340915108734109
"GSE319536_BC10"	"ATACGGCACGTTACGA-1"	2	0.0682557487380819	"tme"	0.0334626434479573	0.0338513273509067	0.0340915108734109
"GSE319536_BC10"	"ATACGGCGACTGGTCT-1"	2	0.0710319685922602	"tme"	0.031860673935518	0.0321140353337072	0.0340915108734109
"GSE319536_BC10"	"ATAGAACGTTCGATCT-1"	2	0.065086932136848	"tme"	0.05046652296759	0.0522915685174799	0.0340915108734109
"GSE319536_BC10"	"ATAGAATTCTAGGCCG-1"	2	0.051402131239484	"tme"	0.0522903007259427	0.0542694054963545	0.0340915108734109
"GSE319536_BC10"	"ATCATTCCAACTTCGC-1"	2	0.0741446999439147	"tme"	0.0493431131388841	0.051073261357263	0.0340915108734109
"GSE319536_BC10"	"ATCCAACGCCACATCG-1"	2	0.0247616376892877	"tme"	0.0434509919471755	0.0446834174612077	0.0340915108734109
"GSE319536_BC10"	"ATCCTCGTTCCAGGCC-1"	2	0.0325855300056085	"tme"	0.0568396991696373	0.0592031033838101	0.0340915108734109
"GSE319536_BC10"	"ATCGTAATCCACATGC-1"	2	0.0690409422321929	"tme"	0.0497249067288976	0.0514873060385119	0.0340915108734109
"GSE319536_BC10"	"ATCTACCATATTCCAG-1"	2	0	"tme"	0.0266486951678299	0.0264617872499533	0.0340915108734109
"GSE319536_BC10"	"ATCTGCCGTCTACAGC-1"	2	0.0548794167134044	"tme"	0.0437306753933992	0.0449867264909329	0.0340915108734109
"GSE319536_BC10"	"ATGAAGCTGAATCCAG-1"	2	0.0425126191811554	"tme"	0.0242867931160564	0.0239003692278931	0.0340915108734109
"GSE319536_BC10"	"ATGACCAGACGGCCGG-1"	2	0.0341559169938306	"tme"	0.0407311333545297	0.041733805384184	0.0340915108734109
"GSE319536_BC10"	"ATGAGCTATTCGAAGA-1"	2	0.0462422882781828	"tme"	0.0265885789142646	0.0263965928210881	0.0340915108734109
"GSE319536_BC10"	"ATGCATGTATGTGAGT-1"	2	0.0395961862030286	"tme"	0.0312473148984963	0.031448864273696	0.0340915108734109
"GSE319536_BC10"	"ATGCTCCAACCTGGCC-1"	2	0	"tme"	0.0215162436226697	0.0208957842587399	0.0340915108734109
"GSE319536_BC10"	"ATGGAGGCCACGGCTT-1"	2	0.0697139652271453	"tme"	0.0283673158119097	0.0283255842213498	0.0340915108734109
"GSE319536_BC10"	"ATGTAATTGTCGTTCG-1"	2	0.0853617498597869	"tme"	0.0503408257382913	0.0521552533183773	0.0340915108734109
"GSE319536_BC10"	"ATGTAGGTAACCGTAC-1"	2	0.0392316320807628	"tme"	0.0466106830994214	0.0481100158908207	0.0340915108734109
"GSE319536_BC10"	"ATGTCGGATAAGCCGA-1"	2	0.045877734155917	"tme"	0.0335634391278187	0.0339606375023369	0.0340915108734109
"GSE319536_BC10"	"ATGTCGGCTGTCGTAA-1"	2	0.0406618059450365	"tme"	0.0430925915053699	0.0442947420078519	0.0340915108734109
"GSE319536_BC10"	"ATGTTAAGATTACTGA-1"	2	0.0894840157038699	"tme"	0.0511597109073853	0.0530433118339877	0.0340915108734109
"GSE319536_BC10"	"ATTATCGAGTGCAGAT-1"	2	0.0584408300616938	"tme"	0.0316975855946033	0.0319371704991587	0.0340915108734109
"GSE319536_BC10"	"ATTCTTGGAGTGATAG-1"	2	0.0126191811553561	"tme"	0.0321833899139554	0.0324640119648532	0.0340915108734109
"GSE319536_BC10"	"ATTGACGCATCTCAAC-1"	2	0.0817722938867078	"tme"	0.0462507096106196	0.0477196345111236	0.0340915108734109
"GSE319536_BC10"	"ATTGCACGACCACTTG-1"	2	0	"tme"	0.0238202575449795	0.0233944241914376	0.0340915108734109
"GSE319536_BC10"	"ATTGCAGTTCTTCATT-1"	2	0.0642176107683679	"tme"	0.0280546587148129	0.027986516171247	0.0340915108734109
"GSE319536_BC10"	"ATTGCATCACTGACTG-1"	2	0.0799214806505889	"tme"	0.0497735031067887	0.0515400074780333	0.0340915108734109
"GSE319536_BC10"	"ATTGGCCTTCCGTGCA-1"	2	0.0858665171060011	"tme"	0.0552380356471616	0.0574661432043373	0.0340915108734109
"GSE319536_BC10"	"ATTGGCTAACAGACAA-1"	2	0.0564498037016265	"tme"	0.0571179604089876	0.0595048700691718	0.0340915108734109
"GSE319536_BC10"	"CAACCGTACTGATCTT-1"	2	0.0581884464385867	"tme"	0.0532790792803545	0.0553417087306038	0.0340915108734109
"GSE319536_BC10"	"CAAGGTCTCAATACAG-1"	2	0.0376892877173303	"tme"	0.0270725041966568	0.0269213965227145	0.0340915108734109
"GSE319536_BC10"	"CAAGTACTCCGCATCG-1"	2	0.0378575434660684	"tme"	0.0541156429118561	0.0562489390540288	0.0340915108734109
"GSE319536_BC10"	"CAAGTACTTCAATAGT-1"	2	0.0744812114413909	"tme"	0.045312380612752	0.0467020424378389	0.0340915108734109
"GSE319536_BC10"	"CAAGTAGCCTCGATCC-1"	2	0.0996915311273135	"tme"	0.0440584294319426	0.0453421667601421	0.0340915108734109
"GSE319536_BC10"	"CAAGTCCGCTACCGTT-1"	2	0.0902972518227706	"tme"	0.0448816329382702	0.0462349083940924	0.0340915108734109
"GSE319536_BC10"	"CAATTGTTGACGTGAG-1"	2	0.0315479528883904	"tme"	0.0233955477851328	0.0229338381005796	0.0340915108734109
"GSE319536_BC10"	"CACCTCGAGGACTCTA-1"	2	0	"tme"	0.0287797299468785	0.0287728360441204	0.0340915108734109
"GSE319536_BC10"	"CACGGATTCTCATCAC-1"	2	0.0170499158721256	"tme"	0.0378140491462906	0.0385703075341185	0.0340915108734109
"GSE319536_BC10"	"CACGGCTGCGCTTGGC-1"	2	0	"tme"	0.0199293408836524	0.0191748317442513	0.0340915108734109
"GSE319536_BC10"	"CACGTCCATCTACTGA-1"	2	0	"tme"	0.0162262632725543	0.0151589455973079	0.0340915108734109
"GSE319536_BC10"	"CACTCAATAAGCCGAA-1"	2	0.0271452607964105	"tme"	0.0529058189315812	0.0549369181155356	0.0340915108734109
"GSE319536_BC10"	"CACTGGCGGTAACACC-1"	2	0.0667134043746495	"tme"	0.0539978281564102	0.0561211721817162	0.0340915108734109
"GSE319536_BC10"	"CAGAACGTATCGACTT-1"	2	0.0271452607964105	"tme"	0.0292889317241563	0.0293250514114788	0.0340915108734109
"GSE319536_BC10"	"CAGAATTCTTGAACCA-1"	2	0.043942793045429	"tme"	0.0368783663151511	0.037555585156104	0.0340915108734109
"GSE319536_BC10"	"CAGATACAGCACTCGT-1"	2	0.0644419517666854	"tme"	0.0535263105515587	0.055609824266218	0.0340915108734109
"GSE319536_BC10"	"CAGCACGCTAATCAGA-1"	2	0.0728266965787998	"tme"	0.0465683487414909	0.0480641054402692	0.0340915108734109
"GSE319536_BC10"	"CAGCCTCGTGGCTCAC-1"	2	0	"tme"	0.0343843326254065	0.0348508739951393	0.0340915108734109
"GSE319536_BC10"	"CAGCTGGATGCGGCTA-1"	2	0.0803421200224341	"tme"	0.0540160798112851	0.0561409656010469	0.0340915108734109
"GSE319536_BC10"	"CAGGCCAACGGTCGTA-1"	2	0.0492708917554683	"tme"	0.0518684526187139	0.0538119227893064	0.0340915108734109
"GSE319536_BC10"	"CAGTTGCTCACGTGTC-1"	2	0.07807066741447	"tme"	0.0480012695733008	0.0496180687979061	0.0340915108734109
"GSE319536_BC10"	"CATACCTCGATTGTTC-1"	2	0	"tme"	0.0139562228556467	0.012697148999813	0.0340915108734109
"GSE319536_BC10"	"CATCCGAAGCGTATGG-1"	2	0.0453729669097028	"tme"	0.0513161838314799	0.0532130024303608	0.0340915108734109
"GSE319536_BC10"	"CATCCGTGGTCGTAAG-1"	2	0.0713404374649467	"tme"	0.0507479087523439	0.0525967236866704	0.0340915108734109
"GSE319536_BC10"	"CATTGCGTGCCACCTT-1"	2	0.0590577678070668	"tme"	0.0534470246732276	0.055523840904842	0.0340915108734109
"GSE319536_BC10"	"CCAACAGGAACACGGT-1"	2	0.0503925967470555	"tme"	0.0567587281916471	0.059115292578052	0.0340915108734109
"GSE319536_BC10"	"CCAATCTAACGTGACG-1"	2	0.0625911385305665	"tme"	0.0570350543677061	0.0594149607403253	0.0340915108734109
"GSE319536_BC10"	"CCAATTATGACACTGG-1"	2	0	"tme"	0.016154493542063	0.0150811132922042	0.0340915108734109
"GSE319536_BC10"	"CCACGGTACACCAACC-1"	2	0.0337352776219854	"tme"	0.0283024028424351	0.0282551878855861	0.0340915108734109
"GSE319536_BC10"	"CCACTAATCACCGGTA-1"	2	0.0395681435782389	"tme"	0.0445946876175568	0.0459237240605721	0.0340915108734109
"GSE319536_BC10"	"CCAGATTGTAGCCTAC-1"	2	0.033510936623668	"tme"	0.0285422860447936	0.0285153346419891	0.0340915108734109
"GSE319536_BC10"	"CCATAGTATTGTCTGC-1"	2	0.0553561413348289	"tme"	0.0514415190444835	0.0533489250327164	0.0340915108734109
"GSE319536_BC10"	"CCGCGAGGTGCGATGG-1"	2	0.00493550196298374	"tme"	0.021000335924498	0.0203362965040194	0.0340915108734109
"GSE319536_BC10"	"CCGCTCATACAAGTCA-1"	2	0	"tme"	0.0231876728568606	0.0227084034398953	0.0340915108734109
"GSE319536_BC10"	"CCGCTCGCTAGTCTAA-1"	2	0	"tme"	0.0197621195233694	0.0189934847635072	0.0340915108734109
"GSE319536_BC10"	"CCGGCAATGAAGTGAA-1"	2	0	"tme"	0.0341139236918843	0.034557622920172	0.0340915108734109
"GSE319536_BC10"	"CCGGCGTCCTCATTGT-1"	2	0.0832865956253505	"tme"	0.0490637270631885	0.0507702748177229	0.0340915108734109
"GSE319536_BC10"	"CCTACACCGACATTAC-1"	2	0.0323611890072911	"tme"	0.0307718108046816	0.0309331931202094	0.0340915108734109
"GSE319536_BC10"	"CCTACCATGTGATCAC-1"	2	0.0390914189568144	"tme"	0.0235961651486331	0.0231514021312395	0.0340915108734109
"GSE319536_BC10"	"CCTAGTCAGTCCTTAT-1"	2	0.0690689848569826	"tme"	0.0445935843298005	0.0459225275752477	0.0340915108734109
"GSE319536_BC10"	"CCTCACAATACAACTG-1"	2	0.0414750420639372	"tme"	0.0433631900664753	0.0445881987287343	0.0340915108734109
"GSE319536_BC10"	"CCTCACATGTCTTACT-1"	2	0.0805945036455412	"tme"	0.0519310383405776	0.053879795288839	0.0340915108734109
"GSE319536_BC10"	"CCTCATGATTATCTGA-1"	2	0.0890072910824453	"tme"	0.0445420918215491	0.0458666853617499	0.0340915108734109
"GSE319536_BC10"	"CCTGAAGCGTATAGCA-1"	2	0	"tme"	0.0319311162729275	0.0321904281174051	0.0340915108734109
"GSE319536_BC10"	"CCTGAAGTGCATGCAT-1"	2	0.032108805384184	"tme"	0.0139526759578989	0.0126933024864461	0.0340915108734109
"GSE319536_BC10"	"CCTGCTCGCCGTCCAG-1"	2	0.0432136848008974	"tme"	0.0250594005354347	0.0247382407926715	0.0340915108734109
"GSE319536_BC10"	"CCTGTCTTACAATCCT-1"	2	0.115563656758273	"tme"	0.0308993051863019	0.0310714572817349	0.0340915108734109
"GSE319536_BC10"	"CCTTAGATCTGTAATA-1"	2	0.00196298373527762	"tme"	0.0403221066577502	0.0412902271452608	0.0340915108734109
"GSE319536_BC10"	"CCTTCACCGACGGACA-1"	2	0.0721536735838475	"tme"	0.0465527260144729	0.0480471630211255	0.0340915108734109
"GSE319536_BC10"	"CCTTGTCTTACGGTTC-1"	2	0	"tme"	0.0265084440215272	0.0263096887268648	0.0340915108734109
"GSE319536_BC10"	"CGAAGACCGCCAGGCG-1"	2	0.0544307347167695	"tme"	0.05261297791692	0.0546193400635633	0.0340915108734109
"GSE319536_BC10"	"CGACAATCATACGCAC-1"	2	0.0479248457655637	"tme"	0.049314345772582	0.0510420639371845	0.0340915108734109
"GSE319536_BC10"	"CGACATTGTATGGAGG-1"	2	0.067021873247336	"tme"	0.0494370391285754	0.0511751215180408	0.0340915108734109
"GSE319536_BC10"	"CGACCAGAACTGTCAT-1"	2	0.0809871003925968	"tme"	0.0416985443280986	0.0427829360628155	0.0340915108734109
"GSE319536_BC10"	"CGACCAGATTCAGTGA-1"	2	0.0464105440269209	"tme"	0.0294636218253834	0.0295144980370163	0.0340915108734109
"GSE319536_BC10"	"CGACCTGCATCTGCAT-1"	2	0.0960179472798654	"tme"	0.035708394295355	0.0362867825761825	0.0340915108734109
"GSE319536_BC10"	"CGACTAGGAGATAAGC-1"	2	0.0424845765563657	"tme"	0.0261543791558266	0.0259257150869321	0.0340915108734109
"GSE319536_BC10"	"CGAGATGCGGTATGCG-1"	2	0	"tme"	0.0152401179557171	0.0140894980370163	0.0340915108734109
"GSE319536_BC10"	"CGAGTCATCCGCACCA-1"	2	0	"tme"	0.0297354012491655	0.0298092353710974	0.0340915108734109
"GSE319536_BC10"	"CGATAAGGATAGGCAA-1"	2	0.0487941671340438	"tme"	0.0341139236918843	0.034557622920172	0.0340915108734109
"GSE319536_BC10"	"CGATGATCAGCTATAA-1"	2	0.0686203028603477	"tme"	0.0540515789567878	0.0561794634511124	0.0340915108734109
"GSE319536_BC10"	"CGCACGCAGGTAAGTC-1"	2	0.0863432417274257	"tme"	0.0441032246387358	0.0453907459338194	0.0340915108734109
"GSE319536_BC10"	"CGCAGAGCAGTCCGAG-1"	2	0.0720415030846887	"tme"	0.0476005907998963	0.0491835436530193	0.0340915108734109
"GSE319536_BC10"	"CGCAGATTCGACCGAA-1"	2	0.0439147504206394	"tme"	0.0370531081329918	0.037745087866891	0.0340915108734109
"GSE319536_BC10"	"CGCCACAATAGCTCAA-1"	2	0.0109927089175547	"tme"	0.0549981696836743	0.0572060151430174	0.0340915108734109
"GSE319536_BC10"	"CGCCGGTATCTAGCAC-1"	2	0	"tme"	0.0281265663562738	0.0280644980370163	0.0340915108734109
"GSE319536_BC10"	"CGCCTTACGAGTAGCG-1"	2	0.0836511497476164	"tme"	0.0536571449644726	0.0557517106001122	0.0340915108734109
"GSE319536_BC10"	"CGCCTTAGGATCGGCA-1"	2	0	"tme"	0.0322682439476817	0.0325560338381006	0.0340915108734109
"GSE319536_BC10"	"CGCTAGACTTCATCAC-1"	2	0.0669657879977566	"tme"	0.0544102767691214	0.0565684613946532	0.0340915108734109
"GSE319536_BC10"	"CGCTCGCAATTGGCGA-1"	2	0	"tme"	0.0253049423972621	0.0250045242101327	0.0340915108734109
"GSE319536_BC10"	"CGCTTAGAATTCTTAC-1"	2	0	"tme"	0.0227527490658325	0.0222367405122453	0.0340915108734109
"GSE319536_BC10"	"CGGATTCCAGACGGTT-1"	2	0.0454290521592821	"tme"	0.0315394103319785	0.0317656337633202	0.0340915108734109
"GSE319536_BC10"	"CGGCAAGATGCGTCGG-1"	2	0.0646102075154234	"tme"	0.0512464051906113	0.0531373294073659	0.0340915108734109
"GSE319536_BC10"	"CGGCCTGTCTGTCTGT-1"	2	0.0611890072910825	"tme"	0.0378200741317724	0.0385768414656945	0.0340915108734109
"GSE319536_BC10"	"CGGCTTGTGCCGGCCT-1"	2	0.00748738081884464	"tme"	0.0146965418692818	0.0135000046737708	0.0340915108734109
"GSE319536_BC10"	"CGGTCATGGAGGACTC-1"	2	0.0471396522714526	"tme"	0.0341572492849083	0.0346046083380071	0.0340915108734109
"GSE319536_BC10"	"CGGTCCGGTTCTTAGC-1"	2	0	"tme"	0.0205855729933293	0.0198864974761638	0.0340915108734109
"GSE319536_BC10"	"CGGTGAACTCACATTG-1"	2	0	"tme"	0.0314508413215103	0.0316695830996448	0.0340915108734109
"GSE319536_BC10"	"CGGTTGATTGAGCGCC-1"	2	0	"tme"	0.0379428278238149	0.038709964479342	0.0340915108734109
"GSE319536_BC10"	"CGTGCGGATTCATGTA-1"	2	0.0831744251261918	"tme"	0.0547878382162571	0.0569779164329781	0.0340915108734109
"GSE319536_BC10"	"CGTGTTGGACGTCTGG-1"	2	0.0353897924845766	"tme"	0.0255720974938468	0.0252942465881473	0.0340915108734109
"GSE319536_BC10"	"CGTTACAGTGCACTCA-1"	2	0.0204150308468873	"tme"	0.0545943792940195	0.0567681155356141	0.0340915108734109
"GSE319536_BC10"	"CGTTGGTCGTCACTGT-1"	2	0.0261357263039821	"tme"	0.0354649943632732	0.036022822022808	0.0340915108734109
"GSE319536_BC10"	"CTACAGGTCGCTAAGC-1"	2	0.0375210319685923	"tme"	0.0165912748214621	0.0155547906150682	0.0340915108734109
"GSE319536_BC10"	"CTAGGACGCAAGCATT-1"	2	0.0807347167694896	"tme"	0.0525088206571761	0.0545063843709104	0.0340915108734109
"GSE319536_BC10"	"CTATCCATTGAGCCAC-1"	2	0.0620302860347729	"tme"	0.0244806787003561	0.0241106328285661	0.0340915108734109
"GSE319536_BC10"	"CTATCCGCTGCAATTG-1"	2	0.0501962983735278	"tme"	0.0472263995520786	0.0487777435034586	0.0340915108734109
"GSE319536_BC10"	"CTATTATGAGATACGA-1"	2	0.0443353897924846	"tme"	0.0460048488296751	0.0474530052346233	0.0340915108734109
"GSE319536_BC10"	"CTATTCTGCAACGCAC-1"	2	0	"tme"	0.0504886490587653	0.0523155636567583	0.0340915108734109
"GSE319536_BC10"	"CTCCTTATGGAACCTT-1"	2	0.0752103196859226	"tme"	0.0273326301435128	0.0272034959805571	0.0340915108734109
"GSE319536_BC10"	"CTCGATGTTGCTATGT-1"	2	0.0876892877173303	"tme"	0.0572148859622662	0.0596099831744251	0.0340915108734109
"GSE319536_BC10"	"CTCGGAATTCTTGATA-1"	2	0.0303421200224341	"tme"	0.0239521305998827	0.0235374369040942	0.0340915108734109
"GSE319536_BC10"	"CTCGGACTAACGTGGC-1"	2	0.0673303421200224	"tme"	0.056532709351445	0.058870181342307	0.0340915108734109
"GSE319536_BC10"	"CTCGGAGTCTTAAGGA-1"	2	0.0408581043185642	"tme"	0.0392731687525951	0.0401526827444382	0.0340915108734109
"GSE319536_BC10"	"CTGAAGGAGCCTCACT-1"	2	0.0299214806505889	"tme"	0.0554071144958156	0.0576495045802954	0.0340915108734109
"GSE319536_BC10"	"CTGAAGGATCTGTACG-1"	2	0.0407739764441952	"tme"	0.0423241558928202	0.0434613946532062	0.0340915108734109
"GSE319536_BC10"	"CTGAATTCGCGTAAGG-1"	2	0.0541503084688727	"tme"	0.0220726325001187	0.0214991727425687	0.0340915108734109
"GSE319536_BC10"	"CTGACTCGAATTCGTG-1"	2	0.0716769489624229	"tme"	0.0344975230536551	0.0349736259113853	0.0340915108734109
"GSE319536_BC10"	"CTGATTACAATGTCCA-1"	2	0.0598990465507572	"tme"	0.0511806044192704	0.0530659702748177	0.0340915108734109
"GSE319536_BC10"	"CTGGAACAATAGACAG-1"	2	0.0331183398766125	"tme"	0.024578388622274	0.0242165965601047	0.0340915108734109
"GSE319536_BC10"	"CTGGCCTTGCATTCGG-1"	2	0.0372966909702748	"tme"	0.03388816343475	0.0343127921106749	0.0340915108734109
"GSE319536_BC10"	"CTGGCTGGACGCTTGG-1"	2	0.0882220975883343	"tme"	0.0596347838864484	0.0622342961301178	0.0340915108734109
"GSE319536_BC10"	"CTGGTGATCGCCGTAG-1"	2	0.0284352215367358	"tme"	0.0476399902400062	0.0492262712656571	0.0340915108734109
"GSE319536_BC10"	"CTGGTGCTTATGACCA-1"	2	0	"tme"	0.0254887906488101	0.0252039025986166	0.0340915108734109
"GSE319536_BC10"	"CTTACGCCATGCACAG-1"	2	0.0704150308468873	"tme"	0.0319118690732413	0.03216955505702	0.0340915108734109
"GSE319536_BC10"	"CTTAGTAAGCGTGGCA-1"	2	0.0577117218171621	"tme"	0.0330167255668264	0.0333677416339503	0.0340915108734109
"GSE319536_BC10"	"CTTAGTCTGTGCATCC-1"	2	0.0819125070106562	"tme"	0.0532071199222801	0.055263670779585	0.0340915108734109
"GSE319536_BC10"	"CTTCATTGGATACCAC-1"	2	0.0757711721817162	"tme"	0.0540693824010116	0.0561987707982801	0.0340915108734109
"GSE319536_BC10"	"CTTGAACTTAGAGGAA-1"	2	0.0409422321929333	"tme"	0.0289059572714662	0.0289097261170312	0.0340915108734109
"GSE319536_BC10"	"GAACTCCTGGAGGCTC-1"	2	0.0397644419517667	"tme"	0.0318964920001377	0.0321528790428117	0.0340915108734109
"GSE319536_BC10"	"GAAGCGGCTGATCAGT-1"	2	0.0838474481211441	"tme"	0.0136524998035454	0.0123677696765751	0.0340915108734109
"GSE319536_BC10"	"GAAGCTGTTCTACATC-1"	2	0.0771733034212002	"tme"	0.0473977194539876	0.0489635352402318	0.0340915108734109
"GSE319536_BC10"	"GAATACTAAGGCGAAT-1"	2	0.0916432978126753	"tme"	0.05034691536954	0.0521618573565153	0.0340915108734109
"GSE319536_BC10"	"GAATCATAGTCTGAAG-1"	2	0.0327537857543466	"tme"	0.0304449790457469	0.030578753037951	0.0340915108734109
"GSE319536_BC10"	"GAATGGCCAAGGAGGC-1"	2	0.0502243409983174	"tme"	0.0296608560604122	0.0297283931575996	0.0340915108734109
"GSE319536_BC10"	"GAATGTATTGGATCAA-1"	2	0.0260235558048233	"tme"	0.0574321129781603	0.0598455599177416	0.0340915108734109
"GSE319536_BC10"	"GAATGTGCCTAGCAGA-1"	2	0.0512619181155356	"tme"	0.0515501670301729	0.053466750794541	0.0340915108734109
"GSE319536_BC10"	"GACAACCTAGGAGTCT-1"	2	0	"tme"	0.0171151770461492	0.0161229482146196	0.0340915108734109
"GSE319536_BC10"	"GACAACGGCGATGTTA-1"	2	0.0129276500280426	"tme"	0.0271010259090444	0.0269523275378575	0.0340915108734109
"GSE319536_BC10"	"GACAATTGTATGCTTC-1"	2	0	"tme"	0.0389592963150793	0.0398122966909703	0.0340915108734109
"GSE319536_BC10"	"GACATTATCTTAATCT-1"	2	0.054739203589456	"tme"	0.0594399286156442	0.0620229809310152	0.0340915108734109
"GSE319536_BC10"	"GACCGTATTAGACCGG-1"	2	0.0734155916993831	"tme"	0.0545660558286505	0.0567373995139279	0.0340915108734109
"GSE319536_BC10"	"GACGTACAGGAACGCT-1"	2	0	"tme"	0.031235433006527	0.0314359786876052	0.0340915108734109
"GSE319536_BC10"	"GACTTCATACCGCTGT-1"	2	0.036231071228267	"tme"	0.0354556595145226	0.0360126986352589	0.0340915108734109
"GSE319536_BC10"	"GACTTGAACGTCCGTA-1"	2	0	"tme"	0.027363530820125	0.0272370069171808	0.0340915108734109
"GSE319536_BC10"	"GAGCCAAGCGATCGTA-1"	2	0.0341278743690409	"tme"	0.0220913754628225	0.0215194989717704	0.0340915108734109
"GSE319536_BC10"	"GAGCCTCCAGTACCGA-1"	2	0.041138530566461	"tme"	0.0160977259392268	0.0150195503832492	0.0340915108734109
"GSE319536_BC10"	"GAGCGAATCGGTAGAA-1"	2	0.0722378014582165	"tme"	0.0263115804222291	0.0260961955505702	0.0340915108734109
"GSE319536_BC10"	"GAGCGATACTCCAGGC-1"	2	0.0435221536735839	"tme"	0.049920675659875	0.0516996120770237	0.0340915108734109
"GSE319536_BC10"	"GAGCTAAGGTTGCGTT-1"	2	0.0952327537857543	"tme"	0.0322890641943642	0.0325786128248271	0.0340915108734109
"GSE319536_BC10"	"GAGCTACAAGATCAAG-1"	2	0	"tme"	0.0266708298784408	0.0264857917367732	0.0340915108734109
"GSE319536_BC10"	"GAGGACGAGTCCTAGT-1"	2	0.0549355019629837	"tme"	0.0535056540741526	0.0555874228827818	0.0340915108734109
"GSE319536_BC10"	"GAGGCCACAAGGTGCA-1"	2	0.0358945597307908	"tme"	0.0501304641028496	0.0519271218919424	0.0340915108734109
"GSE319536_BC10"	"GAGGCCAGCAGAGGTT-1"	2	0.0517666853617499	"tme"	0.0478862087275279	0.0494932884651337	0.0340915108734109
"GSE319536_BC10"	"GAGGCGCTCCATTCCT-1"	2	0.0542344363432417	"tme"	0.0508280522645168	0.0526836371284352	0.0340915108734109
"GSE319536_BC10"	"GAGTCCTCTAGCGACA-1"	2	0.0554683118339877	"tme"	0.0186320554903834	0.0177679613011778	0.0340915108734109
"GSE319536_BC10"	"GAGTGCAGCGTCATCG-1"	2	0.0439708356702187	"tme"	0.0348743173710228	0.0353822490185081	0.0340915108734109
"GSE319536_BC10"	"GATAATCAGCTATTGT-1"	2	0.0338194054963545	"tme"	0.0362316845401147	0.0368542765002804	0.0340915108734109
"GSE319536_BC10"	"GATAGAGTCTGAATCG-1"	2	0.0393157599551318	"tme"	0.0256679283788047	0.0253981725556179	0.0340915108734109
"GSE319536_BC10"	"GATATCTTGTGACACG-1"	2	0	"tme"	0.0365483712233527	0.0371977145260796	0.0340915108734109
"GSE319536_BC10"	"GATCCGGACATACACC-1"	2	0.0867919237240606	"tme"	0.0477696437902435	0.0493668769863526	0.0340915108734109
"GSE319536_BC10"	"GATCGTCATGCGGAGG-1"	2	0	"tme"	0.0155067989833441	0.014378706300243	0.0340915108734109
"GSE319536_BC10"	"GATGGACGGCAGATGA-1"	2	0.0270891755468312	"tme"	0.0280838355043059	0.0280181575995513	0.0340915108734109
"GSE319536_BC10"	"GATTCCGCTATCGGCT-1"	2	0.0439988782950084	"tme"	0.0488007308442789	0.0504850626285287	0.0340915108734109
"GSE319536_BC10"	"GCAACAGGCCATTGAC-1"	2	0.0826135726303982	"tme"	0.0558095128466216	0.0580858945597308	0.0340915108734109
"GSE319536_BC10"	"GCAATTCTGTGACAGA-1"	2	0.0329220415030847	"tme"	0.0327390504490965	0.0330666105814171	0.0340915108734109
"GSE319536_BC10"	"GCACGAGCAGTACCGA-1"	2	0.0717891194615816	"tme"	0.0452393222766391	0.0466228126752664	0.0340915108734109
"GSE319536_BC10"	"GCACGGAAGGATAGTA-1"	2	0.043157599551318	"tme"	0.0419413883065844	0.043046293699757	0.0340915108734109
"GSE319536_BC10"	"GCACTACACTATTGCG-1"	2	0.105468311833988	"tme"	0.0282834012966634	0.0282345812301365	0.0340915108734109
"GSE319536_BC10"	"GCAGATACGTTGAACG-1"	2	0	"tme"	0.0297178003616781	0.0297901476911572	0.0340915108734109
"GSE319536_BC10"	"GCATAACCGAGGTGAT-1"	2	0.0466068424004487	"tme"	0.0294267306410319	0.029474490558983	0.0340915108734109
"GSE319536_BC10"	"GCCATTGTAATGTCTT-1"	2	0.070611329220415	"tme"	0.0462909968525959	0.0477633249205459	0.0340915108734109
"GSE319536_BC10"	"GCCGCTTCTAAGGTGA-1"	2	0.0371284352215367	"tme"	0.0578419800699104	0.0602900495419705	0.0340915108734109
"GSE319536_BC10"	"GCCGGCGAACCATTGT-1"	2	0.0779584969153113	"tme"	0.0482817675561884	0.0499222611703122	0.0340915108734109
"GSE319536_BC10"	"GCCGTACCAGATCTAG-1"	2	0.0696578799775659	"tme"	0.0423195574239297	0.0434564077397644	0.0340915108734109
"GSE319536_BC10"	"GCCTATAGCATACCTT-1"	2	0.103841839596186	"tme"	0.0516129596184908	0.053534847635072	0.0340915108734109
"GSE319536_BC10"	"GCCTGGACCTATTGTC-1"	2	0.0270611329220415	"tme"	0.0408066956366833	0.0418157506075902	0.0340915108734109
"GSE319536_BC10"	"GCCTGTGAAGTCGGCG-1"	2	0	"tme"	0.017246675155604	0.0162655543092167	0.0340915108734109
"GSE319536_BC10"	"GCGTCTCGCAACTCAT-1"	2	0.105131800336512	"tme"	0.0401762571880278	0.0411320573939054	0.0340915108734109
"GSE319536_BC10"	"GCGTTGTATCGGAGCT-1"	2	0.0949523275378575	"tme"	0.0181542026003687	0.0172497429426061	0.0340915108734109
"GSE319536_BC10"	"GCTATGCGTGAACGGT-1"	2	0.0570667414469994	"tme"	0.0506704415749235	0.0525127126565713	0.0340915108734109
"GSE319536_BC10"	"GCTCGCATCGTCATTA-1"	2	0.039736399326977	"tme"	0.0191612672873977	0.0183418769863526	0.0340915108734109
"GSE319536_BC10"	"GCTGACTTGTCTCAAT-1"	2	0	"tme"	0.0206677808603275	0.019975649654141	0.0340915108734109
"GSE319536_BC10"	"GCTTCGCTCAAGCGAT-1"	2	0.0688166012338755	"tme"	0.0281079828531285	0.0280443447373341	0.0340915108734109
"GSE319536_BC10"	"GGAACATCGTGGAATC-1"	2	0.0424284913067863	"tme"	0.0384271496002445	0.0392351981678818	0.0340915108734109
"GSE319536_BC10"	"GGAACTTCGACATGTC-1"	2	0.0647223780145822	"tme"	0.0565312440473936	0.0588685922602355	0.0340915108734109
"GSE319536_BC10"	"GGACCATCACCGCCAA-1"	2	0.0252383623107123	"tme"	0.0489260315795401	0.0506209478407179	0.0340915108734109
"GSE319536_BC10"	"GGACGTCGAACGGCTT-1"	2	0.0316320807627594	"tme"	0.0266750146144228	0.0264903299682184	0.0340915108734109
"GSE319536_BC10"	"GGAGAAGCCAAGCGCT-1"	2	0.0727986539540101	"tme"	0.0212990683233892	0.020660263600673	0.0340915108734109
"GSE319536_BC10"	"GGAGATGGCTCGAGAT-1"	2	0.0815479528883904	"tme"	0.0317767163230937	0.032022985604786	0.0340915108734109
"GSE319536_BC10"	"GGAGCGAATTGGACGG-1"	2	0.0540661805945037	"tme"	0.0518341300261701	0.0537747008786689	0.0340915108734109
"GSE319536_BC10"	"GGAGGTCGTAGGAGCT-1"	2	0.039652271452608	"tme"	0.0295657018011486	0.0296252009721443	0.0340915108734109
"GSE319536_BC10"	"GGATCGAGTGTCCACT-1"	2	0.0513740886146943	"tme"	0.0361117795715368	0.0367242428491307	0.0340915108734109
"GSE319536_BC10"	"GGATGGATCACTCATA-1"	2	0	"tme"	0.0325235085328615	0.0328328612824827	0.0340915108734109
"GSE319536_BC10"	"GGATTCCGACGTGATG-1"	2	0.0593942793045429	"tme"	0.0293642483523954	0.0294067302299495	0.0340915108734109
"GSE319536_BC10"	"GGCAGCCGGCACTTCC-1"	2	0.0826696578799776	"tme"	0.0576514345169042	0.0600834081136661	0.0340915108734109
"GSE319536_BC10"	"GGCATACATGGCTCAG-1"	2	0	"tme"	0.0271812556155733	0.0270393344550383	0.0340915108734109
"GSE319536_BC10"	"GGCATTCCGATGCTCG-1"	2	0	"tme"	0.0196680771712976	0.0188914984109179	0.0340915108734109
"GSE319536_BC10"	"GGCCAGTAGGTATGAG-1"	2	0.0694615816040381	"tme"	0.0537780196195551	0.0558827958496915	0.0340915108734109
"GSE319536_BC10"	"GGCCATGCTCCTCGTG-1"	2	0.0338754907459338	"tme"	0.0372670942411017	0.0379771499345672	0.0340915108734109
"GSE319536_BC10"	"GGCGCTAATATGCTCC-1"	2	0.0579921480650589	"tme"	0.0183727914870869	0.0174867965974949	0.0340915108734109
"GSE319536_BC10"	"GGCGGAGTTGAACTAT-1"	2	0.0168536174985979	"tme"	0.0495091622559261	0.05125333707235	0.0340915108734109
"GSE319536_BC10"	"GGTCACCGCATAACAA-1"	2	0.093241727425687	"tme"	0.0580117657122833	0.0604741774163395	0.0340915108734109
"GSE319536_BC10"	"GGTGCACTCCGGTTCG-1"	2	0.0614133482893999	"tme"	0.044454225295082	0.0457713965227145	0.0340915108734109
"GSE319536_BC10"	"GGTTAGACTCACTAGC-1"	2	0.0726584408300617	"tme"	0.0204789591944406	0.0197708777341559	0.0340915108734109
"GSE319536_BC10"	"GGTTCTATACCGCTTG-1"	2	0.0851934941110488	"tme"	0.0570571976977526	0.0594389745746869	0.0340915108734109
"GSE319536_BC10"	"GTAACATCTTATAATG-1"	2	0.0952888390353337	"tme"	0.0361619964033199	0.0367787016264722	0.0340915108734109
"GSE319536_BC10"	"GTAAGTATTGCTATCG-1"	2	0.0574873808188446	"tme"	0.0440193747692565	0.0452998130491681	0.0340915108734109
"GSE319536_BC10"	"GTAAGTTGCTGGTGGA-1"	2	0.0927369601794728	"tme"	0.0492904785554163	0.0510161805945036	0.0340915108734109
"GSE319536_BC10"	"GTAATCTTGTCTAGTT-1"	2	0.0909422321929333	"tme"	0.0243291748808827	0.0239463310899234	0.0340915108734109
"GSE319536_BC10"	"GTACAGATGACATCGC-1"	2	0	"tme"	0.0282535004745804	0.028202154608338	0.0340915108734109
"GSE319536_BC10"	"GTACAGCCGTTACAGA-1"	2	0.0268648345485137	"tme"	0.043594725345459	0.0448392923911011	0.0340915108734109
"GSE319536_BC10"	"GTACGAAGATTATCCG-1"	2	0.0173303421200224	"tme"	0.0173755098594595	0.0164052720134605	0.0340915108734109
"GSE319536_BC10"	"GTAGAAGTAAGCTGCG-1"	2	0.0954010095344924	"tme"	0.0399459674174878	0.0408823144512993	0.0340915108734109
"GSE319536_BC10"	"GTAGACCTGTCAACCA-1"	2	0.0922602355580482	"tme"	0.0481155719087413	0.0497420265470181	0.0340915108734109
"GSE319536_BC10"	"GTAGTCCATTGTTCGT-1"	2	0.0644419517666854	"tme"	0.0423600041254646	0.0435002710787063	0.0340915108734109
"GSE319536_BC10"	"GTATCTAGCTACCAGC-1"	2	0.0324453168816601	"tme"	0.0261361102620806	0.0259059029725182	0.0340915108734109
"GSE319536_BC10"	"GTATGTAGCAGGCATA-1"	2	0.0483454851374089	"tme"	0.0534824462438099	0.0555622546270331	0.0340915108734109
"GSE319536_BC10"	"GTATTACGAGTCAATC-1"	2	0.116012338754907	"tme"	0.0495374081463747	0.0512839689661619	0.0340915108734109
"GSE319536_BC10"	"GTATTACGGCCATTAT-1"	2	0.0414469994391475	"tme"	0.0415801175927254	0.0426545055150495	0.0340915108734109
"GSE319536_BC10"	"GTATTACGGTATTGAG-1"	2	0.0435221536735839	"tme"	0.0358059275188431	0.0363925546831183	0.0340915108734109
"GSE319536_BC10"	"GTCAACAGACGCACGT-1"	2	0	"tme"	0.0208378940412531	0.0201601327350907	0.0340915108734109
"GSE319536_BC10"	"GTCAACAGCATAGATT-1"	2	0.0477846326416153	"tme"	0.0384281494547736	0.039236282482707	0.0340915108734109
"GSE319536_BC10"	"GTCAACAGCGCACCGA-1"	2	0.0153393157599551	"tme"	0.0324734037537411	0.0327785240231819	0.0340915108734109
"GSE319536_BC10"	"GTCACTAAGAGGAATA-1"	2	0.0205832865956254	"tme"	0.0294812313323063	0.029533595064498	0.0340915108734109
"GSE319536_BC10"	"GTCAGCGATTGATTCA-1"	2	0.0168255748738082	"tme"	0.0329264499081101	0.0332698401570387	0.0340915108734109
"GSE319536_BC10"	"GTCATCAGTAGACCAG-1"	2	0.0602075154234436	"tme"	0.0504181550047422	0.0522391147878108	0.0340915108734109
"GSE319536_BC10"	"GTCCATCTATACAAGG-1"	2	0.038334268087493	"tme"	0.0301896541245179	0.0303018601607777	0.0340915108734109
"GSE319536_BC10"	"GTCCTTCGGAACCTGC-1"	2	0.0464666292765003	"tme"	0.0261479059596939	0.0259186950831931	0.0340915108734109
"GSE319536_BC10"	"GTCGGCCGTTGTGAAT-1"	2	0.0442512619181155	"tme"	0.0243141512046386	0.0239300383249206	0.0340915108734109
"GSE319536_BC10"	"GTCGTAGACTGACAAG-1"	2	0.0344083006169377	"tme"	0.053197539419615	0.0552532809871004	0.0340915108734109
"GSE319536_BC10"	"GTCTAGCATGGTACGT-1"	2	0.0595064498037016	"tme"	0.0472829645981783	0.048839086745186	0.0340915108734109
"GSE319536_BC10"	"GTCTAGGACAGGATAA-1"	2	0.0406337633202468	"tme"	0.0525447981813545	0.0545454010095345	0.0340915108734109
"GSE319536_BC10"	"GTCTATGGTGAAGAGC-1"	2	0.0295849691531127	"tme"	0.042722119544012	0.0438929753224902	0.0340915108734109
"GSE319536_BC10"	"GTCTATGTTAATAGAA-1"	2	0.0730790802019069	"tme"	0.0596216478665999	0.0622200504767246	0.0340915108734109
"GSE319536_BC10"	"GTCTATTGCGAGTTAC-1"	2	0.0871284352215367	"tme"	0.0470599280826925	0.0485972097588334	0.0340915108734109
"GSE319536_BC10"	"GTCTGTGGATCTGACG-1"	2	0.0840157038698822	"tme"	0.0465796143438151	0.0480763226771359	0.0340915108734109
"GSE319536_BC10"	"GTCTTCGGTAGCTACA-1"	2	0	"tme"	0.0260939008859662	0.0258601280613199	0.0340915108734109
"GSE319536_BC10"	"GTCTTGATTGCCACCT-1"	2	0	"tme"	0.0392531759717298	0.040131001121705	0.0340915108734109
"GSE319536_BC10"	"GTGACATATGCTAGAT-1"	2	0.086231071228267	"tme"	0.0558090646359706	0.0580854084875677	0.0340915108734109
"GSE319536_BC10"	"GTGACCGTGGATTAGC-1"	2	0.0944195176668536	"tme"	0.0261556850003194	0.025927131239484	0.0340915108734109
"GSE319536_BC10"	"GTGCAACTACTGTACG-1"	2	0	"tme"	0.0283539125895577	0.0283110487941671	0.0340915108734109
"GSE319536_BC10"	"GTGCACTTGTAAGCAC-1"	2	0	"tme"	0.0264851629259821	0.0262844410170125	0.0340915108734109
"GSE319536_BC10"	"GTGCAGGACTCCAAGG-1"	2	0	"tme"	0.0153237868170489	0.0141802346232941	0.0340915108734109
"GSE319536_BC10"	"GTGCATTCCTGTGGTC-1"	2	0.0784071789119462	"tme"	0.0530039296572543	0.0550433165077585	0.0340915108734109
"GSE319536_BC10"	"GTGGCGCCAGACTCGA-1"	2	0.0626752664049355	"tme"	0.0521813208919828	0.0541512198541783	0.0340915108734109
"GSE319536_BC10"	"GTGGTAGGTCTAAGAA-1"	2	0.0519068984856983	"tme"	0.0556709511096958	0.0579356281547953	0.0340915108734109
"GSE319536_BC10"	"GTGGTTGACAAGGAGC-1"	2	0.04385866517106	"tme"	0.0530730187432752	0.0551182417274257	0.0340915108734109
"GSE319536_BC10"	"GTTATGATACGATTAT-1"	2	0.0745933819405496	"tme"	0.0386302235028896	0.0394554262478968	0.0340915108734109
"GSE319536_BC10"	"GTTCCTTGAGGAACGC-1"	2	0.0811273135165452	"tme"	0.0364305478484712	0.0370699383062255	0.0340915108734109
"GSE319536_BC10"	"GTTCGTAGGTAGTGAA-1"	2	0.0221817162086371	"tme"	0.0296753367122137	0.0297440970274818	0.0340915108734109
"GSE319536_BC10"	"GTTCTACTATCATATT-1"	2	0.0685922602355581	"tme"	0.0446522137307254	0.0459861095531875	0.0340915108734109
"GSE319536_BC10"	"GTTGAGCTTCGTCCGG-1"	2	0.0268087492989344	"tme"	0.0250684897302708	0.0247480977752851	0.0340915108734109
"GSE319536_BC10"	"TAACGCATTGGTCCAA-1"	2	0.0180033651149748	"tme"	0.0531077636881633	0.0551559216676014	0.0340915108734109
"GSE319536_BC10"	"TAACGCTCATACGGCA-1"	2	0.0766124509254066	"tme"	0.0527356798923489	0.0547524069919611	0.0340915108734109
"GSE319536_BC10"	"TAACGTGCCATAGTTA-1"	2	0	"tme"	0.0288072647338903	0.0288026967657506	0.0340915108734109
"GSE319536_BC10"	"TAAGACCGAGTGAACA-1"	2	0	"tme"	0.0257865533611967	0.0255268180968405	0.0340915108734109
"GSE319536_BC10"	"TAAGATTGCTCACTTC-1"	2	0	"tme"	0.0203061610593269	0.0195834828939989	0.0340915108734109
"GSE319536_BC10"	"TAAGCAGTAGATACTC-1"	2	0.0455692652832305	"tme"	0.0482184578017347	0.0498536034772855	0.0340915108734109
"GSE319536_BC10"	"TAAGGTCCGTGACCGT-1"	2	0.0360628154795289	"tme"	0.0545372367457348	0.0567061460085998	0.0340915108734109
"GSE319536_BC10"	"TAATGATCCGGTTATT-1"	2	0.0855860908581043	"tme"	0.0602419757173011	0.0628927790241167	0.0340915108734109
"GSE319536_BC10"	"TAATTAGCTCGATTGT-1"	2	0	"tme"	0.0170192815154243	0.016018952140587	0.0340915108734109
"GSE319536_BC10"	"TACACCTCGTACTCCA-1"	2	0	"tme"	0.0278967937518695	0.027815315946906	0.0340915108734109
"GSE319536_BC10"	"TACCTCAGGCAACAGA-1"	2	0.0646382501402131	"tme"	0.056956470973376	0.0593297392035895	0.0340915108734109
"GSE319536_BC10"	"TACCTGCGGTTGTCCT-1"	2	0.119405496354459	"tme"	0.0439255479030746	0.0451980603851187	0.0340915108734109
"GSE319536_BC10"	"TACGACGTCTCATATT-1"	2	0	"tme"	0.0236071247609936	0.0231632875303795	0.0340915108734109
"GSE319536_BC10"	"TACGCTCCGGTTGGTA-1"	2	0.0364554122265844	"tme"	0.0451408883221311	0.0465160637502337	0.0340915108734109
"GSE319536_BC10"	"TACGGCCTTGTAGGAG-1"	2	0.06578799775659	"tme"	0.0583734199910264	0.060866381566648	0.0340915108734109
"GSE319536_BC10"	"TAGAATTCAACGTGGC-1"	2	0.0196017947279865	"tme"	0.0164104821598329	0.0153587259300804	0.0340915108734109
"GSE319536_BC10"	"TAGACAGTTCAGATTA-1"	2	0.0259955131800337	"tme"	0.0536501546022041	0.0557441297438774	0.0340915108734109
"GSE319536_BC10"	"TAGACCTGAGGAGCTG-1"	2	0.0336231071228267	"tme"	0.056421747047298	0.0587498457655637	0.0340915108734109
"GSE319536_BC10"	"TAGAGCAGACAGTCCA-1"	2	0.069125070106562	"tme"	0.040254495804934	0.0412169050289774	0.0340915108734109
"GSE319536_BC10"	"TAGATGCGTGCCAGCG-1"	2	0	"tme"	0.0341036234663469	0.0345464526079641	0.0340915108734109
"GSE319536_BC10"	"TAGCCGCAATACCTGC-1"	2	0.0882781828379136	"tme"	0.0416205772234137	0.0426983828753038	0.0340915108734109
"GSE319536_BC10"	"TAGCGTACCTTGACAT-1"	2	0.0519068984856983	"tme"	0.0288069587439267	0.0288023649280239	0.0340915108734109
"GSE319536_BC10"	"TAGCGTTATGACCTCC-1"	2	0	"tme"	0.0287033617474966	0.0286900168255749	0.0340915108734109
"GSE319536_BC10"	"TAGGACATCAGCATGG-1"	2	0.0346326416152552	"tme"	0.0307251537997996	0.0308825948775472	0.0340915108734109
"GSE319536_BC10"	"TAGGACGGCCAGCCGA-1"	2	0.0445877734155917	"tme"	0.0278872692755358	0.0278049869134418	0.0340915108734109
"GSE319536_BC10"	"TAGGCGCATATCTAAC-1"	2	0.0874369040942232	"tme"	0.0549196466253934	0.0571208590390727	0.0340915108734109
"GSE319536_BC10"	"TAGGCTCCGGCATACA-1"	2	0.0205832865956254	"tme"	0.0522901585052553	0.0542692512619181	0.0340915108734109
"GSE319536_BC10"	"TAGTGACCGTCGATTA-1"	2	0.0675266404935502	"tme"	0.051089863311032	0.0529675640306599	0.0340915108734109
"GSE319536_BC10"	"TAGTGAGGTATCGACC-1"	2	0.0761637689287717	"tme"	0.0582012338358399	0.0606796504019443	0.0340915108734109
"GSE319536_BC10"	"TATCACCGGCATCGTG-1"	2	0.045877734155917	"tme"	0.0304219565332696	0.0305537857543466	0.0340915108734109
"GSE319536_BC10"	"TATCATGGATGTTGCC-1"	2	0.0460740325294448	"tme"	0.0559377269511142	0.0582249392409796	0.0340915108734109
"GSE319536_BC10"	"TATGAACTACGCGGTG-1"	2	0.00622546270330903	"tme"	0.0133417906988933	0.0120308141708731	0.0340915108734109
"GSE319536_BC10"	"TATGACGCGTATGTCG-1"	2	0.0669377453729669	"tme"	0.0571681901699241	0.0595593428678257	0.0340915108734109
"GSE319536_BC10"	"TATTCGTTAATGCTCC-1"	2	0.0453729669097028	"tme"	0.0567846554539203	0.0591434099831744	0.0340915108734109
"GSE319536_BC10"	"TCAACAGGACAGCAAC-1"	2	0.0434660684240045	"tme"	0.0562196988574887	0.0585307300429987	0.0340915108734109
"GSE319536_BC10"	"TCAACCGGAGACCTCG-1"	2	0	"tme"	0.0321872902085627	0.0324682417274257	0.0340915108734109
"GSE319536_BC10"	"TCACAGCACCAAGGTT-1"	2	0.0344083006169377	"tme"	0.0527948523177164	0.0548165778650215	0.0340915108734109
"GSE319536_BC10"	"TCACCATAGATTGTTA-1"	2	0.0415591699383062	"tme"	0.0285421136560817	0.0285151476911572	0.0340915108734109
"GSE319536_BC10"	"TCAGTCCAACGGAAGT-1"	2	0	"tme"	0.0304596665640027	0.0305946812488316	0.0340915108734109
"GSE319536_BC10"	"TCAGTTGACAGTGCCA-1"	2	0.0332865956253505	"tme"	0.033524289651341	0.0339181809684053	0.0340915108734109
"GSE319536_BC10"	"TCATCGCTGTGCAACA-1"	2	0	"tme"	0.0208405186593921	0.0201629790615068	0.0340915108734109
"GSE319536_BC10"	"TCATCTTCCACGTATG-1"	2	0.023864273696018	"tme"	0.0535373692874286	0.0556218171620864	0.0340915108734109
"GSE319536_BC10"	"TCCAACGTGGTTGTTC-1"	2	0.0538137969713965	"tme"	0.0350993018789534	0.0356262385492615	0.0340915108734109
"GSE319536_BC10"	"TCCAATTAGCAATCAA-1"	2	0.0867919237240606	"tme"	0.058400062666454	0.0608952748177229	0.0340915108734109
"GSE319536_BC10"	"TCCGAATACTCGCTGG-1"	2	0.0749298934380258	"tme"	0.037857473862824	0.038617400448682	0.0340915108734109
"GSE319536_BC10"	"TCCGATGCGTATCCGG-1"	2	0.0692652832305104	"tme"	0.053804188226025	0.0559111749859787	0.0340915108734109
"GSE319536_BC10"	"TCCGCCAACATTGCTC-1"	2	0	"tme"	0.0282113169567729	0.0281564077397644	0.0340915108734109
"GSE319536_BC10"	"TCCGCCGGTCTATTCA-1"	2	0	"tme"	0.019709816788172	0.0189367638810993	0.0340915108734109
"GSE319536_BC10"	"TCCGGTACGTGGCCTC-1"	2	0	"tme"	0.0190275970801727	0.0181969153112731	0.0340915108734109
"GSE319536_BC10"	"TCCTAATTGCGGCCTG-1"	2	0.0284352215367358	"tme"	0.0315884204427781	0.0318187838848383	0.0340915108734109
"GSE319536_BC10"	"TCCTATGAGGATTGTT-1"	2	0	"tme"	0.0266341972771572	0.0264460646849878	0.0340915108734109
"GSE319536_BC10"	"TCGAATTAGTTACTCC-1"	2	0.0483735277621985	"tme"	0.0265019277282165	0.0263026219854178	0.0340915108734109
"GSE319536_BC10"	"TCGATATTAGACATAC-1"	2	0.0863432417274257	"tme"	0.0428210189480422	0.0440002290147691	0.0340915108734109
"GSE319536_BC10"	"TCGATCTAGCCGATTC-1"	2	0	"tme"	0.0299382036395894	0.0300291690035521	0.0340915108734109
"GSE319536_BC10"	"TCGCACTGCTGTGCTC-1"	2	0.0271452607964105	"tme"	0.027443993251415	0.0273242662179847	0.0340915108734109
"GSE319536_BC10"	"TCGCACTTACTGAAGT-1"	2	0.0553000560852496	"tme"	0.0217224549998719	0.0211194148438961	0.0340915108734109
"GSE319536_BC10"	"TCGCCTAGATAATTAA-1"	2	0.0421480650588895	"tme"	0.0540334867614715	0.0561598429613012	0.0340915108734109
"GSE319536_BC10"	"TCGGAGTTGTCTTGTT-1"	2	0.095877734155917	"tme"	0.0485820126660267	0.050247868760516	0.0340915108734109
"GSE319536_BC10"	"TCGGCACTGGCGCCGA-1"	2	0.0744251261918116	"tme"	0.0340039181450885	0.0344383249205459	0.0340915108734109
"GSE319536_BC10"	"TCGGTGATCGCCGGCC-1"	2	0.0480931015143017	"tme"	0.0195137073894885	0.0187240886146943	0.0340915108734109
"GSE319536_BC10"	"TCGTCACGATGTTCGA-1"	2	0	"tme"	0.0121154260217094	0.0107008553000561	0.0340915108734109
"GSE319536_BC10"	"TCTAACAAGCCAATCC-1"	2	0.0126752664049355	"tme"	0.059923754774527	0.0625476771359133	0.0340915108734109
"GSE319536_BC10"	"TCTACTTCACCGTGGA-1"	2	0	"tme"	0.0283459008241711	0.0283023602542531	0.0340915108734109
"GSE319536_BC10"	"TCTGCGTTAGATAGGT-1"	2	0.0343241727425687	"tme"	0.0497517519610618	0.0515164189568144	0.0340915108734109
"GSE319536_BC10"	"TCTGGACGCTAAGACA-1"	2	0.0207515423443634	"tme"	0.0369664526372259	0.03765111235745	0.0340915108734109
"GSE319536_BC10"	"TCTTACATTACTTCGC-1"	2	0.0196859226023556	"tme"	0.0302177793428681	0.0303323611890073	0.0340915108734109
"GSE319536_BC10"	"TCTTAGATGCCTCCGA-1"	2	0.0393157599551318	"tme"	0.0549384283755574	0.0571412273322116	0.0340915108734109
"GSE319536_BC10"	"TCTTAGGCGACAGTCA-1"	2	0.00311273135165452	"tme"	0.0228107320090878	0.0222996214245654	0.0340915108734109
"GSE319536_BC10"	"TCTTGCACCAATCTAT-1"	2	0.0524397083567022	"tme"	0.0190144524408886	0.0181826603103384	0.0340915108734109
"GSE319536_BC10"	"TCTTGCCATCGTTGTA-1"	2	0.0813236118900729	"tme"	0.0288128932253346	0.0288088007104132	0.0340915108734109
"GSE319536_BC10"	"TCTTGCTCCGTCGGCA-1"	2	0.0448121144139091	"tme"	0.0498609817586539	0.0516348756776968	0.0340915108734109
"GSE319536_BC10"	"TGAATTATGCCGCAGT-1"	2	0.0764722378014582	"tme"	0.0507184001145805	0.0525647223780146	0.0340915108734109
"GSE319536_BC10"	"TGACATTACAACGCCG-1"	2	0.0559169938306226	"tme"	0.0483538001794654	0.0500003785754347	0.0340915108734109
"GSE319536_BC10"	"TGACCAACAGATAGGT-1"	2	0.0751542344363432	"tme"	0.0487201477408906	0.0503976724621425	0.0340915108734109
"GSE319536_BC10"	"TGACGCTCGCGGTAGT-1"	2	0.0796410544026921	"tme"	0.0378488242592033	0.0386080201906898	0.0340915108734109
"GSE319536_BC10"	"TGAGATGCTCTAATGA-1"	2	0.0843241727425687	"tme"	0.0521025651089408	0.0540658113666106	0.0340915108734109
"GSE319536_BC10"	"TGAGTAAGCGCAATCC-1"	2	0.0250420639371845	"tme"	0.0316147528185244	0.0318473406244158	0.0340915108734109
"GSE319536_BC10"	"TGATGGATGATCACGG-1"	2	0.000532809871003926	"tme"	0.0122216907334565	0.0108160964666293	0.0340915108734109
"GSE319536_BC10"	"TGATGGCTGCGACGAT-1"	2	0.0213684800897364	"tme"	0.0350602773842918	0.0355839175546831	0.0340915108734109
"GSE319536_BC10"	"TGCACCGGTCACCTCC-1"	2	0.0409422321929333	"tme"	0.0335113260202044	0.0339041222658441	0.0340915108734109
"GSE319536_BC10"	"TGCCACTCAACCGGCC-1"	2	0.0247616376892877	"tme"	0.0570376401983849	0.0594177650028043	0.0340915108734109
"GSE319536_BC10"	"TGCCTATCGGCTATGT-1"	2	0.0937464946719013	"tme"	0.0483611827260535	0.0500083847448121	0.0340915108734109
"GSE319536_BC10"	"TGCGTTAGCACGTACC-1"	2	0.0357263039820527	"tme"	0.0146457604644672	0.0134449336324547	0.0340915108734109
"GSE319536_BC10"	"TGCGTTGTATTGCCTG-1"	2	0.111749859786876	"tme"	0.0272286409627631	0.0270907225649654	0.0340915108734109
"GSE319536_BC10"	"TGGAAGCCATAACAGT-1"	2	0.035530005608525	"tme"	0.0516617283850938	0.0535877360254253	0.0340915108734109
"GSE319536_BC10"	"TGGAGTGATGGCTCTT-1"	2	0.0634043746494672	"tme"	0.0382718273708019	0.0390667554683118	0.0340915108734109
"GSE319536_BC10"	"TGGCATGCGTTCACGC-1"	2	0.0823331463825014	"tme"	0.0559591462485707	0.0582481678818471	0.0340915108734109
"GSE319536_BC10"	"TGGTACGGTCGGCGAA-1"	2	0.0316040381379697	"tme"	0.0519972356059559	0.0539515844083006	0.0340915108734109
"GSE319536_BC10"	"TGGTACTGGTATCTTG-1"	2	0.0901289960740325	"tme"	0.0527474712802444	0.0547651944288652	0.0340915108734109
"GSE319536_BC10"	"TGGTATTAGCTAGACC-1"	2	0	"tme"	0.0175155196615655	0.0165571088053842	0.0340915108734109
"GSE319536_BC10"	"TGTAGGATCAGAGCGT-1"	2	0	"tme"	0.0160385578235771	0.0149553841839596	0.0340915108734109
"GSE319536_BC10"	"TGTAGGTTCTGGCTTA-1"	2	0.047896803140774	"tme"	0.0567869439140711	0.0591458917554683	0.0340915108734109
"GSE319536_BC10"	"TGTATGGTGCCAAGGT-1"	2	0.0383903533370724	"tme"	0.0311380937203397	0.0313304169003552	0.0340915108734109
"GSE319536_BC10"	"TGTCCTCAACGTTCTA-1"	2	0.0183118339876612	"tme"	0.0526654314922403	0.0546762245279491	0.0340915108734109
"GSE319536_BC10"	"TGTCGAGTGCGTTAGC-1"	2	0	"tme"	0.0621841974498983	0.0649990652458403	0.0340915108734109
"GSE319536_BC10"	"TGTCGTTCATACGATA-1"	2	0	"tme"	0.0145876008227822	0.0133818610955319	0.0340915108734109
"GSE319536_BC10"	"TGTTCAGAACGGTGTA-1"	2	0.0251822770611329	"tme"	0.036578927122541	0.0372308515610394	0.0340915108734109
"GSE319536_BC10"	"TGTTCATAGTATGACG-1"	2	0.0526079641054403	"tme"	0.0218848236179143	0.0212954991587213	0.0340915108734109
"GSE319536_BC10"	"AACCACTGCCATAGCC-1"	3	0	"baseline"	0.0552343020420406	0.0689820153299682	0.034472938786542
"GSE319536_BC10"	"AACTAGCACTGTTCGA-1"	3	0.0614974761637689	"baseline"	0.0394936669009044	0.042995807627594	0.034472938786542
"GSE319536_BC10"	"AACTAGCCTTGCAATA-1"	3	0.0326135726303982	"baseline"	0.0294145270467169	0.0263561600299121	0.034472938786542
"GSE319536_BC10"	"AACTATCTAGCAGTAT-1"	3	0.0819966348850252	"baseline"	0.0447557668660459	0.0516830061693775	0.034472938786542
"GSE319536_BC10"	"AACTCACCTCGGTGTT-1"	3	0.0423163208076276	"baseline"	0.0337534345931081	0.0335192606094597	0.034472938786542
"GSE319536_BC10"	"AACTGCCTCGATAGGT-1"	3	0.0738081884464386	"baseline"	0.0461664708792153	0.0540119368106188	0.034472938786542
"GSE319536_BC10"	"AACTGCGAACCTTACC-1"	3	0.013684800897364	"baseline"	0.0311188670372451	0.0291698541783511	0.034472938786542
"GSE319536_BC10"	"AAGAATTCTGGCTGCA-1"	3	0.0245372966909703	"baseline"	0.0509237247619956	0.061865685174799	0.034472938786542
"GSE319536_BC10"	"AAGCCAGGCCGACGTG-1"	3	0.0528603477285474	"baseline"	0.0397945135496316	0.0434924752290148	0.034472938786542
"GSE319536_BC10"	"AAGGCATGAACAGCTC-1"	3	0.0789119461581604	"baseline"	0.0315822751153584	0.02993489437278	0.034472938786542
"GSE319536_BC10"	"AAGGCGACGGTGTCGG-1"	3	0.0410263600673023	"baseline"	0.0177325854584991	0.00707044774724248	0.034472938786542
"GSE319536_BC10"	"AAGTCTTAAGTTGCCA-1"	3	0.0412226584408301	"baseline"	0.0393214119737698	0.0427114320433726	0.034472938786542
"GSE319536_BC10"	"AAGTGGTTCCTCGCGT-1"	3	0.0707515423443634	"baseline"	0.0396309669166192	0.0432224761637689	0.034472938786542
"GSE319536_BC10"	"AAGTTCCTATTGCTGG-1"	3	0.0705832865956254	"baseline"	0.055584389054769	0.0695599738268836	0.034472938786542
"GSE319536_BC10"	"AATAACGTAACTGTGA-1"	3	0.0319685922602356	"baseline"	0.0507898446485238	0.0616446625537484	0.034472938786542
"GSE319536_BC10"	"AATAACTCTACGATGT-1"	3	0.0457094784071789	"baseline"	0.0422396587220671	0.0475291643297813	0.034472938786542
"GSE319536_BC10"	"AATACGGTACGGCCTA-1"	3	0.0421200224340998	"baseline"	0.0488884611016888	0.0585056692839783	0.034472938786542
"GSE319536_BC10"	"AATAGTGGAAGAGCAT-1"	3	0.00437464946719013	"baseline"	0.0386491265716544	0.0416015563656758	0.034472938786542
"GSE319536_BC10"	"AATATTAGGCTTCTGG-1"	3	0.0652832305103758	"baseline"	0.0440795972703233	0.0505667180781455	0.034472938786542
"GSE319536_BC10"	"AATGCAATCACTGTCG-1"	3	0.0304823331463825	"baseline"	0.0310103729034202	0.0289907412600486	0.034472938786542
"GSE319536_BC10"	"AATGGACATCCTACTC-1"	3	0.0838474481211441	"baseline"	0.0479363438971625	0.0569338194054964	0.034472938786542
"GSE319536_BC10"	"AATTCTCAGACGCAAC-1"	3	0.0623107122826697	"baseline"	0.0325817047423067	0.0315848523088428	0.034472938786542
"GSE319536_BC10"	"AATTCTTGGATACGGA-1"	3	0	"baseline"	0.0297189011773935	0.0268586511497476	0.034472938786542
"GSE319536_BC10"	"AATTGCATTGAAGAAT-1"	3	0.0421480650588895	"baseline"	0.0244210168046757	0.0181123761450738	0.034472938786542
"GSE319536_BC10"	"AATTGGCTTGAGTTGC-1"	3	0.0452047111609647	"baseline"	0.0479126282340085	0.0568946672275192	0.034472938786542
"GSE319536_BC10"	"AATTGTAGAATCCTAG-1"	3	0.00914189568143578	"baseline"	0.0169828228505181	0.00583266498410918	0.034472938786542
"GSE319536_BC10"	"ACAACTAAGGTGTTAT-1"	3	0.072630398205272	"baseline"	0.0495091620346232	0.0595303841839596	0.034472938786542
"GSE319536_BC10"	"ACAGAATCTTGATAAG-1"	3	0.0465507571508693	"baseline"	0.0344067010355639	0.0345977378949336	0.034472938786542
"GSE319536_BC10"	"ACAGGAACTACAGAAC-1"	3	0.081491867638811	"baseline"	0.0453159853556686	0.0526078706300243	0.034472938786542
"GSE319536_BC10"	"ACAGGTTCAGTGAACG-1"	3	0.0407178911946158	"baseline"	0.0180461123573477	0.0075880491680688	0.034472938786542
"GSE319536_BC10"	"ACATCGCCACAAGAGG-1"	3	0	"baseline"	0.0305618702767223	0.0282503084688727	0.034472938786542
"GSE319536_BC10"	"ACATGTTCCAGGACGT-1"	3	0	"baseline"	0.0455511064659234	0.0529960319685923	0.034472938786542
"GSE319536_BC10"	"ACATTGTACATTCTTG-1"	3	0.0460740325294448	"baseline"	0.0380483137291649	0.0406096747055525	0.034472938786542
"GSE319536_BC10"	"ACCAAGTGATGGTGAG-1"	3	0.0896242288278183	"baseline"	0.0409395268296816	0.0453827771546084	0.034472938786542
"GSE319536_BC10"	"ACCAAGTGGCTGTATG-1"	3	0.0815199102636007	"baseline"	0.0526900476496342	0.0647817068610955	0.034472938786542
"GSE319536_BC10"	"ACCAGTATGAAGTTCC-1"	3	0.0568143578238923	"baseline"	0.0442143748250294	0.0507892222845392	0.034472938786542
"GSE319536_BC10"	"ACCGGCACCATACTGC-1"	3	0.0334548513740886	"baseline"	0.0433261996006866	0.0493229341933072	0.034472938786542
"GSE319536_BC10"	"ACCTGCTTATAGTTCG-1"	3	0.0437184520471116	"baseline"	0.0427635379193124	0.0483940362684614	0.034472938786542
"GSE319536_BC10"	"ACCTGTGGTCACCTCG-1"	3	0.0872125630959058	"baseline"	0.0379211856577871	0.0403997990278557	0.034472938786542
"GSE319536_BC10"	"ACGATGTTACCTCATT-1"	3	0.0453729669097028	"baseline"	0.0325895439056437	0.0315977939801832	0.034472938786542
"GSE319536_BC10"	"ACGCAACGAAGAGTAT-1"	3	0.0518227706113292	"baseline"	0.0398477032212727	0.0435802860347728	0.034472938786542
"GSE319536_BC10"	"ACGCAATAGTATACGA-1"	3	0.0665451486259114	"baseline"	0.055385944131235	0.0692323611890073	0.034472938786542
"GSE319536_BC10"	"ACGCGTCGGTGAGGTT-1"	3	0	"baseline"	0.0212228788020246	0.0128325715086932	0.034472938786542
"GSE319536_BC10"	"ACGGCTATGGCATACC-1"	3	0.046578799775659	"baseline"	0.0403542479305758	0.0444165404748551	0.034472938786542
"GSE319536_BC10"	"ACGGCTTAACGATAGT-1"	3	0	"baseline"	0.0377045767501543	0.0400421994765377	0.034472938786542
"GSE319536_BC10"	"ACGGTTACATCCGAAG-1"	3	0.0439708356702187	"baseline"	0.0371023313989438	0.0390479528883904	0.034472938786542
"GSE319536_BC10"	"ACGTTAATACAATGAC-1"	3	0.0364273696017947	"baseline"	0.0293028564805107	0.026171803140774	0.034472938786542
"GSE319536_BC10"	"ACTAGATCTGAAGCGG-1"	3	0.0117218171620864	"baseline"	0.0531661841056322	0.0655677603290335	0.034472938786542
"GSE319536_BC10"	"ACTCAGTGAGCCTCCA-1"	3	0	"baseline"	0.0278052393888134	0.0236993877360254	0.034472938786542
"GSE319536_BC10"	"ACTGAGCGCAACTCAT-1"	3	0	"baseline"	0.0211197494982912	0.0126623153860535	0.034472938786542
"GSE319536_BC10"	"ACTTGAGCCGTTCTTA-1"	3	0.0422041503084689	"baseline"	0.0348935784759246	0.0354015236492803	0.034472938786542
"GSE319536_BC10"	"AGAAGTTGAGCGCAAG-1"	3	0.0696298373527762	"baseline"	0.0423122693617441	0.0476490372032156	0.034472938786542
"GSE319536_BC10"	"AGACCGCCGGCCAATG-1"	3	0.0362591138530567	"baseline"	0.0432754984175154	0.0492392316320808	0.034472938786542
"GSE319536_BC10"	"AGACGGCCTTACGGAG-1"	3	0.0712563095905777	"baseline"	0.0344896393270477	0.0347346606842401	0.034472938786542
"GSE319536_BC10"	"AGACTCCTGTATGGCG-1"	3	0	"baseline"	0.0471555898406263	0.0556448728734343	0.034472938786542
"GSE319536_BC10"	"AGATCAGTCGATAGAA-1"	3	0.0444195176668536	"baseline"	0.045096562389402	0.0522456253505328	0.034472938786542
"GSE319536_BC10"	"AGCACGATACCTAAGC-1"	3	0.0510656197420079	"baseline"	0.0307655752816863	0.0285866049728921	0.034472938786542
"GSE319536_BC10"	"AGCAGGTAAGTATCTG-1"	3	0.0883062254627033	"baseline"	0.0444595971034988	0.0511940596373154	0.034472938786542
"GSE319536_BC10"	"AGCCGGCCTATTCCAG-1"	3	0.0724340998317442	"baseline"	0.032461682593636	0.0313867077958497	0.034472938786542
"GSE319536_BC10"	"AGCCGTAGTGGAGTGC-1"	3	0	"baseline"	0.0253428106872439	0.0196341652645354	0.034472938786542
"GSE319536_BC10"	"AGCCGTATCTTCGTCT-1"	3	0.0279304542905216	"baseline"	0.0465200712186685	0.0545956954570948	0.034472938786542
"GSE319536_BC10"	"AGCCTCCGAACTACCA-1"	3	0.0553280987100393	"baseline"	0.036087415956375	0.0373724294260609	0.034472938786542
"GSE319536_BC10"	"AGCGAGAACAGATTCT-1"	3	0.0382220975883343	"baseline"	0.040700450749697	0.0449880865582352	0.034472938786542
"GSE319536_BC10"	"AGCGTGCTTCGCTCAT-1"	3	0.108721256309591	"baseline"	0.0333062399091554	0.0327809871003926	0.034472938786542
"GSE319536_BC10"	"AGCGTTATACCTGTTG-1"	3	0.0372966909702748	"baseline"	0.0246951978414597	0.0185650214993457	0.034472938786542
"GSE319536_BC10"	"AGCTTGAGTCAGGCCG-1"	3	0.022546270330903	"baseline"	0.0328147138930637	0.0319695270143952	0.034472938786542
"GSE319536_BC10"	"AGGCAACTAGCGTACC-1"	3	0.0540942232192933	"baseline"	0.0394781103091614	0.0429701252570574	0.034472938786542
"GSE319536_BC10"	"AGGCATTAAGTCTGGC-1"	3	0	"baseline"	0.0421113670912342	0.0473173677322864	0.034472938786542
"GSE319536_BC10"	"AGGTCTTCCATCGCCG-1"	3	0	"baseline"	0.0348654039170481	0.0353550102822958	0.034472938786542
"GSE319536_BC10"	"AGTAGACAGTAAGGAG-1"	3	0	"baseline"	0.0368058502214573	0.0385584922415405	0.034472938786542
"GSE319536_BC10"	"AGTATTCGTCGGTATC-1"	3	0.0688726864834549	"baseline"	0.0468040731502218	0.0550645541222658	0.034472938786542
"GSE319536_BC10"	"AGTCGCCACTCGGCGA-1"	3	0.0434380257992148	"baseline"	0.0368737047056969	0.0386705131800337	0.034472938786542
"GSE319536_BC10"	"AGTCGGTCTAATCTGT-1"	3	0	"baseline"	0.0390549455343469	0.0422715227145261	0.034472938786542
"GSE319536_BC10"	"AGTTATCCTGAACGAA-1"	3	0.0872406057206955	"baseline"	0.0551610487551705	0.0688610815105627	0.034472938786542
"GSE319536_BC10"	"AGTTGGCACCAGTTAC-1"	3	0.0421480650588895	"baseline"	0.0394583156431983	0.0429374462516358	0.034472938786542
"GSE319536_BC10"	"AGTTGTACTTAATGGA-1"	3	0.0927089175546831	"baseline"	0.0395196898656545	0.0430387689287717	0.034472938786542
"GSE319536_BC10"	"ATAACCTAGAACCTGC-1"	3	0.0772293886707796	"baseline"	0.0378046513564372	0.0402074126004861	0.034472938786542
"GSE319536_BC10"	"ATACATCAAGGATTGC-1"	3	0.0110768367919237	"baseline"	0.0337028240033738	0.0334357076088989	0.034472938786542
"GSE319536_BC10"	"ATACGCTGAGATCAGA-1"	3	0.0734997195737521	"baseline"	0.0395521789369635	0.0430924051224528	0.034472938786542
"GSE319536_BC10"	"ATACTAGCCATTAGTT-1"	3	0.0434380257992148	"baseline"	0.0366592247438313	0.0383164283043559	0.034472938786542
"GSE319536_BC10"	"ATACTGGAGGATAACG-1"	3	0.0367919237240606	"baseline"	0.0369639216136269	0.0388194522340624	0.034472938786542
"GSE319536_BC10"	"ATAGTTCGCAGCCGTG-1"	3	0.0245372966909703	"baseline"	0.0338121391402206	0.0336161759207329	0.034472938786542
"GSE319536_BC10"	"ATCAGATACCAGCTGT-1"	3	0.0419798093101514	"baseline"	0.0418142857322282	0.0468269162460273	0.034472938786542
"GSE319536_BC10"	"ATCATTCACCAGATTG-1"	3	0.00673022994952328	"baseline"	0.0420982904948263	0.0472957795849692	0.034472938786542
"GSE319536_BC10"	"ATCCGGATGACGTAAC-1"	3	0	"baseline"	0.0477664443993874	0.0566533323985792	0.034472938786542
"GSE319536_BC10"	"ATCCGTAGCTTCAGTA-1"	3	0.0451486259113853	"baseline"	0.0404976913137306	0.0446533510936624	0.034472938786542
"GSE319536_BC10"	"ATCGCAATGCACTAAC-1"	3	0.100729108244532	"baseline"	0.0344341225364962	0.0346430080388858	0.034472938786542
"GSE319536_BC10"	"ATCGGCTCTATGCCTC-1"	3	0.0821368480089736	"baseline"	0.0422717231366406	0.0475820994578426	0.034472938786542
"GSE319536_BC10"	"ATCGTACACCTATGCC-1"	3	0	"baseline"	0.0350363848739762	0.0356372826696579	0.034472938786542
"GSE319536_BC10"	"ATCTACAGGAGTGCAC-1"	3	0.0176668536174986	"baseline"	0.0450028519720616	0.0520909188633389	0.034472938786542
"GSE319536_BC10"	"ATCTACTCACATCTCC-1"	3	0.036932136848009	"baseline"	0.0331510533517422	0.0325247896803141	0.034472938786542
"GSE319536_BC10"	"ATCTGAGGAACGGTTG-1"	3	0	"baseline"	0.0400582197202738	0.043927827631333	0.034472938786542
"GSE319536_BC10"	"ATCTTGGCTTCGTCCT-1"	3	0.045092540661806	"baseline"	0.0382298912871656	0.0409094410170125	0.034472938786542
"GSE319536_BC10"	"ATGATATCTAGTCTTA-1"	3	0.0402411665731913	"baseline"	0.0404012036413401	0.0444940596373154	0.034472938786542
"GSE319536_BC10"	"ATGCATCCTGACTCAC-1"	3	0.0732192933258553	"baseline"	0.0505083963194733	0.0611800196298374	0.034472938786542
"GSE319536_BC10"	"ATGCTACTGAATAGTA-1"	3	0.0527481772293887	"baseline"	0.0442029034310817	0.0507702841652646	0.034472938786542
"GSE319536_BC10"	"ATGTACTACCGACTTC-1"	3	0.0883062254627033	"baseline"	0.0408311006409343	0.045203776406805	0.034472938786542
"GSE319536_BC10"	"ATGTAGCCGACCAAGG-1"	3	0.0325855300056085	"baseline"	0.0429557120783858	0.0487112965040195	0.034472938786542
"GSE319536_BC10"	"ATGTGCTTGTGCTACC-1"	3	0.0927369601794728	"baseline"	0.0301607168760301	0.027588044494298	0.034472938786542
"GSE319536_BC10"	"ATTAAGAATAACGCTT-1"	3	0	"baseline"	0.0290241797444203	0.0257117358384745	0.034472938786542
"GSE319536_BC10"	"ATTACATTGAAGTATG-1"	3	0.0435782389231632	"baseline"	0.0327587243180133	0.0318770938493176	0.034472938786542
"GSE319536_BC10"	"ATTAGATAAGACGGCG-1"	3	0.049298934380258	"baseline"	0.0361903895526387	0.0375424284913068	0.034472938786542
"GSE319536_BC10"	"ATTAGCCTCACTTCTA-1"	3	0.0308468872686484	"baseline"	0.0512511096256453	0.0624061647036829	0.034472938786542
"GSE319536_BC10"	"ATTCACGCTGTTATCG-1"	3	0.031407739764442	"baseline"	0.0398552564490744	0.0435927556552627	0.034472938786542
"GSE319536_BC10"	"ATTCCATTGTGAACGC-1"	3	0.0686483454851374	"baseline"	0.0349338415965378	0.0354679940175734	0.034472938786542
"GSE319536_BC10"	"ATTCTAGGACATCAGT-1"	3	0.0569545709478407	"baseline"	0.0326678421145312	0.0317270564591512	0.034472938786542
"GSE319536_BC10"	"CAAGTGTTGACGGCCA-1"	3	0.0516264722378015	"baseline"	0.0444117241341858	0.0511150261731165	0.034472938786542
"GSE319536_BC10"	"CAATAACTCAAGGCAA-1"	3	0.0365675827257431	"baseline"	0.0345238128700742	0.0347910777715461	0.034472938786542
"GSE319536_BC10"	"CACCGAGTCTTGGACA-1"	3	0.0298373527762199	"baseline"	0.0307086712791322	0.0284926621798467	0.034472938786542
"GSE319536_BC10"	"CACCTTAGCTATTGTC-1"	3	0.091755468311834	"baseline"	0.0294599653174131	0.0264311740512245	0.034472938786542
"GSE319536_BC10"	"CACGAGGCCATCCACT-1"	3	0.043774537296691	"baseline"	0.0453886101505701	0.0527277668723126	0.034472938786542
"GSE319536_BC10"	"CACGTACGTAGCTCAT-1"	3	0.00914189568143578	"baseline"	0.0188891975295175	0.0089798981117966	0.034472938786542
"GSE319536_BC10"	"CACTACAATATTGCGG-1"	3	0.0604318564217611	"baseline"	0.0301003221951104	0.0274883389418583	0.034472938786542
"GSE319536_BC10"	"CACTAGTCGACATCTA-1"	3	0	"baseline"	0.0449888298066561	0.0520677696765751	0.034472938786542
"GSE319536_BC10"	"CACTGGATCGATACGA-1"	3	0.0917835109366237	"baseline"	0.0364094756245618	0.0379041175920733	0.034472938786542
"GSE319536_BC10"	"CACTGGCCAGCCAGAT-1"	3	0	"baseline"	0.034870785733409	0.0353638951205833	0.034472938786542
"GSE319536_BC10"	"CACTGGTGAGACGCTT-1"	3	0.0236399326977005	"baseline"	0.0267578037334416	0.0219701766685362	0.034472938786542
"GSE319536_BC10"	"CAGCCATGTCTGCCGT-1"	3	0.0049915872125631	"baseline"	0.0374129989424402	0.0395608338007104	0.034472938786542
"GSE319536_BC10"	"CAGCGATAATGCGATT-1"	3	0.0447560291643298	"baseline"	0.0222100443424524	0.0144622826696579	0.034472938786542
"GSE319536_BC10"	"CAGCTTCACTACCGTG-1"	3	0.0830061693774537	"baseline"	0.050959888529589	0.0619253879229763	0.034472938786542
"GSE319536_BC10"	"CAGGAGCGTATCGCAT-1"	3	0.0465507571508693	"baseline"	0.0387432871251344	0.0417570059824266	0.034472938786542
"GSE319536_BC10"	"CAGGCCGTATCTGTTA-1"	3	0.036231071228267	"baseline"	0.0341848971605337	0.0342315619742008	0.034472938786542
"GSE319536_BC10"	"CAGTCTGTGGCGCTGC-1"	3	0.053337072349972	"baseline"	0.0304108198759126	0.0280009394279305	0.034472938786542
"GSE319536_BC10"	"CAGTGCCTTGCGGTCT-1"	3	0.0464105440269209	"baseline"	0.0474760641236673	0.0561739437277996	0.034472938786542
"GSE319536_BC10"	"CATCCGCCTAAGGAAC-1"	3	0	"baseline"	0.0385439362672315	0.0414278977378949	0.034472938786542
"GSE319536_BC10"	"CATGATAGGCCATGAG-1"	3	0.0104038137969714	"baseline"	0.0319272747403957	0.0305044541035708	0.034472938786542
"GSE319536_BC10"	"CATGCAGAAGTCAGGA-1"	3	0.0581884464385867	"baseline"	0.0379077551807664	0.0403776266591886	0.034472938786542
"GSE319536_BC10"	"CATGTCCACCTGCGTC-1"	3	0.0365114974761638	"baseline"	0.0258862495737254	0.0205313282856609	0.034472938786542
"GSE319536_BC10"	"CATTAGGATAGTGAAT-1"	3	0.0454010095344924	"baseline"	0.0364180112249449	0.0379182090110301	0.034472938786542
"GSE319536_BC10"	"CATTGCTATGTTAGCT-1"	3	0.0399607403252944	"baseline"	0.0495795050073327	0.0596465133669845	0.034472938786542
"GSE319536_BC10"	"CCAAGCTGGCCATTGC-1"	3	0	"baseline"	0.0425703106115351	0.0480750373901664	0.034472938786542
"GSE319536_BC10"	"CCACGATCCTAATCCG-1"	3	0.0604598990465508	"baseline"	0.053117909127943	0.0654880631893812	0.034472938786542
"GSE319536_BC10"	"CCAGATGATATGTAGG-1"	3	0.0627313516545149	"baseline"	0.0367592229119018	0.0384815152364928	0.034472938786542
"GSE319536_BC10"	"CCATCTGTGGCATCGT-1"	3	0.0750701065619742	"baseline"	0.0457086456216511	0.0532561132922042	0.034472938786542
"GSE319536_BC10"	"CCGAGGATGACTCGTC-1"	3	0.0371284352215367	"baseline"	0.0350992453950066	0.0357410590764629	0.034472938786542
"GSE319536_BC10"	"CCGCGTCGTTGGTCTG-1"	3	0.0279024116657319	"baseline"	0.04763696656074	0.0564395774911199	0.034472938786542
"GSE319536_BC10"	"CCGCGTTACCTTGGCG-1"	3	0.0684800897363993	"baseline"	0.0592788035668593	0.0756590811366611	0.034472938786542
"GSE319536_BC10"	"CCGCTCAATCTGGAAC-1"	3	0.0228266965787998	"baseline"	0.0274294493194089	0.0230789960740325	0.034472938786542
"GSE319536_BC10"	"CCGCTGTCACCTGCAA-1"	3	0.0544026920919798	"baseline"	0.0392864457381705	0.042653706300243	0.034472938786542
"GSE319536_BC10"	"CCGGATCTCCGAAGCG-1"	3	0.0203869882220976	"baseline"	0.0315023886902802	0.0298030099083941	0.034472938786542
"GSE319536_BC10"	"CCGGCGAACCGTGCAC-1"	3	0.0585249579360628	"baseline"	0.0385878401115901	0.0415003785754347	0.034472938786542
"GSE319536_BC10"	"CCTAACTTATGTTGGA-1"	3	0.0483454851374089	"baseline"	0.044629813678303	0.051475070106562	0.034472938786542
"GSE319536_BC10"	"CCTAGCCTTCATCGGC-1"	3	0	"baseline"	0.0433351004058622	0.049337628528697	0.034472938786542
"GSE319536_BC10"	"CCTGTCTGATAGGTGA-1"	3	0.0626752664049355	"baseline"	0.0393143683340507	0.0426998037016265	0.034472938786542
"GSE319536_BC10"	"CCTTCCGCTCCGGCAT-1"	3	0.0475042063937185	"baseline"	0.0436808587509336	0.0499084408300617	0.034472938786542
"GSE319536_BC10"	"CGACAAGTACTCCTTA-1"	3	0.0311833987661245	"baseline"	0.0475202029447529	0.0562468124883156	0.034472938786542
"GSE319536_BC10"	"CGACGCTCCGCACGTG-1"	3	0.0148906337633202	"baseline"	0.0350976656719506	0.0357384511123574	0.034472938786542
"GSE319536_BC10"	"CGACTAGGTCCTTAAC-1"	3	0.0134043746494672	"baseline"	0.0382387156541288	0.0409240091605908	0.034472938786542
"GSE319536_BC10"	"CGAGCTATGTCCTCGC-1"	3	0.0635445877734156	"baseline"	0.0387432984493141	0.0417570246775098	0.034472938786542
"GSE319536_BC10"	"CGAGGCATCCAAGTCC-1"	3	0.0191531127313517	"baseline"	0.0397292551335682	0.0433847401383436	0.034472938786542
"GSE319536_BC10"	"CGAGTCACTCATAGAT-1"	3	0.000560852495793606	"baseline"	0.0387581925765497	0.0417816133856796	0.034472938786542
"GSE319536_BC10"	"CGAGTGCGGCTCGTGG-1"	3	0.0471396522714526	"baseline"	0.0484523726068913	0.0577857309777529	0.034472938786542
"GSE319536_BC10"	"CGATGCACCAGGCCTC-1"	3	0.033510936623668	"baseline"	0.0445635643965235	0.0513656991961115	0.034472938786542
"GSE319536_BC10"	"CGATGTCCGACTACAG-1"	3	0.0585530005608525	"baseline"	0.0336590135834969	0.0333633810057955	0.034472938786542
"GSE319536_BC10"	"CGCAACCATGCACCGA-1"	3	0.0311553561413348	"baseline"	0.0490135508207362	0.0587121798467003	0.034472938786542
"GSE319536_BC10"	"CGCACTAACTACCGGT-1"	3	0.0775939427930454	"baseline"	0.0389119664425563	0.0420354785941297	0.034472938786542
"GSE319536_BC10"	"CGCACTGTGAGCCTGT-1"	3	0.0174705552439708	"baseline"	0.0442667180142445	0.0508756356328286	0.034472938786542
"GSE319536_BC10"	"CGCAGATAGATGTTCT-1"	3	0.0402131239484016	"baseline"	0.0354746249629	0.03636077304169	0.034472938786542
"GSE319536_BC10"	"CGCATCTTGACTTAGT-1"	3	0.0833426808749299	"baseline"	0.0446978153768776	0.0515873340811367	0.034472938786542
"GSE319536_BC10"	"CGCTATTATGATACGT-1"	3	0.0517386427369602	"baseline"	0.0360124215768895	0.0372486212376145	0.034472938786542
"GSE319536_BC10"	"CGCTCGGCCGGTTGTC-1"	3	0.0380818844643859	"baseline"	0.0381045354498973	0.0407024911198355	0.034472938786542
"GSE319536_BC10"	"CGGACTGTGAGTATAG-1"	3	0	"baseline"	0.0443407385142833	0.0509978360441204	0.034472938786542
"GSE319536_BC10"	"CGGAGGCTAGTCGGCA-1"	3	0.0476163768928772	"baseline"	0.0250181662750605	0.0190982099457843	0.034472938786542
"GSE319536_BC10"	"CGGATGTTGAACCACG-1"	3	0.0332305103757712	"baseline"	0.0325687980085931	0.0315635445877734	0.034472938786542
"GSE319536_BC10"	"CGGATTGCGTCTACCT-1"	3	0.0312955692652832	"baseline"	0.0307312205517861	0.028529888764255	0.034472938786542
"GSE319536_BC10"	"CGGCGTAGCGCTAGGA-1"	3	0	"baseline"	0.0361385304721021	0.0374568143578239	0.034472938786542
"GSE319536_BC10"	"CGGTATAGGATGAGCG-1"	3	0.0429052159282109	"baseline"	0.0419018499510838	0.0469714759768181	0.034472938786542
"GSE319536_BC10"	"CGGTTATCTGTCTTAA-1"	3	0.0800616937745373	"baseline"	0.0480249697578569	0.0570801318003366	0.034472938786542
"GSE319536_BC10"	"CGTAACCTGACATCGA-1"	3	0.0997195737521032	"baseline"	0.0383050328809861	0.0410334922415405	0.034472938786542
"GSE319536_BC10"	"CGTACAGACGAGGACC-1"	3	0.0714806505888951	"baseline"	0.0472331236673899	0.0557728734342868	0.034472938786542
"GSE319536_BC10"	"CGTAGTACGCATAATG-1"	3	0.0602355580482333	"baseline"	0.0505370889595671	0.0612273882968779	0.034472938786542
"GSE319536_BC10"	"CGTCCAATCTGCGTCC-1"	3	0.0572069545709478	"baseline"	0.0288651429659387	0.0254491820901103	0.034472938786542
"GSE319536_BC10"	"CGTCCATCGTCCAATA-1"	3	0.012983735277622	"baseline"	0.0367598768832744	0.0384825948775472	0.034472938786542
"GSE319536_BC10"	"CGTCGGCAGACGGTAT-1"	3	0.0389231632080763	"baseline"	0.0301409788309651	0.0275554589642924	0.034472938786542
"GSE319536_BC10"	"CGTGAGCAATGGACAT-1"	3	0.0240605720695457	"baseline"	0.021093086717393	0.0126182978126753	0.034472938786542
"GSE319536_BC10"	"CTAATCTGGCCGTGTT-1"	3	0.0299775659001683	"baseline"	0.040399422914096	0.0444911198354833	0.034472938786542
"GSE319536_BC10"	"CTACAACCGCTGTCTA-1"	3	0.0176948962422883	"baseline"	0.0294361986954509	0.026391937745373	0.034472938786542
"GSE319536_BC10"	"CTACATCTACTGGCTT-1"	3	0.0389792484576556	"baseline"	0.0387306946374051	0.0417362170499159	0.034472938786542
"GSE319536_BC10"	"CTACCAGGAGACATCT-1"	3	0.030790802019069	"baseline"	0.0380170901349276	0.0405581276874182	0.034472938786542
"GSE319536_BC10"	"CTACGCTACATCTGTT-1"	3	0.0732192933258553	"baseline"	0.0541688014891416	0.0672229809310152	0.034472938786542
"GSE319536_BC10"	"CTAGCCGAAGATGGAC-1"	3	0.0694896242288278	"baseline"	0.0327097444101433	0.0317962329407366	0.034472938786542
"GSE319536_BC10"	"CTAGCGCCTAGCTTAA-1"	3	0.0662647223780146	"baseline"	0.0324848235546747	0.0314249111983548	0.034472938786542
"GSE319536_BC10"	"CTATAACTCCTGGAGG-1"	3	0.0464385866517106	"baseline"	0.0180430718151217	0.00758302953823145	0.034472938786542
"GSE319536_BC10"	"CTATACCGACTCGCAT-1"	3	0.0683118339876612	"baseline"	0.0374383820910422	0.0396027388296878	0.034472938786542
"GSE319536_BC10"	"CTATCGAGATGCCTAC-1"	3	0.0305664610207515	"baseline"	0.0258351350579983	0.0204469433538979	0.034472938786542
"GSE319536_BC10"	"CTATGTGCGGTTGACT-1"	3	0.0742007851934941	"baseline"	0.0520738792195898	0.0637644746681623	0.034472938786542
"GSE319536_BC10"	"CTATTAGCGGCTTCGT-1"	3	0.0698822209758833	"baseline"	0.0387304483364985	0.0417358104318564	0.034472938786542
"GSE319536_BC10"	"CTCAATACGTTAACCG-1"	3	0.0346326416152552	"baseline"	0.0527274655701197	0.0648434800897364	0.034472938786542
"GSE319536_BC10"	"CTCAATGACCATTAAG-1"	3	0.0643578238923163	"baseline"	0.0439443497621632	0.0503434380257992	0.034472938786542
"GSE319536_BC10"	"CTCACCTGAGACTAAG-1"	3	0.0832865956253505	"baseline"	0.0351092871112782	0.0357576369414844	0.034472938786542
"GSE319536_BC10"	"CTCACCTTAATAAGAT-1"	3	0	"baseline"	0.0472483660131487	0.0557980370162647	0.034472938786542
"GSE319536_BC10"	"CTCACCTTCTGAAGTA-1"	3	0.0244531688166012	"baseline"	0.0479353360451769	0.0569321555430921	0.034472938786542
"GSE319536_BC10"	"CTCACGAGTAGATGAG-1"	3	0.104010095344924	"baseline"	0.0279997434978421	0.0240204944849505	0.034472938786542
"GSE319536_BC10"	"CTCAGAAGACAACTCG-1"	3	0	"baseline"	0.0366097380789236	0.038234730790802	0.034472938786542
"GSE319536_BC10"	"CTCAGGATACGCGGCA-1"	3	0.00608524957936063	"baseline"	0.0368172791497315	0.0385773602542532	0.034472938786542
"GSE319536_BC10"	"CTCAGGTCACTACAGC-1"	3	0.0473639932697701	"baseline"	0.0252475460262516	0.0194768928771733	0.034472938786542
"GSE319536_BC10"	"CTCCATGGCGACCAGT-1"	3	0.076668536174986	"baseline"	0.0425872827257297	0.0481030566461021	0.034472938786542
"GSE319536_BC10"	"CTCCTACATTGTATCT-1"	3	0.0649747616376893	"baseline"	0.0516724908421707	0.0631018227706113	0.034472938786542
"GSE319536_BC10"	"CTCGCTAGCACCATCT-1"	3	0.0457375210319686	"baseline"	0.0369355771920561	0.0387726584408301	0.034472938786542
"GSE319536_BC10"	"CTCGCTGTTCATAGAT-1"	3	0.041755468311834	"baseline"	0.0461073360132775	0.0539143110861843	0.034472938786542
"GSE319536_BC10"	"CTGCCGATTGCGATGT-1"	3	0.0818283791362872	"baseline"	0.0461189744388745	0.0539335249579361	0.034472938786542
"GSE319536_BC10"	"CTGCCTGACACGGATT-1"	3	0.0250420639371845	"baseline"	0.0429685876706055	0.04873255281361	0.034472938786542
"GSE319536_BC10"	"CTGCTCATTAGAGTGC-1"	3	0.055524397083567	"baseline"	0.044859957811618	0.0518550149560666	0.034472938786542
"GSE319536_BC10"	"CTGGAATAGTGCAAGT-1"	3	0.0664329781267527	"baseline"	0.0431778754961187	0.0490780659936437	0.034472938786542
"GSE319536_BC10"	"CTGGAATGGATCAGCA-1"	3	0.0750981491867639	"baseline"	0.037971399901235	0.0404826977005048	0.034472938786542
"GSE319536_BC10"	"CTGGCGCACTTACTGA-1"	3	0.045260796410544	"baseline"	0.0442864787076687	0.0509082585530006	0.034472938786542
"GSE319536_BC10"	"CTGGTGATCCTGAAGG-1"	3	0.0071228266965788	"baseline"	0.0387242681654748	0.0417256075902038	0.034472938786542
"GSE319536_BC10"	"CTGTATCTTCGCCATA-1"	3	0.0289399887829501	"baseline"	0.0370011526851487	0.0388809169938306	0.034472938786542
"GSE319536_BC10"	"CTGTCAGATCGATGCG-1"	3	0.0539820527201346	"baseline"	0.0464801364992641	0.0545297672462142	0.034472938786542
"GSE319536_BC10"	"CTGTTCGTATGCACCA-1"	3	0.014469994391475	"baseline"	0.039548945883684	0.0430870676762012	0.034472938786542
"GSE319536_BC10"	"CTTACGAACTCCGTCC-1"	3	0.0699943914750421	"baseline"	0.0163665921374858	0.00481532996821836	0.034472938786542
"GSE319536_BC10"	"CTTACGGTAAGCCGAA-1"	3	0.0367638810992709	"baseline"	0.0480032414882249	0.0570442606094597	0.034472938786542
"GSE319536_BC10"	"CTTAGTCTATCGAGAC-1"	3	0.0439988782950084	"baseline"	0.0358996044374974	0.037062371471303	0.034472938786542
"GSE319536_BC10"	"CTTAGTGCGACCTATT-1"	3	0.0269209197980931	"baseline"	0.040368162516275	0.0444395120583287	0.034472938786542
"GSE319536_BC10"	"CTTAGTGGCTAAGACG-1"	3	0.0936343241727426	"baseline"	0.0461251206373593	0.0539436717143391	0.034472938786542
"GSE319536_BC10"	"CTTCCAATTGAAGATT-1"	3	0.0505888951205833	"baseline"	0.0545635623904422	0.0678746915311273	0.034472938786542
"GSE319536_BC10"	"CTTCGTATTAATACGG-1"	3	0.0546831183398766	"baseline"	0.0359184761828221	0.0370935268274444	0.034472938786542
"GSE319536_BC10"	"CTTCGTCAAGACTCGT-1"	3	0.0812114413909142	"baseline"	0.031287367998838	0.0294480323424939	0.034472938786542
"GSE319536_BC10"	"CTTCTGAGCCAGGAAC-1"	3	0.0887549074593382	"baseline"	0.0441076557563588	0.0506130398205272	0.034472938786542
"GSE319536_BC10"	"CTTCTGTACGGACATC-1"	3	0.0433538979248458	"baseline"	0.0441658195738948	0.0507090624415779	0.034472938786542
"GSE319536_BC10"	"CTTGGTTAGAGTCATC-1"	3	0.0469433538979248	"baseline"	0.0497719282983576	0.0599641848943728	0.034472938786542
"GSE319536_BC10"	"GAACATTCGACACGTA-1"	3	0.0103196859226024	"baseline"	0.0502687653546877	0.0607844129743878	0.034472938786542
"GSE319536_BC10"	"GAACGCCAGTGCATAC-1"	3	0.04035333707235	"baseline"	0.0400410918986096	0.0438995513180034	0.034472938786542
"GSE319536_BC10"	"GAACTCATAGTGAGTG-1"	3	0.0425967470555244	"baseline"	0.0263100315163287	0.0212309497102262	0.034472938786542
"GSE319536_BC10"	"GAATAAGGAGAACTAA-1"	3	0	"baseline"	0.0362527716270804	0.0376454150308469	0.034472938786542
"GSE319536_BC10"	"GAATCATGAACCAGTG-1"	3	0	"baseline"	0.0367958226604102	0.038541937745373	0.034472938786542
"GSE319536_BC10"	"GAATGACACGACTAGG-1"	3	0.0278182837913629	"baseline"	0.0464860052553485	0.0545394559730791	0.034472938786542
"GSE319536_BC10"	"GAATGACCACAATCGA-1"	3	0.045877734155917	"baseline"	0.0214562673127986	0.0132178724995326	0.034472938786542
"GSE319536_BC10"	"GACAACGGACTCAGCT-1"	3	0.0643578238923163	"baseline"	0.0512101981957493	0.062338624041877	0.034472938786542
"GSE319536_BC10"	"GACAATCTATTAGATT-1"	3	0.0761918115535614	"baseline"	0.053617936771879	0.0663135586090858	0.034472938786542
"GSE319536_BC10"	"GACAATGACAAGCTTA-1"	3	0.0598429613011778	"baseline"	0.0432177082979066	0.0491438259487755	0.034472938786542
"GSE319536_BC10"	"GACCACATTCTTGAAT-1"	3	0.0543185642176108	"baseline"	0.0550848058848827	0.0687352121891942	0.034472938786542
"GSE319536_BC10"	"GACGGTGGTTGATGTC-1"	3	0.0406618059450365	"baseline"	0.0380338838932933	0.0405858524957936	0.034472938786542
"GSE319536_BC10"	"GACTAGATTAGCTAAC-1"	3	0.0997476163768929	"baseline"	0.0402127324890001	0.0441829126939615	0.034472938786542
"GSE319536_BC10"	"GACTAGTAATCTTGCT-1"	3	0.0372406057206955	"baseline"	0.0357632896254088	0.0368373294073659	0.034472938786542
"GSE319536_BC10"	"GAGCCTCACGTATGTA-1"	3	0.0204150308468873	"baseline"	0.0370222241523632	0.0389157038698822	0.034472938786542
"GSE319536_BC10"	"GAGTCTGACTATAGAA-1"	3	0.0297532249018508	"baseline"	0.0389594458966277	0.0421138624041877	0.034472938786542
"GSE319536_BC10"	"GAGTTAATTCCACTGG-1"	3	0	"baseline"	0.0266288553001911	0.0217572957562161	0.034472938786542
"GSE319536_BC10"	"GAGTTCTATCGTGCCT-1"	3	0.0363993269770051	"baseline"	0.0365787692787276	0.0381836044120396	0.034472938786542
"GSE319536_BC10"	"GAGTTGGTATTAATAG-1"	3	0.0250140213123948	"baseline"	0.0459560449736511	0.0536645447747243	0.034472938786542
"GSE319536_BC10"	"GATACTTCACTCAGCA-1"	3	0.0596747055524397	"baseline"	0.0497839715633758	0.0599840671153487	0.034472938786542
"GSE319536_BC10"	"GATAGTGACACTCCAA-1"	3	0.0714526079641054	"baseline"	0.0341593469802825	0.0341893811927463	0.034472938786542
"GSE319536_BC10"	"GATCGGAGATACGCAG-1"	3	0.036315199102636	"baseline"	0.0279776188819236	0.0239839689661619	0.034472938786542
"GSE319536_BC10"	"GATCGTGGCCACAACC-1"	3	0.0696298373527762	"baseline"	0.0510709872247248	0.0621088007104132	0.034472938786542
"GSE319536_BC10"	"GATCTATGAAGATGCG-1"	3	0.0506449803701627	"baseline"	0.0301662798792649	0.0275972284539166	0.034472938786542
"GSE319536_BC10"	"GATGCCAGACATAATG-1"	3	0.0529164329781268	"baseline"	0.055059533147032	0.068693489437278	0.034472938786542
"GSE319536_BC10"	"GATGCCTAGAGTCTGT-1"	3	0.0361749859786876	"baseline"	0.0409979879069324	0.0454792905215928	0.034472938786542
"GSE319536_BC10"	"GATGGACCTGGACGGA-1"	3	0.0445877734155917	"baseline"	0.0368620974215939	0.0386513507197607	0.034472938786542
"GSE319536_BC10"	"GATGTAGGAGTTGGCC-1"	3	0.0618620302860348	"baseline"	0.0552598493912469	0.0690241914376519	0.034472938786542
"GSE319536_BC10"	"GCAAGATAGGTTAACT-1"	3	0.0730510375771172	"baseline"	0.0348562058521576	0.0353398252009721	0.034472938786542
"GSE319536_BC10"	"GCAAGCACTACCGCCA-1"	3	0	"baseline"	0.0406503837205841	0.0449054309216676	0.034472938786542
"GSE319536_BC10"	"GCAATCGTGACTCCAA-1"	3	0.00860908581043186	"baseline"	0.0191119752839944	0.00934768180968405	0.034472938786542
"GSE319536_BC10"	"GCACGCTTCGTTGTTC-1"	3	0	"baseline"	0.0296771206167123	0.0267896756403066	0.034472938786542
"GSE319536_BC10"	"GCAGCGATCTAACGAA-1"	3	0.0396803140773976	"baseline"	0.030631329963422	0.0283649794354085	0.034472938786542
"GSE319536_BC10"	"GCAGGCTGGTTCCAAG-1"	3	0.0404655075715087	"baseline"	0.049027652255399	0.0587354598990466	0.034472938786542
"GSE319536_BC10"	"GCATACTAGCATCGAA-1"	3	0.05263600673023	"baseline"	0.0393611541821208	0.0427770424378388	0.034472938786542
"GSE319536_BC10"	"GCCACTATAGACCATA-1"	3	0.067807066741447	"baseline"	0.0432724408890199	0.0492341839596186	0.034472938786542
"GSE319536_BC10"	"GCCGATCGAGTGAAGT-1"	3	0.0689568143578239	"baseline"	0.0347811208792352	0.0352158674518602	0.034472938786542
"GSE319536_BC10"	"GCCGGCGTGAACTTGC-1"	3	0.0404655075715087	"baseline"	0.0370479526884433	0.038958179098897	0.034472938786542
"GSE319536_BC10"	"GCCTGGTACATGGTCG-1"	3	0.075967470555244	"baseline"	0.0465430762895518	0.0546336745186016	0.034472938786542
"GSE319536_BC10"	"GCCTTGCCACTTCTGA-1"	3	0.0445316881660123	"baseline"	0.0474207653235733	0.0560826509627968	0.034472938786542
"GSE319536_BC10"	"GCGGCAAGTGTTATGT-1"	3	0.0106281547952888	"baseline"	0.0409363362420757	0.0453775098149187	0.034472938786542
"GSE319536_BC10"	"GCGGTGGCCGACGCAT-1"	3	0.0217330342120022	"baseline"	0.03106009171401	0.029072822022808	0.034472938786542
"GSE319536_BC10"	"GCGTACCGGATGGCTC-1"	3	0.0773135165451486	"baseline"	0.046892789604353	0.0552110160777716	0.034472938786542
"GSE319536_BC10"	"GCTACCATCCTGTAGA-1"	3	0.0434660684240045	"baseline"	0.0382513421143971	0.0409448541783511	0.034472938786542
"GSE319536_BC10"	"GCTCGGAGATGAATGT-1"	3	0.0330622546270331	"baseline"	0.0322400457502552	0.031020807627594	0.034472938786542
"GSE319536_BC10"	"GCTGAGGACAAGAAGT-1"	3	0.00100953449242849	"baseline"	0.0430245206247578	0.0488248925032717	0.034472938786542
"GSE319536_BC10"	"GCTTCTGTTACGAGAA-1"	3	0	"baseline"	0.0440979028066673	0.0505969386801271	0.034472938786542
"GSE319536_BC10"	"GCTTGAGCTCTTGACA-1"	3	0.0708076275939428	"baseline"	0.0385500994519857	0.0414380725369228	0.034472938786542
"GSE319536_BC10"	"GCTTGCTTACTTAACG-1"	3	0.0675546831183399	"baseline"	0.0455540649078472	0.0530009160590765	0.034472938786542
"GSE319536_BC10"	"GGAATCCTTAGACTGT-1"	3	0.0924004486819966	"baseline"	0.0556163345654565	0.0696127126565713	0.034472938786542
"GSE319536_BC10"	"GGACAGTGCGGCAACA-1"	3	0.0437464946719013	"baseline"	0.0354327679640064	0.0362916713404375	0.034472938786542
"GSE319536_BC10"	"GGACCGCTTCCTGGCA-1"	3	0.0525518788558609	"baseline"	0.0390282063152363	0.0422273789493363	0.034472938786542
"GSE319536_BC10"	"GGACGTAGTGTAGAAG-1"	3	0.104318564217611	"baseline"	0.042069875297133	0.0472488689474668	0.034472938786542
"GSE319536_BC10"	"GGATCGCTGGCATATT-1"	3	0.0858945597307908	"baseline"	0.0440068337542215	0.0504465928210881	0.034472938786542
"GSE319536_BC10"	"GGCATAATCCTATCGC-1"	3	0	"baseline"	0.0323987711137974	0.0312828472611703	0.034472938786542
"GSE319536_BC10"	"GGCATTGCTAAGAATG-1"	3	0.0744812114413909	"baseline"	0.0295042711701481	0.0265043185642176	0.034472938786542
"GSE319536_BC10"	"GGCCAAGATGGATGGC-1"	3	0.0418115535614133	"baseline"	0.0380142845694285	0.0405534959805571	0.034472938786542
"GSE319536_BC10"	"GGCCTGCGTTATGCCG-1"	3	0.068508132361189	"baseline"	0.0518090746035251	0.0633273088427744	0.034472938786542
"GSE319536_BC10"	"GGCGGAAGTCTTGTAG-1"	3	0.0850813236118901	"baseline"	0.04030777632849	0.0443398205272014	0.034472938786542
"GSE319536_BC10"	"GGCGTGTAATTACTTA-1"	3	0.043073471676949	"baseline"	0.0382003521646457	0.0408606748925033	0.034472938786542
"GSE319536_BC10"	"GGTACGCTTACCTGCG-1"	3	0.0873247335950645	"baseline"	0.0478827805275942	0.0568453916619929	0.034472938786542
"GSE319536_BC10"	"GGTACGGAGCATCAGC-1"	3	0	"baseline"	0.0355721403045904	0.0365217610768368	0.034472938786542
"GSE319536_BC10"	"GGTAGCTTAGCCAATC-1"	3	0.0114694335389792	"baseline"	0.0282099400887692	0.0243675079454104	0.034472938786542
"GSE319536_BC10"	"GGTATGCAACAGTGGC-1"	3	0.00291643297812675	"baseline"	0.0463080655900483	0.0542456954570948	0.034472938786542
"GSE319536_BC10"	"GGTCCTGCGAGTAGGT-1"	3	0.0672181716208637	"baseline"	0.0579002432375207	0.0733832164890634	0.034472938786542
"GSE319536_BC10"	"GGTCTTGAACCGGCCA-1"	3	0.0388390353337072	"baseline"	0.035864202220983	0.0370039259674706	0.034472938786542
"GSE319536_BC10"	"GGTGTCACCAGCGAAC-1"	3	0.0793606281547953	"baseline"	0.0327777914054363	0.0319085716956441	0.034472938786542
"GSE319536_BC10"	"GGTTCACCGACTCACG-1"	3	0.0385025238362311	"baseline"	0.020875138725521	0.0122584875677697	0.034472938786542
"GSE319536_BC10"	"GGTTCTGGAGTCTACC-1"	3	0.0229388670779585	"baseline"	0.0424673596636306	0.0479050757150869	0.034472938786542
"GSE319536_BC10"	"GTAAGTTGCGGAGCGT-1"	3	0.0468872686483455	"baseline"	0.0244133871386616	0.0180997803327725	0.034472938786542
"GSE319536_BC10"	"GTAATGATCACGTAAG-1"	3	0.0484296130117779	"baseline"	0.0371978989817407	0.0392057253692279	0.034472938786542
"GSE319536_BC10"	"GTACAGTATCGGAATT-1"	3	0.0357823892316321	"baseline"	0.0283058219175504	0.0245257992148065	0.034472938786542
"GSE319536_BC10"	"GTACCTTCATGTGCAA-1"	3	0.0526640493550196	"baseline"	0.0333334207712709	0.0328258599738269	0.034472938786542
"GSE319536_BC10"	"GTACGAATTCTACCAA-1"	3	0.000112170499158721	"baseline"	0.0422466230925289	0.047540661805945	0.034472938786542
"GSE319536_BC10"	"GTACTACCGTTAGGTG-1"	3	0.0552439708356702	"baseline"	0.0402131260042417	0.0441835623481025	0.034472938786542
"GSE319536_BC10"	"GTACTTCTGATCCTCG-1"	3	0.0439147504206394	"baseline"	0.0588431340667074	0.0749398345485137	0.034472938786542
"GSE319536_BC10"	"GTAGCAACGACCGTGG-1"	3	0.0491867638810993	"baseline"	0.0345586403844732	0.0348485744999065	0.034472938786542
"GSE319536_BC10"	"GTATACGGTACACGCA-1"	3	0.0236679753224902	"baseline"	0.026798148954357	0.0220367825761825	0.034472938786542
"GSE319536_BC10"	"GTATGATAGTATGGAT-1"	3	0.0381379697139652	"baseline"	0.0408458277365207	0.0452280893624977	0.034472938786542
"GSE319536_BC10"	"GTATGTGCAAGCCGGA-1"	3	0.0767246214245653	"baseline"	0.0349091916885657	0.0354272994952328	0.034472938786542
"GSE319536_BC10"	"GTATGTTAGTTCTACC-1"	3	0.0679192372406057	"baseline"	0.0320901164432272	0.0307732893998878	0.034472938786542
"GSE319536_BC10"	"GTATTCGTGACTTGAT-1"	3	0.0487380818844644	"baseline"	0.0414768676454416	0.0462698728734343	0.034472938786542
"GSE319536_BC10"	"GTCAGTAATCCAATTA-1"	3	0	"baseline"	0.0407607916407636	0.0450877033090297	0.034472938786542
"GSE319536_BC10"	"GTCATCACGTGGTTCA-1"	3	0.0396242288278183	"baseline"	0.0354609255366135	0.0363381566647972	0.034472938786542
"GSE319536_BC10"	"GTCGCACGCAGCCTGC-1"	3	0	"baseline"	0.0294917409654065	0.0264836324546644	0.034472938786542
"GSE319536_BC10"	"GTCTAAGATCGGACTA-1"	3	0.0204991587212563	"baseline"	0.0313879153896197	0.0296140259861657	0.034472938786542
"GSE319536_BC10"	"GTCTATCAATGGATTA-1"	3	0	"baseline"	0.0297618084939463	0.0269294868199664	0.034472938786542
"GSE319536_BC10"	"GTCTCATGACTAGTTG-1"	3	0.0514862591138531	"baseline"	0.0439570300122846	0.0503643718452047	0.034472938786542
"GSE319536_BC10"	"GTCTGATAGATTATAA-1"	3	0	"baseline"	0.0313743858260274	0.0295916900355206	0.034472938786542
"GSE319536_BC10"	"GTCTTGACAATAGCAA-1"	3	0.0318844643858665	"baseline"	0.0317758704589731	0.0302545008412787	0.034472938786542
"GSE319536_BC10"	"GTCTTGCGGCGATTCA-1"	3	0.0815479528883904	"baseline"	0.0409384510326184	0.045381001121705	0.034472938786542
"GSE319536_BC10"	"GTGAAGATGAGTGCCT-1"	3	0.067021873247336	"baseline"	0.0419627966857597	0.0470720929145635	0.034472938786542
"GSE319536_BC10"	"GTGACCGGAGTCATAC-1"	3	0.034913067863152	"baseline"	0.0318427595569008	0.0303649280239297	0.034472938786542
"GSE319536_BC10"	"GTGATCTACGAGATCC-1"	3	0.0478407178911946	"baseline"	0.0269645294633174	0.0223114600859974	0.034472938786542
"GSE319536_BC10"	"GTGCAACGACGGTGTT-1"	3	0.0188166012338755	"baseline"	0.0318358574694268	0.0303535333707235	0.034472938786542
"GSE319536_BC10"	"GTGGTCGCTCTGTAGC-1"	3	0.0437464946719013	"baseline"	0.0313080119782721	0.029482113479155	0.034472938786542
"GSE319536_BC10"	"GTTAACAACTTCGGAT-1"	3	0.0510375771172182	"baseline"	0.0540688033210711	0.0670578939988783	0.034472938786542
"GSE319536_BC10"	"GTTCATCTTACATTCC-1"	3	0.084127874369041	"baseline"	0.0352851346343949	0.0360479435408488	0.034472938786542
"GSE319536_BC10"	"GTTGAATAAGTCAGCA-1"	3	0.0366797532249019	"baseline"	0.0437878241205108	0.0500850299121331	0.034472938786542
"GSE319536_BC10"	"GTTGACTAGAGCACGT-1"	3	0	"baseline"	0.044217721120105	0.0507947466816227	0.034472938786542
"GSE319536_BC10"	"TAACAGGAACCGACAA-1"	3	0.0178351093662367	"baseline"	0.0582412878928283	0.073946246962049	0.034472938786542
"GSE319536_BC10"	"TAACGAGCCGAAGGTC-1"	3	0	"baseline"	0.0333900388382898	0.0329193307160217	0.034472938786542
"GSE319536_BC10"	"TAACGCGTAATATGGC-1"	3	0	"baseline"	0.0389141123745929	0.0420390213123948	0.034472938786542
"GSE319536_BC10"	"TAAGCCACAATTGCCT-1"	3	0.0523555804823331	"baseline"	0.0359480039811623	0.0371422742568704	0.034472938786542
"GSE319536_BC10"	"TAAGCCTGGCTTCAGT-1"	3	0	"baseline"	0.0248564739764597	0.0188312722004113	0.034472938786542
"GSE319536_BC10"	"TAAGGACGCCTGGTTG-1"	3	0.0333426808749299	"baseline"	0.0458704454999582	0.0535232286408674	0.034472938786542
"GSE319536_BC10"	"TAAGTGGCCGCTCACC-1"	3	0.0413067863151991	"baseline"	0.0428651497829777	0.0485617872499533	0.034472938786542
"GSE319536_BC10"	"TAATAGCGCTGTACTC-1"	3	0.075266404935502	"baseline"	0.0321526400699141	0.0308765096279678	0.034472938786542
"GSE319536_BC10"	"TAATGTGCACGATCTG-1"	3	0.0217891194615816	"baseline"	0.0365746755877976	0.0381768461394653	0.034472938786542
"GSE319536_BC10"	"TACACTGTCGAACCAA-1"	3	0.0777341559169938	"baseline"	0.0579175862185976	0.0734118480089737	0.034472938786542
"GSE319536_BC10"	"TACATATGCACCAGTG-1"	3	0.0755748738081885	"baseline"	0.0400982648504295	0.0439939381192746	0.034472938786542
"GSE319536_BC10"	"TACGGAACAGACGCGG-1"	3	0.0826977005047672	"baseline"	0.0517635683877512	0.0632521826509628	0.034472938786542
"GSE319536_BC10"	"TACGGAATACTCGTTC-1"	3	0.0736118900729108	"baseline"	0.0456340985472604	0.0531330435595439	0.034472938786542
"GSE319536_BC10"	"TACGGATCAGCCATCC-1"	3	0.0646102075154234	"baseline"	0.0449633192610334	0.0520256543279118	0.034472938786542
"GSE319536_BC10"	"TAGACATGGTTAGGTC-1"	3	0.083510936623668	"baseline"	0.0441018124796786	0.0506033931575995	0.034472938786542
"GSE319536_BC10"	"TAGACCGAAGCAGAGC-1"	3	0	"baseline"	0.0237030071963288	0.0169270143952141	0.034472938786542
"GSE319536_BC10"	"TAGCTAGAGGCCTGAA-1"	3	0	"baseline"	0.0329834922970572	0.0322481632080763	0.034472938786542
"GSE319536_BC10"	"TAGGACTTCATGTTAT-1"	3	0.0443073471676949	"baseline"	0.0314380078981367	0.0296967236866704	0.034472938786542
"GSE319536_BC10"	"TAGGCATCTGCGGACC-1"	3	0.0407739764441952	"baseline"	0.03292624007598	0.0321536455412227	0.034472938786542
"GSE319536_BC10"	"TAGGCGAGCGATCGGT-1"	3	0.0395401009534492	"baseline"	0.0423670472495759	0.0477394699943915	0.034472938786542
"GSE319536_BC10"	"TAGGTCTGCCTCTGTA-1"	3	0.0784071789119462	"baseline"	0.042168718398883	0.047412048981118	0.034472938786542
"GSE319536_BC10"	"TAGTTCGAATTAGCGG-1"	3	0.0625911385305665	"baseline"	0.034261915737125	0.034358711908768	0.034472938786542
"GSE319536_BC10"	"TAGTTCGAGTAGGAAG-1"	3	0.0220415030846887	"baseline"	0.0312840868177952	0.0294426154421387	0.034472938786542
"GSE319536_BC10"	"TATCCTGCGGTTGATC-1"	3	0.0463264161525519	"baseline"	0.0391315111437537	0.0423979248457656	0.034472938786542
"GSE319536_BC10"	"TATCTAGTCGCATGCA-1"	3	0	"baseline"	0.041576809192614	0.0464348663301552	0.034472938786542
"GSE319536_BC10"	"TATGAGCGATCCATTA-1"	3	0	"baseline"	0.0330367527448209	0.0323360908581043	0.034472938786542
"GSE319536_BC10"	"TATGCTCCTGGTTAGT-1"	3	0.0298653954010095	"baseline"	0.0323384472090002	0.0311832585530006	0.034472938786542
"GSE319536_BC10"	"TATGGCCGGCGACACT-1"	3	0.0127313516545149	"baseline"	0.0488660618744147	0.0584686904094223	0.034472938786542
"GSE319536_BC10"	"TATGTTGCAGTCTAGG-1"	3	0.0373808188446439	"baseline"	0.0303441289511282	0.0278908394092354	0.034472938786542
"GSE319536_BC10"	"TATGTTGGTCCAGTGA-1"	3	0.00145821648906338	"baseline"	0.0382774698278086	0.0409879884090484	0.034472938786542
"GSE319536_BC10"	"TATTCTAAGGCTCATC-1"	3	0	"baseline"	0.0246993170117939	0.0185718218358572	0.034472938786542
"GSE319536_BC10"	"TATTCTCCTATGATGG-1"	3	0	"baseline"	0.0210753728694338	0.0125890540287904	0.034472938786542
"GSE319536_BC10"	"TATTGAATCCGACTAA-1"	3	0.0741727425687044	"baseline"	0.0500079610050712	0.0603538511871378	0.034472938786542
"GSE319536_BC10"	"TCAACAATGGAGGCCT-1"	3	0.00100953449242849	"baseline"	0.043083324258442	0.0489219713965227	0.034472938786542
"GSE319536_BC10"	"TCAAGGTATCAACTTA-1"	3	0.0378014582164891	"baseline"	0.0437404352598763	0.0500067956627407	0.034472938786542
"GSE319536_BC10"	"TCAAGGTCTGAATATG-1"	3	0.0251822770611329	"baseline"	0.0443194603807909	0.0509627079828005	0.034472938786542
"GSE319536_BC10"	"TCACAAGCTCGAGGCA-1"	3	0.0455412226584408	"baseline"	0.0332614641029666	0.032707066741447	0.034472938786542
"GSE319536_BC10"	"TCACATTGTCGGTGAC-1"	3	0.0686483454851374	"baseline"	0.0537202705519946	0.0664825014021313	0.034472938786542
"GSE319536_BC10"	"TCACCGTTGCTAATGG-1"	3	0.0719854178351094	"baseline"	0.0510756584488151	0.0621165124322303	0.034472938786542
"GSE319536_BC10"	"TCAGAATCGATATCAT-1"	3	0.00647784632641615	"baseline"	0.0351940825682185	0.0358976257244345	0.034472938786542
"GSE319536_BC10"	"TCAGCGTGACCTTACC-1"	3	0.0158721256309591	"baseline"	0.0454295329046457	0.0527953262292017	0.034472938786542
"GSE319536_BC10"	"TCAGGAGCAACGGTCG-1"	3	0.0511217049915872	"baseline"	0.0473145501808954	0.0559073004299869	0.034472938786542
"GSE319536_BC10"	"TCAGTATGTAGGACAA-1"	3	0.0187324733595064	"baseline"	0.0445925627894669	0.0514135726303982	0.034472938786542
"GSE319536_BC10"	"TCAGTCGCCAAGGTTG-1"	3	0	"baseline"	0.0443836628171054	0.0510686997569639	0.034472938786542
"GSE319536_BC10"	"TCATAGCTTCCAGTAC-1"	3	0.0137128435221537	"baseline"	0.0330725060109032	0.0323951159095158	0.034472938786542
"GSE319536_BC10"	"TCATAGGTAGTGACGA-1"	3	0.00521592821088054	"baseline"	0.0210952326494296	0.0126218405309404	0.034472938786542
"GSE319536_BC10"	"TCATCTCCAACCACCT-1"	3	0.0371564778463264	"baseline"	0.045794916052986	0.0533985371097402	0.034472938786542
"GSE319536_BC10"	"TCATTGATAGACTTGC-1"	3	0.0532809871003926	"baseline"	0.0348350607777757	0.0353049168068798	0.034472938786542
"GSE319536_BC10"	"TCCAACTGGCTGAAGA-1"	3	0.0316320807627594	"baseline"	0.0413797203395886	0.0461094924284913	0.034472938786542
"GSE319536_BC10"	"TCCAATTGGTTACAGT-1"	3	0.022013460459899	"baseline"	0.0427385652722214	0.0483528089362498	0.034472938786542
"GSE319536_BC10"	"TCCAGTACGTGCTATG-1"	3	0.019125070106562	"baseline"	0.0284701244395519	0.0247970461768555	0.034472938786542
"GSE319536_BC10"	"TCCGAACCTCAACCAT-1"	3	0.0419237240605721	"baseline"	0.0405786223943781	0.0447869601794728	0.034472938786542
"GSE319536_BC10"	"TCCGAGTACGACTTAG-1"	3	0.0839596186203029	"baseline"	0.0296061066863607	0.0266724387736025	0.034472938786542
"GSE319536_BC10"	"TCCGCCAGTGATTAAT-1"	3	0.0220695457094784	"baseline"	0.0417271631563774	0.046683085623481	0.034472938786542
"GSE319536_BC10"	"TCCGGCTCTATGGACA-1"	3	0.0727425687044307	"baseline"	0.0390849432861411	0.0423210459899047	0.034472938786542
"GSE319536_BC10"	"TCCGTGTCTTACATAA-1"	3	0.00931015143017386	"baseline"	0.0294760626387327	0.0264577491119836	0.034472938786542
"GSE319536_BC10"	"TCCGTGTTCTGTTCTG-1"	3	0.074733595064498	"baseline"	0.0575917272881508	0.0728738876425501	0.034472938786542
"GSE319536_BC10"	"TCCTGGTGGCAATAGC-1"	3	0.0689848569826136	"baseline"	0.0278611751740106	0.0237917320994578	0.034472938786542
"GSE319536_BC10"	"TCGATCCAGTCTGTAG-1"	3	0	"baseline"	0.0427624451359798	0.0483922321929333	0.034472938786542
"GSE319536_BC10"	"TCGCACTCTTGGACAG-1"	3	0.0689007291082445	"baseline"	0.03566031886019	0.0366673350158908	0.034472938786542
"GSE319536_BC10"	"TCGCACTGTACGGCGA-1"	3	0.0570386988222098	"baseline"	0.0368130750480502	0.0385704197046177	0.034472938786542
"GSE319536_BC10"	"TCGCCTATCGACTCCT-1"	3	0.07192933258553	"baseline"	0.0423137499982284	0.0476514815853431	0.034472938786542
"GSE319536_BC10"	"TCGCCTGACGGCCACT-1"	3	0.00900168255748738	"baseline"	0.0390269946280177	0.0422253785754346	0.034472938786542
"GSE319536_BC10"	"TCGGACTGCCACCTCC-1"	3	0.0522714526079641	"baseline"	0.0545702238390995	0.0678856889138157	0.034472938786542
"GSE319536_BC10"	"TCGTATCACGTTATGA-1"	3	0.0652551878855861	"baseline"	0.0478127801113179	0.0567298280052346	0.034472938786542
"GSE319536_BC10"	"TCTACTGTCTCAATGA-1"	3	0.0429332585530006	"baseline"	0.0421230649687741	0.0473366797532249	0.034472938786542
"GSE319536_BC10"	"TCTAGGCGGAAGGCAC-1"	3	0.0600392596747056	"baseline"	0.0550014202883042	0.0685975509441017	0.034472938786542
"GSE319536_BC10"	"TCTGCAAGGACGGCAA-1"	3	0.0326135726303982	"baseline"	0.0305043915720528	0.0281554169003552	0.034472938786542
"GSE319536_BC10"	"TCTGCAATTCACAAGA-1"	3	0	"baseline"	0.0351068920472901	0.035753682931389	0.034472938786542
"GSE319536_BC10"	"TCTGGATATTAACCTA-1"	3	0.0798373527762199	"baseline"	0.0523199253321259	0.0641706720882408	0.034472938786542
"GSE319536_BC10"	"TCTTACGAATCAGTGC-1"	3	0.0639932697700505	"baseline"	0.0382923271514605	0.0410125163581978	0.034472938786542
"GSE319536_BC10"	"TCTTACGAGGCCGACA-1"	3	0.0809029725182277	"baseline"	0.0405141255293936	0.0446804823331464	0.034472938786542
"GSE319536_BC10"	"TCTTACTCTGTATGCG-1"	3	0.0397924845765564	"baseline"	0.0525998901936473	0.0646328659562535	0.034472938786542
"GSE319536_BC10"	"TCTTGCACTATTCAGA-1"	3	0.0631519910263601	"baseline"	0.0518782851582733	0.0634415685174799	0.034472938786542
"GSE319536_BC10"	"TCTTGCCGGCAGTCTA-1"	3	0	"baseline"	0.0439040696552807	0.0502769396148813	0.034472938786542
"GSE319536_BC10"	"TGACCAAGCTGCACAT-1"	3	0.0666012338754907	"baseline"	0.0370012574338101	0.0388810899233501	0.034472938786542
"GSE319536_BC10"	"TGACCTCCTTCAGATT-1"	3	0	"baseline"	0.0326268400911983	0.0316593662366798	0.034472938786542
"GSE319536_BC10"	"TGACGCTCACCAAGCC-1"	3	0.0614974761637689	"baseline"	0.0441254233941712	0.0506423724060572	0.034472938786542
"GSE319536_BC10"	"TGACTCTGCTCGCACG-1"	3	0.0593381940549635	"baseline"	0.0369336917161506	0.0387695457094784	0.034472938786542
"GSE319536_BC10"	"TGACTTGCACTCACGG-1"	3	0.0696859226023556	"baseline"	0.037792081517067	0.0401866610581417	0.034472938786542
"GSE319536_BC10"	"TGAGACTATTGAATCT-1"	3	0.0402131239484016	"baseline"	0.0237100933017215	0.0169387128435222	0.034472938786542
"GSE319536_BC10"	"TGAGGTAGGACTACTG-1"	3	0.0416152551878856	"baseline"	0.0532945210331836	0.0657796317068612	0.034472938786542
"GSE319536_BC10"	"TGATAGGAGCATCAAC-1"	3	0.0776780706674145	"baseline"	0.030430138926332	0.0280328332398579	0.034472938786542
"GSE319536_BC10"	"TGATGGCCGGCATCGC-1"	3	0.00344924284913068	"baseline"	0.0369758233263999	0.0388391007664984	0.034472938786542
"GSE319536_BC10"	"TGATTAGAATGACATA-1"	3	0.0282950084127874	"baseline"	0.0581786368691207	0.0738428164142831	0.034472938786542
"GSE319536_BC10"	"TGATTCGTCTGGATCT-1"	3	0	"baseline"	0.043508810490077	0.0496244064311086	0.034472938786542
"GSE319536_BC10"	"TGCAACAGTGAAGCTC-1"	3	0.0535333707234997	"baseline"	0.0367643102995928	0.0384899140026173	0.034472938786542
"GSE319536_BC10"	"TGCAGTTATTCCACTC-1"	3	0.0781267526640494	"baseline"	0.0490840438388256	0.0588285567395775	0.034472938786542
"GSE319536_BC10"	"TGCATTCGCTACAATG-1"	3	0.0154514862591139	"baseline"	0.0316824601323924	0.0301002897737895	0.034472938786542
"GSE319536_BC10"	"TGCCAATCCATGTCTA-1"	3	0.0685642176107684	"baseline"	0.0333054783580765	0.0327797298560479	0.034472938786542
"GSE319536_BC10"	"TGCCGAGTTAAGAACG-1"	3	0.0206674144699944	"baseline"	0.0524403636443975	0.0643695036455412	0.034472938786542
"GSE319536_BC10"	"TGCGCCGATCGCGAAG-1"	3	0.0613572630398205	"baseline"	0.0387224647898715	0.0417226303982053	0.034472938786542
"GSE319536_BC10"	"TGCGGACTTCTGTCGC-1"	3	0.0681996634885025	"baseline"	0.0354779089749878	0.0363661946158161	0.034472938786542
"GSE319536_BC10"	"TGCGTGTCAGCCAGTG-1"	3	0	"baseline"	0.0366517706026012	0.0383041222658441	0.034472938786542
"GSE319536_BC10"	"TGCTTAGCTCCTGGCT-1"	3	0.0537857543466069	"baseline"	0.0403517679352406	0.0444124462516359	0.034472938786542
"GSE319536_BC10"	"TGGACGCCTGCGACCG-1"	3	0.0503925967470555	"baseline"	0.0376964742996414	0.040028823144513	0.034472938786542
"GSE319536_BC10"	"TGGCCAACATTCTGAG-1"	3	0.042540661805945	"baseline"	0.047106675046789	0.0555641194615816	0.034472938786542
"GSE319536_BC10"	"TGGCCTGACATACTCA-1"	3	0.0428491306786315	"baseline"	0.0584032548027847	0.0742136380631894	0.034472938786542
"GSE319536_BC10"	"TGGCCTGGCACTGTGG-1"	3	0.0436623667975323	"baseline"	0.0403046791653659	0.044334707421948	0.034472938786542
"GSE319536_BC10"	"TGGCGACACTGCCGGA-1"	3	0.0381940549635446	"baseline"	0.0425573755673724	0.0480536829313891	0.034472938786542
"GSE319536_BC10"	"TGGTACCAGATTGTTA-1"	3	0	"baseline"	0.0182300226963487	0.00789166666666667	0.034472938786542
"GSE319536_BC10"	"TGGTATTCCTAGTCCA-1"	3	0.0881099270891756	"baseline"	0.0496709364335261	0.0597974574686857	0.034472938786542
"GSE319536_BC10"	"TGGTATTGAGTTGTAA-1"	3	0.0276219854178351	"baseline"	0.0467750804193682	0.0550166900355207	0.034472938786542
"GSE319536_BC10"	"TGGTGCAGACCGAAGT-1"	3	0	"baseline"	0.0322245655967245	0.0309952514488689	0.034472938786542
"GSE319536_BC10"	"TGGTTGAACACGCCAA-1"	3	0.0689848569826136	"baseline"	0.0452691796902841	0.0525305991774163	0.034472938786542
"GSE319536_BC10"	"TGGTTGCCTCCGGCTT-1"	3	0.0455412226584408	"baseline"	0.0382396980267102	0.0409256309590578	0.034472938786542
"GSE319536_BC10"	"TGTCAACTCATCAACG-1"	3	0.0378575434660684	"baseline"	0.0517586452006646	0.0632440549635446	0.034472938786542
"GSE319536_BC10"	"TGTCGATTCACGTAGT-1"	3	0.0348850252383623	"baseline"	0.0379797996114628	0.0404965647784633	0.034472938786542
"GSE319536_BC10"	"TGTCTAAGCAGACGTA-1"	3	0.0833707234997196	"baseline"	0.0413471746473816	0.0460557627593943	0.034472938786542
"GSE319536_BC10"	"TGTTACCTATTGGACA-1"	3	0.063684800897364	"baseline"	0.0273967365955526	0.0230249906524584	0.034472938786542
"GSE319536_BC10"	"TGTTGGATGGACTTCT-1"	3	0.0419517666853618	"baseline"	0.0459909659125319	0.053722195737521	0.034472938786542
"GSE319536_BC10"	"TGTTGGCCAGACCTAC-1"	3	0.0334828939988783	"baseline"	0.0428463403206409	0.0485307347167695	0.034472938786542
"GSE319536_BC10"	"AACCACTGCCATAGCC-1"	3	0	"tme"	0.0533087264970926	0.0550707281734904	0.034472938786542
"GSE319536_BC10"	"AACTAGCACTGTTCGA-1"	3	0.0614974761637689	"tme"	0.0522047359970589	0.0538895587960366	0.034472938786542
"GSE319536_BC10"	"AACTAGCCTTGCAATA-1"	3	0.0326135726303982	"tme"	0.0474961929033126	0.0488518461394653	0.034472938786542
"GSE319536_BC10"	"AACTATCTAGCAGTAT-1"	3	0.0819966348850252	"tme"	0.0366498814698056	0.0372472798653954	0.034472938786542
"GSE319536_BC10"	"AACTCACCTCGGTGTT-1"	3	0.0423163208076276	"tme"	0.0493604521665193	0.0508464339128809	0.034472938786542
"GSE319536_BC10"	"AACTGCCTCGATAGGT-1"	3	0.0738081884464386	"tme"	0.0546009811384192	0.0564533230510376	0.034472938786542
"GSE319536_BC10"	"AACTGCGAACCTTACC-1"	3	0.013684800897364	"tme"	0.0247676083427329	0.0245343288465134	0.034472938786542
"GSE319536_BC10"	"AAGAATTCTGGCTGCA-1"	3	0.0245372966909703	"tme"	0.0327001830468347	0.0330214619555057	0.034472938786542
"GSE319536_BC10"	"AAGCCAGGCCGACGTG-1"	3	0.0528603477285474	"tme"	0.0506209879891363	0.0521950925406618	0.034472938786542
"GSE319536_BC10"	"AAGGCATGAACAGCTC-1"	3	0.0789119461581604	"tme"	0.0318650140129559	0.0321279070854365	0.034472938786542
"GSE319536_BC10"	"AAGGCGACGGTGTCGG-1"	3	0.0410263600673023	"tme"	0.0178820648111404	0.017167423817536	0.034472938786542
"GSE319536_BC10"	"AAGTCTTAAGTTGCCA-1"	3	0.0412226584408301	"tme"	0.0606087333369799	0.062881071228267	0.034472938786542
"GSE319536_BC10"	"AAGTGGTTCCTCGCGT-1"	3	0.0707515423443634	"tme"	0.0386672874547202	0.0394057206954571	0.034472938786542
"GSE319536_BC10"	"AAGTTCCTATTGCTGG-1"	3	0.0705832865956254	"tme"	0.0569839682416602	0.0590029024116658	0.034472938786542
"GSE319536_BC10"	"AATAACGTAACTGTGA-1"	3	0.0319685922602356	"tme"	0.05255148502236	0.0542605487006917	0.034472938786542
"GSE319536_BC10"	"AATAACTCTACGATGT-1"	3	0.0457094784071789	"tme"	0.0403909590932841	0.0412498925032716	0.034472938786542
"GSE319536_BC10"	"AATACGGTACGGCCTA-1"	3	0.0421200224340998	"tme"	0.0386936156905503	0.0394338895120583	0.034472938786542
"GSE319536_BC10"	"AATAGTGGAAGAGCAT-1"	3	0.00437464946719013	"tme"	0.0392276328661422	0.0400052392970649	0.034472938786542
"GSE319536_BC10"	"AATATTAGGCTTCTGG-1"	3	0.0652832305103758	"tme"	0.0547251523850546	0.0565861749859787	0.034472938786542
"GSE319536_BC10"	"AATGCAATCACTGTCG-1"	3	0.0304823331463825	"tme"	0.0416182777423069	0.0425630117779024	0.034472938786542
"GSE319536_BC10"	"AATGGACATCCTACTC-1"	3	0.0838474481211441	"tme"	0.0364739973219328	0.0370590998317443	0.034472938786542
"GSE319536_BC10"	"AATTCTCAGACGCAAC-1"	3	0.0623107122826697	"tme"	0.03963426366625	0.0404402972518228	0.034472938786542
"GSE319536_BC10"	"AATTCTTGGATACGGA-1"	3	0	"tme"	0.0168038783411463	0.0160138624041877	0.034472938786542
"GSE319536_BC10"	"AATTGCATTGAAGAAT-1"	3	0.0421480650588895	"tme"	0.0370089580679477	0.0376314591512432	0.034472938786542
"GSE319536_BC10"	"AATTGGCTTGAGTTGC-1"	3	0.0452047111609647	"tme"	0.030827104021202	0.0310174378388484	0.034472938786542
"GSE319536_BC10"	"AATTGTAGAATCCTAG-1"	3	0.00914189568143578	"tme"	0.0111677618377929	0.00998373060385119	0.034472938786542
"GSE319536_BC10"	"ACAACTAAGGTGTTAT-1"	3	0.072630398205272	"tme"	0.0549113371767116	0.0567853757711722	0.034472938786542
"GSE319536_BC10"	"ACAGAATCTTGATAAG-1"	3	0.0465507571508693	"tme"	0.0383681144732926	0.0390856328285661	0.034472938786542
"GSE319536_BC10"	"ACAGGAACTACAGAAC-1"	3	0.081491867638811	"tme"	0.0413328127423021	0.0422575902037764	0.034472938786542
"GSE319536_BC10"	"ACAGGTTCAGTGAACG-1"	3	0.0407178911946158	"tme"	0.0269434773697478	0.0268623107122827	0.034472938786542
"GSE319536_BC10"	"ACATCGCCACAAGAGG-1"	3	0	"tme"	0.0469794264666112	0.0482989530753412	0.034472938786542
"GSE319536_BC10"	"ACATGTTCCAGGACGT-1"	3	0	"tme"	0.0369254957693297	0.0375421620863713	0.034472938786542
"GSE319536_BC10"	"ACATTGTACATTCTTG-1"	3	0.0460740325294448	"tme"	0.0387586477872491	0.0395034679379323	0.034472938786542
"GSE319536_BC10"	"ACCAAGTGATGGTGAG-1"	3	0.0896242288278183	"tme"	0.0493109103509312	0.0507934286782576	0.034472938786542
"GSE319536_BC10"	"ACCAAGTGGCTGTATG-1"	3	0.0815199102636007	"tme"	0.0555672540405134	0.0574871471303047	0.034472938786542
"GSE319536_BC10"	"ACCAGTATGAAGTTCC-1"	3	0.0568143578238923	"tme"	0.0572101149880831	0.0592448588521219	0.034472938786542
"GSE319536_BC10"	"ACCGGCACCATACTGC-1"	3	0.0334548513740886	"tme"	0.0510141335952823	0.0526157225649654	0.034472938786542
"GSE319536_BC10"	"ACCTGCTTATAGTTCG-1"	3	0.0437184520471116	"tme"	0.0610483847335104	0.0633514582164891	0.034472938786542
"GSE319536_BC10"	"ACCTGTGGTCACCTCG-1"	3	0.0872125630959058	"tme"	0.0456190731247112	0.0468434987848196	0.034472938786542
"GSE319536_BC10"	"ACGATGTTACCTCATT-1"	3	0.0453729669097028	"tme"	0.036248082099734	0.0368173911011404	0.034472938786542
"GSE319536_BC10"	"ACGCAACGAAGAGTAT-1"	3	0.0518227706113292	"tme"	0.0451447455151361	0.0463360114040008	0.034472938786542
"GSE319536_BC10"	"ACGCAATAGTATACGA-1"	3	0.0665451486259114	"tme"	0.0602346688216097	0.0624808562348102	0.034472938786542
"GSE319536_BC10"	"ACGCGTCGGTGAGGTT-1"	3	0	"tme"	0.0270953135769793	0.0270247616376893	0.034472938786542
"GSE319536_BC10"	"ACGGCTATGGCATACC-1"	3	0.046578799775659	"tme"	0.0431210534291165	0.0441708450177603	0.034472938786542
"GSE319536_BC10"	"ACGGCTTAACGATAGT-1"	3	0	"tme"	0.0399985299017186	0.040830028977379	0.034472938786542
"GSE319536_BC10"	"ACGGTTACATCCGAAG-1"	3	0.0439708356702187	"tme"	0.0370231290978188	0.0376466208637129	0.034472938786542
"GSE319536_BC10"	"ACGTTAATACAATGAC-1"	3	0.0364273696017947	"tme"	0.0273846882785052	0.0273343662366798	0.034472938786542
"GSE319536_BC10"	"ACTAGATCTGAAGCGG-1"	3	0.0117218171620864	"tme"	0.0661544767620433	0.0688145120583287	0.034472938786542
"GSE319536_BC10"	"ACTCAGTGAGCCTCCA-1"	3	0	"tme"	0.0429047311728847	0.0439393998878295	0.034472938786542
"GSE319536_BC10"	"ACTGAGCGCAACTCAT-1"	3	0	"tme"	0.0128244574498515	0.0117562441577865	0.034472938786542
"GSE319536_BC10"	"ACTTGAGCCGTTCTTA-1"	3	0.0422041503084689	"tme"	0.0379222556065257	0.0386086044120396	0.034472938786542
"GSE319536_BC10"	"AGAAGTTGAGCGCAAG-1"	3	0.0696298373527762	"tme"	0.0498207834814869	0.0513389465320621	0.034472938786542
"GSE319536_BC10"	"AGACCGCCGGCCAATG-1"	3	0.0362591138530567	"tme"	0.033839177388532	0.034240082258366	0.034472938786542
"GSE319536_BC10"	"AGACGGCCTTACGGAG-1"	3	0.0712563095905777	"tme"	0.0319382586670399	0.0322062722004113	0.034472938786542
"GSE319536_BC10"	"AGACTCCTGTATGGCG-1"	3	0	"tme"	0.0384352870769695	0.0391575014021312	0.034472938786542
"GSE319536_BC10"	"AGATCAGTCGATAGAA-1"	3	0.0444195176668536	"tme"	0.0341210297369636	0.0345416386240419	0.034472938786542
"GSE319536_BC10"	"AGCACGATACCTAAGC-1"	3	0.0510656197420079	"tme"	0.0438237862383955	0.044922705178538	0.034472938786542
"GSE319536_BC10"	"AGCAGGTAAGTATCTG-1"	3	0.0883062254627033	"tme"	0.0456656488092011	0.0468933305290708	0.034472938786542
"GSE319536_BC10"	"AGCCGGCCTATTCCAG-1"	3	0.0724340998317442	"tme"	0.0407268046381419	0.0416092166760142	0.034472938786542
"GSE319536_BC10"	"AGCCGTAGTGGAGTGC-1"	3	0	"tme"	0.0213436446438633	0.0208709992521967	0.034472938786542
"GSE319536_BC10"	"AGCCGTATCTTCGTCT-1"	3	0.0279304542905216	"tme"	0.0626668526382935	0.0650830716021686	0.034472938786542
"GSE319536_BC10"	"AGCCTCCGAACTACCA-1"	3	0.0553280987100393	"tme"	0.0371387121062525	0.0377702841652645	0.034472938786542
"GSE319536_BC10"	"AGCGAGAACAGATTCT-1"	3	0.0382220975883343	"tme"	0.0548917930374875	0.0567644653206207	0.034472938786542
"GSE319536_BC10"	"AGCGTGCTTCGCTCAT-1"	3	0.108721256309591	"tme"	0.0333795319094738	0.0337483034212002	0.034472938786542
"GSE319536_BC10"	"AGCGTTATACCTGTTG-1"	3	0.0372966909702748	"tme"	0.0255873045690274	0.025411329220415	0.034472938786542
"GSE319536_BC10"	"AGCTTGAGTCAGGCCG-1"	3	0.022546270330903	"tme"	0.0386793791349554	0.0394186576930267	0.034472938786542
"GSE319536_BC10"	"AGGCAACTAGCGTACC-1"	3	0.0540942232192933	"tme"	0.0383055374070463	0.0390186810618807	0.034472938786542
"GSE319536_BC10"	"AGGCATTAAGTCTGGC-1"	3	0	"tme"	0.0581125745719416	0.0602104084875678	0.034472938786542
"GSE319536_BC10"	"AGGTCTTCCATCGCCG-1"	3	0	"tme"	0.0330113297621945	0.0333543606281548	0.034472938786542
"GSE319536_BC10"	"AGTAGACAGTAAGGAG-1"	3	0	"tme"	0.0354246334336555	0.035936375958123	0.034472938786542
"GSE319536_BC10"	"AGTATTCGTCGGTATC-1"	3	0.0688726864834549	"tme"	0.0476652492707636	0.0490327210693588	0.034472938786542
"GSE319536_BC10"	"AGTCGCCACTCGGCGA-1"	3	0.0434380257992148	"tme"	0.0424837546076423	0.0434889932697701	0.034472938786542
"GSE319536_BC10"	"AGTCGGTCTAATCTGT-1"	3	0	"tme"	0.0395847611660962	0.0403873340811367	0.034472938786542
"GSE319536_BC10"	"AGTTATCCTGAACGAA-1"	3	0.0872406057206955	"tme"	0.0537687214466779	0.0555628809123201	0.034472938786542
"GSE319536_BC10"	"AGTTGGCACCAGTTAC-1"	3	0.0421480650588895	"tme"	0.0377700961390567	0.0384458076275939	0.034472938786542
"GSE319536_BC10"	"AGTTGTACTTAATGGA-1"	3	0.0927089175546831	"tme"	0.0539980177962257	0.0558082071415218	0.034472938786542
"GSE319536_BC10"	"ATAACCTAGAACCTGC-1"	3	0.0772293886707796	"tme"	0.0480955523306961	0.0494931061880725	0.034472938786542
"GSE319536_BC10"	"ATACATCAAGGATTGC-1"	3	0.0110768367919237	"tme"	0.0411241701009018	0.0420343615629089	0.034472938786542
"GSE319536_BC10"	"ATACGCTGAGATCAGA-1"	3	0.0734997195737521	"tme"	0.0562350878492868	0.058201668536175	0.034472938786542
"GSE319536_BC10"	"ATACTAGCCATTAGTT-1"	3	0.0434380257992148	"tme"	0.0503794339608529	0.0519366517106001	0.034472938786542
"GSE319536_BC10"	"ATACTGGAGGATAACG-1"	3	0.0367919237240606	"tme"	0.0496799250171857	0.0511882407926715	0.034472938786542
"GSE319536_BC10"	"ATAGTTCGCAGCCGTG-1"	3	0.0245372966909703	"tme"	0.0348184243839423	0.0352877874369041	0.034472938786542
"GSE319536_BC10"	"ATCAGATACCAGCTGT-1"	3	0.0419798093101514	"tme"	0.0381970442819297	0.0389026032903346	0.034472938786542
"GSE319536_BC10"	"ATCATTCACCAGATTG-1"	3	0.00673022994952328	"tme"	0.0487075669595396	0.0501479061506824	0.034472938786542
"GSE319536_BC10"	"ATCCGGATGACGTAAC-1"	3	0	"tme"	0.0539808981087828	0.0557898906337634	0.034472938786542
"GSE319536_BC10"	"ATCCGTAGCTTCAGTA-1"	3	0.0451486259113853	"tme"	0.0553092093717357	0.0572110628154796	0.034472938786542
"GSE319536_BC10"	"ATCGCAATGCACTAAC-1"	3	0.100729108244532	"tme"	0.0390365467503436	0.0398007945410357	0.034472938786542
"GSE319536_BC10"	"ATCGGCTCTATGCCTC-1"	3	0.0821368480089736	"tme"	0.0643842949647131	0.0669205786128248	0.034472938786542
"GSE319536_BC10"	"ATCGTACACCTATGCC-1"	3	0	"tme"	0.0491431120773775	0.0506138997943541	0.034472938786542
"GSE319536_BC10"	"ATCTACAGGAGTGCAC-1"	3	0.0176668536174986	"tme"	0.0408719790634519	0.0417645401009534	0.034472938786542
"GSE319536_BC10"	"ATCTACTCACATCTCC-1"	3	0.036932136848009	"tme"	0.0328465893557524	0.03317810338381	0.034472938786542
"GSE319536_BC10"	"ATCTGAGGAACGGTTG-1"	3	0	"tme"	0.0334172310425772	0.0337886380631894	0.034472938786542
"GSE319536_BC10"	"ATCTTGGCTTCGTCCT-1"	3	0.045092540661806	"tme"	0.0441285332747292	0.0452487567769676	0.034472938786542
"GSE319536_BC10"	"ATGATATCTAGTCTTA-1"	3	0.0402411665731913	"tme"	0.0333243941970715	0.0336893110861843	0.034472938786542
"GSE319536_BC10"	"ATGCATCCTGACTCAC-1"	3	0.0732192933258553	"tme"	0.0628517443890005	0.0652808889512059	0.034472938786542
"GSE319536_BC10"	"ATGCTACTGAATAGTA-1"	3	0.0527481772293887	"tme"	0.030891550754768	0.0310863899794354	0.034472938786542
"GSE319536_BC10"	"ATGTACTACCGACTTC-1"	3	0.0883062254627033	"tme"	0.0537483735252416	0.0555411104879417	0.034472938786542
"GSE319536_BC10"	"ATGTAGCCGACCAAGG-1"	3	0.0325855300056085	"tme"	0.0339926866859117	0.0344043232379884	0.034472938786542
"GSE319536_BC10"	"ATGTGCTTGTGCTACC-1"	3	0.0927369601794728	"tme"	0.0335044588861239	0.0338819639184894	0.034472938786542
"GSE319536_BC10"	"ATTAAGAATAACGCTT-1"	3	0	"tme"	0.0258895310491848	0.025734684053094	0.034472938786542
"GSE319536_BC10"	"ATTACATTGAAGTATG-1"	3	0.0435782389231632	"tme"	0.0327167916336318	0.0330392316320808	0.034472938786542
"GSE319536_BC10"	"ATTAGATAAGACGGCG-1"	3	0.049298934380258	"tme"	0.051103493209044	0.052711329220415	0.034472938786542
"GSE319536_BC10"	"ATTAGCCTCACTTCTA-1"	3	0.0308468872686484	"tme"	0.0597517573422144	0.0619641848943728	0.034472938786542
"GSE319536_BC10"	"ATTCACGCTGTTATCG-1"	3	0.031407739764442	"tme"	0.0506957484716312	0.0522750794541035	0.034472938786542
"GSE319536_BC10"	"ATTCCATTGTGAACGC-1"	3	0.0686483454851374	"tme"	0.0342099918280008	0.0346368199663489	0.034472938786542
"GSE319536_BC10"	"ATTCTAGGACATCAGT-1"	3	0.0569545709478407	"tme"	0.0355180818525834	0.0360363572630398	0.034472938786542
"GSE319536_BC10"	"CAAGTGTTGACGGCCA-1"	3	0.0516264722378015	"tme"	0.0610315096754365	0.0633334034398953	0.034472938786542
"GSE319536_BC10"	"CAATAACTCAAGGCAA-1"	3	0.0365675827257431	"tme"	0.0227029757844717	0.0223253598803515	0.034472938786542
"GSE319536_BC10"	"CACCGAGTCTTGGACA-1"	3	0.0298373527762199	"tme"	0.0464987865456416	0.0477847120957188	0.034472938786542
"GSE319536_BC10"	"CACCTTAGCTATTGTC-1"	3	0.091755468311834	"tme"	0.0379625714002002	0.038651738642737	0.034472938786542
"GSE319536_BC10"	"CACGAGGCCATCCACT-1"	3	0.043774537296691	"tme"	0.037137073963157	0.0377685315012152	0.034472938786542
"GSE319536_BC10"	"CACGTACGTAGCTCAT-1"	3	0.00914189568143578	"tme"	0.0212292410984583	0.0207485978687605	0.034472938786542
"GSE319536_BC10"	"CACTACAATATTGCGG-1"	3	0.0604318564217611	"tme"	0.0388043891108557	0.0395524069919611	0.034472938786542
"GSE319536_BC10"	"CACTAGTCGACATCTA-1"	3	0	"tme"	0.0328087067506223	0.0331375724434474	0.034472938786542
"GSE319536_BC10"	"CACTGGATCGATACGA-1"	3	0.0917835109366237	"tme"	0.0436602602420348	0.0447477472424752	0.034472938786542
"GSE319536_BC10"	"CACTGGCCAGCCAGAT-1"	3	0	"tme"	0.0369521865808316	0.0375707188259488	0.034472938786542
"GSE319536_BC10"	"CACTGGTGAGACGCTT-1"	3	0.0236399326977005	"tme"	0.0323243930207373	0.0326194008225837	0.034472938786542
"GSE319536_BC10"	"CAGCCATGTCTGCCGT-1"	3	0.0049915872125631	"tme"	0.0363154075967664	0.0368894232566835	0.034472938786542
"GSE319536_BC10"	"CAGCGATAATGCGATT-1"	3	0.0447560291643298	"tme"	0.0286569138902514	0.0286955318751169	0.034472938786542
"GSE319536_BC10"	"CAGCTTCACTACCGTG-1"	3	0.0830061693774537	"tme"	0.0533747327428854	0.0551413488502524	0.034472938786542
"GSE319536_BC10"	"CAGGAGCGTATCGCAT-1"	3	0.0465507571508693	"tme"	0.0312036890927484	0.0314203495980557	0.034472938786542
"GSE319536_BC10"	"CAGGCCGTATCTGTTA-1"	3	0.036231071228267	"tme"	0.0383538866544609	0.0390704103570761	0.034472938786542
"GSE319536_BC10"	"CAGTCTGTGGCGCTGC-1"	3	0.053337072349972	"tme"	0.034810679243387	0.0352795008412788	0.034472938786542
"GSE319536_BC10"	"CAGTGCCTTGCGGTCT-1"	3	0.0464105440269209	"tme"	0.0350431907217834	0.035528266965788	0.034472938786542
"GSE319536_BC10"	"CATCCGCCTAAGGAAC-1"	3	0	"tme"	0.0287172019245457	0.0287600345859039	0.034472938786542
"GSE319536_BC10"	"CATGATAGGCCATGAG-1"	3	0.0104038137969714	"tme"	0.036832479820179	0.0374426434847635	0.034472938786542
"GSE319536_BC10"	"CATGCAGAAGTCAGGA-1"	3	0.0581884464385867	"tme"	0.0447038928136688	0.0458643391288091	0.034472938786542
"GSE319536_BC10"	"CATGTCCACCTGCGTC-1"	3	0.0365114974761638	"tme"	0.0341270275248838	0.0345480557113479	0.034472938786542
"GSE319536_BC10"	"CATTAGGATAGTGAAT-1"	3	0.0454010095344924	"tme"	0.0464361221117634	0.0477176668536175	0.034472938786542
"GSE319536_BC10"	"CATTGCTATGTTAGCT-1"	3	0.0399607403252944	"tme"	0.0346039980053196	0.0350583707234997	0.034472938786542
"GSE319536_BC10"	"CCAAGCTGGCCATTGC-1"	3	0	"tme"	0.0330110763960625	0.0333540895494485	0.034472938786542
"GSE319536_BC10"	"CCACGATCCTAATCCG-1"	3	0.0604598990465508	"tme"	0.0651508629341359	0.0677407365862778	0.034472938786542
"GSE319536_BC10"	"CCAGATGATATGTAGG-1"	3	0.0627313516545149	"tme"	0.0329140590093772	0.0332502897737895	0.034472938786542
"GSE319536_BC10"	"CCATCTGTGGCATCGT-1"	3	0.0750701065619742	"tme"	0.0490014673043906	0.0504623527762199	0.034472938786542
"GSE319536_BC10"	"CCGAGGATGACTCGTC-1"	3	0.0371284352215367	"tme"	0.0510111456222762	0.0526125257057394	0.034472938786542
"GSE319536_BC10"	"CCGCGTCGTTGGTCTG-1"	3	0.0279024116657319	"tme"	0.063359594958881	0.0658242428491307	0.034472938786542
"GSE319536_BC10"	"CCGCGTTACCTTGGCG-1"	3	0.0684800897363993	"tme"	0.0621291441802598	0.0645077724808375	0.034472938786542
"GSE319536_BC10"	"CCGCTCAATCTGGAAC-1"	3	0.0228266965787998	"tme"	0.0209809291838584	0.0204829267152739	0.034472938786542
"GSE319536_BC10"	"CCGCTGTCACCTGCAA-1"	3	0.0544026920919798	"tme"	0.0346762816154542	0.0351357076088988	0.034472938786542
"GSE319536_BC10"	"CCGGATCTCCGAAGCG-1"	3	0.0203869882220976	"tme"	0.0134633550989868	0.012439806505889	0.034472938786542
"GSE319536_BC10"	"CCGGCGAACCGTGCAC-1"	3	0.0585249579360628	"tme"	0.047904671528832	0.0492888810992709	0.034472938786542
"GSE319536_BC10"	"CCTAACTTATGTTGGA-1"	3	0.0483454851374089	"tme"	0.0534895076007254	0.0552641475042064	0.034472938786542
"GSE319536_BC10"	"CCTAGCCTTCATCGGC-1"	3	0	"tme"	0.0380065566344086	0.0386987988409048	0.034472938786542
"GSE319536_BC10"	"CCTGTCTGATAGGTGA-1"	3	0.0626752664049355	"tme"	0.0472251522993111	0.0485618573565153	0.034472938786542
"GSE319536_BC10"	"CCTTCCGCTCCGGCAT-1"	3	0.0475042063937185	"tme"	0.042855110726428	0.0438863105253318	0.034472938786542
"GSE319536_BC10"	"CGACAAGTACTCCTTA-1"	3	0.0311833987661245	"tme"	0.0503007157246393	0.0518524303608151	0.034472938786542
"GSE319536_BC10"	"CGACGCTCCGCACGTG-1"	3	0.0148906337633202	"tme"	0.0410233784325246	0.0419265236492802	0.034472938786542
"GSE319536_BC10"	"CGACTAGGTCCTTAAC-1"	3	0.0134043746494672	"tme"	0.0367810901791791	0.0373876612450925	0.034472938786542
"GSE319536_BC10"	"CGAGCTATGTCCTCGC-1"	3	0.0635445877734156	"tme"	0.0472354311011873	0.0485728547392036	0.034472938786542
"GSE319536_BC10"	"CGAGGCATCCAAGTCC-1"	3	0.0191531127313517	"tme"	0.0465452137051576	0.0478343849317629	0.034472938786542
"GSE319536_BC10"	"CGAGTCACTCATAGAT-1"	3	0.000560852495793606	"tme"	0.0343332893983187	0.0347687371471303	0.034472938786542
"GSE319536_BC10"	"CGAGTGCGGCTCGTGG-1"	3	0.0471396522714526	"tme"	0.0430535619335838	0.0440986352589269	0.034472938786542
"GSE319536_BC10"	"CGATGCACCAGGCCTC-1"	3	0.033510936623668	"tme"	0.0457179907573871	0.0469493316507758	0.034472938786542
"GSE319536_BC10"	"CGATGTCCGACTACAG-1"	3	0.0585530005608525	"tme"	0.0402884244406534	0.0411401897550944	0.034472938786542
"GSE319536_BC10"	"CGCAACCATGCACCGA-1"	3	0.0311553561413348	"tme"	0.0490886121486871	0.0505555898298747	0.034472938786542
"GSE319536_BC10"	"CGCACTAACTACCGGT-1"	3	0.0775939427930454	"tme"	0.0430716732436471	0.0441180127126566	0.034472938786542
"GSE319536_BC10"	"CGCACTGTGAGCCTGT-1"	3	0.0174705552439708	"tme"	0.0543580379647908	0.056193395961862	0.034472938786542
"GSE319536_BC10"	"CGCAGATAGATGTTCT-1"	3	0.0402131239484016	"tme"	0.0320213452848413	0.0322951673209946	0.034472938786542
"GSE319536_BC10"	"CGCATCTTGACTTAGT-1"	3	0.0833426808749299	"tme"	0.0463208361532777	0.0475943213684801	0.034472938786542
"GSE319536_BC10"	"CGCTATTATGATACGT-1"	3	0.0517386427369602	"tme"	0.0511954956936663	0.0528097635071976	0.034472938786542
"GSE319536_BC10"	"CGCTCGGCCGGTTGTC-1"	3	0.0380818844643859	"tme"	0.0390860055666816	0.0398537109740138	0.034472938786542
"GSE319536_BC10"	"CGGACTGTGAGTATAG-1"	3	0	"tme"	0.0332264550818713	0.0335845251448869	0.034472938786542
"GSE319536_BC10"	"CGGAGGCTAGTCGGCA-1"	3	0.0476163768928772	"tme"	0.0239883065409815	0.0237005468311834	0.034472938786542
"GSE319536_BC10"	"CGGATGTTGAACCACG-1"	3	0.0332305103757712	"tme"	0.0234986852274672	0.0231766965787998	0.034472938786542
"GSE319536_BC10"	"CGGATTGCGTCTACCT-1"	3	0.0312955692652832	"tme"	0.0367199153634225	0.0373222097588334	0.034472938786542
"GSE319536_BC10"	"CGGCGTAGCGCTAGGA-1"	3	0	"tme"	0.0372799244094623	0.0379213684800898	0.034472938786542
"GSE319536_BC10"	"CGGTATAGGATGAGCG-1"	3	0.0429052159282109	"tme"	0.0524425201120319	0.0541439661618994	0.034472938786542
"GSE319536_BC10"	"CGGTTATCTGTCTTAA-1"	3	0.0800616937745373	"tme"	0.0545290601039563	0.0563763740886147	0.034472938786542
"GSE319536_BC10"	"CGTAACCTGACATCGA-1"	3	0.0997195737521032	"tme"	0.0414171530856193	0.0423478266965788	0.034472938786542
"GSE319536_BC10"	"CGTACAGACGAGGACC-1"	3	0.0714806505888951	"tme"	0.0553282598838405	0.0572314451299309	0.034472938786542
"GSE319536_BC10"	"CGTAGTACGCATAATG-1"	3	0.0602355580482333	"tme"	0.0425987173058906	0.0436119928958684	0.034472938786542
"GSE319536_BC10"	"CGTCCAATCTGCGTCC-1"	3	0.0572069545709478	"tme"	0.0324481143240692	0.0327517713591326	0.034472938786542
"GSE319536_BC10"	"CGTCCATCGTCCAATA-1"	3	0.012983735277622	"tme"	0.031797989934253	0.0320561974200785	0.034472938786542
"GSE319536_BC10"	"CGTCGGCAGACGGTAT-1"	3	0.0389231632080763	"tme"	0.0417590532073579	0.0427136287156478	0.034472938786542
"GSE319536_BC10"	"CGTGAGCAATGGACAT-1"	3	0.0240605720695457	"tme"	0.00904478080666241	0.00771233408113666	0.034472938786542
"GSE319536_BC10"	"CTAATCTGGCCGTGTT-1"	3	0.0299775659001683	"tme"	0.0510696775671722	0.0526751495606656	0.034472938786542
"GSE319536_BC10"	"CTACAACCGCTGTCTA-1"	3	0.0176948962422883	"tme"	0.0363246292502984	0.0368992895868387	0.034472938786542
"GSE319536_BC10"	"CTACATCTACTGGCTT-1"	3	0.0389792484576556	"tme"	0.0462833554392537	0.0475542204150308	0.034472938786542
"GSE319536_BC10"	"CTACCAGGAGACATCT-1"	3	0.030790802019069	"tme"	0.026847971443092	0.0267601280613199	0.034472938786542
"GSE319536_BC10"	"CTACGCTACATCTGTT-1"	3	0.0732192933258553	"tme"	0.0565810593026653	0.058571826509628	0.034472938786542
"GSE319536_BC10"	"CTAGCCGAAGATGGAC-1"	3	0.0694896242288278	"tme"	0.0331953609417287	0.0335512572443447	0.034472938786542
"GSE319536_BC10"	"CTAGCGCCTAGCTTAA-1"	3	0.0662647223780146	"tme"	0.0371690068325644	0.0378026967657506	0.034472938786542
"GSE319536_BC10"	"CTATAACTCCTGGAGG-1"	3	0.0464385866517106	"tme"	0.0154275673013058	0.01454133482894	0.034472938786542
"GSE319536_BC10"	"CTATACCGACTCGCAT-1"	3	0.0683118339876612	"tme"	0.0403966773047826	0.0412560104692466	0.034472938786542
"GSE319536_BC10"	"CTATCGAGATGCCTAC-1"	3	0.0305664610207515	"tme"	0.0359839741173124	0.0365348195924472	0.034472938786542
"GSE319536_BC10"	"CTATGTGCGGTTGACT-1"	3	0.0742007851934941	"tme"	0.0586779829376241	0.0608153439895308	0.034472938786542
"GSE319536_BC10"	"CTATTAGCGGCTTCGT-1"	3	0.0698822209758833	"tme"	0.047065265164813	0.0483907926715274	0.034472938786542
"GSE319536_BC10"	"CTCAATACGTTAACCG-1"	3	0.0346326416152552	"tme"	0.0451525256027441	0.0463443353897925	0.034472938786542
"GSE319536_BC10"	"CTCAATGACCATTAAG-1"	3	0.0643578238923163	"tme"	0.0481447009919413	0.049545690783324	0.034472938786542
"GSE319536_BC10"	"CTCACCTGAGACTAAG-1"	3	0.0832865956253505	"tme"	0.0367107941826669	0.0373124509254066	0.034472938786542
"GSE319536_BC10"	"CTCACCTTAATAAGAT-1"	3	0	"tme"	0.03505955031083	0.0355457702374276	0.034472938786542
"GSE319536_BC10"	"CTCACCTTCTGAAGTA-1"	3	0.0244531688166012	"tme"	0.0447056139560145	0.0458661805945037	0.034472938786542
"GSE319536_BC10"	"CTCACGAGTAGATGAG-1"	3	0.104010095344924	"tme"	0.0329572754084261	0.0332965273882969	0.034472938786542
"GSE319536_BC10"	"CTCAGAAGACAACTCG-1"	3	0	"tme"	0.0380379565612623	0.0387323939054029	0.034472938786542
"GSE319536_BC10"	"CTCAGGATACGCGGCA-1"	3	0.00608524957936063	"tme"	0.0363180592043902	0.0368922602355581	0.034472938786542
"GSE319536_BC10"	"CTCAGGTCACTACAGC-1"	3	0.0473639932697701	"tme"	0.0329945508085155	0.0333364086745186	0.034472938786542
"GSE319536_BC10"	"CTCCATGGCGACCAGT-1"	3	0.076668536174986	"tme"	0.0348812722898471	0.035355028977379	0.034472938786542
"GSE319536_BC10"	"CTCCTACATTGTATCT-1"	3	0.0649747616376893	"tme"	0.0418728495477221	0.042835380444943	0.034472938786542
"GSE319536_BC10"	"CTCGCTAGCACCATCT-1"	3	0.0457375210319686	"tme"	0.0393316003479338	0.0401164750420639	0.034472938786542
"GSE319536_BC10"	"CTCGCTGTTCATAGAT-1"	3	0.041755468311834	"tme"	0.0515002995189606	0.0531358758646476	0.034472938786542
"GSE319536_BC10"	"CTGCCGATTGCGATGT-1"	3	0.0818283791362872	"tme"	0.0555005925374823	0.057415825387923	0.034472938786542
"GSE319536_BC10"	"CTGCCTGACACGGATT-1"	3	0.0250420639371845	"tme"	0.0357296993618451	0.0362627687418209	0.034472938786542
"GSE319536_BC10"	"CTGCTCATTAGAGTGC-1"	3	0.055524397083567	"tme"	0.0494376589427035	0.0509290381379697	0.034472938786542
"GSE319536_BC10"	"CTGGAATAGTGCAAGT-1"	3	0.0664329781267527	"tme"	0.0501674232972483	0.0517098195924472	0.034472938786542
"GSE319536_BC10"	"CTGGAATGGATCAGCA-1"	3	0.0750981491867639	"tme"	0.0526467856350812	0.054362511684427	0.034472938786542
"GSE319536_BC10"	"CTGGCGCACTTACTGA-1"	3	0.045260796410544	"tme"	0.044344855530961	0.0454802019068985	0.034472938786542
"GSE319536_BC10"	"CTGGTGATCCTGAAGG-1"	3	0.0071228266965788	"tme"	0.0279016076085622	0.0278874228827818	0.034472938786542
"GSE319536_BC10"	"CTGTATCTTCGCCATA-1"	3	0.0289399887829501	"tme"	0.0413527893513035	0.042278963357637	0.034472938786542
"GSE319536_BC10"	"CTGTCAGATCGATGCG-1"	3	0.0539820527201346	"tme"	0.0670817312797946	0.0698065900168256	0.034472938786542
"GSE319536_BC10"	"CTGTTCGTATGCACCA-1"	3	0.014469994391475	"tme"	0.0366253049549922	0.0372209852308843	0.034472938786542
"GSE319536_BC10"	"CTTACGAACTCCGTCC-1"	3	0.0699943914750421	"tme"	0.0198300659493868	0.0192516077771546	0.034472938786542
"GSE319536_BC10"	"CTTACGGTAAGCCGAA-1"	3	0.0367638810992709	"tme"	0.0449959933853056	0.0461768601607777	0.034472938786542
"GSE319536_BC10"	"CTTAGTCTATCGAGAC-1"	3	0.0439988782950084	"tme"	0.0571013816019792	0.0591285240231819	0.034472938786542
"GSE319536_BC10"	"CTTAGTGCGACCTATT-1"	3	0.0269209197980931	"tme"	0.0236683531683404	0.023358225836605	0.034472938786542
"GSE319536_BC10"	"CTTAGTGGCTAAGACG-1"	3	0.0936343241727426	"tme"	0.0360218043018634	0.0365752944475603	0.034472938786542
"GSE319536_BC10"	"CTTCCAATTGAAGATT-1"	3	0.0505888951205833	"tme"	0.0599396414343091	0.0621652037764068	0.034472938786542
"GSE319536_BC10"	"CTTCGTATTAATACGG-1"	3	0.0546831183398766	"tme"	0.0320981807485905	0.0323773742755655	0.034472938786542
"GSE319536_BC10"	"CTTCGTCAAGACTCGT-1"	3	0.0812114413909142	"tme"	0.0309185211426916	0.031115245840344	0.034472938786542
"GSE319536_BC10"	"CTTCTGAGCCAGGAAC-1"	3	0.0887549074593382	"tme"	0.0410066213207535	0.041908595064498	0.034472938786542
"GSE319536_BC10"	"CTTCTGTACGGACATC-1"	3	0.0433538979248458	"tme"	0.0288155123521809	0.0288652177977192	0.034472938786542
"GSE319536_BC10"	"CTTGGTTAGAGTCATC-1"	3	0.0469433538979248	"tme"	0.0583116548260461	0.0604234062441578	0.034472938786542
"GSE319536_BC10"	"GAACATTCGACACGTA-1"	3	0.0103196859226024	"tme"	0.0551449756975578	0.0570353477285474	0.034472938786542
"GSE319536_BC10"	"GAACGCCAGTGCATAC-1"	3	0.04035333707235	"tme"	0.0318490650517785	0.032110843148252	0.034472938786542
"GSE319536_BC10"	"GAACTCATAGTGAGTG-1"	3	0.0425967470555244	"tme"	0.0317556253696138	0.0320108711908768	0.034472938786542
"GSE319536_BC10"	"GAATAAGGAGAACTAA-1"	3	0	"tme"	0.0395488268591543	0.04034888764255	0.034472938786542
"GSE319536_BC10"	"GAATCATGAACCAGTG-1"	3	0	"tme"	0.0411124890485358	0.0420218638997944	0.034472938786542
"GSE319536_BC10"	"GAATGACACGACTAGG-1"	3	0.0278182837913629	"tme"	0.0315457814232768	0.0317863572630398	0.034472938786542
"GSE319536_BC10"	"GAATGACCACAATCGA-1"	3	0.045877734155917	"tme"	0.035765611826879	0.0363011918115536	0.034472938786542
"GSE319536_BC10"	"GACAACGGACTCAGCT-1"	3	0.0643578238923163	"tme"	0.0573609857829838	0.0594062768741821	0.034472938786542
"GSE319536_BC10"	"GACAATCTATTAGATT-1"	3	0.0761918115535614	"tme"	0.0567810918639559	0.058785843148252	0.034472938786542
"GSE319536_BC10"	"GACAATGACAAGCTTA-1"	3	0.0598429613011778	"tme"	0.037916602920751	0.0386025565526267	0.034472938786542
"GSE319536_BC10"	"GACCACATTCTTGAAT-1"	3	0.0543185642176108	"tme"	0.0584427019053009	0.0605636146943354	0.034472938786542
"GSE319536_BC10"	"GACGGTGGTTGATGTC-1"	3	0.0406618059450365	"tme"	0.0270587808017599	0.0269856748925033	0.034472938786542
"GSE319536_BC10"	"GACTAGATTAGCTAAC-1"	3	0.0997476163768929	"tme"	0.0477758348506607	0.0491510375771172	0.034472938786542
"GSE319536_BC10"	"GACTAGTAATCTTGCT-1"	3	0.0372406057206955	"tme"	0.0492149588493534	0.0506907693026734	0.034472938786542
"GSE319536_BC10"	"GAGCCTCACGTATGTA-1"	3	0.0204150308468873	"tme"	0.041900230563515	0.0428646756403066	0.034472938786542
"GSE319536_BC10"	"GAGTCTGACTATAGAA-1"	3	0.0297532249018508	"tme"	0.0498845967997226	0.0514072209758833	0.034472938786542
"GSE319536_BC10"	"GAGTTAATTCCACTGG-1"	3	0	"tme"	0.0229892008828728	0.0226315946905964	0.034472938786542
"GSE319536_BC10"	"GAGTTCTATCGTGCCT-1"	3	0.0363993269770051	"tme"	0.0597316933655813	0.0619427182650963	0.034472938786542
"GSE319536_BC10"	"GAGTTGGTATTAATAG-1"	3	0.0250140213123948	"tme"	0.0349829944235024	0.0354638624041877	0.034472938786542
"GSE319536_BC10"	"GATACTTCACTCAGCA-1"	3	0.0596747055524397	"tme"	0.0362739997076949	0.0368451205832866	0.034472938786542
"GSE319536_BC10"	"GATAGTGACACTCCAA-1"	3	0.0714526079641054	"tme"	0.03438644386548	0.0348256075902038	0.034472938786542
"GSE319536_BC10"	"GATCGGAGATACGCAG-1"	3	0.036315199102636	"tme"	0.0409228313935164	0.0418189474668162	0.034472938786542
"GSE319536_BC10"	"GATCGTGGCCACAACC-1"	3	0.0696298373527762	"tme"	0.0611549557707284	0.0634654795288839	0.034472938786542
"GSE319536_BC10"	"GATCTATGAAGATGCG-1"	3	0.0506449803701627	"tme"	0.0320003158958773	0.0322726677883717	0.034472938786542
"GSE319536_BC10"	"GATGCCAGACATAATG-1"	3	0.0529164329781268	"tme"	0.0574433603545864	0.0594944101701253	0.034472938786542
"GSE319536_BC10"	"GATGCCTAGAGTCTGT-1"	3	0.0361749859786876	"tme"	0.0456400369879514	0.0468659282108806	0.034472938786542
"GSE319536_BC10"	"GATGGACCTGGACGGA-1"	3	0.0445877734155917	"tme"	0.0390178631822923	0.0397808048233315	0.034472938786542
"GSE319536_BC10"	"GATGTAGGAGTTGGCC-1"	3	0.0618620302860348	"tme"	0.0615756614963123	0.0639155963731538	0.034472938786542
"GSE319536_BC10"	"GCAAGATAGGTTAACT-1"	3	0.0730510375771172	"tme"	0.0562913089203229	0.0582618199663489	0.034472938786542
"GSE319536_BC10"	"GCAAGCACTACCGCCA-1"	3	0	"tme"	0.0401734792159315	0.0410172088240793	0.034472938786542
"GSE319536_BC10"	"GCAATCGTGACTCCAA-1"	3	0.00860908581043186	"tme"	0.0146876814066218	0.0137497242475229	0.034472938786542
"GSE319536_BC10"	"GCACGCTTCGTTGTTC-1"	3	0	"tme"	0.0199594006230591	0.0193899841091793	0.034472938786542
"GSE319536_BC10"	"GCAGCGATCTAACGAA-1"	3	0.0396803140773976	"tme"	0.0246734041937902	0.0244335389792485	0.034472938786542
"GSE319536_BC10"	"GCAGGCTGGTTCCAAG-1"	3	0.0404655075715087	"tme"	0.0587314868753124	0.0608725883342681	0.034472938786542
"GSE319536_BC10"	"GCATACTAGCATCGAA-1"	3	0.05263600673023	"tme"	0.0344234790045821	0.0348652318190316	0.034472938786542
"GSE319536_BC10"	"GCCACTATAGACCATA-1"	3	0.067807066741447	"tme"	0.0597379314144888	0.0619493924097962	0.034472938786542
"GSE319536_BC10"	"GCCGATCGAGTGAAGT-1"	3	0.0689568143578239	"tme"	0.0461460309956571	0.0474072957562161	0.034472938786542
"GSE319536_BC10"	"GCCGGCGTGAACTTGC-1"	3	0.0404655075715087	"tme"	0.0353383316870054	0.0358440409422322	0.034472938786542
"GSE319536_BC10"	"GCCTGGTACATGGTCG-1"	3	0.075967470555244	"tme"	0.0507754015415047	0.0523603009908394	0.034472938786542
"GSE319536_BC10"	"GCCTTGCCACTTCTGA-1"	3	0.0445316881660123	"tme"	0.0510983778342045	0.0527058562348103	0.034472938786542
"GSE319536_BC10"	"GCGGCAAGTGTTATGT-1"	3	0.0106281547952888	"tme"	0.0446693432836903	0.0458273742755655	0.034472938786542
"GSE319536_BC10"	"GCGGTGGCCGACGCAT-1"	3	0.0217330342120022	"tme"	0.0445302889609849	0.0456785988035147	0.034472938786542
"GSE319536_BC10"	"GCGTACCGGATGGCTC-1"	3	0.0773135165451486	"tme"	0.0605205662913917	0.0627867405122453	0.034472938786542
"GSE319536_BC10"	"GCTACCATCCTGTAGA-1"	3	0.0434660684240045	"tme"	0.0527691964239367	0.0544934800897364	0.034472938786542
"GSE319536_BC10"	"GCTCGGAGATGAATGT-1"	3	0.0330622546270331	"tme"	0.0457421042237522	0.0469751308655824	0.034472938786542
"GSE319536_BC10"	"GCTGAGGACAAGAAGT-1"	3	0.00100953449242849	"tme"	0.033073736461559	0.033421130117779	0.034472938786542
"GSE319536_BC10"	"GCTTCTGTTACGAGAA-1"	3	0	"tme"	0.0379231118093169	0.0386095204711161	0.034472938786542
"GSE319536_BC10"	"GCTTGAGCTCTTGACA-1"	3	0.0708076275939428	"tme"	0.0355987877024195	0.0361227051785381	0.034472938786542
"GSE319536_BC10"	"GCTTGCTTACTTAACG-1"	3	0.0675546831183399	"tme"	0.0532503605506969	0.0550082819218546	0.034472938786542
"GSE319536_BC10"	"GGAATCCTTAGACTGT-1"	3	0.0924004486819966	"tme"	0.0378111283473116	0.0384897083567022	0.034472938786542
"GSE319536_BC10"	"GGACAGTGCGGCAACA-1"	3	0.0437464946719013	"tme"	0.046320578418764	0.047594045616003	0.034472938786542
"GSE319536_BC10"	"GGACCGCTTCCTGGCA-1"	3	0.0525518788558609	"tme"	0.044725027043791	0.0458869508319312	0.034472938786542
"GSE319536_BC10"	"GGACGTAGTGTAGAAG-1"	3	0.104318564217611	"tme"	0.033155682931766	0.033508805384184	0.034472938786542
"GSE319536_BC10"	"GGATCGCTGGCATATT-1"	3	0.0858945597307908	"tme"	0.0514548508769203	0.0530872499532623	0.034472938786542
"GSE319536_BC10"	"GGCATAATCCTATCGC-1"	3	0	"tme"	0.0313507943427202	0.0315777388296878	0.034472938786542
"GSE319536_BC10"	"GGCATTGCTAAGAATG-1"	3	0.0744812114413909	"tme"	0.0501688604947907	0.0517113572630398	0.034472938786542
"GSE319536_BC10"	"GGCCAAGATGGATGGC-1"	3	0.0418115535614133	"tme"	0.0516399173628908	0.0532852542531314	0.034472938786542
"GSE319536_BC10"	"GGCCTGCGTTATGCCG-1"	3	0.068508132361189	"tme"	0.0342777061109945	0.034709268087493	0.034472938786542
"GSE319536_BC10"	"GGCGGAAGTCTTGTAG-1"	3	0.0850813236118901	"tme"	0.0466146491304969	0.0479086745186016	0.034472938786542
"GSE319536_BC10"	"GGCGTGTAATTACTTA-1"	3	0.043073471676949	"tme"	0.0512493010496842	0.05286733034212	0.034472938786542
"GSE319536_BC10"	"GGTACGCTTACCTGCG-1"	3	0.0873247335950645	"tme"	0.0524522790764993	0.0541544073658628	0.034472938786542
"GSE319536_BC10"	"GGTACGGAGCATCAGC-1"	3	0	"tme"	0.0435688081734926	0.0446499018508132	0.034472938786542
"GSE319536_BC10"	"GGTAGCTTAGCCAATC-1"	3	0.0114694335389792	"tme"	0.0425973368973088	0.0436105159842961	0.034472938786542
"GSE319536_BC10"	"GGTATGCAACAGTGGC-1"	3	0.00291643297812675	"tme"	0.0321963732299229	0.0324824312955693	0.034472938786542
"GSE319536_BC10"	"GGTCCTGCGAGTAGGT-1"	3	0.0672181716208637	"tme"	0.0598103417076895	0.0620268648345485	0.034472938786542
"GSE319536_BC10"	"GGTCTTGAACCGGCCA-1"	3	0.0388390353337072	"tme"	0.0394718428704311	0.0402665217797719	0.034472938786542
"GSE319536_BC10"	"GGTGTCACCAGCGAAC-1"	3	0.0793606281547953	"tme"	0.0468564128410965	0.0481673396896616	0.034472938786542
"GSE319536_BC10"	"GGTTCACCGACTCACG-1"	3	0.0385025238362311	"tme"	0.0265516903302756	0.0264431342306973	0.034472938786542
"GSE319536_BC10"	"GGTTCTGGAGTCTACC-1"	3	0.0229388670779585	"tme"	0.0528105868394819	0.0545377640680501	0.034472938786542
"GSE319536_BC10"	"GTAAGTTGCGGAGCGT-1"	3	0.0468872686483455	"tme"	0.0344208579756293	0.0348624275565526	0.034472938786542
"GSE319536_BC10"	"GTAATGATCACGTAAG-1"	3	0.0484296130117779	"tme"	0.0361041002425975	0.0366633436156291	0.034472938786542
"GSE319536_BC10"	"GTACAGTATCGGAATT-1"	3	0.0357823892316321	"tme"	0.0420286609821986	0.043002084501776	0.034472938786542
"GSE319536_BC10"	"GTACCTTCATGTGCAA-1"	3	0.0526640493550196	"tme"	0.0336237593872889	0.0340096045989905	0.034472938786542
"GSE319536_BC10"	"GTACGAATTCTACCAA-1"	3	0.000112170499158721	"tme"	0.0574890579943772	0.0595433024864461	0.034472938786542
"GSE319536_BC10"	"GTACTACCGTTAGGTG-1"	3	0.0552439708356702	"tme"	0.0432077658036359	0.0442636193681062	0.034472938786542
"GSE319536_BC10"	"GTACTTCTGATCCTCG-1"	3	0.0439147504206394	"tme"	0.0560411142332586	0.0579941344176482	0.034472938786542
"GSE319536_BC10"	"GTAGCAACGACCGTGG-1"	3	0.0491867638810993	"tme"	0.0418745706900678	0.0428372219106375	0.034472938786542
"GSE319536_BC10"	"GTATACGGTACACGCA-1"	3	0.0236679753224902	"tme"	0.0330613215210862	0.0334078472611703	0.034472938786542
"GSE319536_BC10"	"GTATGATAGTATGGAT-1"	3	0.0381379697139652	"tme"	0.0558556808032347	0.057795737521032	0.034472938786542
"GSE319536_BC10"	"GTATGTGCAAGCCGGA-1"	3	0.0767246214245653	"tme"	0.043996324205972	0.0451073051037577	0.034472938786542
"GSE319536_BC10"	"GTATGTTAGTTCTACC-1"	3	0.0679192372406057	"tme"	0.0481655687507866	0.0495680173864274	0.034472938786542
"GSE319536_BC10"	"GTATTCGTGACTTGAT-1"	3	0.0487380818844644	"tme"	0.0500144425740408	0.0515461441390914	0.034472938786542
"GSE319536_BC10"	"GTCAGTAATCCAATTA-1"	3	0	"tme"	0.0343628152894712	0.0348003271639559	0.034472938786542
"GSE319536_BC10"	"GTCATCACGTGGTTCA-1"	3	0.0396242288278183	"tme"	0.0512990438108254	0.0529205505702001	0.034472938786542
"GSE319536_BC10"	"GTCGCACGCAGCCTGC-1"	3	0	"tme"	0.0151053773172917	0.0141966208637128	0.034472938786542
"GSE319536_BC10"	"GTCTAAGATCGGACTA-1"	3	0.0204991587212563	"tme"	0.0331939281125679	0.0335497242475229	0.034472938786542
"GSE319536_BC10"	"GTCTATCAATGGATTA-1"	3	0	"tme"	0.0351971586992299	0.0356929986913442	0.034472938786542
"GSE319536_BC10"	"GTCTCATGACTAGTTG-1"	3	0.0514862591138531	"tme"	0.040133884205219	0.0409748457655637	0.034472938786542
"GSE319536_BC10"	"GTCTGATAGATTATAA-1"	3	0	"tme"	0.0266052030047271	0.0265003879229763	0.034472938786542
"GSE319536_BC10"	"GTCTTGACAATAGCAA-1"	3	0.0318844643858665	"tme"	0.0518214541965383	0.0534794821461956	0.034472938786542
"GSE319536_BC10"	"GTCTTGCGGCGATTCA-1"	3	0.0815479528883904	"tme"	0.0414960373203332	0.0424322256496542	0.034472938786542
"GSE319536_BC10"	"GTGAAGATGAGTGCCT-1"	3	0.067021873247336	"tme"	0.0468882365009642	0.0482013881099271	0.034472938786542
"GSE319536_BC10"	"GTGACCGGAGTCATAC-1"	3	0.034913067863152	"tme"	0.0454732172318735	0.0466874462516358	0.034472938786542
"GSE319536_BC10"	"GTGATCTACGAGATCC-1"	3	0.0478407178911946	"tme"	0.0443951487081823	0.0455340110300991	0.034472938786542
"GSE319536_BC10"	"GTGCAACGACGGTGTT-1"	3	0.0188166012338755	"tme"	0.0405127801506253	0.0413802299495233	0.034472938786542
"GSE319536_BC10"	"GTGGTCGCTCTGTAGC-1"	3	0.0437464946719013	"tme"	0.0389018651776077	0.0396566975135539	0.034472938786542
"GSE319536_BC10"	"GTTAACAACTTCGGAT-1"	3	0.0510375771172182	"tme"	0.0557028704469091	0.0576322443447373	0.034472938786542
"GSE319536_BC10"	"GTTCATCTTACATTCC-1"	3	0.084127874369041	"tme"	0.0324292953361887	0.0327316367545336	0.034472938786542
"GSE319536_BC10"	"GTTGAATAAGTCAGCA-1"	3	0.0366797532249019	"tme"	0.0356348268505195	0.0361612637876238	0.034472938786542
"GSE319536_BC10"	"GTTGACTAGAGCACGT-1"	3	0	"tme"	0.0341435618491939	0.0345657459338194	0.034472938786542
"GSE319536_BC10"	"TAACAGGAACCGACAA-1"	3	0.0178351093662367	"tme"	0.0540439163815696	0.0558573144512993	0.034472938786542
"GSE319536_BC10"	"TAACGAGCCGAAGGTC-1"	3	0	"tme"	0.0311925977718967	0.0314084828939989	0.034472938786542
"GSE319536_BC10"	"TAACGCGTAATATGGC-1"	3	0	"tme"	0.0473311860255937	0.0486753037951019	0.034472938786542
"GSE319536_BC10"	"TAAGCCACAATTGCCT-1"	3	0.0523555804823331	"tme"	0.0335059353991006	0.0338835436530193	0.034472938786542
"GSE319536_BC10"	"TAAGCCTGGCTTCAGT-1"	3	0	"tme"	0.0201393561025718	0.0195825200972144	0.034472938786542
"GSE319536_BC10"	"TAAGGACGCCTGGTTG-1"	3	0.0333426808749299	"tme"	0.0584601361162181	0.0605822677135913	0.034472938786542
"GSE319536_BC10"	"TAAGTGGCCGCTCACC-1"	3	0.0413067863151991	"tme"	0.0429441645534785	0.0439815900168256	0.034472938786542
"GSE319536_BC10"	"TAATAGCGCTGTACTC-1"	3	0.075266404935502	"tme"	0.0365102505207306	0.0370978874555992	0.034472938786542
"GSE319536_BC10"	"TAATGTGCACGATCTG-1"	3	0.0217891194615816	"tme"	0.0390749754031722	0.0398419097027482	0.034472938786542
"GSE319536_BC10"	"TACACTGTCGAACCAA-1"	3	0.0777341559169938	"tme"	0.0613832342873662	0.0637097167694896	0.034472938786542
"GSE319536_BC10"	"TACATATGCACCAGTG-1"	3	0.0755748738081885	"tme"	0.0549763517998841	0.056854935501963	0.034472938786542
"GSE319536_BC10"	"TACGGAACAGACGCGG-1"	3	0.0826977005047672	"tme"	0.0621327480950698	0.0645116283417461	0.034472938786542
"GSE319536_BC10"	"TACGGAATACTCGTTC-1"	3	0.0736118900729108	"tme"	0.0371830948631853	0.0378177696765751	0.034472938786542
"GSE319536_BC10"	"TACGGATCAGCCATCC-1"	3	0.0646102075154234	"tme"	0.0615193355841182	0.0638553327724809	0.034472938786542
"GSE319536_BC10"	"TAGACATGGTTAGGTC-1"	3	0.083510936623668	"tme"	0.0402598595934503	0.0411096279678444	0.034472938786542
"GSE319536_BC10"	"TAGACCGAAGCAGAGC-1"	3	0	"tme"	0.0219216514220451	0.0214894139091419	0.034472938786542
"GSE319536_BC10"	"TAGCTAGAGGCCTGAA-1"	3	0	"tme"	0.0352695646240489	0.0357704664423257	0.034472938786542
"GSE319536_BC10"	"TAGGACTTCATGTTAT-1"	3	0.0443073471676949	"tme"	0.0175020199813765	0.0167608104318564	0.034472938786542
"GSE319536_BC10"	"TAGGCATCTGCGGACC-1"	3	0.0407739764441952	"tme"	0.0483943452629254	0.0498127874369041	0.034472938786542
"GSE319536_BC10"	"TAGGCGAGCGATCGGT-1"	3	0.0395401009534492	"tme"	0.0490741091218154	0.0505400729108245	0.034472938786542
"GSE319536_BC10"	"TAGGTCTGCCTCTGTA-1"	3	0.0784071789119462	"tme"	0.0435074804643803	0.0445842867825762	0.034472938786542
"GSE319536_BC10"	"TAGTTCGAATTAGCGG-1"	3	0.0625911385305665	"tme"	0.0318270178299045	0.0320872546270331	0.034472938786542
"GSE319536_BC10"	"TAGTTCGAGTAGGAAG-1"	3	0.0220415030846887	"tme"	0.0312661176340208	0.0314871424565339	0.034472938786542
"GSE319536_BC10"	"TATCCTGCGGTTGATC-1"	3	0.0463264161525519	"tme"	0.0578187222792881	0.0598960132735091	0.034472938786542
"GSE319536_BC10"	"TATCTAGTCGCATGCA-1"	3	0	"tme"	0.0560304160667499	0.0579826883529632	0.034472938786542
"GSE319536_BC10"	"TATGAGCGATCCATTA-1"	3	0	"tme"	0.0416087634072084	0.0425528323051038	0.034472938786542
"GSE319536_BC10"	"TATGCTCCTGGTTAGT-1"	3	0.0298653954010095	"tme"	0.0282939275905881	0.0283071695644046	0.034472938786542
"GSE319536_BC10"	"TATGGCCGGCGACACT-1"	3	0.0127313516545149	"tme"	0.0406264891233578	0.0415018882034025	0.034472938786542
"GSE319536_BC10"	"TATGTTGCAGTCTAGG-1"	3	0.0373808188446439	"tme"	0.0294717175291674	0.0295672976257244	0.034472938786542
"GSE319536_BC10"	"TATGTTGGTCCAGTGA-1"	3	0.00145821648906338	"tme"	0.0338359972067361	0.0342366797532249	0.034472938786542
"GSE319536_BC10"	"TATTCTAAGGCTCATC-1"	3	0	"tme"	0.0318523369695878	0.0321143438025799	0.034472938786542
"GSE319536_BC10"	"TATTCTCCTATGATGG-1"	3	0	"tme"	0.0332687060685892	0.0336297298560479	0.034472938786542
"GSE319536_BC10"	"TATTGAATCCGACTAA-1"	3	0.0741727425687044	"tme"	0.0651167415055529	0.0677042297625725	0.034472938786542
"GSE319536_BC10"	"TCAACAATGGAGGCCT-1"	3	0.00100953449242849	"tme"	0.0365556380054287	0.0371464479341933	0.034472938786542
"GSE319536_BC10"	"TCAAGGTATCAACTTA-1"	3	0.0378014582164891	"tme"	0.0379920405023921	0.0386832679005421	0.034472938786542
"GSE319536_BC10"	"TCAAGGTCTGAATATG-1"	3	0.0251822770611329	"tme"	0.0315640412583141	0.0318058936249766	0.034472938786542
"GSE319536_BC10"	"TCACAAGCTCGAGGCA-1"	3	0.0455412226584408	"tme"	0.0494622529310433	0.050955351467564	0.034472938786542
"GSE319536_BC10"	"TCACATTGTCGGTGAC-1"	3	0.0686483454851374	"tme"	0.0651455902975593	0.0677350953449243	0.034472938786542
"GSE319536_BC10"	"TCACCGTTGCTAATGG-1"	3	0.0719854178351094	"tme"	0.0574925570680291	0.0595470461768555	0.034472938786542
"GSE319536_BC10"	"TCAGAATCGATATCAT-1"	3	0.00647784632641615	"tme"	0.0319051419662221	0.0321708403439895	0.034472938786542
"GSE319536_BC10"	"TCAGCGTGACCTTACC-1"	3	0.0158721256309591	"tme"	0.0550066771048671	0.0568873808188447	0.034472938786542
"GSE319536_BC10"	"TCAGGAGCAACGGTCG-1"	3	0.0511217049915872	"tme"	0.048026877003753	0.0494196298373528	0.034472938786542
"GSE319536_BC10"	"TCAGTATGTAGGACAA-1"	3	0.0187324733595064	"tme"	0.0543758172778535	0.056212418209011	0.034472938786542
"GSE319536_BC10"	"TCAGTCGCCAAGGTTG-1"	3	0	"tme"	0.0366748030867644	0.0372739437277996	0.034472938786542
"GSE319536_BC10"	"TCATAGCTTCCAGTAC-1"	3	0.0137128435221537	"tme"	0.0471808044894309	0.0485144092353711	0.034472938786542
"GSE319536_BC10"	"TCATAGGTAGTGACGA-1"	3	0.00521592821088054	"tme"	0.0130635171322482	0.0120120162647224	0.034472938786542
"GSE319536_BC10"	"TCATCTCCAACCACCT-1"	3	0.0371564778463264	"tme"	0.0375477717265231	0.0382079407365863	0.034472938786542
"GSE319536_BC10"	"TCATTGATAGACTTGC-1"	3	0.0532809871003926	"tme"	0.0532969799190028	0.0550581604038138	0.034472938786542
"GSE319536_BC10"	"TCCAACTGGCTGAAGA-1"	3	0.0316320807627594	"tme"	0.036858056694376	0.0374700084127875	0.034472938786542
"GSE319536_BC10"	"TCCAATTGGTTACAGT-1"	3	0.022013460459899	"tme"	0.0364413960901424	0.0370242194802767	0.034472938786542
"GSE319536_BC10"	"TCCAGTACGTGCTATG-1"	3	0.019125070106562	"tme"	0.0432966492638045	0.0443587165825388	0.034472938786542
"GSE319536_BC10"	"TCCGAACCTCAACCAT-1"	3	0.0419237240605721	"tme"	0.0598357787936757	0.0620540802019069	0.034472938786542
"GSE319536_BC10"	"TCCGAGTACGACTTAG-1"	3	0.0839596186203029	"tme"	0.0348462771849466	0.0353175873995139	0.034472938786542
"GSE319536_BC10"	"TCCGCCAGTGATTAAT-1"	3	0.0220695457094784	"tme"	0.0397478634294428	0.040561838661432	0.034472938786542
"GSE319536_BC10"	"TCCGGCTCTATGGACA-1"	3	0.0727425687044307	"tme"	0.0508959208211327	0.0524892456533932	0.034472938786542
"GSE319536_BC10"	"TCCGTGTCTTACATAA-1"	3	0.00931015143017386	"tme"	0.0399457642205185	0.0407735744999065	0.034472938786542
"GSE319536_BC10"	"TCCGTGTTCTGTTCTG-1"	3	0.074733595064498	"tme"	0.0565714707050799	0.0585615675827257	0.034472938786542
"GSE319536_BC10"	"TCCTGGTGGCAATAGC-1"	3	0.0689848569826136	"tme"	0.0318751442898582	0.0321387455599177	0.034472938786542
"GSE319536_BC10"	"TCGATCCAGTCTGTAG-1"	3	0	"tme"	0.0399092401820623	0.0407344971022621	0.034472938786542
"GSE319536_BC10"	"TCGCACTCTTGGACAG-1"	3	0.0689007291082445	"tme"	0.0492729796936036	0.0507528463264162	0.034472938786542
"GSE319536_BC10"	"TCGCACTGTACGGCGA-1"	3	0.0570386988222098	"tme"	0.0435052045375731	0.0445818517479903	0.034472938786542
"GSE319536_BC10"	"TCGCCTATCGACTCCT-1"	3	0.07192933258553	"tme"	0.0334811055181551	0.0338569779398018	0.034472938786542
"GSE319536_BC10"	"TCGCCTGACGGCCACT-1"	3	0.00900168255748738	"tme"	0.0315684664288627	0.0318106281547953	0.034472938786542
"GSE319536_BC10"	"TCGGACTGCCACCTCC-1"	3	0.0522714526079641	"tme"	0.0470990196493426	0.0484269068984857	0.034472938786542
"GSE319536_BC10"	"TCGTATCACGTTATGA-1"	3	0.0652551878855861	"tme"	0.0525276817110876	0.0542350813236119	0.034472938786542
"GSE319536_BC10"	"TCTACTGTCTCAATGA-1"	3	0.0429332585530006	"tme"	0.0318747555038969	0.0321383295943167	0.034472938786542
"GSE319536_BC10"	"TCTAGGCGGAAGGCAC-1"	3	0.0600392596747056	"tme"	0.0454037293859551	0.0466131005795476	0.034472938786542
"GSE319536_BC10"	"TCTGCAAGGACGGCAA-1"	3	0.0326135726303982	"tme"	0.0301364891024478	0.0302785427182651	0.034472938786542
"GSE319536_BC10"	"TCTGCAATTCACAAGA-1"	3	0	"tme"	0.0316704594021765	0.0319197513553936	0.034472938786542
"GSE319536_BC10"	"TCTGGATATTAACCTA-1"	3	0.0798373527762199	"tme"	0.0668222450450929	0.0695289633576369	0.034472938786542
"GSE319536_BC10"	"TCTTACGAATCAGTGC-1"	3	0.0639932697700505	"tme"	0.0385071294805637	0.0392343662366797	0.034472938786542
"GSE319536_BC10"	"TCTTACGAGGCCGACA-1"	3	0.0809029725182277	"tme"	0.0418929790500791	0.0428569171807814	0.034472938786542
"GSE319536_BC10"	"TCTTACTCTGTATGCG-1"	3	0.0397924845765564	"tme"	0.0381299852561741	0.0388308562348102	0.034472938786542
"GSE319536_BC10"	"TCTTGCACTATTCAGA-1"	3	0.0631519910263601	"tme"	0.0522330343729851	0.0539198354832679	0.034472938786542
"GSE319536_BC10"	"TCTTGCCGGCAGTCTA-1"	3	0	"tme"	0.0377433310650677	0.0384171714339129	0.034472938786542
"GSE319536_BC10"	"TGACCAAGCTGCACAT-1"	3	0.0666012338754907	"tme"	0.043966623579556	0.0450755281361002	0.034472938786542
"GSE319536_BC10"	"TGACCTCCTTCAGATT-1"	3	0	"tme"	0.0250128580218396	0.0247967236866704	0.034472938786542
"GSE319536_BC10"	"TGACGCTCACCAAGCC-1"	3	0.0614974761637689	"tme"	0.0371814741936162	0.0378160357076089	0.034472938786542
"GSE319536_BC10"	"TGACTCTGCTCGCACG-1"	3	0.0593381940549635	"tme"	0.0446850170368276	0.0458441437651897	0.034472938786542
"GSE319536_BC10"	"TGACTTGCACTCACGG-1"	3	0.0696859226023556	"tme"	0.0475698918690818	0.0489306973266031	0.034472938786542
"GSE319536_BC10"	"TGAGACTATTGAATCT-1"	3	0.0402131239484016	"tme"	0.0296864278525933	0.0297970181342307	0.034472938786542
"GSE319536_BC10"	"TGAGGTAGGACTACTG-1"	3	0.0416152551878856	"tme"	0.0553006342386787	0.0572018882034025	0.034472938786542
"GSE319536_BC10"	"TGATAGGAGCATCAAC-1"	3	0.0776780706674145	"tme"	0.0362355011607609	0.0368039306412414	0.034472938786542
"GSE319536_BC10"	"TGATGGCCGGCATCGC-1"	3	0.00344924284913068	"tme"	0.0332570119110785	0.0336172181716209	0.034472938786542
"GSE319536_BC10"	"TGATTAGAATGACATA-1"	3	0.0282950084127874	"tme"	0.0587128950432744	0.0608526967657506	0.034472938786542
"GSE319536_BC10"	"TGATTCGTCTGGATCT-1"	3	0	"tme"	0.0310497647991178	0.0312556646102075	0.034472938786542
"GSE319536_BC10"	"TGCAACAGTGAAGCTC-1"	3	0.0535333707234997	"tme"	0.0484611203438778	0.0498842306973266	0.034472938786542
"GSE319536_BC10"	"TGCAGTTATTCCACTC-1"	3	0.0781267526640494	"tme"	0.0482995732243764	0.0497113899794354	0.034472938786542
"GSE319536_BC10"	"TGCATTCGCTACAATG-1"	3	0.0154514862591139	"tme"	0.0356661175678335	0.0361947420078519	0.034472938786542
"GSE319536_BC10"	"TGCCAATCCATGTCTA-1"	3	0.0685642176107684	"tme"	0.0461991636209105	0.0474641428304356	0.034472938786542
"GSE319536_BC10"	"TGCCGAGTTAAGAACG-1"	3	0.0206674144699944	"tme"	0.0429136164610344	0.0439489063376332	0.034472938786542
"GSE319536_BC10"	"TGCGCCGATCGCGAAG-1"	3	0.0613572630398205	"tme"	0.0592219949702891	0.0613973873621238	0.034472938786542
"GSE319536_BC10"	"TGCGGACTTCTGTCGC-1"	3	0.0681996634885025	"tme"	0.0321761825702237	0.0324608291269396	0.034472938786542
"GSE319536_BC10"	"TGCGTGTCAGCCAGTG-1"	3	0	"tme"	0.027627627083752	0.0275942886520845	0.034472938786542
"GSE319536_BC10"	"TGCTTAGCTCCTGGCT-1"	3	0.0537857543466069	"tme"	0.0569244665160517	0.0589392409796224	0.034472938786542
"GSE319536_BC10"	"TGGACGCCTGCGACCG-1"	3	0.0503925967470555	"tme"	0.0556672725053495	0.0575941577865021	0.034472938786542
"GSE319536_BC10"	"TGGCCAACATTCTGAG-1"	3	0.042540661805945	"tme"	0.0578089807883472	0.0598855907646289	0.034472938786542
"GSE319536_BC10"	"TGGCCTGACATACTCA-1"	3	0.0428491306786315	"tme"	0.0517734762615586	0.0534281501215181	0.034472938786542
"GSE319536_BC10"	"TGGCCTGGCACTGTGG-1"	3	0.0436623667975323	"tme"	0.0358173858854586	0.0363565853430548	0.034472938786542
"GSE319536_BC10"	"TGGCGACACTGCCGGA-1"	3	0.0381940549635446	"tme"	0.0447554047693531	0.0459194522340625	0.034472938786542
"GSE319536_BC10"	"TGGTACCAGATTGTTA-1"	3	0	"tme"	0.0188527585154016	0.018205977752851	0.034472938786542
"GSE319536_BC10"	"TGGTATTCCTAGTCCA-1"	3	0.0881099270891756	"tme"	0.0525050840731336	0.0542109039072724	0.034472938786542
"GSE319536_BC10"	"TGGTATTGAGTTGTAA-1"	3	0.0276219854178351	"tme"	0.0362551676146695	0.0368249719573752	0.034472938786542
"GSE319536_BC10"	"TGGTGCAGACCGAAGT-1"	3	0	"tme"	0.0353592606031929	0.0358664329781268	0.034472938786542
"GSE319536_BC10"	"TGGTTGAACACGCCAA-1"	3	0.0689848569826136	"tme"	0.0481770706995075	0.0495803234249392	0.034472938786542
"GSE319536_BC10"	"TGGTTGCCTCCGGCTT-1"	3	0.0455412226584408	"tme"	0.048106259233968	0.0495045616002991	0.034472938786542
"GSE319536_BC10"	"TGTCAACTCATCAACG-1"	3	0.0378575434660684	"tme"	0.0604344174380972	0.0626945690783324	0.034472938786542
"GSE319536_BC10"	"TGTCGATTCACGTAGT-1"	3	0.0348850252383623	"tme"	0.0333526357840372	0.0337195270143952	0.034472938786542
"GSE319536_BC10"	"TGTCTAAGCAGACGTA-1"	3	0.0833707234997196	"tme"	0.0264589364840202	0.0263438960553374	0.034472938786542
"GSE319536_BC10"	"TGTTACCTATTGGACA-1"	3	0.063684800897364	"tme"	0.0425953885991206	0.0436084314825201	0.034472938786542
"GSE319536_BC10"	"TGTTGGATGGACTTCT-1"	3	0.0419517666853618	"tme"	0.0394107204752534	0.0402011263787624	0.034472938786542
"GSE319536_BC10"	"TGTTGGCCAGACCTAC-1"	3	0.0334828939988783	"tme"	0.0355450391353622	0.036065199102636	0.034472938786542
"GSE319536_BC10"	"AACACTTGGCAAGGAA-1"	4	0	"baseline"	0.0378865328281219	0.0392909983174425	0.0351541278226776
"GSE319536_BC10"	"AACCAGAATCAGACGT-1"	4	0	"baseline"	0.0240710403382005	0.0179614507384558	0.0351541278226776
"GSE319536_BC10"	"AACGAAGCGTGGAAGT-1"	4	0.0457375210319686	"baseline"	0.0438129539858118	0.0484407178911946	0.0351541278226776
"GSE319536_BC10"	"AACTCAACCTTGACCA-1"	4	0.0467470555243971	"baseline"	0.0390252702564453	0.0410490792671528	0.0351541278226776
"GSE319536_BC10"	"AACTCACCGAACTTAT-1"	4	0	"baseline"	0.0401548380632245	0.042793003365115	0.0351541278226776
"GSE319536_BC10"	"AACTTCAGATACTACC-1"	4	0.0177509814918676	"baseline"	0.0463753743021666	0.052396803140774	0.0351541278226776
"GSE319536_BC10"	"AACTTCGCTTAGTCAG-1"	4	0.0395961862030286	"baseline"	0.0305715633573891	0.0279975182277061	0.0351541278226776
"GSE319536_BC10"	"AAGATTATCTAGCATA-1"	4	0.0432978126752664	"baseline"	0.0259368872812749	0.0208421060011217	0.0351541278226776
"GSE319536_BC10"	"AAGCAGCGGACACGTG-1"	4	0.0680874929893438	"baseline"	0.0499456719509435	0.0579089362497663	0.0351541278226776
"GSE319536_BC10"	"AAGCAGTGGCATCACT-1"	4	0	"baseline"	0.0349674478364761	0.0347842634137222	0.0351541278226776
"GSE319536_BC10"	"AAGCAGTGTAGAATCT-1"	4	0.0577397644419518	"baseline"	0.0362480525392858	0.0367613712843522	0.0351541278226776
"GSE319536_BC10"	"AAGCGTTCGTCTGTCC-1"	4	0	"baseline"	0.0220192247516552	0.0147936810618807	0.0351541278226776
"GSE319536_BC10"	"AAGGAGGCACTCAATT-1"	4	0.0157319125070107	"baseline"	0.0413974897963089	0.044711516171247	0.0351541278226776
"GSE319536_BC10"	"AAGGCCGACCTACCTG-1"	4	0.0649747616376893	"baseline"	0.0233759896851699	0.0168883716582539	0.0351541278226776
"GSE319536_BC10"	"AAGTACTGGATGCGCA-1"	4	0.0761357263039821	"baseline"	0.0320291638551201	0.0302478874555992	0.0351541278226776
"GSE319536_BC10"	"AAGTCTACCGGTTGGA-1"	4	0.0259955131800337	"baseline"	0.0181629584235987	0.00884004486819966	0.0351541278226776
"GSE319536_BC10"	"AAGTGGCGAAGTTAAT-1"	4	0.041755468311834	"baseline"	0.0370904498378806	0.0380619368106188	0.0351541278226776
"GSE319536_BC10"	"AAGTGGCGAGTGTACA-1"	4	0.047195737521032	"baseline"	0.0364478588651858	0.0370698495045803	0.0351541278226776
"GSE319536_BC10"	"AATAACATGTTACGTC-1"	4	0.041839596186203	"baseline"	0.0369464271422851	0.0378395821648906	0.0351541278226776
"GSE319536_BC10"	"AATACGTAGACAGTTA-1"	4	0	"baseline"	0.0388728105403007	0.0408136988222098	0.0351541278226776
"GSE319536_BC10"	"AATAGTATAGTTGTCG-1"	4	0.0164610207515423	"baseline"	0.0347179729794856	0.0343991026360067	0.0351541278226776
"GSE319536_BC10"	"AATAGTGCTCATAGAA-1"	4	0	"baseline"	0.0294390651466301	0.0262490699196112	0.0351541278226776
"GSE319536_BC10"	"AATGAAGACGGTTCAG-1"	4	0.0704430734716769	"baseline"	0.0445352773758811	0.0495559029725183	0.0351541278226776
"GSE319536_BC10"	"AATGGCATAGTATCAT-1"	4	0.041755468311834	"baseline"	0.0368983479315348	0.0377653533370724	0.0351541278226776
"GSE319536_BC10"	"AATGTCAGGTCATTAC-1"	4	0	"baseline"	0.0244017097872786	0.0184719667227519	0.0351541278226776
"GSE319536_BC10"	"AATTAGCTTAGGTGTA-1"	4	0	"baseline"	0.0203951210005256	0.0122862497663115	0.0351541278226776
"GSE319536_BC10"	"AATTGGTTATGATACA-1"	4	0.0408300616937745	"baseline"	0.0370719198763516	0.0380333286595625	0.0351541278226776
"GSE319536_BC10"	"ACAGAATAAGATAGTG-1"	4	0	"baseline"	0.051130914406061	0.0597388156664797	0.0351541278226776
"GSE319536_BC10"	"ACAGCCAGGCATAAGC-1"	4	0.0648625911385306	"baseline"	0.0467916218401945	0.0530394419517667	0.0351541278226776
"GSE319536_BC10"	"ACAGGACTGAGCCGAT-1"	4	0	"baseline"	0.0285097365663387	0.0248142923911011	0.0351541278226776
"GSE319536_BC10"	"ACATCGTCGGTCTACC-1"	4	0.0418676388109927	"baseline"	0.0186476042545175	0.00958828285660871	0.0351541278226776
"GSE319536_BC10"	"ACCAAGCACTTGCGCA-1"	4	0.0229108244531688	"baseline"	0.0309538024674124	0.0285876518975509	0.0351541278226776
"GSE319536_BC10"	"ACCAATGAGCCTCATC-1"	4	0	"baseline"	0.0208550884706562	0.0129963871751729	0.0351541278226776
"GSE319536_BC10"	"ACCATAACTCCTCGTA-1"	4	0.129108244531688	"baseline"	0.022841629914008	0.0160633810057955	0.0351541278226776
"GSE319536_BC10"	"ACCGAAGCCGAATTAA-1"	4	0.0427930454290522	"baseline"	0.0389256213847497	0.0408952327537858	0.0351541278226776
"GSE319536_BC10"	"ACCGTACACGACCGTC-1"	4	0.0464385866517106	"baseline"	0.0472011700145786	0.0536717377079828	0.0351541278226776
"GSE319536_BC10"	"ACCGTAGGCGGAGGTT-1"	4	0	"baseline"	0.0465283577372042	0.0526329921480651	0.0351541278226776
"GSE319536_BC10"	"ACCTGCTTGCTACGAC-1"	4	0.104514862591139	"baseline"	0.0354927439407833	0.0355952607964105	0.0351541278226776
"GSE319536_BC10"	"ACGATGTCGCACAATC-1"	4	0	"baseline"	0.0333598457713936	0.0323023088427744	0.0351541278226776
"GSE319536_BC10"	"ACGGCCGTCAACGTAT-1"	4	0.0409422321929333	"baseline"	0.0285594323429208	0.0248910170125257	0.0351541278226776
"GSE319536_BC10"	"ACGGCTTACGTATGCC-1"	4	0.038418395961862	"baseline"	0.030623738473702	0.0280780706674145	0.0351541278226776
"GSE319536_BC10"	"ACGGCTTCCATCGGAA-1"	4	0.0639932697700505	"baseline"	0.043891641992677	0.0485622032155543	0.0351541278226776
"GSE319536_BC10"	"ACGGCTTGTTCAATCG-1"	4	0.0511217049915872	"baseline"	0.0299467091996915	0.0270328145447747	0.0351541278226776
"GSE319536_BC10"	"ACGGTTCGTCCGACCG-1"	4	0	"baseline"	0.0458599622567373	0.051601065619742	0.0351541278226776
"GSE319536_BC10"	"ACGTTCACGACTAGGT-1"	4	0.0731912507010656	"baseline"	0.0330023849222941	0.0317504299869134	0.0351541278226776
"GSE319536_BC10"	"ACGTTCTGCCATAATC-1"	4	0.0488502523836231	"baseline"	0.0296209651300298	0.0265299027855674	0.0351541278226776
"GSE319536_BC10"	"ACTATTAGACAGGCTG-1"	4	0.0393438025799215	"baseline"	0.0468792403137335	0.0531747148999813	0.0351541278226776
"GSE319536_BC10"	"ACTCAGGCCTGCAACT-1"	4	0.0678631519910264	"baseline"	0.0434588564412799	0.0478940315946906	0.0351541278226776
"GSE319536_BC10"	"ACTCGATTGATATCCA-1"	4	0.061665731912507	"baseline"	0.0435070627976575	0.0479684567208824	0.0351541278226776
"GSE319536_BC10"	"ACTCGTATTGTCAGAA-1"	4	0.00274817722938867	"baseline"	0.0298583974797565	0.0268964713030473	0.0351541278226776
"GSE319536_BC10"	"ACTTGAAGCGAGCGGT-1"	4	0.0443353897924846	"baseline"	0.0315384695250778	0.0294903112731352	0.0351541278226776
"GSE319536_BC10"	"AGAACAGGAGCATGGA-1"	4	0.037633202467751	"baseline"	0.0381649393698587	0.0397208263226771	0.0351541278226776
"GSE319536_BC10"	"AGAAGCAGCCTAAGCT-1"	4	0.0818003365114975	"baseline"	0.0411142063115852	0.0442741587212563	0.0351541278226776
"GSE319536_BC10"	"AGACATCTTAGCACCT-1"	4	0.0234436343241727	"baseline"	0.0455589177388016	0.0511362871564778	0.0351541278226776
"GSE319536_BC10"	"AGACCGACCGCAGACA-1"	4	0.0667975322490185	"baseline"	0.046827377006935	0.0530946438586652	0.0351541278226776
"GSE319536_BC10"	"AGACTCATTGCGGACA-1"	4	0	"baseline"	0.0477521525628611	0.0545223920358946	0.0351541278226776
"GSE319536_BC10"	"AGATAAGCCACTCATA-1"	4	0.0505608524957936	"baseline"	0.0374689835610534	0.0386463497850065	0.0351541278226776
"GSE319536_BC10"	"AGCACGGAGGCAGTCA-1"	4	0.017190128996074	"baseline"	0.0368026163560684	0.0376175546831183	0.0351541278226776
"GSE319536_BC10"	"AGCGGTGAGTGACATG-1"	4	0.030089736399327	"baseline"	0.035859634757235	0.0361616984483081	0.0351541278226776
"GSE319536_BC10"	"AGCGTGCGCCTGATCG-1"	4	0.0548794167134044	"baseline"	0.0264304333060991	0.0216040848756777	0.0351541278226776
"GSE319536_BC10"	"AGCGTGGCACCGACAA-1"	4	0.0743409983174425	"baseline"	0.038946246221851	0.0409270751542344	0.0351541278226776
"GSE319536_BC10"	"AGCTCGACAGGCGATA-1"	4	0	"baseline"	0.020397945449816	0.0122906103944663	0.0351541278226776
"GSE319536_BC10"	"AGCTGTTCCGGTGATT-1"	4	0.0386988222097588	"baseline"	0.0284315420055982	0.0246935688913816	0.0351541278226776
"GSE319536_BC10"	"AGGACGTCGGCACGAA-1"	4	0.0180874929893438	"baseline"	0.0342530952663228	0.0336813843709105	0.0351541278226776
"GSE319536_BC10"	"AGGACTAGGACCGCAG-1"	4	0.0456814357823892	"baseline"	0.0389107120463197	0.0408722144326042	0.0351541278226776
"GSE319536_BC10"	"AGGACTGGATGAAGAC-1"	4	0.0379136287156478	"baseline"	0.0410014826312238	0.0441001261918116	0.0351541278226776
"GSE319536_BC10"	"AGGATAACCGGTCGGA-1"	4	0.00639371845204711	"baseline"	0.0345320436906137	0.034112048981118	0.0351541278226776
"GSE319536_BC10"	"AGGCATTACTATAGTA-1"	4	0.0659562535053281	"baseline"	0.0261799685295824	0.0212173957749112	0.0351541278226776
"GSE319536_BC10"	"AGTAAGCTCGGCCAAT-1"	4	0.00807627593942793	"baseline"	0.0427760813958298	0.0468399046550757	0.0351541278226776
"GSE319536_BC10"	"AGTACCGTTGTACGCC-1"	4	0.110347728547392	"baseline"	0.0560467881731572	0.0673283651149747	0.0351541278226776
"GSE319536_BC10"	"AGTATTCAGCTGAATG-1"	4	0	"baseline"	0.0324513963194578	0.0308997663114601	0.0351541278226776
"GSE319536_BC10"	"AGTCGGACCGTGCTTA-1"	4	0.0427930454290522	"baseline"	0.0339639842736847	0.0332350299121331	0.0351541278226776
"GSE319536_BC10"	"AGTGAGTATTCTAAGT-1"	4	0.015703869882221	"baseline"	0.0208320781394062	0.0129608618433352	0.0351541278226776
"GSE319536_BC10"	"AGTGCAATAACTAACA-1"	4	0.0326977005047672	"baseline"	0.0524833018972672	0.0618267479902786	0.0351541278226776
"GSE319536_BC10"	"AGTGCCAGATGCTCTG-1"	4	0.0568704430734717	"baseline"	0.0412336777920197	0.0444586090858104	0.0351541278226776
"GSE319536_BC10"	"AGTGCGCAACATGCGT-1"	4	0.0811273135165452	"baseline"	0.0444035575333576	0.0493525425313143	0.0351541278226776
"GSE319536_BC10"	"AGTGTCATGGTTGTGG-1"	4	0	"baseline"	0.0370193421322192	0.037952154608338	0.0351541278226776
"GSE319536_BC10"	"AGTGTCTAGGCTAATA-1"	4	0.0566741446999439	"baseline"	0.0381401368907203	0.0396825341185268	0.0351541278226776
"GSE319536_BC10"	"AGTTACCTCACCAGCA-1"	4	0.0155916993830623	"baseline"	0.0428840159242325	0.0470065432791176	0.0351541278226776
"GSE319536_BC10"	"AGTTCGGCACATACGG-1"	4	0.0777061132922042	"baseline"	0.0353980386121652	0.0354490465507571	0.0351541278226776
"GSE319536_BC10"	"ATAGATGCCTAAGCAC-1"	4	0.0479248457655637	"baseline"	0.0289080989528042	0.0254293185642176	0.0351541278226776
"GSE319536_BC10"	"ATAGCTATTCGCACTC-1"	4	0.0456814357823892	"baseline"	0.0448010904459694	0.049966288091232	0.0351541278226776
"GSE319536_BC10"	"ATAGTCCGCCGTTGGC-1"	4	0.0381379697139652	"baseline"	0.0377041212349365	0.0390093755842214	0.0351541278226776
"GSE319536_BC10"	"ATAGTTAAGGCACGAG-1"	4	0.0243970835670219	"baseline"	0.0243290127612769	0.018359730790802	0.0351541278226776
"GSE319536_BC10"	"ATCAGTAAGCTCGCCG-1"	4	0	"baseline"	0.0377895903419201	0.0391413301551692	0.0351541278226776
"GSE319536_BC10"	"ATCATTGTCCATGCCA-1"	4	0	"baseline"	0.0352493024465321	0.0352194148438961	0.0351541278226776
"GSE319536_BC10"	"ATCCACATGTTGGACC-1"	4	0	"baseline"	0.0241829133537702	0.0181341699383062	0.0351541278226776
"GSE319536_BC10"	"ATCCGAGTACCACGTG-1"	4	0.0421480650588895	"baseline"	0.0239154050086523	0.0177211675079454	0.0351541278226776
"GSE319536_BC10"	"ATCCGATGACCTCGGA-1"	4	0.0581043185642176	"baseline"	0.044243992798473	0.0491061927463077	0.0351541278226776
"GSE319536_BC10"	"ATCCGTGGAACTTCAA-1"	4	0	"baseline"	0.0341189778205432	0.0334743223032342	0.0351541278226776
"GSE319536_BC10"	"ATCGCAGTAACTTATT-1"	4	0.0721256309590578	"baseline"	0.0383604651263089	0.0400226958309964	0.0351541278226776
"GSE319536_BC10"	"ATCGTCACCATGTCAC-1"	4	0.0539259674705552	"baseline"	0.0326457535470483	0.0311998317442513	0.0351541278226776
"GSE319536_BC10"	"ATCTCCTTGCGATACA-1"	4	0.0359226023555805	"baseline"	0.0180542004758959	0.00867213497850065	0.0351541278226776
"GSE319536_BC10"	"ATCTGTACGCGTCTCC-1"	4	0.0517947279865395	"baseline"	0.0419251925857028	0.04552622920172	0.0351541278226776
"GSE319536_BC10"	"ATCTTAGACGCCTACT-1"	4	0.0111048794167134	"baseline"	0.0152339046093235	0.00431791923724061	0.0351541278226776
"GSE319536_BC10"	"ATGACCTCACTTAACC-1"	4	0.0723219293325855	"baseline"	0.0442564803154321	0.0491254720508506	0.0351541278226776
"GSE319536_BC10"	"ATGAGCTACATGGAAG-1"	4	0	"baseline"	0.0252563705843464	0.0197914656945223	0.0351541278226776
"GSE319536_BC10"	"ATGCATGCCTGCGATG-1"	4	0.0468031407739765	"baseline"	0.0416693604473513	0.0451312535053281	0.0351541278226776
"GSE319536_BC10"	"ATGCTTACTCTAGGAA-1"	4	0.0444195176668536	"baseline"	0.0406552378428112	0.0435655636567583	0.0351541278226776
"GSE319536_BC10"	"ATGCTTGGACGAACTT-1"	4	0.0166573191250701	"baseline"	0.0538984448373371	0.0640115675827258	0.0351541278226776
"GSE319536_BC10"	"ATGGAGTAATCGGACC-1"	4	0.0609927089175547	"baseline"	0.037251464638371	0.0383105253318377	0.0351541278226776
"GSE319536_BC10"	"ATGTACTCTGCAGCAC-1"	4	0.0743129556926528	"baseline"	0.0444862233819887	0.0494801691905029	0.0351541278226776
"GSE319536_BC10"	"ATGTATCGGAATACGG-1"	4	0.050084127874369	"baseline"	0.022590250899886	0.0156752804262479	0.0351541278226776
"GSE319536_BC10"	"ATGTGAATCCATACGA-1"	4	0.03771733034212	"baseline"	0.0178480005413129	0.00835378575434661	0.0351541278226776
"GSE319536_BC10"	"ATGTGCGTCTGAACAG-1"	4	0	"baseline"	0.0399603294717921	0.0424927042437839	0.0351541278226776
"GSE319536_BC10"	"ATTAAGAACAGCTCCG-1"	4	0	"baseline"	0.051807017333359	0.0607826416152552	0.0351541278226776
"GSE319536_BC10"	"ATTACTCCGTGAAGCG-1"	4	0.0439147504206394	"baseline"	0.0287298983017012	0.0251541970461769	0.0351541278226776
"GSE319536_BC10"	"ATTACTGTCGCATATT-1"	4	0.00673022994952328	"baseline"	0.0455162210262703	0.0510703682931389	0.0351541278226776
"GSE319536_BC10"	"ATTAGTTCACAGACTC-1"	4	0.0583567021873247	"baseline"	0.0186457969702449	0.00958549261544214	0.0351541278226776
"GSE319536_BC10"	"ATTATCACAACTCGGC-1"	4	0.0757431295569265	"baseline"	0.0516668180884107	0.0605661899420452	0.0351541278226776
"GSE319536_BC10"	"ATTCACATCTTATTCT-1"	4	0.0375771172181716	"baseline"	0.0530830871754645	0.0627527481772294	0.0351541278226776
"GSE319536_BC10"	"ATTCACCTGACCAGTT-1"	4	0	"baseline"	0.0300348059829711	0.0271688259487755	0.0351541278226776
"GSE319536_BC10"	"ATTCACGTCGCAGGCT-1"	4	0.0475322490185081	"baseline"	0.0372591297033262	0.038322359319499	0.0351541278226776
"GSE319536_BC10"	"ATTCAGCTCCTACTAA-1"	4	0.0302579921480651	"baseline"	0.0289799422867374	0.0255402364928024	0.0351541278226776
"GSE319536_BC10"	"ATTCATAGCGAAGCGT-1"	4	0.0618620302860348	"baseline"	0.0285746655999725	0.0249145354271827	0.0351541278226776
"GSE319536_BC10"	"ATTCCGGTTACATACC-1"	4	0.0668255748738082	"baseline"	0.0515349166092769	0.0603625490745934	0.0351541278226776
"GSE319536_BC10"	"ATTCGCTCGCGGAGGC-1"	4	0.0413909141895681	"baseline"	0.0429683013659723	0.0471366704056833	0.0351541278226776
"GSE319536_BC10"	"ATTGCATATTGTTATC-1"	4	0	"baseline"	0.024310894509398	0.0183317582725743	0.0351541278226776
"GSE319536_BC10"	"ATTGCCTGATGTGCGG-1"	4	0.0247055524397084	"baseline"	0.0225905233548015	0.0156757010656197	0.0351541278226776
"GSE319536_BC10"	"CAACGCTTGCTCCTAC-1"	4	0.0252383623107123	"baseline"	0.0378810019933378	0.0392824593381941	0.0351541278226776
"GSE319536_BC10"	"CAACGGCACTCAGTCC-1"	4	0.037016264722378	"baseline"	0.032326303185934	0.0307066367545336	0.0351541278226776
"GSE319536_BC10"	"CAACTGCTGGAGTTAT-1"	4	0.0320246775098149	"baseline"	0.0400882591637136	0.0426902131239484	0.0351541278226776
"GSE319536_BC10"	"CAAGACCACTATCGAA-1"	4	0.0247616376892877	"baseline"	0.032935209649246	0.0316467190128996	0.0351541278226776
"GSE319536_BC10"	"CAATAATCGTAGGATA-1"	4	0.041138530566461	"baseline"	0.0244235243441774	0.0185056459151243	0.0351541278226776
"GSE319536_BC10"	"CAATTGAACCGGCTCG-1"	4	0.0606281547952888	"baseline"	0.0418638690387837	0.0454315526266592	0.0351541278226776
"GSE319536_BC10"	"CACCTCGAGCGATGCT-1"	4	0.00706674144699944	"baseline"	0.0379270559558831	0.0393535614133483	0.0351541278226776
"GSE319536_BC10"	"CACGAGGTATAGGTAT-1"	4	0.0561974200785194	"baseline"	0.0252265155801643	0.0197453729669097	0.0351541278226776
"GSE319536_BC10"	"CACGATCATACAATTA-1"	4	0.0168816601233876	"baseline"	0.031210757725471	0.0289843615629089	0.0351541278226776
"GSE319536_BC10"	"CACGCCACAATCGCAC-1"	4	0.0795569265283231	"baseline"	0.0446592655533588	0.0497473266031034	0.0351541278226776
"GSE319536_BC10"	"CACGGCTTACTCCGTT-1"	4	0.00457094784071789	"baseline"	0.0134802788186552	0.00161052065806693	0.0351541278226776
"GSE319536_BC10"	"CACGTAGGTAGGCTGA-1"	4	0.084828939988783	"baseline"	0.0581662119333385	0.0706005141147879	0.0351541278226776
"GSE319536_BC10"	"CACGTCCACGACCTAT-1"	4	0.0348008973639933	"baseline"	0.0540837928890559	0.0642977238736212	0.0351541278226776
"GSE319536_BC10"	"CACGTTGCACATACCG-1"	4	0.0186203028603477	"baseline"	0.0180561954513326	0.00867521499345672	0.0351541278226776
"GSE319536_BC10"	"CACTACTGGCTGAACC-1"	4	0.0838754907459338	"baseline"	0.0296857367452681	0.0266299027855674	0.0351541278226776
"GSE319536_BC10"	"CACTTGACATTCAGAA-1"	4	0.0330622546270331	"baseline"	0.0265667636912477	0.0218145634698074	0.0351541278226776
"GSE319536_BC10"	"CAGACGCAGTAGGTCT-1"	4	0.0421200224340998	"baseline"	0.0277557327241536	0.0236501962983735	0.0351541278226776
"GSE319536_BC10"	"CAGAGTCATGTACAGG-1"	4	0.0708356702187325	"baseline"	0.0266505980687385	0.0219439942045242	0.0351541278226776
"GSE319536_BC10"	"CAGATTCCGTATGCGA-1"	4	0.0329781267526641	"baseline"	0.0277858420195901	0.0236966816227332	0.0351541278226776
"GSE319536_BC10"	"CAGATTGCCTGTAAGT-1"	4	0	"baseline"	0.046181561984407	0.0520975789867265	0.0351541278226776
"GSE319536_BC10"	"CAGCCAGTCCTGTCGG-1"	4	0.00308468872686484	"baseline"	0.0395087838858264	0.0417955692652832	0.0351541278226776
"GSE319536_BC10"	"CAGCTCCTCGGATTCT-1"	4	0.0487100392596747	"baseline"	0.0478827129583554	0.0547239624228828	0.0351541278226776
"GSE319536_BC10"	"CAGGACATGGTAATGC-1"	4	0.0319966348850252	"baseline"	0.0239612107344968	0.0177918863338942	0.0351541278226776
"GSE319536_BC10"	"CAGGCGAGGTCTTGGA-1"	4	0.0599831744251262	"baseline"	0.0416942537447949	0.0451696859226023	0.0351541278226776
"GSE319536_BC10"	"CAGTATGCGTGGCGCT-1"	4	0.0379136287156478	"baseline"	0.0450867230975199	0.0504072723873621	0.0351541278226776
"GSE319536_BC10"	"CAGTCAGCCGATCCGG-1"	4	0.0166012338754907	"baseline"	0.0319560399830842	0.0301349925219667	0.0351541278226776
"GSE319536_BC10"	"CATAGAACATTGAACA-1"	4	0.0740886146943354	"baseline"	0.0304695017460532	0.0278399467190129	0.0351541278226776
"GSE319536_BC10"	"CATCAGATACTAATCG-1"	4	0.0516825574873808	"baseline"	0.0411885774216786	0.0443889792484577	0.0351541278226776
"GSE319536_BC10"	"CATCAGGTGCCTGATA-1"	4	0	"baseline"	0.0379224575223653	0.0393464619555057	0.0351541278226776
"GSE319536_BC10"	"CATGCATATTCTGCCT-1"	4	0.00538418395961862	"baseline"	0.024679880201422	0.0189014301738643	0.0351541278226776
"GSE319536_BC10"	"CATGTTACCGAAGGCG-1"	4	0.0377453729669097	"baseline"	0.03141001914154	0.0292919985043933	0.0351541278226776
"GSE319536_BC10"	"CATTAACTATTGTTCC-1"	4	0.0682277061132922	"baseline"	0.031466938000659	0.0293798747429426	0.0351541278226776
"GSE319536_BC10"	"CCACGAACGCTGCCGC-1"	4	0.0274256870443073	"baseline"	0.031895824419488	0.0300420265470181	0.0351541278226776
"GSE319536_BC10"	"CCACGTCGGTCGCTTC-1"	4	0.0413348289399888	"baseline"	0.0282081380567415	0.0243486586277809	0.0351541278226776
"GSE319536_BC10"	"CCACGTGGACTGCGGT-1"	4	0.074649467190129	"baseline"	0.0267454244884302	0.0220903954010095	0.0351541278226776
"GSE319536_BC10"	"CCAGACAATATCGTTA-1"	4	0.0329781267526641	"baseline"	0.027649989944182	0.0234869414843896	0.0351541278226776
"GSE319536_BC10"	"CCAGATAGACGAGGTG-1"	4	0.0585530005608525	"baseline"	0.0468439089657504	0.0531201673209946	0.0351541278226776
"GSE319536_BC10"	"CCAGCACTCGACTGAC-1"	4	0.0457375210319686	"baseline"	0.037008244135329	0.0379350205645915	0.0351541278226776
"GSE319536_BC10"	"CCGACAACGTCATCGG-1"	4	0.0426247896803141	"baseline"	0.0415992547703234	0.0450230183211815	0.0351541278226776
"GSE319536_BC10"	"CCGACAGACTGTGCCT-1"	4	0.0395401009534492	"baseline"	0.0416474671812547	0.0450974527949149	0.0351541278226776
"GSE319536_BC10"	"CCGGAGAAGCTAACCA-1"	4	0.0202467750981492	"baseline"	0.0450562293379249	0.0503601934941111	0.0351541278226776
"GSE319536_BC10"	"CCGGCATAGGCAAGTG-1"	4	0.0107683679192372	"baseline"	0.0301152679740637	0.027293050102823	0.0351541278226776
"GSE319536_BC10"	"CCGGCGCAGCATGCGA-1"	4	0.0288278182837914	"baseline"	0.0386531876602154	0.0404746260983361	0.0351541278226776
"GSE319536_BC10"	"CCGTATAATCTGGCCG-1"	4	0	"baseline"	0.0403551045352039	0.0431021919985044	0.0351541278226776
"GSE319536_BC10"	"CCGTCTTATGGACGAG-1"	4	0.0385305664610208	"baseline"	0.0443880276031757	0.0493285660871191	0.0351541278226776
"GSE319536_BC10"	"CCGTGAAGGATAACAG-1"	4	0.0694615816040381	"baseline"	0.0480151169654444	0.0549283791362871	0.0351541278226776
"GSE319536_BC10"	"CCTAAGCATGCCTTGT-1"	4	0.0767246214245653	"baseline"	0.0319849353405084	0.0301796036642363	0.0351541278226776
"GSE319536_BC10"	"CCTACCACTCCAGTTA-1"	4	0.0393998878295008	"baseline"	0.0238711159485038	0.0176527902411666	0.0351541278226776
"GSE319536_BC10"	"CCTACGAGCTGGCCGG-1"	4	0.0780145821648906	"baseline"	0.0352291710555555	0.0351883342680875	0.0351541278226776
"GSE319536_BC10"	"CCTAGCCTAGTACCGG-1"	4	0.0455692652832305	"baseline"	0.0315296873949691	0.0294767526640494	0.0351541278226776
"GSE319536_BC10"	"CCTATGCCAGCAATCC-1"	4	0.0543185642176108	"baseline"	0.0562516924332534	0.0676447139652271	0.0351541278226776
"GSE319536_BC10"	"CCTATGTCTTACCGGC-1"	4	0.0706674144699944	"baseline"	0.0331027785040919	0.0319054262478968	0.0351541278226776
"GSE319536_BC10"	"CCTCGATAGAATAGGA-1"	4	0.0771733034212002	"baseline"	0.042067044723805	0.0457452327537857	0.0351541278226776
"GSE319536_BC10"	"CCTCGGATCTTGCGGT-1"	4	0.0294447560291643	"baseline"	0.0358193205115756	0.0360994578425874	0.0351541278226776
"GSE319536_BC10"	"CCTCTACCGTGATTGG-1"	4	0.0839035333707235	"baseline"	0.0455258084120181	0.0510851701252571	0.0351541278226776
"GSE319536_BC10"	"CCTGTCTGCATAGGTC-1"	4	0.0447279865395401	"baseline"	0.0409072132304704	0.0439545849691531	0.0351541278226776
"GSE319536_BC10"	"CCTTGTGATGGTCTAG-1"	4	0.0319125070106562	"baseline"	0.0308921035381653	0.0284923957749112	0.0351541278226776
"GSE319536_BC10"	"CGAACCAGAAGTCTGG-1"	4	0.045961862030286	"baseline"	0.0554880679052753	0.0664657646289026	0.0351541278226776
"GSE319536_BC10"	"CGACAATTATTCTGTC-1"	4	0.048681996634885	"baseline"	0.0433953562823139	0.0477959945784259	0.0351541278226776
"GSE319536_BC10"	"CGACCAGAAGGATCCG-1"	4	0.044475602916433	"baseline"	0.0408031717800821	0.0437939568143578	0.0351541278226776
"GSE319536_BC10"	"CGAGGAAGACTTAGAT-1"	4	0.0469433538979248	"baseline"	0.0441017864689807	0.0488866423630585	0.0351541278226776
"GSE319536_BC10"	"CGAGGAGCGTTCGTTA-1"	4	0.0815199102636007	"baseline"	0.022827659031398	0.0160418115535614	0.0351541278226776
"GSE319536_BC10"	"CGAGGAGTCTAAGGAT-1"	4	0.0560291643297813	"baseline"	0.0342794265202647	0.0337220368293139	0.0351541278226776
"GSE319536_BC10"	"CGATAAGGTGCCTGAC-1"	4	0.044559730790802	"baseline"	0.0456848464007329	0.0513307066741447	0.0351541278226776
"GSE319536_BC10"	"CGCACGGCTGTCAGGT-1"	4	0.0374088614694335	"baseline"	0.0446874373916186	0.0497908207141522	0.0351541278226776
"GSE319536_BC10"	"CGCCTTGTGAAGTCTA-1"	4	0.0613011777902412	"baseline"	0.0541323716004846	0.0643727238736213	0.0351541278226776
"GSE319536_BC10"	"CGCTAGCCGCATGCAT-1"	4	0.0589736399326977	"baseline"	0.0352664489425458	0.0352458870816975	0.0351541278226776
"GSE319536_BC10"	"CGCTCGGTACTGCGAA-1"	4	0.0467750981491868	"baseline"	0.0421523685215004	0.0458769629837353	0.0351541278226776
"GSE319536_BC10"	"CGCTGCTTCGCATACT-1"	4	0.0348008973639933	"baseline"	0.0228652245096879	0.0160998083753973	0.0351541278226776
"GSE319536_BC10"	"CGCTGTGACATAGGCA-1"	4	0.0413067863151991	"baseline"	0.0342636059715063	0.0336976117031221	0.0351541278226776
"GSE319536_BC10"	"CGCTTATGGTTAGGAT-1"	4	0.0196859226023556	"baseline"	0.0343050978278559	0.0337616704056833	0.0351541278226776
"GSE319536_BC10"	"CGGAGTGGTCAAGTAT-1"	4	0.0416432978126753	"baseline"	0.0469597749594702	0.053299051224528	0.0351541278226776
"GSE319536_BC10"	"CGGCAACCACTAGCAT-1"	4	0.0360067302299495	"baseline"	0.0509763174324685	0.0595001355393532	0.0351541278226776
"GSE319536_BC10"	"CGGCAACCTAAGTCCA-1"	4	0.0450644980370163	"baseline"	0.0390998320849795	0.0411641942419144	0.0351541278226776
"GSE319536_BC10"	"CGGCAATCAACGTGGA-1"	4	0	"baseline"	0.0217719234794348	0.0144118760515984	0.0351541278226776
"GSE319536_BC10"	"CGGCATTATCGCGTGG-1"	4	0.0758272574312956	"baseline"	0.0440186180923944	0.0487582398579174	0.0351541278226776
"GSE319536_BC10"	"CGTACAGGCCGCACTG-1"	4	0.0769770050476725	"baseline"	0.0296687839949721	0.026603729669097	0.0351541278226776
"GSE319536_BC10"	"CGTAGCCTTGAGCAAG-1"	4	0	"baseline"	0.0256000785147682	0.0203221116096467	0.0351541278226776
"GSE319536_BC10"	"CGTCAAGGCGGAATGT-1"	4	0.0722658440830062	"baseline"	0.0501803373696397	0.0582712329407366	0.0351541278226776
"GSE319536_BC10"	"CGTCAGAACGTTGCCG-1"	4	0	"baseline"	0.0356368725910681	0.0358177790241167	0.0351541278226776
"GSE319536_BC10"	"CTAAGCGTGCCTGCAA-1"	4	0.0333987661245093	"baseline"	0.0294587363915272	0.0262794400822584	0.0351541278226776
"GSE319536_BC10"	"CTAAGCTCCACGATCA-1"	4	0	"baseline"	0.0269491238923445	0.0224048840904842	0.0351541278226776
"GSE319536_BC10"	"CTAAGCTTACAGTACG-1"	4	0.0236399326977005	"baseline"	0.0279237163159264	0.0239095438399701	0.0351541278226776
"GSE319536_BC10"	"CTAATGAGCGAGGCTA-1"	4	0.0187605159842961	"baseline"	0.0382956148018729	0.0399225743129557	0.0351541278226776
"GSE319536_BC10"	"CTACAGAACCAGTTGA-1"	4	0	"baseline"	0.033227284345909	0.0320976490932885	0.0351541278226776
"GSE319536_BC10"	"CTACAGAATTAATGAC-1"	4	0	"baseline"	0.0478082419481264	0.0546089876612451	0.0351541278226776
"GSE319536_BC10"	"CTACAGCGTCTACACT-1"	4	0.0459057767807067	"baseline"	0.0450758370100084	0.0503904655075715	0.0351541278226776
"GSE319536_BC10"	"CTAGGCCAGGAGTACG-1"	4	0.00894559730790802	"baseline"	0.0391193913206335	0.0411943914750421	0.0351541278226776
"GSE319536_BC10"	"CTATCGGATATCGGAG-1"	4	0.0736118900729108	"baseline"	0.0470632351727055	0.0534587820153299	0.0351541278226776
"GSE319536_BC10"	"CTATGCCGTACAGCGT-1"	4	0.0225743129556927	"baseline"	0.0375334191485626	0.0387458309964479	0.0351541278226776
"GSE319536_BC10"	"CTATGTAGGCCGAACG-1"	4	0.0482333146382501	"baseline"	0.0357334487767725	0.0359668816601234	0.0351541278226776
"GSE319536_BC10"	"CTATTCCGGCCGTCGG-1"	4	0.0276500280426248	"baseline"	0.0491206270031875	0.0566351607777155	0.0351541278226776
"GSE319536_BC10"	"CTCCTTATCTTAAGAC-1"	4	0.0488782950084128	"baseline"	0.0373195299308096	0.0384156103944663	0.0351541278226776
"GSE319536_BC10"	"CTCGACAGCACTCGGA-1"	4	0.0400168255748738	"baseline"	0.0410646528170145	0.0441976537670593	0.0351541278226776
"GSE319536_BC10"	"CTCGACTCCTAATGGA-1"	4	0.0771172181716209	"baseline"	0.0520402114955116	0.0611426668536175	0.0351541278226776
"GSE319536_BC10"	"CTCGATGCGGTGTTAA-1"	4	0	"baseline"	0.0200173289601781	0.0117029818657693	0.0351541278226776
"GSE319536_BC10"	"CTGAAGGTGCTCGAGG-1"	4	0.0461020751542344	"baseline"	0.0408778365360288	0.0439092306973266	0.0351541278226776
"GSE319536_BC10"	"CTGACTCCGAATCTGC-1"	4	0.0325574873808188	"baseline"	0.0356661584672045	0.0358629930828192	0.0351541278226776
"GSE319536_BC10"	"CTGACTGTGGCCGGTT-1"	4	0	"baseline"	0.0349961191754143	0.0348285286969527	0.0351541278226776
"GSE319536_BC10"	"CTGCCGTGAAGTCGCA-1"	4	0.038250140213124	"baseline"	0.0363412654204225	0.036905281361002	0.0351541278226776
"GSE319536_BC10"	"CTGGTGCGTTCACGAG-1"	4	0.0675546831183399	"baseline"	0.0392959421058595	0.0414669657879978	0.0351541278226776
"GSE319536_BC10"	"CTGGTGGCCAATAAGT-1"	4	0.0402411665731913	"baseline"	0.030185252560018	0.0274010983361376	0.0351541278226776
"GSE319536_BC10"	"CTGTCACTCGGCCTTA-1"	4	0.0440549635445878	"baseline"	0.0337264338601614	0.0328682791175921	0.0351541278226776
"GSE319536_BC10"	"CTGTTCCAGAAGCTGA-1"	4	0.0760235558048233	"baseline"	0.0399392868704871	0.0424602168629651	0.0351541278226776
"GSE319536_BC10"	"CTTAGCTACGCAAGGT-1"	4	0	"baseline"	0.0382972828314109	0.0399251495606655	0.0351541278226776
"GSE319536_BC10"	"CTTAGTGCGTTGACGC-1"	4	0	"baseline"	0.0391240200269197	0.0412015376705927	0.0351541278226776
"GSE319536_BC10"	"CTTCCGACGCACAACC-1"	4	0.0424845765563657	"baseline"	0.0230766162240491	0.0164261731164704	0.0351541278226776
"GSE319536_BC10"	"CTTCCGTCGCTGCATC-1"	4	0.054823331463825	"baseline"	0.038740270305754	0.0406090717891195	0.0351541278226776
"GSE319536_BC10"	"CTTCGATAACATTGGT-1"	4	0.0356421761076837	"baseline"	0.0352892292007561	0.0352810572069546	0.0351541278226776
"GSE319536_BC10"	"CTTCGATACTCCGACC-1"	4	0.0737801458216489	"baseline"	0.0421177606926817	0.0458235324359693	0.0351541278226776
"GSE319536_BC10"	"CTTGATGCAATCACAA-1"	4	0	"baseline"	0.0422318466476204	0.0459996681622733	0.0351541278226776
"GSE319536_BC10"	"CTTGGACAGGTTAGAA-1"	4	0	"baseline"	0.0141910743385232	0.00270790802019069	0.0351541278226776
"GSE319536_BC10"	"GAACAGATAACCTTAA-1"	4	0.0375771172181716	"baseline"	0.0310143964406134	0.0286812020938493	0.0351541278226776
"GSE319536_BC10"	"GAACTAACTCTACGTG-1"	4	0.0427089175546831	"baseline"	0.0418047856767252	0.0453403346419892	0.0351541278226776
"GSE319536_BC10"	"GAACTACCTTATCATA-1"	4	0.0414469994391475	"baseline"	0.0334475338722998	0.0324376892877173	0.0351541278226776
"GSE319536_BC10"	"GAACTGTAACTCAGGC-1"	4	0.0456533931575996	"baseline"	0.0305853041669594	0.0280187324733595	0.0351541278226776
"GSE319536_BC10"	"GAACTTGGTGAGGATA-1"	4	0.0960179472798654	"baseline"	0.0407482751418913	0.0437092026547018	0.0351541278226776
"GSE319536_BC10"	"GACAACTTAACCAACC-1"	4	0.0453449242849131	"baseline"	0.0255226619641752	0.0202025892690222	0.0351541278226776
"GSE319536_BC10"	"GACAAGCTGAATCTGG-1"	4	0.0253785754346607	"baseline"	0.0388909530103943	0.0408417087306038	0.0351541278226776
"GSE319536_BC10"	"GACAGTCACTTCGCTC-1"	4	0.0372406057206955	"baseline"	0.0534921086036787	0.0633842306973266	0.0351541278226776
"GSE319536_BC10"	"GACCGAATCTAATACG-1"	4	0.0464105440269209	"baseline"	0.0381268471453989	0.0396620162647224	0.0351541278226776
"GSE319536_BC10"	"GACGCAGCGTCAAGTT-1"	4	0	"baseline"	0.0341806192315303	0.0335694896242288	0.0351541278226776
"GSE319536_BC10"	"GACGGCTTAGGTGCGA-1"	4	0.0430454290521593	"baseline"	0.0523254748192878	0.0615830809497102	0.0351541278226776
"GSE319536_BC10"	"GACTACGAGTTCCATT-1"	4	0.0743690409422322	"baseline"	0.0564360868927681	0.0679293980183212	0.0351541278226776
"GSE319536_BC10"	"GAGCCAGCTTACGGTA-1"	4	0	"baseline"	0.0333188503884455	0.0322390166386241	0.0351541278226776
"GSE319536_BC10"	"GAGCTACAGCTCGGTA-1"	4	0.042372406057207	"baseline"	0.0402302293656125	0.0429093989530754	0.0351541278226776
"GSE319536_BC10"	"GAGGATCCAGAACTGG-1"	4	0.061581604038138	"baseline"	0.0465696104386835	0.0526966816227332	0.0351541278226776
"GSE319536_BC10"	"GAGGATGATAGGAAGG-1"	4	0.0455973079080202	"baseline"	0.0387957088264989	0.0406946625537484	0.0351541278226776
"GSE319536_BC10"	"GAGGTATTAATAGCGG-1"	4	0.042456533931576	"baseline"	0.0375462850751266	0.0387656945223406	0.0351541278226776
"GSE319536_BC10"	"GAGGTGCATTCGGATC-1"	4	0.0488502523836231	"baseline"	0.0441595559928913	0.0489758319312021	0.0351541278226776
"GSE319536_BC10"	"GAGTAGGATGGTAGTC-1"	4	0	"baseline"	0.0453212401796511	0.0507693400635633	0.0351541278226776
"GSE319536_BC10"	"GAGTCTGGTGAATGAG-1"	4	0.0483454851374089	"baseline"	0.042847455501853	0.0469500981491868	0.0351541278226776
"GSE319536_BC10"	"GAGTGCCGCATTAGGC-1"	4	0	"baseline"	0.0346183119986827	0.0342452374275565	0.0351541278226776
"GSE319536_BC10"	"GAGTTAATCTCGTTAT-1"	4	0.02192933258553	"baseline"	0.0390635501720691	0.041108179098897	0.0351541278226776
"GSE319536_BC10"	"GATAGATGTTGAAGAT-1"	4	0	"baseline"	0.0276106716726025	0.0234262385492615	0.0351541278226776
"GSE319536_BC10"	"GATCCACCGCGTGCAA-1"	4	0.0284071789119462	"baseline"	0.0310645160359529	0.0287585810431856	0.0351541278226776
"GSE319536_BC10"	"GATCGTAACATTAATA-1"	4	0	"baseline"	0.0231032956148275	0.0164673630585156	0.0351541278226776
"GSE319536_BC10"	"GATTCCGCTGCAAGAT-1"	4	0.0323611890072911	"baseline"	0.0362711294706263	0.0367969994391475	0.0351541278226776
"GSE319536_BC10"	"GCAACATACATCAGCA-1"	4	0.07192933258553	"baseline"	0.0438987803114623	0.0485732239670966	0.0351541278226776
"GSE319536_BC10"	"GCAATTCCTATCATAC-1"	4	0	"baseline"	0.0318204482534842	0.0299256543279118	0.0351541278226776
"GSE319536_BC10"	"GCACAGCTGTGGTTGA-1"	4	0.0538979248457656	"baseline"	0.0412233123961244	0.0444426060945971	0.0351541278226776
"GSE319536_BC10"	"GCACCTTACTGGCTAC-1"	4	0.0508973639932698	"baseline"	0.0394048211446359	0.0416350626285287	0.0351541278226776
"GSE319536_BC10"	"GCACGCATAGGCGATC-1"	4	0	"baseline"	0.0352248148041848	0.0351816087119088	0.0351541278226776
"GSE319536_BC10"	"GCACTGAATATGACAG-1"	4	0	"baseline"	0.0402195794056944	0.042892956627407	0.0351541278226776
"GSE319536_BC10"	"GCAGATCCTAATGTGG-1"	4	0.0406337633202468	"baseline"	0.0419911297025239	0.0456280286034773	0.0351541278226776
"GSE319536_BC10"	"GCAGGCCATTCCTGCC-1"	4	0.0379977565900168	"baseline"	0.0620707572724166	0.0766286876051598	0.0351541278226776
"GSE319536_BC10"	"GCATGACGGATTATCA-1"	4	0.0370443073471677	"baseline"	0.0414865159535779	0.0448489624228828	0.0351541278226776
"GSE319536_BC10"	"GCATTACCTGTCAAGA-1"	4	0.0512619181155356	"baseline"	0.0348216148293312	0.0345591138530566	0.0351541278226776
"GSE319536_BC10"	"GCCAGACATCTATCAC-1"	4	0	"baseline"	0.0263391942094612	0.0214632220975883	0.0351541278226776
"GSE319536_BC10"	"GCCAGTAGACGATACC-1"	4	0.0281267526640494	"baseline"	0.0432189296154383	0.0475236118900729	0.0351541278226776
"GSE319536_BC10"	"GCCAGTTCCTCGTGCC-1"	4	0.0597307908020191	"baseline"	0.0462585395798584	0.0522164236305851	0.0351541278226776
"GSE319536_BC10"	"GCCGAGTCCTCGTCCA-1"	4	0.0212002243409983	"baseline"	0.0332638447682885	0.0321540942232193	0.0351541278226776
"GSE319536_BC10"	"GCCGCTGATTGGCCAG-1"	4	0.0101233875490746	"baseline"	0.0463408754553141	0.0523435408487568	0.0351541278226776
"GSE319536_BC10"	"GCCGGTATGCTCATGC-1"	4	0.0515984296130118	"baseline"	0.043127378709286	0.0473822677135914	0.0351541278226776
"GSE319536_BC10"	"GCCTCCTGCGGCCGTT-1"	4	0.0655356141334829	"baseline"	0.0398866425262642	0.0423789399887829	0.0351541278226776
"GSE319536_BC10"	"GCCTTGGCGAACAATC-1"	4	0.0448401570386988	"baseline"	0.0265854510711723	0.0218434146569452	0.0351541278226776
"GSE319536_BC10"	"GCGAATCGAGAACACG-1"	4	0.0419237240605721	"baseline"	0.0592268789192717	0.0722380631893812	0.0351541278226776
"GSE319536_BC10"	"GCGACACTAAGCTAAG-1"	4	0.0462983735277622	"baseline"	0.0310957908329723	0.0288068657693027	0.0351541278226776
"GSE319536_BC10"	"GCGAGCGGACCATAAC-1"	4	0.0565619742007852	"baseline"	0.0278799540019479	0.0238419798093102	0.0351541278226776
"GSE319536_BC10"	"GCGTACCGTGTATCAG-1"	4	0.0211721817162086	"baseline"	0.0254428326739419	0.0200793419330716	0.0351541278226776
"GSE319536_BC10"	"GCGTCGGAATGCTGCC-1"	4	0.0223499719573752	"baseline"	0.0414481603560331	0.0447897457468686	0.0351541278226776
"GSE319536_BC10"	"GCTACTTCTGACGCGA-1"	4	0.0638250140213124	"baseline"	0.0390432734718043	0.0410768741820901	0.0351541278226776
"GSE319536_BC10"	"GCTCATACAATTAGAC-1"	4	0.0410824453168817	"baseline"	0.0413104525599229	0.0445771405870256	0.0351541278226776
"GSE319536_BC10"	"GCTGTAGTGCTGTCGC-1"	4	0	"baseline"	0.0445070601284687	0.0495123387549074	0.0351541278226776
"GSE319536_BC10"	"GCTTCGGCATCAGAGT-1"	4	0.0461301177790241	"baseline"	0.0439924593932322	0.0487178538044494	0.0351541278226776
"GSE319536_BC10"	"GCTTCTAGCGTTCATT-1"	4	0.044559730790802	"baseline"	0.0412349643846761	0.0444605954383997	0.0351541278226776
"GSE319536_BC10"	"GCTTCTTGGACGAGCG-1"	4	0.0437184520471116	"baseline"	0.0366402756083227	0.0373669190502898	0.0351541278226776
"GSE319536_BC10"	"GCTTGCCATAGTGGAT-1"	4	0.0669377453729669	"baseline"	0.043696412909357	0.0482607917367732	0.0351541278226776
"GSE319536_BC10"	"GCTTGGATGCTCGCTT-1"	4	0.0812675266404936	"baseline"	0.0523725398922972	0.0616557440643111	0.0351541278226776
"GSE319536_BC10"	"GGAAGAATAACTAACC-1"	4	0.0293325855300056	"baseline"	0.0317385937150458	0.0297992802392971	0.0351541278226776
"GSE319536_BC10"	"GGACGGTGCAGTAGGA-1"	4	0.0764441951766685	"baseline"	0.0250510092054477	0.0194744111048794	0.0351541278226776
"GSE319536_BC10"	"GGAGCGGCACCTCGTA-1"	4	0.0393157599551318	"baseline"	0.0433248267865286	0.0476871050663675	0.0351541278226776
"GSE319536_BC10"	"GGAGTGTCCATGTATT-1"	4	0.0751822770611329	"baseline"	0.0271308664573487	0.0226854739203589	0.0351541278226776
"GSE319536_BC10"	"GGATAATTCAATGCTG-1"	4	0.0825014021312395	"baseline"	0.0434451398499243	0.0478728547392036	0.0351541278226776
"GSE319536_BC10"	"GGCAAGACAATCAGCT-1"	4	0.0159001682557487	"baseline"	0.0235043946595551	0.0170866143204337	0.0351541278226776
"GSE319536_BC10"	"GGCAATGCGAACTTAA-1"	4	0.0604318564217611	"baseline"	0.0351058519062591	0.0349979435408487	0.0351541278226776
"GSE319536_BC10"	"GGCACGACGGACGTCG-1"	4	0	"baseline"	0.0444019470220795	0.0493500560852496	0.0351541278226776
"GSE319536_BC10"	"GGCAGCGTATACGACT-1"	4	0	"baseline"	0.0314072401014022	0.0292877079828005	0.0351541278226776
"GSE319536_BC10"	"GGCCTTCGACCAGGTA-1"	4	0.0365956253505328	"baseline"	0.038151543669848	0.0397001448868948	0.0351541278226776
"GSE319536_BC10"	"GGCGCCACCGGAGCAA-1"	4	0.0229669097027482	"baseline"	0.0305654361490678	0.0279880585156104	0.0351541278226776
"GSE319536_BC10"	"GGCGGAGCACTGATAA-1"	4	0.0436623667975323	"baseline"	0.0454157547898283	0.0509152598616564	0.0351541278226776
"GSE319536_BC10"	"GGCGTGGCACGGCACT-1"	4	0.0933258553000561	"baseline"	0.0312783204899545	0.029088670779585	0.0351541278226776
"GSE319536_BC10"	"GGCTCAATCAACATGA-1"	4	0.0263039820527201	"baseline"	0.0285926930335463	0.0249423677322864	0.0351541278226776
"GSE319536_BC10"	"GGCTGACGCCGAATCA-1"	4	0.0391475042063937	"baseline"	0.0264179003799874	0.0215847354645728	0.0351541278226776
"GSE319536_BC10"	"GGCTTGCCATAGGCTC-1"	4	0.0465507571508693	"baseline"	0.0503255134577106	0.0584953682931389	0.0351541278226776
"GSE319536_BC10"	"GGTAAGGCGACGATGA-1"	4	0.126612450925407	"baseline"	0.0500520322953901	0.0580731445129931	0.0351541278226776
"GSE319536_BC10"	"GGTACCAGGTAGTGTT-1"	4	0.0414469994391475	"baseline"	0.04227791574655	0.0460707936062816	0.0351541278226776
"GSE319536_BC10"	"GGTAGCCATCAATCCG-1"	4	0.0666292765002804	"baseline"	0.0460619845492832	0.0519129650401945	0.0351541278226776
"GSE319536_BC10"	"GGTGGCTTATTGCGTG-1"	4	0.067891194615816	"baseline"	0.0592433684962115	0.0722635212189194	0.0351541278226776
"GSE319536_BC10"	"GTAACACCGAGCGTTA-1"	4	0.052804262478968	"baseline"	0.0487558976623985	0.0560720601981679	0.0351541278226776
"GSE319536_BC10"	"GTAATCACGCACAGCT-1"	4	0.0497195737521032	"baseline"	0.048034440073505	0.0549582118152926	0.0351541278226776
"GSE319536_BC10"	"GTACAACTCGGCAGAA-1"	4	0.0480931015143017	"baseline"	0.0174860623497691	0.00779499439147504	0.0351541278226776
"GSE319536_BC10"	"GTACCTGAAGTGAATG-1"	4	0.0775659001682558	"baseline"	0.0498516961960435	0.0577638483828753	0.0351541278226776
"GSE319536_BC10"	"GTACGAAGGATTATTG-1"	4	0.0216489063376332	"baseline"	0.0231720904809842	0.0165735744999065	0.0351541278226776
"GSE319536_BC10"	"GTACTTAACTTCAGCG-1"	4	0.0503365114974762	"baseline"	0.0426036053252286	0.0465736212376145	0.0351541278226776
"GSE319536_BC10"	"GTATCTACAGATCTCC-1"	4	0.0309590577678071	"baseline"	0.0422833920903509	0.0460792484576557	0.0351541278226776
"GSE319536_BC10"	"GTATCTGTCAACGGTG-1"	4	0.0882781828379136	"baseline"	0.0408212506773621	0.0438218685735652	0.0351541278226776
"GSE319536_BC10"	"GTATGCTTGCGACTAA-1"	4	0.0317162086371284	"baseline"	0.0405930000582869	0.0434694756029164	0.0351541278226776
"GSE319536_BC10"	"GTATGTAGCTCACCTT-1"	4	0.0319966348850252	"baseline"	0.0481666533621532	0.0551623340811367	0.0351541278226776
"GSE319536_BC10"	"GTATTCCAAGTTACCT-1"	4	0.0795008412787437	"baseline"	0.041444167377883	0.0447835810431856	0.0351541278226776
"GSE319536_BC10"	"GTCAACCTGACGATAG-1"	4	0.0446438586651711	"baseline"	0.024326103548235	0.0183552392970649	0.0351541278226776
"GSE319536_BC10"	"GTCACTTATGAATGCG-1"	4	0.0416993830622546	"baseline"	0.045500754668902	0.0510464899981305	0.0351541278226776
"GSE319536_BC10"	"GTCAGCCATTGTGCGG-1"	4	0.0449242849130679	"baseline"	0.0210465546488659	0.0132919891568517	0.0351541278226776
"GSE319536_BC10"	"GTCAGTGAGGATCGTT-1"	4	0.027986539540101	"baseline"	0.0260296097435638	0.0209852589269022	0.0351541278226776
"GSE319536_BC10"	"GTCCTTCATCAGATCA-1"	4	0.093073471676949	"baseline"	0.0377726345643472	0.039115152364928	0.0351541278226776
"GSE319536_BC10"	"GTCGTGTTCATGTCAG-1"	4	0	"baseline"	0.0422726180120824	0.0460626145073846	0.0351541278226776
"GSE319536_BC10"	"GTCTAATACGGCTAAG-1"	4	0.0816040381379697	"baseline"	0.0245071195667979	0.018634707421948	0.0351541278226776
"GSE319536_BC10"	"GTCTGATATCTGAATT-1"	4	0.0645821648906338	"baseline"	0.0459858848641149	0.0517954757898673	0.0351541278226776
"GSE319536_BC10"	"GTCTTCGATAGGTGTT-1"	4	0.05263600673023	"baseline"	0.0248612776568665	0.019181487193868	0.0351541278226776
"GSE319536_BC10"	"GTCTTGAACAATTACA-1"	4	0.0173864273696018	"baseline"	0.044460318974081	0.049440175733782	0.0351541278226776
"GSE319536_BC10"	"GTCTTGCTGGACGATA-1"	4	0.0418956814357824	"baseline"	0.0422803466498513	0.0460745466442326	0.0351541278226776
"GSE319536_BC10"	"GTGAACATTCAACGAT-1"	4	0.0723219293325855	"baseline"	0.0455952692790793	0.0511924097962236	0.0351541278226776
"GSE319536_BC10"	"GTGACAAGATGCTCAT-1"	4	0.043073471676949	"baseline"	0.0608206009200494	0.0746985885212189	0.0351541278226776
"GSE319536_BC10"	"GTGACTTCCTCACGAC-1"	4	0.0377453729669097	"baseline"	0.0293107207177817	0.0260509207328473	0.0351541278226776
"GSE319536_BC10"	"GTGCCTGACACGTTGG-1"	4	0.0627313516545149	"baseline"	0.0414578143418713	0.0448046504019443	0.0351541278226776
"GSE319536_BC10"	"GTGCTCAATGCAACCT-1"	4	0	"baseline"	0.0212600563751835	0.0136216115161713	0.0351541278226776
"GSE319536_BC10"	"GTGGTTGCCGCTTCAA-1"	4	0.0607403252944476	"baseline"	0.0519476555334489	0.0609997709852309	0.0351541278226776
"GSE319536_BC10"	"GTTAACTCCGACCACT-1"	4	0.0329781267526641	"baseline"	0.0254084306999483	0.0200262292017199	0.0351541278226776
"GSE319536_BC10"	"GTTAGGTACTAACTGG-1"	4	0.0568984856982614	"baseline"	0.0248936543826551	0.0192314731725556	0.0351541278226776
"GSE319536_BC10"	"GTTGACGAACCAGAAC-1"	4	0.0512058328659563	"baseline"	0.0391397618664803	0.0412258412787437	0.0351541278226776
"GSE319536_BC10"	"GTTGACGTCAGATTAG-1"	4	0	"baseline"	0.0275482371150837	0.0233298467003178	0.0351541278226776
"GSE319536_BC10"	"GTTGTCCTGTGATGTA-1"	4	0.0364273696017947	"baseline"	0.0262123694735857	0.0212674191437652	0.0351541278226776
"GSE319536_BC10"	"TAACATGGCCACCTCC-1"	4	0.0553561413348289	"baseline"	0.0213167905704154	0.0137092026547018	0.0351541278226776
"GSE319536_BC10"	"TAACGAGTTGCCAACC-1"	4	0.0572910824453169	"baseline"	0.0376429127245372	0.0389148766124509	0.0351541278226776
"GSE319536_BC10"	"TAACGTCACTATAATC-1"	4	0.0601514301738643	"baseline"	0.0454357923352229	0.0509461955505702	0.0351541278226776
"GSE319536_BC10"	"TAACTCCAACATGGAC-1"	4	0.00650588895120583	"baseline"	0.0282756311938576	0.0244528603477286	0.0351541278226776
"GSE319536_BC10"	"TACAAGCGCCTCTACA-1"	4	0.0416713404374649	"baseline"	0.0377149074223123	0.0390260282295756	0.0351541278226776
"GSE319536_BC10"	"TACAAGCGGAAGTACG-1"	4	0.0619461581604038	"baseline"	0.0437874037692942	0.0484012712656572	0.0351541278226776
"GSE319536_BC10"	"TACAAGTGTCTGTCCG-1"	4	0.0333146382501402	"baseline"	0.0387473147789574	0.0406199476537671	0.0351541278226776
"GSE319536_BC10"	"TACACTTCGAGGTGAC-1"	4	0.0212843522153674	"baseline"	0.0223801336690739	0.0153508833426809	0.0351541278226776
"GSE319536_BC10"	"TACATCGTCAGCGGTT-1"	4	0.0786595625350533	"baseline"	0.0460253363358753	0.0518563843709105	0.0351541278226776
"GSE319536_BC10"	"TACTATGTTGAATCTT-1"	4	0	"baseline"	0.0389136182320847	0.0408767012525706	0.0351541278226776
"GSE319536_BC10"	"TACTCCTACATCAACT-1"	4	0.0339596186203029	"baseline"	0.0419688882995909	0.0455936904094223	0.0351541278226776
"GSE319536_BC10"	"TAGACCGGCCAGTACG-1"	4	0.0759113853056646	"baseline"	0.0423601668582542	0.0461977799588708	0.0351541278226776
"GSE319536_BC10"	"TAGAGGCGATTGATTC-1"	4	0.047195737521032	"baseline"	0.0370398156054785	0.0379837633202468	0.0351541278226776
"GSE319536_BC10"	"TAGCGTATAGCGCTAA-1"	4	0.0182277061132922	"baseline"	0.0310226851245974	0.028693998878295	0.0351541278226776
"GSE319536_BC10"	"TAGCTACCATACTGCT-1"	4	0.0466068424004487	"baseline"	0.0412053122080422	0.0444148158534306	0.0351541278226776
"GSE319536_BC10"	"TAGCTACCTGTAGGAT-1"	4	0	"baseline"	0.0233527765263717	0.0168525331837727	0.0351541278226776
"GSE319536_BC10"	"TAGCTCGAATCGTCCG-1"	4	0.052804262478968	"baseline"	0.0231398409008228	0.0165237848195924	0.0351541278226776
"GSE319536_BC10"	"TAGCTTAAGCTGGCGT-1"	4	0.0808188446438587	"baseline"	0.0365072540367587	0.0371615488876425	0.0351541278226776
"GSE319536_BC10"	"TAGGATGCACCGTTCA-1"	4	0.0627874369040942	"baseline"	0.0451875223344141	0.0505628949336325	0.0351541278226776
"GSE319536_BC10"	"TAGGTCTTGGCTCGTC-1"	4	0.0689848569826136	"baseline"	0.0522651169736802	0.0614898953075342	0.0351541278226776
"GSE319536_BC10"	"TAGTATCCAATTACGT-1"	4	0.0782108805384184	"baseline"	0.0334572060217991	0.0324526219854178	0.0351541278226776
"GSE319536_BC10"	"TAGTGAGGACATGTTG-1"	4	0.0621985417835109	"baseline"	0.0398434796130998	0.0423123013647411	0.0351541278226776
"GSE319536_BC10"	"TAGTGATGACTCCTGG-1"	4	0.0755187885586091	"baseline"	0.0362261017549293	0.0367274817722939	0.0351541278226776
"GSE319536_BC10"	"TATCCACTTGCGTATC-1"	4	0.0278743690409422	"baseline"	0.0457958626969572	0.0515021031968592	0.0351541278226776
"GSE319536_BC10"	"TATGACAATGCTTGAA-1"	4	0.0502804262478968	"baseline"	0.0566665716421502	0.068285240231819	0.0351541278226776
"GSE319536_BC10"	"TATGGCAGTTCGTCTA-1"	4	0	"baseline"	0.0362599467099846	0.0367797345298187	0.0351541278226776
"GSE319536_BC10"	"TATGGCCATAATAGAC-1"	4	0.12896803140774	"baseline"	0.0237120295233596	0.0174071789119462	0.0351541278226776
"GSE319536_BC10"	"TATTCGGTGGAGATTC-1"	4	0	"baseline"	0.0255018282449721	0.0201704243783885	0.0351541278226776
"GSE319536_BC10"	"TATTCTCAGCGGCTGG-1"	4	0.0422602355580482	"baseline"	0.0286001522436765	0.0249538839035334	0.0351541278226776
"GSE319536_BC10"	"TATTGATCGTGATCTT-1"	4	0.0450364554122266	"baseline"	0.0398989786793814	0.0423979856047859	0.0351541278226776
"GSE319536_BC10"	"TCAAGGCCATAGCCTG-1"	4	0.0635445877734156	"baseline"	0.0215883191391749	0.0141284118526827	0.0351541278226776
"GSE319536_BC10"	"TCACGATACCTAGCCA-1"	4	0.0428491306786315	"baseline"	0.0291924601480825	0.0258683398766124	0.0351541278226776
"GSE319536_BC10"	"TCAGCTACCAACTCCG-1"	4	0.0809310151430174	"baseline"	0.045114459007915	0.050450093475416	0.0351541278226776
"GSE319536_BC10"	"TCAGGATACACTACAA-1"	4	0.0706954570947841	"baseline"	0.0377261779739823	0.0390434286782576	0.0351541278226776
"GSE319536_BC10"	"TCAGTCAGCGATCAGA-1"	4	0.0254066180594504	"baseline"	0.0382816257556018	0.0399009768180968	0.0351541278226776
"GSE319536_BC10"	"TCAGTTCAGAATCTCG-1"	4	0.0371564778463264	"baseline"	0.0401948374720927	0.0428547578986727	0.0351541278226776
"GSE319536_BC10"	"TCAGTTCTCCGGACCG-1"	4	0.0413348289399888	"baseline"	0.0402689300727169	0.0429691484389606	0.0351541278226776
"GSE319536_BC10"	"TCATCGGCCTGTGCGG-1"	4	0.0149186763881099	"baseline"	0.0266285261933084	0.021909917741634	0.0351541278226776
"GSE319536_BC10"	"TCCAACGAAGATGCTT-1"	4	0.020527201346046	"baseline"	0.0408166794893359	0.0438148111796597	0.0351541278226776
"GSE319536_BC10"	"TCCAACTAAGACTCCA-1"	4	0.0801177790241167	"baseline"	0.0431502982222308	0.0474176528323051	0.0351541278226776
"GSE319536_BC10"	"TCCAAGACCGCTTGAT-1"	4	0.01578799775659	"baseline"	0.0372842924284085	0.0383612077023743	0.0351541278226776
"GSE319536_BC10"	"TCCATGATGTGATCAA-1"	4	0.0211160964666293	"baseline"	0.0270386858776139	0.0225431575995513	0.0351541278226776
"GSE319536_BC10"	"TCCATGCGTCCACCAG-1"	4	0.0866517106001122	"baseline"	0.0487876840692036	0.0561211347915498	0.0351541278226776
"GSE319536_BC10"	"TCCGCCAAGGTCCGTT-1"	4	0.0536735838474481	"baseline"	0.0406289550252987	0.0435249859786876	0.0351541278226776
"GSE319536_BC10"	"TCCGCCTTGTTCTGAT-1"	4	0.0520751542344364	"baseline"	0.0422815666424173	0.0460764301738643	0.0351541278226776
"GSE319536_BC10"	"TCCGGCTATGCTCAGT-1"	4	0	"baseline"	0.0331307172420351	0.0319485604785941	0.0351541278226776
"GSE319536_BC10"	"TCCTATCCTCGAATCA-1"	4	0	"baseline"	0.0289254301127051	0.0254560759020378	0.0351541278226776
"GSE319536_BC10"	"TCCTCAATGAGGAACG-1"	4	0.0550476724621425	"baseline"	0.0331292490127684	0.031946293699757	0.0351541278226776
"GSE319536_BC10"	"TCCTCACGTGTAGACG-1"	4	0.0539259674705552	"baseline"	0.0344174097985672	0.0339350673022995	0.0351541278226776
"GSE319536_BC10"	"TCCTTCCAACCGCAAC-1"	4	0.0275098149186764	"baseline"	0.0180977660168799	0.0087393952140587	0.0351541278226776
"GSE319536_BC10"	"TCGAGTGGTAGGTCAC-1"	4	0.0168255748738082	"baseline"	0.0311007797852023	0.0288145681435782	0.0351541278226776
"GSE319536_BC10"	"TCGGAATCAGCCTAAC-1"	4	0.0532529444756029	"baseline"	0.0481817110371483	0.0551855814170873	0.0351541278226776
"GSE319536_BC10"	"TCGGAGCGTTACCTCG-1"	4	0	"baseline"	0.0177158992619078	0.00814983641802206	0.0351541278226776
"GSE319536_BC10"	"TCGGCGCAGAATGTCT-1"	4	0.025967470555244	"baseline"	0.0372778685469571	0.0383512899607403	0.0351541278226776
"GSE319536_BC10"	"TCGGTGTCTAACCAAG-1"	4	0.0727706113292204	"baseline"	0.0386784502854334	0.0405136287156478	0.0351541278226776
"GSE319536_BC10"	"TCGTATTCTGAGTGGC-1"	4	0	"baseline"	0.0221868602065916	0.0150524911198355	0.0351541278226776
"GSE319536_BC10"	"TCGTCCAGCATGGCTT-1"	4	0.0436623667975323	"baseline"	0.0483385330592172	0.0554276967657506	0.0351541278226776
"GSE319536_BC10"	"TCTAACTCTATGTTCT-1"	4	0.0579080201906899	"baseline"	0.0290937012957776	0.0257158674518602	0.0351541278226776
"GSE319536_BC10"	"TCTACACTAATTACTC-1"	4	0.0473359506449804	"baseline"	0.0339829471358016	0.0332643064124135	0.0351541278226776
"GSE319536_BC10"	"TCTACACTGAGCTTCT-1"	4	0.0469153112731352	"baseline"	0.0289989384488995	0.0255695644045616	0.0351541278226776
"GSE319536_BC10"	"TCTACAGGTACGCAGT-1"	4	0	"baseline"	0.0408736225666695	0.0439027248083754	0.0351541278226776
"GSE319536_BC10"	"TCTACATGTCCGACTT-1"	4	0	"baseline"	0.0475567902793602	0.0542207749111984	0.0351541278226776
"GSE319536_BC10"	"TCTACTCCGACTCGGC-1"	4	0.00358945597307908	"baseline"	0.0320009920168602	0.0302043933445504	0.0351541278226776
"GSE319536_BC10"	"TCTATTCTGCATTGGC-1"	4	0.0374088614694335	"baseline"	0.035040365853687	0.0348968405309404	0.0351541278226776
"GSE319536_BC10"	"TCTGCGTGCTTCAGAC-1"	4	0.0291082445316882	"baseline"	0.0420635542736101	0.0457398438960554	0.0351541278226776
"GSE319536_BC10"	"TCTTAGTCGTCTCGGC-1"	4	0.0603196859226024	"baseline"	0.0410997026282515	0.0442517666853617	0.0351541278226776
"GSE319536_BC10"	"TCTTCGCCATTCGAAT-1"	4	0.0790241166573191	"baseline"	0.0296715388168952	0.0266079828005235	0.0351541278226776
"GSE319536_BC10"	"TGAAGCACCGTCATGA-1"	4	0	"baseline"	0.0376116742548399	0.0388666479715835	0.0351541278226776
"GSE319536_BC10"	"TGAAGTATGATCGTGC-1"	4	0.0639371845204711	"baseline"	0.0484730198327711	0.0556353290334642	0.0351541278226776
"GSE319536_BC10"	"TGACAGTACTATTCTA-1"	4	0	"baseline"	0.0168115850701336	0.00675367825761825	0.0351541278226776
"GSE319536_BC10"	"TGACCAATCAGCCACG-1"	4	0.0021312394840157	"baseline"	0.024968861021156	0.0193475836604973	0.0351541278226776
"GSE319536_BC10"	"TGAGTGAGATCGCTAA-1"	4	0.041839596186203	"baseline"	0.0437024765448646	0.0482701532996822	0.0351541278226776
"GSE319536_BC10"	"TGATCGGACCTGGATG-1"	4	0.078855860908581	"baseline"	0.0346186389445813	0.0342457421948028	0.0351541278226776
"GSE319536_BC10"	"TGCAACGTTACCTGGT-1"	4	0.0454290521592821	"baseline"	0.0390861851209911	0.0411431248831557	0.0351541278226776
"GSE319536_BC10"	"TGCACGAGTAGAGTTA-1"	4	0.0833426808749299	"baseline"	0.0223757138448895	0.0153440596373154	0.0351541278226776
"GSE319536_BC10"	"TGCACGTAGTTCGAAG-1"	4	0.0605720695457095	"baseline"	0.0404086449533711	0.0431848523088428	0.0351541278226776
"GSE319536_BC10"	"TGCAGACAATACTGTT-1"	4	0.0128715647784633	"baseline"	0.0380169872689268	0.0394924051224528	0.0351541278226776
"GSE319536_BC10"	"TGCAGTCGAGCACCAA-1"	4	0.0194615816040381	"baseline"	0.042863415305346	0.0469747382688353	0.0351541278226776
"GSE319536_BC10"	"TGCATTGCTGTCGGCG-1"	4	0.0475602916432978	"baseline"	0.0431268610449466	0.0473814684987848	0.0351541278226776
"GSE319536_BC10"	"TGCCTAAGTTAATTAT-1"	4	0.0477285473920359	"baseline"	0.0412965997411096	0.0445557534118527	0.0351541278226776
"GSE319536_BC10"	"TGCGGACTCACGTGAT-1"	4	0	"baseline"	0.0236002654897561	0.0172346279678445	0.0351541278226776
"GSE319536_BC10"	"TGCGTTATGTTCCGGA-1"	4	0.0470274817722939	"baseline"	0.026319111254914	0.0214322163021125	0.0351541278226776
"GSE319536_BC10"	"TGCTATCCATGTAATA-1"	4	0.0454290521592821	"baseline"	0.0370392918865854	0.0379829547578987	0.0351541278226776
"GSE319536_BC10"	"TGGCCAGATCCGGACA-1"	4	0.0218732473359506	"baseline"	0.0378063614556058	0.0391672228453917	0.0351541278226776
"GSE319536_BC10"	"TGGCTCCGCATCAGAT-1"	4	0.0908300616937745	"baseline"	0.0614869045522208	0.0757272854739204	0.0351541278226776
"GSE319536_BC10"	"TGGTACGGACGTAGTT-1"	4	0.046578799775659	"baseline"	0.0215311066342026	0.0140400822583661	0.0351541278226776
"GSE319536_BC10"	"TGGTAGCATCAAGTCT-1"	4	0.0455412226584408	"baseline"	0.0435705266293015	0.0480664376518975	0.0351541278226776
"GSE319536_BC10"	"TGGTAGCCAGTTGACA-1"	4	0.0462142456533932	"baseline"	0.0401838514844455	0.0428377967844457	0.0351541278226776
"GSE319536_BC10"	"TGGTATGCAAGTCTAT-1"	4	0.0635445877734156	"baseline"	0.0392496066065682	0.0413954290521593	0.0351541278226776
"GSE319536_BC10"	"TGGTCGCCGGCTTACT-1"	4	0.0364273696017947	"baseline"	0.0338075921249269	0.0329935782389232	0.0351541278226776
"GSE319536_BC10"	"TGGTCTGCTCAGGTTG-1"	4	0.0404094223219293	"baseline"	0.0511747312110227	0.059806463825014	0.0351541278226776
"GSE319536_BC10"	"TGTAAGATCTTCACAT-1"	4	0.0624228827818284	"baseline"	0.0571869847489168	0.0690886988222098	0.0351541278226776
"GSE319536_BC10"	"TGTAAGGTGAGCGACC-1"	4	0.0299495232753786	"baseline"	0.029317671345403	0.0260616517106001	0.0351541278226776
"GSE319536_BC10"	"TGTCAGTGGCTTCCAT-1"	4	0.0860067302299495	"baseline"	0.0329841213611269	0.0317222331276874	0.0351541278226776
"GSE319536_BC10"	"TGTCTGTAAGCGAACT-1"	4	0.0398205272013461	"baseline"	0.0245849992907472	0.0187549448495046	0.0351541278226776
"GSE319536_BC10"	"TGTTGCGTCCAAGATT-1"	4	0.0297812675266405	"baseline"	0.0272961830182267	0.0229407038698822	0.0351541278226776
"GSE319536_BC10"	"TGTTGGAACGAGGTCA-1"	4	0.0190409422321929	"baseline"	0.0324968781266806	0.0309699850439334	0.0351541278226776
"GSE319536_BC10"	"AACACTTGGCAAGGAA-1"	4	0	"tme"	0.032641544318177	0.0327684286782576	0.0351541278226776
"GSE319536_BC10"	"AACCAGAATCAGACGT-1"	4	0	"tme"	0.0180026841331367	0.0167554355954384	0.0351541278226776
"GSE319536_BC10"	"AACGAAGCGTGGAAGT-1"	4	0.0457375210319686	"tme"	0.0544877232831831	0.0566652832305104	0.0351541278226776
"GSE319536_BC10"	"AACTCAACCTTGACCA-1"	4	0.0467470555243971	"tme"	0.0335540088013962	0.0337665451486259	0.0351541278226776
"GSE319536_BC10"	"AACTCACCGAACTTAT-1"	4	0	"tme"	0.0321491458276587	0.0322298093101514	0.0351541278226776
"GSE319536_BC10"	"AACTTCAGATACTACC-1"	4	0.0177509814918676	"tme"	0.042937459473142	0.0440308094971023	0.0351541278226776
"GSE319536_BC10"	"AACTTCGCTTAGTCAG-1"	4	0.0395961862030286	"tme"	0.0379641804556468	0.0385906945223406	0.0351541278226776
"GSE319536_BC10"	"AAGATTATCTAGCATA-1"	4	0.0432978126752664	"tme"	0.0475722083864029	0.0491006169377454	0.0351541278226776
"GSE319536_BC10"	"AAGCAGCGGACACGTG-1"	4	0.0680874929893438	"tme"	0.0452250489547423	0.046533132361189	0.0351541278226776
"GSE319536_BC10"	"AAGCAGTGGCATCACT-1"	4	0	"tme"	0.0343393007129904	0.0346255515049542	0.0351541278226776
"GSE319536_BC10"	"AAGCAGTGTAGAATCT-1"	4	0.0577397644419518	"tme"	0.0346726864893037	0.0349902318190316	0.0351541278226776
"GSE319536_BC10"	"AAGCGTTCGTCTGTCC-1"	4	0	"tme"	0.0297527820103363	0.0296085015890821	0.0351541278226776
"GSE319536_BC10"	"AAGGAGGCACTCAATT-1"	4	0.0157319125070107	"tme"	0.0429476968566124	0.0440420078519349	0.0351541278226776
"GSE319536_BC10"	"AAGGCCGACCTACCTG-1"	4	0.0649747616376893	"tme"	0.043522618228745	0.0446708964292391	0.0351541278226776
"GSE319536_BC10"	"AAGTACTGGATGCGCA-1"	4	0.0761357263039821	"tme"	0.0401938107941852	0.0410296176855487	0.0351541278226776
"GSE319536_BC10"	"AAGTCTACCGGTTGGA-1"	4	0.0259955131800337	"tme"	0.0362846001164608	0.0367534539166199	0.0351541278226776
"GSE319536_BC10"	"AAGTGGCGAAGTTAAT-1"	4	0.041755468311834	"tme"	0.0342336240830346	0.0345099551318003	0.0351541278226776
"GSE319536_BC10"	"AAGTGGCGAGTGTACA-1"	4	0.047195737521032	"tme"	0.0525259398123383	0.0545193494111049	0.0351541278226776
"GSE319536_BC10"	"AATAACATGTTACGTC-1"	4	0.041839596186203	"tme"	0.0313293860644552	0.0313330996447934	0.0351541278226776
"GSE319536_BC10"	"AATACGTAGACAGTTA-1"	4	0	"tme"	0.0301005539594981	0.0299889184894373	0.0351541278226776
"GSE319536_BC10"	"AATAGTATAGTTGTCG-1"	4	0.0164610207515423	"tme"	0.0363464858686251	0.0368211488128622	0.0351541278226776
"GSE319536_BC10"	"AATAGTGCTCATAGAA-1"	4	0	"tme"	0.0283386430100903	0.0280616189942045	0.0351541278226776
"GSE319536_BC10"	"AATGAAGACGGTTCAG-1"	4	0.0704430734716769	"tme"	0.0483806668644314	0.0499849644793419	0.0351541278226776
"GSE319536_BC10"	"AATGGCATAGTATCAT-1"	4	0.041755468311834	"tme"	0.0541335508330035	0.0562778650214993	0.0351541278226776
"GSE319536_BC10"	"AATGTCAGGTCATTAC-1"	4	0	"tme"	0.0327952375238593	0.0329365488876426	0.0351541278226776
"GSE319536_BC10"	"AATTAGCTTAGGTGTA-1"	4	0	"tme"	0.0304628060808557	0.0303851747990279	0.0351541278226776
"GSE319536_BC10"	"AATTGGTTATGATACA-1"	4	0.0408300616937745	"tme"	0.0333426299052991	0.0335353243596934	0.0351541278226776
"GSE319536_BC10"	"ACAGAATAAGATAGTG-1"	4	0	"tme"	0.0306409177533716	0.030580005608525	0.0351541278226776
"GSE319536_BC10"	"ACAGCCAGGCATAAGC-1"	4	0.0648625911385306	"tme"	0.0390839775903277	0.0398156057206955	0.0351541278226776
"GSE319536_BC10"	"ACAGGACTGAGCCGAT-1"	4	0	"tme"	0.0266318541325322	0.0261946158160404	0.0351541278226776
"GSE319536_BC10"	"ACATCGTCGGTCTACC-1"	4	0.0418676388109927	"tme"	0.0204081188874823	0.0193866657319125	0.0351541278226776
"GSE319536_BC10"	"ACCAAGCACTTGCGCA-1"	4	0.0229108244531688	"tme"	0.0378701811082556	0.0384878715647785	0.0351541278226776
"GSE319536_BC10"	"ACCAATGAGCCTCATC-1"	4	0	"tme"	0.0145294595194031	0.0129561833987661	0.0351541278226776
"GSE319536_BC10"	"ACCATAACTCCTCGTA-1"	4	0.129108244531688	"tme"	0.0242730985995615	0.0236144466255375	0.0351541278226776
"GSE319536_BC10"	"ACCGAAGCCGAATTAA-1"	4	0.0427930454290522	"tme"	0.0309089868013409	0.030873237988409	0.0351541278226776
"GSE319536_BC10"	"ACCGTACACGACCGTC-1"	4	0.0464385866517106	"tme"	0.0460125413056048	0.0473945457094784	0.0351541278226776
"GSE319536_BC10"	"ACCGTAGGCGGAGGTT-1"	4	0	"tme"	0.0322816507258994	0.0323747522901477	0.0351541278226776
"GSE319536_BC10"	"ACCTGCTTGCTACGAC-1"	4	0.104514862591139	"tme"	0.0275913567437254	0.0272441858291269	0.0351541278226776
"GSE319536_BC10"	"ACGATGTCGCACAATC-1"	4	0	"tme"	0.0289227378639888	0.0287005421574126	0.0351541278226776
"GSE319536_BC10"	"ACGGCCGTCAACGTAT-1"	4	0.0409422321929333	"tme"	0.0283518157368179	0.0280760282295756	0.0351541278226776
"GSE319536_BC10"	"ACGGCTTACGTATGCC-1"	4	0.038418395961862	"tme"	0.0351321424812591	0.035492816414283	0.0351541278226776
"GSE319536_BC10"	"ACGGCTTCCATCGGAA-1"	4	0.0639932697700505	"tme"	0.0487358818528275	0.0503735230884278	0.0351541278226776
"GSE319536_BC10"	"ACGGCTTGTTCAATCG-1"	4	0.0511217049915872	"tme"	0.0409087741031403	0.0418116937745373	0.0351541278226776
"GSE319536_BC10"	"ACGGTTCGTCCGACCG-1"	4	0	"tme"	0.0458907779691524	0.047261352589269	0.0351541278226776
"GSE319536_BC10"	"ACGTTCACGACTAGGT-1"	4	0.0731912507010656	"tme"	0.0340529573373487	0.0343123294073659	0.0351541278226776
"GSE319536_BC10"	"ACGTTCTGCCATAATC-1"	4	0.0488502523836231	"tme"	0.0401214227512988	0.0409504346606842	0.0351541278226776
"GSE319536_BC10"	"ACTATTAGACAGGCTG-1"	4	0.0393438025799215	"tme"	0.0568961275623667	0.0592997616376893	0.0351541278226776
"GSE319536_BC10"	"ACTCAGGCCTGCAACT-1"	4	0.0678631519910264	"tme"	0.0429155576251998	0.0440068517479903	0.0351541278226776
"GSE319536_BC10"	"ACTCGATTGATATCCA-1"	4	0.061665731912507	"tme"	0.0472514911584994	0.0487497943540849	0.0351541278226776
"GSE319536_BC10"	"ACTCGTATTGTCAGAA-1"	4	0.00274817722938867	"tme"	0.0270949333720597	0.0267011637689288	0.0351541278226776
"GSE319536_BC10"	"ACTTGAAGCGAGCGGT-1"	4	0.0443353897924846	"tme"	0.0401318224972783	0.0409618106188072	0.0351541278226776
"GSE319536_BC10"	"AGAACAGGAGCATGGA-1"	4	0.037633202467751	"tme"	0.0302466844904129	0.0301487661245093	0.0351541278226776
"GSE319536_BC10"	"AGAAGCAGCCTAAGCT-1"	4	0.0818003365114975	"tme"	0.0420833301303742	0.0430965040194429	0.0351541278226776
"GSE319536_BC10"	"AGACATCTTAGCACCT-1"	4	0.0234436343241727	"tme"	0.0297371994821574	0.0295914563469808	0.0351541278226776
"GSE319536_BC10"	"AGACCGACCGCAGACA-1"	4	0.0667975322490185	"tme"	0.0489057643097491	0.0505593522153674	0.0351541278226776
"GSE319536_BC10"	"AGACTCATTGCGGACA-1"	4	0	"tme"	0.0498928770928897	0.0516391241353524	0.0351541278226776
"GSE319536_BC10"	"AGATAAGCCACTCATA-1"	4	0.0505608524957936	"tme"	0.0391807157368861	0.0399214245653393	0.0351541278226776
"GSE319536_BC10"	"AGCACGGAGGCAGTCA-1"	4	0.017190128996074	"tme"	0.0404003059969156	0.0412554963544588	0.0351541278226776
"GSE319536_BC10"	"AGCGGTGAGTGACATG-1"	4	0.030089736399327	"tme"	0.0432092244045428	0.0443280846887269	0.0351541278226776
"GSE319536_BC10"	"AGCGTGCGCCTGATCG-1"	4	0.0548794167134044	"tme"	0.0399302964418668	0.0407413675453356	0.0351541278226776
"GSE319536_BC10"	"AGCGTGGCACCGACAA-1"	4	0.0743409983174425	"tme"	0.0354177253167264	0.0358052065806693	0.0351541278226776
"GSE319536_BC10"	"AGCTCGACAGGCGATA-1"	4	0	"tme"	0.0216504014445116	0.0207455599177416	0.0351541278226776
"GSE319536_BC10"	"AGCTGTTCCGGTGATT-1"	4	0.0386988222097588	"tme"	0.0175847630346354	0.016298284726117	0.0351541278226776
"GSE319536_BC10"	"AGGACGTCGGCACGAA-1"	4	0.0180874929893438	"tme"	0.0497178075810712	0.0514476210506637	0.0351541278226776
"GSE319536_BC10"	"AGGACTAGGACCGCAG-1"	4	0.0456814357823892	"tme"	0.0290166346666374	0.0288032529444756	0.0351541278226776
"GSE319536_BC10"	"AGGACTGGATGAAGAC-1"	4	0.0379136287156478	"tme"	0.0580845271298528	0.0605997148999813	0.0351541278226776
"GSE319536_BC10"	"AGGATAACCGGTCGGA-1"	4	0.00639371845204711	"tme"	0.0240090330692516	0.0233255935688914	0.0351541278226776
"GSE319536_BC10"	"AGGCATTACTATAGTA-1"	4	0.0659562535053281	"tme"	0.0322337794218916	0.0323223873621238	0.0351541278226776
"GSE319536_BC10"	"AGTAAGCTCGGCCAAT-1"	4	0.00807627593942793	"tme"	0.0357408566187788	0.0361586698448308	0.0351541278226776
"GSE319536_BC10"	"AGTACCGTTGTACGCC-1"	4	0.110347728547392	"tme"	0.0523027169984699	0.0542751729295195	0.0351541278226776
"GSE319536_BC10"	"AGTATTCAGCTGAATG-1"	4	0	"tme"	0.0330632424813644	0.0332297111609647	0.0351541278226776
"GSE319536_BC10"	"AGTCGGACCGTGCTTA-1"	4	0.0427930454290522	"tme"	0.0467027571500104	0.0481495513180034	0.0351541278226776
"GSE319536_BC10"	"AGTGAGTATTCTAAGT-1"	4	0.015703869882221	"tme"	0.0406059466601243	0.0414804402692092	0.0351541278226776
"GSE319536_BC10"	"AGTGCAATAACTAACA-1"	4	0.0326977005047672	"tme"	0.0242545294557542	0.0235941344176482	0.0351541278226776
"GSE319536_BC10"	"AGTGCCAGATGCTCTG-1"	4	0.0568704430734717	"tme"	0.0413867308757413	0.0423345157973453	0.0351541278226776
"GSE319536_BC10"	"AGTGCGCAACATGCGT-1"	4	0.0811273135165452	"tme"	0.0447018571325581	0.0459608291269396	0.0351541278226776
"GSE319536_BC10"	"AGTGTCATGGTTGTGG-1"	4	0	"tme"	0.0226295114650312	0.0218165778650215	0.0351541278226776
"GSE319536_BC10"	"AGTGTCTAGGCTAATA-1"	4	0.0566741446999439	"tme"	0.0452860288950135	0.0465998364180221	0.0351541278226776
"GSE319536_BC10"	"AGTTACCTCACCAGCA-1"	4	0.0155916993830623	"tme"	0.0356863241791991	0.0360990185081324	0.0351541278226776
"GSE319536_BC10"	"AGTTCGGCACATACGG-1"	4	0.0777061132922042	"tme"	0.0378001601398444	0.0384112778089363	0.0351541278226776
"GSE319536_BC10"	"ATAGATGCCTAAGCAC-1"	4	0.0479248457655637	"tme"	0.029926582530965	0.0297986165638437	0.0351541278226776
"GSE319536_BC10"	"ATAGCTATTCGCACTC-1"	4	0.0456814357823892	"tme"	0.0324304346020292	0.0325375023368854	0.0351541278226776
"GSE319536_BC10"	"ATAGTCCGCCGTTGGC-1"	4	0.0381379697139652	"tme"	0.0338360025708722	0.0340750093475416	0.0351541278226776
"GSE319536_BC10"	"ATAGTTAAGGCACGAG-1"	4	0.0243970835670219	"tme"	0.0323643316973252	0.0324651944288652	0.0351541278226776
"GSE319536_BC10"	"ATCAGTAAGCTCGCCG-1"	4	0	"tme"	0.0332705922236166	0.0334565245840344	0.0351541278226776
"GSE319536_BC10"	"ATCATTGTCCATGCCA-1"	4	0	"tme"	0.027306081542486	0.0269321321742382	0.0351541278226776
"GSE319536_BC10"	"ATCCACATGTTGGACC-1"	4	0	"tme"	0.0346952249691896	0.0350148859599925	0.0351541278226776
"GSE319536_BC10"	"ATCCGAGTACCACGTG-1"	4	0.0421480650588895	"tme"	0.0350877576985	0.0354442652832305	0.0351541278226776
"GSE319536_BC10"	"ATCCGATGACCTCGGA-1"	4	0.0581043185642176	"tme"	0.036761343442941	0.0372749485885212	0.0351541278226776
"GSE319536_BC10"	"ATCCGTGGAACTTCAA-1"	4	0	"tme"	0.0387078135655562	0.0394041316133857	0.0351541278226776
"GSE319536_BC10"	"ATCGCAGTAACTTATT-1"	4	0.0721256309590578	"tme"	0.031931930426628	0.0319922041503085	0.0351541278226776
"GSE319536_BC10"	"ATCGTCACCATGTCAC-1"	4	0.0539259674705552	"tme"	0.0415930466251721	0.0425601981678818	0.0351541278226776
"GSE319536_BC10"	"ATCTCCTTGCGATACA-1"	4	0.0359226023555805	"tme"	0.0217852392356467	0.0208930547765938	0.0351541278226776
"GSE319536_BC10"	"ATCTGTACGCGTCTCC-1"	4	0.0517947279865395	"tme"	0.0497529334281123	0.0514860441203964	0.0351541278226776
"GSE319536_BC10"	"ATCTTAGACGCCTACT-1"	4	0.0111048794167134	"tme"	0.0180492138100953	0.0168063329594317	0.0351541278226776
"GSE319536_BC10"	"ATGACCTCACTTAACC-1"	4	0.0723219293325855	"tme"	0.0452202763515134	0.0465279117592073	0.0351541278226776
"GSE319536_BC10"	"ATGAGCTACATGGAAG-1"	4	0	"tme"	0.0214996521274817	0.0205806599364367	0.0351541278226776
"GSE319536_BC10"	"ATGCATGCCTGCGATG-1"	4	0.0468031407739765	"tme"	0.0375291685667108	0.0381148485698261	0.0351541278226776
"GSE319536_BC10"	"ATGCTTACTCTAGGAA-1"	4	0.0444195176668536	"tme"	0.0408239952371886	0.0417189568143578	0.0351541278226776
"GSE319536_BC10"	"ATGCTTGGACGAACTT-1"	4	0.0166573191250701	"tme"	0.0421572007993308	0.0431773088427743	0.0351541278226776
"GSE319536_BC10"	"ATGGAGTAATCGGACC-1"	4	0.0609927089175547	"tme"	0.0353700548295062	0.0357530613198729	0.0351541278226776
"GSE319536_BC10"	"ATGTACTCTGCAGCAC-1"	4	0.0743129556926528	"tme"	0.0342870541666313	0.0345684006356328	0.0351541278226776
"GSE319536_BC10"	"ATGTATCGGAATACGG-1"	4	0.050084127874369	"tme"	0.0290905352444773	0.0288840904842027	0.0351541278226776
"GSE319536_BC10"	"ATGTGAATCCATACGA-1"	4	0.03771733034212	"tme"	0.0332277968843679	0.0334097120957188	0.0351541278226776
"GSE319536_BC10"	"ATGTGCGTCTGAACAG-1"	4	0	"tme"	0.0390082782067945	0.0397328005234623	0.0351541278226776
"GSE319536_BC10"	"ATTAAGAACAGCTCCG-1"	4	0	"tme"	0.0505834219350111	0.0523944896242288	0.0351541278226776
"GSE319536_BC10"	"ATTACTCCGTGAAGCG-1"	4	0.0439147504206394	"tme"	0.0239378072001147	0.0232476818096841	0.0351541278226776
"GSE319536_BC10"	"ATTACTGTCGCATATT-1"	4	0.00673022994952328	"tme"	0.0421005234655516	0.0431153112731352	0.0351541278226776
"GSE319536_BC10"	"ATTAGTTCACAGACTC-1"	4	0.0583567021873247	"tme"	0.018587086621263	0.017394695270144	0.0351541278226776
"GSE319536_BC10"	"ATTATCACAACTCGGC-1"	4	0.0757431295569265	"tme"	0.0511177954068372	0.0529790241166573	0.0351541278226776
"GSE319536_BC10"	"ATTCACATCTTATTCT-1"	4	0.0375771172181716	"tme"	0.0421019761827385	0.0431169003552066	0.0351541278226776
"GSE319536_BC10"	"ATTCACCTGACCAGTT-1"	4	0	"tme"	0.0310494175536458	0.0310268508132361	0.0351541278226776
"GSE319536_BC10"	"ATTCACGTCGCAGGCT-1"	4	0.0475322490185081	"tme"	0.0402971887128275	0.0411426995700131	0.0351541278226776
"GSE319536_BC10"	"ATTCAGCTCCTACTAA-1"	4	0.0302579921480651	"tme"	0.0484982258664369	0.0501135586090858	0.0351541278226776
"GSE319536_BC10"	"ATTCATAGCGAAGCGT-1"	4	0.0618620302860348	"tme"	0.040583489361493	0.0414558749298935	0.0351541278226776
"GSE319536_BC10"	"ATTCCGGTTACATACC-1"	4	0.0668255748738082	"tme"	0.043449657644379	0.0445910871190877	0.0351541278226776
"GSE319536_BC10"	"ATTCGCTCGCGGAGGC-1"	4	0.0413909141895681	"tme"	0.0566588817549466	0.059040245840344	0.0351541278226776
"GSE319536_BC10"	"ATTGCATATTGTTATC-1"	4	0	"tme"	0.0359887286251518	0.0364298093101514	0.0351541278226776
"GSE319536_BC10"	"ATTGCCTGATGTGCGG-1"	4	0.0247055524397084	"tme"	0.0112008400835381	0.00931511030099084	0.0351541278226776
"GSE319536_BC10"	"CAACGCTTGCTCCTAC-1"	4	0.0252383623107123	"tme"	0.0515428134560666	0.0534439381192746	0.0351541278226776
"GSE319536_BC10"	"CAACGGCACTCAGTCC-1"	4	0.037016264722378	"tme"	0.0242273038265916	0.0235643531501215	0.0351541278226776
"GSE319536_BC10"	"CAACTGCTGGAGTTAT-1"	4	0.0320246775098149	"tme"	0.0385677929922218	0.0392509674705553	0.0351541278226776
"GSE319536_BC10"	"CAAGACCACTATCGAA-1"	4	0.0247616376892877	"tme"	0.0315031011311318	0.0315231211441391	0.0351541278226776
"GSE319536_BC10"	"CAATAATCGTAGGATA-1"	4	0.041138530566461	"tme"	0.0334892304329509	0.0336956861095532	0.0351541278226776
"GSE319536_BC10"	"CAATTGAACCGGCTCG-1"	4	0.0606281547952888	"tme"	0.0518093528782919	0.053735497289213	0.0351541278226776
"GSE319536_BC10"	"CACCTCGAGCGATGCT-1"	4	0.00706674144699944	"tme"	0.0415192315012844	0.0424794541035708	0.0351541278226776
"GSE319536_BC10"	"CACGAGGTATAGGTAT-1"	4	0.0561974200785194	"tme"	0.0399176535296427	0.0407275378575435	0.0351541278226776
"GSE319536_BC10"	"CACGATCATACAATTA-1"	4	0.0168816601233876	"tme"	0.0424582636182344	0.0435066320807627	0.0351541278226776
"GSE319536_BC10"	"CACGCCACAATCGCAC-1"	4	0.0795569265283231	"tme"	0.0507572438191279	0.0525846279678445	0.0351541278226776
"GSE319536_BC10"	"CACGGCTTACTCCGTT-1"	4	0.00457094784071789	"tme"	0.0131481732910703	0.0114452374275566	0.0351541278226776
"GSE319536_BC10"	"CACGTAGGTAGGCTGA-1"	4	0.084828939988783	"tme"	0.0650191837119199	0.0681853196859226	0.0351541278226776
"GSE319536_BC10"	"CACGTCCACGACCTAT-1"	4	0.0348008973639933	"tme"	0.0473799156305238	0.0488902738829688	0.0351541278226776
"GSE319536_BC10"	"CACGTTGCACATACCG-1"	4	0.0186203028603477	"tme"	0.0220062915191299	0.0211348569826136	0.0351541278226776
"GSE319536_BC10"	"CACTACTGGCTGAACC-1"	4	0.0838754907459338	"tme"	0.0307803316036456	0.030732506075902	0.0351541278226776
"GSE319536_BC10"	"CACTTGACATTCAGAA-1"	4	0.0330622546270331	"tme"	0.0292191989875678	0.0290248317442513	0.0351541278226776
"GSE319536_BC10"	"CAGACGCAGTAGGTCT-1"	4	0.0421200224340998	"tme"	0.0253667938245509	0.0248108057580856	0.0351541278226776
"GSE319536_BC10"	"CAGAGTCATGTACAGG-1"	4	0.0708356702187325	"tme"	0.0229551807494632	0.0221728173490372	0.0351541278226776
"GSE319536_BC10"	"CAGATTCCGTATGCGA-1"	4	0.0329781267526641	"tme"	0.0329882609110295	0.0331476911572257	0.0351541278226776
"GSE319536_BC10"	"CAGATTGCCTGTAAGT-1"	4	0	"tme"	0.0460680650110298	0.0474552813610021	0.0351541278226776
"GSE319536_BC10"	"CAGCCAGTCCTGTCGG-1"	4	0.00308468872686484	"tme"	0.0311768550325226	0.0311662507010656	0.0351541278226776
"GSE319536_BC10"	"CAGCTCCTCGGATTCT-1"	4	0.0487100392596747	"tme"	0.0487965285226852	0.0504398625911385	0.0351541278226776
"GSE319536_BC10"	"CAGGACATGGTAATGC-1"	4	0.0319966348850252	"tme"	0.047372750316634	0.0488824359693401	0.0351541278226776
"GSE319536_BC10"	"CAGGCGAGGTCTTGGA-1"	4	0.0599831744251262	"tme"	0.0389347023539729	0.039652318190316	0.0351541278226776
"GSE319536_BC10"	"CAGTATGCGTGGCGCT-1"	4	0.0379136287156478	"tme"	0.0577258042567199	0.0602073191250701	0.0351541278226776
"GSE319536_BC10"	"CAGTCAGCCGATCCGG-1"	4	0.0166012338754907	"tme"	0.0380589745247932	0.0386943868012713	0.0351541278226776
"GSE319536_BC10"	"CATAGAACATTGAACA-1"	4	0.0740886146943354	"tme"	0.0395890916289296	0.0403681342306973	0.0351541278226776
"GSE319536_BC10"	"CATCAGATACTAATCG-1"	4	0.0516825574873808	"tme"	0.0402260012979691	0.041064829874743	0.0351541278226776
"GSE319536_BC10"	"CATCAGGTGCCTGATA-1"	4	0	"tme"	0.0355305288062934	0.0359285988035147	0.0351541278226776
"GSE319536_BC10"	"CATGCATATTCTGCCT-1"	4	0.00538418395961862	"tme"	0.0211410147083011	0.0201883576369415	0.0351541278226776
"GSE319536_BC10"	"CATGTTACCGAAGGCG-1"	4	0.0377453729669097	"tme"	0.0281451239899975	0.0278499345672088	0.0351541278226776
"GSE319536_BC10"	"CATTAACTATTGTTCC-1"	4	0.0682277061132922	"tme"	0.0474627034193898	0.0489808328659562	0.0351541278226776
"GSE319536_BC10"	"CCACGAACGCTGCCGC-1"	4	0.0274256870443073	"tme"	0.0360539043544748	0.0365011030099084	0.0351541278226776
"GSE319536_BC10"	"CCACGTCGGTCGCTTC-1"	4	0.0413348289399888	"tme"	0.0324565023301398	0.0325660170125257	0.0351541278226776
"GSE319536_BC10"	"CCACGTGGACTGCGGT-1"	4	0.074649467190129	"tme"	0.0329528787021319	0.0331089876612451	0.0351541278226776
"GSE319536_BC10"	"CCAGACAATATCGTTA-1"	4	0.0329781267526641	"tme"	0.0325967707199356	0.0327194522340624	0.0351541278226776
"GSE319536_BC10"	"CCAGATAGACGAGGTG-1"	4	0.0585530005608525	"tme"	0.0472098879018836	0.048704285847822	0.0351541278226776
"GSE319536_BC10"	"CCAGCACTCGACTGAC-1"	4	0.0457375210319686	"tme"	0.0411313987393435	0.0420552159282109	0.0351541278226776
"GSE319536_BC10"	"CCGACAACGTCATCGG-1"	4	0.0426247896803141	"tme"	0.0513347459006162	0.0532163395027108	0.0351541278226776
"GSE319536_BC10"	"CCGACAGACTGTGCCT-1"	4	0.0395401009534492	"tme"	0.0499156334803536	0.0516640166386241	0.0351541278226776
"GSE319536_BC10"	"CCGGAGAAGCTAACCA-1"	4	0.0202467750981492	"tme"	0.0368164569693955	0.0373352355580482	0.0351541278226776
"GSE319536_BC10"	"CCGGCATAGGCAAGTG-1"	4	0.0107683679192372	"tme"	0.0246197938289259	0.0239936857356515	0.0351541278226776
"GSE319536_BC10"	"CCGGCGCAGCATGCGA-1"	4	0.0288278182837914	"tme"	0.0243183763761208	0.0236639745746869	0.0351541278226776
"GSE319536_BC10"	"CCGTATAATCTGGCCG-1"	4	0	"tme"	0.0241217425594712	0.0234488829687792	0.0351541278226776
"GSE319536_BC10"	"CCGTCTTATGGACGAG-1"	4	0.0385305664610208	"tme"	0.041872399867526	0.0428657739764442	0.0351541278226776
"GSE319536_BC10"	"CCGTGAAGGATAACAG-1"	4	0.0694615816040381	"tme"	0.0600803725460341	0.0627829080201907	0.0351541278226776
"GSE319536_BC10"	"CCTAAGCATGCCTTGT-1"	4	0.0767246214245653	"tme"	0.0442013276984903	0.0454133155730043	0.0351541278226776
"GSE319536_BC10"	"CCTACCACTCCAGTTA-1"	4	0.0393998878295008	"tme"	0.0346171969654596	0.0349295335576743	0.0351541278226776
"GSE319536_BC10"	"CCTACGAGCTGGCCGG-1"	4	0.0780145821648906	"tme"	0.049126884956394	0.05080122920172	0.0351541278226776
"GSE319536_BC10"	"CCTAGCCTAGTACCGG-1"	4	0.0455692652832305	"tme"	0.0309379300549422	0.0309048981117966	0.0351541278226776
"GSE319536_BC10"	"CCTATGCCAGCAATCC-1"	4	0.0543185642176108	"tme"	0.0444928196747505	0.0457321695644046	0.0351541278226776
"GSE319536_BC10"	"CCTATGTCTTACCGGC-1"	4	0.0706674144699944	"tme"	0.0353739686205158	0.0357573424939241	0.0351541278226776
"GSE319536_BC10"	"CCTCGATAGAATAGGA-1"	4	0.0771733034212002	"tme"	0.0476938264511367	0.0492336511497476	0.0351541278226776
"GSE319536_BC10"	"CCTCGGATCTTGCGGT-1"	4	0.0294447560291643	"tme"	0.0354424984174616	0.0358323051037577	0.0351541278226776
"GSE319536_BC10"	"CCTCTACCGTGATTGG-1"	4	0.0839035333707235	"tme"	0.052292189071562	0.0542636567582726	0.0351541278226776
"GSE319536_BC10"	"CCTGTCTGCATAGGTC-1"	4	0.0447279865395401	"tme"	0.0370800055032947	0.0376235230884278	0.0351541278226776
"GSE319536_BC10"	"CCTTGTGATGGTCTAG-1"	4	0.0319125070106562	"tme"	0.0400114776964319	0.0408301691905029	0.0351541278226776
"GSE319536_BC10"	"CGAACCAGAAGTCTGG-1"	4	0.045961862030286	"tme"	0.0539735682164413	0.0561028650214994	0.0351541278226776
"GSE319536_BC10"	"CGACAATTATTCTGTC-1"	4	0.048681996634885	"tme"	0.0452643620454398	0.046576135726304	0.0351541278226776
"GSE319536_BC10"	"CGACCAGAAGGATCCG-1"	4	0.044475602916433	"tme"	0.0507548169268861	0.052581973266031	0.0351541278226776
"GSE319536_BC10"	"CGAGGAAGACTTAGAT-1"	4	0.0469433538979248	"tme"	0.0423295016030989	0.0433657833239858	0.0351541278226776
"GSE319536_BC10"	"CGAGGAGCGTTCGTTA-1"	4	0.0815199102636007	"tme"	0.0296086254657167	0.0294508132361189	0.0351541278226776
"GSE319536_BC10"	"CGAGGAGTCTAAGGAT-1"	4	0.0560291643297813	"tme"	0.0477264698608671	0.0492693587586465	0.0351541278226776
"GSE319536_BC10"	"CGATAAGGTGCCTGAC-1"	4	0.044559730790802	"tme"	0.0419554226547604	0.0429565900168256	0.0351541278226776
"GSE319536_BC10"	"CGCACGGCTGTCAGGT-1"	4	0.0374088614694335	"tme"	0.0467809731524351	0.0482351093662367	0.0351541278226776
"GSE319536_BC10"	"CGCCTTGTGAAGTCTA-1"	4	0.0613011777902412	"tme"	0.0473134922734991	0.0488176154421387	0.0351541278226776
"GSE319536_BC10"	"CGCTAGCCGCATGCAT-1"	4	0.0589736399326977	"tme"	0.0327360435711885	0.0328717984670032	0.0351541278226776
"GSE319536_BC10"	"CGCTCGGTACTGCGAA-1"	4	0.0467750981491868	"tme"	0.0544658940711003	0.056641404935502	0.0351541278226776
"GSE319536_BC10"	"CGCTGCTTCGCATACT-1"	4	0.0348008973639933	"tme"	0.0290637027034947	0.0288547392035895	0.0351541278226776
"GSE319536_BC10"	"CGCTGTGACATAGGCA-1"	4	0.0413067863151991	"tme"	0.0291431492428307	0.0289416432978127	0.0351541278226776
"GSE319536_BC10"	"CGCTTATGGTTAGGAT-1"	4	0.0196859226023556	"tme"	0.0410832368918984	0.0420025331837727	0.0351541278226776
"GSE319536_BC10"	"CGGAGTGGTCAAGTAT-1"	4	0.0416432978126753	"tme"	0.0378402978611804	0.0384551832118153	0.0351541278226776
"GSE319536_BC10"	"CGGCAACCACTAGCAT-1"	4	0.0360067302299495	"tme"	0.053462540764349	0.0555438680127127	0.0351541278226776
"GSE319536_BC10"	"CGGCAACCTAAGTCCA-1"	4	0.0450644980370163	"tme"	0.0362231971791263	0.0366862871564779	0.0351541278226776
"GSE319536_BC10"	"CGGCAATCAACGTGGA-1"	4	0	"tme"	0.0195834198858432	0.0184845531875117	0.0351541278226776
"GSE319536_BC10"	"CGGCATTATCGCGTGG-1"	4	0.0758272574312956	"tme"	0.0447924767761408	0.0460599551318003	0.0351541278226776
"GSE319536_BC10"	"CGTACAGGCCGCACTG-1"	4	0.0769770050476725	"tme"	0.0350975379033263	0.0354549635445878	0.0351541278226776
"GSE319536_BC10"	"CGTAGCCTTGAGCAAG-1"	4	0	"tme"	0.0235537557755575	0.0228275799214806	0.0351541278226776
"GSE319536_BC10"	"CGTCAAGGCGGAATGT-1"	4	0.0722658440830062	"tme"	0.0478606411111752	0.0494161245092541	0.0351541278226776
"GSE319536_BC10"	"CGTCAGAACGTTGCCG-1"	4	0	"tme"	0.0381529482359988	0.0387971817162086	0.0351541278226776
"GSE319536_BC10"	"CTAAGCGTGCCTGCAA-1"	4	0.0333987661245093	"tme"	0.0369698596316403	0.0375030379510189	0.0351541278226776
"GSE319536_BC10"	"CTAAGCTCCACGATCA-1"	4	0	"tme"	0.0142567118675524	0.0126578332398579	0.0351541278226776
"GSE319536_BC10"	"CTAAGCTTACAGTACG-1"	4	0.0236399326977005	"tme"	0.0288435348684165	0.0286139044681249	0.0351541278226776
"GSE319536_BC10"	"CTAATGAGCGAGGCTA-1"	4	0.0187605159842961	"tme"	0.0420406159723801	0.0430497803327725	0.0351541278226776
"GSE319536_BC10"	"CTACAGAACCAGTTGA-1"	4	0	"tme"	0.0329517678007537	0.0331077724808375	0.0351541278226776
"GSE319536_BC10"	"CTACAGAATTAATGAC-1"	4	0	"tme"	0.0338119601014281	0.0340487100392597	0.0351541278226776
"GSE319536_BC10"	"CTACAGCGTCTACACT-1"	4	0.0459057767807067	"tme"	0.0376276243377078	0.0382225462703309	0.0351541278226776
"GSE319536_BC10"	"CTAGGCCAGGAGTACG-1"	4	0.00894559730790802	"tme"	0.0369453215292736	0.0374761964853243	0.0351541278226776
"GSE319536_BC10"	"CTATCGGATATCGGAG-1"	4	0.0736118900729108	"tme"	0.0559030800022476	0.0582134978500654	0.0351541278226776
"GSE319536_BC10"	"CTATGCCGTACAGCGT-1"	4	0.0225743129556927	"tme"	0.0437016741674324	0.0448667601420826	0.0351541278226776
"GSE319536_BC10"	"CTATGTAGGCCGAACG-1"	4	0.0482333146382501	"tme"	0.0366515180236072	0.0371548139839222	0.0351541278226776
"GSE319536_BC10"	"CTATTCCGGCCGTCGG-1"	4	0.0276500280426248	"tme"	0.0330978128777163	0.0332675266404936	0.0351541278226776
"GSE319536_BC10"	"CTCCTTATCTTAAGAC-1"	4	0.0488782950084128	"tme"	0.0473622309351214	0.0488709291456347	0.0351541278226776
"GSE319536_BC10"	"CTCGACAGCACTCGGA-1"	4	0.0400168255748738	"tme"	0.0370605860926632	0.0376022808001496	0.0351541278226776
"GSE319536_BC10"	"CTCGACTCCTAATGGA-1"	4	0.0771172181716209	"tme"	0.0474857418048958	0.0490060338381006	0.0351541278226776
"GSE319536_BC10"	"CTCGATGCGGTGTTAA-1"	4	0	"tme"	0.0195234525749052	0.0184189568143578	0.0351541278226776
"GSE319536_BC10"	"CTGAAGGTGCTCGAGG-1"	4	0.0461020751542344	"tme"	0.0315568345762587	0.0315818984856983	0.0351541278226776
"GSE319536_BC10"	"CTGACTCCGAATCTGC-1"	4	0.0325574873808188	"tme"	0.0349029549815289	0.0352421153486633	0.0351541278226776
"GSE319536_BC10"	"CTGACTGTGGCCGGTT-1"	4	0	"tme"	0.0524398705917088	0.0544252009721443	0.0351541278226776
"GSE319536_BC10"	"CTGCCGTGAAGTCGCA-1"	4	0.038250140213124	"tme"	0.0389431922041214	0.0396616049728921	0.0351541278226776
"GSE319536_BC10"	"CTGGTGCGTTCACGAG-1"	4	0.0675546831183399	"tme"	0.0541413784150226	0.0562864273696018	0.0351541278226776
"GSE319536_BC10"	"CTGGTGGCCAATAAGT-1"	4	0.0402411665731913	"tme"	0.0248261864869137	0.0242194522340624	0.0351541278226776
"GSE319536_BC10"	"CTGTCACTCGGCCTTA-1"	4	0.0440549635445878	"tme"	0.0333815712713047	0.0335779211067489	0.0351541278226776
"GSE319536_BC10"	"CTGTTCCAGAAGCTGA-1"	4	0.0760235558048233	"tme"	0.0447455967379782	0.0460086745186016	0.0351541278226776
"GSE319536_BC10"	"CTTAGCTACGCAAGGT-1"	4	0	"tme"	0.0518877184251329	0.0538212189194242	0.0351541278226776
"GSE319536_BC10"	"CTTAGTGCGTTGACGC-1"	4	0	"tme"	0.0316827766109724	0.0317196625537484	0.0351541278226776
"GSE319536_BC10"	"CTTCCGACGCACAACC-1"	4	0.0424845765563657	"tme"	0.0393078370361399	0.0400604785941297	0.0351541278226776
"GSE319536_BC10"	"CTTCCGTCGCTGCATC-1"	4	0.054823331463825	"tme"	0.0360080412183431	0.0364509347541597	0.0351541278226776
"GSE319536_BC10"	"CTTCGATAACATTGGT-1"	4	0.0356421761076837	"tme"	0.0375144106691703	0.0380987053654889	0.0351541278226776
"GSE319536_BC10"	"CTTCGATACTCCGACC-1"	4	0.0737801458216489	"tme"	0.0501471367821877	0.0519172508880165	0.0351541278226776
"GSE319536_BC10"	"CTTGATGCAATCACAA-1"	4	0	"tme"	0.0355329215169543	0.0359312161151617	0.0351541278226776
"GSE319536_BC10"	"CTTGGACAGGTTAGAA-1"	4	0	"tme"	0.0151633825728142	0.0136496120770237	0.0351541278226776
"GSE319536_BC10"	"GAACAGATAACCTTAA-1"	4	0.0375771172181716	"tme"	0.0335786494485056	0.0337934987848196	0.0351541278226776
"GSE319536_BC10"	"GAACTAACTCTACGTG-1"	4	0.0427089175546831	"tme"	0.0565212838011563	0.0588897317255562	0.0351541278226776
"GSE319536_BC10"	"GAACTACCTTATCATA-1"	4	0.0414469994391475	"tme"	0.0400715731882982	0.0408959057767807	0.0351541278226776
"GSE319536_BC10"	"GAACTGTAACTCAGGC-1"	4	0.0456533931575996	"tme"	0.04237484774282	0.0434153860534679	0.0351541278226776
"GSE319536_BC10"	"GAACTTGGTGAGGATA-1"	4	0.0960179472798654	"tme"	0.0420754854575647	0.0430879229762573	0.0351541278226776
"GSE319536_BC10"	"GACAACTTAACCAACC-1"	4	0.0453449242849131	"tme"	0.0400390152325199	0.0408602916432978	0.0351541278226776
"GSE319536_BC10"	"GACAAGCTGAATCTGG-1"	4	0.0253785754346607	"tme"	0.0359849771966514	0.0364257057393906	0.0351541278226776
"GSE319536_BC10"	"GACAGTCACTTCGCTC-1"	4	0.0372406057206955	"tme"	0.0424816694557348	0.0435322349971957	0.0351541278226776
"GSE319536_BC10"	"GACCGAATCTAATACG-1"	4	0.0464105440269209	"tme"	0.0380794578371293	0.0387167928584782	0.0351541278226776
"GSE319536_BC10"	"GACGCAGCGTCAAGTT-1"	4	0	"tme"	0.0348883551738	0.0352261450738456	0.0351541278226776
"GSE319536_BC10"	"GACGGCTTAGGTGCGA-1"	4	0.0430454290521593	"tme"	0.0495543128070746	0.0512687792110675	0.0351541278226776
"GSE319536_BC10"	"GACTACGAGTTCCATT-1"	4	0.0743690409422322	"tme"	0.0507576753615863	0.0525851000186951	0.0351541278226776
"GSE319536_BC10"	"GAGCCAGCTTACGGTA-1"	4	0	"tme"	0.0314582890786118	0.0314741026360067	0.0351541278226776
"GSE319536_BC10"	"GAGCTACAGCTCGGTA-1"	4	0.042372406057207	"tme"	0.0399393075611235	0.0407512245279492	0.0351541278226776
"GSE319536_BC10"	"GAGGATCCAGAACTGG-1"	4	0.061581604038138	"tme"	0.0544135022530225	0.0565840951579734	0.0351541278226776
"GSE319536_BC10"	"GAGGATGATAGGAAGG-1"	4	0.0455973079080202	"tme"	0.053909029119062	0.0560322677135913	0.0351541278226776
"GSE319536_BC10"	"GAGGTATTAATAGCGG-1"	4	0.042456533931576	"tme"	0.0526380724883808	0.0546420078519349	0.0351541278226776
"GSE319536_BC10"	"GAGGTGCATTCGGATC-1"	4	0.0488502523836231	"tme"	0.0473602142218501	0.0488687231258179	0.0351541278226776
"GSE319536_BC10"	"GAGTAGGATGGTAGTC-1"	4	0	"tme"	0.0402174644481469	0.041055491680688	0.0351541278226776
"GSE319536_BC10"	"GAGTCTGGTGAATGAG-1"	4	0.0483454851374089	"tme"	0.0402655023873614	0.041108038885773	0.0351541278226776
"GSE319536_BC10"	"GAGTGCCGCATTAGGC-1"	4	0	"tme"	0.0436513332442068	0.0448116937745373	0.0351541278226776
"GSE319536_BC10"	"GAGTTAATCTCGTTAT-1"	4	0.02192933258553	"tme"	0.0327699986990847	0.0329089409235371	0.0351541278226776
"GSE319536_BC10"	"GATAGATGTTGAAGAT-1"	4	0	"tme"	0.0228147029974846	0.0220191531127314	0.0351541278226776
"GSE319536_BC10"	"GATCCACCGCGTGCAA-1"	4	0.0284071789119462	"tme"	0.0336841423524641	0.0339088941858291	0.0351541278226776
"GSE319536_BC10"	"GATCGTAACATTAATA-1"	4	0	"tme"	0.0203094708450928	0.0192787577117218	0.0351541278226776
"GSE319536_BC10"	"GATTCCGCTGCAAGAT-1"	4	0.0323611890072911	"tme"	0.0384264692461167	0.0390963778276313	0.0351541278226776
"GSE319536_BC10"	"GCAACATACATCAGCA-1"	4	0.07192933258553	"tme"	0.0522005909802269	0.054163460459899	0.0351541278226776
"GSE319536_BC10"	"GCAATTCCTATCATAC-1"	4	0	"tme"	0.0225191775946819	0.0216958870816975	0.0351541278226776
"GSE319536_BC10"	"GCACAGCTGTGGTTGA-1"	4	0.0538979248457656	"tme"	0.0328520644020549	0.0329987100392597	0.0351541278226776
"GSE319536_BC10"	"GCACCTTACTGGCTAC-1"	4	0.0508973639932698	"tme"	0.0394182435423484	0.0401812488315573	0.0351541278226776
"GSE319536_BC10"	"GCACGCATAGGCGATC-1"	4	0	"tme"	0.030864196112309	0.0308242428491307	0.0351541278226776
"GSE319536_BC10"	"GCACTGAATATGACAG-1"	4	0	"tme"	0.0285004116142529	0.0282385726303982	0.0351541278226776
"GSE319536_BC10"	"GCAGATCCTAATGTGG-1"	4	0.0406337633202468	"tme"	0.0378202375459076	0.0384332398579174	0.0351541278226776
"GSE319536_BC10"	"GCAGGCCATTCCTGCC-1"	4	0.0379977565900168	"tme"	0.0347215276956687	0.0350436576930268	0.0351541278226776
"GSE319536_BC10"	"GCATGACGGATTATCA-1"	4	0.0370443073471677	"tme"	0.0359869725464347	0.0364278883903534	0.0351541278226776
"GSE319536_BC10"	"GCATTACCTGTCAAGA-1"	4	0.0512619181155356	"tme"	0.0306740995230007	0.0306163021125444	0.0351541278226776
"GSE319536_BC10"	"GCCAGACATCTATCAC-1"	4	0	"tme"	0.0412553582423669	0.0421908113666106	0.0351541278226776
"GSE319536_BC10"	"GCCAGTAGACGATACC-1"	4	0.0281267526640494	"tme"	0.0491007702286097	0.0507726631146009	0.0351541278226776
"GSE319536_BC10"	"GCCAGTTCCTCGTGCC-1"	4	0.0597307908020191	"tme"	0.0452246302303766	0.0465326743316508	0.0351541278226776
"GSE319536_BC10"	"GCCGAGTCCTCGTCCA-1"	4	0.0212002243409983	"tme"	0.0462955434317165	0.0477041129183025	0.0351541278226776
"GSE319536_BC10"	"GCCGCTGATTGGCCAG-1"	4	0.0101233875490746	"tme"	0.0514992020315747	0.0533962329407366	0.0351541278226776
"GSE319536_BC10"	"GCCGGTATGCTCATGC-1"	4	0.0515984296130118	"tme"	0.0462578838749935	0.0476629183024864	0.0351541278226776
"GSE319536_BC10"	"GCCTCCTGCGGCCGTT-1"	4	0.0655356141334829	"tme"	0.0478410422472441	0.0493946859226023	0.0351541278226776
"GSE319536_BC10"	"GCCTTGGCGAACAATC-1"	4	0.0448401570386988	"tme"	0.0494788612400028	0.0511862450925407	0.0351541278226776
"GSE319536_BC10"	"GCGAATCGAGAACACG-1"	4	0.0419237240605721	"tme"	0.045034875456877	0.0463251074967284	0.0351541278226776
"GSE319536_BC10"	"GCGACACTAAGCTAAG-1"	4	0.0462983735277622	"tme"	0.0346851243120426	0.0350038371658254	0.0351541278226776
"GSE319536_BC10"	"GCGAGCGGACCATAAC-1"	4	0.0565619742007852	"tme"	0.0378920701381049	0.0385118152925781	0.0351541278226776
"GSE319536_BC10"	"GCGTACCGTGTATCAG-1"	4	0.0211721817162086	"tme"	0.0378629602492969	0.0384799728921294	0.0351541278226776
"GSE319536_BC10"	"GCGTCGGAATGCTGCC-1"	4	0.0223499719573752	"tme"	0.0485127829471897	0.0501294821461956	0.0351541278226776
"GSE319536_BC10"	"GCTACTTCTGACGCGA-1"	4	0.0638250140213124	"tme"	0.0248449265386254	0.0242399513927837	0.0351541278226776
"GSE319536_BC10"	"GCTCATACAATTAGAC-1"	4	0.0410824453168817	"tme"	0.0502487244405319	0.0520283744625164	0.0351541278226776
"GSE319536_BC10"	"GCTGTAGTGCTGTCGC-1"	4	0	"tme"	0.0381542129544909	0.0387985651523649	0.0351541278226776
"GSE319536_BC10"	"GCTTCGGCATCAGAGT-1"	4	0.0461301177790241	"tme"	0.0368013871649296	0.0373187511684427	0.0351541278226776
"GSE319536_BC10"	"GCTTCTAGCGTTCATT-1"	4	0.044559730790802	"tme"	0.0396137322760389	0.040395087866891	0.0351541278226776
"GSE319536_BC10"	"GCTTCTTGGACGAGCG-1"	4	0.0437184520471116	"tme"	0.0498071582334641	0.0515453589455973	0.0351541278226776
"GSE319536_BC10"	"GCTTGCCATAGTGGAT-1"	4	0.0669377453729669	"tme"	0.0333914326573856	0.0335887081697514	0.0351541278226776
"GSE319536_BC10"	"GCTTGGATGCTCGCTT-1"	4	0.0812675266404936	"tme"	0.0424621816819416	0.0435109179285848	0.0351541278226776
"GSE319536_BC10"	"GGAAGAATAACTAACC-1"	4	0.0293325855300056	"tme"	0.0273972950910363	0.0270319078332399	0.0351541278226776
"GSE319536_BC10"	"GGACGGTGCAGTAGGA-1"	4	0.0764441951766685	"tme"	0.0382790569059193	0.0389351280613199	0.0351541278226776
"GSE319536_BC10"	"GGAGCGGCACCTCGTA-1"	4	0.0393157599551318	"tme"	0.0374857152320304	0.0380673163208076	0.0351541278226776
"GSE319536_BC10"	"GGAGTGTCCATGTATT-1"	4	0.0751822770611329	"tme"	0.0260760018098271	0.0255865862778089	0.0351541278226776
"GSE319536_BC10"	"GGATAATTCAATGCTG-1"	4	0.0825014021312395	"tme"	0.0602982972148678	0.0630212890259862	0.0351541278226776
"GSE319536_BC10"	"GGCAAGACAATCAGCT-1"	4	0.0159001682557487	"tme"	0.0163122853236055	0.0149063610020565	0.0351541278226776
"GSE319536_BC10"	"GGCAATGCGAACTTAA-1"	4	0.0604318564217611	"tme"	0.0382084377598428	0.0388578799775659	0.0351541278226776
"GSE319536_BC10"	"GGCACGACGGACGTCG-1"	4	0	"tme"	0.0410655650145888	0.041983202467751	0.0351541278226776
"GSE319536_BC10"	"GGCAGCGTATACGACT-1"	4	0	"tme"	0.0373588545673307	0.0379285473920359	0.0351541278226776
"GSE319536_BC10"	"GGCCTTCGACCAGGTA-1"	4	0.0365956253505328	"tme"	0.0400659289547571	0.0408897317255562	0.0351541278226776
"GSE319536_BC10"	"GGCGCCACCGGAGCAA-1"	4	0.0229669097027482	"tme"	0.0357280769802312	0.0361446905963732	0.0351541278226776
"GSE319536_BC10"	"GGCGGAGCACTGATAA-1"	4	0.0436623667975323	"tme"	0.0575294268019269	0.0599925079454104	0.0351541278226776
"GSE319536_BC10"	"GGCGTGGCACGGCACT-1"	4	0.0933258553000561	"tme"	0.0363010841838352	0.0367714853243597	0.0351541278226776
"GSE319536_BC10"	"GGCTCAATCAACATGA-1"	4	0.0263039820527201	"tme"	0.0383246380440088	0.0389849878481959	0.0351541278226776
"GSE319536_BC10"	"GGCTGACGCCGAATCA-1"	4	0.0391475042063937	"tme"	0.0419730560777915	0.0429758786689101	0.0351541278226776
"GSE319536_BC10"	"GGCTTGCCATAGGCTC-1"	4	0.0465507571508693	"tme"	0.0383334184375947	0.0389945924471864	0.0351541278226776
"GSE319536_BC10"	"GGTAAGGCGACGATGA-1"	4	0.126612450925407	"tme"	0.043077898770842	0.0441844316694709	0.0351541278226776
"GSE319536_BC10"	"GGTACCAGGTAGTGTT-1"	4	0.0414469994391475	"tme"	0.0374068796884524	0.0379810805758086	0.0351541278226776
"GSE319536_BC10"	"GGTAGCCATCAATCCG-1"	4	0.0666292765002804	"tme"	0.0543646482285647	0.0565306552626659	0.0351541278226776
"GSE319536_BC10"	"GGTGGCTTATTGCGTG-1"	4	0.067891194615816	"tme"	0.0370148895917383	0.037552294821462	0.0351541278226776
"GSE319536_BC10"	"GTAACACCGAGCGTTA-1"	4	0.052804262478968	"tme"	0.0371115978294134	0.0376580809497102	0.0351541278226776
"GSE319536_BC10"	"GTAATCACGCACAGCT-1"	4	0.0497195737521032	"tme"	0.0445122091764987	0.0457533791362872	0.0351541278226776
"GSE319536_BC10"	"GTACAACTCGGCAGAA-1"	4	0.0480931015143017	"tme"	0.0311613195040174	0.0311492568704431	0.0351541278226776
"GSE319536_BC10"	"GTACCTGAAGTGAATG-1"	4	0.0775659001682558	"tme"	0.0529091708789546	0.054938553935315	0.0351541278226776
"GSE319536_BC10"	"GTACGAAGGATTATTG-1"	4	0.0216489063376332	"tme"	0.0300900559414736	0.0299774350345859	0.0351541278226776
"GSE319536_BC10"	"GTACTTAACTTCAGCG-1"	4	0.0503365114974762	"tme"	0.04725731484534	0.0487561647036829	0.0351541278226776
"GSE319536_BC10"	"GTATCTACAGATCTCC-1"	4	0.0309590577678071	"tme"	0.0294847770528312	0.02931533931576	0.0351541278226776
"GSE319536_BC10"	"GTATCTGTCAACGGTG-1"	4	0.0882781828379136	"tme"	0.0490937501864386	0.0507649841091793	0.0351541278226776
"GSE319536_BC10"	"GTATGCTTGCGACTAA-1"	4	0.0317162086371284	"tme"	0.0374851597813412	0.0380667087306039	0.0351541278226776
"GSE319536_BC10"	"GTATGTAGCTCACCTT-1"	4	0.0319966348850252	"tme"	0.0348149844104635	0.0351458870816975	0.0351541278226776
"GSE319536_BC10"	"GTATTCCAAGTTACCT-1"	4	0.0795008412787437	"tme"	0.0462885661165215	0.0476964806505889	0.0351541278226776
"GSE319536_BC10"	"GTCAACCTGACGATAG-1"	4	0.0446438586651711	"tme"	0.038197867105959	0.038846317068611	0.0351541278226776
"GSE319536_BC10"	"GTCACTTATGAATGCG-1"	4	0.0416993830622546	"tme"	0.0317632528704321	0.031807693026734	0.0351541278226776
"GSE319536_BC10"	"GTCAGCCATTGTGCGG-1"	4	0.0449242849130679	"tme"	0.0213265224203776	0.0203912787436904	0.0351541278226776
"GSE319536_BC10"	"GTCAGTGAGGATCGTT-1"	4	0.027986539540101	"tme"	0.0388866644147584	0.0395997709852309	0.0351541278226776
"GSE319536_BC10"	"GTCCTTCATCAGATCA-1"	4	0.093073471676949	"tme"	0.0538800687746703	0.0560005888951206	0.0351541278226776
"GSE319536_BC10"	"GTCGTGTTCATGTCAG-1"	4	0	"tme"	0.034714798196935	0.0350362965040194	0.0351541278226776
"GSE319536_BC10"	"GTCTAATACGGCTAAG-1"	4	0.0816040381379697	"tme"	0.0402794826539371	0.041123331463825	0.0351541278226776
"GSE319536_BC10"	"GTCTGATATCTGAATT-1"	4	0.0645821648906338	"tme"	0.0467881982840914	0.0482430127126566	0.0351541278226776
"GSE319536_BC10"	"GTCTTCGATAGGTGTT-1"	4	0.05263600673023	"tme"	0.0247777810957049	0.0241665030846887	0.0351541278226776
"GSE319536_BC10"	"GTCTTGAACAATTACA-1"	4	0.0173864273696018	"tme"	0.0347969237176716	0.0351261310525332	0.0351541278226776
"GSE319536_BC10"	"GTCTTGCTGGACGATA-1"	4	0.0418956814357824	"tme"	0.0422609760788507	0.043290825387923	0.0351541278226776
"GSE319536_BC10"	"GTGAACATTCAACGAT-1"	4	0.0723219293325855	"tme"	0.0528742415760036	0.0549003458590391	0.0351541278226776
"GSE319536_BC10"	"GTGACAAGATGCTCAT-1"	4	0.043073471676949	"tme"	0.0391724907939894	0.0399124275565526	0.0351541278226776
"GSE319536_BC10"	"GTGACTTCCTCACGAC-1"	4	0.0377453729669097	"tme"	0.0351244687163539	0.0354844223219293	0.0351541278226776
"GSE319536_BC10"	"GTGCCTGACACGTTGG-1"	4	0.0627313516545149	"tme"	0.0480812191252239	0.0496574079267153	0.0351541278226776
"GSE319536_BC10"	"GTGCTCAATGCAACCT-1"	4	0	"tme"	0.0231619622229334	0.0223990091605908	0.0351541278226776
"GSE319536_BC10"	"GTGGTTGCCGCTTCAA-1"	4	0.0607403252944476	"tme"	0.0512296503575352	0.0531013787623855	0.0351541278226776
"GSE319536_BC10"	"GTTAACTCCGACCACT-1"	4	0.0329781267526641	"tme"	0.0379400183506697	0.0385642643484764	0.0351541278226776
"GSE319536_BC10"	"GTTAGGTACTAACTGG-1"	4	0.0568984856982614	"tme"	0.0228431719816514	0.0220502944475603	0.0351541278226776
"GSE319536_BC10"	"GTTGACGAACCAGAAC-1"	4	0.0512058328659563	"tme"	0.0418909433751477	0.0428860581417087	0.0351541278226776
"GSE319536_BC10"	"GTTGACGTCAGATTAG-1"	4	0	"tme"	0.0149557593779151	0.0134224995326229	0.0351541278226776
"GSE319536_BC10"	"GTTGTCCTGTGATGTA-1"	4	0.0364273696017947	"tme"	0.0372075711630998	0.0377630631893812	0.0351541278226776
"GSE319536_BC10"	"TAACATGGCCACCTCC-1"	4	0.0553561413348289	"tme"	0.0343434153207876	0.0346300523462329	0.0351541278226776
"GSE319536_BC10"	"TAACGAGTTGCCAACC-1"	4	0.0572910824453169	"tme"	0.0432649403813601	0.0443890306599364	0.0351541278226776
"GSE319536_BC10"	"TAACGTCACTATAATC-1"	4	0.0601514301738643	"tme"	0.0522017104270004	0.0541646849878482	0.0351541278226776
"GSE319536_BC10"	"TAACTCCAACATGGAC-1"	4	0.00650588895120583	"tme"	0.0296037973174189	0.0294455318751169	0.0351541278226776
"GSE319536_BC10"	"TACAAGCGCCTCTACA-1"	4	0.0416713404374649	"tme"	0.0375704342802155	0.0381599878481959	0.0351541278226776
"GSE319536_BC10"	"TACAAGCGGAAGTACG-1"	4	0.0619461581604038	"tme"	0.0507459895336266	0.0525723172555618	0.0351541278226776
"GSE319536_BC10"	"TACAAGTGTCTGTCCG-1"	4	0.0333146382501402	"tme"	0.0318560045901216	0.031909151243223	0.0351541278226776
"GSE319536_BC10"	"TACACTTCGAGGTGAC-1"	4	0.0212843522153674	"tme"	0.03491626443458	0.0352566741446999	0.0351541278226776
"GSE319536_BC10"	"TACATCGTCAGCGGTT-1"	4	0.0786595625350533	"tme"	0.0460329989817553	0.0474169237240606	0.0351541278226776
"GSE319536_BC10"	"TACTATGTTGAATCTT-1"	4	0	"tme"	0.0322481698674377	0.0323381286221724	0.0351541278226776
"GSE319536_BC10"	"TACTCCTACATCAACT-1"	4	0.0339596186203029	"tme"	0.044181797197721	0.0453919517666854	0.0351541278226776
"GSE319536_BC10"	"TAGACCGGCCAGTACG-1"	4	0.0759113853056646	"tme"	0.037510210607421	0.0380941110487942	0.0351541278226776
"GSE319536_BC10"	"TAGAGGCGATTGATTC-1"	4	0.047195737521032	"tme"	0.042898445471277	0.0439881332959432	0.0351541278226776
"GSE319536_BC10"	"TAGCGTATAGCGCTAA-1"	4	0.0182277061132922	"tme"	0.0248037548244681	0.0241949149373715	0.0351541278226776
"GSE319536_BC10"	"TAGCTACCATACTGCT-1"	4	0.0466068424004487	"tme"	0.0366879214072332	0.0371946345111236	0.0351541278226776
"GSE319536_BC10"	"TAGCTACCTGTAGGAT-1"	4	0	"tme"	0.0193127231288446	0.0181884464385866	0.0351541278226776
"GSE319536_BC10"	"TAGCTCGAATCGTCCG-1"	4	0.052804262478968	"tme"	0.0376523803476526	0.0382496260983361	0.0351541278226776
"GSE319536_BC10"	"TAGCTTAAGCTGGCGT-1"	4	0.0808188446438587	"tme"	0.0489204752076158	0.0505754440082258	0.0351541278226776
"GSE319536_BC10"	"TAGGATGCACCGTTCA-1"	4	0.0627874369040942	"tme"	0.0446383904822785	0.045891404935502	0.0351541278226776
"GSE319536_BC10"	"TAGGTCTTGGCTCGTC-1"	4	0.0689848569826136	"tme"	0.0388134474685359	0.0395196812488316	0.0351541278226776
"GSE319536_BC10"	"TAGTATCCAATTACGT-1"	4	0.0782108805384184	"tme"	0.0373578675741831	0.0379274677509815	0.0351541278226776
"GSE319536_BC10"	"TAGTGAGGACATGTTG-1"	4	0.0621985417835109	"tme"	0.0476535306399891	0.0491895728173491	0.0351541278226776
"GSE319536_BC10"	"TAGTGATGACTCCTGG-1"	4	0.0755187885586091	"tme"	0.0324925681706548	0.032605468311834	0.0351541278226776
"GSE319536_BC10"	"TATCCACTTGCGTATC-1"	4	0.0278743690409422	"tme"	0.0510046714649496	0.0528552813610021	0.0351541278226776
"GSE319536_BC10"	"TATGACAATGCTTGAA-1"	4	0.0502804262478968	"tme"	0.0470149118919061	0.0484910076649841	0.0351541278226776
"GSE319536_BC10"	"TATGGCAGTTCGTCTA-1"	4	0	"tme"	0.032816336104651	0.0329596279678445	0.0351541278226776
"GSE319536_BC10"	"TATGGCCATAATAGAC-1"	4	0.12896803140774	"tme"	0.0284736687999201	0.0282093194989718	0.0351541278226776
"GSE319536_BC10"	"TATTCGGTGGAGATTC-1"	4	0	"tme"	0.0274710760333432	0.0271126145073846	0.0351541278226776
"GSE319536_BC10"	"TATTCTCAGCGGCTGG-1"	4	0.0422602355580482	"tme"	0.0265714980061118	0.0261285941297439	0.0351541278226776
"GSE319536_BC10"	"TATTGATCGTGATCTT-1"	4	0.0450364554122266	"tme"	0.0397376661428766	0.0405306552626659	0.0351541278226776
"GSE319536_BC10"	"TCAAGGCCATAGCCTG-1"	4	0.0635445877734156	"tme"	0.0322218201412849	0.0323093054776594	0.0351541278226776
"GSE319536_BC10"	"TCACGATACCTAGCCA-1"	4	0.0428491306786315	"tme"	0.0337956896689342	0.0340309123200598	0.0351541278226776
"GSE319536_BC10"	"TCAGCTACCAACTCCG-1"	4	0.0809310151430174	"tme"	0.0436800799537181	0.0448431389044681	0.0351541278226776
"GSE319536_BC10"	"TCAGGATACACTACAA-1"	4	0.0706954570947841	"tme"	0.0403383903358681	0.0411877687418209	0.0351541278226776
"GSE319536_BC10"	"TCAGTCAGCGATCAGA-1"	4	0.0254066180594504	"tme"	0.0308858800526731	0.030847962235932	0.0351541278226776
"GSE319536_BC10"	"TCAGTTCAGAATCTCG-1"	4	0.0371564778463264	"tme"	0.0366491253129463	0.0371521966722752	0.0351541278226776
"GSE319536_BC10"	"TCAGTTCTCCGGACCG-1"	4	0.0413348289399888	"tme"	0.0463841933617016	0.0478010843148252	0.0351541278226776
"GSE319536_BC10"	"TCATCGGCCTGTGCGG-1"	4	0.0149186763881099	"tme"	0.016520570786634	0.015134197980931	0.0351541278226776
"GSE319536_BC10"	"TCCAACGAAGATGCTT-1"	4	0.020527201346046	"tme"	0.0282144997810698	0.0279258225836605	0.0351541278226776
"GSE319536_BC10"	"TCCAACTAAGACTCCA-1"	4	0.0801177790241167	"tme"	0.0537167107269972	0.0558218966161899	0.0351541278226776
"GSE319536_BC10"	"TCCAAGACCGCTTGAT-1"	4	0.01578799775659	"tme"	0.0317890514185934	0.031835913254814	0.0351541278226776
"GSE319536_BC10"	"TCCATGATGTGATCAA-1"	4	0.0211160964666293	"tme"	0.0193644825876763	0.018245064498037	0.0351541278226776
"GSE319536_BC10"	"TCCATGCGTCCACCAG-1"	4	0.0866517106001122	"tme"	0.0416859307984875	0.0426618012712657	0.0351541278226776
"GSE319536_BC10"	"TCCGCCAAGGTCCGTT-1"	4	0.0536735838474481	"tme"	0.0428539410529849	0.0439394512993083	0.0351541278226776
"GSE319536_BC10"	"TCCGCCTTGTTCTGAT-1"	4	0.0520751542344364	"tme"	0.0481925058071398	0.0497791409609273	0.0351541278226776
"GSE319536_BC10"	"TCCGGCTATGCTCAGT-1"	4	0	"tme"	0.0379874153852429	0.0386161104879417	0.0351541278226776
"GSE319536_BC10"	"TCCTATCCTCGAATCA-1"	4	0	"tme"	0.0336456197108242	0.0338667554683118	0.0351541278226776
"GSE319536_BC10"	"TCCTCAATGAGGAACG-1"	4	0.0550476724621425	"tme"	0.0390473392083332	0.0397755281361002	0.0351541278226776
"GSE319536_BC10"	"TCCTCACGTGTAGACG-1"	4	0.0539259674705552	"tme"	0.0268127387857961	0.0263924799027856	0.0351541278226776
"GSE319536_BC10"	"TCCTTCCAACCGCAAC-1"	4	0.0275098149186764	"tme"	0.0222408327089638	0.0213914142830436	0.0351541278226776
"GSE319536_BC10"	"TCGAGTGGTAGGTCAC-1"	4	0.0168255748738082	"tme"	0.0349897676515423	0.0353370770237428	0.0351541278226776
"GSE319536_BC10"	"TCGGAATCAGCCTAAC-1"	4	0.0532529444756029	"tme"	0.025237895083092	0.0246698074406431	0.0351541278226776
"GSE319536_BC10"	"TCGGAGCGTTACCTCG-1"	4	0	"tme"	0.0152102113386054	0.0137008366049729	0.0351541278226776
"GSE319536_BC10"	"TCGGCGCAGAATGTCT-1"	4	0.025967470555244	"tme"	0.0368800688913937	0.037404818657693	0.0351541278226776
"GSE319536_BC10"	"TCGGTGTCTAACCAAG-1"	4	0.0727706113292204	"tme"	0.0547136891689163	0.0569124602729482	0.0351541278226776
"GSE319536_BC10"	"TCGTATTCTGAGTGGC-1"	4	0	"tme"	0.0308102447596041	0.0307652271452608	0.0351541278226776
"GSE319536_BC10"	"TCGTCCAGCATGGCTT-1"	4	0.0436623667975323	"tme"	0.0412200315785382	0.0421521686296504	0.0351541278226776
"GSE319536_BC10"	"TCTAACTCTATGTTCT-1"	4	0.0579080201906899	"tme"	0.0356013957688312	0.036006117965975	0.0351541278226776
"GSE319536_BC10"	"TCTACACTAATTACTC-1"	4	0.0473359506449804	"tme"	0.0348462691023544	0.0351801084314825	0.0351541278226776
"GSE319536_BC10"	"TCTACACTGAGCTTCT-1"	4	0.0469153112731352	"tme"	0.0289272583780588	0.0287054870069172	0.0351541278226776
"GSE319536_BC10"	"TCTACAGGTACGCAGT-1"	4	0	"tme"	0.0324124935447703	0.0325178771733034	0.0351541278226776
"GSE319536_BC10"	"TCTACATGTCCGACTT-1"	4	0	"tme"	0.0367484185326747	0.0372608104318564	0.0351541278226776
"GSE319536_BC10"	"TCTACTCCGACTCGGC-1"	4	0.00358945597307908	"tme"	0.0357123278168456	0.0361274630772107	0.0351541278226776
"GSE319536_BC10"	"TCTATTCTGCATTGGC-1"	4	0.0374088614694335	"tme"	0.0363917294636035	0.0368706393718452	0.0351541278226776
"GSE319536_BC10"	"TCTGCGTGCTTCAGAC-1"	4	0.0291082445316882	"tme"	0.040487511755109	0.0413508880164517	0.0351541278226776
"GSE319536_BC10"	"TCTTAGTCGTCTCGGC-1"	4	0.0603196859226024	"tme"	0.0415277170787353	0.0424887362123762	0.0351541278226776
"GSE319536_BC10"	"TCTTCGCCATTCGAAT-1"	4	0.0790241166573191	"tme"	0.0328664933018794	0.0330144933632455	0.0351541278226776
"GSE319536_BC10"	"TGAAGCACCGTCATGA-1"	4	0	"tme"	0.0304335893746075	0.0303532155543092	0.0351541278226776
"GSE319536_BC10"	"TGAAGTATGATCGTGC-1"	4	0.0639371845204711	"tme"	0.0532697267393616	0.0553329547578987	0.0351541278226776
"GSE319536_BC10"	"TGACAGTACTATTCTA-1"	4	0	"tme"	0.0140672860917687	0.012450626285287	0.0351541278226776
"GSE319536_BC10"	"TGACCAATCAGCCACG-1"	4	0.0021312394840157	"tme"	0.0318465961099873	0.0318988595999252	0.0351541278226776
"GSE319536_BC10"	"TGAGTGAGATCGCTAA-1"	4	0.041839596186203	"tme"	0.0437692297893234	0.0449406571321742	0.0351541278226776
"GSE319536_BC10"	"TGATCGGACCTGGATG-1"	4	0.078855860908581	"tme"	0.0314942780105698	0.0315134698074406	0.0351541278226776
"GSE319536_BC10"	"TGCAACGTTACCTGGT-1"	4	0.0454290521592821	"tme"	0.03310041495056	0.0332703729669097	0.0351541278226776
"GSE319536_BC10"	"TGCACGAGTAGAGTTA-1"	4	0.0833426808749299	"tme"	0.0145410299845275	0.0129688399700879	0.0351541278226776
"GSE319536_BC10"	"TGCACGTAGTTCGAAG-1"	4	0.0605720695457095	"tme"	0.0372834115456541	0.0378460226210507	0.0351541278226776
"GSE319536_BC10"	"TGCAGACAATACTGTT-1"	4	0.0128715647784633	"tme"	0.0442610642837575	0.0454786595625351	0.0351541278226776
"GSE319536_BC10"	"TGCAGTCGAGCACCAA-1"	4	0.0194615816040381	"tme"	0.0324252005474586	0.0325317769676575	0.0351541278226776
"GSE319536_BC10"	"TGCATTGCTGTCGGCG-1"	4	0.0475602916432978	"tme"	0.0354005789812227	0.0357864507384558	0.0351541278226776
"GSE319536_BC10"	"TGCCTAAGTTAATTAT-1"	4	0.0477285473920359	"tme"	0.0570008214718725	0.0594142830435595	0.0351541278226776
"GSE319536_BC10"	"TGCGGACTCACGTGAT-1"	4	0	"tme"	0.051015007120465	0.0528665872125631	0.0351541278226776
"GSE319536_BC10"	"TGCGTTATGTTCCGGA-1"	4	0.0470274817722939	"tme"	0.0354517146262035	0.0358423864273696	0.0351541278226776
"GSE319536_BC10"	"TGCTATCCATGTAATA-1"	4	0.0454290521592821	"tme"	0.0413141206525792	0.0422550897363993	0.0351541278226776
"GSE319536_BC10"	"TGGCCAGATCCGGACA-1"	4	0.0218732473359506	"tme"	0.0379343570263381	0.0385580716021686	0.0351541278226776
"GSE319536_BC10"	"TGGCTCCGCATCAGAT-1"	4	0.0908300616937745	"tme"	0.0409728261129922	0.0418817582725743	0.0351541278226776
"GSE319536_BC10"	"TGGTACGGACGTAGTT-1"	4	0.046578799775659	"tme"	0.0271713719322792	0.02678477752851	0.0351541278226776
"GSE319536_BC10"	"TGGTAGCATCAAGTCT-1"	4	0.0455412226584408	"tme"	0.0521469899887259	0.0541048280052346	0.0351541278226776
"GSE319536_BC10"	"TGGTAGCCAGTTGACA-1"	4	0.0462142456533932	"tme"	0.0478013958861331	0.0493513180033651	0.0351541278226776
"GSE319536_BC10"	"TGGTATGCAAGTCTAT-1"	4	0.0635445877734156	"tme"	0.0317133306715722	0.0317530846887269	0.0351541278226776
"GSE319536_BC10"	"TGGTCGCCGGCTTACT-1"	4	0.0364273696017947	"tme"	0.0462846865070928	0.047692236866704	0.0351541278226776
"GSE319536_BC10"	"TGGTCTGCTCAGGTTG-1"	4	0.0404094223219293	"tme"	0.0441805922969954	0.0453906337633203	0.0351541278226776
"GSE319536_BC10"	"TGTAAGATCTTCACAT-1"	4	0.0624228827818284	"tme"	0.0401311046840801	0.0409610254253131	0.0351541278226776
"GSE319536_BC10"	"TGTAAGGTGAGCGACC-1"	4	0.0299495232753786	"tme"	0.0379041618723375	0.0385250420639372	0.0351541278226776
"GSE319536_BC10"	"TGTCAGTGGCTTCCAT-1"	4	0.0860067302299495	"tme"	0.0288828693226021	0.0286569312020939	0.0351541278226776
"GSE319536_BC10"	"TGTCTGTAAGCGAACT-1"	4	0.0398205272013461	"tme"	0.0372543700200078	0.0378142550009348	0.0351541278226776
"GSE319536_BC10"	"TGTTGCGTCCAAGATT-1"	4	0.0297812675266405	"tme"	0.0376581613075171	0.0382559497102262	0.0351541278226776
"GSE319536_BC10"	"TGTTGGAACGAGGTCA-1"	4	0.0190409422321929	"tme"	0.0414630156188469	0.0424179613011778	0.0351541278226776
"GSE319536_BC10"	"AACAGGTTATTGCACC-1"	5	0.0404094223219293	"baseline"	0.0400170951479101	0.0405837726677884	0.0395174461477743
"GSE319536_BC10"	"AACCAAGGTATCAGGC-1"	5	0	"baseline"	0.0377319995307461	0.0370069125070107	0.0395174461477743
"GSE319536_BC10"	"AACGAGCTAATAACTA-1"	5	0.0289680314077398	"baseline"	0.0420073786302306	0.0436991633950271	0.0395174461477743
"GSE319536_BC10"	"AACTAGGCCTGACACC-1"	5	0	"baseline"	0.0492100915023632	0.0549735698261357	0.0395174461477743
"GSE319536_BC10"	"AACTATGTGCTTGTTA-1"	5	0	"baseline"	0.0322065442439114	0.0283579173677323	0.0395174461477743
"GSE319536_BC10"	"AACTATTCTGCGGCCT-1"	5	0	"baseline"	0.0303007636605152	0.0253747990278557	0.0395174461477743
"GSE319536_BC10"	"AACTGCTACCTCGATA-1"	5	0	"baseline"	0.0163459881946455	0.00353138904468125	0.0395174461477743
"GSE319536_BC10"	"AAGACTCAAGGCTCCA-1"	5	0.0258553000560853	"baseline"	0.0359856580412606	0.0342733641802206	0.0395174461477743
"GSE319536_BC10"	"AAGGCAGTCTGATCAC-1"	5	0.043157599551318	"baseline"	0.0321814719552195	0.0283186717143391	0.0395174461477743
"GSE319536_BC10"	"AAGGCCAATTCAATAA-1"	5	0.0243690409422322	"baseline"	0.0351919739461863	0.0330310104692466	0.0395174461477743
"GSE319536_BC10"	"AAGGCCGATTCTGAGC-1"	5	0	"baseline"	0.053235530010944	0.0612745887081697	0.0395174461477743
"GSE319536_BC10"	"AAGGCGAGGTTCATGT-1"	5	0.023948401570387	"baseline"	0.0502217226700212	0.0565570760889886	0.0395174461477743
"GSE319536_BC10"	"AAGTACTACAGTAGAA-1"	5	0	"baseline"	0.0203831581575875	0.00985077117218172	0.0395174461477743
"GSE319536_BC10"	"AAGTGGACGAATCTAC-1"	5	0	"baseline"	0.0294983220302816	0.0241187371471303	0.0395174461477743
"GSE319536_BC10"	"AATAGTTGGTGCTCAG-1"	5	0.0293606281547953	"baseline"	0.0519229567324174	0.059220017760329	0.0395174461477743
"GSE319536_BC10"	"AATGAATCGGAAGGCA-1"	5	0.0612731351654515	"baseline"	0.0416342532897412	0.0431151103009908	0.0395174461477743
"GSE319536_BC10"	"AATGATTACAACCTAA-1"	5	0.0482893998878295	"baseline"	0.0393594588987279	0.0395543746494672	0.0395174461477743
"GSE319536_BC10"	"AATGGAGGACCTGGTG-1"	5	0.0550757150869321	"baseline"	0.0375753014587502	0.0367616330155169	0.0395174461477743
"GSE319536_BC10"	"AATGGTGCGTCCTAAC-1"	5	0	"baseline"	0.0385190400814188	0.0382388670779585	0.0395174461477743
"GSE319536_BC10"	"AATTCTCGCACCAGTA-1"	5	0.0436343241727426	"baseline"	0.0457556305512051	0.0495663021125444	0.0395174461477743
"GSE319536_BC10"	"ACAACTAAGTGGCGCT-1"	5	0	"baseline"	0.0258504577975421	0.018408735277622	0.0395174461477743
"GSE319536_BC10"	"ACAACTGTCGTGGATA-1"	5	0	"baseline"	0.0324374201017798	0.0287193073471677	0.0395174461477743
"GSE319536_BC10"	"ACAATACAGGCGCCGT-1"	5	0	"baseline"	0.0369888242882991	0.0358436203028603	0.0395174461477743
"GSE319536_BC10"	"ACAATACGCCTTATTC-1"	5	0.0319685922602356	"baseline"	0.0376458036476977	0.0368719900916059	0.0395174461477743
"GSE319536_BC10"	"ACAATTGGTCGCGTAA-1"	5	0	"baseline"	0.0363086537336796	0.0347789493363246	0.0395174461477743
"GSE319536_BC10"	"ACAGAATAAGAACCAT-1"	5	0.0472237801458217	"baseline"	0.0179848804307232	0.0060967470555244	0.0395174461477743
"GSE319536_BC10"	"ACAGAATCCGTTGCTT-1"	5	0.0415030846887269	"baseline"	0.035418388925252	0.0333854178351093	0.0395174461477743
"GSE319536_BC10"	"ACAGAATGTCTTATTG-1"	5	0.0678631519910264	"baseline"	0.0317347241993109	0.0276193774537297	0.0395174461477743
"GSE319536_BC10"	"ACATAAGCAATGCGGT-1"	5	0.0128996074032529	"baseline"	0.0405585634247395	0.0414313329594317	0.0395174461477743
"GSE319536_BC10"	"ACATGGATGCGTAAGC-1"	5	0.012983735277622	"baseline"	0.0438577027865846	0.0465954757898673	0.0395174461477743
"GSE319536_BC10"	"ACCACGGCCTCGCACC-1"	5	0	"baseline"	0.0400998095151057	0.0407132454664423	0.0395174461477743
"GSE319536_BC10"	"ACCATTAGATCGTGGC-1"	5	0	"baseline"	0.0267019093773516	0.0197415124322303	0.0395174461477743
"GSE319536_BC10"	"ACCGGCCTCAGGAGTT-1"	5	0.066489063376332	"baseline"	0.0453268666460515	0.048895157973453	0.0395174461477743
"GSE319536_BC10"	"ACCGGCTATCGTGCGG-1"	5	0	"baseline"	0.0433913349271872	0.0458654701813423	0.0395174461477743
"GSE319536_BC10"	"ACCGTACTATCGGAGG-1"	5	0.032192933258553	"baseline"	0.0240175322628635	0.0155396569452234	0.0395174461477743
"GSE319536_BC10"	"ACCTATAACGAACTAC-1"	5	0	"baseline"	0.0279046626275245	0.0216241820901103	0.0395174461477743
"GSE319536_BC10"	"ACCTGCTTGAGCCTGG-1"	5	0	"baseline"	0.0402308411117419	0.0409183492241541	0.0395174461477743
"GSE319536_BC10"	"ACGAGGACCTGCTAGT-1"	5	0	"baseline"	0.0239506578970386	0.0154349785006543	0.0395174461477743
"GSE319536_BC10"	"ACGATGACTATTAGAT-1"	5	0.0329781267526641	"baseline"	0.0286447982617913	0.022782716395588	0.0395174461477743
"GSE319536_BC10"	"ACGCCGGCATCACTGG-1"	5	0.0235558048233315	"baseline"	0.0344461114273522	0.0318635118713778	0.0395174461477743
"GSE319536_BC10"	"ACGTCAGATTACTTCG-1"	5	0.00961862030286035	"baseline"	0.0426057902937033	0.0446358571695644	0.0395174461477743
"GSE319536_BC10"	"ACGTTCCATTACCTCA-1"	5	0	"baseline"	0.0380594381867918	0.0375194522340624	0.0395174461477743
"GSE319536_BC10"	"ACTATGAGGTTCTGTC-1"	5	0.0356702187324734	"baseline"	0.0475178030844733	0.0523246307721069	0.0395174461477743
"GSE319536_BC10"	"ACTCCAGGCCGAAGAC-1"	5	0.013768928771733	"baseline"	0.0597632528001589	0.0714924331650776	0.0395174461477743
"GSE319536_BC10"	"ACTCTAAGCTTGCGCC-1"	5	0.00852495793606282	"baseline"	0.0343208425456351	0.0316674284913068	0.0395174461477743
"GSE319536_BC10"	"ACTGACGTGATATTGG-1"	5	0	"baseline"	0.037262992168764	0.0362727752851	0.0395174461477743
"GSE319536_BC10"	"AGAACTTCGATGCGTA-1"	5	0.00493550196298374	"baseline"	0.0367459064463537	0.0354633810057955	0.0395174461477743
"GSE319536_BC10"	"AGAAGGATGGTATGAA-1"	5	0.0406898485698261	"baseline"	0.0429146479264633	0.0451193120209385	0.0395174461477743
"GSE319536_BC10"	"AGACAAGACGTATCGC-1"	5	0.00614133482893999	"baseline"	0.0424925395091619	0.0444585857169564	0.0395174461477743
"GSE319536_BC10"	"AGACGCGTGATGCATC-1"	5	0	"baseline"	0.03177316718096	0.0276795522527575	0.0395174461477743
"GSE319536_BC10"	"AGACGTAGGCGGACCG-1"	5	0.00490745933819405	"baseline"	0.0371212383393433	0.0360508880164517	0.0395174461477743
"GSE319536_BC10"	"AGACTGGTAAGGAGGT-1"	5	0.0379416713404375	"baseline"	0.0263603296757844	0.0192068377266779	0.0395174461477743
"GSE319536_BC10"	"AGATGCTCCGTCATCT-1"	5	0.0323611890072911	"baseline"	0.0421114240002148	0.043862025612264	0.0395174461477743
"GSE319536_BC10"	"AGATTGAGTTAGGAAC-1"	5	0.019910263600673	"baseline"	0.0390162638454657	0.0390171714339129	0.0395174461477743
"GSE319536_BC10"	"AGCCAGATACTCGAAC-1"	5	0	"baseline"	0.0227399712097985	0.0135398906337633	0.0395174461477743
"GSE319536_BC10"	"AGCCAGCGGCAAGCGT-1"	5	0.0388109927089176	"baseline"	0.0389935802468957	0.0389816647971583	0.0395174461477743
"GSE319536_BC10"	"AGCCGATGTTCTACTC-1"	5	0.0361469433538979	"baseline"	0.0375272290700473	0.0366863853056646	0.0395174461477743
"GSE319536_BC10"	"AGCCGTATTCAACCGT-1"	5	0.0326416152551879	"baseline"	0.0342357066438284	0.0315341652645354	0.0395174461477743
"GSE319536_BC10"	"AGCCTCGCATGGTCCT-1"	5	0	"baseline"	0.0298218432345274	0.0246251448868948	0.0395174461477743
"GSE319536_BC10"	"AGCGGTTACAATACGC-1"	5	0.017722938867078	"baseline"	0.0363737485253636	0.0348808422134978	0.0395174461477743
"GSE319536_BC10"	"AGCTACCAGCGTTACT-1"	5	0	"baseline"	0.0305879319869685	0.0258243036081511	0.0395174461477743
"GSE319536_BC10"	"AGGACGAATGCTTCAA-1"	5	0.0839035333707235	"baseline"	0.0340793041722351	0.0312893484763507	0.0395174461477743
"GSE319536_BC10"	"AGGACGTATCGCCGTA-1"	5	0.0356702187324734	"baseline"	0.0356806671006353	0.0337959618620303	0.0395174461477743
"GSE319536_BC10"	"AGGAGCATAATCCACT-1"	5	0	"baseline"	0.0477368519403757	0.0526675079454103	0.0395174461477743
"GSE319536_BC10"	"AGGATATCGCGAATAC-1"	5	0.074649467190129	"baseline"	0.0357734617401454	0.0339412133108993	0.0395174461477743
"GSE319536_BC10"	"AGGATCAACATTCGTT-1"	5	0	"baseline"	0.0421444028532101	0.043913647410731	0.0395174461477743
"GSE319536_BC10"	"AGGATCCGTGAGGCGG-1"	5	0	"baseline"	0.0348934055961263	0.0325636614320434	0.0395174461477743
"GSE319536_BC10"	"AGGCCGCAGAATAACG-1"	5	0.0383062254627033	"baseline"	0.0314276312113783	0.0271386848008974	0.0395174461477743
"GSE319536_BC10"	"AGGCCTGTCTAGTGGC-1"	5	0.0327257431295569	"baseline"	0.0285733376109324	0.0226708590390727	0.0395174461477743
"GSE319536_BC10"	"AGGTGAAGTGACGACT-1"	5	0.0721256309590578	"baseline"	0.0445699355343651	0.047710333707235	0.0395174461477743
"GSE319536_BC10"	"AGGTTAGTGGCCATAG-1"	5	0.038418395961862	"baseline"	0.0383403600885763	0.0379591792858478	0.0395174461477743
"GSE319536_BC10"	"AGTTCGTGCAGACCTT-1"	5	0.0146943353897925	"baseline"	0.038126240891913	0.0376240185081324	0.0395174461477743
"GSE319536_BC10"	"ATAAGACCAATCGCGG-1"	5	0.0381940549635446	"baseline"	0.0474177647421687	0.0521680407552814	0.0395174461477743
"GSE319536_BC10"	"ATAAGGAATAGAACAT-1"	5	0.00378575434660684	"baseline"	0.0305280893276899	0.0257306318938119	0.0395174461477743
"GSE319536_BC10"	"ATAAGTACCACGAGTT-1"	5	0.0392596747055524	"baseline"	0.0429733260993075	0.0452111609646663	0.0395174461477743
"GSE319536_BC10"	"ATACAAGGTCAGTAGA-1"	5	0.0220415030846887	"baseline"	0.0303590954732917	0.0254661058141709	0.0395174461477743
"GSE319536_BC10"	"ATACAATTGCGGTATT-1"	5	0.00813236118900729	"baseline"	0.0380203054708699	0.0374581977939802	0.0395174461477743
"GSE319536_BC10"	"ATACTAGCCACTTCGC-1"	5	0	"baseline"	0.028672757879668	0.0228264815853431	0.0395174461477743
"GSE319536_BC10"	"ATACTAGTAACTGAGT-1"	5	0.027369601794728	"baseline"	0.0319671974936983	0.0279832679005422	0.0395174461477743
"GSE319536_BC10"	"ATAGTACTATGGTTCT-1"	5	0	"baseline"	0.0317887056102029	0.0277038745559918	0.0395174461477743
"GSE319536_BC10"	"ATAGTGAGTGAGGATT-1"	5	0	"baseline"	0.0464376224820425	0.0506338240792672	0.0395174461477743
"GSE319536_BC10"	"ATCACCAGTTCGGCGA-1"	5	0	"baseline"	0.0361636960736328	0.0345520471116097	0.0395174461477743
"GSE319536_BC10"	"ATCCGAGTCACTTGTA-1"	5	0	"baseline"	0.0239808419825913	0.0154822256496541	0.0395174461477743
"GSE319536_BC10"	"ATCGACAGCGGCAACA-1"	5	0	"baseline"	0.0270367917889897	0.0202657038698822	0.0395174461477743
"GSE319536_BC10"	"ATCGCAGTCTATGGCA-1"	5	0.0329500841278744	"baseline"	0.0343824558214665	0.0317638717517293	0.0395174461477743
"GSE319536_BC10"	"ATCGTAGCATGTAGAT-1"	5	0.014469994391475	"baseline"	0.0370307667009768	0.0359092727612638	0.0395174461477743
"GSE319536_BC10"	"ATCTTAGTGGCATGGA-1"	5	0.0412226584408301	"baseline"	0.0341933790548685	0.031467909889699	0.0395174461477743
"GSE319536_BC10"	"ATCTTCGGACATACTA-1"	5	0.0407739764441952	"baseline"	0.0305586317167609	0.0257784398953075	0.0395174461477743
"GSE319536_BC10"	"ATGCATGGTTCCGCCT-1"	5	0.0357823892316321	"baseline"	0.0347756939327823	0.0323794073658628	0.0395174461477743
"GSE319536_BC10"	"ATGCCTTCGTAAGTTA-1"	5	0.03771733034212	"baseline"	0.040235391566424	0.0409254720508506	0.0395174461477743
"GSE319536_BC10"	"ATGCTGAATGCAATAG-1"	5	0.0112170499158721	"baseline"	0.0371401030195809	0.0360804169003552	0.0395174461477743
"GSE319536_BC10"	"ATGGCATTATGGCTCG-1"	5	0.0227706113292204	"baseline"	0.0471868261811846	0.0518065526266592	0.0395174461477743
"GSE319536_BC10"	"ATGTAAGAGCCACCTC-1"	5	0.0407459338194055	"baseline"	0.0458288349458529	0.0496808889512058	0.0395174461477743
"GSE319536_BC10"	"ATGTACATGAACTCCG-1"	5	0	"baseline"	0.0374427888742385	0.0365542110674893	0.0395174461477743
"GSE319536_BC10"	"ATGTAGGTTGGCGAGG-1"	5	0.00947840717891195	"baseline"	0.0456803479961511	0.0494484623294074	0.0395174461477743
"GSE319536_BC10"	"ATGTATCCAAGGTGGC-1"	5	0	"baseline"	0.0332621780694772	0.0300103009908394	0.0395174461477743
"GSE319536_BC10"	"ATTACTGAGTGCCTCC-1"	5	0	"baseline"	0.0338497182070326	0.0309299775659002	0.0395174461477743
"GSE319536_BC10"	"ATTAGCGAGCATGCTG-1"	5	0	"baseline"	0.0192519402048399	0.00808007571508693	0.0395174461477743
"GSE319536_BC10"	"ATTATCTAGATTAACG-1"	5	0.0504767246214246	"baseline"	0.0350955992573561	0.0328801551691905	0.0395174461477743
"GSE319536_BC10"	"ATTCAAGATTAGTTGC-1"	5	0	"baseline"	0.0427585619563112	0.0448749906524584	0.0395174461477743
"GSE319536_BC10"	"ATTCACATAGGATGAG-1"	5	0	"baseline"	0.0337382529683573	0.0307555010282296	0.0395174461477743
"GSE319536_BC10"	"ATTCACTCACGTGCAC-1"	5	0.0458216489063376	"baseline"	0.0325480224261485	0.0288924331650776	0.0395174461477743
"GSE319536_BC10"	"ATTCCGCAACGCCGCT-1"	5	0	"baseline"	0.0393000163450447	0.039461329220415	0.0395174461477743
"GSE319536_BC10"	"ATTCCGCTCCATCAGC-1"	5	0	"baseline"	0.0403007132836697	0.0410277201346046	0.0395174461477743
"GSE319536_BC10"	"ATTCCGTAAGGATTCC-1"	5	0.00566461020751542	"baseline"	0.0304843225529317	0.0256621237614507	0.0395174461477743
"GSE319536_BC10"	"ATTCCTGCCTTAACAG-1"	5	0.0466348850252384	"baseline"	0.0270008778330071	0.0202094877547205	0.0395174461477743
"GSE319536_BC10"	"ATTCTACTGGTCGTTC-1"	5	0.0479248457655637	"baseline"	0.0432790933642224	0.0456897784632642	0.0395174461477743
"GSE319536_BC10"	"ATTCTAGTCCACAAGA-1"	5	0	"baseline"	0.034341182242023	0.0316992662179847	0.0395174461477743
"GSE319536_BC10"	"ATTGACGCCAGCCAAG-1"	5	0.0616376892877173	"baseline"	0.0256292471770794	0.0180624742942606	0.0395174461477743
"GSE319536_BC10"	"CAACTGCAGTGCAATA-1"	5	0.00182277061132922	"baseline"	0.0375630265773864	0.0367424191437652	0.0395174461477743
"GSE319536_BC10"	"CAAGTGTTCGCCACGC-1"	5	0.0474200785193494	"baseline"	0.0358015437783908	0.0339851701252571	0.0395174461477743
"GSE319536_BC10"	"CAATAAGCGGCCAGAT-1"	5	0.0141054402692092	"baseline"	0.036692910370137	0.0353804262478968	0.0395174461477743
"GSE319536_BC10"	"CAATCGTCGGAGCATG-1"	5	0.0395961862030286	"baseline"	0.041567441627032	0.0430105300056085	0.0395174461477743
"GSE319536_BC10"	"CACCTAGACGAGCCGG-1"	5	0.00751542344363432	"baseline"	0.032248650879035	0.0284238268835296	0.0395174461477743
"GSE319536_BC10"	"CACGGCGATACATACG-1"	5	0.0332024677509815	"baseline"	0.0272103689425593	0.0205374041876986	0.0395174461477743
"GSE319536_BC10"	"CACGGTCTTGGTTAAT-1"	5	0	"baseline"	0.0422024539948973	0.0440045148625912	0.0395174461477743
"GSE319536_BC10"	"CAGAACATGATAGGAC-1"	5	0.0528603477285474	"baseline"	0.0332006872140145	0.0299140493550196	0.0395174461477743
"GSE319536_BC10"	"CAGAAGTCGCGGTTAT-1"	5	0	"baseline"	0.0402666266756304	0.0409743643671714	0.0395174461477743
"GSE319536_BC10"	"CAGACACTTACAAGAC-1"	5	0	"baseline"	0.0394742414308099	0.0397340437464947	0.0395174461477743
"GSE319536_BC10"	"CAGACAGTCGGATCTG-1"	5	0.0375490745933819	"baseline"	0.0402153146259496	0.040894045616003	0.0395174461477743
"GSE319536_BC10"	"CAGCTGTTGCCGGAGT-1"	5	0.0230229949523275	"baseline"	0.0399052118884635	0.040408641802206	0.0395174461477743
"GSE319536_BC10"	"CAGCTTGGTTCGGTCG-1"	5	0	"baseline"	0.0267288060281241	0.0197836137595812	0.0395174461477743
"GSE319536_BC10"	"CAGTACAGTTGTGGAA-1"	5	0.00874929893438026	"baseline"	0.0494941664751087	0.0554182323798841	0.0395174461477743
"GSE319536_BC10"	"CAGTGAACAGCAACGA-1"	5	0.0205552439708357	"baseline"	0.0356717961026952	0.0337820760889886	0.0395174461477743
"GSE319536_BC10"	"CAGTTGCGACTTCTCG-1"	5	0.0354178351093662	"baseline"	0.0490396823490677	0.0547068283791363	0.0395174461477743
"GSE319536_BC10"	"CATCAGTAATCAGACA-1"	5	0	"baseline"	0.0288079756557428	0.023038137969714	0.0395174461477743
"GSE319536_BC10"	"CATCCTAGTGGTATGT-1"	5	0.0209197980931015	"baseline"	0.0226120986558485	0.0133397317255562	0.0395174461477743
"GSE319536_BC10"	"CATCGCGGTCGGTGCG-1"	5	0.0456253505328099	"baseline"	0.033479187581188	0.0303499859786876	0.0395174461477743
"GSE319536_BC10"	"CATCGGCATGTCGAAG-1"	5	0	"baseline"	0.0331102902222143	0.0297725509441017	0.0395174461477743
"GSE319536_BC10"	"CATTAGGCAATGGTTA-1"	5	0.00813236118900729	"baseline"	0.0357752502718741	0.0339440128996074	0.0395174461477743
"GSE319536_BC10"	"CATTGGCGGTTGAGTC-1"	5	0.0353897924845766	"baseline"	0.0297434434388644	0.0245024256870443	0.0395174461477743
"GSE319536_BC10"	"CCAATACCAACACGCC-1"	5	0.0480089736399327	"baseline"	0.052085548897289	0.0594745232753786	0.0395174461477743
"GSE319536_BC10"	"CCAATCTTGCCTATGG-1"	5	0.0673022994952328	"baseline"	0.0301171122063565	0.0250873294073659	0.0395174461477743
"GSE319536_BC10"	"CCAGACAGAACCTAAG-1"	5	0	"baseline"	0.0424181377835904	0.0443421246962049	0.0395174461477743
"GSE319536_BC10"	"CCAGACATCCGGTTCT-1"	5	0	"baseline"	0.0463537167556486	0.0505024864460647	0.0395174461477743
"GSE319536_BC10"	"CCGACAAGACTGTACT-1"	5	0.000841278743690409	"baseline"	0.037003658053956	0.0358668395961862	0.0395174461477743
"GSE319536_BC10"	"CCGATAATGGAGCCTT-1"	5	0.0264161525518789	"baseline"	0.0355885801105739	0.0336518180968405	0.0395174461477743
"GSE319536_BC10"	"CCGATGGAACATCAGC-1"	5	0.0282669657879978	"baseline"	0.0424004495332379	0.0443144372779959	0.0395174461477743
"GSE319536_BC10"	"CCGATTCCATAAGAGT-1"	5	0	"baseline"	0.0399286300092459	0.0404452981865769	0.0395174461477743
"GSE319536_BC10"	"CCGATTCCTCACTACA-1"	5	0.0505047672462142	"baseline"	0.0397590270388666	0.040179818657693	0.0395174461477743
"GSE319536_BC10"	"CCGCAAGGTACCGTTG-1"	5	0.0375490745933819	"baseline"	0.0371790207533917	0.03614133482894	0.0395174461477743
"GSE319536_BC10"	"CCGCTCTGCTGAATTC-1"	5	0.034296130117779	"baseline"	0.0525586200183409	0.0602150214993457	0.0395174461477743
"GSE319536_BC10"	"CCGCTGTTGCCATACG-1"	5	0.0432136848008974	"baseline"	0.0441958845764535	0.0471248317442513	0.0395174461477743
"GSE319536_BC10"	"CCGGCGTCTTAATAAG-1"	5	0.0999439147504206	"baseline"	0.0481565268796155	0.0533244251261918	0.0395174461477743
"GSE319536_BC10"	"CCTAATGGCACTGTTC-1"	5	0.0375210319685923	"baseline"	0.04354630717057	0.0461080482333146	0.0395174461477743
"GSE319536_BC10"	"CCTATGCCTTCTTGTT-1"	5	0.0160964666292765	"baseline"	0.0462168149530379	0.0502881940549635	0.0395174461477743
"GSE319536_BC10"	"CCTCACCTAGTGGCAA-1"	5	0.0720415030846887	"baseline"	0.0498624159018868	0.0559946532062067	0.0395174461477743
"GSE319536_BC10"	"CCTCACGTTACTCGCA-1"	5	0	"baseline"	0.032326844650175	0.028546223593195	0.0395174461477743
"GSE319536_BC10"	"CCTCGGTATGACAGTA-1"	5	0.0356702187324734	"baseline"	0.0452330448697891	0.0487482987474294	0.0395174461477743
"GSE319536_BC10"	"CCTGGCTTATGGTCTG-1"	5	0.0448681996634885	"baseline"	0.0407613900888517	0.0417488175359881	0.0395174461477743
"GSE319536_BC10"	"CCTTGTCTACTTAGAC-1"	5	0	"baseline"	0.0326986830838612	0.0291282622920172	0.0395174461477743
"GSE319536_BC10"	"CGAATGGACCGTCTTG-1"	5	0.0296690970274818	"baseline"	0.0416209214129984	0.0430942419143765	0.0395174461477743
"GSE319536_BC10"	"CGACCAGCCTTGATTA-1"	5	0.0427089175546831	"baseline"	0.0406832142328876	0.0416264488689475	0.0395174461477743
"GSE319536_BC10"	"CGACGCAGCCTTAGTC-1"	5	0.0106281547952888	"baseline"	0.032231395578767	0.0283968171620864	0.0395174461477743
"GSE319536_BC10"	"CGACGCCGCAAGTAGC-1"	5	0.0380538418395962	"baseline"	0.0314241974693281	0.0271333099644793	0.0395174461477743
"GSE319536_BC10"	"CGACTGAACGAATGCT-1"	5	0.0695457094784072	"baseline"	0.0380295706026802	0.0374727005047672	0.0395174461477743
"GSE319536_BC10"	"CGAGCGTAATGGAGTG-1"	5	0.0408020190689849	"baseline"	0.0271213544051671	0.0203980697326603	0.0395174461477743
"GSE319536_BC10"	"CGAGCGTGGACTGGAA-1"	5	0.0371564778463264	"baseline"	0.0239869719586166	0.015491820901103	0.0395174461477743
"GSE319536_BC10"	"CGAGCTTAGAATACCT-1"	5	0.00737521031968592	"baseline"	0.0428918030913102	0.0450835530005609	0.0395174461477743
"GSE319536_BC10"	"CGAGGATTCGATCATA-1"	5	0.00981491867638811	"baseline"	0.0388467414933779	0.0387518180968405	0.0395174461477743
"GSE319536_BC10"	"CGATGAGGCCAACGTA-1"	5	0.0449523275378575	"baseline"	0.0362385397068769	0.0346691998504393	0.0395174461477743
"GSE319536_BC10"	"CGCACGTAGCATTGTT-1"	5	0	"baseline"	0.0615429523471965	0.074278196859226	0.0395174461477743
"GSE319536_BC10"	"CGCATGAGGAGCGTCT-1"	5	0.0448681996634885	"baseline"	0.0373476354032331	0.0364052673396897	0.0395174461477743
"GSE319536_BC10"	"CGCATGGAATTCACGA-1"	5	0	"baseline"	0.0397817166091619	0.0402153346419892	0.0395174461477743
"GSE319536_BC10"	"CGCCTCGATAATGCGG-1"	5	0	"baseline"	0.0410260748695327	0.0421631286221724	0.0395174461477743
"GSE319536_BC10"	"CGCCTCGGAACTGTGC-1"	5	0.0277902411665732	"baseline"	0.0355195439801887	0.0335437558422135	0.0395174461477743
"GSE319536_BC10"	"CGCCTTATCTTGGCGA-1"	5	0.0384744812114414	"baseline"	0.0267834532863876	0.0198691531127314	0.0395174461477743
"GSE319536_BC10"	"CGCTATGGTTGGTTAA-1"	5	0.0348008973639933	"baseline"	0.0308085723076646	0.02616967190129	0.0395174461477743
"GSE319536_BC10"	"CGCTATTAATCTATAA-1"	5	0	"baseline"	0.0281687741225763	0.0220375958123014	0.0395174461477743
"GSE319536_BC10"	"CGCTTGGCTTGGATCT-1"	5	0	"baseline"	0.0290281979556676	0.0233828519349411	0.0395174461477743
"GSE319536_BC10"	"CGGAGTGGCGACTAAG-1"	5	0.0265002804262479	"baseline"	0.0447662888482469	0.0480176855487007	0.0395174461477743
"GSE319536_BC10"	"CGGCCTAACGATAATG-1"	5	0.0717330342120023	"baseline"	0.0383389895776189	0.0379570340250514	0.0395174461477743
"GSE319536_BC10"	"CGTAACATTCGCGATA-1"	5	0.0124228827818284	"baseline"	0.0479879510459886	0.0530605533744625	0.0395174461477743
"GSE319536_BC10"	"CGTAACATTGGCTGAG-1"	5	0.0107683679192372	"baseline"	0.0380505582312636	0.0375055524397083	0.0395174461477743
"GSE319536_BC10"	"CGTAGTGACTCAAGGA-1"	5	0	"baseline"	0.0248700020218375	0.016874027855674	0.0395174461477743
"GSE319536_BC10"	"CGTAGTTCGTTGGTAG-1"	5	0.0428491306786315	"baseline"	0.0504970430934699	0.0569880351467564	0.0395174461477743
"GSE319536_BC10"	"CGTGTACGATGATTGT-1"	5	0.0273976444195177	"baseline"	0.0551607485602071	0.0642881332959432	0.0395174461477743
"GSE319536_BC10"	"CGTTGTGAGCAAGTGG-1"	5	0.0351093662366798	"baseline"	0.0438483062768176	0.0465807674331651	0.0395174461477743
"GSE319536_BC10"	"CTAACAGTATACCGGC-1"	5	0.0424284913067863	"baseline"	0.0438508502317974	0.0465847494858852	0.0395174461477743
"GSE319536_BC10"	"CTACCTTATCAACTGA-1"	5	0	"baseline"	0.0558943899432051	0.0654365021499346	0.0395174461477743
"GSE319536_BC10"	"CTACGAATTGGCTGGT-1"	5	0.0462422882781828	"baseline"	0.0437150979863079	0.0463722564965414	0.0395174461477743
"GSE319536_BC10"	"CTACGCTTAGAAGTGC-1"	5	0.00636567582725743	"baseline"	0.0501717691878472	0.0564788839035334	0.0395174461477743
"GSE319536_BC10"	"CTACTGCTCCGACAGT-1"	5	0.0186763881099271	"baseline"	0.0407613423150492	0.0417487427556553	0.0395174461477743
"GSE319536_BC10"	"CTAGACGATTGAGCTA-1"	5	0.0388109927089176	"baseline"	0.0237753429714053	0.0151605580482333	0.0395174461477743
"GSE319536_BC10"	"CTAGCACGATCACTGT-1"	5	0	"baseline"	0.023457769605563	0.0146634604598991	0.0395174461477743
"GSE319536_BC10"	"CTATAGATCCACAAGC-1"	5	0	"baseline"	0.0432236757533946	0.0456030332772481	0.0395174461477743
"GSE319536_BC10"	"CTATTCGTCTTACATA-1"	5	0.036231071228267	"baseline"	0.0507835097421999	0.0574364413909142	0.0395174461477743
"GSE319536_BC10"	"CTATTCTGTAGGACCT-1"	5	0.0393157599551318	"baseline"	0.031484398432125	0.0272275425313143	0.0395174461477743
"GSE319536_BC10"	"CTCACCAGTGTAAGTT-1"	5	0	"baseline"	0.0286406001389021	0.0227761450738456	0.0395174461477743
"GSE319536_BC10"	"CTCACCTGCCGACTAA-1"	5	0	"baseline"	0.0257858258145692	0.0183075668349224	0.0395174461477743
"GSE319536_BC10"	"CTCACGTATTCAAGCG-1"	5	0.0205832865956254	"baseline"	0.0440091128958231	0.0468324780332773	0.0395174461477743
"GSE319536_BC10"	"CTCATAGCCAATGTCG-1"	5	0.00572069545709478	"baseline"	0.0499363876632364	0.0561104412039634	0.0395174461477743
"GSE319536_BC10"	"CTCATCCTGGCAAGTC-1"	5	0.045793606281548	"baseline"	0.0482036885802095	0.0533982473359506	0.0395174461477743
"GSE319536_BC10"	"CTCCGGCCTACAGCTT-1"	5	0.0427650028042625	"baseline"	0.0506278835948963	0.057192839783137	0.0395174461477743
"GSE319536_BC10"	"CTCCTACCTCGTGGTA-1"	5	0.0415591699383062	"baseline"	0.0380099176547024	0.0374419377453729	0.0395174461477743
"GSE319536_BC10"	"CTCGATGTTGAACGGC-1"	5	0.027369601794728	"baseline"	0.0472798208734923	0.0519521172181716	0.0395174461477743
"GSE319536_BC10"	"CTCGGATCGGAATACG-1"	5	0.0458216489063376	"baseline"	0.0378305031396474	0.0371611002056459	0.0395174461477743
"GSE319536_BC10"	"CTCGTTCTGTCACGTT-1"	5	0	"baseline"	0.0362456968196545	0.0346804028790428	0.0395174461477743
"GSE319536_BC10"	"CTGAAGTGCTATGGCG-1"	5	0.0288839035333707	"baseline"	0.0389758561661913	0.0389539212936997	0.0395174461477743
"GSE319536_BC10"	"CTGAAGTGCTGAACTG-1"	5	0.0573471676948963	"baseline"	0.0474816174149894	0.0522679893438026	0.0395174461477743
"GSE319536_BC10"	"CTGATTATCAATAGAC-1"	5	0	"baseline"	0.0196843349189787	0.00875690315946906	0.0395174461477743
"GSE319536_BC10"	"CTGCATAATGGACCGC-1"	5	0	"baseline"	0.022477875172037	0.0131296317068611	0.0395174461477743
"GSE319536_BC10"	"CTGCCTCCAACACCAG-1"	5	0	"baseline"	0.0254428099130661	0.017770644045616	0.0395174461477743
"GSE319536_BC10"	"CTGGCGCATATCCGTG-1"	5	0.026051598429613	"baseline"	0.0368824678606221	0.0356771405870256	0.0395174461477743
"GSE319536_BC10"	"CTGTGGTAAGCTAATA-1"	5	0.036231071228267	"baseline"	0.0321130120963262	0.0282115114974762	0.0395174461477743
"GSE319536_BC10"	"CTTAGCAAGGACAGCC-1"	5	0	"baseline"	0.03255006177034	0.0288956253505328	0.0395174461477743
"GSE319536_BC10"	"CTTAGCCTAATGGTAA-1"	5	0.0301458216489063	"baseline"	0.0369718884753349	0.0358171106748925	0.0395174461477743
"GSE319536_BC10"	"CTTAGCTTAGTTCTCG-1"	5	0.0475883342680875	"baseline"	0.0390480722403013	0.039066961114227	0.0395174461477743
"GSE319536_BC10"	"CTTAGTCTCGACAACT-1"	5	0.0464105440269209	"baseline"	0.0504095274591293	0.0568510469246588	0.0395174461477743
"GSE319536_BC10"	"CTTAGTTGCTCGTTGT-1"	5	0.0398766124509254	"baseline"	0.0385634936045872	0.0383084501776033	0.0395174461477743
"GSE319536_BC10"	"CTTATTCACTAGCTGG-1"	5	0.0165731912507011	"baseline"	0.0464854769027719	0.0507087306038512	0.0395174461477743
"GSE319536_BC10"	"CTTCAAGTCGACCTTC-1"	5	0.0416152551878856	"baseline"	0.0437053252578467	0.0463569592447186	0.0395174461477743
"GSE319536_BC10"	"CTTCGACCAAGCCGAG-1"	5	0.0320807627593943	"baseline"	0.0314014780404063	0.0270977472424752	0.0395174461477743
"GSE319536_BC10"	"CTTCGATATGTAGGAG-1"	5	0	"baseline"	0.0439554270853336	0.0467484436343242	0.0395174461477743
"GSE319536_BC10"	"CTTGTATCGTATGATT-1"	5	0.0251822770611329	"baseline"	0.029936569035219	0.0248047251822771	0.0395174461477743
"GSE319536_BC10"	"GAACGCTAGAAGGCTA-1"	5	0.00504767246214246	"baseline"	0.033096026756324	0.0297502243409983	0.0395174461477743
"GSE319536_BC10"	"GAATACAGACGAACTG-1"	5	0	"baseline"	0.0395845720416772	0.0399067442512619	0.0395174461477743
"GSE319536_BC10"	"GAATGAGTATAGACCA-1"	5	0.0274256870443073	"baseline"	0.0341278035392974	0.0313652645354272	0.0395174461477743
"GSE319536_BC10"	"GACCACTCCTGACGTT-1"	5	0	"baseline"	0.0452058854631032	0.0487057861282483	0.0395174461477743
"GSE319536_BC10"	"GACCACTTAGACAGGT-1"	5	0	"baseline"	0.0186861879070587	0.00719450364554122	0.0395174461477743
"GSE319536_BC10"	"GACCGGCCATGTACCG-1"	5	0	"baseline"	0.0356909175671209	0.0338120069171808	0.0395174461477743
"GSE319536_BC10"	"GACTGCCATAGAATAC-1"	5	0.0386427369601795	"baseline"	0.0429405711860111	0.0451598896990092	0.0395174461477743
"GSE319536_BC10"	"GACTGCGGTCTGCGTG-1"	5	0.033510936623668	"baseline"	0.0446912690491064	0.0479002570573939	0.0395174461477743
"GSE319536_BC10"	"GAGGTAACATTCGATC-1"	5	0.035614133482894	"baseline"	0.0505872848204122	0.0571292905215928	0.0395174461477743
"GSE319536_BC10"	"GAGGTAACTAGACAGT-1"	5	0.0248177229388671	"baseline"	0.0517774675888186	0.058992283604412	0.0395174461477743
"GSE319536_BC10"	"GAGGTCACTGTAAGCT-1"	5	0.0231912507010656	"baseline"	0.0303221036208916	0.025408202467751	0.0395174461477743
"GSE319536_BC10"	"GAGGTGGCTCGAGGTT-1"	5	0.00415030846887269	"baseline"	0.0405352169646607	0.0413947887455599	0.0395174461477743
"GSE319536_BC10"	"GAGTCCACGCCTGAAG-1"	5	0	"baseline"	0.0410396277001118	0.0421843428678258	0.0395174461477743
"GSE319536_BC10"	"GAGTCCACTCATAACA-1"	5	0.00816040381379697	"baseline"	0.0347929462471876	0.0324064124135353	0.0395174461477743
"GSE319536_BC10"	"GAGTCTCGAGATAGTC-1"	5	0	"baseline"	0.0571035030808275	0.0673291269396149	0.0395174461477743
"GSE319536_BC10"	"GAGTGGAGCAAGCGCA-1"	5	0.0243970835670219	"baseline"	0.0571163363185073	0.0673492148065059	0.0395174461477743
"GSE319536_BC10"	"GAGTTACTCAATGGAA-1"	5	0.0610768367919237	"baseline"	0.0280194391878812	0.0218038418395962	0.0395174461477743
"GSE319536_BC10"	"GATGTAGCGAGGTCCA-1"	5	0.0497756590016826	"baseline"	0.0359549842742329	0.0342253505328099	0.0395174461477743
"GSE319536_BC10"	"GATTCCATTGAGTTGA-1"	5	0.0175546831183399	"baseline"	0.0288226422130912	0.0230610955318751	0.0395174461477743
"GSE319536_BC10"	"GATTCCGTGCGTATAC-1"	5	0.00619742007851935	"baseline"	0.0421482665594822	0.0439196952701439	0.0395174461477743
"GSE319536_BC10"	"GATTGTCGCAACGAGG-1"	5	0.03421200224341	"baseline"	0.0400161814739384	0.0405823424939241	0.0395174461477743
"GSE319536_BC10"	"GCAATTAATCAACGTA-1"	5	0	"baseline"	0.0396221461372945	0.0399655589829875	0.0395174461477743
"GSE319536_BC10"	"GCACCTTAGCCTCGCA-1"	5	0.0405496354458777	"baseline"	0.0428832724817123	0.0450702000373902	0.0395174461477743
"GSE319536_BC10"	"GCAGACGCCTGGTTAT-1"	5	0.0462422882781828	"baseline"	0.0327111401028469	0.0291477612637876	0.0395174461477743
"GSE319536_BC10"	"GCAGGCTACCGTCCTT-1"	5	0.0343802579921481	"baseline"	0.0414540475210834	0.0428330342120023	0.0395174461477743
"GSE319536_BC10"	"GCAGGTCACTACCTCA-1"	5	0.0227425687044307	"baseline"	0.0261440755873246	0.0188683352028417	0.0395174461477743
"GSE319536_BC10"	"GCATGTCGAGTGTCTT-1"	5	0.0275098149186764	"baseline"	0.0358261174280197	0.0340236352589269	0.0395174461477743
"GSE319536_BC10"	"GCATTGACTACAGCGA-1"	5	0.0647223780145822	"baseline"	0.0304845703795318	0.025662511684427	0.0395174461477743
"GSE319536_BC10"	"GCATTGGTTACCAAGC-1"	5	0	"baseline"	0.0403559069547986	0.0411141147878108	0.0395174461477743
"GSE319536_BC10"	"GCCATTGTAACTGATC-1"	5	0.037633202467751	"baseline"	0.0412999143051059	0.0425917694896242	0.0395174461477743
"GSE319536_BC10"	"GCCGTATGCCAGTCTT-1"	5	0	"baseline"	0.027959644302405	0.0217102449055898	0.0395174461477743
"GSE319536_BC10"	"GCCTGGAGCAAGTTAG-1"	5	0.00813236118900729	"baseline"	0.0392832626697023	0.0394351046924659	0.0395174461477743
"GSE319536_BC10"	"GCCTGGTCAGGTTGCC-1"	5	0.0502523836231071	"baseline"	0.0487845702440501	0.0543075014021312	0.0395174461477743
"GSE319536_BC10"	"GCCTGTGACACCAGAA-1"	5	0.0420078519349411	"baseline"	0.0331627518290163	0.0298546690970275	0.0395174461477743
"GSE319536_BC10"	"GCCTTGAGATCTGAGC-1"	5	0.0326135726303982	"baseline"	0.051709422764834	0.0588857730416901	0.0395174461477743
"GSE319536_BC10"	"GCGAATGCAGTGTCAA-1"	5	0	"baseline"	0.0174145985792984	0.0052040848756777	0.0395174461477743
"GSE319536_BC10"	"GCGACAGTGCCGCACC-1"	5	0.0413909141895681	"baseline"	0.0255872092167969	0.0179966722751916	0.0395174461477743
"GSE319536_BC10"	"GCGAGCGGTTGTCATG-1"	5	0	"baseline"	0.0321185598291343	0.0282201953636194	0.0395174461477743
"GSE319536_BC10"	"GCGAGGATCGACCTTA-1"	5	0	"baseline"	0.033104297595871	0.0297631706861096	0.0395174461477743
"GSE319536_BC10"	"GCGATGACCGTGTAAT-1"	5	0.0327537857543466	"baseline"	0.0401597596654398	0.0408070854365302	0.0395174461477743
"GSE319536_BC10"	"GCGGTCCTGTAGTCTG-1"	5	0.0106842400448682	"baseline"	0.03260586455745	0.0289829734529819	0.0395174461477743
"GSE319536_BC10"	"GCGGTCGTTGATCTTG-1"	5	0	"baseline"	0.0258619354535778	0.0184267012525706	0.0395174461477743
"GSE319536_BC10"	"GCGTCGGTCACGCCAG-1"	5	0.013067863151991	"baseline"	0.0275970321843145	0.0211426481585343	0.0395174461477743
"GSE319536_BC10"	"GCTCAACCACGGCAAC-1"	5	0.0365675827257431	"baseline"	0.0454012504564471	0.0490115909515797	0.0395174461477743
"GSE319536_BC10"	"GCTCCGAGACTACATA-1"	5	0	"baseline"	0.0234546672942672	0.0146586044120396	0.0395174461477743
"GSE319536_BC10"	"GCTGAATGACCGTGAG-1"	5	0.0247896803140774	"baseline"	0.0392266925158907	0.0393465554309217	0.0395174461477743
"GSE319536_BC10"	"GCTGACAGCCGGAGCG-1"	5	0.0210039259674706	"baseline"	0.0434526048288137	0.045961375958123	0.0395174461477743
"GSE319536_BC10"	"GCTGCCGCCTATGTAG-1"	5	0.0658440830061694	"baseline"	0.0395441763058534	0.039843512806132	0.0395174461477743
"GSE319536_BC10"	"GCTGGATGACTCTACC-1"	5	0.00493550196298374	"baseline"	0.0430181349401315	0.0452813002430361	0.0395174461477743
"GSE319536_BC10"	"GCTGTTGATAGTCTTA-1"	5	0.0770611329220415	"baseline"	0.0486350561575959	0.0540734670031782	0.0395174461477743
"GSE319536_BC10"	"GCTTCTAAGTCTGACG-1"	5	0	"baseline"	0.0466064043401924	0.0508980183211815	0.0395174461477743
"GSE319536_BC10"	"GCTTGGATCCAACCGG-1"	5	0.0515143017386427	"baseline"	0.0379612003196665	0.0373656805010282	0.0395174461477743
"GSE319536_BC10"	"GCTTGGCTGCGGTAAC-1"	5	0.0294167134043747	"baseline"	0.0382921413926034	0.0378837025612264	0.0395174461477743
"GSE319536_BC10"	"GGAATGGCAACTTGGA-1"	5	0.0359226023555805	"baseline"	0.0479471044449043	0.0529966161899421	0.0395174461477743
"GSE319536_BC10"	"GGACCGATCTGGATTA-1"	5	0.0392316320807628	"baseline"	0.0409073062108098	0.0419772200411292	0.0395174461477743
"GSE319536_BC10"	"GGACGTCGAGGATTCA-1"	5	0	"baseline"	0.0178132261727017	0.00582805664610207	0.0395174461477743
"GSE319536_BC10"	"GGACGTCGCACGAGAA-1"	5	0.00381379697139652	"baseline"	0.0466263797613367	0.050929285847822	0.0395174461477743
"GSE319536_BC10"	"GGAGCGAGTGTAACTT-1"	5	0.042456533931576	"baseline"	0.0461528040294966	0.05018799775659	0.0395174461477743
"GSE319536_BC10"	"GGAGTCCAGATAGCTT-1"	5	0	"baseline"	0.0262710643259294	0.0190671106748925	0.0395174461477743
"GSE319536_BC10"	"GGAGTCTAAGTGGTCC-1"	5	0.0563656758272574	"baseline"	0.0407569172665984	0.0417418162273322	0.0395174461477743
"GSE319536_BC10"	"GGCAGGAAGTCTTCTA-1"	5	0.0500280426247897	"baseline"	0.0425570610152168	0.0445595812301365	0.0395174461477743
"GSE319536_BC10"	"GGCGACCATAGCGTTA-1"	5	0.0262759394279305	"baseline"	0.0508669884902346	0.0575671106748925	0.0395174461477743
"GSE319536_BC10"	"GGCGAGGCAGCCTACT-1"	5	0	"baseline"	0.0345011319184472	0.0319496354458777	0.0395174461477743
"GSE319536_BC10"	"GGCGCCACTGAACATC-1"	5	0	"baseline"	0.0414084295114806	0.0427616283417461	0.0395174461477743
"GSE319536_BC10"	"GGCGTCGCCGTATGAT-1"	5	0.0738081884464386	"baseline"	0.0256773344950957	0.0181377453729669	0.0395174461477743
"GSE319536_BC10"	"GGTACGATCGACTTAA-1"	5	0.0679472798653954	"baseline"	0.04360196365041	0.0461951673209946	0.0395174461477743
"GSE319536_BC10"	"GGTAGGTTGTTCTAAG-1"	5	0	"baseline"	0.0322895870559988	0.028487904281174	0.0395174461477743
"GSE319536_BC10"	"GGTCTGAAGGTTCGAA-1"	5	0.0646662927650028	"baseline"	0.0366811759299132	0.0353620583286596	0.0395174461477743
"GSE319536_BC10"	"GGTCTGAAGTATGTCA-1"	5	0.000953449242849131	"baseline"	0.0351611956739658	0.0329828332398579	0.0395174461477743
"GSE319536_BC10"	"GGTCTGCGAACTGTAT-1"	5	0	"baseline"	0.0396451283221297	0.0400015329968219	0.0395174461477743
"GSE319536_BC10"	"GGTCTGGTTGTAGAAC-1"	5	0.0404935501962984	"baseline"	0.023754131403123	0.0151273555804823	0.0395174461477743
"GSE319536_BC10"	"GGTCTTATAGGCTGGC-1"	5	0	"baseline"	0.0325734321173201	0.028932206954571	0.0395174461477743
"GSE319536_BC10"	"GGTGCAATCAGACTTC-1"	5	0.00316881660123388	"baseline"	0.0365194018914084	0.0351088334268087	0.0395174461477743
"GSE319536_BC10"	"GGTGCAGGCACCGCGT-1"	5	0	"baseline"	0.0338385391372621	0.0309124789680314	0.0395174461477743
"GSE319536_BC10"	"GGTGCAGTGGTCTTAT-1"	5	0	"baseline"	0.0324391399586676	0.0287219994391475	0.0395174461477743
"GSE319536_BC10"	"GGTTAGTATGAGTGTC-1"	5	0.0309871003925967	"baseline"	0.0264747807771119	0.0193859880351468	0.0395174461477743
"GSE319536_BC10"	"GGTTCATTCCGGCCTC-1"	5	0.149411104879417	"baseline"	0.0371140244951752	0.036039596186203	0.0395174461477743
"GSE319536_BC10"	"GGTTCTCGTGATGTGA-1"	5	0.0266965787997757	"baseline"	0.0345334240230325	0.0320001822770611	0.0395174461477743
"GSE319536_BC10"	"GTAACATACACCTGTT-1"	5	0	"baseline"	0.0341866638497634	0.0314573985791737	0.0395174461477743
"GSE319536_BC10"	"GTACAGAACAGGACTC-1"	5	0	"baseline"	0.0530987267418009	0.061060450551505	0.0395174461477743
"GSE319536_BC10"	"GTACGATTAGTCTACA-1"	5	0	"baseline"	0.0361306634751098	0.0345003411852683	0.0395174461477743
"GSE319536_BC10"	"GTAGAAGGACATCATA-1"	5	0.0322490185081324	"baseline"	0.0344627785126777	0.0318896008599738	0.0395174461477743
"GSE319536_BC10"	"GTAGCCAGTGCGGTTG-1"	5	0.0196859226023556	"baseline"	0.0315369585723945	0.0273098149186764	0.0395174461477743
"GSE319536_BC10"	"GTAGGTGATAATTCAC-1"	5	0.0019910263600673	"baseline"	0.0192013716349595	0.00800092073284726	0.0395174461477743
"GSE319536_BC10"	"GTATGATCACTTGACG-1"	5	0	"baseline"	0.0465168941496	0.0507579080201907	0.0395174461477743
"GSE319536_BC10"	"GTATGCGGTATCATGA-1"	5	0.0278463264161526	"baseline"	0.0363124487651107	0.0347848896990092	0.0395174461477743
"GSE319536_BC10"	"GTATTATGAGTTAGCG-1"	5	0.0401289960740325	"baseline"	0.0460439902368567	0.0500176715273883	0.0395174461477743
"GSE319536_BC10"	"GTCAACAGTTAAGTGA-1"	5	0.0265002804262479	"baseline"	0.039589770428555	0.0399148812862217	0.0395174461477743
"GSE319536_BC10"	"GTCACTAAGCCAGCGG-1"	5	0.00288839035333707	"baseline"	0.0536643028736855	0.0619457468685736	0.0395174461477743
"GSE319536_BC10"	"GTCACTACTTAATGGA-1"	5	0.0464105440269209	"baseline"	0.0390994768517243	0.0391474247522901	0.0395174461477743
"GSE319536_BC10"	"GTCACTGAATCTCACC-1"	5	0.00678631519910264	"baseline"	0.0358631689976728	0.0340816320807627	0.0395174461477743
"GSE319536_BC10"	"GTCACTTATGTCGTAT-1"	5	0.0193494111048794	"baseline"	0.0458788899473571	0.0497592400448682	0.0395174461477743
"GSE319536_BC10"	"GTCAGCGATGTAATTG-1"	5	0.0407739764441952	"baseline"	0.0600608955327967	0.0719583333333334	0.0395174461477743
"GSE319536_BC10"	"GTCAGTGCCAGAATAA-1"	5	0	"baseline"	0.0297773180506554	0.0245554496167508	0.0395174461477743
"GSE319536_BC10"	"GTCGCAACGAGCTGAC-1"	5	0	"baseline"	0.0325930492349461	0.0289629136287156	0.0395174461477743
"GSE319536_BC10"	"GTCGCTAAGTGAGGTT-1"	5	0.00336511497476164	"baseline"	0.0385544195679867	0.0382942465881473	0.0395174461477743
"GSE319536_BC10"	"GTCTAGTCTAGCGACG-1"	5	0	"baseline"	0.0294901168797129	0.0241058936249766	0.0395174461477743
"GSE319536_BC10"	"GTCTATCAGTACTAAT-1"	5	0.0392596747055524	"baseline"	0.0465966704279458	0.0508827818283791	0.0395174461477743
"GSE319536_BC10"	"GTCTTGTATTGTAGAT-1"	5	0.00532809871003926	"baseline"	0.0208354775332055	0.0105587866891008	0.0395174461477743
"GSE319536_BC10"	"GTGAAGCCACAACCGG-1"	5	0.026752664049355	"baseline"	0.0359207692740995	0.0341717937932324	0.0395174461477743
"GSE319536_BC10"	"GTGACTGTCCTGGTAT-1"	5	0.0456253505328099	"baseline"	0.0365011433412892	0.0350802533183773	0.0395174461477743
"GSE319536_BC10"	"GTGCAGGCACTCTAGG-1"	5	0.0204991587212563	"baseline"	0.0415939322004837	0.0430519957001309	0.0395174461477743
"GSE319536_BC10"	"GTGCAGGCTGGACATG-1"	5	0.0319405496354459	"baseline"	0.0479007996868915	0.0529241353524023	0.0395174461477743
"GSE319536_BC10"	"GTGCATGGTTGAGTTC-1"	5	0	"baseline"	0.0404012144346855	0.0411850345859039	0.0395174461477743
"GSE319536_BC10"	"GTGCCGTCCTGTCAGC-1"	5	0	"baseline"	0.0281302833671247	0.0219773462329407	0.0395174461477743
"GSE319536_BC10"	"GTGGAACAGAAGTCGA-1"	5	0	"baseline"	0.0372373734672068	0.0362326743316508	0.0395174461477743
"GSE319536_BC10"	"GTGGCGAGGAAGGCTA-1"	5	0.0498878295008413	"baseline"	0.0434538977073421	0.0459633997008787	0.0395174461477743
"GSE319536_BC10"	"GTGGCGCCACTACGCT-1"	5	0	"baseline"	0.0203890223918367	0.00985995045802953	0.0395174461477743
"GSE319536_BC10"	"GTGGCGCCAGCTAACC-1"	5	0	"baseline"	0.0300107916090313	0.0249209057767807	0.0395174461477743
"GSE319536_BC10"	"GTTAGACAATGGATGA-1"	5	0.0409422321929333	"baseline"	0.0354509139271242	0.033436329220415	0.0395174461477743
"GSE319536_BC10"	"GTTCTTGATCTGTTGA-1"	5	0.0112170499158721	"baseline"	0.0321514759790139	0.0282717190128996	0.0395174461477743
"GSE319536_BC10"	"GTTGAATCAACCTGGC-1"	5	0.0425126191811554	"baseline"	0.0255374259287941	0.0179187464946719	0.0395174461477743
"GSE319536_BC10"	"GTTGAATGGTACAGTA-1"	5	0	"baseline"	0.023293815887322	0.0144068237053655	0.0395174461477743
"GSE319536_BC10"	"TAACAGCAGGCCTTAC-1"	5	0	"baseline"	0.0410480239458902	0.0421974855113105	0.0395174461477743
"GSE319536_BC10"	"TAACATGCGTGCGAAC-1"	5	0	"baseline"	0.0382568932839923	0.0378285286969527	0.0395174461477743
"GSE319536_BC10"	"TAACGAATCCTAGATA-1"	5	0.0837072349971957	"baseline"	0.0346021705247404	0.0321077911759207	0.0395174461477743
"GSE319536_BC10"	"TAACGCTTATGCCATA-1"	5	0.043774537296691	"baseline"	0.0483385629820792	0.0536093662366797	0.0395174461477743
"GSE319536_BC10"	"TAACTTGCACGGCGGA-1"	5	0	"baseline"	0.0351339855076148	0.0329402411665732	0.0395174461477743
"GSE319536_BC10"	"TAAGAATATGAGATAG-1"	5	0	"baseline"	0.0383225822623442	0.0379313516545149	0.0395174461477743
"GSE319536_BC10"	"TAAGCACGAGACCTAC-1"	5	0.0522994952327538	"baseline"	0.047285046133134	0.0519602963170686	0.0395174461477743
"GSE319536_BC10"	"TAAGCCTGTAGCGTCC-1"	5	0	"baseline"	0.0449784224462465	0.0483497382688353	0.0395174461477743
"GSE319536_BC10"	"TAAGGATCTGAAGATA-1"	5	0	"baseline"	0.0188593768984836	0.00746559637315386	0.0395174461477743
"GSE319536_BC10"	"TAATACCGTTAATTGC-1"	5	0	"baseline"	0.0378937884985642	0.0372601607777155	0.0395174461477743
"GSE319536_BC10"	"TAATCTGATAAGATGT-1"	5	0.0279024116657319	"baseline"	0.0298730209203888	0.0247052533183773	0.0395174461477743
"GSE319536_BC10"	"TAATTAAGGAGTACTG-1"	5	0	"baseline"	0.0423188996524766	0.0441867872499533	0.0395174461477743
"GSE319536_BC10"	"TAATTCCTGCAGAAGG-1"	5	0	"baseline"	0.0328869297806419	0.0294229248457656	0.0395174461477743
"GSE319536_BC10"	"TACACCTTGCGGCAGG-1"	5	0.0250420639371845	"baseline"	0.0399518480772307	0.0404816414283044	0.0395174461477743
"GSE319536_BC10"	"TACACTGCAGGTTAGA-1"	5	0.0352776219854178	"baseline"	0.044399111346161	0.0474429426060946	0.0395174461477743
"GSE319536_BC10"	"TACGGTAGTTGCGTGA-1"	5	0	"baseline"	0.0213644290737962	0.0113867545335577	0.0395174461477743
"GSE319536_BC10"	"TACGTATCGAGGTTGT-1"	5	0.0260235558048233	"baseline"	0.0453127763601951	0.0488731024490559	0.0395174461477743
"GSE319536_BC10"	"TACTAGTACCGGATGG-1"	5	0.0446158160403814	"baseline"	0.0439143953607649	0.0466842166760142	0.0395174461477743
"GSE319536_BC10"	"TAGACAGGAGATCATT-1"	5	0	"baseline"	0.0352783489809938	0.0331662133108992	0.0395174461477743
"GSE319536_BC10"	"TAGACATACGTCTAAT-1"	5	0.0702748177229389	"baseline"	0.043610380797227	0.0462083426808749	0.0395174461477743
"GSE319536_BC10"	"TAGCGTCACGACAGGC-1"	5	0.027453729669097	"baseline"	0.0433189516447687	0.0457521686296504	0.0395174461477743
"GSE319536_BC10"	"TAGCTAGAAGCGATCA-1"	5	0.0195176668536175	"baseline"	0.0516562206640942	0.0588024957936063	0.0395174461477743
"GSE319536_BC10"	"TAGCTAGAGCACGCCG-1"	5	0	"baseline"	0.0321223369453895	0.0282261076836792	0.0395174461477743
"GSE319536_BC10"	"TAGGTCTACTCGTGAA-1"	5	0.0336791923724061	"baseline"	0.0525207294212824	0.0601557113479155	0.0395174461477743
"GSE319536_BC10"	"TAGTATAACCTCGACA-1"	5	0	"baseline"	0.037136400549892	0.0360746214245653	0.0395174461477743
"GSE319536_BC10"	"TAGTGCACTATTGTCA-1"	5	0.0704430734716769	"baseline"	0.0315939915349172	0.0273990886146943	0.0395174461477743
"GSE319536_BC10"	"TAGTGGTTGAACCAAT-1"	5	0	"baseline"	0.0376462455553703	0.0368726818096841	0.0395174461477743
"GSE319536_BC10"	"TAGTTGGCTTAGGCCT-1"	5	0	"baseline"	0.0383784835829217	0.0380188539914003	0.0395174461477743
"GSE319536_BC10"	"TATCAACGAATATGAG-1"	5	0.0433819405496354	"baseline"	0.0419225801309036	0.043566428304356	0.0395174461477743
"GSE319536_BC10"	"TATCAAGGCCGCGTGG-1"	5	0.028771733034212	"baseline"	0.0338430686909058	0.0309195690783324	0.0395174461477743
"GSE319536_BC10"	"TATCAATGCCGCTCAC-1"	5	0.0337633202467751	"baseline"	0.0478033262006052	0.0527715601046925	0.0395174461477743
"GSE319536_BC10"	"TATCACATAGCGAACT-1"	5	0	"baseline"	0.0246596091817643	0.0165446999439147	0.0395174461477743
"GSE319536_BC10"	"TATCACTTCGAGCCGT-1"	5	0.0314357823892316	"baseline"	0.0409834845246594	0.0420964619555057	0.0395174461477743
"GSE319536_BC10"	"TATCTAGTGCCATATT-1"	5	0.0274817722938867	"baseline"	0.0310371072492136	0.0265273976444195	0.0395174461477743
"GSE319536_BC10"	"TATGACGGAGATTGGC-1"	5	0.0429613011777902	"baseline"	0.039464122342281	0.0397182043372593	0.0395174461477743
"GSE319536_BC10"	"TATGAGTTCCGAGTGA-1"	5	0	"baseline"	0.0375301880599357	0.0366910170125257	0.0395174461477743
"GSE319536_BC10"	"TATGTCGAGGTTGAAG-1"	5	0	"baseline"	0.0470969517153486	0.051665872125631	0.0395174461477743
"GSE319536_BC10"	"TATGTTGGTAGGTCGT-1"	5	0	"baseline"	0.0266965975276931	0.0197331977939802	0.0395174461477743
"GSE319536_BC10"	"TCAAGGCAACGCGGCT-1"	5	0.072630398205272	"baseline"	0.0414566034195138	0.0428370349598056	0.0395174461477743
"GSE319536_BC10"	"TCAATTAATAGAACCT-1"	5	0	"baseline"	0.0264663039130419	0.0193727191998504	0.0395174461477743
"GSE319536_BC10"	"TCACAAGATGACTCGA-1"	5	0	"baseline"	0.0308378397333831	0.0262154842026547	0.0395174461477743
"GSE319536_BC10"	"TCACATCCTGTCGCGG-1"	5	0.0251542344363432	"baseline"	0.0480747351439794	0.0531963965227145	0.0395174461477743
"GSE319536_BC10"	"TCACGACATCAGAAGG-1"	5	0.00987100392596747	"baseline"	0.0416908264294155	0.0432036642363059	0.0395174461477743
"GSE319536_BC10"	"TCACGCTATCCACTAC-1"	5	0	"baseline"	0.0390343074134739	0.0390454150308469	0.0395174461477743
"GSE319536_BC10"	"TCACTACGACTCTGCG-1"	5	0.0360908581043186	"baseline"	0.0442255759946685	0.0471713077210694	0.0395174461477743
"GSE319536_BC10"	"TCAGCTCGCCAGGATG-1"	5	0	"baseline"	0.041202772249574	0.042439713030473	0.0395174461477743
"GSE319536_BC10"	"TCAGTCGTGCCGGCAG-1"	5	0.0325014021312395	"baseline"	0.0404845319461369	0.0413154514862591	0.0395174461477743
"GSE319536_BC10"	"TCATAGGTGAGTCGAC-1"	5	0.0413067863151991	"baseline"	0.0320823592303371	0.028163530566461	0.0395174461477743
"GSE319536_BC10"	"TCATCGTTATGTATCT-1"	5	0.0235558048233315	"baseline"	0.0406725457456307	0.0416097494858852	0.0395174461477743
"GSE319536_BC10"	"TCATCTGCCGCTATTC-1"	5	0.027986539540101	"baseline"	0.0410816029572786	0.042250046737708	0.0395174461477743
"GSE319536_BC10"	"TCATTCACTGTAATGG-1"	5	0.0701065619742008	"baseline"	0.0221726095320477	0.0126517994017573	0.0395174461477743
"GSE319536_BC10"	"TCCAACTGCCGCCATA-1"	5	0.00134604598990466	"baseline"	0.0324389458775951	0.0287216956440456	0.0395174461477743
"GSE319536_BC10"	"TCCAATCTAACACGCA-1"	5	0.000532809871003926	"baseline"	0.0465591978516586	0.0508241260048607	0.0395174461477743
"GSE319536_BC10"	"TCCGAACATAGTCTGA-1"	5	0.0310431856421761	"baseline"	0.0424666341647901	0.0444180360815106	0.0395174461477743
"GSE319536_BC10"	"TCCGAATAGAAGCACC-1"	5	0.000757150869321369	"baseline"	0.0365500756584361	0.0351568470742195	0.0395174461477743
"GSE319536_BC10"	"TCCGAATCGCAGGTTC-1"	5	0.0244251261918116	"baseline"	0.0568547478773967	0.0669397504206394	0.0395174461477743
"GSE319536_BC10"	"TCCGTCCACTCGGAGC-1"	5	0.102692091979809	"baseline"	0.0434160787709873	0.0459042017199477	0.0395174461477743
"GSE319536_BC10"	"TCCTACAAGCTCGAAC-1"	5	0	"baseline"	0.0272291261317414	0.0205667648158534	0.0395174461477743
"GSE319536_BC10"	"TCCTCATCGTGCTGGA-1"	5	0	"baseline"	0.0498069117010421	0.0559077724808376	0.0395174461477743
"GSE319536_BC10"	"TCCTGACACTTCACGG-1"	5	0.0509814918676388	"baseline"	0.0232602279183456	0.0143542484576556	0.0395174461477743
"GSE319536_BC10"	"TCCTGATAAGTGCCGT-1"	5	0	"baseline"	0.0305706020401342	0.0257971770424378	0.0395174461477743
"GSE319536_BC10"	"TCGACGAAGAGCAAGT-1"	5	0	"baseline"	0.0320788478558579	0.0281580342120022	0.0395174461477743
"GSE319536_BC10"	"TCGATCGCACCTAATC-1"	5	0	"baseline"	0.035742011648828	0.0338919844830809	0.0395174461477743
"GSE319536_BC10"	"TCGCCTGGTGGATTCT-1"	5	0.0366236679753225	"baseline"	0.0217019778607828	0.0119151196485324	0.0395174461477743
"GSE319536_BC10"	"TCGGAACGTCTGCAAG-1"	5	0.0201065619742008	"baseline"	0.0277928779015454	0.0214492054589643	0.0395174461477743
"GSE319536_BC10"	"TCGGTAATTACGTGGA-1"	5	0.0456533931575996	"baseline"	0.0348278270946925	0.0324610114040008	0.0395174461477743
"GSE319536_BC10"	"TCGGTAGGCATCACGC-1"	5	0.0846887268648345	"baseline"	0.0445424237958863	0.0476672695830997	0.0395174461477743
"GSE319536_BC10"	"TCGTATGCCGGACGTT-1"	5	0.0332585530005609	"baseline"	0.0325023327558421	0.0288209151243223	0.0395174461477743
"GSE319536_BC10"	"TCGTGCCTCGGTAGTT-1"	5	0.0448121144139091	"baseline"	0.0374451268046953	0.0365578706300243	0.0395174461477743
"GSE319536_BC10"	"TCTACAACTGGAACTT-1"	5	0.0352495793606282	"baseline"	0.045611087926067	0.0493400495419704	0.0395174461477743
"GSE319536_BC10"	"TCTAGAATTGCGGTTG-1"	5	0	"baseline"	0.0325827509946581	0.0289467937932324	0.0395174461477743
"GSE319536_BC10"	"TCTAGATAAGGTTAGC-1"	5	0	"baseline"	0.0466529569248054	0.0509708870816975	0.0395174461477743
"GSE319536_BC10"	"TCTATGATCGGTGCCT-1"	5	0.0704150308468873	"baseline"	0.0320979454333824	0.028187927650028	0.0395174461477743
"GSE319536_BC10"	"TCTGCGTGCTATTCTA-1"	5	0	"baseline"	0.0360823970053344	0.0344247896803141	0.0395174461477743
"GSE319536_BC10"	"TCTGTACGCTGTCCTC-1"	5	0.0356421761076837	"baseline"	0.0563498683615093	0.0661494625163582	0.0395174461477743
"GSE319536_BC10"	"TCTTACCGCTCGTATG-1"	5	0.0121424565339316	"baseline"	0.0339977692207872	0.0311617218171621	0.0395174461477743
"GSE319536_BC10"	"TCTTACTGAGACTAGT-1"	5	0.0256029164329781	"baseline"	0.0261193078566232	0.0188295662740699	0.0395174461477743
"GSE319536_BC10"	"TCTTCGAACAGCGTTA-1"	5	0	"baseline"	0.0194435340536538	0.00837997756590017	0.0395174461477743
"GSE319536_BC10"	"TCTTCGTCAGACCAGG-1"	5	0	"baseline"	0.0262618021799818	0.0190526126378762	0.0395174461477743
"GSE319536_BC10"	"TCTTGAGTCATTATAC-1"	5	0.0329500841278744	"baseline"	0.0349940649978626	0.032721223593195	0.0395174461477743
"GSE319536_BC10"	"TGAATGTTGACATCGT-1"	5	0.0422321929332586	"baseline"	0.0482071671101995	0.0534036922789306	0.0395174461477743
"GSE319536_BC10"	"TGAATTCGTGGTATAA-1"	5	0.0113292204150308	"baseline"	0.0355996278023876	0.0336691110487942	0.0395174461477743
"GSE319536_BC10"	"TGACCAGCACTCCAGC-1"	5	0.0367358384744812	"baseline"	0.0445827030830666	0.0477303187511684	0.0395174461477743
"GSE319536_BC10"	"TGACCAGGTATGACCT-1"	5	0.0763320246775098	"baseline"	0.052586782674878	0.0602591045055151	0.0395174461477743
"GSE319536_BC10"	"TGACGGAGCGCTATAC-1"	5	0.0369040942232193	"baseline"	0.040190746948046	0.0408555898298748	0.0395174461477743
"GSE319536_BC10"	"TGAGACAAGGACGACC-1"	5	0	"baseline"	0.0471731389867862	0.0517851280613199	0.0395174461477743
"GSE319536_BC10"	"TGAGTATTCTAGGACT-1"	5	0.0113853056646102	"baseline"	0.0331816254668418	0.0298842120022434	0.0395174461477743
"GSE319536_BC10"	"TGAGTGAGGCACGCCT-1"	5	0.011665731912507	"baseline"	0.0337031720680548	0.0307005888951206	0.0395174461477743
"GSE319536_BC10"	"TGATAAGCAGTAAGAA-1"	5	0	"baseline"	0.0264271652253948	0.0193114554122266	0.0395174461477743
"GSE319536_BC10"	"TGCACGAGTGTCAGCC-1"	5	0.0199943914750421	"baseline"	0.0412341715812263	0.0424888624041877	0.0395174461477743
"GSE319536_BC10"	"TGCAGAGGTCGTAATT-1"	5	0.0364273696017947	"baseline"	0.0388070295201016	0.0386896569452234	0.0395174461477743
"GSE319536_BC10"	"TGCATTAATGGCCACC-1"	5	0.0383623107122827	"baseline"	0.0441770587124303	0.0470953636193681	0.0395174461477743
"GSE319536_BC10"	"TGCCAGCTATTGTAGA-1"	5	0.00622546270330903	"baseline"	0.0350959724901876	0.0328807393905403	0.0395174461477743
"GSE319536_BC10"	"TGCCAGGATGAGGTTC-1"	5	0	"baseline"	0.0478129854662856	0.0527866797532249	0.0395174461477743
"GSE319536_BC10"	"TGCCGGCATTATAGAT-1"	5	0	"baseline"	0.0237812967815342	0.0151698775472051	0.0395174461477743
"GSE319536_BC10"	"TGCCTATCAATGCCAT-1"	5	0.0241727425687044	"baseline"	0.0429767001241047	0.0452164423256683	0.0395174461477743
"GSE319536_BC10"	"TGCGAATTCTCCGCAC-1"	5	0.0189007291082445	"baseline"	0.0497170999383218	0.0557671901289961	0.0395174461477743
"GSE319536_BC10"	"TGCGAGCCAGACGAAT-1"	5	0.0261076836791924	"baseline"	0.0277757509933715	0.0214223967096654	0.0395174461477743
"GSE319536_BC10"	"TGCGATTAGCTCCGCC-1"	5	0.0459057767807067	"baseline"	0.0343157606074008	0.0316594737334081	0.0395174461477743
"GSE319536_BC10"	"TGCGCCGAACGGACTC-1"	5	0.0121144139091419	"baseline"	0.0313109795292759	0.0269560899233502	0.0395174461477743
"GSE319536_BC10"	"TGCGCTCATAGAACGA-1"	5	0.034296130117779	"baseline"	0.0433359262739474	0.0457787390166386	0.0395174461477743
"GSE319536_BC10"	"TGCGGATCATCCTAGA-1"	5	0	"baseline"	0.0219375892968179	0.0122839222284539	0.0395174461477743
"GSE319536_BC10"	"TGCGTGTCGGCGGATA-1"	5	0.0401570386988222	"baseline"	0.0330770665284815	0.0297205458964292	0.0395174461477743
"GSE319536_BC10"	"TGCTATGGTTGCGACA-1"	5	0	"baseline"	0.033571922503445	0.0304951439521406	0.0395174461477743
"GSE319536_BC10"	"TGCTGTCTTGTTAATG-1"	5	0.0341278743690409	"baseline"	0.0483366371006685	0.0536063516545149	0.0395174461477743
"GSE319536_BC10"	"TGCTTACTCACCGGTC-1"	5	0.0222938867077959	"baseline"	0.0431922435772532	0.0455538324920546	0.0395174461477743
"GSE319536_BC10"	"TGCTTATGAATAAGCA-1"	5	0.0198822209758833	"baseline"	0.0362062864185061	0.0346187137782763	0.0395174461477743
"GSE319536_BC10"	"TGCTTATGACGCTGGC-1"	5	0.0904655075715087	"baseline"	0.0351708400103329	0.0329979295195364	0.0395174461477743
"GSE319536_BC10"	"TGGATCCAGTCACTTC-1"	5	0.0208917554683118	"baseline"	0.0247889328649632	0.0167471303047298	0.0395174461477743
"GSE319536_BC10"	"TGGCCACTCCGCGGAC-1"	5	0.0505328098710039	"baseline"	0.0237733752879174	0.0151574780332773	0.0395174461477743
"GSE319536_BC10"	"TGGTGCCTAGCACGGC-1"	5	0.0595344924284913	"baseline"	0.0354269792521029	0.033398864273696	0.0395174461477743
"GSE319536_BC10"	"TGGTGCGAGGTCGTAT-1"	5	0.0408300616937745	"baseline"	0.0502975068500007	0.0566757010656198	0.0395174461477743
"GSE319536_BC10"	"TGTACCAACTACGCAT-1"	5	0.0401570386988222	"baseline"	0.0412204366130254	0.0424673630585156	0.0395174461477743
"GSE319536_BC10"	"TGTCAAGCGGATCGGT-1"	5	0.04385866517106	"baseline"	0.0209145819924544	0.0106826088988596	0.0395174461477743
"GSE319536_BC10"	"TGTCATGCATGAGCAC-1"	5	0	"baseline"	0.040537241379539	0.0413979575621611	0.0395174461477743
"GSE319536_BC10"	"TGTCCATGTATGGAAT-1"	5	0.00227145260796411	"baseline"	0.0449512660254233	0.048307230323425	0.0395174461477743
"GSE319536_BC10"	"TGTTAAGGAAGTCTTA-1"	5	0.0398766124509254	"baseline"	0.0399699215038654	0.0405099317629463	0.0395174461477743
"GSE319536_BC10"	"TGTTCCTCACATTAAT-1"	5	0.0210319685922602	"baseline"	0.0373237753747781	0.0363679192372406	0.0395174461477743
"GSE319536_BC10"	"AACAGGTTATTGCACC-1"	5	0.0404094223219293	"tme"	0.0357716903870168	0.0357295802953823	0.0395174461477743
"GSE319536_BC10"	"AACCAAGGTATCAGGC-1"	5	0	"tme"	0.0428346990969286	0.0434179706487194	0.0395174461477743
"GSE319536_BC10"	"AACGAGCTAATAACTA-1"	5	0.0289680314077398	"tme"	0.0455350094436225	0.0463573752103197	0.0395174461477743
"GSE319536_BC10"	"AACTAGGCCTGACACC-1"	5	0	"tme"	0.0253645028591707	0.0244009067115349	0.0395174461477743
"GSE319536_BC10"	"AACTATGTGCTTGTTA-1"	5	0	"tme"	0.0310768433103641	0.0306190362684614	0.0395174461477743
"GSE319536_BC10"	"AACTATTCTGCGGCCT-1"	5	0	"tme"	0.0392704689118327	0.0395381519910264	0.0395174461477743
"GSE319536_BC10"	"AACTGCTACCTCGATA-1"	5	0	"tme"	0.0173445663165651	0.0156708590390727	0.0395174461477743
"GSE319536_BC10"	"AAGACTCAAGGCTCCA-1"	5	0.0258553000560853	"tme"	0.0403332597815159	0.0406950458029538	0.0395174461477743
"GSE319536_BC10"	"AAGGCAGTCTGATCAC-1"	5	0.043157599551318	"tme"	0.0347589629100695	0.0346271826509628	0.0395174461477743
"GSE319536_BC10"	"AAGGCCAATTCAATAA-1"	5	0.0243690409422322	"tme"	0.0182649598946458	0.0166727472424752	0.0395174461477743
"GSE319536_BC10"	"AAGGCCGATTCTGAGC-1"	5	0	"tme"	0.0365851174725395	0.0366150308468873	0.0395174461477743
"GSE319536_BC10"	"AAGGCGAGGTTCATGT-1"	5	0.023948401570387	"tme"	0.0485815042868432	0.0496736165638437	0.0395174461477743
"GSE319536_BC10"	"AAGTACTACAGTAGAA-1"	5	0	"tme"	0.0371964404449003	0.0372804823331464	0.0395174461477743
"GSE319536_BC10"	"AAGTGGACGAATCTAC-1"	5	0	"tme"	0.0280299749238184	0.0273023882968779	0.0395174461477743
"GSE319536_BC10"	"AATAGTTGGTGCTCAG-1"	5	0.0293606281547953	"tme"	0.0418903944524545	0.0423900542157413	0.0395174461477743
"GSE319536_BC10"	"AATGAATCGGAAGGCA-1"	5	0.0612731351654515	"tme"	0.0411565192143254	0.0415911992895868	0.0395174461477743
"GSE319536_BC10"	"AATGATTACAACCTAA-1"	5	0.0482893998878295	"tme"	0.0413369664018476	0.0417876238549261	0.0395174461477743
"GSE319536_BC10"	"AATGGAGGACCTGGTG-1"	5	0.0550757150869321	"tme"	0.0414118081684666	0.041869092353711	0.0395174461477743
"GSE319536_BC10"	"AATGGTGCGTCCTAAC-1"	5	0	"tme"	0.0338437989385369	0.0336309871003926	0.0395174461477743
"GSE319536_BC10"	"AATTCTCGCACCAGTA-1"	5	0.0436343241727426	"tme"	0.0521409857487516	0.0535482660310339	0.0395174461477743
"GSE319536_BC10"	"ACAACTAAGTGGCGCT-1"	5	0	"tme"	0.021313451262534	0.0199911618994205	0.0395174461477743
"GSE319536_BC10"	"ACAACTGTCGTGGATA-1"	5	0	"tme"	0.0261960832915619	0.025306117965975	0.0395174461477743
"GSE319536_BC10"	"ACAATACAGGCGCCGT-1"	5	0	"tme"	0.0370031983251008	0.0370701299308282	0.0395174461477743
"GSE319536_BC10"	"ACAATACGCCTTATTC-1"	5	0.0319685922602356	"tme"	0.0418959546663132	0.042396106748925	0.0395174461477743
"GSE319536_BC10"	"ACAATTGGTCGCGTAA-1"	5	0	"tme"	0.0280934729954453	0.0273715086932137	0.0395174461477743
"GSE319536_BC10"	"ACAGAATAAGAACCAT-1"	5	0.0472237801458217	"tme"	0.0259791834278539	0.0250700130865582	0.0395174461477743
"GSE319536_BC10"	"ACAGAATCCGTTGCTT-1"	5	0.0415030846887269	"tme"	0.0387874859799751	0.0390124041876986	0.0395174461477743
"GSE319536_BC10"	"ACAGAATGTCTTATTG-1"	5	0.0678631519910264	"tme"	0.0365091851311559	0.0365323752103197	0.0395174461477743
"GSE319536_BC10"	"ACATAAGCAATGCGGT-1"	5	0.0128996074032529	"tme"	0.0406175777749613	0.0410045382314452	0.0395174461477743
"GSE319536_BC10"	"ACATGGATGCGTAAGC-1"	5	0.012983735277622	"tme"	0.0350586004734361	0.0349533510936624	0.0395174461477743
"GSE319536_BC10"	"ACCACGGCCTCGCACC-1"	5	0	"tme"	0.0328668800975602	0.0325675687044307	0.0395174461477743
"GSE319536_BC10"	"ACCATTAGATCGTGGC-1"	5	0	"tme"	0.0358810999387916	0.0358486773228641	0.0395174461477743
"GSE319536_BC10"	"ACCGGCCTCAGGAGTT-1"	5	0.066489063376332	"tme"	0.0386146685222035	0.0388242849130679	0.0395174461477743
"GSE319536_BC10"	"ACCGGCTATCGTGCGG-1"	5	0	"tme"	0.0425344647229624	0.0430911525518789	0.0395174461477743
"GSE319536_BC10"	"ACCGTACTATCGGAGG-1"	5	0.032192933258553	"tme"	0.0274873581616256	0.0267117264909329	0.0395174461477743
"GSE319536_BC10"	"ACCTATAACGAACTAC-1"	5	0	"tme"	0.0326060953335817	0.0322836932136848	0.0395174461477743
"GSE319536_BC10"	"ACCTGCTTGAGCCTGG-1"	5	0	"tme"	0.0445975917358506	0.045336955505702	0.0395174461477743
"GSE319536_BC10"	"ACGAGGACCTGCTAGT-1"	5	0	"tme"	0.0317414541701386	0.031342493924098	0.0395174461477743
"GSE319536_BC10"	"ACGATGACTATTAGAT-1"	5	0.0329781267526641	"tme"	0.0313981592673776	0.0309688025799215	0.0395174461477743
"GSE319536_BC10"	"ACGCCGGCATCACTGG-1"	5	0.0235558048233315	"tme"	0.0363872769056029	0.0363996728360441	0.0395174461477743
"GSE319536_BC10"	"ACGTCAGATTACTTCG-1"	5	0.00961862030286035	"tme"	0.0446416312057727	0.04538489437278	0.0395174461477743
"GSE319536_BC10"	"ACGTTCCATTACCTCA-1"	5	0	"tme"	0.0342028985881813	0.0340218825948776	0.0395174461477743
"GSE319536_BC10"	"ACTATGAGGTTCTGTC-1"	5	0.0356702187324734	"tme"	0.0321442498015902	0.031780954383997	0.0395174461477743
"GSE319536_BC10"	"ACTCCAGGCCGAAGAC-1"	5	0.013768928771733	"tme"	0.0465992472569893	0.0475158440830062	0.0395174461477743
"GSE319536_BC10"	"ACTCTAAGCTTGCGCC-1"	5	0.00852495793606282	"tme"	0.0419480532261294	0.0424528182837914	0.0395174461477743
"GSE319536_BC10"	"ACTGACGTGATATTGG-1"	5	0	"tme"	0.0310477842158498	0.0305874041876986	0.0395174461477743
"GSE319536_BC10"	"AGAACTTCGATGCGTA-1"	5	0.00493550196298374	"tme"	0.0359855160320972	0.0359623387549075	0.0395174461477743
"GSE319536_BC10"	"AGAAGGATGGTATGAA-1"	5	0.0406898485698261	"tme"	0.0453563870367103	0.0461629369975696	0.0395174461477743
"GSE319536_BC10"	"AGACAAGACGTATCGC-1"	5	0.00614133482893999	"tme"	0.0434089639953011	0.0440430828192186	0.0395174461477743
"GSE319536_BC10"	"AGACGCGTGATGCATC-1"	5	0	"tme"	0.0381816674046544	0.0383529444756029	0.0395174461477743
"GSE319536_BC10"	"AGACGTAGGCGGACCG-1"	5	0.00490745933819405	"tme"	0.0326850804255858	0.0323696719012899	0.0395174461477743
"GSE319536_BC10"	"AGACTGGTAAGGAGGT-1"	5	0.0379416713404375	"tme"	0.0147110000041833	0.0128041082445317	0.0395174461477743
"GSE319536_BC10"	"AGATGCTCCGTCATCT-1"	5	0.0323611890072911	"tme"	0.0474726216057519	0.0484665498223967	0.0395174461477743
"GSE319536_BC10"	"AGATTGAGTTAGGAAC-1"	5	0.019910263600673	"tme"	0.0431103225474675	0.0437179986913442	0.0395174461477743
"GSE319536_BC10"	"AGCCAGATACTCGAAC-1"	5	0	"tme"	0.0249149842569	0.0239115862778089	0.0395174461477743
"GSE319536_BC10"	"AGCCAGCGGCAAGCGT-1"	5	0.0388109927089176	"tme"	0.0260079634382749	0.0251013413722191	0.0395174461477743
"GSE319536_BC10"	"AGCCGATGTTCTACTC-1"	5	0.0361469433538979	"tme"	0.0294844968140544	0.0288856982613573	0.0395174461477743
"GSE319536_BC10"	"AGCCGTATTCAACCGT-1"	5	0.0326416152551879	"tme"	0.0290401262399045	0.0284019816788185	0.0395174461477743
"GSE319536_BC10"	"AGCCTCGCATGGTCCT-1"	5	0	"tme"	0.0235845903841591	0.0224633950271079	0.0395174461477743
"GSE319536_BC10"	"AGCGGTTACAATACGC-1"	5	0.017722938867078	"tme"	0.0279055978774401	0.0271669985043933	0.0395174461477743
"GSE319536_BC10"	"AGCTACCAGCGTTACT-1"	5	0	"tme"	0.0183614929357161	0.016777827631333	0.0395174461477743
"GSE319536_BC10"	"AGGACGAATGCTTCAA-1"	5	0.0839035333707235	"tme"	0.0370446788085675	0.0371152832305104	0.0395174461477743
"GSE319536_BC10"	"AGGACGTATCGCCGTA-1"	5	0.0356702187324734	"tme"	0.0407353770239407	0.0411327678070667	0.0395174461477743
"GSE319536_BC10"	"AGGAGCATAATCCACT-1"	5	0	"tme"	0.0392357894930396	0.0395004019442887	0.0395174461477743
"GSE319536_BC10"	"AGGATATCGCGAATAC-1"	5	0.074649467190129	"tme"	0.0329149212040199	0.0326198635258927	0.0395174461477743
"GSE319536_BC10"	"AGGATCAACATTCGTT-1"	5	0	"tme"	0.0436408785832285	0.0442955318751169	0.0395174461477743
"GSE319536_BC10"	"AGGATCCGTGAGGCGG-1"	5	0	"tme"	0.0273563818498412	0.0265691531127313	0.0395174461477743
"GSE319536_BC10"	"AGGCCGCAGAATAACG-1"	5	0.0383062254627033	"tme"	0.0460322943618611	0.0468986913441765	0.0395174461477743
"GSE319536_BC10"	"AGGCCTGTCTAGTGGC-1"	5	0.0327257431295569	"tme"	0.0333621341423199	0.0331066741446999	0.0395174461477743
"GSE319536_BC10"	"AGGTGAAGTGACGACT-1"	5	0.0721256309590578	"tme"	0.048326679041657	0.0493962282669658	0.0395174461477743
"GSE319536_BC10"	"AGGTTAGTGGCCATAG-1"	5	0.038418395961862	"tme"	0.0406365383188996	0.0410251776032904	0.0395174461477743
"GSE319536_BC10"	"AGTTCGTGCAGACCTT-1"	5	0.0146943353897925	"tme"	0.03986867922541	0.0401893297812675	0.0395174461477743
"GSE319536_BC10"	"ATAAGACCAATCGCGG-1"	5	0.0381940549635446	"tme"	0.0448941421997852	0.0456597635071976	0.0395174461477743
"GSE319536_BC10"	"ATAAGGAATAGAACAT-1"	5	0.00378575434660684	"tme"	0.0337440886324045	0.0335224481211441	0.0395174461477743
"GSE319536_BC10"	"ATAAGTACCACGAGTT-1"	5	0.0392596747055524	"tme"	0.0315082386209763	0.0310886287156478	0.0395174461477743
"GSE319536_BC10"	"ATACAAGGTCAGTAGA-1"	5	0.0220415030846887	"tme"	0.033298902273982	0.0330378435221537	0.0395174461477743
"GSE319536_BC10"	"ATACAATTGCGGTATT-1"	5	0.00813236118900729	"tme"	0.0324511049089696	0.0321149794354085	0.0395174461477743
"GSE319536_BC10"	"ATACTAGCCACTTCGC-1"	5	0	"tme"	0.0308179606118215	0.0303372312581791	0.0395174461477743
"GSE319536_BC10"	"ATACTAGTAACTGAGT-1"	5	0.027369601794728	"tme"	0.0189659203841718	0.01743577304169	0.0395174461477743
"GSE319536_BC10"	"ATAGTACTATGGTTCT-1"	5	0	"tme"	0.0338462763465651	0.0336336838661432	0.0395174461477743
"GSE319536_BC10"	"ATAGTGAGTGAGGATT-1"	5	0	"tme"	0.0464582539730563	0.0473623667975323	0.0395174461477743
"GSE319536_BC10"	"ATCACCAGTTCGGCGA-1"	5	0	"tme"	0.0382779728848486	0.0384577771546083	0.0395174461477743
"GSE319536_BC10"	"ATCCGAGTCACTTGTA-1"	5	0	"tme"	0.019617272602714	0.0181447980931015	0.0395174461477743
"GSE319536_BC10"	"ATCGACAGCGGCAACA-1"	5	0	"tme"	0.0346596733768777	0.0345191017012526	0.0395174461477743
"GSE319536_BC10"	"ATCGCAGTCTATGGCA-1"	5	0.0329500841278744	"tme"	0.0342637389205198	0.0340881099270892	0.0395174461477743
"GSE319536_BC10"	"ATCGTAGCATGTAGAT-1"	5	0.014469994391475	"tme"	0.0314197174401843	0.0309922695830997	0.0395174461477743
"GSE319536_BC10"	"ATCTTAGTGGCATGGA-1"	5	0.0412226584408301	"tme"	0.0357924671243623	0.0357521966722752	0.0395174461477743
"GSE319536_BC10"	"ATCTTCGGACATACTA-1"	5	0.0407739764441952	"tme"	0.0258689409174007	0.0249500093475416	0.0395174461477743
"GSE319536_BC10"	"ATGCATGGTTCCGCCT-1"	5	0.0357823892316321	"tme"	0.0345019951577671	0.0343474621424565	0.0395174461477743
"GSE319536_BC10"	"ATGCCTTCGTAAGTTA-1"	5	0.03771733034212	"tme"	0.0408500033014594	0.0412575434660684	0.0395174461477743
"GSE319536_BC10"	"ATGCTGAATGCAATAG-1"	5	0.0112170499158721	"tme"	0.0299738900928549	0.0294184240044868	0.0395174461477743
"GSE319536_BC10"	"ATGGCATTATGGCTCG-1"	5	0.0227706113292204	"tme"	0.0492377469174203	0.0503879650401944	0.0395174461477743
"GSE319536_BC10"	"ATGTAAGAGCCACCTC-1"	5	0.0407459338194055	"tme"	0.0441732636932009	0.0448750560852496	0.0395174461477743
"GSE319536_BC10"	"ATGTACATGAACTCCG-1"	5	0	"tme"	0.0410236107818951	0.0414465227145261	0.0395174461477743
"GSE319536_BC10"	"ATGTAGGTTGGCGAGG-1"	5	0.00947840717891195	"tme"	0.0324435138216319	0.0321067162086371	0.0395174461477743
"GSE319536_BC10"	"ATGTATCCAAGGTGGC-1"	5	0	"tme"	0.0408564093548009	0.0412645167320995	0.0395174461477743
"GSE319536_BC10"	"ATTACTGAGTGCCTCC-1"	5	0	"tme"	0.032930051855478	0.0326363338941858	0.0395174461477743
"GSE319536_BC10"	"ATTAGCGAGCATGCTG-1"	5	0	"tme"	0.0207805208651793	0.0194110441203963	0.0395174461477743
"GSE319536_BC10"	"ATTATCTAGATTAACG-1"	5	0.0504767246214246	"tme"	0.0348064673163499	0.034678893251075	0.0395174461477743
"GSE319536_BC10"	"ATTCAAGATTAGTTGC-1"	5	0	"tme"	0.0438319739023102	0.0445035473920359	0.0395174461477743
"GSE319536_BC10"	"ATTCACATAGGATGAG-1"	5	0	"tme"	0.0381431194509681	0.038310983361376	0.0395174461477743
"GSE319536_BC10"	"ATTCACTCACGTGCAC-1"	5	0.0458216489063376	"tme"	0.044151052892976	0.0448508786689101	0.0395174461477743
"GSE319536_BC10"	"ATTCCGCAACGCCGCT-1"	5	0	"tme"	0.0376444047634514	0.0377681108618434	0.0395174461477743
"GSE319536_BC10"	"ATTCCGCTCCATCAGC-1"	5	0	"tme"	0.026280048961231	0.0253975182277061	0.0395174461477743
"GSE319536_BC10"	"ATTCCGTAAGGATTCC-1"	5	0.00566461020751542	"tme"	0.0357950346980206	0.0357549915872126	0.0395174461477743
"GSE319536_BC10"	"ATTCCTGCCTTAACAG-1"	5	0.0466348850252384	"tme"	0.0369899268030643	0.0370556833052907	0.0395174461477743
"GSE319536_BC10"	"ATTCTACTGGTCGTTC-1"	5	0.0479248457655637	"tme"	0.0443015436232839	0.0450146943353898	0.0395174461477743
"GSE319536_BC10"	"ATTCTAGTCCACAAGA-1"	5	0	"tme"	0.0383691346305233	0.0385570106561974	0.0395174461477743
"GSE319536_BC10"	"ATTGACGCCAGCCAAG-1"	5	0.0616376892877173	"tme"	0.0337027713057924	0.0334774724247523	0.0395174461477743
"GSE319536_BC10"	"CAACTGCAGTGCAATA-1"	5	0.00182277061132922	"tme"	0.0326765061035195	0.0323603383810058	0.0395174461477743
"GSE319536_BC10"	"CAAGTGTTCGCCACGC-1"	5	0.0474200785193494	"tme"	0.0368708480608571	0.0369260609459712	0.0395174461477743
"GSE319536_BC10"	"CAATAAGCGGCCAGAT-1"	5	0.0141054402692092	"tme"	0.0377334926996329	0.0378650869321369	0.0395174461477743
"GSE319536_BC10"	"CAATCGTCGGAGCATG-1"	5	0.0395961862030286	"tme"	0.0293784877946163	0.0287703028603477	0.0395174461477743
"GSE319536_BC10"	"CACCTAGACGAGCCGG-1"	5	0.00751542344363432	"tme"	0.0407680083948491	0.0411682884651337	0.0395174461477743
"GSE319536_BC10"	"CACGGCGATACATACG-1"	5	0.0332024677509815	"tme"	0.0159339980242225	0.0141353944662554	0.0395174461477743
"GSE319536_BC10"	"CACGGTCTTGGTTAAT-1"	5	0	"tme"	0.0276103269067332	0.0268455832865956	0.0395174461477743
"GSE319536_BC10"	"CAGAACATGATAGGAC-1"	5	0.0528603477285474	"tme"	0.0373966811350393	0.0374984529818658	0.0395174461477743
"GSE319536_BC10"	"CAGAAGTCGCGGTTAT-1"	5	0	"tme"	0.0522182362257759	0.0536323565152365	0.0395174461477743
"GSE319536_BC10"	"CAGACACTTACAAGAC-1"	5	0	"tme"	0.0307539172528122	0.030267517292952	0.0395174461477743
"GSE319536_BC10"	"CAGACAGTCGGATCTG-1"	5	0.0375490745933819	"tme"	0.0395487758632687	0.0398411011404001	0.0395174461477743
"GSE319536_BC10"	"CAGCTGTTGCCGGAGT-1"	5	0.0230229949523275	"tme"	0.0326330076273783	0.0323129884090484	0.0395174461477743
"GSE319536_BC10"	"CAGCTTGGTTCGGTCG-1"	5	0	"tme"	0.0260127765654839	0.025106580669284	0.0395174461477743
"GSE319536_BC10"	"CAGTACAGTTGTGGAA-1"	5	0.00874929893438026	"tme"	0.0333508162089364	0.0330943540848757	0.0395174461477743
"GSE319536_BC10"	"CAGTGAACAGCAACGA-1"	5	0.0205552439708357	"tme"	0.0413398860508236	0.041790802019069	0.0395174461477743
"GSE319536_BC10"	"CAGTTGCGACTTCTCG-1"	5	0.0354178351093662	"tme"	0.0407676649067343	0.0411679145634698	0.0395174461477743
"GSE319536_BC10"	"CATCAGTAATCAGACA-1"	5	0	"tme"	0.0308166682377894	0.0303358244531688	0.0395174461477743
"GSE319536_BC10"	"CATCCTAGTGGTATGT-1"	5	0.0209197980931015	"tme"	0.0267540239172774	0.025913460459899	0.0395174461477743
"GSE319536_BC10"	"CATCGCGGTCGGTGCG-1"	5	0.0456253505328099	"tme"	0.0351542790878208	0.0350575014021312	0.0395174461477743
"GSE319536_BC10"	"CATCGGCATGTCGAAG-1"	5	0	"tme"	0.0174816395423876	0.0158200691718078	0.0395174461477743
"GSE319536_BC10"	"CATTAGGCAATGGTTA-1"	5	0.00813236118900729	"tme"	0.0329931377413672	0.032705005608525	0.0395174461477743
"GSE319536_BC10"	"CATTGGCGGTTGAGTC-1"	5	0.0353897924845766	"tme"	0.0163607562452846	0.0145999392409796	0.0395174461477743
"GSE319536_BC10"	"CCAATACCAACACGCC-1"	5	0.0480089736399327	"tme"	0.0442557480703748	0.0449648438960553	0.0395174461477743
"GSE319536_BC10"	"CCAATCTTGCCTATGG-1"	5	0.0673022994952328	"tme"	0.03750898028058	0.0376206954570948	0.0395174461477743
"GSE319536_BC10"	"CCAGACAGAACCTAAG-1"	5	0	"tme"	0.0444502525089962	0.0451765703869882	0.0395174461477743
"GSE319536_BC10"	"CCAGACATCCGGTTCT-1"	5	0	"tme"	0.0411038152567069	0.041533828753038	0.0395174461477743
"GSE319536_BC10"	"CCGACAAGACTGTACT-1"	5	0.000841278743690409	"tme"	0.0373480260435742	0.0374454898111797	0.0395174461477743
"GSE319536_BC10"	"CCGATAATGGAGCCTT-1"	5	0.0264161525518789	"tme"	0.0347719038247956	0.0346412693961488	0.0395174461477743
"GSE319536_BC10"	"CCGATGGAACATCAGC-1"	5	0.0282669657879978	"tme"	0.0347843509753565	0.034654818657693	0.0395174461477743
"GSE319536_BC10"	"CCGATTCCATAAGAGT-1"	5	0	"tme"	0.0383579497987843	0.0385448354832679	0.0395174461477743
"GSE319536_BC10"	"CCGATTCCTCACTACA-1"	5	0.0505047672462142	"tme"	0.047136093418853	0.0481002243409983	0.0395174461477743
"GSE319536_BC10"	"CCGCAAGGTACCGTTG-1"	5	0.0375490745933819	"tme"	0.0240771437536161	0.022999560665545	0.0395174461477743
"GSE319536_BC10"	"CCGCTCTGCTGAATTC-1"	5	0.034296130117779	"tme"	0.0390400785524149	0.0392873621237615	0.0395174461477743
"GSE319536_BC10"	"CCGCTGTTGCCATACG-1"	5	0.0432136848008974	"tme"	0.0439559301757479	0.0446384791549823	0.0395174461477743
"GSE319536_BC10"	"CCGGCGTCTTAATAAG-1"	5	0.0999439147504206	"tme"	0.0402693151753396	0.040625439334455	0.0395174461477743
"GSE319536_BC10"	"CCTAATGGCACTGTTC-1"	5	0.0375210319685923	"tme"	0.0317484183916666	0.0313500747803328	0.0395174461477743
"GSE319536_BC10"	"CCTATGCCTTCTTGTT-1"	5	0.0160964666292765	"tme"	0.0502338925056244	0.051472312581791	0.0395174461477743
"GSE319536_BC10"	"CCTCACCTAGTGGCAA-1"	5	0.0720415030846887	"tme"	0.0389805048324999	0.0392225135539353	0.0395174461477743
"GSE319536_BC10"	"CCTCACGTTACTCGCA-1"	5	0	"tme"	0.0384834002455214	0.0386813937184521	0.0395174461477743
"GSE319536_BC10"	"CCTCGGTATGACAGTA-1"	5	0.0356702187324734	"tme"	0.036528527805622	0.0365534305477659	0.0395174461477743
"GSE319536_BC10"	"CCTGGCTTATGGTCTG-1"	5	0.0448681996634885	"tme"	0.0464711691261737	0.0473764255000935	0.0395174461477743
"GSE319536_BC10"	"CCTTGTCTACTTAGAC-1"	5	0	"tme"	0.0385491224026919	0.0387529351280613	0.0395174461477743
"GSE319536_BC10"	"CGAATGGACCGTCTTG-1"	5	0.0296690970274818	"tme"	0.0320100575823307	0.0316348803514676	0.0395174461477743
"GSE319536_BC10"	"CGACCAGCCTTGATTA-1"	5	0.0427089175546831	"tme"	0.0491387364683218	0.0502801878855861	0.0395174461477743
"GSE319536_BC10"	"CGACGCAGCCTTAGTC-1"	5	0.0106281547952888	"tme"	0.0392740154266183	0.0395420125257057	0.0395174461477743
"GSE319536_BC10"	"CGACGCCGCAAGTAGC-1"	5	0.0380538418395962	"tme"	0.0189239890725544	0.017390128996074	0.0395174461477743
"GSE319536_BC10"	"CGACTGAACGAATGCT-1"	5	0.0695457094784072	"tme"	0.0444213737457422	0.045145134604599	0.0395174461477743
"GSE319536_BC10"	"CGAGCGTAATGGAGTG-1"	5	0.0408020190689849	"tme"	0.0356034928443896	0.0355464899981305	0.0395174461477743
"GSE319536_BC10"	"CGAGCGTGGACTGGAA-1"	5	0.0371564778463264	"tme"	0.0270918745334184	0.0262812254627033	0.0395174461477743
"GSE319536_BC10"	"CGAGCTTAGAATACCT-1"	5	0.00737521031968592	"tme"	0.0406164528513852	0.041003313703496	0.0395174461477743
"GSE319536_BC10"	"CGAGGATTCGATCATA-1"	5	0.00981491867638811	"tme"	0.036371034211373	0.0363819919611142	0.0395174461477743
"GSE319536_BC10"	"CGATGAGGCCAACGTA-1"	5	0.0449523275378575	"tme"	0.0406535409805835	0.0410436857356515	0.0395174461477743
"GSE319536_BC10"	"CGCACGTAGCATTGTT-1"	5	0	"tme"	0.026972744267994	0.0261515470181342	0.0395174461477743
"GSE319536_BC10"	"CGCATGAGGAGCGTCT-1"	5	0.0448681996634885	"tme"	0.0485194231036899	0.0496060385118714	0.0395174461477743
"GSE319536_BC10"	"CGCATGGAATTCACGA-1"	5	0	"tme"	0.0468895118884226	0.0478318096840531	0.0395174461477743
"GSE319536_BC10"	"CGCCTCGATAATGCGG-1"	5	0	"tme"	0.0359879977337268	0.0359650401944289	0.0395174461477743
"GSE319536_BC10"	"CGCCTCGGAACTGTGC-1"	5	0.0277902411665732	"tme"	0.0366446396692373	0.0366798233314638	0.0395174461477743
"GSE319536_BC10"	"CGCCTTATCTTGGCGA-1"	5	0.0384744812114414	"tme"	0.0324065931428896	0.0320665264535427	0.0395174461477743
"GSE319536_BC10"	"CGCTATGGTTGGTTAA-1"	5	0.0348008973639933	"tme"	0.0253224942627276	0.0243551785380445	0.0395174461477743
"GSE319536_BC10"	"CGCTATTAATCTATAA-1"	5	0	"tme"	0.0292652826991727	0.0286470742194803	0.0395174461477743
"GSE319536_BC10"	"CGCTTGGCTTGGATCT-1"	5	0	"tme"	0.04241019501662	0.0429558796036643	0.0395174461477743
"GSE319536_BC10"	"CGGAGTGGCGACTAAG-1"	5	0.0265002804262479	"tme"	0.0294250647829867	0.0288210039259675	0.0395174461477743
"GSE319536_BC10"	"CGGCCTAACGATAATG-1"	5	0.0717330342120023	"tme"	0.0360223551324122	0.0360024397083567	0.0395174461477743
"GSE319536_BC10"	"CGTAACATTCGCGATA-1"	5	0.0124228827818284	"tme"	0.0438015666169452	0.0444704477472425	0.0395174461477743
"GSE319536_BC10"	"CGTAACATTGGCTGAG-1"	5	0.0107683679192372	"tme"	0.042409928813331	0.0429555898298747	0.0395174461477743
"GSE319536_BC10"	"CGTAGTGACTCAAGGA-1"	5	0	"tme"	0.0328631876003258	0.0325635492615442	0.0395174461477743
"GSE319536_BC10"	"CGTAGTTCGTTGGTAG-1"	5	0.0428491306786315	"tme"	0.0404217294390906	0.0407913488502524	0.0395174461477743
"GSE319536_BC10"	"CGTGTACGATGATTGT-1"	5	0.0273976444195177	"tme"	0.0287723686671952	0.0281105159842961	0.0395174461477743
"GSE319536_BC10"	"CGTTGTGAGCAAGTGG-1"	5	0.0351093662366798	"tme"	0.0347901215756856	0.0346611002056459	0.0395174461477743
"GSE319536_BC10"	"CTAACAGTATACCGGC-1"	5	0.0424284913067863	"tme"	0.0377015268369469	0.0378302907085437	0.0395174461477743
"GSE319536_BC10"	"CTACCTTATCAACTGA-1"	5	0	"tme"	0.0319528067007921	0.0315725602916433	0.0395174461477743
"GSE319536_BC10"	"CTACGAATTGGCTGGT-1"	5	0.0462422882781828	"tme"	0.0362126947776413	0.0362096326416153	0.0395174461477743
"GSE319536_BC10"	"CTACGCTTAGAAGTGC-1"	5	0.00636567582725743	"tme"	0.0414996767218404	0.0419647410730978	0.0395174461477743
"GSE319536_BC10"	"CTACTGCTCCGACAGT-1"	5	0.0186763881099271	"tme"	0.0383011411581936	0.0384829968218359	0.0395174461477743
"GSE319536_BC10"	"CTAGACGATTGAGCTA-1"	5	0.0388109927089176	"tme"	0.0301613530251224	0.0296224855113105	0.0395174461477743
"GSE319536_BC10"	"CTAGCACGATCACTGT-1"	5	0	"tme"	0.0241180274264832	0.0230440643110862	0.0395174461477743
"GSE319536_BC10"	"CTATAGATCCACAAGC-1"	5	0	"tme"	0.0520377418086379	0.0534358805384184	0.0395174461477743
"GSE319536_BC10"	"CTATTCGTCTTACATA-1"	5	0.036231071228267	"tme"	0.0310831634916768	0.0306259160590765	0.0395174461477743
"GSE319536_BC10"	"CTATTCTGTAGGACCT-1"	5	0.0393157599551318	"tme"	0.0373884803562978	0.0374895260796411	0.0395174461477743
"GSE319536_BC10"	"CTCACCAGTGTAAGTT-1"	5	0	"tme"	0.0297558481311651	0.0291810759020378	0.0395174461477743
"GSE319536_BC10"	"CTCACCTGCCGACTAA-1"	5	0	"tme"	0.0379039701446222	0.0380506590016826	0.0395174461477743
"GSE319536_BC10"	"CTCACGTATTCAAGCG-1"	5	0.0205832865956254	"tme"	0.049372948133017	0.0505351374088614	0.0395174461477743
"GSE319536_BC10"	"CTCATAGCCAATGTCG-1"	5	0.00572069545709478	"tme"	0.0298950595705024	0.0293326135726304	0.0395174461477743
"GSE319536_BC10"	"CTCATCCTGGCAAGTC-1"	5	0.045793606281548	"tme"	0.0364513889622351	0.036469461581604	0.0395174461477743
"GSE319536_BC10"	"CTCCGGCCTACAGCTT-1"	5	0.0427650028042625	"tme"	0.0345884339418629	0.0344415544961675	0.0395174461477743
"GSE319536_BC10"	"CTCCTACCTCGTGGTA-1"	5	0.0415591699383062	"tme"	0.0289543014408139	0.0283085576743317	0.0395174461477743
"GSE319536_BC10"	"CTCGATGTTGAACGGC-1"	5	0.027369601794728	"tme"	0.0334486029816258	0.0332007992148065	0.0395174461477743
"GSE319536_BC10"	"CTCGGATCGGAATACG-1"	5	0.0458216489063376	"tme"	0.0350183694279872	0.0349095578612825	0.0395174461477743
"GSE319536_BC10"	"CTCGTTCTGTCACGTT-1"	5	0	"tme"	0.0379296158259954	0.0380785754346607	0.0395174461477743
"GSE319536_BC10"	"CTGAAGTGCTATGGCG-1"	5	0.0288839035333707	"tme"	0.0359845843205857	0.0359613245466442	0.0395174461477743
"GSE319536_BC10"	"CTGAAGTGCTGAACTG-1"	5	0.0573471676948963	"tme"	0.0472167186666054	0.0481879884090484	0.0395174461477743
"GSE319536_BC10"	"CTGATTATCAATAGAC-1"	5	0	"tme"	0.0286283569814531	0.027953753037951	0.0395174461477743
"GSE319536_BC10"	"CTGCATAATGGACCGC-1"	5	0	"tme"	0.0212578877663596	0.0199306786315199	0.0395174461477743
"GSE319536_BC10"	"CTGCCTCCAACACCAG-1"	5	0	"tme"	0.0268825485826422	0.0260533651149748	0.0395174461477743
"GSE319536_BC10"	"CTGGCGCATATCCGTG-1"	5	0.026051598429613	"tme"	0.041608837244732	0.0420835670218732	0.0395174461477743
"GSE319536_BC10"	"CTGTGGTAAGCTAATA-1"	5	0.036231071228267	"tme"	0.0401123582812701	0.0404545849691531	0.0395174461477743
"GSE319536_BC10"	"CTTAGCAAGGACAGCC-1"	5	0	"tme"	0.0342727426027296	0.0340979108244532	0.0395174461477743
"GSE319536_BC10"	"CTTAGCCTAATGGTAA-1"	5	0.0301458216489063	"tme"	0.0380894408458237	0.0382525518788559	0.0395174461477743
"GSE319536_BC10"	"CTTAGCTTAGTTCTCG-1"	5	0.0475883342680875	"tme"	0.0489779582689748	0.0501051738642737	0.0395174461477743
"GSE319536_BC10"	"CTTAGTCTCGACAACT-1"	5	0.0464105440269209	"tme"	0.0434150437349335	0.0440497008786689	0.0395174461477743
"GSE319536_BC10"	"CTTAGTTGCTCGTTGT-1"	5	0.0398766124509254	"tme"	0.0401010532286909	0.0404422789306412	0.0395174461477743
"GSE319536_BC10"	"CTTATTCACTAGCTGG-1"	5	0.0165731912507011	"tme"	0.0487724922658891	0.0498815152364928	0.0395174461477743
"GSE319536_BC10"	"CTTCAAGTCGACCTTC-1"	5	0.0416152551878856	"tme"	0.0478525323415533	0.048880099083941	0.0395174461477743
"GSE319536_BC10"	"CTTCGACCAAGCCGAG-1"	5	0.0320807627593943	"tme"	0.0318579996874989	0.0314693587586465	0.0395174461477743
"GSE319536_BC10"	"CTTCGATATGTAGGAG-1"	5	0	"tme"	0.0484395191809786	0.0495190596373154	0.0395174461477743
"GSE319536_BC10"	"CTTGTATCGTATGATT-1"	5	0.0251822770611329	"tme"	0.032891023018431	0.0325938493176295	0.0395174461477743
"GSE319536_BC10"	"GAACGCTAGAAGGCTA-1"	5	0.00504767246214246	"tme"	0.0301482489535418	0.0296082211628342	0.0395174461477743
"GSE319536_BC10"	"GAATACAGACGAACTG-1"	5	0	"tme"	0.0362073492438544	0.0362038137969714	0.0395174461477743
"GSE319536_BC10"	"GAATGAGTATAGACCA-1"	5	0.0274256870443073	"tme"	0.0336758633055973	0.0334481819031595	0.0395174461477743
"GSE319536_BC10"	"GACCACTCCTGACGTT-1"	5	0	"tme"	0.0313198740324075	0.0308835857169565	0.0395174461477743
"GSE319536_BC10"	"GACCACTTAGACAGGT-1"	5	0	"tme"	0.0259838119302012	0.0250750514114788	0.0395174461477743
"GSE319536_BC10"	"GACCGGCCATGTACCG-1"	5	0	"tme"	0.0332966696012356	0.0330354131613386	0.0395174461477743
"GSE319536_BC10"	"GACTGCCATAGAATAC-1"	5	0.0386427369601795	"tme"	0.0331523144273787	0.0328782763133296	0.0395174461477743
"GSE319536_BC10"	"GACTGCGGTCTGCGTG-1"	5	0.033510936623668	"tme"	0.052659098927553	0.0541122546270331	0.0395174461477743
"GSE319536_BC10"	"GAGGTAACATTCGATC-1"	5	0.035614133482894	"tme"	0.0487963131666522	0.0499074453168816	0.0395174461477743
"GSE319536_BC10"	"GAGGTAACTAGACAGT-1"	5	0.0248177229388671	"tme"	0.0382157628936522	0.0383900588895121	0.0395174461477743
"GSE319536_BC10"	"GAGGTCACTGTAAGCT-1"	5	0.0231912507010656	"tme"	0.0304024602137228	0.029884941110488	0.0395174461477743
"GSE319536_BC10"	"GAGGTGGCTCGAGGTT-1"	5	0.00415030846887269	"tme"	0.0324587689875316	0.0321233221162834	0.0395174461477743
"GSE319536_BC10"	"GAGTCCACGCCTGAAG-1"	5	0	"tme"	0.0225942325706898	0.0213853477285474	0.0395174461477743
"GSE319536_BC10"	"GAGTCCACTCATAACA-1"	5	0.00816040381379697	"tme"	0.0372715269468011	0.0373622172368667	0.0395174461477743
"GSE319536_BC10"	"GAGTCTCGAGATAGTC-1"	5	0	"tme"	0.0374870228028398	0.0375967937932324	0.0395174461477743
"GSE319536_BC10"	"GAGTGGAGCAAGCGCA-1"	5	0.0243970835670219	"tme"	0.046700331515581	0.0476258786689101	0.0395174461477743
"GSE319536_BC10"	"GAGTTACTCAATGGAA-1"	5	0.0610768367919237	"tme"	0.0383385083714852	0.0385236726490933	0.0395174461477743
"GSE319536_BC10"	"GATGTAGCGAGGTCCA-1"	5	0.0497756590016826	"tme"	0.0327335423049863	0.0324224247522901	0.0395174461477743
"GSE319536_BC10"	"GATTCCATTGAGTTGA-1"	5	0.0175546831183399	"tme"	0.0337382021048367	0.0335160403813797	0.0395174461477743
"GSE319536_BC10"	"GATTCCGTGCGTATAC-1"	5	0.00619742007851935	"tme"	0.0334265467510526	0.0331767900542157	0.0395174461477743
"GSE319536_BC10"	"GATTGTCGCAACGAGG-1"	5	0.03421200224341	"tme"	0.0342411288153614	0.0340634978500654	0.0395174461477743
"GSE319536_BC10"	"GCAATTAATCAACGTA-1"	5	0	"tme"	0.0362856774148389	0.0362890773976444	0.0395174461477743
"GSE319536_BC10"	"GCACCTTAGCCTCGCA-1"	5	0.0405496354458777	"tme"	0.0442915223575338	0.0450037857543466	0.0395174461477743
"GSE319536_BC10"	"GCAGACGCCTGGTTAT-1"	5	0.0462422882781828	"tme"	0.0204533140869965	0.019054865395401	0.0395174461477743
"GSE319536_BC10"	"GCAGGCTACCGTCCTT-1"	5	0.0343802579921481	"tme"	0.0303457159771536	0.0298231725556179	0.0395174461477743
"GSE319536_BC10"	"GCAGGTCACTACCTCA-1"	5	0.0227425687044307	"tme"	0.0284798799502183	0.0277921293699757	0.0395174461477743
"GSE319536_BC10"	"GCATGTCGAGTGTCTT-1"	5	0.0275098149186764	"tme"	0.0230816379120258	0.0219159095157973	0.0395174461477743
"GSE319536_BC10"	"GCATTGACTACAGCGA-1"	5	0.0647223780145822	"tme"	0.0395369212297058	0.039828196859226	0.0395174461477743
"GSE319536_BC10"	"GCATTGGTTACCAAGC-1"	5	0	"tme"	0.0421615869063121	0.0426852589269022	0.0395174461477743
"GSE319536_BC10"	"GCCATTGTAACTGATC-1"	5	0.037633202467751	"tme"	0.0230946045883605	0.0219300243036081	0.0395174461477743
"GSE319536_BC10"	"GCCGTATGCCAGTCTT-1"	5	0	"tme"	0.0416935113586379	0.0421757384557861	0.0395174461477743
"GSE319536_BC10"	"GCCTGGAGCAAGTTAG-1"	5	0.00813236118900729	"tme"	0.0367589739818584	0.0368042811740512	0.0395174461477743
"GSE319536_BC10"	"GCCTGGTCAGGTTGCC-1"	5	0.0502523836231071	"tme"	0.0419366837695287	0.0424404421387175	0.0395174461477743
"GSE319536_BC10"	"GCCTGTGACACCAGAA-1"	5	0.0420078519349411	"tme"	0.0352018693661298	0.0351093054776594	0.0395174461477743
"GSE319536_BC10"	"GCCTTGAGATCTGAGC-1"	5	0.0326135726303982	"tme"	0.046030606976497	0.0468968545522527	0.0395174461477743
"GSE319536_BC10"	"GCGAATGCAGTGTCAA-1"	5	0	"tme"	0.0179453484974021	0.0163248364180221	0.0395174461477743
"GSE319536_BC10"	"GCGACAGTGCCGCACC-1"	5	0.0413909141895681	"tme"	0.0340073078683968	0.0338089736399327	0.0395174461477743
"GSE319536_BC10"	"GCGAGCGGTTGTCATG-1"	5	0	"tme"	0.0368010212207145	0.0368500514114788	0.0395174461477743
"GSE319536_BC10"	"GCGAGGATCGACCTTA-1"	5	0	"tme"	0.0397401932024581	0.040049467190129	0.0395174461477743
"GSE319536_BC10"	"GCGATGACCGTGTAAT-1"	5	0.0327537857543466	"tme"	0.0380039294796379	0.0381594690596373	0.0395174461477743
"GSE319536_BC10"	"GCGGTCCTGTAGTCTG-1"	5	0.0106842400448682	"tme"	0.0390560550433557	0.0393047532249019	0.0395174461477743
"GSE319536_BC10"	"GCGGTCGTTGATCTTG-1"	5	0	"tme"	0.0340219791045012	0.0338249439147504	0.0395174461477743
"GSE319536_BC10"	"GCGTCGGTCACGCCAG-1"	5	0.013067863151991	"tme"	0.032552373792423	0.0322252149934567	0.0395174461477743
"GSE319536_BC10"	"GCTCAACCACGGCAAC-1"	5	0.0365675827257431	"tme"	0.0576328111238283	0.0595263553935315	0.0395174461477743
"GSE319536_BC10"	"GCTCCGAGACTACATA-1"	5	0	"tme"	0.0259863065126351	0.0250777668723126	0.0395174461477743
"GSE319536_BC10"	"GCTGAATGACCGTGAG-1"	5	0.0247896803140774	"tme"	0.0252863764874537	0.0243158627780894	0.0395174461477743
"GSE319536_BC10"	"GCTGACAGCCGGAGCG-1"	5	0.0210039259674706	"tme"	0.0338876366091915	0.033678706300243	0.0395174461477743
"GSE319536_BC10"	"GCTGCCGCCTATGTAG-1"	5	0.0658440830061694	"tme"	0.0398740719888128	0.0401952000373902	0.0395174461477743
"GSE319536_BC10"	"GCTGGATGACTCTACC-1"	5	0.00493550196298374	"tme"	0.0367040545258993	0.0367444989717704	0.0395174461477743
"GSE319536_BC10"	"GCTGTTGATAGTCTTA-1"	5	0.0770611329220415	"tme"	0.049355095338249	0.0505157038698823	0.0395174461477743
"GSE319536_BC10"	"GCTTCTAAGTCTGACG-1"	5	0	"tme"	0.0377525262347957	0.0378858057580856	0.0395174461477743
"GSE319536_BC10"	"GCTTGGATCCAACCGG-1"	5	0.0515143017386427	"tme"	0.0449590142238715	0.0457303795101888	0.0395174461477743
"GSE319536_BC10"	"GCTTGGCTGCGGTAAC-1"	5	0.0294167134043747	"tme"	0.0324784809117211	0.0321447793980183	0.0395174461477743
"GSE319536_BC10"	"GGAATGGCAACTTGGA-1"	5	0.0359226023555805	"tme"	0.0423264654950298	0.042864736399327	0.0395174461477743
"GSE319536_BC10"	"GGACCGATCTGGATTA-1"	5	0.0392316320807628	"tme"	0.0442523732996466	0.0449611703122079	0.0395174461477743
"GSE319536_BC10"	"GGACGTCGAGGATTCA-1"	5	0	"tme"	0.0264521408003601	0.025584847635072	0.0395174461477743
"GSE319536_BC10"	"GGACGTCGCACGAGAA-1"	5	0.00381379697139652	"tme"	0.0364753987814614	0.036495597307908	0.0395174461477743
"GSE319536_BC10"	"GGAGCGAGTGTAACTT-1"	5	0.042456533931576	"tme"	0.0387280196000959	0.0389476724621425	0.0395174461477743
"GSE319536_BC10"	"GGAGTCCAGATAGCTT-1"	5	0	"tme"	0.0248974105462252	0.0238924565339316	0.0395174461477743
"GSE319536_BC10"	"GGAGTCTAAGTGGTCC-1"	5	0.0563656758272574	"tme"	0.042740639170285	0.0433155823518415	0.0395174461477743
"GSE319536_BC10"	"GGCAGGAAGTCTTCTA-1"	5	0.0500280426247897	"tme"	0.04615610465285	0.0470334641989157	0.0395174461477743
"GSE319536_BC10"	"GGCGACCATAGCGTTA-1"	5	0.0262759394279305	"tme"	0.0351139750511474	0.0350136287156478	0.0395174461477743
"GSE319536_BC10"	"GGCGAGGCAGCCTACT-1"	5	0	"tme"	0.0384903043566294	0.0386889091418957	0.0395174461477743
"GSE319536_BC10"	"GGCGCCACTGAACATC-1"	5	0	"tme"	0.0430858232576775	0.0436913301551692	0.0395174461477743
"GSE319536_BC10"	"GGCGTCGCCGTATGAT-1"	5	0.0738081884464386	"tme"	0.0279848148239217	0.0272532295756216	0.0395174461477743
"GSE319536_BC10"	"GGTACGATCGACTTAA-1"	5	0.0679472798653954	"tme"	0.0373617097513486	0.0374603851187138	0.0395174461477743
"GSE319536_BC10"	"GGTAGGTTGTTCTAAG-1"	5	0	"tme"	0.0212591028555658	0.0199320013086558	0.0395174461477743
"GSE319536_BC10"	"GGTCTGAAGGTTCGAA-1"	5	0.0646662927650028	"tme"	0.0358838306693045	0.0358516498410918	0.0395174461477743
"GSE319536_BC10"	"GGTCTGAAGTATGTCA-1"	5	0.000953449242849131	"tme"	0.0358465321536359	0.0358110487941671	0.0395174461477743
"GSE319536_BC10"	"GGTCTGCGAACTGTAT-1"	5	0	"tme"	0.0350431005722546	0.0349364787810806	0.0395174461477743
"GSE319536_BC10"	"GGTCTGGTTGTAGAAC-1"	5	0.0404935501962984	"tme"	0.0352280989772982	0.0351378575434661	0.0395174461477743
"GSE319536_BC10"	"GGTCTTATAGGCTGGC-1"	5	0	"tme"	0.0307678585766727	0.030282693026734	0.0395174461477743
"GSE319536_BC10"	"GGTGCAATCAGACTTC-1"	5	0.00316881660123388	"tme"	0.0350990419053554	0.0349973733408114	0.0395174461477743
"GSE319536_BC10"	"GGTGCAGGCACCGCGT-1"	5	0	"tme"	0.0399523572237829	0.0402804169003552	0.0395174461477743
"GSE319536_BC10"	"GGTGCAGTGGTCTTAT-1"	5	0	"tme"	0.0393064492918607	0.039577318190316	0.0395174461477743
"GSE319536_BC10"	"GGTTAGTATGAGTGTC-1"	5	0.0309871003925967	"tme"	0.0327147148626924	0.0324019302673397	0.0395174461477743
"GSE319536_BC10"	"GGTTCATTCCGGCCTC-1"	5	0.149411104879417	"tme"	0.0365903728406963	0.0366207515423444	0.0395174461477743
"GSE319536_BC10"	"GGTTCTCGTGATGTGA-1"	5	0.0266965787997757	"tme"	0.0438596590443651	0.0445336838661432	0.0395174461477743
"GSE319536_BC10"	"GTAACATACACCTGTT-1"	5	0	"tme"	0.0368760132633838	0.0369316834922415	0.0395174461477743
"GSE319536_BC10"	"GTACAGAACAGGACTC-1"	5	0	"tme"	0.0491546614360454	0.0502975229014769	0.0395174461477743
"GSE319536_BC10"	"GTACGATTAGTCTACA-1"	5	0	"tme"	0.0419928741315127	0.0425016077771546	0.0395174461477743
"GSE319536_BC10"	"GTAGAAGGACATCATA-1"	5	0.0322490185081324	"tme"	0.0397333406145673	0.0400420078519349	0.0395174461477743
"GSE319536_BC10"	"GTAGCCAGTGCGGTTG-1"	5	0.0196859226023556	"tme"	0.0427110734308014	0.0432833987661245	0.0395174461477743
"GSE319536_BC10"	"GTAGGTGATAATTCAC-1"	5	0.0019910263600673	"tme"	0.0190089895001695	0.0174826556365676	0.0395174461477743
"GSE319536_BC10"	"GTATGATCACTTGACG-1"	5	0	"tme"	0.034634564395684	0.0344917694896242	0.0395174461477743
"GSE319536_BC10"	"GTATGCGGTATCATGA-1"	5	0.0278463264161526	"tme"	0.0264533945319792	0.0255862123761451	0.0395174461477743
"GSE319536_BC10"	"GTATTATGAGTTAGCG-1"	5	0.0401289960740325	"tme"	0.0374150792171896	0.0375184800897364	0.0395174461477743
"GSE319536_BC10"	"GTCAACAGTTAAGTGA-1"	5	0.0265002804262479	"tme"	0.033655069393846	0.0334255468311834	0.0395174461477743
"GSE319536_BC10"	"GTCACTAAGCCAGCGG-1"	5	0.00288839035333707	"tme"	0.0355683196614315	0.035508202467751	0.0395174461477743
"GSE319536_BC10"	"GTCACTACTTAATGGA-1"	5	0.0464105440269209	"tme"	0.0300811528439121	0.0295351841465694	0.0395174461477743
"GSE319536_BC10"	"GTCACTGAATCTCACC-1"	5	0.00678631519910264	"tme"	0.0317036490095006	0.0313013413722191	0.0395174461477743
"GSE319536_BC10"	"GTCACTTATGTCGTAT-1"	5	0.0193494111048794	"tme"	0.0296127509825288	0.0290253084688727	0.0395174461477743
"GSE319536_BC10"	"GTCAGCGATGTAATTG-1"	5	0.0407739764441952	"tme"	0.0526349087770664	0.0540859226023556	0.0395174461477743
"GSE319536_BC10"	"GTCAGTGCCAGAATAA-1"	5	0	"tme"	0.0356185247430147	0.0355628528696953	0.0395174461477743
"GSE319536_BC10"	"GTCGCAACGAGCTGAC-1"	5	0	"tme"	0.0185566113593428	0.01699022247149	0.0395174461477743
"GSE319536_BC10"	"GTCGCTAAGTGAGGTT-1"	5	0.00336511497476164	"tme"	0.0328769657673317	0.0325785473920359	0.0395174461477743
"GSE319536_BC10"	"GTCTAGTCTAGCGACG-1"	5	0	"tme"	0.0397692608841752	0.0400811086184333	0.0395174461477743
"GSE319536_BC10"	"GTCTATCAGTACTAAT-1"	5	0.0392596747055524	"tme"	0.0433052262910223	0.0439301598429613	0.0395174461477743
"GSE319536_BC10"	"GTCTTGTATTGTAGAT-1"	5	0.00532809871003926	"tme"	0.0201191516744885	0.0186911151617125	0.0395174461477743
"GSE319536_BC10"	"GTGAAGCCACAACCGG-1"	5	0.026752664049355	"tme"	0.0231664751827863	0.0220082585530006	0.0395174461477743
"GSE319536_BC10"	"GTGACTGTCCTGGTAT-1"	5	0.0456253505328099	"tme"	0.0367508633687471	0.0367954524210133	0.0395174461477743
"GSE319536_BC10"	"GTGCAGGCACTCTAGG-1"	5	0.0204991587212563	"tme"	0.0388025865762231	0.0390288418395962	0.0395174461477743
"GSE319536_BC10"	"GTGCAGGCTGGACATG-1"	5	0.0319405496354459	"tme"	0.0500348540238873	0.0512556505888951	0.0395174461477743
"GSE319536_BC10"	"GTGCATGGTTGAGTTC-1"	5	0	"tme"	0.042604094057439	0.0431669470929146	0.0395174461477743
"GSE319536_BC10"	"GTGCCGTCCTGTCAGC-1"	5	0	"tme"	0.0315977258620912	0.0311860394466255	0.0395174461477743
"GSE319536_BC10"	"GTGGAACAGAAGTCGA-1"	5	0	"tme"	0.0402958711002171	0.0406543466068424	0.0395174461477743
"GSE319536_BC10"	"GTGGCGAGGAAGGCTA-1"	5	0.0498878295008413	"tme"	0.054347682206434	0.0559503505328099	0.0395174461477743
"GSE319536_BC10"	"GTGGCGCCACTACGCT-1"	5	0	"tme"	0.019705458882594	0.0182407926715274	0.0395174461477743
"GSE319536_BC10"	"GTGGCGCCAGCTAACC-1"	5	0	"tme"	0.02641115837466	0.0255402364928024	0.0395174461477743
"GSE319536_BC10"	"GTTAGACAATGGATGA-1"	5	0.0409422321929333	"tme"	0.0392378847705401	0.0395026827444382	0.0395174461477743
"GSE319536_BC10"	"GTTCTTGATCTGTTGA-1"	5	0.0112170499158721	"tme"	0.0322177347901557	0.0318609459712096	0.0395174461477743
"GSE319536_BC10"	"GTTGAATCAACCTGGC-1"	5	0.0425126191811554	"tme"	0.0295331733735266	0.0289386848008974	0.0395174461477743
"GSE319536_BC10"	"GTTGAATGGTACAGTA-1"	5	0	"tme"	0.0310202665242508	0.0305574499906525	0.0395174461477743
"GSE319536_BC10"	"TAACAGCAGGCCTTAC-1"	5	0	"tme"	0.0312193178867922	0.0307741260048607	0.0395174461477743
"GSE319536_BC10"	"TAACATGCGTGCGAAC-1"	5	0	"tme"	0.0369358703609936	0.0369968405309404	0.0395174461477743
"GSE319536_BC10"	"TAACGAATCCTAGATA-1"	5	0.0837072349971957	"tme"	0.0352288288895422	0.0351386520845018	0.0395174461477743
"GSE319536_BC10"	"TAACGCTTATGCCATA-1"	5	0.043774537296691	"tme"	0.0459051908785713	0.046760333707235	0.0395174461477743
"GSE319536_BC10"	"TAACTTGCACGGCGGA-1"	5	0	"tme"	0.0323893199843153	0.0320477238736212	0.0395174461477743
"GSE319536_BC10"	"TAAGAATATGAGATAG-1"	5	0	"tme"	0.0267966550859287	0.0259598663301552	0.0395174461477743
"GSE319536_BC10"	"TAAGCACGAGACCTAC-1"	5	0.0522994952327538	"tme"	0.0427592261708986	0.0433358151056272	0.0395174461477743
"GSE319536_BC10"	"TAAGCCTGTAGCGTCC-1"	5	0	"tme"	0.0287558726504807	0.0280925593568891	0.0395174461477743
"GSE319536_BC10"	"TAAGGATCTGAAGATA-1"	5	0	"tme"	0.0247622780282514	0.0237453589455973	0.0395174461477743
"GSE319536_BC10"	"TAATACCGTTAATTGC-1"	5	0	"tme"	0.0365929318271518	0.0366235371097401	0.0395174461477743
"GSE319536_BC10"	"TAATCTGATAAGATGT-1"	5	0.0279024116657319	"tme"	0.0448645378178887	0.0456275378575435	0.0395174461477743
"GSE319536_BC10"	"TAATTAAGGAGTACTG-1"	5	0	"tme"	0.0468144425609275	0.047750093475416	0.0395174461477743
"GSE319536_BC10"	"TAATTCCTGCAGAAGG-1"	5	0	"tme"	0.026382575869905	0.0255091232005982	0.0395174461477743
"GSE319536_BC10"	"TACACCTTGCGGCAGG-1"	5	0.0250420639371845	"tme"	0.0384093613823708	0.0386007992148065	0.0395174461477743
"GSE319536_BC10"	"TACACTGCAGGTTAGA-1"	5	0.0352776219854178	"tme"	0.0418995183555045	0.0423999859786876	0.0395174461477743
"GSE319536_BC10"	"TACGGTAGTTGCGTGA-1"	5	0	"tme"	0.0238498061448188	0.0227520938493176	0.0395174461477743
"GSE319536_BC10"	"TACGTATCGAGGTTGT-1"	5	0.0260235558048233	"tme"	0.049937324867284	0.0511494858852122	0.0395174461477743
"GSE319536_BC10"	"TACTAGTACCGGATGG-1"	5	0.0446158160403814	"tme"	0.0486773503516838	0.0497779491493737	0.0395174461477743
"GSE319536_BC10"	"TAGACAGGAGATCATT-1"	5	0	"tme"	0.0411868921508789	0.0416242615442139	0.0395174461477743
"GSE319536_BC10"	"TAGACATACGTCTAAT-1"	5	0.0702748177229389	"tme"	0.0330483276942167	0.032765082258366	0.0395174461477743
"GSE319536_BC10"	"TAGCGTCACGACAGGC-1"	5	0.027453729669097	"tme"	0.0379200883244104	0.0380682043372593	0.0395174461477743
"GSE319536_BC10"	"TAGCTAGAAGCGATCA-1"	5	0.0195176668536175	"tme"	0.0435829450190617	0.0442324686857357	0.0395174461477743
"GSE319536_BC10"	"TAGCTAGAGCACGCCG-1"	5	0	"tme"	0.0354401256033772	0.0353686576930267	0.0395174461477743
"GSE319536_BC10"	"TAGGTCTACTCGTGAA-1"	5	0.0336791923724061	"tme"	0.0561697320859318	0.0579337306038512	0.0395174461477743
"GSE319536_BC10"	"TAGTATAACCTCGACA-1"	5	0	"tme"	0.0350569216752749	0.0349515236492802	0.0395174461477743
"GSE319536_BC10"	"TAGTGCACTATTGTCA-1"	5	0.0704430734716769	"tme"	0.0419150311374904	0.0424168723125818	0.0395174461477743
"GSE319536_BC10"	"TAGTGGTTGAACCAAT-1"	5	0	"tme"	0.0315027342239362	0.0310826369414844	0.0395174461477743
"GSE319536_BC10"	"TAGTTGGCTTAGGCCT-1"	5	0	"tme"	0.0313407495225859	0.0309063095905777	0.0395174461477743
"GSE319536_BC10"	"TATCAACGAATATGAG-1"	5	0.0433819405496354	"tme"	0.0314281930094176	0.0310014956066554	0.0395174461477743
"GSE319536_BC10"	"TATCAAGGCCGCGTGG-1"	5	0.028771733034212	"tme"	0.0281947547597031	0.0274817582725743	0.0395174461477743
"GSE319536_BC10"	"TATCAATGCCGCTCAC-1"	5	0.0337633202467751	"tme"	0.0474697534799931	0.0484634277435035	0.0395174461477743
"GSE319536_BC10"	"TATCACATAGCGAACT-1"	5	0	"tme"	0.0368429010091146	0.0368956393718452	0.0395174461477743
"GSE319536_BC10"	"TATCACTTCGAGCCGT-1"	5	0.0314357823892316	"tme"	0.0418838510038671	0.0423829313890447	0.0395174461477743
"GSE319536_BC10"	"TATCTAGTGCCATATT-1"	5	0.0274817722938867	"tme"	0.0242490853166949	0.0231867264909329	0.0395174461477743
"GSE319536_BC10"	"TATGACGGAGATTGGC-1"	5	0.0429613011777902	"tme"	0.0463421249350352	0.0472359553187512	0.0395174461477743
"GSE319536_BC10"	"TATGAGTTCCGAGTGA-1"	5	0	"tme"	0.0412580628882707	0.0417017339689662	0.0395174461477743
"GSE319536_BC10"	"TATGTCGAGGTTGAAG-1"	5	0	"tme"	0.0351655111491756	0.0350697279865396	0.0395174461477743
"GSE319536_BC10"	"TATGTTGGTAGGTCGT-1"	5	0	"tme"	0.015909769231323	0.0141090203776407	0.0395174461477743
"GSE319536_BC10"	"TCAAGGCAACGCGGCT-1"	5	0.072630398205272	"tme"	0.0311654288951776	0.0307154655075715	0.0395174461477743
"GSE319536_BC10"	"TCAATTAATAGAACCT-1"	5	0	"tme"	0.0259452167468991	0.025033038885773	0.0395174461477743
"GSE319536_BC10"	"TCACAAGATGACTCGA-1"	5	0	"tme"	0.0238169600938386	0.0227163395027108	0.0395174461477743
"GSE319536_BC10"	"TCACATCCTGTCGCGG-1"	5	0.0251542344363432	"tme"	0.0499717638443967	0.0511869742007852	0.0395174461477743
"GSE319536_BC10"	"TCACGACATCAGAAGG-1"	5	0.00987100392596747	"tme"	0.0411439132005113	0.0415774770985231	0.0395174461477743
"GSE319536_BC10"	"TCACGCTATCCACTAC-1"	5	0	"tme"	0.0244671573335947	0.0234241073097775	0.0395174461477743
"GSE319536_BC10"	"TCACTACGACTCTGCG-1"	5	0.0360908581043186	"tme"	0.0462573821235063	0.0471437091045055	0.0395174461477743
"GSE319536_BC10"	"TCAGCTCGCCAGGATG-1"	5	0	"tme"	0.0372352975378899	0.0373227799588708	0.0395174461477743
"GSE319536_BC10"	"TCAGTCGTGCCGGCAG-1"	5	0.0325014021312395	"tme"	0.0503659293369633	0.0516160403813797	0.0395174461477743
"GSE319536_BC10"	"TCATAGGTGAGTCGAC-1"	5	0.0413067863151991	"tme"	0.0364346052742244	0.0364511918115536	0.0395174461477743
"GSE319536_BC10"	"TCATCGTTATGTATCT-1"	5	0.0235558048233315	"tme"	0.0477758657943242	0.0487966442325668	0.0395174461477743
"GSE319536_BC10"	"TCATCTGCCGCTATTC-1"	5	0.027986539540101	"tme"	0.030124303538337	0.0295821555430922	0.0395174461477743
"GSE319536_BC10"	"TCATTCACTGTAATGG-1"	5	0.0701065619742008	"tme"	0.0259530311015114	0.0250415451486259	0.0395174461477743
"GSE319536_BC10"	"TCCAACTGCCGCCATA-1"	5	0.00134604598990466	"tme"	0.0374790581721773	0.0375881239484016	0.0395174461477743
"GSE319536_BC10"	"TCCAATCTAACACGCA-1"	5	0.000532809871003926	"tme"	0.0312171624988717	0.03077177977192	0.0395174461477743
"GSE319536_BC10"	"TCCGAACATAGTCTGA-1"	5	0.0310431856421761	"tme"	0.0328732088660758	0.0325744578425874	0.0395174461477743
"GSE319536_BC10"	"TCCGAATAGAAGCACC-1"	5	0.000757150869321369	"tme"	0.04069765344173	0.041091704056833	0.0395174461477743
"GSE319536_BC10"	"TCCGAATCGCAGGTTC-1"	5	0.0244251261918116	"tme"	0.0388105039772698	0.0390374602729482	0.0395174461477743
"GSE319536_BC10"	"TCCGTCCACTCGGAGC-1"	5	0.102692091979809	"tme"	0.0440576799425621	0.0447492381753599	0.0395174461477743
"GSE319536_BC10"	"TCCTACAAGCTCGAAC-1"	5	0	"tme"	0.0236455509373378	0.0225297532249019	0.0395174461477743
"GSE319536_BC10"	"TCCTCATCGTGCTGGA-1"	5	0	"tme"	0.0494878663754334	0.0506602308842774	0.0395174461477743
"GSE319536_BC10"	"TCCTGACACTTCACGG-1"	5	0.0509814918676388	"tme"	0.0248459989626387	0.023836492802393	0.0395174461477743
"GSE319536_BC10"	"TCCTGATAAGTGCCGT-1"	5	0	"tme"	0.0466784470290652	0.0476020564591513	0.0395174461477743
"GSE319536_BC10"	"TCGACGAAGAGCAAGT-1"	5	0	"tme"	0.0449348713030007	0.0457040988969901	0.0395174461477743
"GSE319536_BC10"	"TCGATCGCACCTAATC-1"	5	0	"tme"	0.0251103688838156	0.0241242708917555	0.0395174461477743
"GSE319536_BC10"	"TCGCCTGGTGGATTCT-1"	5	0.0366236679753225	"tme"	0.031418313432515	0.0309907412600486	0.0395174461477743
"GSE319536_BC10"	"TCGGAACGTCTGCAAG-1"	5	0.0201065619742008	"tme"	0.0318304905831028	0.0314394139091419	0.0395174461477743
"GSE319536_BC10"	"TCGGTAATTACGTGGA-1"	5	0.0456533931575996	"tme"	0.0322512935789741	0.0318974761637689	0.0395174461477743
"GSE319536_BC10"	"TCGGTAGGCATCACGC-1"	5	0.0846887268648345	"tme"	0.0342987875890363	0.0341262619181155	0.0395174461477743
"GSE319536_BC10"	"TCGTATGCCGGACGTT-1"	5	0.0332585530005609	"tme"	0.0252281981880051	0.0242525331837727	0.0395174461477743
"GSE319536_BC10"	"TCGTGCCTCGGTAGTT-1"	5	0.0448121144139091	"tme"	0.0374796120467624	0.0375887268648345	0.0395174461477743
"GSE319536_BC10"	"TCTACAACTGGAACTT-1"	5	0.0352495793606282	"tme"	0.0460985317512038	0.0469707936062816	0.0395174461477743
"GSE319536_BC10"	"TCTAGAATTGCGGTTG-1"	5	0	"tme"	0.0369652686500212	0.0370288418395962	0.0395174461477743
"GSE319536_BC10"	"TCTAGATAAGGTTAGC-1"	5	0	"tme"	0.0362318442400429	0.0362304776593756	0.0395174461477743
"GSE319536_BC10"	"TCTATGATCGGTGCCT-1"	5	0.0704150308468873	"tme"	0.0330567088042185	0.0327742054589643	0.0395174461477743
"GSE319536_BC10"	"TCTGCGTGCTATTCTA-1"	5	0	"tme"	0.0349140091515003	0.0347959571882595	0.0395174461477743
"GSE319536_BC10"	"TCTGTACGCTGTCCTC-1"	5	0.0356421761076837	"tme"	0.0369613314175051	0.0370245559917742	0.0395174461477743
"GSE319536_BC10"	"TCTTACCGCTCGTATG-1"	5	0.0121424565339316	"tme"	0.0347922082659832	0.0346633716582539	0.0395174461477743
"GSE319536_BC10"	"TCTTACTGAGACTAGT-1"	5	0.0256029164329781	"tme"	0.0397138906000653	0.0400208356702187	0.0395174461477743
"GSE319536_BC10"	"TCTTCGAACAGCGTTA-1"	5	0	"tme"	0.0261530270563686	0.0252592493924098	0.0395174461477743
"GSE319536_BC10"	"TCTTCGTCAGACCAGG-1"	5	0	"tme"	0.0238744900594704	0.0227789633576369	0.0395174461477743
"GSE319536_BC10"	"TCTTGAGTCATTATAC-1"	5	0.0329500841278744	"tme"	0.0379818131386446	0.0381353944662554	0.0395174461477743
"GSE319536_BC10"	"TGAATGTTGACATCGT-1"	5	0.0422321929332586	"tme"	0.0472374009447193	0.0482105019629837	0.0395174461477743
"GSE319536_BC10"	"TGAATTCGTGGTATAA-1"	5	0.0113292204150308	"tme"	0.0358431831445163	0.0358074032529445	0.0395174461477743
"GSE319536_BC10"	"TGACCAGCACTCCAGC-1"	5	0.0367358384744812	"tme"	0.0416069652345062	0.0420815292578052	0.0395174461477743
"GSE319536_BC10"	"TGACCAGGTATGACCT-1"	5	0.0763320246775098	"tme"	0.0498581723248239	0.0510633249205459	0.0395174461477743
"GSE319536_BC10"	"TGACGGAGCGCTATAC-1"	5	0.0369040942232193	"tme"	0.031569001668489	0.0311547719199851	0.0395174461477743
"GSE319536_BC10"	"TGAGACAAGGACGACC-1"	5	0	"tme"	0.0284266779348333	0.0277342166760142	0.0395174461477743
"GSE319536_BC10"	"TGAGTATTCTAGGACT-1"	5	0.0113853056646102	"tme"	0.0381499677452574	0.0383184380257992	0.0395174461477743
"GSE319536_BC10"	"TGAGTGAGGCACGCCT-1"	5	0.011665731912507	"tme"	0.0358614395378193	0.0358272761263788	0.0395174461477743
"GSE319536_BC10"	"TGATAAGCAGTAAGAA-1"	5	0	"tme"	0.0299530274834807	0.029395714152178	0.0395174461477743
"GSE319536_BC10"	"TGCACGAGTGTCAGCC-1"	5	0.0199943914750421	"tme"	0.0315065211804022	0.0310867592073285	0.0395174461477743
"GSE319536_BC10"	"TGCAGAGGTCGTAATT-1"	5	0.0364273696017947	"tme"	0.0274694152012274	0.0266921948027669	0.0395174461477743
"GSE319536_BC10"	"TGCATTAATGGCCACC-1"	5	0.0383623107122827	"tme"	0.0460278418971727	0.0468938446438587	0.0395174461477743
"GSE319536_BC10"	"TGCCAGCTATTGTAGA-1"	5	0.00622546270330903	"tme"	0.0347305950853863	0.0345963030472986	0.0395174461477743
"GSE319536_BC10"	"TGCCAGGATGAGGTTC-1"	5	0	"tme"	0.0424272663759268	0.0429744625163582	0.0395174461477743
"GSE319536_BC10"	"TGCCGGCATTATAGAT-1"	5	0	"tme"	0.0183633434779348	0.016779842026547	0.0395174461477743
"GSE319536_BC10"	"TGCCTATCAATGCCAT-1"	5	0.0241727425687044	"tme"	0.04709327762534	0.0480536174985979	0.0395174461477743
"GSE319536_BC10"	"TGCGAATTCTCCGCAC-1"	5	0.0189007291082445	"tme"	0.04268019814288	0.0432497896803141	0.0395174461477743
"GSE319536_BC10"	"TGCGAGCCAGACGAAT-1"	5	0.0261076836791924	"tme"	0.0335690084466765	0.0333318657693027	0.0395174461477743
"GSE319536_BC10"	"TGCGATTAGCTCCGCC-1"	5	0.0459057767807067	"tme"	0.0438150785806622	0.0444851561039447	0.0395174461477743
"GSE319536_BC10"	"TGCGCCGAACGGACTC-1"	5	0.0121144139091419	"tme"	0.0286834095390568	0.0280136801271266	0.0395174461477743
"GSE319536_BC10"	"TGCGCTCATAGAACGA-1"	5	0.034296130117779	"tme"	0.0388774927468637	0.039110380444943	0.0395174461477743
"GSE319536_BC10"	"TGCGGATCATCCTAGA-1"	5	0	"tme"	0.0319326611228576	0.0315506309590578	0.0395174461477743
"GSE319536_BC10"	"TGCGTGTCGGCGGATA-1"	5	0.0401570386988222	"tme"	0.0395587370185986	0.0398519442886521	0.0395174461477743
"GSE319536_BC10"	"TGCTATGGTTGCGACA-1"	5	0	"tme"	0.0234632875564085	0.0223313516545149	0.0395174461477743
"GSE319536_BC10"	"TGCTGTCTTGTTAATG-1"	5	0.0341278743690409	"tme"	0.032588019271539	0.032264016638624	0.0395174461477743
"GSE319536_BC10"	"TGCTTACTCACCGGTC-1"	5	0.0222938867077959	"tme"	0.0437450198860421	0.0444088941858291	0.0395174461477743
"GSE319536_BC10"	"TGCTTATGAATAAGCA-1"	5	0.0198822209758833	"tme"	0.0269637191177769	0.0261417227519162	0.0395174461477743
"GSE319536_BC10"	"TGCTTATGACGCTGGC-1"	5	0.0904655075715087	"tme"	0.0390382194229934	0.0392853383810058	0.0395174461477743
"GSE319536_BC10"	"TGGATCCAGTCACTTC-1"	5	0.0208917554683118	"tme"	0.036739687124211	0.0367832865956254	0.0395174461477743
"GSE319536_BC10"	"TGGCCACTCCGCGGAC-1"	5	0.0505328098710039	"tme"	0.0201407828385196	0.0187146616189942	0.0395174461477743
"GSE319536_BC10"	"TGGTGCCTAGCACGGC-1"	5	0.0595344924284913	"tme"	0.0392991029398048	0.0395693213684801	0.0395174461477743
"GSE319536_BC10"	"TGGTGCGAGGTCGTAT-1"	5	0.0408300616937745	"tme"	0.0479059018073943	0.0489381940549635	0.0395174461477743
"GSE319536_BC10"	"TGTACCAACTACGCAT-1"	5	0.0401570386988222	"tme"	0.0403656893531568	0.0407303467937932	0.0395174461477743
"GSE319536_BC10"	"TGTCAAGCGGATCGGT-1"	5	0.04385866517106	"tme"	0.0202619525646258	0.0188465601046925	0.0395174461477743
"GSE319536_BC10"	"TGTCATGCATGAGCAC-1"	5	0	"tme"	0.035167606426676	0.0350720087866891	0.0395174461477743
"GSE319536_BC10"	"TGTCCATGTATGGAAT-1"	5	0.00227145260796411	"tme"	0.0510542322894579	0.0523652879042811	0.0395174461477743
"GSE319536_BC10"	"TGTTAAGGAAGTCTTA-1"	5	0.0398766124509254	"tme"	0.0198538715098073	0.0184023462329407	0.0395174461477743
"GSE319536_BC10"	"TGTTCCTCACATTAAT-1"	5	0.0210319685922602	"tme"	0.0371730660786864	0.0372550383249206	0.0395174461477743
