index	observed	oob_prediction
1	11.74140933	17.8976573103
2	0.0208021173	0.0298101412359167
3	0.032935613	0.0398902992997549
4	26.4132546	29.0118592852683
5	9.3876415	9.11511869038177
6	7.8674478	8.89644968841447
7	0.046554647	0.036204441944031
8	18.661274	18.6991719343162
9	4.051921	4.09813740500926
10	0.0253533414	0.0399513520699074
11	0.043467762	0.0313811346745098
12	30.4051524	25.1866261395175
13	0.0235285518	0.0368254994539035
14	0.053026008	0.0394350634894048
15	13.1612154	12.278219607
16	2.06223405	1.52193709039271
17	0.38819665	0.425666904894118
18	0.0460085634	0.0543029336878704
19	0.056270347	0.0573400660635043
20	0.0265626735	0.0310214620117917
21	17.3183538	15.6086425423125
22	0.04475794	0.0565489243590104
23	0.046880513	0.0379757215236937
24	4.60764509	4.68389085984797
25	4.0651373	4.79366433781667
26	0.052285196	0.0438854130201515
27	0.034934329	0.0583851758123171
28	3.9678996	4.61557648624167
29	4.33153874	4.62982507947619
30	0.071830042	0.0708802897002083
31	16.3602907	18.1353596115947
32	0.0457981267	0.0326376573023932
33	9.7605875	11.457707187101
34	5.66106497	4.97511272122051
35	0.042283789	0.0463375716613597
36	7.33048094	7.08121198830746
37	10.2983437	10.0176820134028
38	9.31470035	9.72970394807745
39	0.014552001	0.0238012415768803
40	0.0173459487	0.0304042045934343
41	16.2322979	18.9004428047284
42	0.039067131	0.0421686555958696
43	0.027835821	0.0349213036034959
44	0.060368593	0.046925287261886
45	5.2630825	7.25989314202857
46	0.045375745	0.0464943699077928
47	27.2720572	21.4419528457482
48	0.03660837	0.0448164967055983
49	0.183360943	0.18943806629
50	0.045081865	0.0378090559096569
51	13.748849	13.2150188673649
52	0.0298681857	0.0361093608812162
53	0.09783611	0.0609899119184286
54	0.043195271	0.0314639868361482
55	1.78805404	1.99691720861442
56	0.020995128	0.0461682033406757
57	0.104766127	0.161554490817917
58	0.154353031	0.0872825625479798
59	7.609041236	7.10905534447399
60	8.0406646	11.4669913574802
61	0.035834843	0.0417065055847297
62	8.6279631	9.64008486292568
63	0.1598825574	0.145183308653646
64	0.088867885	0.109469382855802
65	8.4617073	10.1434751452043
66	0.018338188	0.0328996001737719
67	25.561501	20.9528007629063
68	0.0199246563	0.0374818320614228
69	4.27855325	3.92667356235571
70	3.80033393	3.1105987865442
71	0.029444405	0.033940177209875
72	0.072985275	0.0452164665706061
73	0.038382247	0.0549908143975556
74	0.035847302	0.0357722899153947
75	0.0182630591	0.0284570240625
76	6.46507404	5.88310233505573
77	0.0452819604	0.0568508202003241
78	22.412193	19.0064346627193
79	8.695615415	9.28958489731845
80	31.932724	24.262623530679
81	0.053272678	0.0450551791011828
82	0.043713979	0.062842013943876
83	12.2001319	13.7773991477381
84	9.0107663	8.61170417072727
85	0.063279843	0.0740936893796154
86	12.5145707	15.0365756879398
87	0.054931943	0.0537108425207207
88	7.3653931	5.10408389849445
89	0.82287193	0.760415671794445
90	14.015776	13.8877590114286
91	0.054838619	0.0834142352428241
92	0.082885492	0.055480694306125
93	23.0926865	17.8677698813121
94	9.8193334	8.56785284585702
95	27.1875297	17.7066497222868
96	0.0315164	0.0547476897015476
97	5.2516657	6.64408241994445
98	0.077915485	0.0633465819619118
99	5.4963431	6.16186387491667
100	0.0208609174	0.0307551273680303
101	0.028189216	0.0736872264497368
102	0.0375127933	0.0319221354743104
103	3.20273215	3.02803660238373
104	0.0317416544	0.0444522883624286
105	0.0374488897	0.0402228122337037
106	0.029984453	0.0377550875324583
107	28.9903877	23.9756823377029
108	11.9974667	15.1729417823784
109	12.6569285	14.5425251161574
110	0.043415821	0.0553967119114141
111	16.5768453	17.3603354873958
112	0.0260705953	0.0394106105851042
113	0.051467075	0.0645364179391026
114	0.038010119	0.032516377546859
115	0.045524055	0.0420960583657447
116	7.8936151	8.12856592045238
117	0.035212378	0.0308177606884444
118	0.0211254836	0.0441528052681579
119	0.54128276	0.44577673658871
120	0.076699812	0.0744376842123077
121	0.77143951	1.18120345069216
122	2.1545467	2.64227476718468
123	0.0521680806	0.0353119834899187
124	1.10605923	1.41203378816146
125	0.065432832	0.0724547824784722
126	0.051213166	0.0432056158166667
127	0.079632757	0.0490537431832381
128	0.05544526	0.0414703718346296
129	0.081245005	0.044969402235935
130	25.6688419	23.8298421302151
131	0.46730127	0.561347723188597
132	0.286036875	0.350183307979048
133	29.41492	29.5845749787222
134	0.025893952	0.0448086141068889
135	0.121924104	0.22564272741453
136	0.0368378174	0.029389567934955
137	0.0357386193	0.0764786443236046
138	10.9631907	10.0990620168226
139	0.044918647	0.0422732461119841
140	2.87224788	2.82286115452604
141	1.9499258	2.48760296134849
142	0.0283160844	0.0400052530741177
143	15.7994783	13.7526148381373
144	0.076188242	0.0589402581082456
145	0.027381334	0.0635310950968627
146	2.838298	2.90106032719355
147	23.305413	29.4529801506863
148	4.9718765	5.45881720089444
149	0.27509815	0.297071363679048
150	9.5611686	12.066741102901
151	6.752637726	8.03477800405606
152	19.671236	17.8095240380645
153	29.7026507	29.0395086646053
154	0.227574275	0.213510226930894
155	0.051213487	0.0656920449418817
156	0.033703141	0.0430071568273874
157	0.026729263	0.0329362780779048
158	0.02777829	0.0424716236541228
159	0.143109745	0.224911100924194
160	2.5645271	3.27526814064108
161	0.043333314	0.0358415086702439
162	0.037192899	0.0612373650519608
163	23.5193749	18.2159187074605
164	0.0231684997	0.0368329470511966
165	9.5279674	10.2165215650569
166	0.0232561215	0.0284011107871717
167	0.098752324	0.0403634365945176
168	1.1752065	2.04594813525581
169	0.02812749	0.0374569076341057
170	1.9909685	2.12247355915833
171	0.0413249044	0.0584442109264706
172	0.0473704054	0.0554576394091453
173	0.029633747	0.0454773128959921
174	0.025619582	0.0464514337893421
175	0.40835711	0.374778348544444
176	16.2123842	18.4059541148482
177	15.379624	14.5428739675225
178	3.9167049	3.3531060429697
179	2.48292743	2.09356457053431
180	14.2820184	17.5801922222222
181	11.6993903	12.0556554160093
182	0.0264619045	0.0330869463900476
183	0.036973381	0.0479874144239352
184	0.49005029	0.496763274327273
185	0.081222893	0.0382170613137179
186	0.020296842	0.0258724355536036
187	0.09378012	0.103941371591886
188	0.106821355	0.142613968478378
189	5.1614705	5.05523777840556
190	0.016447664	0.0299255844672222
191	0.039838323	0.0380292440834722
192	0.032762658	0.044050420606036
193	0.043386636	0.074304839610606
194	9.6082744	7.74564684822796
195	0.09938419	0.0538487746653659
196	0.09129384	0.136935712293611
197	0.026332565	0.0317123616945045
198	0.060349265	0.0446430853536296
199	7.5629068	7.47283337737269
200	0.0331561836	0.0429209280064583
201	0.049830518	0.0735307958448148
202	12.5357816	14.5429017505702
203	3.277038	4.47594265875203
204	0.0337826606	0.0391582817831429
205	0.096686706	0.105109642004167
206	0.029486303	0.0297396150441667
207	0.172171954	0.145868202944298
208	12.1274209	12.3548424148291
209	9.31939468	7.10857078358
210	0.028202188	0.0298868221859444
211	0.019660447	0.0257319126994118
212	0.038045748	0.0473283490641204
213	0.037710565	0.0411497787466667
214	0.024299064	0.0330903306881818
215	1.89196453	1.70554127155083
216	4.99333646	4.34496448322481
217	0.029739581	0.0453509174431667
218	0.027768596	0.0392063369097685
219	0.0576145695	0.0685061405087698
220	9.4900035	10.5299630881373
221	0.0162332753	0.0353607108502252
222	9.0501461	8.88376602199145
223	0.090884412	0.0731461695724806
224	6.7583649	7.65071477117983
225	0.0465187693	0.0413448583567407
226	16.888883	16.221513313858
227	0.045755429	0.0407337299010556
228	0.06481134	0.0858591658554444
229	0.132039979	0.155225609429778
230	0.05110624	0.0341548998515625
231	0.088154432	0.0658287423217187
232	0.027327733	0.0433766289565238
233	0.046108131	0.0316421714188889
234	0.0348167015	0.0347776000056757
235	0.0369457227	0.0331436799663441
236	0.03410332	0.0299468629039837
237	6.9524351	6.54101022751532
238	0.043618676	0.039388568103374
239	0.0230119028	0.0323339811237281
240	0.034101233	0.0464442105010163
241	0.037953239	0.0728952789904054
242	2.8442253	2.88953940568496
243	0.37242881	0.393051487637719
244	0.090782851	0.0800439133289706
245	0.037846931	0.0287275974619355
246	0.0417340326	0.0426003116333824
247	0.074301131	0.0555282966503101
248	0.047630732	0.0414675328487374
249	0.0314688196	0.0485727151217172
250	0.059651496	0.0452311689516216
251	0.012975923	0.0281080581364912
252	17.8047424	18.9770631304065
253	28.978318	24.3668624198039
254	10.2875362	11.4878843582821
255	13.64233505	9.03762518755702
256	13.3976221	13.1322161085333
257	0.202777406	0.113551840449468
258	20.452533	15.1389950488333
259	0.090887461	0.069349217958964
260	0.4505666	0.497651411318095
261	0.04719853	0.0349838520358547
262	11.7318886	10.5331372967571
263	0.0374410845	0.0512549227613542
264	0.0320034632	0.0396035364559756
265	0.025209557	0.0422758538330092
266	0.45379974	0.773614901579845
267	1.22073874	1.82104399335708
268	0.0258734854	0.049997479110381
269	0.0228503984	0.0287256143118561
270	9.00904004	9.03045684916933
271	0.079074522	0.0330431977963636
272	0.0215520353	0.0417930453457292
273	14.6331705	16.6232462286619
274	0.065592397	0.0545956477293229
275	0.32315929	0.304643324261403
276	2.69740196	2.84631341275333
277	3.4713695	3.21044323355214
278	0.20091374	0.253728624186822
279	12.938581	11.5574644052615
280	10.856938	10.6513016606587
281	0.149356384	0.133888065391473
282	0.074072926	0.0992326776308772
283	4.7183699	4.90199479651563
284	0.013275308	0.0292439898646342
285	0.161140293	0.168672450574815
286	11.7787122	11.6899971004167
287	10.08730441	9.07304885070834
288	3.77031593	5.1628719056122
289	2.0989363	1.90920459898774
290	5.25406554	4.46838906071428
291	10.116428	8.91782218549756
292	0.0712600173	0.0749663191487879
293	0.0701236487	0.0680332243326344
294	5.22023736	5.24586051355417
295	0.0180319599	0.0286610218573958
296	0.0340789004	0.054400673372
297	12.8432164	10.5738470431098
298	10.280458	12.3032919264035
299	0.105822118	0.0565753721708559
300	0.077163779	0.0484936208344792
301	0.058079728	0.0685298664212745
302	6.0287713	5.01278505806177
303	19.81944925	22.0505130427982
304	0.505195155	0.606115137041085
305	5.1814192	5.19024817061143
306	0.040167488	0.0461871716393694
307	0.0295752594	0.0466168599358571
308	4.681834	5.44627379423039
309	1.6733859	1.8829956846619
310	0.028168777	0.0343682719035185
311	0.090753849	0.0420658701611842
312	0.086212597	0.0753729706245
313	0.019769383	0.041022251442375
314	0.0290050845	0.0309349292991667
315	0.0518594107	0.0724108920727778
316	12.7314532	10.3284725497222
317	0.0336784574	0.0510406753096296
318	7.9250331	10.4103512681313
319	5.99058	5.88308358291177
320	0.033934957	0.0348383671017222
321	5.9294654	6.45388467886979
322	8.963530966	9.98977302920699
323	0.068361532	0.122725359528161
324	0.040819019	0.0345987414204825
325	8.0340744	9.65236090804955
326	0.0296292673	0.0477346477124419
327	0.0201754162	0.0434703616952941
328	0.0318592372	0.0377277612417544
329	0.079741819	0.0787020601916666
330	5.8936018	6.46135108069737
331	18.5315668	20.6537860618605
332	16.925461	14.6942919526126
333	0.0244718352	0.0279255952771354
334	0.037396328	0.026202098367402
335	9.0919273	8.16851706613597
336	0.0239693016	0.0374793255683333
337	5.89484486	5.91490655453088
338	0.40478	0.402729030196875
339	5.975654966	5.42829969913018
340	0.05798514	0.0577304528572381
341	0.03583999	0.0460201039349537
342	25.204681	20.5137126426768
343	0.045197901	0.0537035432472685
344	9.7782385	10.8961604749111
345	9.985402	12.3336197939145
346	17.1155016	15.6756133701075
347	10.7309924	12.7378515861318
348	0.18896942	0.234247676892276
349	15.0607973	18.1388769280303
350	12.1348476	14.6880954421759
351	0.076740442	0.0823814115713333
352	4.83079085	5.84270011791667
353	13.8900077	15.164981290693
354	1.91092565	1.92440657049594
355	9.4737299	6.15310873789316
356	9.3426814	11.0319643560101
357	17.2417767	18.6015716540729
358	12.2495808	13.5722542577209
359	8.933607	9.68456138927273
360	0.02486181	0.0392389501215217
361	0.027105158	0.0624374181800695
362	8.1554349	7.80857644155357
363	11.2389378	10.9644187992596
364	21.6797332	18.7024290456905
365	0.120391132	0.108369792230417
366	1.47305698	1.9555145783735
367	0.92238824	0.558682404243548
368	0.044625757	0.0523497825351351
369	0.024285925	0.0514727277445371
370	0.0216156696	0.0345773470763513
371	0.029647815	0.0213438714712281
372	0.082965408	0.0772597429181313
373	16.8506348	15.2173125670754
374	0.027301596	0.0437460530995238
375	19.1304536	20.4529705148389
376	0.052290824	0.0416801827442063
377	0.0441446725	0.0413126085554545
378	13.1682738	15.2288954443292
379	0.040269853	0.0390195425144583
380	8.3923507	8.16514528273643
381	0.066578649	0.0653525310252083
382	0.09072718	0.0979722324826389
383	0.27473417	0.175113591073008
384	0.059323756	0.041719690509798
385	15.1901268	12.7118483381524
386	9.92008136	11.5667175969167
387	16.039841	12.5830032426961
388	8.7502373	8.91178917934524
389	1.21692705	0.928779332435484
390	0.035453331	0.0423972977561905
391	0.028134657	0.0357071908184959
392	0.046904865	0.0529423067887037
393	0.33740282	0.442155405592793
394	0.0316109857	0.0343833477998529
395	17.0505106	18.1407718452906
396	0.0280452077	0.0440090814195176
397	0.12817943	0.260524386163964
398	22.1248425	22.9830773546396
399	27.9259623	27.5267424155855
400	0.020777762	0.0397251841892248
401	17.1644676	14.4672324396181
402	0.067282936	0.0416379639916146
403	0.039666755	0.0497191883350953
404	0.058223374	0.0430934201150667
405	0.038851503	0.036411280050202
406	0.056771841	0.049540592552193
407	0.054668494	0.051074326926036
408	0.54745742	0.649204760652778
409	8.72799766	8.20074409818687
410	2.94994474	3.16640881789693
411	0.114009337	0.0841893904168
412	0.18771892	0.299438848478175
413	7.0872651	7.04850874993864
414	21.026297	16.2546135800417
415	5.95934166	5.46612295625833
416	0.152923633	0.192983828161765
417	13.4929323	14.5183870430247
418	0.204853994	0.0710008185198095
419	0.0219857645	0.0438262407698214
420	0.042019423	0.0499129202681818
421	0.039200664	0.0285163202277778
422	0.32314396	0.407101671530081
423	8.6935753	8.03477003484868
424	0.043758794	0.0510013611677478
425	5.7755214	7.46226860517949
426	0.074997853	0.0542503808468148
427	0.058551187	0.0856658933311261
428	0.15964945	0.179181389904023
429	19.4544723	12.02265670625
430	0.020407354	0.0459005299632114
431	4.84840432	3.40671828125484
432	0.028128403	0.0387110189612699
433	0.50023266	0.239103418352632
434	25.6094821	24.3178696591624
435	0.11243048	0.169714603932292
436	0.037316515	0.0476390639920721
437	0.45630293	0.307575989681301
438	0.059944737	0.0391222888073016
439	0.03370593	0.0263573709915812
440	0.0257039943	0.0363458221732432
441	0.083596764	0.0830531898545946
442	27.9839294	23.7127142069246
443	0.141012531	0.0476970535537634
444	0.053522646	0.07075221935125
445	0.049375852	0.0511034170342045
446	0.104011196	0.0444107887475758
447	6.2886251	7.73471951411594
448	0.030866404	0.0324193287234409
449	0.0373660726	0.0558570757015833
450	25.636662	25.0688960622843
451	8.69540913	8.2337000948063
452	0.036679356	0.0337088657028455
453	8.5486795	10.8438018545513
454	8.9522615	10.0136152402917
455	0.0228624712	0.0282486260945
456	18.661163	19.9075547353509
457	0.23483877	0.0373324925984896
458	0.0189018547	0.0352714892854762
459	32.6838537	30.1882169421354
460	8.5713594	13.8093403145238
461	0.0370163513	0.0339572283935859
462	0.7403111	1.12977523545588
463	0.05455355	0.0368563503381439
464	8.8329611	8.13475445155345
465	0.16555626	0.234413826289744
466	19.6470912	15.2527406873095
467	0.0261431197	0.0276910866881482
468	7.3025324	8.72762431032828
469	23.967014	20.3075955021398
470	11.5040533	10.0757556771911
471	0.0413466956	0.0488383144712699
472	0.031631543	0.0410095204655856
473	0.62593076	0.769332577320086
474	0.0429795035	0.048120152565098
475	0.032498727	0.0424350122775225
476	0.049679698	0.0624396987424537
477	0.8242256	0.692997959784344
478	18.110501	17.3551258161667
479	0.075042972	0.0664664644964035
480	17.7850482	19.3915706004095
481	5.6816591	7.08763046363235
482	14.5629511	16.2452748465891
483	16.3053066	21.5015481375052
484	12.461097	13.6625216414414
485	0.062810619	0.035978450194899
486	0.024256901	0.0266141727434583
487	0.040464163	0.0474068898831008
488	0.02645595	0.0461400997538571
489	0.0299880436	0.0534887250955555
490	0.0762965725	0.048147210027973
491	5.8226483	5.13311569009259
492	9.239902	11.1564117813419
493	0.06016838	0.135679894206944
494	0.091183075	0.115265465107018
495	2.7796405	3.77864765593011
496	0.268335093	0.246020880135803
497	0.036480421	0.0448646637978049
498	0.0285159795	0.0331955700676191
499	8.43246867	8.83540375704716
500	0.026921209	0.0393409832079825
501	0.0207637062	0.0303157237847675
502	0.0359510186	0.0401636837725817
503	0.0155120514	0.0282673980527619
504	0.027499496	0.0410387551644815
505	0.40063245	0.387833523565238
506	0.0317589977	0.067406133000875
507	0.0269534546	0.0351980489488462
508	0.042998239	0.0891901689476316
509	0.0329851745	0.0421932630367677
510	0.054783054	0.0515950024075
511	12.4229305	15.6824879307265
512	0.19182305	0.222730739844118
513	11.151475	11.566426046125
514	5.7584972	5.81240284811765
515	8.8546375	10.1305486485253
516	0.0210028385	0.0400197066117117
517	0.16099112	0.15498255900814
518	7.8756463	9.42885340111111
519	0.35774562	0.419914528153536
520	0.038063612	0.0316768234074074
521	5.13671685	6.21092706954924
522	4.8688184	7.5650019728699
523	14.796449	22.0908808973798
524	8.1600997	8.31732243668254
525	0.033647573	0.0437294139749537
526	0.0205491174	0.031495979141982
527	0.034141162	0.0462033497652992
528	8.5119652	8.74799799093077
529	24.5977686	23.3122947697312
530	0.0242104036	0.0402177531456373
531	10.7698316	9.67114459923984
532	0.058608616	0.0716489710717117
533	0.0323583046	0.0443589185648718
534	0.46350486	0.370129610626316
535	0.90149418	0.946313904172043
536	0.0285631235	0.0457013972860714
537	7.15550677	7.34431916773096
538	0.0221668875	0.0409269541810937
539	18.5908314	17.2772030399537
540	10.3804116	9.81947280797745
541	7.71043051	8.37007855493849
542	0.123572048	0.0728056972259596
543	0.046678493	0.0486237911621795
544	4.4327865	6.42280639088542
545	4.9918607	4.84925786544017
546	11.5289438	12.4384857142982
547	0.073726991	0.0385477001745727
548	14.1256213	14.33509088125
549	0.32289854	0.425816221860526
550	0.0488322475	0.0416979132862083
551	0.0448888674	0.0550126243065278
552	14.2241466	14.5243215692857
553	1.405845564	1.16276581717364
554	0.116494684	0.11335923227681
555	0.0322582832	0.0258365164297807
556	0.060346823	0.0241564760784314
557	0.0214257376	0.0393744183843981
558	0.14555767	0.132959534673874
559	0.0309125753	0.039268321595
560	0.026866458	0.0360367867010833
561	5.9378435	6.31054364211828
562	16.5827063	17.444089988151
563	0.027111424	0.0415811841796429
564	23.6185613	26.5075333369458
565	0.041159139	0.0574238101055376
566	0.058725426	0.0410898932444961
567	0.043618404	0.0493296113473611
568	22.452351	19.8254485652857
569	0.095362506	0.0475611168957407
570	0.019869335	0.0403525215846759
571	0.0177647806	0.0318740008289024
572	0.0351372457	0.0423542050863131
573	0.06516549	0.100078657660968
574	2.5985656	2.69500632545977
575	0.077985586	0.0673354805397849
576	18.83884365	15.7863775401098
577	0.059471162	0.0601295530199444
578	0.0586215685	0.0822397014184108
579	0.037991679	0.0265201397686047
580	0.024046624	0.0375325514396465
581	0.0162569	0.0449597971735714
582	6.4357281	7.47252082286742
583	14.098806	14.3729983935714
584	0.094614039	0.0757888637184583
585	0.024710635	0.0412425635782946
586	0.035667207	0.048901761600381
587	14.905156	17.6917956911905
588	35.962582	30.4699653945
589	0.037764076	0.0427641741189773
590	0.013702599	0.0279685310261111
591	4.0270154	5.66355772525521
592	0.0317444214	0.0481864372311905
593	0.023151818	0.0401710588111539
594	7.6865734	10.1493400237312
595	8.92206607	8.65537402054146
596	0.143458628	0.239150542453252
597	0.022208369	0.0367578497092929
598	0.048976378	0.0502741621652222
599	0.031884362	0.0275227565567677
600	0.2140992375	0.0510532055985185
601	13.6440353	11.8348918557265
602	11.3651547	13.5148737702941
603	0.058668297	0.0365300100574243
604	0.39268971	0.372308674617816
605	0.044329429	0.0524443856195349
606	2.8678844	3.57467198005417
607	0.015336901	0.0278105414664286
608	0.0229116226	0.0410155267059259
609	16.4298257	16.0687362783333
610	0.173962985	0.0961563283356373
611	0.040199672	0.0471287377290991
612	0.52023793	0.629389394269737
613	11.7490975	12.1198671173529
614	0.193005859	0.127742148145528
615	5.30814143	5.5926670756627
616	9.444977	5.9033001442193
617	0.047649771	0.0435745234
618	0.056239761	0.0375776335233333
619	6.5850458	6.58780196918687
620	0.0220523556	0.0407240092135833
621	0.028141336	0.0292838499371852
622	6.2108798	7.00126686796397
623	18.642366	22.5742718762917
624	1.2397358	1.3172880185406
625	0.048137246	0.034974019054125
626	0.23351674	0.260484114123643
627	0.041681903	0.0412525960142517
628	0.0268068987	0.041688850388875
629	0.027777068	0.042087264973908
630	0.0205730816	0.0383432759259211
631	0.069171109	0.0401479685744048
632	0.0400950013	0.0327516431814634
633	10.9296134	11.24807817475
634	0.36992053	0.44021098140787
635	5.9230695	6.12424188973958
636	0.1029604815	0.0899875097672043
637	0.0265438775	0.0374775078746341
638	0.083189405	0.0539730216306566
639	2.3349505	2.89171129674359
640	6.252208264	5.70156664729655
641	0.32747143	0.460537997928333
642	0.047419468	0.0584786008601852
643	0.83488978	0.596867352846774
644	0.077088171	0.0624948170071825
645	0.079994457	0.124634460093333
646	9.1091179	8.77785675752252
647	0.0397216677	0.046059279436954
648	0.10209156	0.0826291931925926
649	2.29945572	2.98161464631704
650	0.022190373	0.0278521567711905
651	0.0366317657	0.0435402197763636
652	0.02996416	0.0432038547947009
653	0.050339943	0.0417680607277419
654	0.059904801	0.0435523332502703
655	10.512243	11.077718090037
656	0.36980767	0.255368067239912
657	0.048748085	0.0501443146308571
658	0.34898348	0.333187670017241
659	0.045073417	0.0455608609272917
660	1.19317277	1.17352522648775
661	0.05174774	0.0520229047908865
662	1.989297	2.98798663655539
663	0.029085617	0.0309283999574815
664	0.0140558708	0.0317250314798485
665	23.8553839	24.956336082877
666	0.038842628	0.0580821268978161
667	0.0176182275	0.0351772568325758
668	0.039012128	0.0422386900780894
669	0.55879346	0.326814993441429
670	12.79843795	17.0652801892436
671	13.3427892	12.9689217383434
672	0.0300025346	0.0531169621223077
673	0.04069534	0.0495075357252151
674	0.0265997773	0.0269722780059167
675	5.3958811	6.88253946801667
676	7.3952069	7.95735320570877
677	13.5106831	12.208427234939
678	0.064150619	0.0625068804573148
679	15.4459338	13.8779113227143
680	19.600337	15.0966119845935
681	7.013272094	6.82907948274804
682	0.16387057	0.265076082576923
683	0.091493141	0.0778062152477451
684	0.0353073165	0.0845344571896667
685	0.045032946	0.0538679365387805
686	14.5015974	13.3078890793452
687	11.8724546	12.35778627305
688	0.0484103645	0.0304624321044444
689	0.043472762	0.0483745228938462
690	0.034877353	0.0372652417886275
691	0.0282515936	0.042867775998114
692	20.480046	17.989368714902
693	0.028951731	0.0490929541686275
694	17.1282489	17.8095203028252
695	19.7268141	20.985873549435
696	0.062617996	0.060018674130049
697	3.16919163	3.31429561337976
698	4.29903155	4.52059138983424
699	0.05581566	0.0685272617457207
700	0.0151051116	0.0386452633169369
701	0.040644544	0.0442031685128646
702	0.040237118	0.0394869270046296
703	10.5853794	10.6090607616381
704	8.6377981	10.4909025739583
705	0.068812437	0.0940646019088542
706	0.0793429015	0.0473809274699612
707	0.196940327	0.0972037734010569
708	0.016993208	0.0317610463684849
709	0.052346159	0.0747326055093333
710	12.7783127	14.8544729149444
711	8.4702715	9.4980542364031
712	0.23689518	0.288060992690541
713	0.0254680106	0.0298267739463889
714	14.288093	12.9223010706944
715	1.12013873	1.4265048670619
716	3.33583887	3.27222195038922
717	18.9122397	15.950512858561
718	14.9917933	13.3814425136548
719	0.035099145	0.0469871597127222
720	0.020215308	0.0422572710465447
721	11.1084571	10.9772133241071
722	18.1597038	16.5955657768462
723	12.7174896	12.9880081631579
724	0.0211146779	0.0366352274862719
725	0.02774779	0.0373222970002033
726	9.70058926	10.27034944513
727	0.0158216356	0.0301812479454924
728	0.039815244	0.0388057639728148
729	0.044072937	0.0824473256454445
730	13.6114967	11.2647939853922
731	27.7395582	27.4259854409564
732	0.080901049	0.0549138230375725
733	0.028821571	0.0384199921718889
734	8.9848943	8.5746488120946
735	0.050886605	0.0432853518834804
736	16.095362	12.3985172484186
737	0.042621908	0.0449260914042857
738	3.672341552	3.05511677729444
739	11.6526817	13.8335554978333
740	24.973788	25.9627330868759
741	0.076395512	0.0419439780547849
742	7.5366603	9.16927568096465
743	0.032786116	0.0349594085773577
744	0.066141905	0.0897026461642473
745	0.063589081	0.0521249450473039
746	0.085506212	0.0886455104562222
747	0.066314439	0.0372006846676587
748	0.040691084	0.0450667408348198
749	0.051092996	0.0625012924147549
750	1.49556614	1.77582335093775
751	0.073458622	0.0710902459091905
752	0.037665647	0.0403447488647863
753	0.026137729	0.0329852443664583
754	12.5310507	14.1291383925463
755	0.028850398	0.0462417555009091
756	0.028422248	0.0382507969669231
757	0.026156041	0.0406169769522868
758	0.0204409625	0.0355844657040323
759	11.20381785	8.65157523082143
760	0.071352459	0.102642316361471
761	0.0180956495	0.0271199809031301
762	13.169804	12.8795036603947
763	30.6432255	24.0959070217381
764	3.3952305	3.46043036510526
765	0.048876846	0.043152192593875
766	0.030959062	0.0400827654700476
767	0.032163478	0.0318040724924537
768	4.264365	5.73891609982292
769	0.087267513	0.11317743839127
770	14.4832013	16.6343856578667
771	0.0256450506	0.040595301830922
772	0.33967671	0.514347618417677
773	0.020091285	0.0320989802537719
774	0.048788484	0.0455902715307843
775	0.032065983	0.0677291974845076
776	14.1638358	14.7681362807738
777	0.058715417	0.0527975088429433
778	0.33877953	0.244352266624775
779	11.923943	12.85949246675
780	13.0826676	12.0291902180208
781	14.7314163	13.7369646510952
782	0.0378211354	0.0561628796139474
783	0.063697217	0.0468027873639147
784	0.030753715	0.037508558309
785	9.1637993	11.186893060045
786	9.9011125	9.77383019592308
787	0.17171884	0.115937930646774
788	0.34964029	0.534011873148684
789	7.521874	6.57985548202992
790	0.064772956	0.0523685757154274
791	21.7410888	19.9133298648
792	0.056068175	0.0455684554847475
793	0.172707985	0.384125174245635
794	0.043085746	0.0426735849458519
795	6.305756	7.10394540173874
796	0.043215057	0.0567842184161111
797	14.4965651	16.7805422068429
798	0.031752012	0.0442012157262626
799	6.7622409	11.7806023520388
800	0.82547102	1.01718686171382
801	0.030898887	0.0404445079581624
802	0.061918105	0.0483829252314744
803	0.08293266	0.0519685309751626
804	0.0925935726	0.034980471375616
805	0.029467509	0.0540782950753153
806	5.44358224	6.92974396639912
807	0.0301887623	0.0500807202862719
808	0.04515679	0.04611554048
809	0.0676791727	0.0478900076162602
810	0.089309355	0.106026339989231
811	1.27425464	0.947536476950952
812	0.0420502063	0.0608401069718468
813	0.0255640546	0.0441404197866228
814	0.058821587	0.0480998750962612
815	11.3858366	10.5271252400792
816	0.071592812	0.044189256045935
817	14.080093	14.0541442707576
818	11.257998	16.8205162346078
819	1.27140617	1.13207821008095
820	0.029116099	0.0363421280137097
821	0.0369904595	0.0666324991712162
822	0.0300048	0.0536351803707018
823	0.065004161	0.0489021617867117
824	0.020412061	0.0370978919656504
825	9.4615898	8.62356864486937
826	0.030872869	0.0444825797533704
827	16.7909005	15.3927827024352
828	0.0450588803	0.0603827790892473
829	0.038423262	0.0650123766230808
830	2.14943128	1.84999329760648
831	0.314376077	0.327284866576667
832	0.031926841	0.0418167076918982
833	0.0354054684	0.0615232820783721
834	8.9376333	8.71022847116096
835	11.6715414	9.73536936094872
836	0.065368264	0.0981067463777778
837	30.599003	30.3178570982456
838	12.2749753	12.1715394699885
839	12.399858	11.69419433975
840	2.81289367	1.85737125089306
841	0.0212923098	0.0309930128023413
842	9.36194094	9.29826980334419
843	0.033319827	0.0373867352644144
844	0.866205247	0.600197736551471
845	4.6625633	4.79723175270115
846	0.053428668	0.045251297831954
847	0.06833188	0.0844840142536842
848	15.3588286	15.4041283846079
849	0.085842922	0.122306010237939
850	0.0805198005	0.0718118737303241
851	2.8812022	2.61629362143417
852	12.5259193	10.098692734697
853	0.027195273	0.0330546211739912
854	0.033677293	0.0494221988547701
855	0.025401786	0.0438078261508064
856	0.063851851	0.0847844445135937
857	4.83603406	4.14999478607366
858	0.0261557462	0.0332018602454286
859	0.055764491	0.0380523629118628
860	0.0286488845	0.0540891855914035
861	0.63442888	0.444043694315789
862	0.023563731	0.0378550555410119
863	0.0230856658	0.0360667964867647
864	10.0195844	10.5559601075463
865	0.0330801234	0.0341835149497312
866	0.0743527453	0.0437843669926263
867	8.7429273	8.79284787069792
868	0.080251532	0.120796580811628
869	0.70066004	0.864933814360185
870	16.1196944	14.0980428296825
871	7.168562	9.36295639987642
872	23.1026857	22.9400659112276
873	0.29200584	0.310611990944118
874	11.0958559	8.21824470720238
875	4.3662627	4.37878497605
876	0.0175969176	0.031454779060619
877	25.9088332	20.8855634229309
878	21.4190767	21.2141823972436
879	0.0309673133	0.0274265257304839
880	0.30415502	0.349502302657143
881	0.94601336	0.907502610252083
882	0.184108033	0.065859385955463
883	0.29854529	0.321892320870833
884	6.53573793	6.80615374651626
885	0.02587538	0.0327016494170588
886	18.4955599	17.893137359675
887	0.08740177	0.0469400014425877
888	0.061849073	0.08523108458
889	0.034729377	0.0672320855717544
890	17.1513994	11.8546615042735
891	9.1720037	8.21980803742381
892	14.0715335	14.5596244982353
893	6.297380357	6.3497922685596
894	0.029679312	0.0440968801720098
895	4.2709897	8.42384318027917
896	0.267649065	0.290896475086937
897	0.0219516897	0.0300508009208333
898	0.061658681	0.0671497839224775
899	0.0368358283	0.0474823834979167
900	20.968602	18.9907939922826
901	0.043024821	0.0382112308290351
902	7.42038725	5.89238883949462
903	0.0187022197	0.0313740162618804
904	13.8008532	16.6983474571053
905	0.088557732	0.0736585780981667
906	0.060679462	0.0364036536409314
907	25.692504	26.4667311995333
908	5.9850608	6.47455061102381
909	0.0239601304	0.0288822897460256
910	0.066918123	0.0331310693832639
911	0.057005848	0.0463938594810965
912	0.062344156	0.0450520446453623
913	5.29581375	5.37178433153039
914	5.7838282	4.84874887269643
915	0.04019031	0.0518712156432433
916	0.057651229	0.10190201546561
917	0.067712443	0.0425404286244118
918	0.035666365	0.0498042890712346
919	0.029017724	0.0274720485908854
920	0.0373193997	0.0348284436790741
921	0.056238071	0.0837046140705729
922	0.0177776658	0.0317027869851667
923	31.6439411	29.8841479753226
924	0.030108314	0.0324136301375439
925	2.1463977	1.96159411648095
926	0.020869747	0.0411983825410811
927	4.47229995	5.64725472802222
928	0.06309817	0.043106601107
929	9.6341216	10.548560756387
930	0.10019128	0.0565184029976016
931	0.039988945	0.0399444775824747
932	4.5366225	5.08948243820519
933	0.024664152	0.0576184079236207
934	1.33679724	1.00707596262813
935	0.016597594	0.0286931723116667
936	0.0225298806	0.034651738704375
937	0.0317934482	0.0573849421447619
938	0.067964943	0.0448409120801984
939	12.1124046	12.9527591822549
940	7.4201749	5.88364939025854
941	0.036316716	0.0389182378808156
942	0.043257331	0.0405178440801961
943	0.026369369	0.0360723781272333
944	0.0224650572	0.0566249601705263
945	2.14174576	1.70793968598448
946	0.0163724173	0.0316959160730093
947	0.030126752	0.047766355047037
948	6.6932776	7.88297304047619
949	9.5859098	9.0508442530991
950	13.8858736	15.5958796020635
951	0.037852969	0.0562857164742982
952	0.30473572	0.349425183913158
953	6.244473	5.64829743664912
954	5.36303	6.18143684009896
955	8.5272543	11.1646005857407
956	0.0312526364	0.0348487879703226
957	0.03277199	0.037334285923871
958	27.374779	25.2444623197907
959	11.421591	12.232818919
960	0.0248624985	0.0500806482176882
961	32.0034753	30.1335373030648
962	0.0346564654	0.0440149235494444
963	0.044742991	0.0374357001976126
964	3.6538972	2.93025442510354
965	20.869478	19.0204869916357
966	8.21767669	7.37555473162883
967	3.81795383	3.78087979521875
968	7.779828204	6.13220862878496
969	0.05938735	0.0557503885045238
970	1.9831479	1.95188159876471
971	5.95467704	7.33499091765278
972	0.037105064	0.0479722391058537
973	0.051614578	0.0490818450192857
974	0.0185607265	0.035312478978908
975	1.2427269	1.63683765127064
976	0.37340097	0.28959972485303
977	0.034861392	0.0368986114577778
978	7.9262361	8.11440242134344
979	0.036085172	0.0566355212214683
980	0.261395426	0.330328245774194
981	6.6705912	10.6322474785542
982	0.0307333085	0.037881881523547
983	0.038712529	0.0479321424598925
984	0.0389181965	0.0532400366727957
985	0.034964301	0.0540886544531532
986	5.5928502	6.63533096001852
987	3.01993923	4.09251501282759
988	5.486455	5.02288631089474
989	0.0403291508	0.0587560502981579
990	0.125683635	0.169106958741176
991	0.0586887866	0.0564318383304301
992	0.027177437	0.0462622070362255
993	0.089535692	0.0535967449946296
994	0.082743481	0.0517849350471354
995	0.041082056	0.0455089595055435
996	0.489606655	0.206272713904667
997	0.7568012	0.630550775338739
998	0.051952191	0.0731719366184375
999	0.0224123471	0.0396001840572222
1000	0.031260304	0.0552578859204445
1001	0.0890638	0.08526155758375
1002	16.889496	19.9670892519658
1003	0.0370683793	0.0545859201302778
1004	0.0226037813	0.0273884272540541
1005	19.636812	15.0814611873874
1006	0.050870824	0.0296263994328378
1007	7.6486463	6.98671504510088
1008	0.030722701	0.0337187847269192
1009	14.90889915	15.6304267387317
1010	20.9405042	26.2685205327941
1011	0.062285312	0.0431563600278646
1012	1.473204765	1.78695191549792
1013	8.4266379	8.2952746547
1014	0.076868268	0.0949623234476316
1015	5.8459988	6.55788017908761
1016	0.38508304	0.403784297014815
1017	0.123166478	0.0577590582139881
1018	11.5955945	13.3112677921528
1019	16.137262	14.9153604259195
1020	0.030540906	0.0316198914338235
1021	0.050093714	0.0475581754931945
1022	0.057305744	0.0534299295158108
1023	0.0343381635	0.0636674925817143
1024	0.084918045	0.0960523262821759
1025	17.056895	20.0294094391358
1026	0.029756357	0.0629440276726755
1027	0.047473054	0.0414953465728947
1028	3.2275142	2.83352008311395
1029	0.27018829	0.196706071040991
1030	7.97972305	8.7717008204785
1031	0.031455645	0.0293391741217117
1032	0.0355037033	0.0383619616646191
1033	0.0434552795	0.0387833705459722
1034	14.8261023	11.9614449988739
1035	5.1005033	5.01327039686897
1036	0.035800186	0.0427699876696826
1037	0.047147088	0.0343555985339837
1038	0.114923669	0.1491436102975
1039	0.0234397717	0.0282133099098529
1040	0.0410300085	0.0504672251462903
1041	0.0252168583	0.0465516269559375
1042	0.0410784394	0.0487058788988158
1043	11.3268299	11.7364406228248
1044	0.019694507	0.0391964637669281
1045	0.025247101	0.0483398530978283
1046	4.1118373	3.95944980714216
1047	0.022450743	0.0439136305652941
1048	0.0295717805	0.028437587724079
1049	0.0161282356	0.0286945801047222
1050	6.477677	8.79327107994792
1051	0.020925542	0.0301889915916667
1052	0.059782797	0.0408855348680952
1053	21.485774	22.2774157679009
1054	0.118788523	0.156378824591176
1055	0.03842805	0.0519134556420707
1056	0.027171089	0.0379577449464683
1057	0.0186711887	0.0382009609338542
1058	0.084669284	0.053702427386982
1059	0.048404185	0.0327953297156579
1060	8.4456646	8.57389964711
1061	0.181979314	0.18436847822907
1062	8.942975	7.85043927054167
1063	0.042839298	0.0401256028518421
1064	0.0212266027	0.0284679373150427
1065	8.6876039	9.6944111141875
1066	0.025552188	0.0228304431385058
1067	0.0338848885	0.0600146942353333
1068	0.51315789	0.709876105917917
1069	0.02202579	0.0511421176511111
1070	2.6433455	2.3486905701
1071	0.0312533256	0.0377536428078161
1072	29.3278179	29.528029451982
1073	0.18823002	0.247562107810526
1074	0.11944552	0.0609929037104701
1075	20.060135	18.6577043661905
1076	0.026835417	0.0372468637137838
1077	7.0686436	8.16255766921569
1078	0.032279488	0.0420775441680392
1079	9.95494978	6.93500125885238
1080	0.024275324	0.0443339449184397
1081	0.064782927	0.0339175478197619
1082	0.041798191	0.0346389748496
1083	0.034482826	0.04099467081275
1084	23.3053726	22.3026394610294
1085	0.025812106	0.0308716211774731
1086	0.051066054	0.078018406503
1087	0.24051077	0.203409169444762
1088	27.0923034	22.0360764783081
1089	0.0443819375	0.0505030521037619
1090	0.085648725	0.0532112671894271
1091	7.1092279	8.41007221947917
1092	0.078287276	0.0648850523230159
1093	13.9672992	11.8621437189333
1094	8.779464278	8.69720616369362
1095	0.300161616	0.283093126536869
1096	0.085436831	0.0840153946411789
1097	2.3700937	3.48267734261239
1098	0.082097739	0.0630243115850595
1099	0.0252153697	0.0430797675803535
1100	0.0440908604	0.0487246820248039
1101	0.035939256	0.0360730719446748
1102	0.0300659535	0.0264431841436765
1103	5.1595524	6.71071878881183
1104	0.028321978	0.0368917531315152
1105	0.044568532	0.060006345229386
1106	7.8439381	8.63101001572222
1107	0.0214119674	0.0392257292186937
1108	0.049689058	0.0474028393152778
1109	0.144874333	0.0819566457412162
1110	0.041120135	0.0347829492476126
1111	0.061151788	0.0634058121704861
1112	0.0875703575	0.0587042235289147
1113	0.044559879	0.0464165085056349
1114	0.2459243	0.255102218713158
1115	0.0786235015	0.0357869165357083
1116	0.059180218	0.047824586638
1117	0.071135773	0.0406399117564286
1118	0.028000352	0.028823061150614
1119	8.5859505	8.7942591658125
1120	6.9664899	6.420106577875
1121	0.043680189	0.0624061513944907
1122	7.8285871	9.40746113117982
1123	0.0318589766	0.0476684279244309
1124	0.036559469	0.0379143866933333
1125	7.727605	8.04383990364572
1126	17.8896964	15.2227740830342
1127	17.3545877	15.0315743711232
1128	17.706467	15.0781132324444
1129	0.286896326	0.348343597466667
1130	0.0940755447	0.0446252739908046
1131	0.45409712	0.789647363728333
1132	0.054139729	0.0423597149334343
1133	0.114302158	0.0846874919498667
1134	19.11802	17.9284110137143
1135	13.268656	13.6932920276984
1136	0.0403185245	0.0367822086452326
1137	0.0478310713	0.0477651753789247
1138	0.051414891	0.0434284223039362
1139	0.04251914	0.0422863710148198
1140	0.06350987	0.0617448027813063
1141	3.5408001	4.37865288830729
1142	0.034240634	0.0409845224873246
1143	0.0247101465	0.0346780426907724
1144	0.036214721	0.0424925740316667
1145	0.112878026	0.0640219941654348
1146	0.097315695	0.0382156247140833
1147	7.7823875	7.47933749816591
1148	0.163618115	0.255591700590686
1149	0.027675794	0.0371326909276667
1150	0.028280117	0.0380661713830303
1151	0.027055721	0.0454323984657317
1152	0.055083581	0.0426828142607619
1153	0.067502583	0.0495415111274444
1154	0.148306195	0.21732490232973
1155	0.274118904	0.33695340998125
1156	0.023782879	0.0532814941060078
1157	0.054180977	0.058302594047375
1158	0.0560732965	0.0359174273841146
1159	6.852794096	7.14199211349565
1160	0.052571372	0.0554326558637121
1161	0.0205782094	0.0361352195221429
1162	0.02862788	0.0382699702878571
1163	0.03084774	0.0463332734215278
1164	0.59646762	0.394684142018478
1165	13.3677912	13.9987930022973
1166	26.6109224	22.0618967139298
1167	0.056234549	0.0491743118257143
1168	0.76099402	0.772940236774419
1169	0.0305534923	0.0371878112857576
1170	0.0371506035	0.0327075276215789
1171	0.049440829	0.0494456820993939
1172	4.3215134	5.14648052927419
1173	3.8583103	3.15293692478889
1174	0.061940258	0.0712636479811111
1175	0.0323339283	0.0371018316803431
1176	9.7680287	8.40826642901076
1177	0.58444742	0.746784104475397
1178	0.107037445	0.04725532624
1179	0.07254194	0.0747710382855405
1180	8.8767303	10.0919313247315
1181	0.0209711585	0.0411483355794624
1182	9.3949085	9.2232704279009
1183	0.037661154	0.0405218936318982
1184	0.039826905	0.0370701978543089
1185	0.03952088	0.078504012403375
1186	0.040140261	0.0341167814776984
1187	11.4031932	11.6401792105
1188	18.701422	19.0425598517143
1189	9.3097087	7.89501904295217
1190	0.043675285	0.106734891748211
1191	0.031380514	0.066693952239899
1192	12.1451893	11.1441826483089
1193	0.044413707	0.0405026027811842
1194	0.0250513114	0.0373610674318794
1195	12.5698509	12.6076955803535
1196	0.036352518	0.0670647378236937
1197	0.021993047	0.0270399402053876
1198	6.9350704	8.14301958090741
1199	0.062025902	0.0635462999445175
1200	11.3665242	11.9950107340476
1201	0.07143228	0.054216125983046
1202	0.023852154	0.0431648391183889
1203	16.4944693	16.4991464490287
1204	7.6098633	8.09900603319192
1205	0.031263064	0.0333570994686021
1206	9.1598262	9.02606047687153
1207	7.7377205	8.12508356113426
1208	0.098911505	0.0963130184231482
1209	9.668643	10.5535517342602
1210	10.457541	10.3026222644661
1211	0.026458977	0.0340031992594444
1212	22.4648006	21.8845554758718
1213	0.063717038	0.0970627084142929
1214	0.055146947	0.0621509323304902
1215	12.9482452	11.4458502256458
1216	0.015413833	0.0259633366581532
1217	1.34122562	1.69294670111739
1218	0.039712757	0.0449707491730093
1219	12.0528566	11.2164648951766
1220	17.676357	14.869570931697
1221	0.0335471234	0.0344556215171354
1222	0.0285330407	0.0406813872477928
1223	0.14387433	0.0518959382278378
1224	0.32406747	0.268532575926812
1225	1.3442992	1.35883790879853
1226	0.0255914925	0.0514691854818056
1227	0.0415216685	0.0349236116277957
1228	0.62993867	0.56255272563964
1229	0.036513793	0.0310609973606667
1230	0.25741407	0.267307221902222
1231	8.480449	10.5081910065856
1232	0.054992849	0.0365492027385366
1233	10.066938	10.7608966030811
1234	6.766486	7.78822692270231
1235	7.5376218	8.09990161252451
1236	0.072560731	0.0726599061343182
1237	4.08975697	3.22029881574737
1238	5.61524955	5.39278415078095
1239	0.0209878813	0.0376246331667204
1240	20.8397796	20.3695208258572
1241	9.15535184	8.69864902451042
1242	0.051894058	0.0417253402769697
1243	10.676321	13.3355438638762
1244	0.22711418	0.333082515226316
1245	16.7363806	18.8974876884553
1246	0.048195749	0.0378969445917708
1247	10.3220847	10.5905520338738
1248	0.027306712	0.0381588250282222
1249	0.082493693	0.0955214390715714
1250	0.06151606	0.0718722455444583
1251	0.028289141	0.0385510825571839
1252	6.21307626	6.06093925950343
1253	17.6301197	20.2578164493492
1254	18.276271	17.1359487449731
1255	0.0545945987	0.0337909107256757
1256	0.054469619	0.0397987271280556
1257	0.191237244	0.137024183842793
1258	0.040996257	0.0422507796498374
1259	0.03343106	0.0463139686955072
1260	0.032217486	0.0485517302136752
1261	0.12786617	0.05845198523
1262	0.079616994	0.0926828141326389
1263	0.034294825	0.0446770919718804
1264	0.071600182	0.0569359406872917
1265	0.15410635	0.10251416594977
1266	6.9024646	6.87198902063414
1267	0.282030844	0.299279700552083
1268	5.306814	6.33449917955856
1269	0.0203032057	0.0336817832771296
1270	1.0559123	0.673975408077381
1271	23.0077305	20.9847626017143
1272	0.034750866	0.0435524655241204
1273	0.0608394	0.072533895939375
1274	0.038437035	0.0387275076601894
1275	0.090159973	0.100913783486856
1276	3.223425355	3.43288479169286
1277	0.047152	0.0363373065787179
1278	13.2614101	11.6935079697658
1279	0.0228610377	0.0405687490312821
1280	23.2234634	19.9499894120286
1281	0.066436513	0.0707127974261905
1282	1.07420412	0.981982561250538
1283	15.4003214	21.851282090625
1284	0.039386908	0.0366457040697059
1285	0.046208173	0.0411492402907619
1286	0.0527023947	0.0451453501743518
1287	10.1434295	9.48207666185714
1288	0.0282848486	0.0378644026481945
1289	0.208018964	0.404453031013636
1290	14.2676274	16.6342189572368
1291	0.26718904	0.207522245879915
1292	0.041066712	0.0357609388091398
1293	27.8752994	24.4779724450167
1294	0.052741016	0.0563206285357292
1295	0.49124408	0.806990615714913
1296	0.067188503	0.0517607207927778
1297	0.0271847044	0.0511380657373656
1298	10.48543235	12.4887579142652
1299	9.5429197	7.81150806539116
1300	0.0286049456	0.0406568293613964
1301	0.039532943	0.0524274773389815
1302	5.8126687	6.71584978134188
1303	0.087229431	0.0800775172094286
1304	0.135613713	0.109241680462083
1305	0.073523072	0.0939988943285416
1306	37.6102615	26.32416723975
1307	0.016978736	0.0379626763919892
1308	0.031053032	0.0431379602387607
1309	0.0222106555	0.0350361037698016
1310	0.028827285	0.044207466398
1311	0.031198548	0.0363553756412121
1312	0.131986185	0.0475441837695714
1313	6.12672885	6.29173697661343
1314	0.42375631	0.538173742763333
1315	0.30949969	0.53475437135101
1316	9.2250001	11.9668301117731
1317	3.2378268	3.82865933871429
1318	0.049155894	0.055170835974065
1319	21.23429915	20.1273969793578
1320	0.0238296163	0.0648075035806884
1321	15.9506907	11.8240100653235
1322	0.02450226	0.043800004953587
1323	0.0344903927	0.0453346145572549
1324	0.071356728	0.0491562867220115
1325	0.8109504	0.682843308405953
1326	0.0275290482	0.0466791995158095
1327	0.033288593	0.044766277356036
1328	0.0286136558	0.0291961494494583
1329	0.031070386	0.0530206749566204
1330	0.032470903	0.0342330524621759
1331	19.7588002	21.9525040149111
1332	0.0448469137	0.0425706200582479
1333	5.2308111	6.41542007547619
1334	0.034811322	0.0415929570886487
1335	0.0289432473	0.041176209064031
1336	0.103823181	0.0678413469912037
1337	0.147092364	0.0667418975292083
1338	0.031081378	0.0261850793331349
1339	0.030936335	0.0430357274688288
1340	3.1513702	5.30355270324194
1341	5.7404302	5.13915736155238
1342	0.03047881	0.0599855260865591
1343	0.042771061	0.0319760506169768
1344	0.048038349	0.0812658220369697
1345	0.07793021	0.0683313214863514
1346	0.45669514	0.757567443969697
1347	16.8165131	15.1657219557071
1348	0.098315506	0.12188048849625
1349	0.05986399	0.0644482174677236
1350	3.17850543	2.90562980829722
1351	0.11006081	0.0861169084848648
1352	0.206737494	0.126957523688802
1353	0.044527676	0.0414652496213008
1354	2.16288437	3.10509286556754
1355	3.39328733	3.47125929844715
1356	0.06414449	0.111794931538739
1357	7.2116284	7.90870515659459
1358	0.041879433	0.0601304004796569
1359	0.0288650018	0.046211425713381
1360	14.6193718	9.78145781211843
1361	0.104640997	0.0591090431274194
1362	10.8867936	15.0118246430968
1363	5.6205345	6.07054569734259
1364	0.046426464	0.0448483966423563
1365	0.0355462353	0.0484318007442544
1366	0.078079205	0.0387719497730072
1367	14.8626076	14.8436989394369
1368	6.5315934	5.9139249258101
1369	6.9993191	6.74810738054014
1370	14.183862	12.1654757627143
1371	0.043991635	0.0546361217639216
1372	0.04189919	0.0501765269895635
1373	22.933385	21.3604963876191
1374	24.4621977	23.8628245156136
1375	0.049622204	0.042096489572906
1376	0.047176612	0.0533694825585714
1377	0.712759	0.865243204516667
1378	19.7681666	23.588709210614
1379	23.1826003	28.1066569170313
1380	10.6959175	11.289341096025
1381	0.033296428	0.0515811593794762
1382	6.6047557	7.69387370329386
1383	0.155795788	0.229746440768333
1384	3.37824025	3.10699010153542
1385	0.033751349	0.0393872085779688
1386	0.363838	0.59443244920215
1387	0.055723107	0.0473611330732258
1388	19.50432703	19.643894805735
1389	13.6650514	12.9212134629293
1390	7.6046976	9.80209728042897
1391	0.0231563136	0.0466780855409127
1392	19.4703388	16.4893110682479
1393	0.0394067837	0.0527283717017188
1394	2.50447635	2.24706268041176
1395	13.3389868	12.7496004200901
1396	14.514533	15.6615271186325
1397	0.025170923	0.0406736405206019
1398	0.036530999	0.0454216877632738
1399	0.0225511327	0.0264660590904167
1400	2.76058682	3.08119148124146
1401	0.063678764	0.0425226624343561
1402	7.1655439	6.62436727731111
1403	0.059876866	0.0722733501172222
1404	0.0274588936	0.0438939588255729
1405	3.3960749	3.94691476637387
1406	0.053469412	0.0415279778179675
1407	0.043464243	0.0633263691284211
1408	0.068533148	0.0787050095820707
1409	6.35770892	6.48219355338233
1410	0.019306439	0.0278899206368966
1411	0.079458412	0.102385199218095
1412	0.040432801	0.0441910344942063
1413	0.025228441	0.0438730076001961
1414	0.055395109	0.0394365418160465
1415	0.0116552024	0.0331374345584722
1416	4.72649	5.12462617164744
1417	6.02318	6.1497943242549
1418	0.0253573	0.0500156716555702
1419	0.085401851	0.0883849641316667
1420	0.050909614	0.0517733913537805
1421	0.0394533005	0.0406513772997396
1422	0.66595587	0.86179136856875
1423	19.353427	17.0441610662745
1424	1.47898445	1.76037574839009
1425	0.368208974	0.587244778256522
1426	0.052263809	0.0695097626463492
1427	0.073034861	0.0557481998167521
1428	0.48369871	0.496410947041667
1429	18.2845497	23.182969666553
1430	0.149538071	0.0572002964382843
1431	0.056342172	0.068360988290641
1432	0.040948391	0.039961777348374
1433	0.0257704703	0.0340840587805093
1434	11.2041263	11.5466393670722
1435	0.0439874723	0.0454105130140151
1436	0.38356008	0.498480696493519
1437	0.018188086	0.0322480216777193
1438	1.56230485	1.98431406521429
1439	0.0249287013	0.0254911660717677
1440	19.3830243	17.3983593097807
1441	11.1823964	9.68441487102857
1442	5.7774377	6.91382857724603
1443	0.48348368	0.604113869200451
1444	6.131909	5.95942027611616
1445	0.96396711	1.2482688850919
1446	0.353047754	0.306737289702778
1447	0.0273662369	0.0441328939526016
1448	0.03606186	0.0473561080940991
1449	0.46747199	0.459487760402941
1450	0.041237961	0.0419830799568982
1451	0.027991712	0.0423116325282018
1452	10.1777387	10.9293649254339
1453	0.043261745	0.0466198120205714
1454	9.91105378	8.52705059598108
1455	3.6388915	4.64747639231028
1456	15.04068	11.1920428477236
1457	0.0801146125	0.107716862761667
1458	0.048426803	0.0899411496318137
1459	0.041248886	0.0507795561263542
1460	0.05709984	0.0531547668121491
1461	0.124810055	0.0386662285840833
1462	27.5509776	23.1045395250909
1463	0.0264942753	0.0593346909288462
1464	0.063022948	0.0698967539259524
1465	0.045811968	0.0540015561561232
1466	0.027615503	0.0613752367061789
1467	0.032189009	0.0466170425212613
1468	1.38164329	1.51560966182698
1469	5.9027102	6.80564533325781
1470	0.08509176	0.132696083281048
1471	10.631212	11.409182147875
1472	2.7185377	2.525408398775
1473	0.49135922	0.333250898852451
1474	7.45178148	10.4314525932202
1475	0.169488952	0.0978017531460741
1476	0.054698893	0.0332265177531944
1477	10.0171667	11.5994104586111
1478	26.3378907	18.9942789923143
1479	0.145532265	0.0486723406195176
1480	0.113897084	0.135661838985965
1481	0.025339781	0.041605600569697
1482	0.434539624	0.652509547907658
1483	0.29137831	0.278103027067636
1484	0.053427914	0.0467644755434234
1485	0.0207948944	0.0456577758918468
1486	7.00020344	6.42270575983333
1487	0.0382002225	0.0413903352867157
1488	0.0563370764	0.0442604823124167
1489	0.166096297	0.116676976184195
1490	3.19942946	3.21902085287312
1491	3.2751468	3.1200593677
1492	9.580271	8.89565536581019
1493	4.5595375	5.32332647097368
1494	0.04007334	0.0408727772448095
1495	0.028192377	0.0316798973903086
1496	10.6124363	11.4441809409314
1497	0.24912994	0.283761094164865
1498	0.039475513	0.0512001755655442
1499	8.5180181	9.64956103006481
1500	0.0204092867	0.0477624498580631
1501	21.6623126	22.5484206539474
1502	7.4736447	8.48675124574762
1503	10.6494415	9.2991163834127
1504	4.5824061	5.96468650785484
1505	2.8545535	3.20700706946748
1506	0.0607137885	0.0930184329093496
1507	0.0394323503	0.059521897058926
1508	0.044854703	0.0387409440626984
1509	19.8699148	19.5427800727928
1510	7.5441968	6.9066118062973
1511	0.037340885	0.0484949344341026
1512	0.128775944	0.102319853862292
1513	0.0922547	0.0614016014826136
1514	0.074514407	0.0358268670826191
1515	0.0421195874	0.064940903805202
1516	0.0444556545	0.03237819455375
1517	15.7850955	17.4331053250833
1518	0.04439362	0.0456498808779885
1519	0.034730502	0.0690519525458333
1520	0.038776851	0.0333318307144565
1521	0.06405763	0.0590099629685772
1522	0.027973436	0.0383403799100388
1523	9.01565103	7.66948139075429
1524	0.025868418	0.0269593468153419
1525	16.7208667	15.2363970906757
1526	0.0454568863	0.0552279979959167
1527	13.744749	17.0424657017742
1528	2.60750272	3.62522126543694
1529	1.80818685	1.94697425654504
1530	7.8811667	7.89907032608333
1531	0.047560482	0.028389129488287
1532	0.037384715	0.0420774984277478
1533	4.8386129	3.66100423481373
1534	0.123871658	0.0647334314936111
1535	10.3434374	10.8992214131453
1536	0.049574067	0.0394475151625
1537	1.831124078	2.02259019160417
1538	0.078059592	0.0494146260818182
1539	0.0259296515	0.0432422085800901
1540	4.759289733	6.16056944028619
1541	0.0167701339	0.0345155652962222
1542	7.166768	9.40113344438095
1543	0.043970353	0.0405903187974806
1544	0.129436207	0.0372340702012602
1545	2.8558362	2.83149433256952
1546	0.0187969564	0.0300580209078947
1547	0.0200072453	0.0278209181880556
1548	0.175009955	0.288819477870614
1549	2.80328886	2.93195525289206
1550	0.0184465078	0.0343916210472917
1551	0.03701118	0.0283985874955856
1552	0.068110946	0.0690738972585317
1553	4.8987422	5.24813384519369
1554	1.38976444	2.61474309005
1555	0.58591801	0.542063653465714
1556	11.816502	13.9076323570098
1557	0.0265226055	0.0403460363726357
1558	0.0356299557	0.0379338116482883
1559	0.060681875	0.0412324991023577
1560	14.3210203	18.4362221700238
1561	0.128935844	0.0968356416405833
1562	0.034644269	0.0483038116727027
1563	0.0166681833	0.0293496290954701
1564	13.194888	14.5006416123333
1565	0.084786047	0.0629884117551351
1566	0.059888841	0.0470570015873874
1567	11.3458693	9.89485310036586
1568	0.0264624497	0.0281678903613597
1569	9.4098037	7.46127387235938
1570	6.7567022	5.60942087930606
1571	3.127273	2.8371794301312
1572	0.0182740767	0.0430316069871717
1573	0.054553821	0.0594376411330952
1574	3.07070792	3.7605473768125
1575	0.064384425	0.0640241472432883
1576	15.057778	15.249087996122
1577	0.023081205	0.0294878824914516
1578	0.0837842387	0.0488539070990909
1579	0.0206091819	0.043223567858
1580	0.057322105	0.0687904389215238
1581	0.0409013585	0.0626259789560417
1582	12.3500945	11.8143431386111
1583	7.58282155	7.80756526325101
1584	0.060498207	0.0535597769454
1585	5.8245226	6.21627457506742
1586	4.6350371	4.10528598566993
1587	5.35164657	6.2163566427402
1588	1.05536452	1.10837953252381
1589	0.053390527	0.048497399694798
1590	11.3023302	10.8988403965813
1591	12.6262755	10.6939330695714
1592	11.83919872	8.42533434103535
1593	0.0158268638	0.038366889697381
1594	7.66182452	7.85082020670202
1595	0.02317112	0.0339758495651515
1596	10.7572356	10.1397059646557
1597	0.107911783	0.200872146003561
1598	4.353723	4.89468158754211
1599	1.74131572	1.46574908531111
1600	0.0149498178	0.0356488060256757
1601	0.064188053	0.0797268986890244
1602	9.3102237	12.9148679758829
1603	0.040596317	0.0463655285306566
1604	8.1300827	8.90982322614352
1605	0.84354809	1.20690211566667
1606	0.200660418	0.0987497285278788
1607	0.114391027	0.175183365177928
1608	0.049304175	0.0559681171742342
1609	0.025616569	0.0303556132449562
1610	0.0393636974	0.0926660391035185
1611	9.04802128	9.93598018858627
1612	8.8967791	8.50305010791809
1613	0.93011512	0.918418430667143
1614	0.57937278	0.489148696922764
1615	0.032726821	0.0375927362185938
1616	0.118331866	0.168794383521739
1617	3.53547748	4.46732089853431
1618	0.17215034	0.209477132927132
1619	7.026878158	7.0352283583914
1620	0.026345957	0.0971600659735937
1621	0.055282279	0.0390464880898333
1622	0.0430942554	0.039457503328871
1623	2.5199266	2.36876434706373
1624	0.0252369546	0.0546098267505882
1625	0.0462792235	0.0400902458984409
1626	16.105041	15.8548965455263
1627	0.0307785705	0.0355357600059314
1628	0.034198009	0.0469711583939796
1629	0.03596308	0.0357364588375238
1630	0.035227203	0.0381807957860556
1631	0.033553377	0.0433322126259829
1632	0.053906784	0.0319533854217949
1633	0.060174544	0.0600771696259184
1634	5.1964268	4.66766431995098
1635	0.038021308	0.0468616727344762
1636	2.3491238	3.4677779626348
1637	21.9185064	26.6433596432698
1638	0.03233045	0.0360858547367204
1639	6.15372955	7.87498270311712
1640	0.58469698	0.423817539901316
1641	5.552024632	6.41211187055593
1642	5.0628064	5.60338324011667
1643	0.0225816659	0.0370384126443011
1644	21.956747	17.3499691452451
1645	27.86148	28.8679686238739
1646	0.171555845	0.23544529551
1647	0.76961171	0.770936512970085
1648	0.023666934	0.0480101866925
1649	0.035407695	0.0305473565375714
1650	0.33090576	0.381171767766667
1651	5.468328	6.30064825378334
1652	0.068020882	0.063297373082619
1653	0.0106395508	0.038666089597619
1654	0.34629885	0.33892133922735
1655	6.1334035	8.70890991290417
1656	24.0246692	24.3872031151515
1657	0.0368715846	0.038127692780963
1658	0.055046244	0.0324661493933333
1659	0.0239506984	0.032650459134955
1660	7.445409636	6.45940433599706
1661	0.04999958	0.040923171427265
1662	0.04109399	0.0636581641207197
1663	0.052897207	0.0527768017209211
1664	0.02906751	0.0475937705395833
1665	0.0304845606	0.0339911380619445
1666	0.04733775	0.0455954981283333
1667	7.3427264	6.56451476766782
1668	5.42096995	5.8474026428079
1669	0.141449989	0.0694907096599549
1670	0.47998202	0.538785345415556
1671	26.0719431	21.587300072202
1672	0.031393791	0.0426894654941429
1673	12.8674404	15.4151217261842
1674	0.04324311	0.0386405193268889
1675	17.4047027	22.5704233806306
1676	0.0395184484	0.0443146166307018
1677	0.0381875295	0.0551618870713636
1678	15.308429	14.4357371739352
1679	0.041871628	0.0454926286685648
1680	14.025519	13.0123360306349
1681	0.0252154385	0.0468287939317568
1682	2.10151414	2.33714396400093
1683	15.808087	16.1332974490152
1684	0.028348545	0.0795539316827778
1685	0.018450771	0.048038300357265
1686	4.6489995	5.970879999125
1687	0.048611726	0.0870875538181111
1688	8.7481059	7.89487185938889
1689	0.0304738285	0.0487133301699537
1690	7.9625802	8.3716806856955
1691	0.039128773	0.0442842476870952
1692	0.019327481	0.0272149650388372
1693	0.0195504156	0.0252435081880417
1694	0.066854001	0.0819241826369048
1695	0.040328609	0.0275638554457407
1696	1.94946907	2.57456242740244
1697	0.52970033	0.528218488225806
1698	0.055816605	0.0363172602269892
1699	12.2508612	14.0596405616667
1700	0.0200347062	0.0287848507717083
1701	0.053928901	0.0578829717999495
1702	11.1363051	14.3077255712698
1703	0.145339832	0.0690982847811905
1704	0.25769034	0.186878271791482
1705	0.0394292767	0.0446492167044716
1706	0.0364746345	0.0506334204861667
1707	11.0912334	9.76648696091935
1708	0.015357731	0.0347475737382895
1709	0.02754499	0.0386725977100926
1710	0.056713836	0.0419368761159896
1711	0.023266633	0.0395993567473077
1712	0.055888169	0.0885536964653704
1713	0.026442863	0.0519938900479798
1714	0.255411443	0.303258993147368
1715	0.029699019	0.0436853409800463
1716	7.05666812	7.6281600775
1717	0.78793281	0.706506954768229
1718	15.3321523	15.5705983441111
1719	20.0378625	21.9580607892315
1720	5.7501689	7.33984121077193
1721	0.039581649	0.0424007054717677
1722	0.024433935	0.0424153861421429
1723	10.3945704	11.4889233285417
1724	0.032100289	0.048005864941553
1725	0.026404102	0.0474008136595726
1726	0.0470830175	0.0455015553694318
1727	0.0340448527	0.0435794576922072
1728	0.053809899	0.0468568295167143
1729	9.259584	8.7289455345375
1730	0.0272031813	0.0396869652725641
1731	0.054903384	0.0782417406104938
1732	0.0319300243	0.0397257231978333
1733	0.084921265	0.0579389701670176
1734	0.058759497	0.0540540461629412
1735	0.0250073637	0.0384676504706373
1736	0.06183389	0.0529811867980682
1737	7.5612964	7.18105828892162
1738	0.196460446	0.171540375456746
1739	0.036841701	0.0340600680508586
1740	0.024995845	0.0362279367105208
1741	0.0595191755	0.0635058602460976
1742	7.8354817	9.26705684876191
1743	16.902267	18.2422236579902
1744	0.0299209012	0.0543606342609849
1745	8.0761697	7.73086603977604
1746	16.4634268	12.1302493725
1747	16.764806	15.0274027253947
1748	0.117707686	0.0592066888022222
1749	0.093735572	0.17017422470641
1750	0.0169169548	0.0323006160516239
1751	8.6965463	8.85364158700463
1752	5.0003479	4.37976517924762
1753	0.041638629	0.049245421275045
1754	0.130657156	0.12417223648172
1755	0.071569253	0.0383556065925463
1756	0.021946832	0.0403261986949573
1757	3.9727585	4.38293723629825
1758	11.1484139	11.7878433654701
1759	11.0361929	11.3068167411905
1760	0.63937943	0.966443267794574
1761	8.507211	9.27081798036742
1762	0.5147696	0.661012782390972
1763	0.058254384	0.0593409061472358
1764	0.026090418	0.0399583127606757
1765	11.3550297	12.628897205037
1766	14.44859465	15.1116281011048
1767	0.0241462926	0.0282507417499187
1768	8.4896813	10.1358017670318
1769	15.8883286	14.4936374042917
1770	17.12386873	19.3351588871491
1771	0.043834417	0.0452066531766667
1772	1.5856703	2.39426384015
1773	0.054812659	0.0609269457544445
1774	0.022086651	0.0374979947797297
1775	10.3470676	9.44037912731282
1776	0.0192692621	0.0352736477538158
1777	0.34345621	0.413803251136667
1778	16.5766816	14.0750574666191
1779	0.032875225	0.0636125665602252
1780	6.984354715	7.17011977831927
1781	4.4190007	5.45265762472685
1782	10.7695874	11.4883411125
1783	15.1951941	16.8869559218889
1784	0.074292511	0.0612347006707895
1785	20.1745695	18.2054392581481
1786	0.0385702964	0.045423693339955
1787	0.0315522664	0.0489465149107619
1788	10.2197461	9.94268192866667
1789	0.042880504	0.0502876952663441
1790	10.0245138	9.12972448213675
1791	0.0244264031	0.0388763538053333
1792	5.8756892	6.70842839656905
1793	0.039733617	0.0362492870606306
1794	9.4526727	11.5790402277976
1795	9.6403213	13.7665128946124
1796	20.678305	18.0405295185349
1797	8.3891882	8.46650187907408
1798	5.29813553	4.42265172982204
1799	7.5126647	7.8256692869982
1800	0.0171754913	0.0381451582781771
1801	0.042921118	0.0725555466231183
1802	0.04251663	0.0510344139385714
1803	0.03915605	0.0531193904887179
1804	5.8605295	5.42477365462551
1805	7.6183402	6.97935854499127
1806	0.035851039	0.0275849728239316
1807	0.0174864785	0.03681480996
1808	0.034925199	0.0421113681885238
1809	0.0233227213	0.0471323366959091
1810	0.0320850577	0.0266636660055714
1811	0.100835289	0.131825869405285
1812	0.027598992	0.0367138508709314
1813	0.031366051	0.0338790366471333
1814	0.0513215876	0.043645224967807
1815	13.4168994	12.0507994506783
1816	0.052985498	0.0432494649737398
1817	20.5959646	25.3681457446667
1818	4.26461044	5.17728167293333
1819	0.0226907486	0.0288378136814368
1820	0.056179811	0.059502755119798
1821	0.030187683	0.0246205891210833
1822	16.9948167	15.9791370988021
1823	0.035034342	0.0419164874341204
1824	0.070548933	0.064448113713875
1825	0.047872901	0.0463860426541228
1826	0.040005573	0.0644846397873889
1827	27.310066	24.4555338853862
1828	0.029084589	0.0446195413762613
1829	17.3843244	13.9174137773423
1830	3.035306	4.1004780180307
1831	5.5758656	5.61991958968628
1832	4.4350361	5.53161776595045
1833	0.0227461557	0.0325572684986574
1834	0.0467188036	0.0516983970033333
1835	28.8549193	23.2838044959877
1836	23.672535	20.588968679693
1837	0.213256476	0.24205440871
1838	0.044893556	0.0615343217546847
1839	8.4977443	7.25352905908974
1840	0.050675686	0.0383947752305263
1841	5.8984355	5.17679590453333
1842	0.0222685739	0.0299336774119608
1843	0.033705562	0.036306999789187
1844	0.053370594	0.0445263303467983
1845	0.023607908	0.0437511839473423
1846	1.807163	1.32981768401917
1847	9.8374865	9.23259956461765
1848	2.30426605	2.08536970720676
1849	0.30642007	0.517535880839683
1850	2.19930285	1.98458711864259
1851	0.042499948	0.0660241333178736
1852	0.039526999	0.0375091890352536
1853	19.244525	18.3294341742381
1854	0.5241385	0.323805637113248
1855	0.028051067	0.0456306510462719
1856	0.057518508	0.0494366010423504
1857	0.060444411	0.0663730783945946
1858	0.027232953	0.0317895689395238
1859	8.4160793	7.65963682533333
1860	6.18995636	5.47309605164444
1861	9.717619	11.0017721699145
1862	0.0267353238	0.042095703000202
1863	0.040375428	0.039499800788114
1864	0.051816081	0.0364443973350521
1865	0.051866708	0.0611256357598387
1866	0.02496684	0.0411129577043229
1867	0.061874391	0.0717503320997619
1868	0.0188925377	0.046455261123125
1869	11.8699126	11.7498727475794
1870	18.6243248	17.6895272278114
1871	11.05520118	12.9260101567436
1872	4.9108371	4.11068972841702
1873	4.860155	5.33229897907374
1874	0.030943766	0.0498903869012121
1875	0.136231327	0.0484429027857843
1876	27.3302496	23.9406955479141
1877	7.7124787	7.1924715118625
1878	0.033521772	0.0480863553671079
1879	0.028709343	0.0444324816120952
1880	0.0210433173	0.0362486757406667
1881	0.041728245	0.0358570098902381
1882	4.94800086	5.17351084870833
1883	0.013617671	0.0313321529360527
1884	0.107977646	0.118451855267222
1885	0.0343885352	0.0487948055560684
1886	15.4690261	13.9179069258974
1887	16.7815175	11.0529519465647
1888	0.041324054	0.0550007568983929
1889	13.323552	15.1627841092063
1890	4.88334475	5.45682309220833
1891	16.8168467	15.2975256958465
1892	17.3369295	20.7794138248148
1893	10.5245217	12.0407971718651
1894	0.72458794	0.374699440408333
1895	0.045073232	0.0350992848097059
1896	0.050779325	0.0993206758020833
1897	0.0296357057	0.0478927611703659
1898	0.063493045	0.0735372855156141
1899	7.5282365	7.3919575440381
1900	0.08803779	0.0901033808138725
1901	5.0881112	4.33543548425194
1902	0.050294675	0.0432160684278241
1903	0.040204809	0.0339493256337597
1904	0.08858139	0.101177481885931
1905	0.0340184313	0.0355053362848016
1906	0.128786717	0.148171007413194
1907	6.8364117	6.37537004793148
1908	0.037201877	0.0497631948991824
1909	0.293303504	0.328996376096667
1910	0.106449115	0.135975658111275
1911	7.3037589	7.53613470356098
1912	13.5168555	12.1708573113125
1913	0.029964496	0.0480001062489025
1914	13.5948916	15.816058612598
1915	0.263691025	0.381826120522807
1916	0.035671097	0.0329947665811828
1917	2.05123693	2.91061267763056
1918	0.0482679587	0.0425962831770588
1919	15.482184	15.4949265765556
1920	8.508633	9.36091041912613
1921	0.032461245	0.0669264171801802
1922	0.026192194	0.0392621526472917
1923	7.9375887	11.9183780166071
1924	4.56298614	4.47670754793241
1925	5.8776615	5.68124562757895
1926	0.084795823	0.0481090806521296
1927	0.056342961	0.0514484646567073
1928	18.1349961	21.2328886205702
1929	4.0978052	4.45094880814647
1930	8.4298501	8.2126212954619
1931	0.028552246	0.0507470322035586
1932	0.063117156	0.0451946934995635
1933	0.077188637	0.0424704792704955
1934	3.6773038	4.07245954980278
1935	0.069826056	0.039416037345914
1936	15.298396	16.4926437
1937	0.046288436	0.0484621570658065
1938	9.5840926	8.96305739015686
1939	0.065102834	0.0798280043083333
1940	0.0288132613	0.0470272224987931
1941	0.0179378342	0.0441467361016667
1942	11.3598616	11.0518926044804
1943	0.039108112	0.0420619799171795
1944	0.056106352	0.0417520515475194
1945	0.055122885	0.0348723919901852
1946	0.024250703	0.0350532345512381
1947	0.183812521	0.160953002084685
1948	10.0894016	10.3579449943333
1949	4.27857777	4.66946140066482
1950	12.91977704	17.2261341534638
1951	0.120387704	0.0336078943341667
1952	8.31913492	9.18013413196771
1953	11.0411195	11.3835350574706
1954	2.53663285	4.63867119788158
1955	9.4591467	10.7462830751316
1956	20.46276356	24.7681397548448
1957	0.039239589	0.0409914888244286
1958	6.13012847	6.14472258786237
1959	8.2758867	7.31462418510811
1960	0.0370303257	0.05628565195675
1961	0.038714876	0.0405255140072973
1962	0.0371858575	0.0306126211048387
1963	0.40372124	0.51657170500202
1964	7.033461	6.9261771373114
1965	0.132858874	0.109092875256465
1966	0.0209064675	0.0534567930091414
1967	0.129464796	0.13462050210812
1968	0.041678416	0.0476495984716667
1969	21.194648	21.5169329359009
1970	23.155247	24.1827944084553
1971	0.033983907	0.0354936362190942
1972	9.5316702	8.89784836816129
1973	0.189648893	0.200816294586458
1974	0.03752015	0.0445484748712281
1975	0.07090119	0.0700854175503252
1976	21.0555524	21.0090309775813
1977	0.0408904497	0.0477590640747561
1978	0.0379825607	0.0470013031453704
1979	0.101363374	0.147885207492473
1980	0.0268502686	0.0458469049118628
1981	0.072585874	0.0477255756248611
1982	20.7287182	19.2490951357647
1983	12.3662134	9.9907070167807
1984	7.4881946	7.36139771935889
1985	0.045973705	0.038407269631124
1986	0.021791918	0.0296479354103968
1987	0.098661308	0.0331727643363235
1988	8.3442206	8.52897378644444
1989	0.104672074	0.272836385754301
1990	0.068316206	0.040372215200814
1991	0.103009088	0.082075671166982
1992	5.387746	6.05566809523256
1993	0.037619679	0.0345094311440404
1994	6.03878901	5.6864514102875
1995	0.0313596253	0.0786833349198227
1996	0.04823645	0.0507113031880645
1997	0.0330668236	0.0284932908426577
1998	0.028013194	0.0527361194243137
1999	8.4129047	8.83806993052083
2000	1.7159356	1.9448754423425
2001	3.7449026	4.22685321487454
2002	8.97103924	8.67937018976241
2003	0.18988986	0.289875747148611
2004	0.0589278775	0.0649352454732813
2005	7.3456439	9.33562521105264
2006	0.0368061656	0.0377574031149495
2007	13.1766902	10.9091190437374
2008	0.0215771607	0.0298872602729167
2009	0.076135505	0.0881433929430702
2010	16.5979117	14.5784655868229
2011	0.039500421	0.0309857345194444
2012	0.030748715	0.0558815040412903
2013	0.0266667287	0.0334457625274797
2014	0.073182578	0.0614424102601282
2015	14.011143	13.6349730789394
2016	0.049898246	0.0449397397912644
2017	0.229607635	0.0720039595103153
2018	0.052883693	0.0568825838047531
2019	0.54974284	0.790857327808081
2020	0.023078116	0.0445291359925758
2021	0.026508562	0.0329223228342735
2022	0.020129752	0.0335959399362963
2023	8.897602	10.9420466408823
2024	14.5939303	14.0477597152525
2025	0.0371391315	0.0234010912272222
2026	0.01637872	0.0461590262040686
2027	0.054625783	0.033182578443642
2028	0.059741265	0.0510473784567619
2029	0.0322115877	0.0468694524212255
2030	0.042141309	0.0428397871375
2031	0.020900877	0.0589858271952991
2032	0.024855024	0.0420083633791057
2033	0.0370920703	0.0437369500721705
2034	17.3017542	20.465454856127
2035	0.03236543	0.043073844849619
2036	5.8799146	6.29137355487778
2037	2.6603953	2.141358132075
2038	0.062803268	0.0521623310889785
2039	0.0598717805	0.061114870595463
2040	0.0315525146	0.0411562624663441
2041	14.7554127	14.4103840289762
2042	0.05161836	0.0406675188344907
2043	5.1368296	5.86557173918229
2044	0.041831523	0.0472378132765196
2045	1.13397325	1.06518516429054
2046	1.85944	1.92133948372344
2047	14.0752103	14.606050472982
2048	0.1755871	0.253576775699537
2049	0.097353062	0.123505047983333
2050	8.8678803	13.3105850277009
2051	15.640494	19.0941507855714
2052	0.035380413	0.0403103219877778
2053	0.025280587	0.0470059985473333
2054	0.049019024	0.0639293574116667
2055	0.026669709	0.0287221315121591
2056	0.94345293	0.812342883680883
2057	0.05833551	0.0634185546184286
2058	0.064636346	0.0508764655702151
2059	0.058620642	0.0807661783856667
2060	26.169514	23.9106956561404
2061	0.028451959	0.0325514008064516
2062	0.03440699	0.056207368359955
2063	0.025465213	0.02956600679825
2064	2.353480085	2.9015951086853
2065	0.0345124895	0.0442444532941358
2066	0.024878813	0.0360686605073413
2067	0.083648399	0.0588039778065603
2068	0.06218788	0.0474160492644762
2069	0.062517632	0.0857832604757576
2070	11.1239252	9.29760491069594
2071	0.0282615745	0.0419343609411458
2072	0.300684244	0.370276144086486
2073	1.32542152	1.51543550029381
2074	0.0393325087	0.0454763778726667
2075	0.0314696846	0.0278660109244583
2076	4.6790951	7.46012809722581
2077	0.0194444521	0.044015334159359
2078	0.0231853077	0.0582727947352713
2079	0.102571869	0.10509900737629
2080	5.74182435	7.01675597492408
2081	16.200569	17.0522406042793
2082	6.7344029	6.64838785511905
2083	0.020594516	0.0352960689914762
2084	2.2336401	3.09007497709524
2085	0.11163863	0.0463165709263235
2086	0.026925268	0.0372009808763542
2087	0.130124275	0.115462819099479
2088	1.85107414	2.39205782040952
2089	7.8094992	6.70786439075269
2090	0.029215948	0.0426614678416667
2091	20.7123033	17.9584310550463
2092	0.067086181	0.0413876298904054
2093	11.3384484	8.8463059876748
2094	0.0283741524	0.034305593539
2095	16.0490816	14.4866574652
2096	0.55977048	0.642459782308824
2097	12.34991563	12.4020382929402
2098	0.0355495745	0.0230629360572727
2099	0.0286429256	0.033313791882598
2100	29.8002317	26.8434621299583
2101	0.0346276797	0.0291026120889035
2102	0.053516417	0.0514147614609829
2103	6.7525199	6.37581596900379
2104	6.48870017	7.88339392091428
2105	9.031459953	7.64661547055476
2106	0.038621044	0.0555224523501282
2107	3.5322856	3.14965292453772
2108	0.032111148	0.0423592752683333
2109	0.12572114	0.260060786545652
2110	11.0730163	7.77263139122102
2111	0.049368838	0.0365776826841414
2112	0.053302672	0.0386300435809804
2113	0.0414171833	0.0409140469693519
2114	0.049695721	0.0313115891211667
2115	18.9798594	20.6187032244253
2116	0.7466915	0.618318029911459
2117	0.048383892	0.0582842579610606
2118	14.71782775	18.8774520412527
2119	25.5638057	24.8796645338384
2120	2.0389241	2.3434099924798
2121	0.0216238515	0.0412455899375225
2122	0.0247099355	0.0369287275611712
2123	0.038009807	0.0253367234471429
2124	0.0468665998	0.0452583228594445
2125	6.25069818	5.320463352525
2126	0.093089904	0.0658618633789431
2127	0.088311107	0.0864231812067917
2128	0.0374404872	0.0354730007604065
2129	11.5987138	12.231186975787
2130	0.03295917	0.057359535385
2131	0.028857485	0.0397888071172619
2132	0.028340275	0.0388332721232114
2133	0.021903277	0.0210053584164865
2134	0.027428492	0.036022638794537
2135	0.040543664	0.066352525825463
2136	7.97421975	8.36565019372108
2137	0.0440161393	0.043476091125
2138	0.099046652	0.130931407582883
2139	20.8392747	19.206484585875
2140	0.025192973	0.0337657694078095
2141	0.025251674	0.031693558820969
2142	19.6109182	19.2502044109074
2143	0.0344113364	0.0657280745844286
2144	0.04224323	0.0410908668275
2145	0.04616281	0.0477736639221717
2146	8.148786842	7.06302080674314
2147	1.02367588	1.16353562035714
2148	0.068657715	0.0452273484885135
2149	10.3396398	11.1969339197429
2150	0.035653119	0.0271457210412381
2151	0.044685092	0.0573526241421296
2152	0.085000048	0.0522494576120833
2153	32.2499256	29.8292866710215
2154	9.3522853	9.88926863608889
2155	0.024233869	0.0463678559657407
2156	0.0134609585	0.0297389939057222
2157	1.18694198	1.16393891197905
2158	0.084262235	0.0401403070542929
2159	0.082610283	0.0508437175938288
2160	0.038437676	0.0278371562174561
2161	1.68461645	2.01542372961944
2162	0.0618487	0.0388358862666176
2163	0.0243142083	0.0255037920258854
2164	0.038998245	0.0340123838551667
2165	10.3810233	9.83743003558586
2166	14.129195	12.5724273384211
2167	0.047223126	0.040982314850914
2168	6.4146347	5.85989574820513
2169	0.032516075	0.0552747091044286
2170	0.099940881	0.0758084546322549
2171	6.29791833	8.78337785096237
2172	9.937036	9.66817290800969
2173	27.0310583	20.1892406714785
2174	0.0255093576	0.0400880466199444
2175	0.0273053657	0.039698864233287
2176	0.43381006	0.440426925033333
2177	0.068751556	0.0435904012226068
2178	0.63053288	0.578339890244907
2179	0.83127465	0.892192628640079
2180	0.065342182	0.0386413985798148
2181	0.041695872	0.0317450595865417
2182	0.66529784	0.571994863047917
2183	27.517594	23.8677298350667
2184	6.47924796	7.28943134398649
2185	9.3631201	8.17437392458297
2186	0.106666106	0.118279183389583
2187	15.0160408	12.0412054954943
2188	0.185618175	0.25524188458381
2189	6.317046815	5.56927523963153
2190	16.3471203	13.8054989407692
2191	0.105761773	0.0708222518652381
2192	0.09689999	0.0544665534749167
2193	0.41649641	0.398548691206548
2194	0.0179266296	0.0291302633834524
2195	20.0863733	17.3117000893056
2196	0.041332131	0.0519599048903846
2197	10.7416478	13.5365228341574
2198	0.040282896	0.0367412785830631
2199	0.042495202	0.0484863265266216
2200	0.26041371	0.349877555264286
2201	0.015514946	0.0244681104142857
2202	25.7542599	23.0746619221035
2203	0.05257684	0.093772685396
2204	5.54182975	3.63183189233333
2205	0.0232883123	0.0497034459744762
2206	25.4411222	25.7310829146569
2207	0.02975701	0.0367424829583333
2208	0.049252721	0.0603222785313248
2209	0.0330617703	0.0593024772944762
2210	0.019406806	0.0424119188839316
2211	0.068482594	0.0351707190919259
2212	0.031188287	0.0428647762528788
2213	7.1307084	7.89739194082576
2214	0.0281850187	0.0442518910048572
2215	0.169989738	0.105519762492407
2216	0.53374077	0.228939128331351
2217	9.5921648	9.00864937303577
2218	0.103833568	0.0369799861095076
2219	0.13048468	0.1856775341875
2220	0.03391283	0.0388194639892735
2221	7.2306026	7.32178447121622
2222	11.0757504	9.76653322835772
2223	0.070989596	0.0516850718356897
2224	0.050481316	0.0358050723933333
2225	15.31749663	17.3398469723068
2226	6.21719464	8.0030944186
2227	8.97468546	9.77101208576875
2228	0.0376990233	0.0627584116331818
2229	18.1445067	15.2751894442778
2230	15.1233847	14.8906263651351
2231	10.28773177	9.63422740653682
2232	18.174819	18.9273092114286
2233	4.0647339	4.37239485939316
2234	19.516597	18.8823383023148
2235	6.9831831	7.54087334493116
2236	0.039988731	0.0361082111215766
2237	0.073432425	0.0714350942488461
2238	0.156386026	0.220864433261765
2239	0.041513454	0.0458031684476923
2240	0.0168694657	0.0366002215291667
2241	0.0201228687	0.0329721664531982
2242	0.0189513039	0.02977909928
2243	7.33878825	7.23111680554444
2244	0.039910024	0.0377249312803419
2245	0.0250756024	0.0491294621667376
2246	8.885873	10.3331931904948
2247	19.3858184	24.7245907014167
2248	0.03942051	0.0682943557760361
2249	0.040607594	0.0360460646555093
2250	0.0141901097	0.0376920766188235
2251	0.075608415	0.0357690274793549
2252	15.2132609	13.3841660934444
2253	0.0612921936	0.0423805041979386
2254	0.033966428	0.0487312772734127
2255	13.7306683	11.6789543659524
2256	8.1684317	9.34794844494286
2257	0.017971736	0.0335121203329915
2258	0.144699589	0.12119217855641
2259	0.129002106	0.165763922476282
2260	0.122139869	0.13991594233046
2261	9.0124896	10.6612755247101
2262	17.653212	18.4999255886667
2263	20.408414	18.7338449327083
2264	0.0348892225	0.0417785156288492
2265	0.0679703165	0.0607482120548334
2266	0.03427153	0.0439354852659402
2267	12.456877	13.0816630548824
2268	0.035183238	0.066167120595
2269	0.053599303	0.0409265105831579
2270	0.046154351	0.0589843835299444
2271	0.034817136	0.0564617676678931
2272	0.49290286	0.234025690628111
2273	0.0561518604	0.0363526648474193
2274	4.6336024	4.87926811628571
2275	2.581466	3.93875304270556
2276	0.0238915643	0.032985774794619
2277	0.0386889855	0.0692212942611905
2278	5.81830431	6.05023371444211
2279	0.041679936	0.0777344053288235
2280	14.7164193	17.1023445974762
2281	0.083654048	0.0768325798881579
2282	0.060050556	0.0859171718304762
2283	6.8754363	6.46615069098
2284	1.10129637	1.89643915551667
2285	14.8762475	18.6995464231369
2286	0.86502503	0.98975782054537
2287	0.191808285	0.184924325717117
2288	0.020323384	0.0318597620355285
2289	5.600616	6.03943014016111
2290	26.8305316	25.3119453566589
2291	0.044069105	0.0396972536329915
2292	0.045829573	0.0606262156879167
2293	0.050143206	0.0393446990080833
2294	0.094507327	0.0637189344263726
2295	0.36774763	0.485319316899537
2296	19.8687123	20.6804363697333
2297	0.09986035	0.0743633880709375
2298	0.0362383717	0.0394520561778509
2299	0.58244992	0.362425624784167
2300	0.99800998	0.816764106345238
2301	0.063092249	0.0592215837735898
2302	6.47380034	6.83040496257681
2303	0.32917811	0.422154109572917
2304	15.8769988	17.8858413090833
2305	4.51667168	5.5632594293287
2306	0.044151873	0.0376894788152451
2307	4.0611718	4.40345217887838
2308	15.259688	14.278510834031
2309	25.199226	19.5143464653419
2310	5.2227619	5.7284934001982
2311	4.6347923	5.63643744156008
2312	0.0456062067	0.0614968935638889
2313	0.038759722	0.0475425748999645
2314	8.93436186	8.20967232494773
2315	0.30589698	0.271474600853448
2316	0.065213958	0.0439199693101429
2317	19.361036	18.055918900381
2318	25.0067506	25.599165625812
2319	0.132982008	0.127690702839487
2320	5.483076	6.02900606857258
2321	2.44732174	3.36797287168699
2322	9.4423382	8.90075452847341
2323	0.32193943	0.222137556367982
2324	0.0674893646	0.0322914311445455
2325	0.03778181	0.0408429189390476
2326	0.0240563553	0.0329805308194444
2327	0.606037545	0.257526928118293
2328	4.888684	5.15592915179885
2329	5.6800654	6.88055569996032
2330	11.0244328	10.1310005363726
2331	19.692202	19.1929106158333
2332	0.095437796	0.0838168166759167
2333	15.1887115	14.6798416242195
2334	0.036689928	0.0467138367165789
2335	11.8275554	8.65537206424242
2336	4.906105	5.75706351665625
2337	0.273806057	0.379046558878819
2338	0.0569463015	0.055072909283018
2339	0.053361108	0.0567166243517886
2340	0.2649606	0.296008926330208
2341	0.0144635807	0.0243410141398571
2342	19.5718525	23.876631836775
2343	0.044665074	0.0481469107550855
2344	0.0299473183	0.0674281801073644
2345	0.041023237	0.0514930710319444
2346	0.024483204	0.0487545489057619
2347	0.025610452	0.031711571860307
2348	0.036527881	0.0465562740772222
2349	0.038400306	0.0339394207651709
2350	13.744097	16.2930456693871
2351	0.044467774	0.0417199604394737
2352	0.43244775	0.433521612484496
2353	0.037092953	0.0393869936156452
2354	0.0330329366	0.0446179914484762
2355	0.083266426	0.0583198800313597
2356	0.06219894	0.0599565328709167
2357	7.7721823	7.30579662639535
2358	22.3180604	17.5387498161607
2359	18.86029824	19.0617936299
2360	0.064390024	0.0621067727386274
2361	21.802309	21.9036107478723
2362	0.0421815295	0.0560443790927778
2363	0.068488063	0.0650260849991111
2364	31.059048	28.2462397073577
2365	22.453286	24.9365693816333
2366	7.30969902	6.26499251994744
2367	3.26511975	3.97164907716026
2368	0.024705752	0.0352494519452941
2369	0.039226685	0.0468784319631313
2370	0.110658101	0.0495050382026496
2371	0.0521603456	0.0778479848499573
2372	0.27552544	0.156244315451613
2373	0.0277649475	0.0583985415394624
2374	0.024860804	0.0411531745581373
2375	0.045785543	0.0598605867019792
2376	0.03164652	0.0287774858958712
2377	0.0225781145	0.0333231354425806
2378	2.68420105	2.6272545520049
2379	9.0421068	8.78701556367677
2380	0.0252108117	0.0412176410679279
2381	1.14640657	1.52156442703431
2382	5.07108464	3.41254660229457
2383	0.028966022	0.0694800186483334
2384	0.034458679	0.0630813035162393
2385	29.6359197	27.3983895240244
2386	29.8517889	28.486396982125
2387	0.0164999437	0.0342770945122764
2388	8.926668946	7.92318222056625
2389	0.041994295	0.0593205391596667
2390	0.072259449	0.0741003704186782
2391	1.05166587	1.77159798776539
2392	7.3625272	9.55091591344086
2393	0.052977597	0.0409207208593694
2394	0.0180294975	0.0265659220336937
2395	0.038465659	0.0497073894886585
2396	0.64103386	0.609364524782051
2397	0.0421826565	0.0521221174662698
2398	0.0281436243	0.0337186482868056
2399	0.313406866	0.520756797886752
2400	8.5658606	8.80033205347963
2401	6.20882802	7.21627797408417
2402	1.9447079	2.1124586874697
2403	4.3526831	4.51520829046396
2404	0.048604564	0.0416787261259333
2405	34.7226304	29.3584866156757
2406	0.026126864	0.0357471575670238
2407	0.0328241243	0.042483746115
2408	9.3973451	9.11310016435897
2409	32.845905	25.7306739352667
2410	0.0204308848	0.0330645195912963
2411	0.0216416004	0.0279832563445122
2412	0.0197881186	0.0327849037059211
2413	6.235497458	6.04961876887065
2414	0.048708937	0.136594085302941
2415	10.9242285	7.86020004859464
2416	0.085109959	0.0954408043285318
2417	0.045694925	0.0428807362226577
2418	0.0354810085	0.0519911865261712
2419	19.7748253	18.2534348007619
2420	0.077534906	0.0726270810918687
2421	18.0873526	15.0314671357979
2422	6.211608634	4.30509131701667
2423	0.041619494	0.0352494058866177
2424	1.85866982	1.89801122663178
2425	0.025455992	0.0414169714086325
2426	0.12363604	0.0501010126843902
2427	0.092061958	0.101588361053514
2428	10.0871954	8.89376298262963
2429	0.0303879013	0.0347062911395635
2430	20.4207202	17.1500986368627
2431	0.049010877	0.0282088373885648
2432	0.70263932	1.33130537644444
2433	8.1026366	8.11706088836325
2434	7.0079982	6.34442583359756
2435	0.20334057	0.262657457302252
2436	6.8250484	6.40803832161979
2437	4.79990799	4.61237025062429
2438	0.081747858	0.0299135319251984
2439	0.37301822	0.340788743148781
2440	0.037095498	0.0521178216847222
2441	0.021913582	0.0363975545548529
2442	0.039718643	0.0383387797431945
2443	10.6504787	8.83768672022222
2444	0.025122214	0.0418384024146759
2445	20.660943	22.6655611984798
2446	0.0310057113	0.0564994301240556
2447	4.4834641	5.17025473087745
2448	0.046335498	0.0308598454063636
2449	0.0231663963	0.0297371035504333
2450	2.2341948	1.98236612909896
2451	0.035632698	0.0570903468836765
2452	0.029698278	0.030048269734596
2453	0.036811483	0.0640707414680073
2454	0.061988313	0.0894852298669872
2455	4.7673078	5.872212896475
2456	0.0605071	0.0719340549888889
2457	0.0277937795	0.0385002970873333
2458	0.086863428	0.0321885810031439
2459	0.030753999	0.0579799353979762
2460	0.0427436827	0.0335996951193519
2461	17.7803	15.7078152571605
2462	0.036927693	0.0298321542338571
2463	0.0845294	0.128012574332456
2464	0.021648622	0.0396998642206863
2465	0.25182234	0.315368647961616
2466	0.0447477066	0.0398712223930631
2467	13.7531497	18.0648669542525
2468	0.0415904432	0.0613948632628431
2469	0.02498343	0.037336853027963
2470	0.075778258	0.0388912043235
2471	0.142306902	0.212405362971739
2472	0.103110365	0.0840544820961538
2473	0.039933825	0.0335704630814881
2474	13.83171	12.0063092131146
2475	10.18463607	9.36047079314542
2476	0.20493162	0.218596294838889
2477	0.031354279	0.0446747717972956
2478	0.0271870445	0.0474696820916239
2479	21.6553694	19.0404531808065
2480	0.40421586	0.398686543769231
2481	0.024749267	0.035890936223964
2482	0.057903376	0.0531696783963514
2483	7.3796122	8.12793492672727
2484	0.04287654	0.0350748862733809
2485	1.305106994	1.23377309682634
2486	0.0639916994	0.0527126680411905
2487	0.096728028	0.0486110591494574
2488	0.082314119	0.08136166567
2489	0.038441937	0.0418629416129915
2490	0.0331293194	0.0494283658507456
2491	7.43750248	7.16309882218492
2492	0.0369218346	0.045917122615303
2493	0.131592103	0.157903064740171
2494	0.0219731148	0.0352215685148387
2495	0.0193789186	0.0310500309674074
2496	7.30257187	6.71912828028288
2497	0.02463245	0.0359168535141146
2498	0.0343892127	0.0507527131851351
2499	0.0286378136	0.0346971917258559
2500	0.062934801	0.0416753699821368
2501	7.6229238	6.44185209440953
2502	0.029196356	0.0346549893459091
2503	7.7236673	8.66625814600952
2504	0.0355494112	0.020374648231453
2505	0.0489724025	0.0566168526993162
2506	0.0566028915	0.0678941979040351
2507	12.182598	10.5698559445405
2508	0.0306150006	0.0457697244295833
2509	0.036735861	0.0308816871856667
2510	0.0417449854	0.0455419468195161
2511	12.7041319	11.6395402568615
2512	2.56758836	2.62889741502941
2513	0.06330936	0.037630367251413
2514	4.8111164	5.72886223603659
2515	10.1222344	9.09236234089815
2516	0.894312925	0.669183113644815
2517	0.065654322	0.0383335931424445
2518	0.0775480307	0.041716025069009
2519	0.0322553995	0.0466717450702222
2520	11.91528476	9.85111615473643
2521	0.063699487	0.0489367734706667
2522	0.256463401	0.0385057012719792
2523	5.8398372	5.26834364751282
2524	0.069887108	0.0427770823935586
2525	1.84911297	3.55973457391473
2526	13.106051	13.7430163878261
2527	0.021724567	0.028628605249386
2528	3.3052998	5.47798271224123
2529	0.041175437	0.0482062140131034
2530	0.0244845934	0.0395557051522581
2531	0.027846849	0.0561520302262255
2532	8.22947409	8.59603868586042
2533	0.04063344	0.061642783169625
2534	9.917836	9.46937439764596
2535	0.24590553	0.240322514595714
2536	0.312377914	0.299434677047685
2537	0.0164142699	0.0334855483335632
2538	0.058565446	0.0555707350967424
2539	8.225451435	8.05386200918579
2540	0.062557079	0.0826366887581905
2541	7.8143684	9.84236883432051
2542	0.0245750554	0.034543427195101
2543	0.0255540755	0.05128155846
2544	12.728179	12.5869930378699
2545	6.0569373	10.4206109949407
2546	0.0173829457	0.0252596212679167
2547	0.058858828	0.0363918996635833
2548	22.0142776	20.7942631706667
2549	0.0386498965	0.041205148054785
2550	6.4465022	6.03663947018519
2551	0.114584112	0.137282690167652
2552	0.34105096	0.333498174214815
2553	0.025044288	0.0529740388650617
2554	0.191903376	0.241865859043694
2555	0.050666026	0.0537279607217045
2556	0.063911982	0.0519991265763426
2557	16.6188184	20.2556992047297
2558	0.046527669	0.0444794725649405
2559	22.3849523	20.957197812973
2560	0.027706196	0.0703284404559921
2561	18.778298	21.3696014454023
2562	0.022060047	0.0446421703776563
2563	11.5191005	13.8876370898889
2564	0.07274194	0.0826845586121354
2565	0.076242122	0.0421631928066667
2566	2.7140919	3.70871270748529
2567	0.075462831	0.0404758105316667
2568	0.0387550947	0.0312968613826852
2569	0.0174546074	0.0393184579315315
2570	0.0243513417	0.0287624082555714
2571	0.0421806786	0.0483069973801961
2572	0.028777274	0.030760527445
2573	0.0393933453	0.0569637575475833
2574	0.033932524	0.0463229718609195
2575	0.04665979	0.0378757212151852
2576	8.2967937	8.58857509024762
2577	16.7714842	19.8172745011739
2578	0.036706067	0.0437852236718469
2579	0.033801267	0.046241878546218
2580	0.0450889684	0.0381686187079412
2581	0.0500771253	0.0610104286107143
2582	0.0365634855	0.0395940499505405
2583	0.107396306	0.134329034519573
2584	0.85333715	1.07479672576458
2585	0.022124491	0.0299201070670202
2586	0.054045699	0.041957926344875
2587	0.021601139	0.025373533953375
2588	0.0455803825	0.0740922500764286
2589	9.5816138	12.3400456455354
2590	0.066980315	0.077179691975963
2591	0.037711764	0.0346383821577778
2592	0.0297367545	0.0394862303693452
2593	0.0200549057	0.0518208166315812
2594	0.419323265	0.222055040413597
2595	0.032178996	0.039383158450505
2596	0.076192054	0.0512917589658537
2597	3.32283949	3.74028720113533
2598	0.141993942	0.0438568427589216
2599	0.058535112	0.0694263808347863
2600	0.248604035	0.341417037675
2601	5.579689894	5.46349043510635
2602	0.069884915	0.0438304380816071
2603	2.5362703	2.93400181233694
2604	0.047655715	0.0595099413039103
2605	17.6658344	17.5018644015541
2606	15.9913534	15.2185926255814
2607	0.65756717	0.922162905354386
2608	0.108268085	0.0297220443741177
2609	0.063059596	0.102065198441441
2610	0.0205376556	0.0324455224429048
2611	19.9108093	23.6234102208137
2612	0.0188175656	0.0230713691807071
2613	6.7890635	6.11348573974445
2614	7.2501468	8.31250894505814
2615	0.07566366	0.0745911013993704
2616	23.6655755	29.2761079311828
2617	0.032851328	0.0366194316897143
2618	0.0316660204	0.053705374005404
2619	1.911781085	3.09862894935463
2620	0.0200388423	0.0297921373067816
2621	0.036887472	0.0373658184121825
2622	0.046630167	0.0545068789521759
2623	5.6004116	6.54449723222222
2624	0.0264399404	0.0222706339193903
2625	8.4038883	7.65452329074031
2626	0.025234068	0.0358900024088636
2627	0.036131666	0.0632661496198958
2628	8.22988	8.21779403726667
2629	0.052935067	0.0626970432385938
2630	0.0196464665	0.0396546352757527
2631	6.44714188	6.70392119300909
2632	0.041232547	0.0484833998844445
2633	13.1850767	11.7045627815505
2634	6.9185699	9.13800361509259
2635	22.687757	21.5017183575379
2636	0.044371997	0.062076786777807
2637	0.067706072	0.0554549742445238
2638	0.054639864	0.0371421141261111
2639	9.3849944	8.16718996933333
2640	8.1354708	8.21150826664634
2641	0.068205052	0.0403765283969106
2642	17.5722944	15.9830469858333
2643	16.614529	17.020739638
2644	13.7924527	14.4659092195556
2645	0.068228466	0.0469447036639352
2646	0.027817799	0.0514996005125
2647	0.15487937	0.107183891395122
2648	0.031072734	0.0385027154054598
2649	0.085074822	0.082851263047561
2650	0.121717115	0.0572467854459314
2651	1.65920176	1.80675781826812
2652	24.2856118	20.9113880597518
2653	0.0210705812	0.0392685183189535
2654	0.27436427	0.330648645245161
2655	0.117212698	0.066650745627193
2656	0.0416000776	0.0690411668049495
2657	9.624867	12.5290984909444
2658	0.173627996	0.181632140009402
2659	0.034546252	0.0465083000643982
2660	0.0152688922	0.044097257115873
2661	15.636202	15.5137288806897
2662	10.77348136	9.77924229178205
2663	23.9715775	18.938873079125
2664	5.26217368	5.08022248853659
2665	0.061016943	0.102842104562222
2666	6.5154945	6.24481571408095
2667	0.034707796	0.0381493723966667
2668	9.49895282	8.56478946448859
2669	4.8799947	5.41302506535897
2670	0.092902984	0.101217777636316
2671	0.036787351	0.0463416727594595
2672	0.23889255	0.266519903097396
2673	0.031669832	0.0317447847997436
2674	0.052108542	0.0800066522505093
2675	8.29602068	8.13339236086429
2676	5.743743236	6.16422355900458
2677	1.22392532	0.718068555020155
2678	0.061306884	0.0702064748790404
2679	0.65977502	0.651622102787357
2680	0.02270327	0.0298971262641905
2681	15.0191443	15.7253723642188
2682	0.34019236	0.34746383028
2683	30.9601642	27.1070186018
2684	0.061056888	0.0470409337734421
2685	0.0154089847	0.0285065919177451
2686	0.029096358	0.0438196417669259
2687	5.997346	7.11066519265278
2688	0.034813464	0.0425872339154444
2689	0.0362265152	0.0327799025000952
2690	0.0453165565	0.045824109771954
2691	10.4393082	8.38006587190323
2692	0.09876213	0.110838922267238
2693	0.134468796	0.163314497882176
2694	4.134389	5.12518229781667
2695	13.671144	18.1728352361937
2696	0.049669262	0.0757578686803241
2697	14.5632825	15.9216201970833
2698	0.035835595	0.0510966906071739
2699	0.0158612605	0.028542977815307
2700	5.9148507	4.83554470528572
2701	0.042732972	0.0439995839362745
2702	6.7185786	6.66044632703968
2703	27.0903685	19.6305939283232
2704	0.056337705	0.0362566469927941
2705	0.0243552233	0.0375744279828378
2706	0.0355610976	0.0402638462281945
2707	0.195253635	0.0633819622064394
2708	0.059878246	0.048470886337
2709	0.041326859	0.0392703492467917
2710	0.073762054	0.0243613074762255
2711	0.079965315	0.0671048168139524
2712	0.053571125	0.0578452458708081
2713	0.080482865	0.046858081523114
2714	0.049118506	0.0488008665077143
2715	0.036563276	0.039260277718062
2716	19.1803567	16.4183618850794
2717	6.0316139	5.33218968656869
2718	8.4541413	8.28864633807552
2719	0.059176696	0.0486177799598374
2720	7.676656	8.52031565769118
2721	0.079848093	0.0728681615388034
2722	3.094937071	4.01444117145946
2723	18.4729114	15.583882170641
2724	0.10707214	0.0688080983546569
2725	7.622142	6.43674639139583
2726	0.051182934	0.0461660980020513
2727	0.23410184	0.164809684357356
2728	0.0318831925	0.0376938954533712
2729	0.024405384	0.0414981165942157
2730	26.266563	23.887513397298
2731	0.50743792	0.432021642206306
2732	18.5176725	17.543186105303
2733	0.051919073	0.0640699573206439
2734	4.4927005	4.32936545743421
2735	0.030730574	0.0375180232536667
2736	4.93676558	5.93079346856296
2737	0.060670383	0.0813340568464015
2738	10.6884275	10.0289124089162
2739	5.8929387	8.02134312054412
2740	5.0424122	5.61171923211667
2741	0.1207379962	0.0729556878962255
2742	0.0424060735	0.0419318535248571
2743	0.040226883	0.0419195181775521
2744	11.79286538	10.480923212873
2745	0.0319231127	0.0631699547070652
2746	8.4895053	11.6524638629091
2747	7.4879437	7.72725609906945
2748	5.65800496	7.12514703008547
2749	0.0768086235	0.0485442024353174
2750	0.0458708466	0.0323574287941892
2751	0.029459074	0.0443711325089081
2752	28.31872617	25.0128719917121
2753	0.0354715411	0.0448188926325252
2754	0.048993518	0.0380737349068254
2755	0.075886402	0.0711169002882576
2756	0.030762886	0.0345063631329798
2757	0.053204137	0.0649770502799225
2758	4.32634982	4.21010995051235
2759	0.058462309	0.0623405406202381
2760	0.0181395176	0.0413482747216304
2761	0.080718653	0.0502648443787619
2762	14.356189	16.7255525635318
2763	0.058444643	0.0771170698063597
2764	0.249627154	0.355337935604333
2765	0.051785493	0.0407730044877619
2766	32.85688705	21.137729542197
2767	0.166974764	0.112201188959009
2768	0.028715423	0.0386467160296569
2769	0.0147451337	0.0323119950473737
2770	0.29682176	0.479089484194445
2771	1.58395331	1.70239909532658
2772	14.4809635	14.5534203036068
2773	0.041435777	0.0480501608879914
2774	0.030590314	0.0439229606012381
2775	0.040907771	0.0537999782817284
2776	0.168359641	0.127324282483796
2777	0.0221332545	0.035142730595935
2778	0.043495848	0.0550601488743055
2779	0.092477489	0.0372458174207658
2780	0.05682707	0.0511262985172481
2781	6.1397734	5.55253778198387
2782	0.06977134	0.0618210428941176
2783	14.7168686	17.9656758186209
2784	8.8132429	9.38975661572083
2785	4.78547405	4.9168388634845
2786	0.37388083	0.520142228919892
2787	0.052939906	0.0472295476730392
2788	11.8394334	15.2710600385
2789	17.96096624	13.611303121
2790	0.0469691004	0.0389241748719524
2791	0.100725532	0.0643200253933784
2792	5.100479746	4.93480261888563
2793	0.66256135	0.536049064974359
2794	8.42695365	9.43058873688641
2795	2.3127747	1.52212724145714
2796	14.8879132	13.6491337504188
2797	0.124571388	0.168684455748077
2798	25.1433583	23.2838020776449
2799	0.053214163	0.0285517742773106
2800	10.58429105	10.9695302745354
2801	8.7282792	8.91642553234375
2802	15.9040016	13.4713565386542
2803	0.043309254	0.0671376574298291
2804	0.69103192	0.344095024392105
2805	0.047641689	0.0421366826978241
2806	0.037550617	0.052520415116036
2807	0.06736942	0.0419061893643333
2808	0.035952668	0.0373018928788492
2809	0.05073661	0.0391490692863821
2810	0.025347501	0.0360307340860163
2811	1.4065579	1.83297801470758
2812	0.029100564	0.0408192094734524
2813	10.228513	11.5234196988739
2814	0.0265839456	0.0462818160245588
2815	0.89371054	0.939188029997807
2816	0.025928371	0.0455431989063636
2817	0.026368623	0.0312159530976389
2818	0.137854402	0.138706147493125
2819	8.6525	9.3838784886787
2820	0.134939066	0.40593416600813
2821	5.583129	6.44760222753419
2822	0.071428198	0.0421418583951736
2823	0.0257329604	0.0460066345572368
2824	0.019324352	0.0283118455002941
2825	0.0477547324	0.0324333322706452
2826	0.0268119298	0.0394796015473232
2827	11.3536308	9.31013999790196
2828	0.0251383195	0.0356952970969892
2829	0.0158257976	0.0303561736644144
2830	0.027308423	0.0366498113581884
2831	3.7420088	5.26751936973809
2832	1.66114312	2.50264728892763
2833	0.0297701704	0.0742665432394584
2834	3.2232545	3.1515780078381
2835	0.065669665	0.0397727548256818
2836	10.5818749	9.97891756522297
2837	0.0180365508	0.0419130353708824
2838	2.0346723	3.56113636350813
2839	1.2674861	1.34607917033108
2840	0.077090201	0.0467766478597385
2841	0.072777546	0.036031772505
2842	0.084875578	0.0317630897051984
2843	6.1581842	6.02729480748817
2844	0.021298681	0.0395868949498889
2845	0.082362057	0.0780525224469192
2846	0.46620966	0.492469558304167
2847	24.4140057	21.2770406229595
2848	0.049078526	0.0479179218263675
2849	0.07925129	0.0562041449583838
2850	0.025156109	0.0282844397539837
2851	0.0292213556	0.039667180109023
2852	7.5005562	6.29061121404924
2853	7.8518644	7.981079469
2854	1.95480558	3.0026580742939
2855	0.56111047	0.482500649504902
2856	0.088543223	0.128958026830556
2857	0.024248343	0.0404617530913131
2858	14.399375	11.8412285666009
2859	15.579274	13.4113618063964
2860	28.4856894	20.8372313393854
2861	7.1375329	8.90178646369524
2862	0.070413342	0.0593187771876042
2863	1.0684464	1.17091221530684
2864	0.03329389	0.0274322149696191
2865	0.38951409	0.278563397000855
2866	13.5619698	13.3784010364236
2867	0.0201967755	0.0363347827491176
2868	0.022077546	0.0309055473757143
2869	0.046560153	0.0374344492908095
2870	0.366419215	0.287633559544445
2871	7.1306422	7.12001435868376
2872	0.0334094925	0.0432259025126577
2873	6.3096789	6.44891676707353
2874	0.034774198	0.0498675052092308
2875	13.0033563	12.8374620877083
2876	0.039320109	0.0558459708373874
2877	0.042316108	0.0468772436130303
2878	0.046167278	0.0511720106906667
2879	16.2255075	14.6161521046748
2880	8.60602854	8.40429255687688
2881	0.039570499	0.0381284132555417
2882	0.067440012	0.0426921183707843
2883	0.039670753	0.0575175389827273
2884	9.5103147	7.06458061734583
2885	11.3513543	10.0216049609474
2886	8.7900998	8.86456520785185
2887	0.047093113	0.0520355851284946
2888	0.121541541	0.062172083232265
2889	5.0243575	4.38365520098413
2890	0.021342666	0.0307311697475714
2891	13.0343503	13.2820985322917
2892	0.065224492	0.0499356794131783
2893	0.0332565047	0.0340681154612613
2894	3.19772798	4.11069667389583
2895	0.0250366398	0.0304564113464352
2896	0.030470944	0.0382603484055682
2897	0.040082547	0.0617901253578333
2898	6.7088098	6.57501884387778
2899	19.8912757	18.2535615780417
2900	0.103725505	0.0646614882122727
2901	0.033461006	0.0429872182105714
2902	0.0303590215	0.0471831611429167
2903	0.8890678	0.676510713337398
2904	0.195195344	0.220314343149359
2905	0.20495466	0.0564611204196667
2906	0.05723783	0.0468949860734314
2907	0.033182176	0.0392956567422727
2908	0.098644451	0.0406938732401111
2909	0.231951063	0.233705854094444
2910	0.176044881	0.0385722549252632
2911	5.9052686	6.1817607127439
2912	0.0127623538	0.0307171491533838
2913	0.37121608	0.205095210458527
2914	0.61241374	0.616693752914142
2915	0.0360907634	0.0296015917413597
2916	0.022356419	0.052933605526508
2917	0.0399660636	0.04439290833925
2918	0.081486085	0.100591485263235
2919	0.0302715273	0.0418539968370476
2920	0.072518586	0.0603821150641111
2921	23.5925755	25.5992593125556
2922	0.029788179	0.0361761831371212
2923	0.027401144	0.0282038053948291
2924	0.055578483	0.0616870309622727
2925	11.4063226	10.9896145884234
2926	0.022842099	0.0438446122694048
2927	7.283291	8.39060863990323
2928	11.4398855	11.3111666047703
2929	12.9147403	17.659378174746
2930	0.0293553275	0.0437770814804365
2931	0.0340056183	0.0435393280164444
2932	8.38117	8.38103023562805
2933	0.061818003	0.0731909661267857
2934	13.5721653	15.3740467165476
2935	8.51997393	7.89707571006381
2936	0.0303760136	0.0445220914270417
2937	3.1765297	4.6600666429724
2938	0.298227845	0.319492293194318
2939	6.37203177	6.49704984178542
2940	2.08156601	2.29560660721786
2941	0.0254312387	0.0329025581192473
2942	0.0298515527	0.0342039634735057
2943	0.028893249	0.0423968011260417
2944	0.014304049	0.0437350074167544
2945	0.10091365	0.093608041955914
2946	5.075632	4.72760055477097
2947	0.07277294	0.0356724514089583
2948	0.01805925	0.0379185028586842
2949	0.0221961936	0.0290923452458559
2950	11.854846	11.9552090363939
2951	0.023700919	0.0488495722257197
2952	11.1687974	11.8258590169825
2953	0.74255958	0.587328191128378
2954	0.018726263	0.0406061281481429
2955	0.041847002	0.0685961929241473
2956	0.0242778	0.0344218169437387
2957	2.9882134	3.30373835670741
2958	0.19709923	0.225028754591026
2959	2.30744313	2.25685262198667
2960	0.037053165	0.0386980792222685
2961	0.076946057	0.0603449723547222
2962	0.043785181	0.0575907858664634
2963	9.6426351	10.0471711566623
2964	0.052293218	0.0625340142342857
2965	12.6685294	12.6373988704493
2966	0.037478277	0.0360261160101515
2967	2.374057345	3.37801607697957
2968	0.49421915	0.321786940863636
2969	0.35028608	0.341775061147368
2970	1.20100556	0.74138405168018
2971	3.85195726	4.14759219808537
2972	0.0230466884	0.0332256565621053
2973	0.072077995	0.0306387845088384
2974	0.043342081	0.0483724374637838
2975	0.052938716	0.0367134688527643
2976	0.04685248	0.0471836419695635
2977	0.049742175	0.0354439041869298
2978	0.49688472	0.580971044329268
2979	0.038599928	0.0526746692450667
2980	10.6124754	8.50195982957364
2981	6.7254853	8.1804741695691
2982	0.0301482017	0.0400052910738021
2983	0.055845322	0.0400174196826667
2984	0.043408512	0.0305250224913008
2985	0.0777232045	0.0899907439675214
2986	0.25172908	0.305802807331301
2987	0.0838248	0.039004491297094
2988	0.125579966	0.193162926712963
2989	0.0217100989	0.034258832540641
2990	20.213893	18.3189420437302
2991	9.1620817	10.3324044700463
2992	0.099611537	0.0521592568894828
2993	6.09653304	6.2071077664394
2994	7.4083865	8.22326189554825
2995	0.049626909	0.0413396819812745
2996	0.38995019	0.308423017330093
2997	0.037910893	0.0481229990113492
2998	0.215142399	0.182170402206911
2999	0.67894496	0.90803705921624
3000	1.1956517	0.988826468988596
3001	5.0971355	4.73557010199524
3002	0.048352797	0.0399048924700371
3003	12.6439372	12.9866352290109
3004	0.021347439	0.0370057838615854
3005	0.0264848087	0.0358212757291667
3006	9.0117283	9.78272322615942
3007	0.041764472	0.0454662099166667
3008	9.881387	8.84920126656571
3009	0.42706194	0.420345358888506
3010	0.47240288	0.773978943356863
3011	8.74246742	9.34764487713218
3012	0.032508231	0.0296189469435938
3013	7.53703166	7.52489450794608
3014	26.584298	25.3462588433535
3015	0.032591577	0.0697089376022222
3016	0.30542277	0.254398092194048
3017	17.500152	19.0333695557065
3018	10.5650676	12.3697231320076
3019	0.037643579	0.041548078718
3020	0.040311842	0.0366880645284211
3021	17.9849632	20.4215899468283
3022	18.2836425	19.7116797918939
3023	0.052223921	0.0414288159093902
3024	0.055112094	0.0579421852515
3025	0.062919528	0.0542162827569565
3026	22.755106	23.6120438123232
3027	0.042874209	0.0431581016838235
3028	0.83028376	1.33691990775778
3029	15.3448835	13.3209003019444
3030	13.5997976	19.4768150622315
3031	0.026813893	0.0371567060320707
3032	0.0369634076	0.0438825924454762
3033	0.021809334	0.0310952638264762
3034	0.0159485888	0.0291406973339316
3035	0.058607324	0.0530560793803742
3036	0.39940913	0.578349231363821
3037	0.080008127	0.0458455025793254
3038	13.850895	17.9872564900926
3039	16.3940946	14.0220825415167
3040	2.2643818	2.56272470677953
3041	3.8808297	5.61221860262255
3042	13.3105986	14.0541362932051
3043	0.058144709	0.0486706497613726
3044	5.13436683	7.08134804197436
3045	0.061315692	0.0650001473113063
3046	0.022221413	0.0277276309792157
3047	0.0363179277	0.037256681654065
3048	0.05960832	0.0471551547711789
3049	0.43553385	0.444356956369919
3050	0.0232012733	0.0416814432808796
3051	0.079476939	0.052958482914
3052	0.072341266	0.0548261989037821
3053	0.095850021	0.0455586972801282
3054	11.5510788	9.73556349164815
3055	22.3996415	24.343905188062
3056	0.05370288	0.0795209568726543
3057	0.18425709	0.16691694902419
3058	6.6729178	10.09447320578
3059	28.03820295	26.4360533197
3060	17.913359	17.0896126041422
3061	0.0109854732	0.0255100795864035
3062	0.025134952	0.0660767041589899
3063	0.810309398	0.745442030135318
3064	0.67203081	0.702720689072222
3065	0.25966484	0.284667707658586
3066	0.26676333	0.235274705163793
3067	9.889908	10.2411694593461
3068	7.2748586	8.73904378731183
3069	0.13644038	0.0713990752478682
3070	0.141912637	0.0534329346293519
3071	4.24175333	5.51750375617969
3072	0.038612664	0.0289375854026496
3073	20.0395285	18.2577571077642
3074	4.8699384	5.38077678745833
3075	0.038230447	0.0851479909455556
3076	0.0312998775	0.0420399848800407
3077	0.0294056703	0.0490403465100427
3078	0.0244902417	0.042146433934845
3079	0.082192083	0.0518812527764341
3080	9.9390238	9.93669136651316
3081	0.017669541	0.0326022581726263
3082	0.076605392	0.0406215300811429
3083	0.046551219	0.0361599792133333
3084	0.106507726	0.15095154605
3085	0.0268126225	0.0410606601637209
3086	0.101063055	0.11270881420098
3087	6.271183	5.95446791064516
3088	5.112224	5.21622360753333
3089	4.4002832	4.83809006462162
3090	0.033950217	0.044536724011625
3091	18.2252008	16.3482928082778
3092	0.056614784	0.0451494896459402
3093	0.058923624	0.059032176515
3094	0.03120259	0.0418720786817037
3095	4.318135556	4.22667427032805
3096	0.026027146	0.0263807457410938
3097	0.039553601	0.03878113452525
3098	20.802578	16.7255331801515
3099	0.0430005	0.0389260715139352
3100	22.873957	18.228759641125
3101	0.045686213	0.0496498686535898
3102	12.5326222	12.0844025974324
3103	0.052613379	0.0646025148573457
3104	5.6736672	6.77277032442857
3105	0.081081321	0.104204216769231
3106	0.040658319	0.0614024919962255
3107	0.033068492	0.0413964197927273
3108	7.6226012	8.48943794679412
3109	8.1971275	8.41688305174797
3110	0.033612643	0.0370605784529583
3111	22.215014	19.888344781537
3112	25.139561	20.916160312735
3113	11.0926847	9.13007626799019
3114	0.046957298	0.0323330124409459
3115	0.0246319613	0.0443333158082456
3116	0.0400043813	0.04532120400625
3117	0.028784526	0.0429484579461429
3118	0.075500966	0.0744569758474074
3119	5.7005439	11.38064559525
3120	0.0214887006	0.04464457977225
3121	0.106712932	0.0744977895414341
3122	8.9262288	11.621616219951
3123	3.5833586	3.21795667690833
3124	0.0255628285	0.0381146468733
3125	0.25710769	0.125905835532812
3126	1.25261	1.48016760722059
3127	0.04121357	0.0577795499233333
3128	4.2120767	5.11336689639634
3129	0.15060936	0.125687742362917
3130	0.2586022	0.405770335706306
3131	24.22982614	18.4945795895905
3132	0.052622307	0.043343889890375
3133	0.049487406	0.0495970534431548
3134	0.050126099	0.0472981000501042
3135	0.027258561	0.0425300314554546
3136	0.034984594	0.0358991784334286
3137	0.040415829	0.0464252381959829
3138	14.798467	13.7278922102579
3139	0.100053523	0.0689971930219928
3140	0.075803621	0.0541058279012626
3141	0.055999976	0.067632062889697
3142	16.9310999	13.8841197604023
3143	0.23733505	0.302262789959649
3144	14.54524	13.0821113685185
3145	0.05043115	0.0799149698212302
3146	0.035649979	0.0485766072064881
3147	8.4456515	7.82611055664341
3148	4.675459	5.62012519375203
3149	0.128258673	0.151209280180741
3150	0.0233851736	0.0318845110910078
3151	0.029524641	0.048145046025
3152	14.811029	19.4698533913143
3153	0.16054017	0.283531629404444
3154	0.17005928	0.109184950525877
3155	0.079608306	0.166710198455426
3156	18.294521	16.1472384688889
3157	0.044919252	0.0705676775939584
3158	0.034599319	0.039664707720098
3159	0.067840062	0.0680065035789444
3160	24.8529106	22.5434274597222
3161	0.18339148	0.145551800988952
3162	14.108801	17.7205432798571
3163	0.055850932	0.0959653337975225
3164	3.93256753	4.16009251912045
3165	0.0227495304	0.0462929503001471
3166	9.9182496	7.75104576285088
3167	15.02494	13.4810809332807
3168	0.044591595	0.037338490786
3169	8.72750923	10.0126348583315
3170	3.84611956	3.30190464057952
3171	0.05453809	0.0708793119593519
3172	0.02612814	0.0313212714601852
3173	0.093762673	0.0397090773316177
3174	2.7664015	2.6240924006369
3175	0.0236500064	0.0498707999119333
3176	8.019541655	8.46552132199722
3177	13.4801475	11.9000347356566
3178	0.651684434	0.949315528924123
3179	0.82383534	0.944712818508621
3180	0.028554656	0.0426761999016162
3181	0.128429146	0.072432091083964
3182	0.106376604	0.158779722798291
3183	1.12127304	1.24557856143256
3184	0.0160464287	0.0322661640837719
3185	4.0392023	5.60596065090476
3186	0.023443547	0.036832904211453
3187	21.034038	17.1352797698718
3188	0.025751915	0.0364935702032184
3189	0.134040817	0.0867501537211111
3190	0.256843307	0.335689052125714
3191	0.073151439	0.0622002773617521
3192	17.849987	17.7245480488889
3193	10.38856	11.6486858625521
3194	3.8757846	4.89337139189352
3195	0.021960989	0.0276886376723958
3196	0.07392457	0.0438154445575
3197	2.1356469	2.65037562967333
3198	2.17484124	2.00902474881009
3199	0.0367414174	0.0599095876394841
3200	0.0205284825	0.0672678492042105
3201	0.073263443	0.0481326445024138
3202	0.0227419884	0.0355723992480476
3203	7.83382025	7.51751730201802
3204	0.0317218193	0.036893187550045
3205	0.068859386	0.0402375239188572
3206	15.557028	14.8597937444872
3207	7.61201725	7.57766905355556
3208	0.0785413	0.0946921217211404
3209	0.037232473	0.0326987981568421
3210	4.9110038	4.87882041267742
3211	0.050555878	0.0508361104339063
3212	7.4546822	7.26815376643434
3213	0.031283321	0.0424293815032432
3214	0.042694725	0.0381511105758333
3215	0.0210432878	0.03855327742
3216	18.304657	13.8013723458025
3217	0.055188057	0.0704407707853889
3218	8.314929	7.1810328473876
3219	7.2726451	8.0398959083125
3220	0.11319942	0.154632224613658
3221	0.03722676	0.0444100168373611
3222	0.025119076	0.0491992831027631
3223	3.5006964	3.2616075636982
3224	0.054597891	0.0973465673602778
3225	6.390936848	8.56877977922897
3226	21.5371963	18.8257163717172
3227	3.9304956	4.54446142142018
3228	12.679798985	10.5187295297049
3229	16.9311705	19.8743049013288
3230	0.0265778215	0.0403299054774286
3231	22.697044	16.9993593137387
3232	26.1137602	24.0337427746667
3233	0.076306568	0.0662724073331019
3234	0.045043759	0.0369166899895299
3235	8.9340895	8.89759706358854
3236	9.23395844	8.69731356958974
3237	0.04187463	0.0410367508022059
3238	12.98995365	16.1955137608651
3239	4.7025809	5.96021260402906
3240	10.1362907	10.6006816476333
3241	10.4367301	10.8287958941557
3242	0.162756998	0.363365064897396
3243	21.423049	17.4088574096296
3244	0.015902441	0.0393765673944643
3245	7.4315516	7.35890265735238
3246	0.12186569	0.0893422363995727
3247	19.1843816	19.2706109722518
3248	0.054667005	0.0671723836967568
3249	0.92131522	0.654023235110834
3250	0.122084352	0.149426346222619
3251	6.9655783	7.9906903942549
3252	10.8199857	11.830084060619
3253	0.028609348	0.0452896997845238
3254	12.0752698	16.7394507365741
3255	16.362269	18.323954199575
3256	0.0268450654	0.0431750388086992
3257	0.028473805	0.0402063756376263
3258	8.57712697	8.08911559111157
3259	9.9022426	10.5376410425
3260	0.037797934	0.037512136868963
3261	22.921425	20.3874267432955
3262	0.0328306685	0.0523224322066216
3263	0.02560504	0.0350338330226042
3264	0.067047742	0.0859677424156977
3265	8.1277071	8.78213402296789
3266	0.0476224596	0.0362871450697863
3267	0.0362317965	0.0367832135569231
3268	0.40962474	0.516188068447407
3269	8.931856	9.30017468683796
3270	0.039009946	0.0329785969724762
3271	5.36784465	5.4754429864697
3272	0.0341026893	0.0382803720616296
3273	18.0833215	25.1735799473238
3274	11.1914684	11.6735234592816
3275	4.9953862	5.52407458644144
3276	0.109720325	0.120960598756838
3277	3.0658517	3.87434048641919
3278	0.057786615	0.0377001666046581
3279	0.067968526	0.0871168803671171
3280	0.44875619	0.25104278791453
3281	0.0323503356	0.0589122679720115
3282	0.0154274734	0.0342443319716667
3283	0.61861502	0.653405241852604
3284	0.040648888	0.0581155880158527
3285	1.8013585	2.33667992586905
3286	0.0250691875	0.0431229351239081
3287	0.019807194	0.0278900212539048
3288	0.0249702556	0.0379166373367917
3289	1.88629518	2.45523164666111
3290	0.043881533	0.0409592325977642
3291	10.3163006	14.8690052476241
3292	3.9634086	4.00065517519444
3293	0.028747951	0.054387777004031
3294	9.14359876	8.38434489491429
3295	0.065998402	0.0616692912496296
3296	0.116971628	0.205161589436111
3297	0.0207294496	0.0330499698943137
3298	2.4835755	2.2730978146875
3299	8.3435227	9.85248116797619
3300	0.038845926	0.0335911798723
3301	0.122647922	0.0652227384775714
3302	10.1717264	10.0745118884529
3303	0.037323876	0.038401560832037
3304	0.201975294	0.251805531207207
3305	0.085005024	0.0389720515164815
3306	0.029519059	0.0445651844127642
3307	0.060329183	0.03409426765625
3308	0.35230249	0.395010202172414
3309	0.0353488645	0.0423319036763946
3310	5.3386554	5.56539554251974
3311	2.890619	3.6166901715625
3312	0.027289669	0.0321014311218376
3313	30.26619	29.1437225475833
3314	0.08699184	0.0683120895578632
3315	19.073002	17.6323114669189
3316	0.0247571162	0.0455108570347297
3317	0.017438063	0.0272502551004688
3318	14.8601277	13.3760773402297
3319	0.035366063	0.0584346536495
3320	20.68706314	21.8655248695056
3321	0.049647283	0.0623135723112403
3322	0.05414927	0.0423786762625203
3323	21.0468162	21.7824655927552
3324	0.108925294	0.0624117898469512
3325	11.9199119	10.474964874951
3326	0.0262305023	0.0503723702697561
3327	7.6397529	5.13745316394574
3328	0.029586072	0.0494155320070721
3329	17.2478083	18.1558880928571
3330	0.037676175	0.0425416916438172
3331	0.044743779	0.0355353098302604
3332	0.0344495506	0.0456464164475
3333	6.66550803	6.62936799838649
3334	2.74610344	1.67551053157333
3335	0.098730457	0.0701453468185714
3336	0.12515866	0.0496603960420115
3337	11.32854766	9.73230261234809
3338	9.807158	7.73239906937083
3339	13.294187	15.8361603235648
3340	20.4704432	22.9030131929326
3341	0.0233094913	0.0321334099541905
3342	0.017353922	0.0418109499866667
3343	7.37448052	7.91931823795351
3344	24.0450726	24.9100955290041
3345	0.062832124	0.0592469313460088
3346	10.589609	13.0930588069697
3347	5.55020887	5.0236152665172
3348	0.043864842	0.068778539359127
3349	20.0508916	20.5609567443333
3350	0.0173301035	0.0414778167924786
3351	0.063314641	0.0531637496865351
3352	7.4758025	10.712555317803
3353	6.14482612	6.2923595030588
3354	5.29685014	4.95205983028378
3355	4.7335146	5.41499293276563
3356	0.03113375	0.0386974979373737
3357	14.7029575	13.5491803353333
3358	0.05800736	0.0475384611057658
3359	0.086606476	0.076687297644394
3360	0.0385573965	0.0531233183327027
3361	2.44501551	3.07659410600855
3362	0.4182349	0.451233431830556
3363	0.047421558	0.0469832923672222
3364	0.0269987121	0.0376435949540323
3365	0.052179511	0.0533069923725758
3366	8.9191528	10.4205484781081
3367	12.216865	9.8734322800641
3368	0.024550485	0.0482450072255556
3369	19.8254247	20.5556498810853
3370	0.026573164	0.0500708974706452
3371	1.67642675	1.67663327793876
3372	1.117039	1.04598089851264
3373	0.046323975	0.0521466835448958
3374	3.4223018	3.46204557626667
3375	0.051333191	0.0359921548484314
3376	0.06657943	0.0455249940624194
3377	0.10454312	0.05840832991825
3378	16.0034413	14.3692447871717
3379	1.475945287	1.57351738058333
3380	0.045436783	0.025118994392973
3381	0.036516738	0.0336383785751351
3382	16.1114891	16.718958751037
3383	6.2525365	6.98901093373656
3384	6.1315543	8.41383446164415
3385	0.031997934	0.0387729358474074
3386	9.5144073	9.2917327383876
3387	0.075522656	0.0904388724986486
3388	14.6924445	13.6371280778889
3389	12.5944348	16.8268862847083
3390	0.029530631	0.0467181819715196
3391	0.021168208	0.0278177841204365
3392	0.378616275	0.375073727860648
3393	0.046363753	0.103381989106667
3394	0.162858476	0.115463090839431
3395	0.062608664	0.0352814874510569
3396	0.0298226076	0.0259146860280417
3397	0.0402566846	0.0554491245189015
3398	0.0186936078	0.0248617003574762
3399	18.395005	17.6154648107813
3400	0.23319599	0.307349549253571
3401	0.037331005	0.0569816034075463
3402	0.0155616488	0.0342259419322368
3403	0.122529742	0.113851576868056
3404	20.954101	21.7770212405556
3405	20.2968478	17.5321579346377
3406	0.084052102	0.0426980104680769
3407	25.3950192	18.6920107556138
3408	1.2838364	1.3250723965219
3409	20.6262914	15.5799576441146
3410	0.0179840428	0.0370707887543333
3411	0.0200198824	0.0324975011690909
3412	0.050918478	0.06710109745
3413	5.6294514	5.77947234134685
3414	0.029585484	0.0343013369444608
3415	0.818623804	1.26260871712688
3416	13.4637726	15.0836603518968
3417	8.6911536	8.1328129472957
3418	0.0279441697	0.0430527991632883
3419	0.0187567743	0.0311976194142636
3420	4.1314275	5.19044995656349
3421	0.041097327	0.0368389794064762
3422	17.7159601	17.8015582435093
3423	0.21891951	0.511218578659722
3424	10.4861288	10.4487904283238
3425	0.43970808	0.434270877751667
3426	3.22452805	2.97559972655714
3427	0.060500328	0.0739196183504274
3428	0.047331489	0.0334900032954065
3429	0.7498215	0.498361261072368
3430	1.36980257	1.113613256625
3431	0.066676576	0.0733421112701754
3432	9.2052442	8.21920610518519
3433	0.34695617	0.321286478965812
3434	0.034588242	0.0306399979475725
3435	4.906647	5.06358064235057
3436	0.066880023	0.0340172416080159
3437	0.027737053	0.0426100243722857
3438	0.0273655997	0.0373954099715
3439	11.4176072	10.5996931401381
3440	14.4294449	17.1219603794091
3441	0.062970908	0.0724999732352688
3442	0.067669384	0.0772156766893011
3443	21.3525807	21.6242024704412
3444	0.033120382	0.0261699120091919
