index	observed	oob_prediction
1	2.3747454	3.47573262117647
2	0.107213095	0.101769015209596
3	0.04186717	0.126250007738889
4	4.452554	5.66530890728261
5	32.40071	16.8910567770115
6	0.01956397	0.0592427854316667
7	4.126384	3.29772319648148
8	2.7691693	3.39374619202614
9	0.12427584	0.114402654471171
10	1.8796673	2.31009918632083
11	1.0696635	2.02717774924731
12	0.16954426	0.319583182857527
13	0.053607147	0.124787203674479
14	2.9967787	2.26642948618056
15	0.7040123	0.420526738410606
16	0.061508916	0.0969322253557018
17	0.15799586	0.34047352468172
18	0.4070583	1.08190802809896
19	7.6855817	6.97710014059524
20	1.7099155	3.33313449261261
21	3.0153196	2.79686471817204
22	2.6674294	3.24967300403226
23	1.1640775	1.26510616068018
24	8.031029	6.90245771072917
25	1.1226678	1.88160700035784
26	0.10498102	0.111683656943627
27	6.733559	5.54663858979167
28	0.066460535	0.789694263905983
29	0.064906694	0.156047358372059
30	3.6396322	3.17224371292793
31	2.983053	2.35557292855263
32	3.7798548	2.82920556423423
33	1.3060697	1.143160988
34	1.4299605	0.969559699916667
35	0.85042894	0.984114952533334
36	1.4747691	0.96081922770614
37	4.527547	3.78409550992793
38	0.6325468	0.891216453093137
39	0.27620357	0.243200804653061
40	0.6761923	1.31443541276852
41	2.074507	2.20069350128378
42	0.92643267	2.45103196162698
43	0.3237595	0.757923661065789
44	4.883827	5.17385663136752
45	0.09463411	0.107860106950427
46	2.572013	2.45392993944444
47	0.30112264	0.332909631089524
48	0.08486758	0.198523650752381
49	17.286001	10.0151585827477
50	2.1711133	1.65828517774074
51	0.09454756	0.341959954718056
52	4.8928075	4.60899829103604
53	0.12502317	0.108237472240417
54	1.4313225	1.38849576162963
55	2.594514	2.2859503199697
56	5.220917	2.98241304837607
57	0.5105926	0.200213773090873
58	2.1929975	1.70714535801667
59	0.05243018	0.0843591279841085
60	2.3951354	2.88008969180556
61	0.028650627	0.0541330567662698
62	0.7288875	1.10083752023077
63	7.3353915	5.62291587157658
64	1.202426	0.796161924868687
65	1.9281913	2.229710487
66	0.11680357	0.52620405063217
67	2.3479514	3.01426972438889
68	12.3811035	11.626150893381
69	0.69733214	0.436133077210833
70	0.107757255	0.106473654949405
71	2.7889836	3.52278147
72	3.112715	2.65919565662791
73	0.14186272	0.135249175135227
74	4.5231256	4.88824787777778
75	1.463238	1.79239349449167
76	0.63740164	0.764613659467619
77	0.15892994	2.00459944307937
78	12.519036	11.2286569017157
79	1.978334	3.13168584887097
80	0.5075285	0.657071035075758
81	0.46539477	1.14640733122222
82	3.1093938	2.59316714782828
83	1.2895222	2.21222712305555
84	0.095093645	0.255133890543939
85	9.226282	4.76298386273504
86	3.3610916	3.88410761175214
87	0.5318198	1.85970631707407
88	1.4722713	2.5603374581713
89	0.89582044	1.8322680387907
90	4.0292487	3.95917140708333
91	2.9251258	2.90823207805556
92	8.392623	9.25024994666667
93	0.7717706	0.551108640475676
94	0.30311048	0.491965052078125
95	0.064909175	0.211059399032796
96	0.13146403	0.234668302346569
97	0.39974865	0.368660272141414
98	1.9026308	1.77124291290196
99	0.33172038	0.37909201245614
100	18.446684	16.5543480509921
101	1.5581272	1.97294726277027
102	0.26827356	0.559332113085256
103	0.6408618	0.939758493469298
104	1.0729682	0.831834874282114
105	0.22387284	0.731310227833333
106	0.8930264	0.958367257604651
107	4.2396483	3.72209694705882
108	1.9952898	1.7912309704537
109	1.5790843	1.45445085822481
110	1.8415447	2.46011519809524
111	4.537629	5.98447657423077
112	11.330379	7.13203431232456
113	19.455732	20.4830864711712
114	0.14693595	0.131564646708095
115	0.09026753	0.0556154415952381
116	2.1283991	2.68768600455238
117	0.6190357	0.472348036842929
118	11.128265	12.7030896210256
119	0.11898396	0.183263835524167
120	1.814566	2.1152564608963
121	9.47476	7.716299635
122	8.066104	4.98415884626126
123	2.2888343	1.88006318946667
124	1.4929173	2.03488313742857
125	3.3139093	3.46878294760684
126	0.08478778	0.119698000031313
127	1.4676301	1.99079538108108
128	0.45141923	0.785178024904701
129	2.8313138	2.39298837577193
130	0.16937567	0.220129136239912
131	4.7754836	5.42022595636752
132	2.4761322	1.2923333469386
133	2.0636065	1.87363422452992
134	2.7707212	2.30608319681373
135	1.6775496	1.9171139991938
136	0.17714219	0.103607858454472
137	0.102563255	0.123745905089837
138	1.0994688	1.34917218053535
139	4.1685877	3.5384204997619
140	2.9953907	4.62845911666667
141	2.1371336	1.75732480260185
142	0.98920023	1.61285991155926
143	1.2975531	2.6952005604386
144	2.349416	3.67118756055556
145	15.985022	11.7882075647778
146	0.12998423	0.291762488343137
147	2.3493898	2.43155452883838
148	6.732362	4.3350244154386
149	0.67531455	1.23822641642276
150	1.4346501	2.57266553491667
151	4.421812	4.49168622440476
152	3.7903056	2.73075243705405
153	0.3917283	0.687538758542857
154	0.40941983	1.34826746365405
155	0.68178946	1.1481929055625
156	0.5438977	1.28020193027236
157	0.051992517	0.791083353833333
158	9.575857	6.58518729117949
159	0.4151073	0.657647571688889
160	5.1064806	3.02036885388889
161	3.0008738	3.43423594328829
162	5.3931813	4.92679880090909
163	4.6360025	3.86690329576577
164	6.463829	6.56608706877193
165	9.662559	9.64108893288288
166	1.9621615	2.21209563016162
167	2.164081	2.97058807853175
168	1.2406639	1.43662541644643
169	5.2414145	4.68153602304598
170	1.2519484	1.31247030893254
171	3.3471322	3.16037982757576
172	0.09937983	0.176627780067949
173	1.3847381	1.45818149475833
174	3.1249251	2.7710672307619
175	2.3924994	2.79353427876812
176	1.4064631	2.65094564310811
177	5.4425707	3.45846666782946
178	0.11227672	1.17972544874324
179	1.5420723	1.07905045165351
180	3.121042	3.24037721333333
181	6.0068765	3.57507260538889
182	1.073275	0.446287552364706
183	2.7366555	2.07279516735294
184	2.3460329	2.68405443099206
185	0.080738574	0.0924143798916667
186	0.13686073	0.558853538352252
187	2.3365753	1.06367789368137
188	4.9992223	3.86224338785088
189	0.7054187	0.636165200122807
190	5.1268163	3.85854866793103
191	0.16226	0.324159747955856
192	0.8825535	0.671448760753571
193	0.3827298	0.85013488
194	0.3256204	0.379477796436842
195	4.154875	4.33455765630208
196	2.5996184	3.00169862056911
197	15.533627	14.0543057857527
198	6.8463416	7.64872014334409
199	1.2656912	0.517937676528986
200	0.34121042	1.18516364790427
201	3.2556682	2.90533005131579
202	1.8069619	1.88027953295699
203	4.4735146	3.67874282346491
204	4.47285	6.02709014865079
205	10.674038	10.803328363442
206	0.111936174	1.889769714425
207	0.9465348	1.50951114647436
208	0.73303396	1.05869670145833
209	0.6044761	0.81131170464188
210	0.5094045	0.981417993234568
211	0.911833	1.62146644173106
212	3.5452468	2.68203221615079
213	0.14000182	0.145823192520513
214	1.921795	2.57550827916667
215	12.211425	10.3970444188889
216	1.0461059	1.46492186563726
217	4.011196	7.34096058042735
218	13.3885975	7.58318941306667
219	3.0549662	2.21471045169298
220	0.3395523	0.897493365705883
221	1.3970422	1.0117720506565
222	0.37529498	0.152241244827642
223	10.867864	8.65018125076577
224	2.5581737	2.28776214607071
225	25.555475	21.804843436036
226	5.7094707	7.14775136957265
227	3.9331436	3.54964522966667
228	0.32667524	0.159205360435784
229	1.8071072	4.35953910219298
230	1.2296774	1.16413594163492
231	2.5502317	4.43873416283784
232	4.637274	5.80474462762627
233	2.3250518	1.27258146627907
234	0.098962456	0.175684002991453
235	0.09603937	0.2127569237375
236	3.7966247	2.46726546487654
237	1.398162	2.38773403913726
238	1.6276228	1.63630905233871
239	1.2786064	1.86837036752604
240	7.9142284	4.53407044873874
241	4.5458794	3.75825513617424
242	1.6792717	1.8035046257
243	0.5011802	1.61518061707143
244	0.1420951	0.626958398013021
245	1.5846483	0.954176135502451
246	2.182295	3.74597102670833
247	0.05879194	0.126081792996429
248	0.2801262	0.310999452914167
249	1.1362387	1.67748592542593
250	3.2589126	2.51355790296053
251	0.11741613	0.111154199003922
252	1.9563649	2.89371146713542
253	3.8167262	3.25781504204054
254	3.4837656	1.68070318246667
255	1.0121033	3.18198594191919
256	0.11383101	0.911046779099099
257	2.0028453	2.34162550817073
258	4.138711	4.75736922577381
259	0.10297861	0.138675352862195
260	0.0999396	0.120393326838462
261	1.6674926	2.2134775481875
262	0.093364306	0.162421104883333
263	4.276464	3.84619064870833
264	2.5190883	2.34025385088596
265	3.2071195	2.77868286538095
266	0.10755916	0.108290118169524
267	8.694958	8.93551913356589
268	12.457052	13.601915477451
269	0.3668931	1.19246645854286
270	0.28491423	0.146337414226768
271	1.3733021	2.52554019125
272	1.1804361	2.37806655441441
273	0.14150517	0.192141597414647
274	5.929883	3.95345708348039
275	2.0350428	2.83014967884615
276	2.9045513	1.75464764302381
277	3.4001985	3.0274010825
278	0.36424962	0.197951529104955
279	5.6599684	3.25579517327619
280	2.0937479	1.77037546056897
281	13.363641	10.5283659930833
282	9.049275	8.35741739934344
283	2.4299712	5.07230874187619
284	1.6996331	2.08068474229167
285	0.8055186	0.418342164618182
286	2.119683	1.86985249218391
287	0.022342635	0.0831913000740741
288	0.06509609	0.0960643064425439
289	0.43168923	0.830240619074561
290	2.6946273	2.68637847765766
291	7.303432	9.33692314186869
292	0.0808575	0.126628030728571
293	0.17237999	0.198877148497863
294	1.9026916	1.67182189197436
295	3.7319753	3.02619632027778
296	0.5301106	1.39646854995122
297	2.0728636	1.98636334470155
298	0.4304056	0.510079582893162
299	2.3120902	2.14966169544715
300	9.870583	9.40681720611111
301	2.7362013	2.32089551405702
302	1.418004	2.43455962794574
303	3.6580622	3.37805449559524
304	3.6017528	2.32443447704301
305	0.03369608	0.0458345167451754
306	0.30619156	0.820726599670176
307	0.50123936	0.703461917094908
308	1.4982244	1.16304571099512
309	1.5144714	2.02111403851389
310	14.059026	14.9137063791667
311	8.852943	7.65907848680952
312	1.4097832	1.17591596822368
313	2.450657	3.38748299642857
314	4.0607743	2.99011040230769
315	4.908902	4.36672193767647
316	2.0075064	1.72814859268254
317	3.4830534	2.58830175162393
318	1.184686	2.07640527752137
319	3.7053943	3.77597569455556
320	16.22984	17.3184727981183
321	0.024372792	0.0328134498718519
322	11.049977	8.81643601460526
323	1.2655919	2.61903252463492
324	0.060462072	0.213626909171212
325	4.39243	3.35747385109756
326	0.36352062	0.582346046902083
327	0.14671372	0.128861909807917
328	0.29306152	0.118512795014368
329	2.9117613	2.99662988383333
330	0.1545462	0.0941960969616666
331	5.1189494	3.42395235833333
332	12.070141	11.7416031158537
333	1.8680251	2.35739287925287
334	3.3499231	2.80952450890152
335	13.363186	8.48282312194445
336	2.0686522	1.34001868319118
337	0.18865477	0.152390813294444
338	1.3013875	1.29432307198571
339	2.3017554	2.68292993416667
340	0.6413145	0.816860169934685
341	1.0980177	1.86540532928431
342	1.091367	0.935576247010417
343	1.3827809	1.67850414003604
344	1.4185064	1.65371920797464
345	5.737194	4.67089009772358
346	1.9904824	2.7843732948913
347	0.08114987	0.145688441929583
348	0.06834787	0.127806612258333
349	2.7659492	1.66980778806667
350	0.099445656	0.143955860229412
351	19.318882	15.0394630222222
352	6.6504774	4.2212532698374
353	1.56846	1.83586787963725
354	0.2660963	0.267315905436404
355	1.576578	1.39293544789445
356	0.47658634	0.462130218957407
357	0.4999996	0.164763540208333
358	1.1756005	1.29595102054924
359	2.6045363	3.96108376427928
360	0.1087767	0.150505297131159
361	0.31536132	0.299983746725194
362	3.7342405	3.61903103378788
363	3.9859605	2.741209963875
364	2.0172074	2.75052980990991
365	5.1236367	4.74005829504167
366	0.91018736	0.924595330126667
367	1.1287819	1.99649479145946
368	0.11983548	1.11977822977193
369	0.1744125	0.209552812691414
370	1.1959456	1.28800823131538
371	0.03809994	0.0581075528481481
372	0.37108094	0.268045431335318
373	0.7242483	0.682152502818018
374	3.3168042	1.58662880788333
375	0.021608526	0.141363842088889
376	2.3200786	2.52192436309524
377	1.6234454	0.782003166667029
378	2.335892	2.59890050319444
379	5.0832314	5.22770025720238
380	0.06814069	0.626492986150476
381	3.4229274	1.86499219189922
382	1.4711857	1.55334772834849
383	1.4895366	3.74576784179487
384	0.059409592	0.0794290764885058
385	0.051617462	0.0790130745186275
386	1.1193783	1.02379109025225
387	0.5757005	1.45326365717816
388	0.47085297	0.444912487730952
389	0.68073726	0.553002350745238
390	7.986222	7.82061213563063
391	0.51697016	1.0082902833186
392	0.2527919	0.125345967188095
393	2.5782027	2.93769056109649
394	3.151778	4.31536386337719
395	0.30936536	0.112808836849594
396	2.298673	2.04561749350833
397	1.3642417	1.44002061427132
398	1.0066254	0.591904489382353
399	6.025638	6.98077408416667
400	5.082679	4.19207867925
401	3.167585	3.22077588161905
402	6.6942472	5.05043656789474
403	1.7258227	2.95951953826852
404	2.278801	2.33900219002564
405	0.09829085	0.0713828835747864
406	1.5727482	1.22966313543162
407	0.83768374	0.486676282751938
408	0.83285916	0.996369512109756
409	4.8996925	16.6063402655556
410	1.0464871	1.35189292148529
411	3.3680272	4.27508522921296
412	0.025744596	0.0508495446738739
413	0.06911199	0.115138615555556
414	5.8855476	4.40798499011494
415	1.71751	2.52662299602381
416	2.5868835	2.74911762547619
417	10.885996	7.35252938906977
418	0.016367974	0.0548066342857143
419	0.020577913	0.0708728903596296
420	0.10022352	0.140936539605128
421	0.090645745	0.344788936525926
422	2.1924384	4.09983785016667
423	0.039318338	0.0580000428115741
424	1.7160448	2.70672292760714
425	4.7446146	4.20915842261905
426	1.0221796	0.594989878743137
427	5.417127	3.94356169662037
428	0.6480663	0.877937484276316
429	1.1486355	0.818335815177928
430	0.033625145	0.0509130365489583
431	3.8448272	4.10994769753968
432	2.9801605	1.29200397452252
433	0.8188315	0.653813984864865
434	0.057208996	0.117443587336585
435	3.5852191	3.87376166716279
436	0.032369126	0.297231695525439
437	1.5113686	3.52495130949495
438	0.04380191	0.0764999174707207
439	2.9455447	2.05610975197368
440	6.0732503	6.01172580106061
441	2.0997753	2.65128786290698
442	5.8398476	3.34097639519048
443	1.774139	0.964861441333333
444	13.680032	14.5545623152778
445	7.701402	9.34130699264957
446	3.0696123	2.4216593618156
447	5.8220625	7.27055581119792
448	0.74692905	1.47704816052667
449	14.8138895	13.8965668732456
450	0.9557585	0.884116812817073
451	0.18593907	0.130428880191176
452	4.225216	4.17113985342342
453	2.3942938	2.86354640846154
454	4.506928	2.25600165382813
455	0.98319864	1.06594296816239
456	0.5470183	0.125521930526744
457	1.1946269	0.892497325945652
458	3.8966396	4.82300533546296
459	0.7682812	0.830435260800926
460	0.09651544	0.210305419855238
461	0.18987843	1.66598504981197
462	1.506928	2.18463379111765
463	11.8146715	13.6226275618699
464	3.7559288	2.70570859791667
465	4.878308	4.7527728863125
466	4.1976285	6.3418544465625
467	3.830839	2.75795823840909
468	0.13805617	0.102707636767829
469	0.4777955	0.476242482971265
470	0.064898826	0.148526794074194
471	0.103537284	0.179297087001852
472	6.7080374	5.39731056480953
473	5.326648	4.06606835283333
474	8.764317	9.0460534540625
475	0.12458491	1.26861355401491
476	3.2822678	2.43920218816239
477	2.1117406	1.78757812253509
478	0.24224299	0.319500904834211
479	4.8890414	3.89378218452899
480	4.267087	4.39994598407407
481	3.403678	2.58125263864035
482	0.24266781	1.02557182198675
483	5.5939445	3.98966402760163
484	0.062147375	0.201267883848095
485	0.12605765	0.597092500065316
486	0.4322833	0.631219985304167
487	2.7238204	2.62028306126263
488	0.83272177	3.49525759833333
489	1.3818345	1.50389704304902
490	3.8004317	3.53708655627451
491	1.4856007	1.30572486487037
492	0.090832	0.130008387228455
493	0.025728062	0.0998080294730158
494	2.2868266	3.38288115935484
495	0.030396882	0.0599024829205128
496	2.8665595	4.24066112699074
497	4.380858	4.65445852365942
498	0.9081853	1.38980911306061
499	4.9025545	3.53474568098291
500	19.144773	20.6709480422222
501	1.27893	1.29400453844444
502	0.10531486	0.602667329369841
503	3.445041	2.12200433847748
504	3.4664204	2.93031716591398
505	18.023924	18.9470814162281
506	0.1991845	0.886910360335858
507	2.4044907	2.81139286640351
508	17.014627	15.0845931894144
509	11.338919	6.985184715
510	0.06815242	0.214040471944118
511	2.208702	1.83882949454167
512	1.0970964	0.672131265078632
513	0.02864181	0.125129488264762
514	1.2477851	1.25319085271111
515	4.0729156	2.68239460612745
516	9.22562	8.75278032753623
517	4.195824	3.76116184675676
518	2.960259	2.05209697678509
519	2.1116607	2.65904086607843
520	9.767265	7.86544813960317
521	2.183921	3.22444950442262
522	2.1738312	1.73133813215315
523	2.404299	3.24301029985714
524	0.15074319	0.108008229180417
525	0.10628515	0.397510977318182
526	0.024525106	0.0419626523153509
527	2.7826214	2.59350281998765
528	7.403482	4.68914653957447
529	0.89940697	1.04265836537281
530	1.007196	1.93200109281197
531	1.5343869	1.20989402834685
532	0.13340355	0.128433361173118
533	7.743786	9.92936611905405
534	3.8227	2.58902769611111
535	2.537512	1.9261570630303
536	0.49486494	1.69575665429487
537	13.672172	12.5650000487745
538	25.583849	21.8113544720833
539	1.1629806	2.01790850613636
540	1.5687355	3.95610783022222
541	0.11964113	0.431641911362366
542	3.2482	2.00423036640833
543	2.3724666	2.03386619647454
544	0.29007718	0.156802942223932
545	11.085522	15.4446364052632
546	1.1742563	1.65733095496296
547	0.22942361	0.155928135246212
548	4.3494053	5.5140998991453
549	5.4982657	7.03955647554348
550	0.88844496	0.924163742006771
551	0.92711353	1.74284648394583
552	6.432294	9.00404448378788
553	2.1707437	1.31383460988095
554	1.7893615	1.49373239821078
555	1.7571052	1.68241344142544
556	0.84963286	1.99608414825714
557	1.3207791	2.12343049508547
558	2.9833748	2.68730835800926
559	1.6048415	2.78596134642857
560	0.043114007	0.11505001959125
561	2.8789303	2.9879794814955
562	5.424817	4.72116753047102
563	2.2052126	3.22444130358333
564	19.47048	19.0868214125
565	1.7759212	2.51219683260684
566	2.9661553	3.68439286799145
567	0.16408876	0.634685574318421
568	0.16679455	0.632398108916239
569	2.360619	2.65522578484848
570	0.11465427	0.184479487145833
571	1.9611758	1.76300254138172
572	10.844573	10.0057236125439
573	2.1033533	2.11000824907895
574	21.08176	15.5324234151961
575	0.92382437	0.788340986257143
576	18.426289	18.1093270627193
577	5.498796	4.39705504012821
578	0.8828304	0.709464774149123
579	8.510456	9.1569775755
580	0.6794283	0.843770242066667
581	0.6564715	0.749776789701316
582	3.995605	4.82658452228571
583	12.218461	8.29411213094595
584	1.6181664	0.752495590032381
585	2.5429718	3.52918430712766
586	2.1269455	2.43443587644144
587	3.4758763	2.44062755390351
588	0.25229052	0.160291247
589	4.3266664	3.36718272358974
590	6.158327	4.10739693211712
591	4.939819	6.37414586536053
592	0.32413086	0.881570241865079
593	3.4367425	3.91392149374561
594	1.7050622	1.90109612575
595	1.3220557	1.68998205822917
596	0.8831824	0.852590254247619
597	16.517323	11.7809506350855
598	16.490183	15.4348271659524
599	1.2471988	0.711490606717593
600	0.10266964	0.208002383119231
601	6.174477	6.54405072130631
602	0.5817614	1.16399258622024
603	6.4299355	4.87490886684783
604	8.104701	8.05356130258333
605	0.44404176	1.36610924867982
606	2.1183777	2.77974688231183
607	2.582964	5.42350312621622
608	0.03999633	0.0422770102070175
609	0.021473143	0.0525458218828431
610	11.194651	8.72684701273148
611	0.48558602	0.835939823726263
612	6.3243265	4.07554771176191
613	1.7677108	2.015255355
614	0.5718905	0.719120314526496
615	14.026763	16.075804171748
616	0.20434608	0.335778174157843
617	8.808642	11.4014961802632
618	6.5135775	6.18273403480952
619	0.15643628	0.176595292998148
620	1.4198844	1.52474261088116
621	1.4971224	1.29485555721159
622	5.94163	5.39057044593137
623	0.81955934	2.38319173802778
624	2.4832463	2.26701238710811
625	4.896788	5.74622940918699
626	5.2695994	3.96693110960784
627	1.6485525	2.3883769154386
628	1.7056696	2.13081842857692
629	0.050496373	1.13509557955657
630	6.414244	8.88747652568376
631	3.8593218	3.85066514727273
632	17.07135	11.4422468474748
633	3.791926	2.10302236672727
634	2.9304876	2.88747409034314
635	1.5665064	0.991392684071428
636	3.7098565	3.3869908005
637	0.74607027	1.36854803809783
638	2.3967443	3.49516157004505
639	5.783745	5.8214404265625
640	1.2562473	2.04051617954955
641	1.890945	2.65845543744048
642	6.57353	4.6597323384188
643	0.2079774	0.913103361855263
644	0.069484636	0.187095657631111
645	1.1455332	1.26006172605392
646	4.350313	3.93944146270833
647	2.302647	2.0092421697619
648	4.323673	2.62299022480952
649	0.101944976	0.481445942578788
650	3.1556027	2.57520291141442
651	0.061486505	0.106880627576667
652	8.8021965	8.3171497975
653	0.12744853	0.119312501238211
654	0.94960195	1.46650210086465
655	5.2187657	6.18795349091837
656	1.9620851	0.976331693583333
657	0.13421819	0.115307439462381
658	4.288969	2.25901845577236
659	9.084184	5.53284616748148
660	8.689228	8.700605600625
661	7.140957	9.0247871718421
662	0.07951294	0.295508788964583
663	0.055602074	0.0952942055801075
664	1.392048	1.9166046169697
665	8.717301	10.3384793975556
666	0.057953056	0.125978844881905
667	1.339158	1.21127667099524
668	2.6725512	1.40511832391667
669	2.4667182	1.76665407296581
670	1.7079563	0.921081694828431
671	0.5441274	2.11890734066667
672	0.24031593	0.0704791852632478
673	0.76469827	1.0643543266713
674	0.053327635	0.0716724645322917
675	15.063382	13.4151749451852
676	2.3355472	4.20784424783333
677	2.4266012	1.81971163156019
678	6.005739	3.54674081715789
679	0.9123118	2.5186973577451
680	4.63831	3.70773126
681	0.63635004	0.466690606748649
682	0.09013059	0.0828989559104762
683	13.741346	16.2793189337209
684	3.8280716	3.10239757301136
685	1.6308577	2.72726261315152
686	5.2384386	3.61247633602703
687	2.386429	3.17991159322917
688	3.265037	3.24362779482906
689	20.310617	15.4777990911111
690	9.813774	9.31244249563726
691	1.4255949	2.7133709155
692	1.3484545	1.70308519328161
693	3.22185	3.8006115398
694	2.192359	2.18687519773106
695	0.8697947	1.80386944827315
696	0.09661782	0.202454153701429
697	0.84714043	1.64341183873333
698	1.5155647	1.70806882129457
699	2.4881632	3.55016080058095
700	2.1101367	7.07137898845833
701	3.0017295	3.26421860012821
702	2.2210627	3.13527945038372
703	0.560533	0.809366422052083
704	1.6803428	2.38900593551587
705	2.4848452	3.44060456488597
706	4.4574084	3.93413765798246
707	0.5564432	0.392704589563514
708	3.8027568	2.69745878979167
709	1.9911157	2.13308645984615
710	0.8282087	0.85486207029845
711	0.09288936	0.127124801394144
712	2.9565947	5.18439044228682
713	0.07574599	0.118783109265152
714	3.390495	2.51151547537037
715	0.052697252	0.268789921364647
716	0.085836284	0.100976426835833
717	0.06224054	0.130699235130392
718	1.8256747	2.93913655820513
719	2.136401	2.04957043744444
720	0.18875754	0.240575836410606
721	1.3693075	1.20181301008333
722	0.31015927	1.38977155807083
723	1.9383583	3.00232763583333
724	0.7103396	1.98187200393939
725	0.1265532	0.129802264004902
726	0.107165545	0.150105235845946
727	2.8234997	2.22225935908108
728	2.6464193	1.5004371910375
729	3.4716532	2.72766493597561
730	0.17600347	0.126862045348529
731	0.7480602	0.740728585744444
732	0.075346276	0.0581035913125
733	10.514408	5.9391738304023
734	1.7014649	2.9821810421875
735	3.7054238	2.74865114951613
736	0.0757977	0.119427612213514
737	3.5959148	4.41543650896552
738	0.5048554	0.78584053646875
739	0.09027641	0.109874772052439
740	0.5940646	1.20544105398649
741	0.33783656	0.6487667803
742	3.5343363	3.796134845
743	2.7417486	2.49575117815504
744	2.0518274	3.09109252750877
745	3.2033036	1.45483912192803
746	5.656783	4.167025904
747	0.3688243	0.350579342086487
748	1.2299368	1.88868084997619
749	1.2619338	2.30992011215556
750	3.8957365	5.06529080808081
751	1.8953913	1.31860051235256
752	2.091532	2.44227922432432
753	1.0558131	0.382772485773148
754	0.06277956	0.112065231430476
755	4.4770317	3.10970974985294
756	1.2585574	2.23594884903646
757	0.03782861	0.13958556456954
758	2.609767	2.05701930969907
759	14.838905	17.24982335
760	0.72725195	0.733019072647619
761	0.26659173	0.809922296805556
762	1.3469836	0.779974449199187
763	2.793974	3.58403799083333
764	3.64532	4.19179695253968
765	0.7152541	1.78930946311404
766	0.45645872	0.900849568862745
767	0.06658566	0.16076232300045
768	4.287214	2.26407285285
769	0.8827908	1.90647017067105
770	0.28188792	0.829592433388889
771	0.67957866	1.02292895422396
772	4.038416	3.14424388705263
773	0.097287714	0.183000850303623
774	5.240233	4.0541824828125
775	0.05477382	0.151726305448387
776	0.9111137	2.3116310389899
777	1.7100348	1.74833246808951
778	5.9781346	7.01709074119048
779	2.045417	1.49955377488021
780	0.088422775	0.102729420452174
781	2.3681154	1.95613762573874
782	8.921464	7.76606447419192
783	0.8504907	3.51825870540741
784	15.033377	13.3990153133838
785	2.2829027	2.68681216189189
786	9.916659	11.3947676502604
787	0.9323991	0.953924830612612
788	2.401576	2.77568958807027
789	1.4630828	0.729911162480808
790	0.067396656	0.117026290217143
791	1.1859546	0.72373367509693
792	2.5219722	2.28519502392857
793	9.731307	9.49280860604166
794	3.7721035	3.20230354531746
795	4.629389	4.58005537473485
796	1.4490615	1.69129811038821
797	1.2786893	1.00945473480496
798	5.112291	3.86827137405406
799	2.548194	2.81836113969136
800	0.05671019	0.0906848245247863
801	1.5147284	1.57686439491429
802	1.6580052	1.26107572444841
803	3.744457	3.05258324609848
804	0.038146675	0.0621858720395833
805	1.5457972	1.97331344525926
806	2.716481	2.23458590475877
807	1.6707885	1.45482837531183
808	4.4166083	3.9620106510101
809	0.23977564	0.165178057617083
810	14.118682	12.3264378706061
811	0.024025047	0.190669610093651
812	9.795893	10.4781038717424
813	1.3243284	1.86100600845614
814	0.21385047	0.0962433785942308
815	1.0226195	1.01278358245
816	2.7426584	1.89742995704701
817	0.03962232	0.0747391678711382
818	0.06163233	0.0596121510157895
819	0.051585127	0.168577535446581
820	0.043472946	0.0553703201867647
821	0.05653471	0.0992316101254386
822	13.230024	9.61186078717949
823	2.6912482	2.69369788055263
824	0.33831447	0.145123146526016
825	3.1092415	3.16044492009009
826	2.9544938	2.18833039887097
827	1.3964138	1.54647203163964
828	0.09811497	0.112703480235965
829	2.6305027	3.21183481992908
830	4.4110675	5.83975089138889
831	1.9398375	1.64063540450505
832	2.3220472	2.49828674091398
833	1.5374509	2.19357437206897
834	3.221135	2.18723379397619
835	6.5730305	3.67099848683761
836	1.8012979	2.99273630542857
837	0.04377226	0.13841494567907
838	0.20632502	0.353811869268687
839	0.10705131	0.0638514266421053
840	0.44295222	1.82717963472626
841	0.069707155	0.172624297856481
842	0.091362014	0.137099237691473
843	0.10157097	0.169161728613542
844	4.789092	6.56435474651163
845	0.035999905	0.038968719933871
846	8.882069	9.68427120833333
847	1.2485926	1.45027650393333
848	5.2297688	3.81343456689815
849	0.28755394	0.138980573192963
850	2.3809416	3.91716036858333
851	16.070463	12.8187796483871
852	3.6161785	4.34438394622549
853	0.6040917	0.814053428004504
854	4.184991	2.78235291557471
855	0.059251234	0.160674144030833
856	0.24306898	0.299241192674748
857	3.0785804	2.57868089965686
858	1.195347	1.02979312943182
859	0.56652164	0.356418768575
860	1.9912275	2.04425315718095
861	11.768645	7.61490072955555
862	6.6809072	6.33133916966667
863	1.7374709	1.47056987008065
864	2.2122061	2.84398547593137
865	1.1206796	1.00084088436458
866	5.246265	3.8805343763964
867	3.6373613	3.28578892289216
868	1.7636427	2.80134143778125
869	2.8697526	1.67561397239583
870	0.5824223	0.869485114629167
871	0.6903552	1.48553267406667
872	0.75864416	0.993909847212121
873	0.15333287	0.209290307756098
874	2.4819906	3.03688074527778
875	1.6883353	1.27239090282342
876	0.063015506	0.117209681530435
877	0.113337986	0.112435946535185
878	2.0411625	3.18050780050407
879	0.7297703	1.20201015544583
880	0.06445358	0.0995823645026316
881	0.21760301	0.945817862726829
882	14.137357	13.9379617615891
883	3.786527	3.64586604083333
884	2.124003	1.8675317628
885	2.1297107	2.60021764446237
886	0.0682402	0.116892727493056
887	0.7886073	1.28353738624074
888	1.3581829	0.817347794401961
889	7.1383953	11.1841713197561
890	0.098253146	0.381105782493694
891	1.8188512	2.5377616207971
892	0.14068057	0.217226808416667
893	1.1944957	1.17646210023874
894	6.438253	12.2234808512037
895	0.9323458	1.35175805674286
896	3.881503	3.09482386580645
897	0.4370175	0.589483251370833
898	2.3773313	2.08180092684397
899	2.9949472	2.43331563865625
900	0.9086343	1.22426745219192
901	4.4032173	6.16884569137931
902	0.3192871	0.285892717339316
903	1.693101	1.55577787362366
904	1.4381409	1.35521164631905
905	4.9100876	3.85692450990196
906	1.51532	0.70053408098062
907	0.9239418	0.685279638919192
908	0.075417176	0.0478819558779279
909	0.3066636	1.03506557171944
910	11.878127	10.1716651165504
911	1.1800425	0.732865537782184
912	6.5170927	5.02232654061729
913	1.7896228	2.40019920003968
914	1.5991724	1.44549179751316
915	3.624047	2.68408115357447
916	1.9292778	1.002976566125
917	2.6649284	1.79180769964286
918	2.2429345	2.59452843734568
919	2.078856	2.32378901385714
920	8.677776	7.76845002083333
921	0.04874717	0.0559924846756757
922	0.061293732	0.0718107139539683
923	6.6823845	5.2678056118018
924	0.05836691	0.113813948983704
925	3.340255	4.34056070574713
926	10.368752	9.71234112697369
927	0.052956987	0.093524485902381
928	1.0664747	1.64089632865812
929	1.029181	2.0282349360098
930	0.08070143	0.0806779677671296
931	6.898297	8.09420093109524
932	3.0099635	3.13772187536036
933	3.2448256	3.67062516592593
934	2.7587192	5.22073529689189
935	3.537002	3.24538170017857
936	1.115728	1.2701010525947
937	1.9732404	1.42107486645648
938	1.8789191	1.19378010897297
939	0.41535014	0.762868931110417
940	0.062038083	0.0621953871438596
941	0.98299843	1.1069401602029
942	8.209975	4.09763123329268
943	0.76329595	0.569111650842857
944	0.04434272	0.200597576211594
945	1.1109027	2.13787004411828
946	1.306529	1.98001843923809
947	0.10102908	0.116152073433333
948	2.3019803	2.12091976629167
949	3.4802804	3.83349417515625
950	2.6170216	3.42595156644608
951	0.11656571	0.2164496499
952	0.7553348	0.914001647597059
953	0.039155748	0.116594102229902
954	0.045814864	0.0686734576592106
955	2.0049813	1.95035068090598
956	0.2660575	0.14411649147803
957	0.086611606	0.0917336489259804
958	1.9990674	3.35327456759259
959	0.3182746	0.682575357347222
960	2.865173	3.70465935910569
961	3.8619368	9.26926534723485
962	1.2035633	1.06313934776667
963	0.09145836	0.093683977012381
964	3.1557875	3.13297968509804
965	7.2098126	5.98798387268817
966	1.6514794	1.62142396614943
967	0.80370307	1.46167495841667
968	0.030894663	0.128303244315278
969	0.060496125	0.0697569998359849
970	0.021391055	0.0922076190531746
971	0.05552498	0.0996759095386364
972	0.035011113	0.168040493936585
973	3.387833	2.71704994896825
974	4.3351154	3.48190378862319
975	3.7723873	2.79901951288288
976	5.1317463	4.52506376244186
977	0.19582647	0.214979046519658
978	0.12694682	0.471542911341667
979	0.027387777	0.0712129320075758
980	7.0908484	6.96415971970588
981	2.6965692	1.92755675457143
982	0.118296154	0.120557306013889
983	5.480676	4.85731355586667
984	4.1167736	4.67945751452381
985	2.0998516	2.19143946687179
986	0.21365385	0.849699300660465
987	1.9757936	3.5502802192735
988	2.9455988	1.81940077989524
989	3.118894	3.45583862791667
990	0.9357861	0.820667841717647
991	2.3218365	2.40277097185586
992	0.09256143	0.0811998627122807
993	1.7068372	2.06663452402252
994	0.04678755	0.149585187945699
995	0.51109624	0.815830504692461
996	1.1496581	0.965527882808824
997	0.060571205	0.0791163158454545
998	2.051595	1.82248366388889
999	0.38295233	1.09003780018982
1000	1.7078727	2.43914291439394
1001	0.073245995	0.0972972558634921
1002	20.001955	17.5201963371212
1003	0.15449908	0.160400906131481
1004	13.619495	11.1859097810185
1005	9.1992445	7.45274605004762
1006	0.890271	0.95622324425641
1007	0.07220624	0.120342738309195
1008	0.035083205	0.141102490813333
1009	7.651884	3.05068680811594
1010	6.560219	6.70601943792793
1011	1.1210023	0.74882420052402
1012	0.095399044	0.141587805822072
1013	0.8156657	0.808254513846154
1014	4.434148	3.77813257619658
1015	1.4233353	1.73665227188333
1016	2.5939279	2.16898119683838
1017	0.067747094	0.0818659918394445
1018	0.06404707	0.0735706537557143
1019	0.28275487	0.701753196575397
1020	0.7019825	0.198913442864141
1021	4.4580855	7.25857996338384
1022	16.978634	14.6071456424731
1023	2.501045	3.0612786804065
1024	12.844118	13.2590126689035
1025	4.964387	4.89769196747312
1026	0.5000019	0.986073978904762
1027	5.9036074	8.74373749486486
1028	3.2509398	3.628855675
1029	5.4396095	3.47487969318182
1030	2.264066	2.43515637695312
1031	3.539012	3.41163774528571
1032	0.07543171	0.0848693633966667
1033	2.2639108	2.45938865399099
1034	0.08985573	0.0963231056298851
1035	0.31477082	0.752764804800813
1036	0.27030393	0.132444785780894
1037	0.84591186	0.933078613762626
1038	0.15042357	1.30473314644949
1039	2.2619076	2.30113984482407
1040	0.06469376	0.122537184537607
1041	1.4042168	0.960786497324786
1042	2.0101252	2.99376412630081
1043	0.9325516	0.470967499686869
1044	2.987215	3.09842395492064
1045	0.06383427	0.135323065343182
1046	0.15408944	0.0923975212961904
1047	1.2467579	0.658131195678283
1048	1.9023207	2.23336047486111
1049	1.5355655	1.56039534371667
1050	0.9605885	1.44248636657222
1051	22.518679	21.8526985178161
1052	0.09898107	0.317897170477143
1053	9.475885	11.0338721313889
1054	2.5441988	2.32814827463415
1055	2.9217937	2.65014763631313
1056	0.23984237	0.541428127510526
1057	1.2891381	1.14882765881532
1058	0.085246824	0.0765582750431373
1059	2.4221964	4.36949833754386
1060	1.3127915	1.01001486121053
1061	22.053604	21.0936904747863
1062	6.6157618	5.83809574666667
1063	0.06829442	0.110519546264368
1064	0.09519749	0.0944285228421569
1065	1.6589541	1.31266052793056
1066	0.09627074	0.190948283618817
1067	0.29344627	0.437756432614815
1068	2.489948	5.24304491257576
1069	1.3750167	1.99713350168217
1070	2.081865	2.497425571025
1071	2.023461	1.151865782176
1072	0.04295525	0.162604549329279
1073	8.250223	8.5773271731783
1074	2.2974434	2.81920698965812
1075	0.20079151	0.283425792559
1076	0.18380475	0.153278480156757
1077	0.14543639	0.129296675590991
1078	2.6676013	2.74218385886364
1079	2.526678	2.48615610828571
1080	0.09222018	0.210138109409649
1081	4.5561028	4.44396971619048
1082	0.16101299	0.741389045371053
1083	11.577823	17.8765176876984
1084	2.1801996	1.46976458448529
1085	0.08598171	0.164290868458081
1086	1.0651786	0.792139221921875
1087	5.873722	4.15215660519048
1088	1.2044871	2.73231551030702
1089	1.8259563	2.22457317053704
1090	0.08604886	0.123829193551351
1091	2.3730702	2.72872389606482
1092	0.08662606	0.134627001522222
1093	2.8753133	2.62299964134409
1094	0.7686854	1.12417528013636
1095	0.45043296	0.547438812974815
1096	0.8759965	1.18720715730864
1097	10.13668	5.590223395
1098	7.961115	11.901179006886
1099	0.21134476	0.567025212792857
1100	9.191687	6.48380639662357
1101	4.148361	3.12289894011261
1102	0.07680758	0.117271815311979
1103	0.1137912	0.0357734204890625
1104	0.92797655	0.634381575497222
1105	3.7812004	3.4617416927957
1106	0.07011268	0.120068445995175
1107	2.1215837	2.44593990555556
1108	1.769423	2.57172355095238
1109	2.58369	2.83071924419192
1110	2.241424	4.61334255454955
1111	4.9711256	3.54061745820833
1112	0.15055557	0.117357134853175
1113	0.052292876	0.153409567807353
1114	0.1080897	0.105451077888726
1115	0.08039296	0.146046724361111
1116	4.342784	5.05899878963542
1117	0.06620378	0.110576400854878
1118	6.299939	6.13474250316667
1119	0.14859216	0.761002729254054
1120	1.9120905	2.5440905675625
1121	0.25951263	0.0937380224944445
1122	3.0286038	1.78803164335714
1123	2.4759307	2.21649010846581
1124	4.567172	3.70587366470086
1125	2.3472273	3.46454613511979
1126	0.28420913	0.361913306390741
1127	8.7025	7.88937156745098
1128	4.490114	3.47494862523148
1129	0.14822201	0.145399560730303
1130	6.9539046	7.62960542311403
1131	10.615308	11.7634022822222
1132	3.5656674	4.05941126717391
1133	8.111178	6.95957937859375
1134	2.782626	3.22833796994792
1135	0.535032	1.00552934489444
1136	3.2911952	4.58071436066667
1137	1.2021667	0.623377854653846
1138	0.047055665	0.160475348096875
1139	0.10493661	0.10076005002598
1140	0.08878835	0.220254580829675
1141	1.9108154	2.10445923833333
1142	0.40397087	0.482194346270833
1143	2.6144695	4.93390975260163
1144	2.18992	3.26618481056738
1145	2.7023804	2.26765518408602
1146	1.8751565	1.70440357943939
1147	0.016996577	0.0867552913972868
1148	0.057001296	0.680155542467544
1149	1.9232463	1.58980585259804
1150	1.7288631	2.68129739446809
1151	4.137165	3.69999875666667
1152	0.09631353	0.101825499708915
1153	0.1291628	0.221556844917949
1154	1.7159529	0.966263858081196
1155	3.410643	1.42205669988021
1156	0.052106157	0.949553391870543
1157	6.5453477	7.99882199119048
1158	2.2110088	2.28540780257407
1159	0.056583185	0.133264935418605
1160	14.291322	10.7477026180108
1161	0.050431654	0.114721323100794
1162	2.1618674	2.93962982115741
1163	1.2723776	2.42650870025253
1164	5.9807725	4.46417768813726
1165	0.050942868	0.0769251743252252
1166	3.2288926	2.21388405696078
1167	0.056492284	0.11467155524381
1168	0.18211533	0.151071332758333
1169	0.041806903	0.156496204640952
1170	1.5187424	1.27408704400794
1171	0.20534681	0.618332422214706
1172	0.025780074	0.0825503026670543
1173	2.2641227	1.1609684639009
1174	19.923079	18.0763904895935
1175	1.0428827	1.25896521642308
1176	1.5026696	2.04599697771318
1177	0.86059314	0.988625355994792
1178	0.11333537	0.189362226784783
1179	8.373121	10.075484657
1180	2.202449	1.71507803608929
1181	0.4036951	0.303989150430631
1182	9.163683	8.73913513856589
1183	0.045861293	0.131968588525463
1184	0.2555297	0.482445349265657
1185	0.16342606	0.14308420302619
1186	2.5758295	2.71733278520833
1187	4.8422365	5.03607511064516
1188	1.0167794	2.19372438367521
1189	10.567251	7.89975906325758
1190	0.13597238	0.169560276881481
1191	2.3196857	2.40415412279412
1192	4.6658716	3.46665838929825
1193	0.080272235	0.128243308212698
1194	1.0996759	1.88535785911712
1195	1.5682021	1.66416671428736
1196	5.4868298	3.91196636698333
1197	4.395001	3.30845638369298
1198	0.07550093	0.104810076794762
1199	0.06626045	0.117132026238384
1200	2.3080854	2.8967073975817
1201	0.28765994	0.790113885324275
1202	0.12690061	0.207917198631667
1203	10.657208	8.62090589567568
1204	2.0387642	3.90112481123932
1205	1.935027	1.92354775272727
1206	0.5300339	0.96219003242029
1207	0.5013085	0.527541369459459
1208	0.43862092	0.389766372489583
1209	0.05073463	0.128480487997287
1210	2.4159997	2.9719823190404
1211	6.176354	5.01269029092105
1212	3.3954232	4.40304959189923
1213	1.7847607	1.64861711749573
1214	0.04017085	0.0805510093722222
1215	1.1792284	2.29149910886179
1216	2.1306875	3.38923744666667
1217	1.633447	2.90717387445946
1218	11.834457	10.0983580255333
1219	3.2789555	4.21116019886179
1220	0.27686012	1.85578548672857
1221	7.134017	4.81211568390476
1222	3.105662	3.34113814522222
1223	0.09137736	0.149667412119118
1224	0.05628999	0.140959525367157
1225	3.4314952	3.4379856429386
1226	1.3873308	0.891763670681159
1227	0.10778543	0.0751934273025252
1228	0.35916352	1.14613500286279
1229	1.5472379	1.33839916526316
1230	0.75964427	0.715904556890625
1231	3.0206206	2.10828792622368
1232	0.2517517	1.55830282558642
1233	0.05634685	0.171965364193103
1234	0.9755457	0.522682282380417
1235	4.558421	7.29382506989583
1236	0.7215116	0.741249671808824
1237	0.09536379	0.108174729995529
1238	0.04488009	0.179917912723077
1239	0.7146921	1.49578155470833
1240	0.71769273	2.02825311557471
1241	2.0106018	2.92282506359649
1242	2.9500659	3.5401311064539
1243	0.06756889	1.05623896238293
1244	2.840803	2.00054342092593
1245	0.05124998	0.100128854291453
1246	2.2034326	2.87566966397849
1247	5.394011	4.06620132798246
1248	0.1589102	0.498334586768137
1249	0.8850666	0.763285575102941
1250	2.9732502	2.90405203577519
1251	3.0325606	2.88259576131313
1252	1.6724885	3.20740470428571
1253	2.5860398	2.77064172201754
1254	0.09898775	0.143295067475439
1255	1.9936152	1.32428647445098
1256	0.12792456	0.490561176648148
1257	0.6359834	2.03249506367742
1258	11.853163	10.5045116676961
1259	0.3149637	1.14348888785294
1260	0.97232884	0.962860871783784
1261	1.1359013	1.06807510001085
1262	3.8672464	3.23083049868421
1263	1.7722594	1.83619213330631
1264	2.5129921	2.48859534813008
1265	1.3163491	0.981470383661363
1266	2.502955	3.09515617328947
1267	3.7833564	4.80066441091667
1268	1.7285082	2.21996670166204
1269	10.253777	12.0671497013333
1270	1.2145594	1.0902176732125
1271	1.4570616	1.87820966357527
1272	0.3344076	0.340131751486111
1273	4.330096	3.09870500396396
1274	2.5000823	2.55879397280952
1275	2.3652465	3.25533864171429
1276	1.6988306	1.63793593036191
1277	2.9929786	2.54567779445736
1278	0.046596665	0.155493902631111
1279	5.139803	4.30037543685185
1280	0.44686666	0.477170272508547
1281	0.7477274	0.461207276116216
1282	2.3552585	3.58817974631579
1283	0.9837383	1.59132601878161
1284	0.2791032	0.4674963586
1285	3.577655	4.17490958313008
1286	0.95435554	0.383061672810606
1287	0.14524192	0.901554921122807
1288	1.3930781	2.31281349495496
1289	0.1020599	0.160872614440789
1290	0.0929337	0.32497526547963
1291	11.021561	9.93012125579365
1292	1.8283567	1.65412939018817
1293	0.055368885	0.0734026638314286
1294	2.7058995	1.58035506468333
1295	0.3871066	0.717717808303922
1296	2.4503365	2.7449830981828
1297	0.09085415	0.290417490569136
1298	4.451392	4.72536061787778
1299	0.35149884	0.643720368485
1300	1.9071653	1.75009158704264
1301	1.0912168	2.35264776651852
1302	0.14388214	0.115481015540909
1303	0.88355213	1.1309488189697
1304	1.9082726	1.079464147975
1305	0.27583054	0.806838849717172
1306	0.3360775	1.37376314119444
1307	7.8841066	10.2428539868333
1308	2.5510514	2.05686901195402
1309	0.5905988	0.519149158005556
1310	1.3977469	1.30567488242157
1311	0.4734911	0.849418223385965
1312	0.026011033	0.0594785061365741
1313	2.1173067	1.90868577605856
1314	2.9554248	4.4333867575
1315	0.4472428	1.88770608976316
1316	2.9770076	5.15564806373874
1317	0.21528935	0.439663770956667
1318	0.47734267	0.5752495640375
1319	0.97808266	1.62270840731624
1320	0.86539555	2.00959353280392
1321	0.05681999	0.211284132590991
1322	3.0301847	2.30429455202381
1323	0.5716874	0.851151900652778
1324	3.002941	4.079780382625
1325	0.035020877	0.0582204269722222
1326	0.34330454	0.950537482952381
1327	0.20791723	0.114794483625225
1328	1.8072264	1.23627353778829
1329	0.31985024	0.996728818277778
1330	0.053972945	0.0675543421982143
1331	12.071076	9.58920713551587
1332	5.354523	5.04946091072072
1333	0.12352577	0.55841072708421
1334	15.958502	14.0723200863248
1335	2.0315154	3.33552893414414
1336	4.423019	3.60416150441176
1337	1.0632818	2.1917646212963
1338	1.4866337	1.47553775157143
1339	0.01682572	0.0445858532286458
1340	5.438188	4.15641782393519
1341	0.24963534	0.370246704887719
1342	0.052473404	0.0968245718378379
1343	2.947768	2.36069402150758
1344	2.4013324	1.80834385523504
1345	0.51392525	1.30831622673246
1346	9.377478	8.1610343696875
1347	4.154651	8.35443206212121
1348	12.379165	13.3093250811275
1349	0.37085468	3.51962541447917
1350	4.626765	3.56441287848039
1351	4.17071	4.26295318283951
1352	4.470109	3.98068905469298
1353	5.090546	4.76246383635965
1354	1.8263584	2.91888724736842
1355	0.31312257	0.153569424566239
1356	0.057536975	0.0514471235225
1357	0.36633945	0.184714292180108
1358	3.3141348	3.80927935886179
1359	1.9811925	1.63131911094309
1360	2.5421724	2.009816625
1361	3.694829	3.46222659970086
1362	1.8877431	2.49271861564103
1363	1.5133872	2.14358192851852
1364	0.6699605	1.64094456183333
1365	15.896174	14.5905500218391
1366	4.8666186	5.65339530729885
1367	0.2667888	0.626042659313726
1368	5.578494	6.06616689903509
1369	0.62416273	0.830359000490196
1370	0.11566502	0.161487872495238
1371	0.88742334	1.89466517653333
1372	10.062727	11.0691452848864
1373	2.3561473	2.94240368923077
1374	0.07489195	0.192895069101626
1375	2.654305	3.61199469261905
1376	16.985687	17.6079081598485
1377	11.162272	6.07662803547009
1378	1.6809871	2.0729878720122
1379	0.15396713	0.170366859941228
1380	0.94380397	0.781417177597222
1381	12.20557	8.14322458995935
1382	0.112845026	0.125127194482292
1383	6.305009	4.163562587125
1384	3.439235	3.11541017202703
1385	3.8601453	4.64615178575397
1386	2.9670386	2.90164938083908
1387	0.64182204	1.21817713373932
1388	0.22038168	0.123971686346377
1389	1.3668578	1.58569787160606
1390	0.028051417	0.114572513615657
1391	0.04654744	0.129768937664286
1392	2.070671	2.41225682004065
1393	1.7419797	2.60792919320175
1394	3.1465738	4.7969341409375
1395	12.416008	9.48467417939815
1396	1.972584	1.9686680178125
1397	0.70767075	0.577137020268116
1398	0.10494887	0.0952811173528736
1399	2.21168	2.25970378785714
1400	1.2833474	2.44524806226471
1401	5.928689	5.13279474227273
1402	3.0496178	2.98110655650463
1403	0.669445	0.789258323705128
1404	3.8923478	4.65747174989899
1405	3.3943403	2.98139417581018
1406	0.02259488	0.0766916078166667
1407	4.3650084	3.95133449858696
1408	0.96971434	1.23054623335526
1409	25.42197	21.7475030294872
1410	0.067646556	0.0850625180370371
1411	0.05017145	0.151765100260417
1412	9.246392	5.3630155244086
1413	0.65821534	1.05512428729825
1414	4.3049407	4.04578754526882
1415	0.04863349	1.4112445424375
1416	4.200915	3.32327434154255
1417	1.3443072	1.17051592403333
1418	5.9701753	10.1236131500521
1419	2.143299	2.91819711611111
1420	1.9897951	1.74365881371138
1421	18.163225	17.3799239946237
1422	1.1420472	2.13166934011538
1423	1.6320274	1.24830286549123
1424	13.283947	15.1589877123932
1425	2.8726041	1.91925751677778
1426	11.423216	13.2326215382353
1427	0.15896621	0.55030857910606
1428	0.03824686	0.130002796984146
1429	7.70347	7.35471561132184
1430	2.591223	1.5752816860307
1431	2.347476	3.23198457953333
1432	0.6531946	0.620749132039785
1433	1.3853794	1.72173316312476
1434	0.5762037	0.426240664755952
1435	1.434967	1.92944078131783
1436	0.488012	0.247474333705128
1437	12.807645	7.95681306485294
1438	1.5863696	2.70796382144737
1439	1.7284073	1.75551444873684
1440	0.78847176	0.755997389779279
1441	3.6445177	3.39541460175439
1442	2.8034434	3.16818992528572
1443	3.2587426	4.3575550849187
1444	1.1748275	1.35414338581532
1445	1.7545221	3.03789548435897
1446	1.6469831	1.40401625604902
1447	0.6193265	0.651917232901042
1448	2.304221	4.78016957247748
1449	3.0151694	2.75463570268293
1450	4.970991	2.75522335257407
1451	4.8380985	3.57389029975
1452	12.358565	14.2689186713964
1453	8.863384	6.84736362984375
1454	16.680893	11.7721360774775
1455	7.6676	7.04778693023148
1456	4.385939	4.88017047953704
1457	1.4398062	2.28605896185606
1458	0.030196814	0.114198251268519
1459	2.820531	3.16124459573529
1460	0.9335839	0.671869912655856
1461	4.352391	3.37354493337719
1462	2.6203265	2.47883470138739
1463	1.0238463	0.96398611589899
1464	1.5496461	1.05554473876923
1465	0.076906525	0.138917495385058
1466	0.2521782	0.337040725835859
1467	6.539544	4.68649087376068
1468	0.067889936	0.0791998250396396
1469	4.316629	4.24454346353659
1470	6.757358	5.01530355613821
1471	3.8938396	5.99541745162162
1472	2.672879	4.20952638532381
1473	0.026194714	0.125631551110294
1474	1.5388393	1.36005984255952
1475	1.1135075	1.90079590281532
1476	0.1272606	0.290587814077586
1477	0.0541175	0.634352320148189
1478	0.32957125	0.656519589914415
1479	1.8565276	2.36056840331183
1480	0.14744754	0.198092066795045
1481	1.1540488	1.74817863471667
1482	0.63310456	1.14500682388333
1483	2.5176508	2.12580977833333
1484	0.09911554	1.32289613463563
1485	0.7833887	1.9541215891641
1486	7.6849136	9.20161892514286
1487	2.4910653	2.73683918314286
1488	0.57710207	0.523997663751984
1489	0.9092171	1.92850051073864
1490	2.0451825	3.39644897984496
1491	2.8284936	1.13327788497967
1492	1.0970188	1.02278693158974
1493	2.9181752	2.995552224375
1494	1.0522715	1.39432230449225
1495	1.1839536	1.29753097735556
1496	3.140947	2.10665992647619
1497	1.41375	1.63792611566146
1498	14.146104	14.0633844708333
1499	2.366995	3.63172757154762
1500	1.4458766	2.94322636105556
1501	0.032005977	0.063485865627193
1502	0.060259454	0.164845879676667
1503	2.1505287	2.08471307083333
1504	1.6946249	2.87328554071429
1505	2.1689892	2.49817803220721
1506	0.3172894	0.524678764561905
1507	0.9989182	0.868436476479167
1508	1.1145403	1.24650738590476
1509	0.5193867	1.20976705217593
1510	4.5606437	5.09768388623016
1511	3.7287765	4.14447553692593
1512	0.2360503	0.522528428008081
1513	1.5620271	2.03194105606481
1514	7.376296	7.058525915
1515	10.158764	9.08738765810185
1516	0.9402745	0.237643979898246
1517	0.03984322	0.281522045079167
1518	3.6852229	3.04569970200855
1519	0.10627166	0.930889017081197
1520	0.15472515	0.130869860107353
1521	11.465904	11.1080132101282
1522	16.04119	14.6902197636752
1523	6.490093	2.90075159833333
1524	11.951862	10.4355602001709
1525	15.529778	15.4151481018519
1526	2.1099985	1.80621988687963
1527	0.15739001	0.0943684124991228
1528	2.5335035	1.94742144772109
1529	4.074692	2.48893614719697
1530	5.659184	6.28411644545455
1531	2.4304984	2.35744975542735
1532	5.462817	4.15609505223958
1533	3.7829976	7.68715203329457
1534	1.1368313	0.967303183269231
1535	2.2539396	3.06551298442708
1536	0.0990071	0.135630768411364
1537	15.952634	15.7629834693694
1538	0.78380936	1.41031765610101
1539	3.56666	2.82790950232456
1540	2.3839812	2.59001162506098
1541	5.3968525	4.26975867493333
1542	0.17017029	0.187521157946296
1543	0.06523738	0.138623096713726
1544	6.8736997	9.02343951595238
1545	1.2885094	1.78426831756191
1546	5.989265	6.2373226803125
1547	1.532469	0.884642686811111
1548	12.561139	6.96158570027778
1549	1.0049437	1.02805124551754
1550	1.1140805	1.00480544516667
1551	0.15884578	0.0535095224235294
1552	0.12844422	0.0886749709968254
1553	4.4978495	5.8422164394697
1554	0.10804428	0.352206401302857
1555	1.8681759	2.40018123397959
1556	2.0444934	2.01670376265766
1557	13.470326	13.6053217476191
1558	0.1527285	0.131988094956481
1559	5.218461	3.7522501725463
1560	0.06301385	0.12465368538254
1561	2.0357609	2.38908912420833
1562	0.22736177	0.156097208546032
1563	4.5932946	3.92294755564516
1564	2.3364718	1.31771232452991
1565	2.7879853	2.70464994993056
1566	3.8187356	3.23678056302083
1567	0.07410619	0.0453617468759804
1568	1.3371243	0.880904576673077
1569	25.103464	20.5983459242857
1570	1.1042827	1.47117476184848
1571	0.8552018	0.62393697995946
1572	0.04565383	0.103634987460993
1573	2.7010758	1.95302632492857
1574	0.82345897	0.42928390695614
1575	3.454096	4.33169840280952
1576	0.41076744	0.984072996109649
1577	4.9438396	3.15075715302941
1578	10.438059	12.3065832808333
1579	1.2255796	3.75177131602564
1580	0.63579136	0.848067723252252
1581	3.392059	2.28452438277778
1582	2.7796342	3.15405586579365
1583	0.3855072	1.15632310545935
1584	1.7284992	2.37801309279412
1585	5.4240785	4.57519911053333
1586	1.5576599	1.43309596979675
1587	2.144895	1.90066788249462
1588	0.8213698	1.93217531222764
1589	1.3813154	1.42405527653241
1590	0.05387557	0.106187238747619
1591	1.4129934	1.75478385426095
1592	1.2733542	0.78294487735307
1593	5.285655	5.82461078611111
1594	0.25842407	0.611388125386667
1595	0.056955095	0.104303056785069
1596	5.726053	4.19808287792793
1597	0.4704756	0.911592368887097
1598	0.06943817	0.112273044176
1599	1.0436985	1.41976190017094
1600	3.0544922	3.41936118172414
1601	0.41973922	0.308826175007658
1602	0.39301673	0.403403173388889
1603	3.1763253	5.86519018353535
1604	1.4389465	2.25175718751282
1605	0.20592922	0.0855524982954955
1606	0.13050646	0.254778322953922
1607	1.1209334	2.17791050094907
1608	6.6924887	5.80637308708333
1609	0.6898793	0.626898830783784
1610	3.1912196	2.88380429921296
1611	0.10370327	0.667505073780808
1612	3.5928938	3.18398215492157
1613	0.084125146	0.148118705790417
1614	4.305054	3.08623177991379
1615	1.3068197	1.84392071873737
1616	0.9822089	0.69698636929845
1617	0.04492256	0.0951349800921875
1618	2.554955	2.01236049706566
1619	0.0347621	0.118757382866667
1620	5.90473	3.76520337269231
1621	8.4835825	5.75565644598958
1622	3.1704712	4.15729831608156
1623	1.3743145	1.88827105944444
1624	0.12842584	0.0841236173796748
1625	3.077067	2.18611304980741
1626	3.9231284	2.009180921
1627	0.78264445	0.519775741915657
1628	0.20409921	0.103889009986111
1629	22.880707	17.8373124098291
1630	1.5699128	1.85331160061274
1631	3.411426	2.65106371445652
1632	0.04599376	0.0883834787171875
1633	0.45426014	0.620606334919298
1634	2.057127	3.05775225198925
1635	11.96028	12.9785526741667
1636	0.10650314	0.0966113234075758
1637	3.188447	1.79407206623333
1638	2.5405252	3.25595980157143
1639	2.557445	1.59524907968939
1640	2.782638	2.27488970791667
1641	5.1473055	5.35602796293103
1642	1.3525826	0.719668739804924
1643	0.14146568	0.137944278406863
1644	0.16060998	0.112256913957917
1645	0.06430079	0.0664898132036036
1646	0.19034576	0.0858424896765625
1647	2.081206	1.882507737125
1648	5.5879903	6.53114040818627
1649	5.1113167	4.94170828738095
1650	0.49282992	0.80785364175926
1651	0.7599282	0.361112405235784
1652	3.8174798	3.35899358756098
1653	0.54352325	1.49463281090625
1654	0.3452673	1.42976200275581
1655	1.7258769	2.0009823324359
1656	1.4237742	1.75632125735374
1657	1.7083887	3.10157949595238
1658	2.0917625	1.60618410137745
1659	4.059532	4.36098789259259
1660	0.6857088	1.39476463641204
1661	0.087475725	0.0999445201287879
1662	0.11492269	0.127914182284896
1663	0.5349256	0.504777964648039
1664	0.2326045	0.107033676318182
1665	11.160337	11.4119047032895
1666	14.8412485	13.3676638215278
1667	8.930181	8.29526712563725
1668	2.7675967	3.49619389796748
1669	3.4724271	3.36324679925439
1670	2.0966861	2.08497051260684
1671	2.7503462	3.07674918817829
1672	0.033039898	0.0953794801080952
1673	1.2203978	1.43474575210965
1674	9.17257	7.26221363901961
1675	0.13597895	0.570584654644841
1676	0.09772666	0.110701804023232
1677	2.577552	3.62471796412281
1678	0.7719167	1.39702261065217
1679	0.04475742	0.116235856919444
1680	1.0057937	2.21927421961403
1681	0.15212265	0.159365128957292
1682	0.27517948	0.0836127366887387
1683	3.3170905	4.29976071776423
1684	1.1931429	2.48910117479798
1685	2.9551182	4.159818415
1686	2.9751468	2.84054783377193
1687	0.057078592	0.168289191430556
1688	1.176676	1.56308241880488
1689	3.468873	3.17469168310078
1690	5.234079	5.56934206096774
1691	1.0384998	1.31376384076471
1692	1.2489048	1.66946690404825
1693	1.0924414	2.24798598875214
1694	11.94385	9.93600331681373
1695	1.3992615	1.33528528048299
1696	1.9502871	1.71251600315351
1697	0.2106024	0.125238732329762
1698	1.7570792	1.75317189811364
1699	0.10602878	0.208818309714583
1700	0.81770384	1.7284025624955
1701	0.1389259	0.0890646418918919
1702	0.26931435	0.605929349130263
1703	0.33789936	0.523530628188043
1704	0.028816309	0.0628995581171053
1705	1.1760799	1.39444751386179
1706	0.7810859	0.781504723357724
1707	18.321075	16.9966860528409
1708	0.88609684	1.48605736952778
1709	8.1301985	9.44217185130631
1710	2.6964684	3.82357043431373
1711	0.26077566	1.02430288676754
1712	5.403543	3.64385195967742
1713	0.17370045	0.198857786778829
1714	1.9454962	1.57719423552381
1715	0.23784995	1.39022320875
1716	0.9366672	1.60087437781111
1717	0.039585136	0.0695382379634752
1718	16.4023	15.3394645521368
1719	2.2410903	1.70272232119919
1720	1.9312098	1.870197935375
1721	5.9358435	4.44464417934211
1722	1.3739246	1.40375849385294
1723	0.07607473	0.104027906578395
1724	1.7150944	2.57447024671296
1725	4.306289	3.36499144735043
1726	16.729744	12.8671591970707
1727	0.67447215	0.667686036113476
1728	8.236153	7.57870296125
1729	0.48174837	0.367019347072222
1730	12.639321	11.4399524022988
1731	0.7668599	0.562299517903125
1732	0.028921291	0.107786953981481
1733	0.5997386	0.459026725198766
1734	4.061379	5.43128188434343
1735	0.108483784	0.232367486985659
1736	13.298126	9.40533315486487
1737	1.6395506	1.78395389482906
1738	0.06710552	1.07348363405674
1739	0.5481761	1.50319648856373
1740	0.21217288	0.498281737042793
1741	0.17189616	0.156472458410494
1742	4.662291	6.36146745019048
1743	5.600611	5.96625250967949
1744	0.062264416	0.0850409148360215
1745	0.06481555	0.250968560158621
1746	0.07277403	0.0995504311518519
1747	0.13020957	0.11764564634
1748	2.0009508	2.3909499925935
1749	1.3746327	0.765307777916667
1750	4.0245147	4.50586782525252
1751	0.33775252	0.882539158484848
1752	0.036186323	0.0626228997418803
1753	1.675176	1.92216780491473
1754	0.6099438	1.61175962733929
1755	1.2731476	2.25785517354167
1756	0.13635714	0.103928387685238
1757	0.04109957	0.268171187676016
1758	0.23426032	0.122096698148095
1759	2.2304952	2.46214351368421
1760	1.0163358	1.27231345439431
1761	0.23185958	0.11267413179697
1762	1.7527606	1.07290734453979
1763	0.92958987	1.12275625907323
1764	0.2764526	0.640083287297059
1765	6.502519	6.0989052
1766	0.5666527	0.799748640289474
1767	7.200167	5.59161444402778
1768	3.276447	3.30134990026829
1769	2.73417	2.92532918774775
1770	2.0371673	2.02586516504722
1771	2.2824519	2.30289941421296
1772	2.832973	2.538892368125
1773	2.426453	2.00731290351191
1774	5.201117	6.57372640933333
1775	4.128308	4.28932632752688
1776	0.787917	0.921215611008772
1777	2.6801906	2.08751202585714
1778	2.9760356	3.09749841930894
1779	5.5851536	4.15980467317204
1780	1.0941174	0.27897564252561
1781	5.0367975	6.7530786535
1782	0.45768008	0.669766439073171
1783	3.8455968	4.33101996462963
1784	1.1274316	1.12860116448936
1785	0.6335855	0.545975955810811
1786	2.9197	1.64815306772109
1787	2.0925968	2.18442476874748
1788	1.3905969	0.853472941144737
1789	1.7473203	0.798086898681373
1790	1.0002718	1.29270028062879
1791	1.50588	1.54358838215054
1792	0.038790025	0.226917001843089
1793	0.056053698	0.0816138797940741
1794	0.25885925	0.894106675776316
1795	0.02771476	0.0866656441300926
1796	0.3260926	0.382396206808943
1797	0.0830982	0.139466391030864
1798	2.5444636	1.81985231036181
1799	6.636997	4.50791607054762
1800	15.861863	13.3106730759804
1801	1.5004686	1.49160979172807
1802	0.20201804	0.0953682783048781
1803	2.7599769	2.07444562987387
1804	0.32607317	1.64578932942424
1805	7.4066076	7.25192882792793
1806	0.11017885	0.111542863678231
1807	3.006086	2.43925757913979
1808	5.5232625	4.95478367065873
1809	4.564354	4.12951532634058
1810	2.0802023	2.22010456072807
1811	5.2473965	3.87712033735772
1812	2.8358145	2.45918128445977
1813	4.435816	6.73176697302632
1814	1.0324061	1.39408148596528
1815	0.4735513	0.900631429923424
1816	0.12244428	0.111821047673874
1817	0.5915354	0.466725741067045
1818	0.42076662	0.572165654226191
1819	6.9863143	5.99175447793651
1820	2.5698242	3.08220238204301
1821	2.7055514	2.47183666661111
1822	1.0636629	1.65021485392105
1823	0.14644793	0.159962125078175
1824	0.3032738	0.647279792865741
1825	1.3261375	1.57316249987255
1826	0.06635288	0.139857330196759
1827	0.08089612	0.20459415387093
1828	4.033102	2.8978730675625
1829	1.5829978	1.64794663432292
1830	3.5962012	4.981095321
1831	6.0531163	4.81131101297297
1832	0.9944523	1.66122509766667
1833	1.5476248	3.0039371362381
1834	15.239716	11.4219152182292
1835	0.47740373	1.45794015816162
1836	11.309602	9.777385189625
1837	0.59178495	0.646042194828704
1838	13.770969	14.415181799537
1839	2.8067837	2.36029320352381
1840	3.716327	2.45058160509259
1841	6.907806	4.90062898309524
1842	5.6133337	5.16788433575397
1843	3.8682482	3.70577653621795
1844	8.916418	8.46884707701755
1845	3.59477	3.04761786616667
1846	0.200261	0.187682426645045
1847	9.395798	9.19154513634259
1848	1.2609212	2.2416951620155
1849	4.23582	4.44649799146465
1850	5.7821217	8.64856198382353
1851	0.048173998	0.20713128864951
1852	2.3161633	2.02265643168982
1853	0.10521343	0.0539285921262626
1854	2.6328247	2.19876303347863
1855	1.611879	1.26659545502564
1856	1.78216	2.20627501149537
1857	0.0833066	0.109220556276126
1858	0.9885619	1.13471387829167
1859	1.7728808	1.98900994229762
1860	0.9989672	0.650178059785227
1861	0.25181094	0.132859357747312
1862	1.3350713	2.25115447656863
1863	1.0880723	0.924478595704081
1864	3.7307453	4.54045394287635
1865	1.2016783	4.91718019911348
1866	0.019624446	0.0725085952673759
1867	1.0899335	2.53029757257576
1868	0.63271725	0.745294707905983
1869	4.284504	3.28832473215447
1870	0.06649346	0.252862803782955
1871	4.09244	4.53561540802083
1872	0.06835565	0.161788191313248
1873	1.3251632	0.992548511127193
1874	0.12958053	0.0831286395483333
1875	2.2542906	2.7794710837549
1876	7.2618074	7.84656699977273
1877	0.081590824	0.114229262766162
1878	0.1063191	0.130760681633824
1879	1.2118137	4.08321204828283
1880	0.25750756	1.14412023575
1881	1.8985622	1.99043754521212
1882	0.16055913	0.124806823773118
1883	0.9907681	0.968165139109756
1884	6.96228	7.25035041405556
1885	0.3986232	1.40320888209211
1886	5.2101064	3.57367949201149
1887	16.676353	18.3700269629386
1888	0.28434163	0.695185364651042
1889	0.07269043	0.187548666804472
1890	1.9235926	2.42192830895714
1891	0.05863191	0.160576553523039
1892	3.728577	3.45253959378049
1893	0.2133309	0.0888962028209678
1894	11.985898	12.9044955991453
1895	0.16260563	0.156448643613726
1896	9.007221	7.84403881060606
1897	8.210703	7.28148610337209
1898	0.0906889	0.342968067044608
1899	3.1398692	2.85008951880952
1900	0.7074412	1.84013422049206
1901	0.9512637	1.54245163205556
1902	4.0789804	1.53375021926667
1903	0.093598634	0.111828211571545
1904	0.08833789	0.135012798881532
1905	3.3241923	4.33617327949495
1906	1.1234692	2.72383959936274
1907	8.096614	13.3804901106061
1908	3.0652778	3.49783540656566
1909	0.821828	0.634919032410853
1910	1.431689	1.73261278351042
1911	2.7318947	4.10405378992248
1912	3.9937713	2.97659643443651
1913	0.9125866	0.786886205418699
1914	5.9102407	2.16326172162626
1915	0.24138197	0.542320930736559
1916	0.06749486	0.108261909385659
1917	1.0992311	1.08936920420513
1918	0.6666473	0.753882969353764
1919	2.0592403	2.07090670819444
1920	1.3150147	2.22235132134615
1921	0.26721272	1.3694427814619
1922	1.1416744	1.90709782613426
1923	2.6578367	2.53606381795238
1924	1.0865725	1.16533341643627
1925	3.8895013	2.52532525011966
1926	2.9273038	3.64659898489583
1927	2.4645703	1.89462230666667
1928	2.5184307	1.59970873703125
1929	1.566156	1.81672421793981
1930	0.3377276	0.118531399149495
1931	0.33395436	0.630039698554167
1932	7.3188453	4.61924843916667
1933	0.12692906	0.0865209244319728
1934	1.5382926	3.31347898334615
1935	0.058972877	0.122032158371368
1936	2.7370436	1.58273310705556
1937	0.24556684	0.114071981221569
1938	2.955297	3.26367931868421
1939	2.0344167	1.93975771244762
1940	0.138214	1.02139223649167
1941	0.90179014	0.406392165901282
1942	0.2023504	0.084995855272807
1943	3.2112558	2.65894207103261
1944	0.1549857	0.153543881022222
1945	1.4355499	1.80446279537059
1946	2.2458181	2.6294716638172
1947	0.6643863	0.875674659110204
1948	0.07917432	0.467290303405303
1949	1.6426772	1.91884343466667
1950	0.22258383	0.138819817688
1951	2.8252892	1.63724516334849
1952	1.1872352	2.84968958842593
1953	1.6287447	1.69651304895045
1954	0.8059014	0.708888987777778
1955	3.7230523	3.36804019292517
1956	3.7496066	3.66047768688172
1957	9.86853	7.95926542801802
1958	1.1284436	1.41673140039912
1959	0.18024354	0.197443453138889
1960	3.874464	2.07317575219697
1961	5.6107974	5.95214020833333
1962	6.902717	6.30459227114815
1963	3.2004209	3.29508783290476
1964	2.7636497	3.42302375367816
1965	4.94166	3.23565441958095
1966	1.6272228	1.08840048441429
1967	2.9067998	2.26385867123656
1968	0.87684375	1.82855738125556
1969	6.5697503	7.651664502375
1970	2.9188397	3.13538568300926
1971	1.1246681	1.90999224363964
1972	2.8552747	1.87728638776068
1973	2.8731518	2.63955035086364
1974	5.543574	7.274661589125
1975	0.85352856	1.04012088568333
1976	1.0728594	1.6479970004955
1977	0.046930484	0.128001826027273
1978	0.26864374	0.187660143467172
1979	1.2962552	1.28813255166176
1980	21.906439	19.4090198909091
1981	3.3737452	2.84434721486111
1982	1.7263502	2.77466334494624
1983	16.898178	17.8594500702703
1984	0.06841426	0.130801532993254
1985	0.59038764	1.42324069260476
1986	0.13396202	0.354998266360648
1987	0.1370067	0.652567733103509
1988	0.015089106	0.106644098436765
1989	1.526338	1.85035021306746
1990	1.1462831	2.04064035957407
1991	14.379772	11.4409237613426
1992	0.76236504	0.554110647285088
1993	3.6544926	2.95858243678889
1994	4.4025846	4.74787057565656
1995	2.321199	1.4847819250375
1996	1.5760038	2.27155137842105
1997	17.31192	14.7720897254902
1998	5.0726	3.18648089054054
1999	12.977923	14.8077132623656
2000	3.0228655	3.25157285827778
2001	0.65643275	1.84293431427451
2002	5.4772906	3.39318315400901
2003	1.0019761	1.39897220435965
2004	0.94993144	0.628458956361806
2005	2.6612418	3.02115800820833
2006	1.3137506	0.913606339468519
2007	3.534787	2.41823545530342
2008	1.2884886	1.85803127212121
2009	4.1505995	4.2416647818018
2010	2.893137	3.11495727325758
2011	13.212316	12.9643701339583
2012	2.5879073	2.63469389775926
2013	2.9071057	2.46484605029167
2014	3.2093894	1.93697250869369
2015	1.7052395	2.08407976094815
2016	1.4378195	2.1998776529386
2017	1.3868471	0.901489804099462
2018	2.828186	2.80039171012195
2019	6.964829	5.20262097150407
2020	0.18338615	0.135888130308333
2021	10.761213	5.50848361358696
2022	0.09922898	0.149526862445714
2023	2.0381937	3.21793592846491
2024	3.9605706	4.24515551368687
2025	0.54902107	0.38424652039932
2026	0.035957895	0.117490453983772
2027	0.0861391	0.091594416253125
2028	1.5489348	1.93442094770741
2029	0.08670008	0.255311312267172
2030	0.64869577	0.737167874649573
2031	3.2956276	2.03787322002083
2032	1.9577346	1.45297614127778
2033	0.5400017	1.07161571713636
2034	1.1161588	1.60076178577381
2035	0.103643246	0.194390282616146
2036	1.496206	2.59645034239216
2037	1.1998689	0.811514268307018
2038	0.4110154	0.985184713
2039	0.19998722	0.129452971691667
2040	0.045546025	0.12193420390125
2041	2.7470489	1.74994191872523
2042	2.8957677	2.38954550932292
2043	14.90618	18.7088108811404
2044	0.16941923	0.380651035665686
2045	0.3345514	1.36197446004955
2046	0.04106743	0.131840390309402
2047	19.69645	17.0952054772222
2048	0.04177268	0.088122854040171
2049	0.16162167	0.0964870788171171
2050	2.4854333	2.97129372635417
2051	8.281149	3.78198999106061
2052	0.06297642	0.0807369923257143
2053	3.2771604	3.27708232210526
2054	3.362332	3.54045824766667
2055	0.65207464	0.55213895406746
2056	0.067306034	0.125229378743333
2057	0.09457375	0.0704872639965686
2058	0.32524514	0.7643914158125
2059	0.21451804	1.02724082441724
2060	0.24890429	1.11981758623611
2061	1.2625465	1.07446154988426
2062	9.896927	11.3243180830247
2063	6.079701	6.86130160636752
2064	0.76978385	0.319727193261539
2065	2.811373	2.6460431317619
2066	0.11267571	0.100038185290476
2067	0.038616132	0.12337714644381
2068	1.1631823	0.793370412262121
2069	0.3436185	0.595216616604167
2070	10.770469	14.2935385706019
2071	2.8162284	2.32712811124775
2072	4.4325275	3.90786746176576
2073	2.7366545	2.22009271109375
2074	0.08604389	0.115391177665854
2075	0.3438615	0.798558264362745
2076	4.124341	6.92039510321839
2077	2.8002698	2.90418251693694
2078	2.462543	1.35504091495935
2079	0.68052274	1.01394884422857
2080	5.5750594	5.00016686688653
2081	1.7909281	1.45166046221545
2082	0.17188877	0.1488389543625
2083	0.18625125	0.482549318573148
2084	1.0322212	1.05813650726667
2085	0.14142098	0.434306001365054
2086	0.35031578	0.381767671520952
2087	3.7018247	3.25076715916667
2088	0.17270644	0.105406736996569
2089	1.2705543	0.878595704436752
2090	5.081907	3.45789854685185
2091	6.368778	7.27531156005952
2092	0.05527604	0.0771334423260417
2093	0.07072039	0.540440441368605
2094	2.2318492	2.26835780295833
2095	0.0564807	0.125554785104505
2096	1.2589542	1.18071050653704
2097	0.11153387	0.134789940174242
2098	2.9993231	2.34534465986111
2099	0.98590535	1.02010319914815
2100	1.5928702	1.07384105805702
2101	0.025661845	0.0496848645873737
2102	2.0311394	3.16536970714035
2103	2.764989	2.14368506027907
2104	2.0569365	1.4850854266619
2105	0.24482512	0.131788774111806
2106	0.26963887	0.171976406924561
2107	0.9113811	1.60533211022549
2108	0.21479696	0.112336886373077
2109	0.1212542	0.149284684979675
2110	1.265437	1.70772298352151
2111	9.164763	8.43641441622222
2112	0.0982115	0.147959275001802
2113	3.71593	3.10605701859375
2114	3.478125	2.46986985110476
2115	2.0909863	2.30093519606061
2116	7.6540637	6.30296867670455
2117	0.14174405	0.131145836178333
2118	2.4512415	2.5035361722549
2119	4.0360775	3.72493322510101
2120	5.8313036	9.9117381336036
2121	0.025164941	0.0898810467436782
2122	0.3724789	1.12951132485659
2123	2.9286184	2.92110573086022
2124	20.838594	17.07228859
2125	1.4986709	2.28511375174242
2126	3.792139	2.11850090396875
2127	0.08897977	0.123575303254965
2128	0.076976076	0.138089902751754
2129	0.74263334	0.721213008
2130	6.7844877	6.67000773177084
2131	2.0698383	2.5314055272043
2132	12.868562	13.8791880356589
2133	5.243943	5.11177080255208
2134	0.22913624	0.448157702050505
2135	0.5507659	1.39613116429762
2136	2.0833564	2.55259514627193
2137	12.826181	15.0169189683333
2138	0.02325112	0.0887734733093496
2139	2.0308619	1.14178192292857
2140	1.755289	2.75137112974748
2141	0.09691854	0.160954072110569
2142	1.3671263	2.44213426780208
2143	0.13732451	0.178073225075269
2144	6.819262	7.33017531416667
2145	0.07888105	0.0825306249522523
2146	3.7131405	4.81210037888889
2147	0.053162247	0.253605701791667
2148	2.882562	1.74701529627586
2149	1.6310161	3.24785687950617
2150	0.076289326	0.0782731578935484
2151	3.9925287	3.52652511763158
2152	4.108191	4.61718670710318
2153	0.48955974	0.718635799251111
2154	0.03556452	0.157504421068992
2155	0.5374269	0.846424461164035
2156	0.18807112	1.00918591654861
2157	0.6205549	0.542144431930894
2158	15.254147	14.1579093940171
2159	2.1875808	1.72346986939815
2160	0.03292811	0.0483220733217949
2161	1.1553069	1.24025303570085
2162	4.971791	3.99313555805405
2163	2.1413429	2.83700633575926
2164	0.07393929	0.033282533181982
2165	1.5921509	1.86751258477519
2166	0.027402474	0.0493306684520833
2167	1.5596142	0.880291567849206
2168	1.1378949	0.77648921540641
2169	0.14118992	0.147191305764815
2170	2.094506	3.08274935080952
2171	0.08265697	0.132623024605238
2172	0.283499	1.65591857525287
2173	0.94695127	0.851608573787879
2174	9.742814	8.73164580291667
2175	3.5404985	3.73815864594697
2176	2.4086814	2.36819097350575
2177	0.13603038	0.12678142970303
2178	10.683867	10.6800648083772
2179	2.4567628	1.90112558951
2180	0.5144603	1.05897139072843
2181	6.7653008	7.72403906113636
2182	0.16455226	0.135060359423246
2183	4.6546564	4.8437255595935
2184	0.028542688	0.0976931839442982
2185	5.6441097	4.54112669220588
2186	1.2568268	1.51501802509259
2187	15.4812765	13.9690500710145
2188	2.1360233	1.64525890968889
2189	0.087014295	0.0776151499125
2190	1.3297476	2.49871953611765
2191	0.8400075	1.31465159163426
2192	8.958644	16.4443708525
2193	5.2630973	3.74218076521505
2194	3.0356638	3.3379306387963
2195	0.8952464	0.82229668479375
2196	10.594664	12.8866219092593
2197	12.51812	13.1539690483333
2198	0.06468009	0.14288877592
2199	2.3339958	2.14387194591667
2200	2.8881288	2.82055344308943
2201	0.50670207	0.58330590521828
2202	1.9308982	3.1447947204023
2203	4.559118	5.26212946518018
2204	8.5075655	7.06970278034314
2205	2.7655354	1.81544737431301
2206	2.4575	4.17570982233333
2207	0.37577268	0.161772538606771
2208	0.038756732	0.0602214355538195
2209	4.6211777	4.63536132313725
2210	0.8010569	1.88591717297143
2211	0.17927608	0.225289493469737
2212	0.04102427	0.0828863518564516
2213	0.2361983	0.135316231921368
2214	6.250453	8.22361441296875
2215	12.462349	13.4731235495614
2216	5.4229283	7.77492321025362
2217	0.8322517	1.20924917637143
2218	0.13248114	0.10612353095
2219	0.10919226	0.128858897186559
2220	2.8114605	3.39659711324324
2221	0.06014197	0.197302120659375
2222	5.58987	5.52185891836957
2223	0.18578947	0.347464884149425
2224	0.7431644	0.819185263328431
2225	2.1684425	3.07140603786325
2226	0.4898456	0.665919661343333
2227	0.023078786	0.0420331464792683
2228	0.14948203	0.169887634804583
2229	0.105722606	0.104841191836111
2230	0.021272294	0.0466435944375
2231	3.7995732	4.58473585338235
2232	0.10110109	0.123088502384804
2233	2.030215	2.28800612777778
2234	0.037099857	0.0741517592666667
2235	0.78300345	0.597520948359524
2236	4.536201	3.71759423396552
2237	0.28506222	0.745878105750758
2238	0.0870406	0.618465538958854
2239	1.6287886	1.0633010416124
2240	2.4058986	2.88171419298246
2241	0.07377743	0.0850622588190476
2242	1.9285517	2.49008350624167
2243	0.41220066	0.531794057927536
2244	0.3060094	1.14911537808796
2245	0.97062254	1.57488576742424
2246	6.6435623	9.05864131738096
2247	3.1749682	3.21793318273148
2248	0.10077939	0.157171735081624
2249	1.3325604	2.7877336791453
2250	2.1493483	2.5490889357265
2251	5.492054	4.06551309630208
2252	2.0015466	1.78788048732323
2253	2.549819	1.84449599878295
2254	0.10533849	0.579536804315151
2255	2.1653197	3.60076432982906
2256	0.068707936	0.985239135228829
2257	4.001483	5.53148421556911
2258	2.9212954	3.09894447757576
2259	1.0721722	1.73496138834127
2260	6.1946945	3.15251010774074
2261	2.327347	2.88280532048781
2262	3.950038	2.97072833757576
2263	2.371927	2.5813018090991
2264	0.027007483	0.0756528930347619
2265	0.8014475	1.05243426989035
2266	0.09816965	0.639772331390789
2267	5.903582	3.0306760885
2268	0.6048102	1.77634676349594
2269	2.3873792	2.65811874828704
2270	1.9062703	4.21074243400794
2271	0.05452056	0.238320749544907
2272	3.069245	4.43196372150407
2273	0.8356666	1.39128765958333
2274	0.2727229	1.03881965516176
2275	1.0367064	0.911672629412879
2276	0.16654678	0.109860315032222
2277	8.968346	6.36211972981982
2278	0.20768952	0.12887228027807
2279	1.8613553	1.76528586798485
2280	0.52073085	0.775496153280488
2281	2.1868992	2.18509557791177
2282	1.6503476	2.1278050222043
2283	2.2140727	1.95775682623932
2284	0.13703562	0.136799810858095
2285	2.5642202	1.92705529054074
2286	0.32547036	1.06542516036574
2287	3.72037	2.50853500635294
2288	1.2686305	0.989192212970085
2289	0.598944	0.47897624200303
2290	2.858088	3.34442769849462
2291	14.748048	12.7736425508095
2292	9.652888	10.6520251044444
2293	2.6203203	2.56043746202041
2294	1.0581292	0.743489068710256
2295	0.32104924	0.403242931633784
2296	0.07721543	0.117392399518803
2297	2.6118102	3.80317620063492
2298	2.472264	5.06267160134921
2299	2.899401	2.93741836801075
2300	1.1833098	0.93037460008046
2301	0.7196826	1.23467918940217
2302	0.80661416	1.57617076388288
2303	1.0059391	2.39383537546875
2304	0.12650122	0.131877759593333
2305	16.211592	12.7169817297009
2306	0.7945987	0.329328103158333
2307	0.23288779	0.114697217783796
2308	0.61230636	1.46747647830702
2309	7.6868415	8.18474785539683
2310	19.09934	20.1970711540651
2311	1.1628352	0.79170347681579
2312	0.4081912	1.36935601240625
2313	11.970558	13.1010893264583
2314	2.5905607	2.85409777328283
2315	0.32287392	0.179651595745161
2316	0.039425597	0.0605742317445946
2317	0.031089988	0.0444765332320833
2318	6.8731976	6.90266329922222
2319	0.041031227	0.127376933639362
2320	0.072979115	0.126098296168376
2321	2.1404395	2.31933044898925
2322	2.1138813	1.28348683240351
2323	1.5777233	2.64797177807619
2324	0.15866946	0.138697991462963
2325	4.512972	6.56075578215447
2326	2.3369284	2.700903339
2327	0.13497342	0.0947260957268518
2328	0.045588017	0.065867880071605
2329	1.7266864	2.30332680939394
2330	0.07727268	0.300511026340741
2331	1.3654964	2.00572274933333
2332	5.350025	4.81318751733333
2333	10.511842	10.1431284005983
2334	5.138259	4.16864500051724
2335	1.0055157	1.94023668283796
2336	0.43039137	0.925923874777778
2337	2.3116539	3.16196521722988
2338	2.4156508	2.5108634911828
2339	2.5562708	1.78820079914035
2340	0.667904	1.10099206175595
2341	5.482504	4.25596314326389
2342	1.1526229	1.49732504214815
2343	9.162392	4.46756468934524
2344	2.0218234	3.27117362076923
2345	6.1065283	2.76551714747101
2346	0.050149877	0.160756458552991
2347	0.29865506	0.327385042843137
2348	0.19799624	0.153048186909524
2349	1.176035	1.27190123186667
2350	0.7678417	1.9576544732
2351	0.16634148	0.121473978221138
2352	2.6396153	1.9918845575
2353	0.5504247	1.06228516532828
2354	1.6864668	1.30600733894298
2355	0.41689575	0.806825907738095
2356	0.21873133	0.147713806896591
2357	2.520382	1.6659408826579
2358	0.7018927	0.879317191285556
2359	1.3541139	1.32481638371429
2360	15.099333	12.0987033797778
2361	11.183434	11.3499613445455
2362	0.38377118	1.13081564888889
2363	0.0899457	0.284498821318018
2364	3.1185727	2.49738524806452
2365	4.2903495	2.85754712085366
2366	1.2499704	0.886453206775
2367	8.078104	6.47787353135417
2368	2.2230544	2.42159589
2369	3.1323295	3.61237377360215
2370	4.741478	8.52876132952381
2371	0.13464257	0.238841030811616
2372	2.4639714	2.12313274208333
2373	7.913696	7.48663559465686
2374	0.10237743	0.194085196950379
2375	0.8659539	2.77339454720417
2376	1.8726145	1.38081849500833
2377	0.112298414	0.135886253791667
2378	3.7238433	3.93582515979167
2379	1.6049266	2.90087712726191
2380	2.5316505	2.36392764769608
2381	7.4244037	6.4976379768254
2382	20.953999	15.2942480992248
2383	0.24070328	0.447052017442342
2384	0.14336942	0.214004817357471
2385	0.66750544	0.591744109235
2386	1.768884	3.0394587575
2387	0.031100648	0.0630927907970588
2388	0.15857819	0.109349601935417
2389	8.253897	10.060814986627
2390	3.7629733	2.81054937078947
2391	0.8245004	1.4151461405787
2392	2.8224218	3.20947805201905
2393	6.344154	7.09801134794872
2394	1.3703555	0.922391210288889
2395	2.4031577	1.81937815085897
2396	21.835178	16.8130000236111
2397	9.90427	9.52530121371429
2398	3.6950376	4.39176714822917
2399	0.95098144	2.4044673729079
2400	2.4696696	4.06865040920455
2401	0.10042348	0.0968576984170635
2402	1.9269688	2.03172908335632
2403	2.0461469	2.00032393466667
2404	0.044809703	0.0546579305017241
2405	1.2257376	1.74073710581197
2406	0.10816974	0.439344424164415
2407	0.10111569	0.120210138053175
2408	7.8402123	6.32857018085366
2409	0.9696059	0.808188107228571
2410	0.9944261	1.20845423666204
2411	0.5470959	0.749444476842105
2412	0.054874178	0.0974943073078704
2413	0.77425504	1.15654425834118
2414	6.2047906	4.79261475679487
2415	0.030838115	0.0396716044466667
2416	0.70834655	1.72814162419048
2417	2.8133628	2.53573501253968
2418	2.8834994	2.09914805985772
2419	0.21285021	0.413265398525288
2420	0.8988113	1.34582336960284
2421	0.9702	0.633923872979675
2422	0.7682552	0.647415084039683
2423	3.916729	2.09508120578431
2424	3.0566845	2.78301111534921
2425	1.7017751	3.09620798509009
2426	3.9735405	4.96967074857143
2427	0.1752121	0.197703084628205
2428	2.901151	2.47654014084259
2429	1.8113803	2.64083838156566
2430	0.032729793	0.0592049902333333
2431	1.5501888	1.49702287900556
2432	0.20528887	0.406378071211429
2433	0.12820283	0.113326116078495
2434	0.08412364	0.142394346382292
2435	6.419968	5.40489172802083
2436	3.1116016	3.82787600768518
2437	1.3158612	2.91723229586111
2438	3.1334891	4.96173149085714
2439	2.9864125	2.60011358564394
2440	0.13274322	0.25512688932963
2441	0.9429057	1.45070533105238
2442	2.6800013	3.26822787885417
2443	21.361952	15.4713691314957
2444	9.091528	5.97171951126811
2445	2.6656888	4.01818297631579
2446	0.29978493	1.20770438897154
2447	10.15028	6.87396832
2448	3.7104669	3.73524385108333
2449	0.40160415	0.11740806777735
2450	11.536709	5.48077331964647
2451	0.07705314	0.0871089592094017
2452	2.108448	3.13035409247024
2453	2.6232727	3.06497761703704
2454	0.109291434	0.102672342343434
2455	11.512663	11.8501664236508
2456	0.51550204	0.79663178769537
2457	2.781824	3.12425917012195
2458	0.96347976	1.95502187080833
2459	2.747764	2.75058965366667
2460	3.2905605	2.3200412108547
2461	3.077927	3.13879790933333
2462	5.160231	4.23046339306838
2463	4.280057	3.10855673277778
2464	0.034426622	0.0947369115333333
2465	2.0618072	2.55515019589431
2466	1.9208356	2.33042834882796
2467	0.34579036	0.518633417767857
2468	0.07668406	0.11479331892265
2469	2.392914	3.2804199304065
2470	4.994406	4.05694623588542
2471	3.1043482	1.24888580345556
2472	3.5357268	3.30157459406863
2473	0.06384077	0.180572053937387
2474	2.5808494	2.82061746015873
2475	4.3262053	5.54550947972973
2476	2.9107711	2.48557497760784
2477	0.17865591	0.135050538887745
2478	0.3373612	0.610384258692709
2479	1.7947164	1.9276230112963
2480	2.807437	2.68142754937745
2481	13.383327	13.4921320380882
2482	1.3220415	1.02746163565104
2483	2.15325	1.82658166790598
2484	2.9697561	4.01010732025641
2485	0.06194677	0.105591748016288
2486	0.18224446	0.0829613063995098
2487	1.6313396	2.62102046435606
2488	1.7773746	0.92285276448395
2489	5.68357	5.28231953444444
2490	5.0025187	4.42964377829167
2491	4.146055	4.11831275494444
2492	0.43022844	1.40713836665603
2493	1.9287058	1.02714012763821
2494	0.43113154	0.605084605482759
2495	0.70018005	1.0407370956619
2496	8.781772	8.18950145260684
2497	0.02340903	0.0499700346985294
2498	0.047590993	0.119539452052604
2499	3.5721407	3.87596400368056
2500	0.088914044	0.191723480362403
2501	0.6354784	0.819806526641667
2502	0.4027266	0.407196836993694
2503	3.2693477	5.38933362258772
2504	2.0786302	1.76178328080952
2505	0.15523528	0.265544087401282
2506	1.0632296	1.00042526080882
2507	0.58500826	0.506116318100379
2508	5.973434	4.28412032813131
2509	6.0706897	4.29769198751938
2510	3.269758	2.01829996696875
2511	1.2733724	1.97936989676563
2512	0.12433615	0.0980466076700981
2513	3.0365825	2.17471284774242
2514	0.5818042	0.186005672387398
2515	6.2976036	5.12640354480392
2516	3.7997003	3.46557204805556
2517	2.6956286	3.4174778760215
2518	1.645732	1.21812487199145
2519	0.52744526	1.75721455875269
2520	0.73290247	1.031076076
2521	11.435262	12.4039168836559
2522	0.025326245	0.149670889280342
2523	0.07203653	0.16621620622963
2524	0.4269517	0.484069891191429
2525	3.9473886	2.74764443796296
2526	1.7857533	2.81586906632479
2527	0.72187674	2.29338071325
2528	7.2522397	5.81169412647059
2529	0.2778409	0.45680776070098
2530	9.388956	10.3383647365625
2531	2.2166898	4.02718486864865
2532	4.331598	2.86498542329268
2533	0.5839136	0.646119173511111
2534	0.48436072	0.438155128870952
2535	1.5685658	1.13050860061594
2536	4.979259	4.1121612413964
2537	0.5214152	0.282933165677477
2538	0.054743435	0.352086404260684
2539	0.13529876	0.151557098985238
2540	1.0647503	1.7743575307
2541	0.10643818	0.139008350363218
2542	7.461569	10.5694709594574
2543	0.109266	0.0991718293365741
2544	1.5886959	1.38478983993243
2545	3.4823065	3.64821350114942
2546	0.83478135	1.95970030234043
2547	1.8937602	0.725840507062963
2548	0.6097658	1.24651572564474
2549	3.1079822	4.07236323841085
2550	3.49243	2.37537895048611
2551	5.2306924	3.35672991215278
2552	0.9202796	0.984908602895833
2553	0.06520043	0.4786901218125
2554	1.4555924	1.244105217875
2555	1.7683715	1.89576249695528
2556	2.1645296	3.09764098328571
2557	4.709883	2.69923620851351
2558	1.2127262	3.28285058425439
2559	0.034427933	0.0908536316641414
2560	7.6361113	6.94947109820513
2561	17.062038	15.5324618467949
2562	11.970159	11.3303712575
2563	4.170683	4.19136485728395
2564	0.21034862	0.998906566055556
2565	0.08424236	0.121813561326042
2566	1.5932767	1.44094245761111
2567	0.024615897	0.0486720283222222
2568	1.8218546	0.805302023853153
2569	2.72918	2.81000148583333
2570	16.73957	15.0543043562698
2571	1.3440609	0.991459532777778
2572	0.638575	0.749799109290476
2573	0.22040464	0.703738273515741
2574	0.14873077	1.927389407
2575	2.8955097	2.19272921811905
2576	2.8505137	3.72221219041667
2577	4.540393	3.86363670658537
2578	0.10344806	0.139199052213131
2579	0.6585644	0.49894565850404
2580	4.7884436	3.764651854625
2581	0.30305654	0.150012461018627
2582	3.4632614	4.08817604515625
2583	3.2371087	3.55475121666667
2584	0.050274592	0.138021089776471
2585	0.76673305	1.26319103469231
2586	1.2478793	2.07697545772522
2587	0.03361288	0.0577303694
2588	3.8152742	2.70234189122549
2589	0.6882269	2.03349555161905
2590	1.4465	1.9705345870614
2591	10.429424	12.9173044532609
2592	3.1173294	2.477404383625
2593	3.1583984	1.24964404946569
2594	2.0766735	2.21513351676191
2595	2.8288736	3.54851468739316
2596	2.190395	1.91924895447917
2597	0.2915846	1.22710071635351
2598	0.070759945	0.0503954521888889
2599	0.5945842	1.2418585545977
2600	0.42774677	0.7314390383
2601	3.3532634	3.21991163109756
2602	5.786457	3.67858356676768
2603	0.21657343	0.283558913153252
2604	0.04099592	0.0561183075632353
2605	1.4304494	3.35109017231707
2606	1.5474488	2.71822599189815
2607	1.3811363	1.09309299581548
2608	12.302582	8.37955566068376
2609	8.265241	9.23431405241379
2610	2.6236262	3.6783858525
2611	0.077197306	0.0863731336203252
2612	1.9117594	2.27121967178572
2613	2.624339	2.09560220696512
2614	1.4680614	0.972348051995238
2615	6.35035	5.73128838025
2616	4.4328275	5.48101493766667
2617	2.6030362	2.04135473608108
2618	3.2109928	2.69085530287037
2619	4.8052235	5.45828643973684
2620	3.6987655	4.22823809246847
2621	0.06915012	0.104589433999048
2622	0.6028646	1.13008942734568
2623	0.18005976	0.342985654403175
2624	3.5683556	3.8336892339
2625	1.005214	0.402076327415152
2626	0.30009833	0.590903728164957
2627	6.003934	4.18018554269231
2628	4.5674176	3.81525988466667
2629	1.8899081	1.8164857348018
2630	0.45695296	1.45940781830392
2631	0.10149951	0.0732570325180953
2632	1.9502552	0.921627608746397
2633	0.41597039	0.95563821705
2634	8.945673	7.49962394035088
2635	4.0382385	1.75862284055392
2636	0.019163016	0.250602562145496
2637	0.84924877	0.657821592940404
2638	0.30633533	0.146219054080303
2639	0.097140044	0.0742556635145833
2640	9.647731	8.78664247802631
2641	0.603491	1.58556550768571
2642	2.2541223	2.57125936525253
2643	0.33579794	0.392688837481482
2644	3.7577286	4.00426043559459
2645	4.33061	4.78466610018018
2646	0.8715908	1.43140467388384
2647	1.0930024	0.717184451566667
2648	12.815321	14.9725383321667
2649	0.314848	0.59785613204902
2650	6.5672646	9.35983838713541
2651	0.7370466	1.26697232619259
2652	1.1431862	1.592115232
2653	2.9173584	4.24386923890476
2654	6.547188	2.95501187914729
2655	0.122240104	0.0987178901425926
2656	0.20689763	1.0273302914881
2657	3.0912955	2.11471107885816
2658	2.1128283	1.94646194344444
2659	1.1939099	1.69929503220312
2660	13.332764	10.6973906333333
2661	2.120372	2.18489566040196
2662	0.95356834	0.947165390168627
2663	1.1997728	1.23619013445159
2664	0.6521786	0.625192113171296
2665	0.03319931	0.0782154840208333
2666	0.04670417	0.15806110569053
2667	0.1939272	1.36088223410965
2668	1.3428007	1.31273080587387
2669	0.6341951	0.91449329254798
2670	0.62778306	0.501446473908572
2671	2.2407773	1.07786017207317
2672	0.74472487	1.49956504194444
2673	0.041551255	0.171867307656061
2674	3.349141	3.62178805723684
2675	1.6024586	1.89126282236508
2676	7.8397136	9.27540368699187
2677	0.08007506	0.0878509201491228
2678	0.059320506	0.154045002362626
2679	2.607621	3.13448870118421
2680	2.894997	4.25734689052083
2681	4.0749774	3.97459743786458
2682	3.5894015	3.49756375039216
2683	0.77823585	1.41728478078431
2684	16.874212	13.0376678031532
2685	2.5533392	1.78879796393519
2686	0.13951574	0.522271696311742
2687	2.2831311	2.78397211386487
2688	2.5491436	1.99155419279048
2689	5.1516576	5.58891237651961
2690	1.1894393	1.30139101502083
2691	4.1984305	5.15136246837398
2692	1.9845952	2.28799154319658
2693	1.2150248	1.4588416820009
2694	2.2223034	2.76851219320833
2695	6.07082	6.40193368424731
2696	1.3247455	1.91758462168421
2697	2.6813076	3.06177440088889
2698	4.1200004	4.02218954828431
2699	0.34845725	0.30644775910625
2700	0.04796156	0.079234337149187
2701	0.041209314	0.107374109316176
2702	2.0795124	2.27826759303333
2703	0.0505026	0.0780902920393518
2704	5.605401	3.77900947691667
2705	3.912327	3.05720375904348
2706	3.1695383	2.07736490611111
2707	4.9874244	2.33418531282222
2708	0.14306386	0.112518283401075
2709	6.2219276	4.69184072634409
2710	0.13911314	0.426061050466667
2711	3.7099862	3.297549438
2712	4.280193	1.95948203180729
2713	0.10564564	0.383846267201136
2714	4.7115803	5.51038907590909
2715	3.6353812	2.76204471776191
2716	1.5897282	3.3360781127598
2717	0.051417824	0.0502623838621622
2718	4.2178082	4.87017672875
2719	0.08394469	0.252337236346667
2720	2.051675	2.80009723385043
2721	0.13734327	0.121109842575253
2722	4.4207716	5.23279231977778
2723	0.25460312	1.13457609697009
2724	0.078904524	0.166966118964583
2725	0.049163066	0.120799946854167
2726	4.0088425	3.95717858517544
2727	0.52119106	2.84999130834615
2728	8.491631	10.1820990745238
2729	0.8442329	1.32197570538235
2730	1.2335777	1.04076666872685
2731	0.06292374	0.118939589320968
2732	5.059728	5.72479033127907
2733	4.309841	3.47083383571875
2734	3.937482	2.38367143457265
2735	0.103877425	0.494660149225439
2736	0.13915606	0.105687400644444
2737	4.187666	3.40130155081081
2738	2.2218533	2.44361157961628
2739	2.6627407	2.72963541779167
2740	0.5544774	1.64229939381707
2741	3.079787	3.1010990297549
2742	5.8426514	5.23567719328283
2743	0.037923947	0.0495956979179825
2744	2.21871	3.80889976027027
2745	0.112790234	0.111559781005714
2746	0.08112646	0.59436281217561
2747	0.120663196	1.37713197845816
2748	1.9980532	1.77066863568421
2749	0.9531495	0.767002708516204
2750	0.16631533	0.118275892797368
2751	3.4286745	8.20051716810078
2752	6.1526484	4.8347427202451
2753	4.732829	7.41560996395833
2754	3.2209237	3.20764341144737
2755	11.460304	10.9533933502315
2756	0.34912062	0.383188363463158
2757	1.5650408	1.91985697377451
2758	0.06414794	0.125725944113095
2759	9.687402	10.1075951152976
2760	2.304858	0.813360076469658
2761	2.276459	2.84433719688889
2762	1.5828459	1.69867455322868
2763	2.3763309	2.28099522145161
2764	3.2306745	3.08629006555556
2765	3.0034425	2.54347094166667
2766	3.5549765	3.62551456046296
2767	18.059708	13.8463450443694
2768	4.581513	4.01797103013889
2769	10.439248	10.0898597486325
2770	0.3645645	0.894033987015152
2771	2.7730007	1.68362522740196
2772	0.100265846	0.189371603234896
2773	0.060304854	0.0854281341536458
2774	1.6272877	2.49044311422989
2775	1.0954952	1.53533411100926
2776	1.6427981	1.30958372765556
2777	6.0012674	8.62465210303031
2778	8.322703	5.98778345394737
2779	0.55557054	0.590842821244445
2780	2.6994743	2.84908610127778
2781	0.03226025	0.0829889628462121
2782	0.70252275	0.57940828025
2783	7.9859424	8.05153210104167
2784	0.039732512	1.45171863826333
2785	6.181704	5.17784870611111
2786	0.38876274	1.34685088297685
2787	0.035214808	0.0784636835678161
2788	18.899984	16.5911895115854
2789	5.0327783	6.79676302530303
2790	2.725518	3.76523181060976
2791	3.9535081	3.51591258198413
2792	1.0548235	3.88479101166667
2793	0.8767436	0.650915805203252
2794	2.3268487	2.60683655656463
2795	1.0360221	1.50882136758602
2796	3.1000125	2.94149458879386
2797	3.0895107	3.40029226285714
2798	0.5646255	0.764986497938406
2799	5.739151	5.06705681544118
2800	3.0094132	2.73479872448198
2801	0.5858083	1.77541155348611
2802	1.35074	0.383232159808943
2803	3.4245968	2.23031920201282
2804	6.343377	5.52702494570371
2805	7.156284	7.48826153400901
2806	2.1434255	2.22388179888889
2807	0.15744837	0.125666713298276
2808	3.792492	2.92510584199048
2809	0.6202707	0.618679136496191
2810	0.26529258	0.976330727174242
2811	1.2288246	1.17418319075
2812	0.27530184	1.39768726732791
2813	0.118108965	0.393243165596396
2814	10.071453	9.58105268561225
2815	0.40554816	0.567908348018519
2816	1.6932515	1.37884273753737
2817	7.02166	5.69105268268116
2818	0.09242507	0.109083034313248
2819	0.90354395	0.594221427413953
2820	5.816944	4.23724804885417
2821	2.66968	3.35048668333333
2822	4.718911	2.85698238911765
2823	3.8062787	2.82811812761905
2824	0.23557514	0.555198544544737
2825	7.5989943	7.2471333008642
2826	0.15462822	0.116406213483838
2827	0.021544516	0.0492301877325203
2828	0.11877694	0.921073021356322
2829	1.8337086	2.30703579558889
2830	1.9267339	1.55990175190625
2831	0.3764934	0.126197867668333
2832	0.18023711	0.105686068211382
2833	1.5945677	5.40698363446667
2834	2.3282714	2.91552867574074
2835	0.462154	0.131771251442064
2836	0.7291634	0.151499152090323
2837	4.0091844	3.37561498608974
2838	0.057027478	0.348376826891228
2839	0.031450976	0.0910068683393519
2840	0.058906462	0.0850311453186508
2841	1.2630496	2.0722500459009
2842	0.22796713	0.914984409579166
2843	0.19928795	0.19565286280381
2844	4.385884	3.77545151968254
2845	4.30024	3.59046609870833
2846	0.59780407	0.899683821534188
2847	1.9700475	1.8642570375
2848	6.5257177	6.03147982125
2849	0.6456474	1.23313446226389
2850	3.07506	2.2261309908125
2851	0.10968484	0.100962277586937
2852	1.4286824	1.38953207632197
2853	4.3282547	3.44798563172619
2854	1.3646775	1.8285400389899
2855	6.152802	9.2715442806884
2856	0.044255387	0.376943759495299
2857	0.15512736	0.608863072318628
2858	0.16537185	0.251714259923423
2859	1.734652	1.01342406365526
2860	0.17936428	0.357700332875676
2861	1.5571898	1.08965692238597
2862	0.16979487	0.395422317007071
2863	2.106174	2.8762399627027
2864	0.8344939	1.92611733872072
2865	2.102643	2.33821099614583
2866	0.76004535	1.2514727668
2867	2.5977318	1.94311477573684
2868	1.3297685	1.45424792980496
2869	3.2237005	2.48516064665833
2870	1.4358734	1.70978083404762
2871	1.1150336	0.876864128522619
2872	2.7839568	2.88444753097778
2873	3.3999546	4.89623406242754
2874	2.5339026	2.49163129473856
2875	5.263406	6.811221117
2876	1.6857382	2.31960261242857
2877	3.437603	3.49593369222222
2878	2.4669988	2.08490835512963
2879	5.890832	4.32155705655555
2880	2.4462857	3.08724635229167
2881	1.0214213	1.76589446557143
2882	0.17262642	0.0781102595465686
2883	0.96157724	1.68413489762346
2884	0.79580855	0.638924160562162
2885	2.441001	2.2180488634
2886	0.36813718	0.235062511651587
2887	3.794582	4.66258899769841
2888	1.9299097	0.969355928707843
2889	1.105776	1.12278287699359
2890	4.504491	3.43942381662879
2891	14.318972	12.4673726692929
2892	1.3498354	2.33806084125
2893	5.871261	5.33953077177083
2894	1.7239907	1.72454642006209
2895	17.351376	15.8762477738095
2896	0.8874673	0.851609988429825
2897	23.861183	18.5119616833333
2898	0.89284086	0.767132420457265
2899	0.123536214	0.105669101090556
2900	3.20086	6.05107928162857
2901	0.6216594	0.448727637764957
2902	1.180445	0.80614491839881
2903	3.7332077	3.97369497938596
2904	0.14634466	0.600257040139189
2905	2.9644384	2.38141067513889
2906	1.6575569	1.23574158563675
2907	4.298263	4.68442800741667
2908	2.4376302	2.62449838711712
2909	17.440296	15.7666555553419
2910	2.839603	2.04183043225225
2911	16.332926	11.9412503988739
2912	0.9168708	2.27775144584048
2913	0.6345394	1.46236935023039
2914	0.85314864	1.0430133143
2915	2.766714	2.71409099972973
2916	0.15875103	0.11937230895098
2917	4.001829	3.79120956894444
2918	1.1799141	1.25769382520543
2919	3.3016381	3.65420917709402
2920	1.2102702	1.78015611963095
2921	0.063969366	0.128369863238739
2922	0.05076484	0.210015370888636
2923	0.26324734	0.807817948956863
2924	1.1737183	1.41054301710667
2925	1.4333036	2.06508633536275
2926	1.7013167	1.7819581771713
2927	17.59886	16.6251556572917
2928	12.554795	10.7070506455556
2929	0.87685764	0.895100790239584
2930	1.6623651	2.82169357916667
2931	3.3225367	4.16022951757576
2932	0.73816144	0.771443510020833
2933	3.3890972	3.45256961054054
2934	3.4858963	5.90909011358975
2935	0.05050417	0.0782584651440171
2936	1.4637061	2.01324309373504
2937	0.040182687	0.0660732485267544
2938	0.8245995	0.880270251229885
2939	3.4470375	3.21314452733333
2940	0.90142274	3.00629080261363
2941	0.64352274	0.409697419470952
2942	3.7305622	4.38362580366667
2943	0.0566679	0.156631145266667
2944	0.029811857	0.0661190195160494
2945	0.049236238	0.247346587110417
2946	3.5130763	3.60751566887387
2947	2.5323155	1.92530066456911
2948	1.2272615	1.75918472445833
2949	0.7014796	1.49184650644445
2950	3.5667806	2.28018023745045
2951	1.9340622	1.13174467718605
2952	2.5349996	1.15346749305405
2953	1.5267187	1.24688928922059
2954	0.05754136	0.151226228253226
2955	13.631106	12.6329950332353
2956	2.9534826	2.99024800652778
2957	3.6840124	3.35554543557143
2958	2.402411	2.20985607068469
2959	4.1216817	3.3338862387234
2960	5.8303547	4.03994424964647
2961	0.2506304	0.157067677324405
2962	7.7127	10.7622917063258
2963	1.3038684	1.68389818316667
2964	5.1705995	5.84835871643519
2965	23.318466	19.5263196858586
2966	5.2430825	4.52232983675439
2967	0.23024571	0.563084498975214
2968	2.4914932	1.90688942255319
2969	0.2174581	0.145134769797685
2970	0.6005507	0.9012858015875
2971	0.025761077	0.108896419054545
2972	3.0188127	3.512081262125
2973	0.027898742	0.152574984896296
2974	2.6647093	2.00050455847222
2975	3.7851894	4.6911324462963
2976	0.16347755	0.113605447127012
2977	0.11475421	0.0636000354161111
2978	1.5150839	1.64853358650417
2979	0.14422028	0.122876835467021
2980	1.5248691	3.02487210540541
2981	0.51399547	0.301787176563889
2982	3.451193	4.56130265826667
2983	0.06581222	0.386610748603764
2984	4.0259314	2.29254709801905
2985	3.7159781	5.2675939429902
2986	0.18283184	0.218942821277143
2987	1.7929448	2.21058634666667
2988	0.13800517	0.523523410959848
2989	0.4517668	0.31223005447549
2990	0.28838888	0.109528237301429
2991	0.07502828	0.0686576332307292
2992	10.193716	7.01146183809524
2993	1.7248756	2.35736049241667
2994	4.4037614	4.06068951029915
2995	8.425834	8.64223490135417
2996	1.7245176	1.77606151384553
2997	2.7154095	2.79049277338384
2998	5.44834	4.25435449242063
2999	0.059602045	0.13156838786828
3000	0.94214815	0.498610486767677
3001	0.036341123	0.146761570177419
3002	9.09356	8.6830116172043
3003	0.1145437	0.0530326755241228
3004	1.7837157	0.750239666368889
3005	3.1691475	1.95975911653333
3006	2.0492084	2.62717551115385
3007	1.0226908	1.21215054268519
3008	2.2188458	2.48972808262719
3009	4.121275	6.10108357980392
3010	10.8749	12.3416351837209
3011	7.037029	5.35179428222222
3012	1.0208037	1.29010561135586
3013	6.212951	3.89625902858333
3014	3.0591385	3.4622598941358
3015	5.0096436	3.69805100322222
3016	2.9228806	2.89447827961111
3017	7.520718	8.63711310932433
3018	2.107699	2.26416665721354
3019	3.8600338	1.92615352562319
3020	0.060526893	0.13470507198
3021	0.10716278	0.0883017890464286
3022	1.2593839	1.22223801301149
3023	4.3541937	4.07688958736111
3024	2.1250818	2.81899331318182
3025	2.2501433	2.83274031342982
3026	5.8608	4.91210897632353
3027	0.663404	0.764542913814167
3028	0.23680012	1.18637330623016
3029	0.46721116	1.40963631070556
3030	0.8884558	0.568712877924074
3031	0.56352746	0.627052720203125
3032	4.3163776	2.70167085608333
3033	0.050155375	0.0701536102170543
3034	0.605756	2.61656865384259
3035	0.6606035	0.525130621209804
3036	4.3728585	3.23388759061905
3037	3.8069732	2.73255741308943
3038	5.2134757	5.23252623937037
3039	5.250904	2.91630549990805
3040	10.256457	9.88983003712963
3041	0.026733678	0.0504989160961905
3042	0.13598372	0.717003723160163
3043	6.1148524	7.67783699914634
3044	2.4520304	2.04146365800952
3045	6.0121536	9.60471600093496
3046	1.5740296	3.40028050333333
3047	0.7232171	0.515895659123932
3048	5.712685	3.30552823838095
3049	1.5224775	2.4011819391954
3050	1.9284794	1.30304735267593
3051	0.04490157	0.119073401242949
3052	4.6655474	5.541110325
3053	0.722504	0.678353236623809
3054	1.5151389	1.65706789697833
3055	0.06963857	0.147565926708974
3056	3.1627588	3.93022568896396
3057	4.6102667	7.58413395273148
3058	0.040995546	0.0965083222083334
3059	1.7154415	0.786198815465517
3060	3.4985058	3.58812332531373
3061	1.2849865	1.42966489775225
3062	0.68319404	0.588830095743902
3063	2.5931804	2.29512141561364
3064	0.08879242	0.549793253944326
3065	1.6760304	1.034071815325
3066	0.04383547	0.0849679540756757
3067	2.2357492	2.80829244752252
3068	0.1295288	0.137100130917073
3069	6.765974	3.65269403555555
3070	1.0050725	2.18385177855238
3071	1.792648	2.33213148013158
3072	7.1960235	7.15776379783784
3073	0.08138551	0.13988183443718
3074	1.7982647	1.80621484722778
3075	0.56617177	1.75550871111382
3076	1.8257798	1.58948991908333
3077	14.07676	15.4913017971264
3078	0.5789284	0.726332532884259
3079	0.016879778	0.048664766372549
3080	2.4618316	2.54854058840404
3081	0.09253302	0.142539000521111
3082	4.283018	3.52657264711382
3083	12.872794	16.5109153388288
3084	0.7187824	0.296725844635135
3085	0.06000562	0.179633667207619
3086	0.7243153	0.560593774959259
3087	0.21149671	0.237690096684259
3088	3.4077806	6.12344471640152
3089	0.1554646	0.15163625315098
3090	0.38208678	0.511904916741228
3091	1.51722	2.89789585539216
3092	0.56445295	2.98645288419355
3093	2.2753	3.8245990921875
3094	1.8493664	0.928267741363636
3095	0.09470823	0.0847718243571429
3096	0.039612234	0.0747784648935606
3097	2.264538	3.1469788082381
3098	2.600172	2.38704292514414
3099	0.07325577	0.943086958625
3100	3.582269	3.97807588740196
3101	0.47300813	0.290860696205173
3102	0.04969629	0.140506569118981
3103	3.0247905	2.33035611842857
3104	0.7052581	0.816170595995699
3105	0.050619647	0.0890652763481482
3106	21.615545	18.3053711094444
3107	17.694197	19.8025748232323
3108	2.9223633	2.0114310515
3109	0.8961821	1.24719908206838
3110	0.03279718	0.0398985883472973
3111	2.7840302	2.24702344526754
3112	0.32611343	0.446770796327222
3113	6.7510996	8.49886853170732
3114	0.09973438	0.166225797836574
3115	0.045097444	0.29843306548
3116	1.6069393	2.06121310443182
3117	2.2173803	3.80075733872807
3118	2.309544	2.15925132662393
3119	3.9952316	4.71029787607527
3120	0.9246245	1.27596434108333
3121	0.10334609	0.1406371310075
3122	4.258397	1.99744616312381
3123	0.69716054	0.497741789971545
3124	5.048568	3.67173272495935
3125	6.860513	8.58326859035715
3126	3.106918	3.631474152975
3127	6.5818744	7.47230749083333
3128	4.01877	2.54018958019792
3129	1.8759607	2.712645810775
3130	7.350692	4.37517985111111
3131	1.9302688	1.75195673905426
3132	2.4567842	4.13068462935484
3133	1.1406323	1.25100867483333
3134	8.374617	8.73909106910853
3135	0.06055447	0.126990833694445
3136	4.777085	6.15567878719048
3137	0.041249376	0.105320689078704
3138	3.882207	4.4091035334058
3139	0.12487876	0.129517335099167
3140	8.662763	6.65836969828948
3141	2.0708036	2.55710972802083
3142	1.4442561	1.89240994174713
3143	0.108901486	0.0938704917768817
3144	1.2296991	1.24889749556624
3145	2.3945212	1.2360442859697
3146	1.0767759	0.762421258833333
3147	16.335503	17.5560406403704
3148	6.55421	7.89181453531746
3149	14.74452	18.1226452717054
3150	8.472735	6.35231358537714
3151	2.2664826	4.27242855280952
3152	0.11325869	0.110272440700575
3153	16.327045	18.5471936593137
3154	4.5069246	4.36083996175926
3155	0.048121776	0.11024429991381
3156	2.020523	1.11010982474747
3157	3.5217922	4.09717877734234
3158	2.0763845	1.58309826380556
3159	1.4807047	1.31191084420312
3160	8.255762	8.73173669175214
3161	1.7881615	2.44903276392857
3162	0.11502098	0.625458817611111
3163	1.9975331	2.78683663185714
3164	5.4476233	5.93314151382883
3165	0.14349982	0.0858512603383721
3166	0.18919937	0.843543094148551
3167	2.6293402	2.64079134162281
3168	2.1128333	2.38839669655797
3169	0.10053255	0.144023889075833
3170	2.8686903	1.43110267458333
3171	0.08713361	0.119483705596078
3172	2.759665	3.118267484875
3173	12.062536	13.7632953691176
3174	1.68392	2.90897237117886
3175	0.5310304	0.42128402047043
3176	2.1290708	2.70569560763158
3177	12.325669	12.4587453202381
3178	0.20744395	0.102219456698925
3179	3.2224865	3.61845636964912
3180	5.0121164	4.23697290491228
3181	0.1337942	0.251394014088333
3182	0.88895226	3.50853302404701
3183	5.461375	4.04016096685185
3184	0.23877142	0.152775913712037
3185	0.092838176	0.519879751598582
3186	4.4374843	4.23560231914729
3187	8.823186	4.52863604258772
3188	1.4688586	1.9214153130625
3189	16.09904	13.9585870553419
3190	0.30753785	0.910823068364035
3191	1.7520572	1.54357602886667
3192	0.08549201	0.0499471454821705
3193	2.909911	1.39952799453535
3194	7.659064	7.22175337694444
3195	3.4440074	3.03916204551852
3196	2.6261024	2.1524506549127
3197	0.12390674	0.126567352236937
3198	13.359705	10.9569129450476
3199	0.2182748	0.149990910227778
3200	0.3682382	0.375113023067568
3201	0.20163152	0.38191699903114
3202	5.1258755	5.00278877938095
3203	0.06958688	0.128341405778455
3204	0.025081541	0.266659050628125
3205	1.4545859	1.56756611092929
3206	0.43706396	1.30950330970175
3207	0.68971324	0.676968141728572
3208	20.089123	18.6837052448198
3209	0.13818944	0.142844597372059
3210	2.4863427	3.11960094133333
3211	0.51064694	1.08912891297849
3212	8.382198	8.21125136692308
3213	1.1915145	2.3408756009495
3214	0.042495895	0.11661078342439
3215	1.9786869	1.98999138374713
3216	3.1123064	2.60034807693243
3217	3.041236	1.9080809404375
3218	0.97021353	0.8171408035
3219	3.7015905	4.00896245944444
3220	0.06781958	0.352355399389667
3221	1.283516	1.61688680201667
3222	0.29899424	0.176178067011905
3223	15.238931	11.4523841353241
3224	1.3244325	1.71681816817708
3225	5.317929	6.90787980738095
3226	5.9210153	4.998642997
3227	10.074204	14.5003121776423
3228	5.3424125	5.10983316027027
3229	3.5127409	4.52088259385965
3230	0.057500016	0.0921891928489899
3231	0.44675934	1.19814348845977
3232	3.079332	3.29661077722222
3233	0.33134177	1.15948154863954
3234	0.044164002	0.104432986517982
3235	6.3869247	2.6398577437037
3236	3.929395	4.96829879166667
3237	0.6610423	0.721263178773148
3238	4.1027822	2.90048082210526
3239	0.095693484	0.117705763777451
3240	1.2859954	0.893925347762411
3241	2.1962068	1.71989677464583
3242	0.5753112	0.607857849803922
3243	1.8374993	2.49540696490196
3244	5.3606567	4.75244569708333
3245	2.5174482	2.23948151309524
3246	4.859821	3.45169661196581
3247	4.411145	4.43575259306306
3248	0.10660058	0.302320896779487
3249	1.978256	1.26633458804902
3250	2.0033815	2.1219968856
3251	1.5704043	1.18555330655079
3252	0.09279709	0.133735852814583
3253	4.814062	3.93401268453901
3254	0.086650714	0.716930160730093
3255	0.1402022	0.12635217527619
3256	1.6411654	1.35666781309524
3257	0.17010635	0.127306008524713
3258	2.04034	1.76654178646667
3259	0.8515211	0.942962326987179
3260	22.516851	17.0225457294271
3261	4.779703	2.0201837991875
3262	0.6247539	1.16198247843535
3263	1.6416086	2.19111599569444
3264	1.7013503	2.57876773880488
3265	2.8890264	2.25485232713726
3266	9.9008465	4.57980419962963
3267	0.6688462	1.22258255524653
3268	0.084153764	0.129572964740476
3269	5.145044	4.97820066405406
3270	0.15794246	0.11437054772265
3271	0.032638155	0.118285278737698
3272	0.3944042	0.801359738689189
3273	1.0481318	2.07814189322549
3274	2.5299892	2.08243526405882
3275	0.042887762	1.03606245204054
3276	3.7767632	3.39023032277778
3277	8.584542	7.70029694325758
3278	0.035510533	0.141398161145161
3279	2.600885	2.6840595068254
3280	8.763809	9.46233129088235
3281	4.377694	3.62009092309524
3282	0.08366972	0.106274048761905
3283	13.684273	11.755022205045
3284	0.19086905	1.07845653308081
3285	17.564703	14.031193104065
3286	0.44601804	0.531577927130894
3287	0.6833641	1.19211283356944
3288	2.1071527	1.77270322874444
3289	5.649151	4.884675545
3290	3.7132723	3.67083764314394
3291	3.2153409	2.88718433308642
3292	0.22722082	0.96611784275
3293	6.2695704	3.58123048313726
3294	0.7698098	0.920280181026882
3295	8.384885	7.34387878433333
3296	1.0466448	1.82858094775
3297	1.2490034	0.968168132106481
3298	2.8876686	2.91916714087719
3299	2.809462	3.99055759018519
3300	2.2346556	1.28883590926923
3301	1.6329468	2.30842541049603
3302	21.905619	17.4695747642276
3303	2.2476072	2.73899301877451
3304	0.7512863	0.785581429880953
3305	0.3505069	0.546232336186274
3306	1.4774146	1.7707523796381
3307	0.22392498	0.182692914198851
3308	1.2101021	1.84405099118333
3309	3.8264217	2.62378368967593
3310	0.44377232	1.17182358178472
3311	0.50761646	1.02627296590104
3312	0.45004562	0.842213437315476
3313	0.29494983	0.972793437342857
3314	0.69190145	1.0547998597907
3315	0.016493049	0.0686056749
3316	0.79140407	0.674908851073171
3317	0.85460055	1.94060761939815
3318	0.5496358	1.59092446715
3319	12.004099	14.4868619338095
3320	0.095534705	0.0804812680764706
3321	1.2590173	1.43216852780093
3322	19.661125	15.320748007381
3323	1.8317652	1.38963123221825
3324	1.6628293	3.88155022277778
3325	1.620999	2.24367182018018
3326	0.058082443	0.269045587827236
3327	15.349883	13.3785898253788
3328	1.2130362	1.9378975005787
3329	0.69396186	1.00544738226744
3330	8.151159	7.67584784063063
3331	1.078767	0.987471145470588
3332	3.5473094	4.17867948373874
3333	3.0358217	4.83672408017544
3334	19.780666	16.7086848304878
3335	3.0288858	3.34663964858333
3336	1.5921799	1.37225284715351
3337	0.039438736	0.066674928554955
3338	1.7103846	2.25967256527778
3339	2.622498	3.55450415401709
3340	17.898596	15.3570490971667
3341	5.178125	5.13827769465686
3342	0.20709772	0.119739317373656
3343	3.5029495	2.92315362717172
3344	4.72878	4.94087089021505
3345	4.878488	4.02532211288288
3346	1.0295027	2.57747850860312
3347	0.063350655	0.149597599358537
3348	0.09454196	0.17559167818125
3349	0.03269325	0.0941798394413333
3350	2.388575	1.29427471820085
3351	0.15233278	0.127907597494318
3352	0.022836065	0.0499260996803419
3353	0.052203704	0.0507535348234375
3354	1.3617218	0.468012707450901
3355	11.110755	10.6017501706667
3356	0.18082035	0.185814788313415
3357	0.86147285	1.39570858488034
3358	2.3405273	1.72415968804505
3359	4.0935082	2.41844686454545
3360	1.1089978	1.31065837018518
3361	0.58626	1.61052797661616
3362	2.9818058	3.74474672219048
3363	14.535719	12.5107564926357
3364	3.753935	2.51695590477477
3365	21.20329	15.9340334229167
3366	0.061990198	0.0681487076657143
3367	2.5461602	1.54393607724561
3368	1.9329511	0.99914548570873
3369	2.287296	2.24236534312121
3370	0.6235442	0.702391416035417
3371	4.684034	4.56756844633333
3372	0.095234506	0.164424909805039
3373	0.019671127	0.0662162152160714
3374	2.737707	4.53370551712963
3375	0.6740188	1.26466695252424
3376	1.9094344	2.25579098866667
3377	4.8799357	4.20296926342593
3378	0.07189723	0.100268506031707
3379	1.2419977	1.91487728474561
3380	2.4051964	1.72886846349638
3381	0.36214754	0.516841044187619
3382	0.08980787	0.0729442739577236
3383	2.2066066	4.14685502768519
3384	11.362205	11.0706994907143
3385	0.8092812	0.238774910940476
3386	0.12453741	0.138063074758519
3387	0.42529514	0.803397747247312
3388	0.11162654	0.14772924891124
3389	1.4518149	2.24263769931197
3390	0.08677709	0.134724127115766
3391	0.14055064	0.115046128847549
3392	11.661694	12.5856080288889
3393	4.2568927	2.19321956235294
3394	0.07991486	0.331748662207071
3395	2.162133	2.7926863447549
3396	17.398865	10.8295604546053
3397	1.147376	0.921092255869047
3398	1.7878351	1.55670924519643
3399	1.9870757	2.1559622804386
3400	3.0319524	2.59130242197368
3401	1.5219892	2.31286707715278
3402	7.343203	6.18604470527778
3403	0.40123123	0.618636001051111
3404	2.4454665	2.40436383439394
3405	0.2933161	0.768150303573809
3406	1.3189012	1.47697517052632
3407	1.899615	1.95102874411111
3408	0.1439117	0.0847218414319445
3409	0.15054548	0.1500257736225
3410	1.4597805	3.24188231321839
3411	0.1914079	0.114548012603472
3412	0.044002973	0.225167047725309
3413	0.6895603	1.10593938655159
3414	5.766967	4.73967266397059
3415	1.6824594	3.06135727671296
3416	0.56580067	1.13948714491667
3417	5.731991	4.59524169585714
3418	5.0334616	2.69442286726191
3419	0.03742742	0.0674797153079167
3420	1.9494797	1.71475534157143
3421	0.09833658	0.922810715202128
3422	1.86071	2.10166870729167
3423	5.3976717	7.03523022800813
3424	9.715925	8.02659062518519
3425	7.0548635	7.7610413800463
3426	1.8188	3.6655392345098
3427	0.039335847	0.121283654226736
3428	7.7770824	3.97367061111111
3429	1.0477744	0.759376462141975
3430	1.5951566	1.16735650280714
3431	1.4329587	2.4261287311124
3432	0.13351537	0.261450411353125
3433	4.6046715	5.15622885223577
3434	0.624175	2.15011950732323
3435	0.22791727	0.609524070615385
3436	13.7113905	16.5934952458333
3437	0.7014264	0.786807863888889
3438	1.6644543	2.10462477368421
3439	8.544862	9.69777559923077
3440	2.3020005	1.4721242740625
3441	3.645983	2.74439662140404
3442	6.050897	8.38700876354167
3443	0.18176934	0.0950456376683333
3444	1.5093199	1.44382084464516
3445	0.40002972	0.593345059730392
3446	0.034265116	0.0473585017866667
3447	0.8650257	1.54368141390805
3448	1.0942792	2.16170884120175
3449	1.6403728	2.05409171592754
3450	0.16211171	0.0660457102604651
3451	3.003179	3.05541485462963
3452	1.4772351	2.3201013375641
3453	0.075686425	0.237433290380645
3454	7.7691674	8.00494426057471
3455	1.9248159	1.49218930948571
3456	0.36380756	0.35282644938625
3457	0.07336387	0.126287187755392
3458	1.0541942	0.701233938859649
3459	2.90479	2.94495717666667
3460	0.16868886	0.217928046715
3461	3.2438672	3.79786139509009
3462	0.16914976	0.125198750420175
3463	0.11228104	0.0944800722434959
3464	1.0269703	0.755608367102273
3465	4.8953295	2.76200933931624
3466	5.5840187	7.14278930571429
3467	2.6496608	3.75158855424837
3468	4.6285233	4.86224316255556
3469	0.07154236	0.0972039939166667
3470	0.017914793	0.0796209932617284
3471	4.381158	3.20401178418803
3472	7.851382	6.35140649864341
3473	0.034734674	0.119367050539189
3474	2.2577407	2.60497815054701
3475	1.1907232	1.70879398819512
3476	4.178936	2.9077036895614
3477	7.638925	8.2267725640625
3478	3.090823	3.85400414544715
3479	0.1824465	0.148465239714368
3480	0.077199966	0.0690485404877778
3481	0.09764962	0.0696509924842105
3482	0.67873585	0.547597327544186
3483	3.2030916	2.871387882775
3484	0.17477234	0.145093422619907
3485	0.15831642	0.162317170544828
3486	0.0825269	0.100153272273504
3487	3.7450044	4.65093091424731
3488	0.065666765	0.0825724372214912
3489	2.578386	5.04500533720238
3490	0.084395304	0.0971530005951613
3491	2.4927952	2.3628478988547
3492	7.3255186	5.41193259670155
3493	0.12314653	0.169364933639535
3494	5.7557297	8.31351859061905
3495	0.12530033	0.481925610620968
3496	3.0989158	2.70130218855856
3497	5.122703	5.31407839117117
3498	0.54521495	1.52645349201258
3499	0.095048085	0.123833475716228
3500	0.030846002	0.0566568722807407
3501	0.11723833	0.113319499236022
3502	0.7455623	1.15716067889912
3503	4.5823107	4.43296049
3504	3.0388968	3.02488372163008
3505	2.3122418	3.94713723601626
3506	2.8883293	2.00556874903535
3507	2.7414443	3.09522767107143
3508	1.2794614	2.04512455294574
3509	1.4285157	1.21279512564493
3510	12.3543005	13.1077280337398
3511	0.14316177	0.162613607741667
3512	2.0789206	1.57087426607407
3513	0.7696449	1.12961433610965
3514	2.8451726	2.06627972106481
3515	5.5317044	3.98879602132479
3516	0.9819951	1.23138782926566
3517	10.578022	11.952021100625
3518	0.3469912	0.115377678446341
3519	3.9513412	4.38262985640625
3520	4.2359743	6.31322228846847
3521	0.03132405	0.152031105497917
3522	0.32049847	1.20083555880813
3523	0.033243507	0.107853269290598
3524	2.1434953	1.45196860202778
3525	6.3681397	4.68671954372549
3526	2.8429759	2.30871931361111
3527	3.8978043	3.35303882684685
3528	1.1462392	1.18198835317647
3529	0.046584714	0.0854937510261111
3530	5.015172	4.12935354568966
3531	2.6605408	2.42087154436937
3532	2.1626601	2.14294193507071
3533	4.151786	3.3060814190404
3534	1.80988	2.42732597765351
3535	0.5099389	1.37322088234762
3536	0.084382966	0.627667141173148
3537	0.6155079	4.15271016228829
3538	2.5865097	2.35512418585526
3539	7.3412147	8.23791623067461
3540	0.4792558	0.721673066419512
3541	2.725406	2.78287072677419
3542	0.19399364	0.0767749653434343
3543	0.015793983	0.0867345683653153
3544	14.614117	8.64507845085185
3545	2.7406409	2.64282688872549
3546	1.4148602	1.96491899958333
3547	0.55947924	0.636005310513675
3548	1.7397928	1.86603170684444
3549	1.6529142	1.81507725758889
3550	3.102332	2.61374830299425
3551	4.5985355	4.413681064
3552	2.608679	2.71658165222222
3553	2.220162	3.12438441658772
3554	12.864643	10.0888458166239
3555	0.043762147	0.0859200131846154
3556	3.6789234	3.53340535429293
3557	0.31413954	0.70722125277
3558	2.0656526	0.986415465612903
3559	19.112488	17.6982004162281
3560	1.8064766	1.13933516736306
3561	0.8008289	0.569819542715054
3562	1.8723686	2.58982411791667
3563	6.4036384	4.40475347617886
3564	1.6151907	1.50441787703922
3565	0.10277753	0.0986153711916666
3566	5.7843065	5.68054186522989
3567	2.044858	1.47692616035145
3568	0.062145587	0.253221350619106
3569	1.6245906	1.44402276597674
3570	1.4865638	1.18475103160215
3571	1.0905598	1.06096650161333
3572	0.37878	1.00680763767886
3573	4.58562	3.84819685968992
3574	4.5064626	2.60463304010345
3575	2.1593156	2.13177461595238
3576	4.1398296	4.54261513826087
3577	3.0787747	3.13196201188172
3578	16.645885	17.4552189109524
3579	1.2371005	1.18244945876496
3580	1.6530172	1.5064934292
3581	0.11796879	0.174373376693011
3582	2.1772947	2.57459823838095
3583	0.9791225	1.23211570237963
3584	2.885577	2.50843376178862
3585	1.5439082	2.51674955547009
3586	0.037989017	0.127838166922917
3587	1.5010588	2.9583836568018
3588	2.1044586	2.86201403252381
3589	0.049694683	0.119977186383333
3590	0.4525815	1.12635191302083
3591	1.0525203	1.05038091531863
3592	9.569308	9.88780471390351
3593	0.27276075	0.200899786747312
3594	0.03954838	0.0665511427008772
3595	1.2084947	1.6329046542125
3596	2.307822	2.56844930477083
3597	1.2637829	0.697153157611232
3598	0.37027782	0.679916090501042
3599	8.02718	6.98726634120834
3600	1.0935472	0.902032396858974
3601	0.84305143	1.14889252473077
3602	0.1890102	0.335616051516667
3603	3.3420591	2.24781810501481
3604	0.6801931	0.45069894386
3605	0.057646465	0.0991747018799145
3606	2.221008	2.0912582852439
3607	6.357315	3.82769479357143
3608	13.658169	14.6269032358974
3609	0.025362734	0.0568835633220833
3610	5.857905	6.75710883951754
3611	0.10850831	0.0786939010752688
3612	2.8080587	1.20660871711616
3613	6.4127235	5.87455020152778
3614	1.043446	0.997868854283333
3615	7.1179614	8.5698825567094
3616	5.8620853	3.7792720068421
3617	0.141454	0.871192369561905
3618	0.4485771	1.930720377375
3619	1.8686298	3.99735183442708
3620	0.74650425	1.20604086197312
3621	6.4290514	6.12288434004505
3622	0.7956552	0.869596058723738
3623	0.3281191	2.49040909914682
3624	1.9265947	2.72894879466667
3625	0.115720265	0.0634117748412879
3626	0.35761252	0.223135633627519
3627	7.304013	7.39522250820176
3628	0.58195436	0.101208313997312
3629	22.428364	16.6475751583333
3630	2.0115798	3.71701157348485
3631	1.0692722	0.929055567539474
3632	0.80026394	0.975388744199074
3633	2.8903635	2.34610898475
3634	6.176927	5.66086834446236
3635	0.67445564	0.810917269866667
3636	2.1332343	1.34313339198984
3637	3.0112414	1.56560064621963
3638	2.0414906	2.27014805536585
3639	2.3199859	1.80222969175225
3640	0.43079916	1.56237585420085
3641	0.2358719	0.113915453330417
3642	0.10943473	0.224171729932917
3643	6.036824	4.2371897720202
3644	0.035839148	0.145929903434615
3645	1.9097784	1.07623999299091
3646	0.020918861	0.087323798755
3647	3.17706	1.68280030140741
3648	3.361199	2.72333540361789
3649	1.6207206	2.11464084196078
3650	0.11299356	0.781858380547009
3651	0.13079669	0.206319796918699
3652	1.5922272	3.12939007583333
3653	0.84910387	1.65991563019658
3654	3.4776354	3.39156962083333
3655	5.302625	3.99367865052083
3656	1.8229706	1.78529753668981
3657	16.365198	15.8401418747917
3658	0.10461669	1.07933666164286
3659	4.3356047	4.05110261875
3660	3.0007417	3.26474374771318
3661	3.8951707	4.61570035765151
3662	3.0971382	4.48491557225203
3663	10.886616	4.81629097142857
3664	0.8065463	1.36817653047222
3665	0.7432188	0.888026612996296
3666	3.4329503	4.07786408880952
3667	0.10311211	0.485556586363333
3668	0.04806389	0.123897042403846
3669	1.506911	0.945856652416667
3670	0.06200287	0.160560999581197
3671	3.0224295	2.59400316621212
3672	0.06523891	0.175751601949167
3673	0.052845657	0.157108729347222
3674	2.9062567	2.57433115896552
3675	0.8581732	0.566885384370834
3676	1.2183142	1.40206704549495
3677	0.029825509	0.416520291952604
3678	2.0754397	1.66620472834127
3679	3.2893078	2.21003451919355
3680	0.05263212	0.195073813168137
3681	4.027611	2.69493252479167
3682	9.064037	6.94167481203125
3683	0.08035187	0.118844864039189
3684	1.6107367	1.63264334629167
3685	0.93837476	0.820331830307292
3686	3.7040358	2.65497568548485
3687	0.23747703	0.140073419679279
3688	1.4028112	1.11079294421605
3689	2.5097358	1.79198571247312
3690	4.721653	3.04017594276423
3691	3.3142269	2.43681974525463
3692	1.1655345	1.0959931565303
3693	2.5055182	1.59244171577027
3694	8.644718	7.80100312285714
3695	1.9455088	1.72334712510976
3696	4.3019414	5.74296310234375
3697	5.0279503	4.03316938534314
3698	2.9880447	2.742801735
3699	10.929762	9.87723160507936
3700	1.8224624	4.29315888409722
3701	5.1362333	4.58469461370968
3702	0.020179942	0.0542682745622549
3703	0.11931067	0.0852493777220721
3704	0.50765175	0.714784513182408
3705	2.3336773	3.167130705
3706	0.46783322	1.2306810232598
3707	4.239887	4.02505058916667
3708	1.9814322	2.48672487829167
3709	0.042922195	0.0747214245337302
3710	0.18113637	0.227711390290789
3711	2.763449	1.91728835657407
3712	2.8177757	3.04900074794574
3713	0.07118374	0.126181491786585
3714	0.18204623	0.0606841780091398
3715	2.3385093	2.70090489210317
3716	0.22121204	0.119415010096875
3717	0.07065938	0.156210798441441
3718	16.560934	16.6888121357843
3719	0.11186282	0.0818607251159091
3720	0.19046111	0.930705497638158
3721	1.6481106	1.388101822
3722	5.6089735	5.87057267440171
3723	0.10769095	0.17082879125813
3724	1.0056009	1.20840115906944
3725	13.358475	11.0267577315315
3726	0.7801555	1.0749740785914
3727	2.6192737	2.7777856663964
3728	0.14987183	0.160219577923437
3729	10.22828	9.61930408028455
3730	0.10954883	0.172681801140991
3731	2.6897044	1.94830988392424
3732	0.07874754	0.147163320541667
3733	0.111386396	0.233993294166667
3734	1.8782109	1.01037458035659
3735	0.034488935	0.0735369730148809
3736	3.025009	3.39530637804902
3737	0.61026484	1.10684215625
3738	1.9243109	1.42748225638889
3739	3.1588295	4.94230143492063
3740	2.9924698	2.82944468961539
3741	0.30034688	0.845834007289474
3742	1.7345006	3.81146118628205
3743	0.9223074	4.3020477071875
3744	2.7152584	2.32348322465517
3745	2.9542701	4.23262900623656
3746	0.057454746	0.0885236424533333
3747	3.4199927	5.1423013636508
3748	4.593499	4.66724905358586
3749	0.87261343	2.44677813648958
3750	3.8170807	2.13196668238095
3751	14.221697	16.6165047934211
3752	1.5733796	2.46483532117157
3753	1.8453366	1.21149048651481
3754	1.2498622	2.64934863097222
3755	0.5356073	0.898900869367544
3756	0.047132213	0.1568154352125
3757	17.713102	17.5140519110294
3758	2.474385	3.05240925297619
3759	1.013758	0.843329483010417
3760	2.8689039	3.30351030722222
3761	1.760161	1.33627108071429
3762	0.0724228	0.0980239807388889
3763	0.36844257	0.184435788194444
3764	2.5832994	1.83618217782828
3765	2.9273667	4.87936436461539
3766	1.381393	2.38944792382883
3767	1.0404266	0.840450255140351
3768	0.025791297	0.161290023550794
3769	0.21569364	0.0616130188354167
3770	1.9120857	2.25412588277778
3771	9.03781	5.66208981295833
3772	5.1493316	7.37087655205426
3773	1.0764109	0.699607624133333
3774	1.6710193	1.77030844097396
3775	0.5749258	0.495246261614286
3776	18.986216	16.2442979233796
3777	1.5301788	1.91747836014414
3778	7.753379	4.63033769908046
3779	0.5220228	0.392880440172727
3780	0.20404257	0.14051930307619
3781	0.25729915	0.894533594991453
3782	12.342989	11.8133487447917
3783	0.6778204	1.74096049337083
3784	18.578493	17.7564963120098
3785	0.6035401	0.761035592826496
3786	0.11483779	0.741066294689683
3787	6.2227564	4.45510026625
3788	0.06543764	0.224118034876016
3789	3.0097022	2.67982750638095
3790	0.4926456	0.539629447335
3791	0.32267684	2.59590573326496
3792	5.7476416	4.32829968696078
3793	3.0615168	1.62027567516667
3794	4.5154214	2.64054737261111
3795	1.1533505	2.97105479078283
3796	0.02771703	0.0682183948337398
3797	0.097815156	0.0825422372746032
3798	2.7186503	3.18786463995727
3799	0.06408146	0.12639690635375
3800	1.47872	1.60712676046465
3801	5.412495	3.80952522319048
3802	9.171966	7.83233058870968
3803	0.21944672	0.0838173838504273
3804	0.14002113	0.656503086288288
3805	7.0718036	12.3999183765152
3806	1.5530924	1.86184369333333
3807	2.064461	4.58038730390351
3808	0.38902307	1.05528874823431
3809	5.3888726	6.05760029691667
3810	0.122399725	0.251114834086765
3811	0.9767323	1.37498748193411
3812	0.046312533	0.835834468161539
3813	5.4315414	4.04512488944444
3814	1.4628494	1.59075179702083
3815	18.965109	16.5200537589431
3816	3.3299253	2.53619951644444
3817	0.085369885	0.544837282118919
3818	1.5006218	1.59866464175225
3819	1.5913047	1.16483149073256
3820	2.9698272	3.27444327216216
3821	4.1245084	4.45044795694444
3822	4.520965	2.54695656646667
3823	6.9211197	5.28261539366667
3824	0.059185393	0.0552325970203125
3825	1.2311088	1.24239038196795
3826	1.87212	3.82453052197807
3827	0.042888906	0.134151300367742
3828	2.9603372	2.95199260337963
3829	3.3026505	1.76808441389216
3830	4.9438667	3.66009973813953
3831	0.11444396	0.12744811482625
3832	3.8341563	3.80973196970086
3833	8.208936	5.62172937697849
3834	0.6777405	0.935658689596774
3835	6.9690633	7.14723688979798
3836	1.9795593	2.34987258127451
3837	1.5450803	1.13111974688272
3838	1.9745145	2.41826527633333
3839	0.5693812	0.446527301268519
3840	13.116217	13.749448994798
3841	0.083090514	0.093504376725
3842	4.9364643	6.57002385696581
3843	0.113114	0.184423410080159
3844	3.7704782	2.74138145888889
3845	0.33988097	0.91024036527193
3846	2.2548618	1.3367539447906
3847	0.9404708	2.35669851434583
3848	11.888223	12.1976300902778
3849	2.1187742	1.93080003859524
3850	9.126527	7.08010709508547
3851	3.112327	2.23008440872093
3852	4.469502	6.36985817401515
3853	0.8178484	0.79541092122963
3854	1.5127026	0.993324341166667
3855	0.22077802	1.0857504874186
3856	0.035746563	0.0492587450620568
3857	3.4552271	2.11617565361111
3858	5.6361303	8.1268446125463
3859	1.4583179	1.21283812492143
3860	1.496989	1.52475781362255
3861	3.9034235	2.53749921357143
3862	2.5326338	3.15259237873874
3863	0.8502338	0.697405732393694
3864	0.7158287	0.78780730115303
3865	3.5192485	2.79683395438889
3866	2.6129136	1.73134327729915
3867	0.56010526	1.58446315204545
3868	2.7332642	1.77033854186207
3869	1.9837024	1.50865382841936
3870	0.022184463	0.0725574548620371
3871	3.3811285	1.8003305252451
3872	4.6763453	3.2932060565812
3873	0.11876766	0.200369296053431
3874	3.3445716	4.09895436113821
3875	2.9243495	2.54061514186047
3876	0.20297518	0.107105557042929
3877	0.32586563	0.8318311508
3878	4.406966	5.3460954549495
3879	3.0071476	4.53267863079546
3880	2.9175134	2.3503872456036
3881	3.8740816	3.614687505625
3882	0.11561912	0.125552002105952
3883	2.1358206	0.960306528061404
3884	3.8002687	2.81626322128788
3885	0.19959678	0.561426879398925
3886	0.14796805	0.193295315081349
3887	2.0064046	1.99253721351613
3888	0.5827099	0.790494778665333
3889	1.8333143	1.14216568990833
3890	1.1268959	1.1557016735406
3891	0.044615354	0.111206364350758
3892	1.7567035	3.00421927933333
3893	1.1798428	1.89381456666667
3894	25.87313	20.3990087473684
3895	0.079068705	0.0743850165996124
3896	10.682874	12.1303047324359
3897	3.9085436	3.920674902375
3898	1.1868659	0.486457864204167
3899	0.81977296	2.085955723125
3900	0.7481268	1.05776444586765
3901	5.10122	4.34097703069893
3902	2.9037733	1.95207273496396
3903	0.07079954	0.0952614194685714
3904	1.3341796	1.86508772790598
3905	1.7591715	2.54916448432432
3906	2.6113605	2.50873057745238
3907	1.7584288	1.71140722757353
3908	3.5676477	3.02654181720833
3909	1.0669401	0.812176329328829
3910	7.2423687	4.08926571769231
3911	3.185294	2.83243277166667
3912	3.0745296	4.13599388271739
3913	1.3346734	0.918253783281196
3914	3.2518966	2.60642519109375
3915	0.1895444	0.119427451062821
3916	5.3029823	4.54124140314286
3917	0.023514973	0.0697276381631579
3918	0.45699194	1.16704790258391
3919	1.9210832	1.10215012440931
3920	2.8170416	2.02231350382407
3921	3.5796127	2.4193166292381
3922	0.21566239	0.144320858974762
3923	0.7433738	0.939449322425438
3924	0.34255823	0.474096298105952
3925	3.5653157	4.64450142927928
3926	2.487895	2.02332182751852
3927	1.3921908	1.89210916068889
3928	1.8049461	0.734157354927632
3929	5.890154	4.93618202267544
3930	0.15773107	0.118055677139394
3931	1.8081816	1.83342544016667
3932	5.075311	4.73926806288889
3933	2.108233	2.5593918927451
3934	0.31521055	0.213288712735317
3935	10.0582905	10.5781328691429
3936	1.6227273	1.46179175324537
3937	2.6488945	3.52919656655039
3938	0.31720504	0.393956157494624
3939	1.1959556	0.839778232390476
3940	0.022771431	0.22754393190991
3941	0.061510954	0.145033982025926
3942	1.3441213	1.09953878291905
3943	0.041515883	0.0860647863414415
3944	1.0354927	0.915068267254386
3945	0.03793632	0.0777759081147287
3946	0.093963996	0.134104130097619
3947	12.201561	7.42840879586022
3948	4.459865	3.31011454429825
3949	1.4749993	1.99664038333333
3950	0.28378776	0.552352169322916
3951	1.4718237	1.94189605650407
3952	4.4464087	4.02745428825
3953	1.0299102	1.2653355642875
3954	3.9536242	3.35944071366667
3955	3.385011	3.16328979526042
3956	5.505227	2.68248505682292
3957	0.6602839	2.01946839858333
3958	0.10754975	0.857257339058333
3959	6.2857676	5.08909851854286
3960	0.41989395	0.794756412171875
3961	0.6750953	0.512234470307752
3962	0.5206694	1.31562955518421
3963	19.310127	22.0108541888889
3964	2.719275	1.92031494563979
3965	1.5823145	0.98974012045614
3966	1.9864669	1.08940853376667
3967	1.3618938	1.31630579972258
3968	0.93532854	1.38805504831548
3969	1.2811567	1.51271639707692
3970	1.5386254	1.38643834274775
3971	0.20895155	0.153291385080417
3972	2.6122458	3.68849616182927
3973	2.9658265	4.14252438017094
3974	1.1680644	1.45284300585317
3975	3.1990738	5.27086676769231
3976	2.1435769	2.45947562
3977	1.6919172	1.8075760969697
3978	0.060328424	1.21606055133208
3979	1.4627584	1.00334999403101
3980	0.9249533	0.737766997211538
3981	3.4568596	2.94651036640351
3982	3.4856775	4.31369478769231
3983	4.8597746	4.33440267414414
3984	2.6114373	2.82442461517857
3985	1.9760307	1.38782856691919
3986	0.5317462	0.783365851257143
3987	0.059089176	0.0810104013950981
3988	1.7844627	2.71693870869048
3989	0.028251471	0.13046630768374
3990	1.2839129	1.38360120675
3991	0.03639619	0.0916478078617647
3992	4.36474	4.89599906052381
3993	2.4979978	2.42809236151515
3994	0.061196227	0.144397720879279
3995	1.8286775	2.03252422505208
3996	0.033292305	0.0497263540224359
3997	2.0863783	2.31120963452899
3998	2.912872	3.4265876077451
3999	0.5127778	0.538419739411765
4000	4.0102496	3.06206272039474
4001	14.475773	10.7161775908824
4002	0.59279805	1.87793889895402
4003	0.07084332	0.102672659608559
4004	8.294832	6.82474274252525
4005	4.3757815	3.11213413621622
4006	0.055185314	0.080886324415
4007	0.024710229	0.0962474322591954
4008	1.5327656	1.98766881206306
4009	1.8008989	1.6811754399899
4010	0.4491044	1.57282231165098
4011	0.038969826	0.0999066371947619
4012	0.09625626	0.0821414910738739
4013	2.329668	3.80773045493827
4014	4.3052073	3.53832901539216
4015	0.1370988	0.0686342606720834
4016	2.3460402	1.69257206889333
4017	1.8487588	2.72094740454861
4018	1.8461969	1.3637224559798
4019	0.79629594	1.0659351374693
4020	4.3160534	3.97477421003704
4021	17.035374	15.5823035598684
4022	14.152457	10.6338493311458
4023	0.9488429	1.25588130358333
4024	3.0737233	3.11832979369919
4025	0.036274843	0.0541670820209402
4026	2.5519247	1.60167328955556
4027	1.1055312	1.07302754108796
4028	4.4529634	5.31041416619792
4029	11.967658	12.8804526531008
4030	5.9129634	7.86778600074074
4031	8.130534	7.94507152641667
4032	13.191721	11.5377145445175
4033	1.1212231	1.50326387688889
4034	1.1495991	0.802268164798291
4035	0.101868704	0.134612564795313
4036	4.5212526	2.52532264934343
4037	5.371043	5.24151274779412
4038	1.6550457	2.14166147947807
4039	0.16710956	0.146683010869524
4040	0.023207761	0.117114659830667
4041	0.042266022	0.0984233425688597
4042	0.16798095	0.31629304898046
4043	0.054891963	0.104014223952083
4044	5.8653026	3.84297514146825
4045	1.5219651	2.23144068721212
4046	5.9630036	7.48580170093023
4047	0.9188776	2.56941020259259
4048	11.40306	10.1729525377957
4049	6.234253	4.75457239441441
4050	0.015916023	0.0588959062376191
4051	1.5166963	2.1983441165
4052	0.099003166	0.412524334230769
4053	16.049797	13.3208649545699
4054	2.1626737	4.0804939344086
4055	3.7968214	2.74344265100877
4056	0.38087922	1.45521001974074
4057	3.7330089	3.14867592298095
4058	15.947434	14.240167130625
4059	0.9520602	0.99343382190404
4060	0.7957511	0.847914303384259
4061	0.70052207	0.812655681828829
4062	2.8587081	2.83954163065217
4063	0.13742842	0.153109311469231
4064	0.5637435	0.64530876122037
4065	0.3573683	0.706823726089744
4066	3.2202585	4.25869638007246
4067	0.47181368	0.52299021360814
4068	0.03284688	0.046072289732381
4069	0.26280805	0.425995454527778
4070	17.710484	17.5179936274194
4071	9.423895	9.16337734938889
4072	0.966558	1.18867536808333
4073	2.2754247	2.24988688775
4074	9.603538	8.00030875666667
4075	4.5157857	4.41310031019231
4076	0.7444812	1.50588662084014
4077	0.21772045	0.113752298800417
4078	2.9898052	2.22874144
4079	8.878698	13.6138184389535
4080	1.5831728	1.56673801410938
4081	0.026485093	0.0779740212514286
4082	0.90737385	1.21995386003333
4083	3.7801206	3.02238638293333
4084	3.0561378	3.4165761497561
4085	4.0162206	4.27154074271429
4086	3.1103315	4.51429998598039
4087	0.26458916	0.243916938302632
4088	0.50917697	0.134375626955983
4089	1.7633659	2.32790344056757
4090	2.2055912	2.21484959145714
4091	19.123201	15.2870873038618
4092	2.863709	2.62303077632955
4093	0.2805534	0.564469531351852
4094	1.1162931	1.07504543401351
4095	6.994259	8.06113289793651
4096	12.202683	7.24066921623457
4097	6.8682942	7.7117388334375
4098	8.500929	6.96725167360465
4099	0.042955026	0.110508481161966
4100	1.2124108	0.770605450775238
4101	4.046606	5.19530306921053
4102	0.07069743	0.109527579180263
4103	3.6339486	7.25210423987179
4104	1.5060865	1.7248750752381
4105	10.817299	9.50349134715909
4106	1.3136692	1.61304355406944
4107	1.3409253	0.946717367742064
4108	8.273508	11.3012614505128
4109	0.55622804	0.816213600548413
4110	1.3051423	1.31227015000406
4111	1.1830779	1.1262733137381
4112	1.3584648	1.66013785593333
4113	0.05143272	0.0697928582866667
4114	0.03970531	0.183775821003431
4115	0.041171286	0.124735174029798
4116	3.4008975	2.39549611171591
4117	2.600958	3.19334863776316
4118	0.51868343	1.33010992554825
4119	3.163087	2.13738298428571
4120	0.140794	0.746233214114035
4121	2.3421633	4.16319947004505
4122	1.1585187	2.54207283396826
4123	1.3873035	1.42806214125694
4124	2.918794	2.89395878272358
4125	2.3044214	1.996221842
4126	0.3656475	0.802670769313132
4127	0.14155817	0.49501173577451
4128	0.036476023	0.160694001110119
4129	0.042139478	0.0648401851564103
4130	2.17805	2.86490552003604
4131	1.9984432	2.51922491073232
4132	7.2226276	6.94003715311966
4133	0.39443955	0.114282734639785
4134	2.6994486	2.39980306441177
4135	0.9351917	0.613250539416667
4136	0.07702164	0.452740958462963
4137	2.647431	2.31688335681818
4138	0.08310116	0.0870674703452992
4139	0.24376994	0.525764816707071
4140	0.44881052	0.932008862252252
4141	3.3185077	4.01690737860215
4142	0.65352	1.43156387485586
4143	1.3584095	2.29699988296396
4144	2.658558	2.84768407134286
4145	0.093306534	0.110116088945699
4146	1.439498	3.04120168201754
4147	1.075144	0.647394458973505
4148	3.484119	3.36896635282946
4149	12.459053	12.7056894930882
4150	0.8881374	0.871281981421296
4151	0.4448953	0.76553354025125
4152	3.7836509	2.86906950318182
4153	0.059464037	0.0948723296444445
4154	4.1386704	4.60434865451852
4155	1.1110666	1.55915856816176
4156	1.9289745	1.9500537498
4157	2.0843003	2.1224834865614
4158	3.3286028	2.79837811063063
4159	0.2532766	0.253992782019737
4160	4.286967	5.91795827495833
4161	2.4691048	2.65877735615079
4162	0.017279778	0.0653887526300926
4163	3.1484795	2.44308458203704
4164	0.7669279	0.877109554710784
4165	1.5132704	1.29226364310526
4166	17.05474	16.6417184946078
4167	1.3483713	0.615852026490991
4168	0.8406945	3.17320196166667
4169	3.392485	3.3188672415
4170	0.46838826	0.995199797895833
4171	3.6361997	3.75673437940741
4172	0.11161429	0.0702164867632576
4173	6.6808753	4.21193503817073
4174	0.54993033	0.996429220461905
4175	0.15745686	0.132264987477381
4176	0.7032154	1.66404932548864
4177	0.7990427	0.605688870306482
4178	7.291611	8.36032218699187
4179	0.2825056	0.5013899311725
4180	16.832209	15.7221926837879
4181	1.7825556	2.11517463267544
4182	1.3215053	2.97681607485294
4183	3.6342413	4.41081526418699
4184	0.27137622	1.33819739142045
4185	3.6073508	3.54866983952381
4186	1.0019935	0.787621060731183
4187	0.083711825	0.104767106725
4188	0.06010412	0.0816805160057143
4189	1.7009763	1.5259824378381
4190	7.508255	8.04488801376984
4191	16.26546	15.3133631708333
4192	3.9979682	2.22241520125
4193	0.15140815	0.234263540955882
4194	0.13978575	0.0529552918756757
4195	0.05968729	0.616929116694445
4196	21.037146	17.5589111822917
4197	0.9956888	1.21272792965432
4198	0.2665867	0.578508777395833
4199	4.4568768	5.50141861276042
4200	1.1734487	2.05969753248649
4201	0.8879162	0.946173944662626
4202	5.4236374	5.907896183375
4203	8.464546	17.772261352027
4204	6.940138	4.38884238328704
4205	0.9332179	1.9180076715812
4206	3.0441923	1.66897741804598
4207	2.5088444	5.08384103657408
4208	0.179205	0.137096330620635
4209	2.8428087	3.19747831491228
4210	2.4714444	2.69590836119608
4211	1.0494959	2.54136771879583
4212	4.1007667	2.9855506722381
4213	2.388994	2.35489942613542
4214	1.7126664	1.68081852072222
4215	3.3012109	3.51747940218391
4216	2.3458927	2.6604114688141
4217	0.05712397	0.225154879284286
4218	3.2070394	4.7249846492381
4219	2.0267675	2.29716256665789
4220	18.993807	19.3129731198925
4221	2.585192	3.5254750491453
4222	1.6761233	2.04520172851755
4223	2.4475558	3.14351021099099
4224	0.3328465	0.922373310170732
4225	3.4741004	3.44493499261111
4226	10.852601	7.45022105761261
4227	2.0438225	1.59796606783784
4228	0.06228213	0.100897553860119
4229	0.19392398	0.121424405611382
4230	0.034823023	0.136656930548333
4231	11.968332	13.2223056434109
4232	5.4143453	4.94337426958333
4233	1.7660244	1.26697103823333
4234	3.3477724	3.33339422031008
4235	7.5514894	4.28451032570833
4236	0.65653604	0.666350910120588
4237	0.2971534	0.107156140986274
4238	1.527485	1.33191727015833
4239	8.504031	4.39606880571429
4240	2.4456682	2.93769437157407
4241	0.019989805	0.05547287906
4242	1.6440134	1.17149383950952
4243	2.1726842	2.44644377041441
4244	19.059364	15.4442908144608
4245	3.19609	6.52777065102941
4246	0.5628119	0.725170843232026
4247	1.5703958	1.37470906807317
4248	2.5753458	3.2398270144186
4249	1.3363538	2.13845489328704
4250	1.1009043	1.1585466859023
4251	5.637252	4.113632955625
4252	3.2818258	3.74254212388889
4253	4.07696	4.00821317937037
4254	4.4746404	2.26148157357719
4255	3.0890918	2.755075669125
4256	0.17287178	0.202176594006566
4257	1.5860671	0.916374020333334
4258	0.110158026	0.18779013293287
4259	0.39003518	0.937610896073333
4260	1.1729885	2.71132080657143
4261	2.671259	2.50346057965517
4262	0.21872684	1.07938477352137
4263	3.0388474	3.7250776536875
4264	2.778144	2.4168848611938
4265	0.06030552	0.0544011690022222
4266	2.1864183	1.18828599198649
4267	0.087004855	0.0813174909883838
4268	3.2351515	4.3725702153252
4269	3.2273057	5.06734469558333
4270	0.15354179	0.0744914863512195
4271	6.778878	8.43251325854167
4272	0.051120196	0.0734366209986487
4273	0.21979657	0.118155710662613
4274	15.311331	16.1073799663636
4275	2.9477801	2.9437388551037
4276	2.1186695	2.76174863661616
4277	0.06488903	0.0992084020041667
4278	0.102182366	0.510462132043496
4279	2.7723389	2.011492901225
4280	0.4963248	1.02272465965455
4281	3.2822497	1.86407640737097
4282	2.1243856	2.60509771744186
4283	1.8872513	1.66450802540171
4284	2.1902022	1.50895635630952
4285	0.02306025	0.108980016135772
4286	0.17399348	0.0781168715869281
4287	4.922639	3.48083955563726
4288	0.14252524	0.122120550475758
4289	0.55482626	0.551338925845652
4290	1.5233147	1.34773450172222
4291	0.14859928	0.110850889569753
4292	14.722777	10.8343782113441
4293	6.6467123	4.95583882817073
4294	2.7932513	1.7961605480754
4295	2.176598	1.43885131502326
4296	2.8029785	2.90344151048387
4297	4.4652247	4.34839634090909
4298	0.3357985	0.132828444830808
4299	1.3436341	1.99928729419048
4300	2.0343313	1.93706482724324
4301	2.9992812	2.78369726935897
4302	0.39495152	0.76408321015
4303	3.4221427	3.45766991103448
4304	1.9903961	1.30627749428736
4305	1.2602279	2.27237553162602
4306	2.6549387	2.16544198912381
4307	3.7701912	3.76769460004762
4308	0.69968903	0.841698627636752
4309	2.545419	2.17283090763889
4310	4.1075907	3.47358835428571
4311	11.920511	10.1604906897748
4312	0.024317192	0.0455770316864583
4313	4.0431247	2.47806495835058
4314	16.184315	17.8110421828829
4315	2.6318367	2.69327925421053
4316	1.7309681	1.59375411992045
4317	0.28548986	0.331120308655729
4318	2.415533	8.89956946595238
4319	0.06434283	0.397822916005208
4320	2.6498857	2.67322245269608
4321	0.17889963	0.545314574122222
4322	0.053357776	0.0769761317966667
4323	0.10638489	0.965710581336275
4324	4.383697	4.71539951136364
4325	0.9184743	2.46917785532407
4326	3.8516972	3.18193469922222
4327	3.9557157	4.87024185645833
4328	0.2648491	0.247558293375877
4329	2.6585164	3.23101268460526
4330	18.913607	9.56234086909091
4331	0.73481864	1.91577040368817
4332	0.21500789	1.16693785136036
4333	1.1965203	1.32522670382963
4334	1.405523	1.43835418966667
4335	10.53046	7.7480460704386
4336	0.5950086	2.44598978563063
4337	0.027593171	0.103517785547297
4338	1.4245775	0.611225313837619
4339	1.7928205	2.9602635065625
4340	3.647286	3.92905457566667
4341	1.0719116	1.205833827
4342	2.660661	2.54424232563043
4343	0.5444124	0.776994113813131
4344	5.423212	3.66525863365741
4345	5.523807	6.12984262875969
4346	2.7315254	4.04835968106837
4347	0.039829962	0.0794560922476744
4348	3.258691	4.59879765960784
4349	2.0125313	1.42032214245833
4350	2.9353454	2.07070755550505
4351	1.8354255	4.02221616962963
4352	0.042558037	0.0657425385614942
4353	0.28974187	1.66404580975926
4354	0.9420936	1.26528185938377
4355	2.6469948	1.42252508022381
4356	3.5572963	3.10636088313492
4357	1.207236	1.61477342712037
4358	3.0645604	2.67519217632927
4359	6.530882	4.8653607552451
4360	0.06460445	0.314779355194565
4361	1.6081821	1.28367390243651
4362	2.7740505	2.68935983396825
4363	1.1116935	1.2070195341036
4364	0.0560827	0.303323450239189
4365	1.7317909	2.36164527135965
4366	0.11600946	0.230519510806863
4367	4.595479	6.14918374012121
4368	0.85265416	1.64043333442857
4369	1.6182714	1.90458990546032
4370	3.1539009	3.23502173919048
4371	0.051627565	0.115693114918519
4372	1.8155795	1.85172259380333
4373	2.1171784	2.16893967662366
4374	1.0836556	1.0277731095873
4375	0.9597343	1.16014261031035
4376	1.0651362	2.14528469895035
4377	1.9028013	0.98684621053908
4378	3.2701452	5.05524453833333
4379	8.920975	12.0691095897531
4380	0.64481133	0.517732005590476
4381	1.0693246	0.61783057950098
4382	0.039494827	0.062286926832906
4383	2.6468387	2.67187678607408
4384	0.05344115	0.140628271009677
4385	2.9001799	3.18368120806306
4386	9.696855	7.4237915979386
4387	0.2968516	1.20219060536191
4388	12.711821	8.62072657088236
4389	2.1198442	2.12254257596774
4390	0.38274866	0.850486640811828
4391	0.07384858	0.136808022352381
4392	0.14387311	0.772744398592199
4393	5.726441	2.60698745419608
4394	0.094366245	0.0806448824544118
4395	5.0813	4.45607181021739
4396	3.467983	3.22504429421569
4397	0.1014601	0.118111677692857
4398	0.93594855	0.818681487505556
4399	4.378909	3.05893705375
4400	0.22249478	0.451894456880882
4401	0.29236147	0.626193703130808
4402	0.060240857	0.133694916721171
4403	0.04196169	0.111657500536822
4404	17.254751	15.9485935096078
4405	1.3921007	0.55208860417619
4406	0.18994932	0.900331995318627
4407	6.11634	8.22185146093496
4408	1.3592654	0.941439667681373
4409	2.7494812	2.73182379066667
4410	1.4261115	2.25098938801075
4411	0.05254354	0.127493168617073
4412	16.277037	12.7113895935897
4413	0.87656873	1.98680086940625
4414	0.66397595	0.609618179031746
4415	1.6927615	1.83616669323421
4416	0.07511733	0.1099979271825
4417	3.3868656	3.62476167295238
4418	0.06272799	0.117472112909009
4419	2.1253657	2.53995447123563
4420	5.651497	6.67107039429293
4421	1.7536095	1.59137040671296
4422	0.5620102	0.583997216421569
4423	3.710767	4.77029619059524
4424	1.0105122	1.20074874029167
4425	1.1300021	1.51636331171759
4426	2.6963148	2.87795425517544
4427	1.4934297	1.87435810504938
4428	7.937554	10.0523146125417
4429	17.768936	18.4324638535714
4430	0.042265583	0.0468472037775
4431	3.0483506	2.92970700060284
4432	10.885188	12.1707138765432
4433	0.13291682	0.0760491426551282
4434	1.1250535	2.18073698967857
4435	0.43648458	1.35653361088462
4436	0.1405557	0.968020867719298
4437	2.4568288	3.98750236334375
4438	2.0007226	2.94451008161765
4439	2.7803524	4.72331745594595
4440	0.8997543	1.07762955712083
4441	1.8215196	1.86991310840991
4442	0.03092697	0.090423500622381
4443	1.7704706	3.01062647332184
4444	0.9308575	0.803882157919048
4445	5.131983	8.25768493752688
4446	5.6502	8.43528776445736
4447	1.9610573	2.36277725818889
4448	3.1761093	2.97201273036036
4449	0.08613474	0.536835364521429
4450	0.09495668	0.530157146901961
4451	1.2273294	0.989444193716667
4452	1.8136951	1.71324254075
4453	2.4798744	3.83494037260684
4454	2.4675796	2.18533048122368
4455	4.6706233	4.02421655376191
4456	0.56556946	1.15104074339744
4457	0.061890393	0.068113608140873
4458	10.002847	11.5561842376344
4459	1.6233608	3.39821630942529
4460	0.062459223	0.131138065257658
4461	0.057805266	0.083199724797561
4462	0.05368464	0.105217984875238
4463	14.920294	16.8263537840909
4464	0.04331311	0.0801569550608108
4465	2.1303196	2.01826056486179
4466	4.000317	3.555390395
4467	0.4773345	0.609303602355263
4468	2.8949468	2.55214867130208
4469	4.783548	3.22420774444444
4470	2.942769	4.30983746442982
4471	1.3964722	1.57371342411742
4472	0.10465007	0.147041989296825
4473	2.5200953	7.19741751288618
4474	2.0160367	4.21909163534884
4475	1.3150715	1.26856745942473
4476	1.4471706	2.03568410155128
4477	0.05730443	0.0553970836269841
4478	0.85629326	1.72859143761274
4479	3.0546014	2.82215537708333
4480	3.7905498	2.94996319895833
4481	4.0880184	6.44887046177083
4482	2.6930373	3.45748297912037
4483	0.07419171	0.107250512302439
4484	0.0960088	0.10606826031369
4485	0.13411802	0.133194628655814
4486	0.029813964	0.170510311776515
4487	1.1596866	1.74115569228191
4488	0.030636273	0.091165913302193
4489	2.092682	2.92935879831197
4490	2.1813703	2.73706729056911
4491	0.07161382	0.118772805125676
4492	0.6892373	0.943040527901961
4493	2.5087073	1.98540622551111
4494	12.923882	13.0195744931624
4495	0.39377514	2.01773100841919
4496	16.876465	13.2721566732432
4497	2.7210145	2.78580771388889
4498	18.716501	18.0042937466667
4499	5.1352806	5.31956388369048
4500	0.12698977	0.0971803000657408
4501	1.6898124	2.0838242809009
4502	5.6550097	6.68739084880342
4503	0.21363318	1.60021233261833
4504	0.091326565	0.127187747931481
4505	4.115532	2.51221227601042
4506	19.744549	12.9469815935784
4507	7.8526974	9.94627275541667
4508	5.625548	3.96176236240741
4509	12.450063	14.0355047074074
4510	0.051771324	0.111081648141463
4511	2.515643	2.61098132243243
4512	1.5647976	1.94404303111198
4513	0.58310425	1.01267463774649
4514	0.120797075	0.313220853488562
4515	1.3076631	2.33621909594595
4516	1.9940531	2.44126700142593
4517	2.6033494	3.204087214125
4518	0.15276967	0.870786804699187
4519	0.96348333	1.3120686489619
4520	5.367417	4.2110074677193
4521	0.050541315	0.376257245630342
4522	7.678811	7.88709509581197
4523	2.114439	2.31229143022523
4524	0.8310132	1.1695092734125
4525	0.07525731	0.105986262670476
4526	7.023161	7.01562552279279
4527	3.746974	3.66188032414286
4528	0.05145087	0.09164062796
4529	4.15812	3.10411816779762
4530	2.0493455	2.57551037581395
4531	2.5874064	1.75993096583889
4532	11.076418	10.8397210702941
4533	3.4983861	4.40190971676191
4534	0.0490144	0.0889484591465686
4535	1.409081	0.656215690589216
4536	0.10325987	0.08800160727125
4537	5.2647667	3.99890759497436
4538	1.5150094	1.2745748383908
4539	0.055469185	0.142380141444907
4540	1.8302594	1.31422050146259
4541	0.9674143	1.4260448995049
4542	0.08383153	0.311372723216667
4543	0.61130613	0.830755055807317
4544	0.08544673	0.144758910939583
4545	8.377231	5.59813362921296
4546	11.081317	13.6231900834762
4547	15.730742	14.2805472229167
4548	0.09970621	0.485563535727928
4549	0.09740843	0.224991252678431
4550	17.579489	17.1081690290476
4551	0.11598173	0.163722010324667
4552	1.4551538	3.00935985977778
4553	1.5121517	2.26461129502778
4554	0.33069092	0.424415076629915
4555	0.3471219	0.547722878306667
4556	2.0837383	2.79048731909524
4557	4.476412	4.67925375360527
4558	4.6574645	3.90628163592593
4559	0.07375485	0.108759984880476
4560	1.540889	1.5515848592
4561	1.085117	0.270028560462626
4562	0.14447005	0.171721899532323
4563	0.2827697	0.657045764730093
4564	3.9360828	3.087124953925
4565	4.8493443	3.31824051115942
4566	6.470524	4.96919477269231
4567	1.0473225	1.2982316446125
4568	1.9683734	2.21903259919192
4569	1.1812599	1.26417624920926
4570	1.145922	1.11492339896032
4571	8.9147415	11.133797143018
4572	4.1762547	4.14256207387387
4573	1.946714	1.41358533476923
4574	5.0795364	3.89428485514706
4575	1.4588882	1.24523106348611
4576	2.037734	2.31127809868056
4577	0.10622079	0.0971489579383839
4578	0.2986324	1.35510470824167
4579	0.16635717	0.704767452881982
4580	6.398025	5.26766863927928
4581	1.2066802	2.00618903810215
4582	0.65842843	1.95634348667105
4583	0.055699628	0.0867456644027778
4584	5.460659	4.6606085840625
4585	0.20709258	0.966538703757936
4586	4.7510767	3.89303078140171
4587	5.1880865	3.41015208779279
4588	0.8434612	0.784244816107527
4589	2.4558115	1.31171858887179
4590	1.2338235	0.89343464927928
4591	3.4085176	6.23358137844444
4592	2.3794487	2.50036061134234
4593	0.2525404	0.738510939059048
4594	4.8141966	3.2524608108114
4595	0.6425759	0.583527597814286
4596	21.36389	16.868928122963
4597	4.586194	3.34057932986559
4598	20.82288	16.3318332890351
4599	0.2934673	0.356808279666216
4600	1.127533	1.56562347708333
4601	16.10989	14.7418951245726
4602	0.7508136	1.73659485145614
4603	22.160704	19.2343240421296
4604	4.7076135	4.32482026789474
4605	3.7940109	1.94569123218939
4606	5.237398	5.59182337258064
4607	2.795352	1.99643434324138
4608	0.09054447	0.0699287240845834
4609	0.46985877	0.77072093682963
4610	6.7018986	3.92342578724638
4611	0.07014536	0.0743810819351852
4612	5.0049047	2.43994027258202
4613	3.5286486	2.57208967344737
4614	0.78379726	0.4144547141
4615	5.1361446	2.00734101064516
4616	1.9933285	1.07569203205926
4617	22.258333	16.3906202341146
4618	1.032144	1.1395035246886
4619	0.7839439	1.40860359401389
4620	1.5391488	3.19334826776316
4621	0.4002716	0.633684705478632
4622	0.22286265	0.924515225140741
4623	0.13497996	0.161495948549425
4624	4.5606694	3.93798279195238
4625	4.0010757	5.545610025
4626	3.530522	2.294010398
4627	4.7380695	4.34321677807292
4628	0.07566264	0.115429966545699
4629	2.845992	2.73107239545977
4630	0.19342747	0.533676371006837
4631	2.9129937	2.62905085561111
4632	0.81380063	1.81029291632258
4633	2.0823143	2.83737702202703
4634	0.12899126	0.101623284612626
4635	0.86277705	1.34118744578571
4636	0.91399014	1.55621512052991
4637	5.7887783	2.45104333951613
4638	0.56224316	0.576439458063334
4639	2.6206927	2.77899239082292
4640	2.6925726	2.24652275963566
4641	0.0878849	0.4851868940825
4642	3.7116537	2.68938017367816
4643	0.38831857	0.722561454453488
4644	3.1260245	3.42771830567708
4645	1.9556036	1.40343990632843
4646	18.042997	16.7823255657895
4647	4.7775345	4.00795875615741
4648	1.0575731	0.883483329133333
4649	14.824731	13.6268962620155
4650	2.1250243	1.40277829185586
4651	1.5700015	1.83103886310294
4652	3.3355231	3.31989124594595
4653	1.7852302	1.1410573475
4654	1.8583739	2.18816958653509
4655	2.7421474	2.5987545859596
4656	7.2172246	5.25586222795699
4657	3.1244576	2.76577298198925
4658	0.5248309	2.09012006564414
4659	2.493808	1.91242418885417
4660	4.9257107	3.55552042191667
4661	2.1674488	2.53738500414286
4662	0.02641704	0.0829233825885714
4663	3.83294	7.93607625719512
4664	18.213259	11.4081130948095
4665	0.13959365	0.12629097978381
4666	3.800209	3.66320107837838
4667	0.9281768	0.973385255558333
4668	0.04055951	0.0443588614369369
4669	1.012277	0.853481964406863
4670	8.438249	7.36586263217172
4671	10.650045	9.31851995965686
4672	2.4730477	3.49677953491228
4673	2.3113198	3.07476071255102
4674	0.07961017	0.319735248352381
4675	1.3981224	0.782746575029762
4676	15.455724	12.77276624375
4677	0.63213444	0.575646841592248
4678	0.5540776	0.799975820606482
4679	0.085837476	0.146950780042735
4680	5.23728	4.55601870649123
4681	0.13898537	0.0792169336598291
4682	0.09196311	0.438762711162195
4683	10.714401	7.316431889
4684	11.352229	9.71552794483871
4685	0.9880792	2.0879506216713
4686	0.068044044	0.11376720700202
4687	2.0785215	2.093518663225
4688	0.12234031	0.0831830242764706
4689	0.12477879	0.0957876815263158
4690	0.9654994	0.942297275692708
4691	2.8203008	3.92050379158333
4692	0.036159903	0.272681039640417
4693	0.71450615	1.0464510546381
4694	0.29868758	0.37745913299798
4695	2.45092	1.56105641110303
4696	0.3217999	0.126887744938542
4697	0.17443895	0.087961890104065
4698	1.1772755	1.07332331069355
4699	0.15988562	0.126719138519658
4700	0.101864226	0.853639188220588
4701	1.2600368	0.813457968712121
4702	16.55745	14.5652976203704
4703	4.322467	4.35145821666667
4704	3.0610564	3.12995742485714
4705	1.9419122	1.39759364338739
4706	0.10996874	0.0977756180397849
4707	0.21837571	0.147675519779487
4708	0.8047681	2.22869586654472
4709	4.9243455	5.10378557175214
4710	0.6886834	0.281968365632883
4711	1.4795547	1.58829239385938
4712	19.905819	15.1512319404412
4713	0.28325224	0.39412167895045
4714	0.9536116	1.19263263114286
4715	0.05628122	0.0728995306986842
4716	6.235829	4.56442888106838
4717	4.4131556	2.4900451104065
4718	0.06189527	0.444152739320833
4719	15.101296	10.0964221282716
4720	0.5983514	1.28887198897778
4721	0.03641438	0.130982052623529
4722	0.13767412	0.0911015653175439
4723	0.68114495	1.60326202882051
4724	4.132489	4.57578126294326
4725	3.0513027	2.72991505834409
4726	2.3593946	1.99408981445946
4727	2.2248461	2.01276082902564
4728	4.8879323	2.90381735834524
4729	1.7427796	1.78297990514286
4730	1.1409317	1.41688600011667
4731	3.2560918	3.21507342309524
4732	2.0356376	2.25526239470833
4733	3.2903156	3.509529367375
4734	0.071141206	0.111066182375
4735	0.030382648	0.0391247751464286
4736	0.087378815	0.520505013105556
4737	1.3067998	1.19301084681569
4738	0.42940852	0.353669999926882
4739	3.9597006	3.42882078337607
4740	2.223505	2.51251737645833
4741	3.4064875	1.59896636114815
4742	0.056903694	0.0847539103083333
4743	3.770839	3.29752347872093
4744	3.4866917	2.58364379609649
4745	23.22479	20.790472240991
4746	1.3553454	0.414713386446465
4747	4.1717677	1.7061052912043
4748	2.0441415	0.939596527539216
4749	0.038544934	0.0736257517026882
4750	0.48619992	1.42747004068376
4751	1.602642	1.36991974415351
4752	3.449985	4.04529485514185
4753	0.09414287	0.170207623634762
4754	11.311291	11.7008355495833
4755	3.5360494	4.52579159541667
4756	0.027461406	0.0759038342277778
4757	4.1834326	5.66429116016667
4758	0.14424735	0.69358632035606
4759	0.04841413	0.112449520030263
4760	0.083314136	0.103480832012222
4761	4.2601337	5.44410351412281
4762	3.0219462	4.28931824465117
4763	0.1769488	0.633900645311667
4764	3.2989123	1.63029725328283
4765	0.71181023	0.802971283444444
4766	0.03634893	0.116865648405159
4767	1.2917359	2.57236994093011
4768	3.8767056	5.99335059
4769	2.035424	3.70288778847619
4770	1.4940854	2.25217084403509
4771	0.4105485	0.65947048969676
4772	0.41255438	0.940939996418018
4773	3.374085	2.07142513572868
4774	0.74271864	0.534491709535354
4775	3.903955	3.73954886573333
4776	0.13430731	0.215223054249573
4777	1.4362752	1.52405080365625
4778	8.477156	15.0202545218018
4779	4.2206964	4.26754188146825
4780	8.225777	4.61514084804762
4781	2.9531753	5.53254974837209
4782	0.028894713	0.109554218027027
4783	0.276737	0.0963903535852941
4784	5.596417	8.62931284787037
4785	7.3917756	8.38746454609929
4786	0.053957425	0.0992277932753968
4787	0.68704504	1.28921325984386
4788	3.3928328	3.92788250513158
4789	2.2317092	2.34928918521368
4790	1.0761893	1.36594213146078
4791	10.451468	8.94508189767677
4792	2.6048403	1.95870714406061
4793	0.029143527	0.446392835946296
4794	1.4062436	1.14159644337857
4795	17.626583	19.0098528134146
4796	0.26493698	0.781621446942708
4797	1.3280674	0.886474030628571
4798	0.52479833	0.57329566743875
4799	0.65174323	0.81269339297807
4800	13.617485	13.6231464736842
4801	1.3539113	0.626324787662281
4802	2.6993692	4.15360859958333
4803	0.2214121	0.0861421837201755
4804	5.086367	3.97702334828431
4805	4.2972617	2.73241267431624
4806	4.267954	3.36019870961029
4807	3.2575614	2.88607718375
4808	3.4854424	4.16388625070175
4809	8.177847	7.3907293272549
4810	2.0799963	2.98679271971053
4811	8.97312	8.93497345086021
4812	0.13502546	0.189719706473913
4813	0.86557275	0.186245294879167
4814	2.3070579	1.99451091983333
4815	0.14292844	0.0617508664447368
4816	1.3295664	2.13034120010753
4817	1.8671048	2.12731977069048
4818	19.570805	18.6592491919192
4819	6.3275146	5.05157121438597
4820	0.2272599	0.157404938243333
4821	0.045485716	0.125647168771111
4822	0.8840113	0.893649749429167
4823	5.440139	4.84267255125851
4824	0.8499353	0.80509717875
4825	15.970202	13.4041289428571
4826	3.0707295	2.40036203372807
4827	0.24187236	0.11402921075813
4828	3.636085	3.05526029364035
4829	3.5714233	3.61777920777778
4830	17.366558	15.1901427504274
4831	2.5827448	3.12998990328283
4832	1.6577605	1.74732408929487
4833	0.5199912	0.823491029437719
4834	3.0463393	2.77370595151042
4835	4.858699	4.47597002745614
4836	0.054341633	0.0832894319988889
4837	3.922934	3.16137906804167
4838	0.22299509	0.121273703273984
4839	1.6738347	1.11781564961667
4840	2.5679936	3.20350287231482
4841	0.07350624	0.149578846090741
4842	0.31226438	0.423309362760417
4843	8.979871	4.75021740316092
4844	1.4022648	1.11077716415315
4845	1.9006014	1.15538705272381
4846	4.6262937	3.8190016403125
4847	0.7553442	1.74817971527778
4848	2.9289532	4.18264747275
4849	10.337205	8.65450013803922
4850	0.59308803	2.0242273865122
4851	1.0075562	1.82345178410569
4852	9.943235	8.91833409827586
4853	0.08899453	0.0763263036441667
4854	0.09757145	0.216186054233333
4855	0.971941	3.67441241829167
4856	5.946694	4.67528344405983
4857	2.4125645	2.09571738860667
4858	0.045861267	0.104967103193254
4859	8.927536	7.29568956688597
4860	3.5312612	3.02909506962963
4861	0.1406112	0.911506075078788
4862	0.15294206	0.257865604002381
4863	6.3469734	6.51256917954861
4864	5.3832674	4.36012550152778
4865	1.8973652	2.46261252409524
4866	0.57043356	0.405984134409804
4867	0.8864808	1.43396289975238
4868	2.661333	1.99361011367708
4869	1.3303654	2.68519900685185
4870	1.1178248	0.979299269846847
4871	0.03952381	0.772056168198958
4872	0.10354928	0.304444755542857
4873	2.195067	1.86767549681159
4874	2.859377	2.83167386329167
4875	2.1124327	1.66160447367708
4876	1.4662439	0.928722172421053
4877	3.908636	3.68939777545977
4878	2.2313268	1.52482137348062
4879	2.0719175	1.35456219347436
4880	0.71958435	0.911297839768519
4881	1.5495968	0.84336860997875
4882	1.4818087	1.3303865827619
4883	4.7358522	8.37536717063219
4884	0.103984654	0.890352125545833
4885	0.36245993	0.326898668121333
4886	0.19459818	0.838512851257843
4887	0.07737897	0.319769295921111
4888	1.0082312	0.777713965190625
4889	2.9104338	3.2797780325
4890	0.07874075	0.0949413490141026
4891	0.06390288	0.195084228066667
4892	12.178201	16.7593674854167
4893	13.069974	12.7576540914634
4894	0.053623226	0.19035435232
4895	1.2182283	0.6392297019275
4896	0.07625868	0.0733971290619658
4897	2.9061186	3.312065225
4898	0.12753929	0.155385442703448
4899	1.0833021	2.1765888693254
4900	1.3022598	2.16472336294271
4901	2.9806736	1.8848674979561
4902	2.3511562	1.88499175200463
4903	2.4959862	2.23319731927273
4904	0.5751791	0.637100867091398
4905	1.6886294	1.5280846746
4906	1.049752	0.859202542390244
4907	0.6730325	1.92951073911429
4908	0.10516546	0.143117273298958
4909	2.036362	1.86595422783809
4910	0.23569672	0.108789382868391
4911	0.34323797	0.836256880479167
4912	3.6782093	4.73049787842342
4913	3.2636926	3.64300223820175
4914	0.8961965	1.17378080480081
4915	0.10485585	0.122845262391667
4916	14.729624	16.764037725969
4917	1.0482826	0.850670158361111
4918	1.7369132	2.88110939077941
4919	1.7317451	0.743403149688158
4920	2.0031133	2.39316874798925
4921	11.084541	7.81575390458333
4922	1.3722987	2.36881638162393
4923	0.4023133	1.83593397216216
4924	1.6302917	2.40763081158537
4925	0.030827062	0.147181478762162
4926	6.7612853	7.89667224438095
4927	0.16301447	0.167052793256439
4928	3.186064	3.56219688328704
4929	0.18124448	0.282523409570833
4930	1.3768873	1.43064492364815
4931	0.15557498	0.530437277117886
4932	7.482597	5.6954036075
4933	0.77642673	0.993006048032051
4934	16.121683	15.8978789137255
4935	2.6903837	2.03998984133333
4936	0.9907704	0.812117088279412
4937	4.373585	3.04335945331019
4938	0.5362131	0.888696019581081
4939	1.3079419	1.25457225286752
4940	2.3793833	3.41627885222222
4941	1.2973535	0.959360093678862
4942	4.507154	4.81984521134146
4943	1.1140774	0.605134872063008
4944	3.2647343	3.52891908144737
4945	4.1096945	4.14036923035353
4946	2.7999005	1.49522154711538
4947	1.1629865	1.85425349803419
4948	2.270577	2.09161649154472
4949	1.2528603	1.00764259289706
4950	0.48156598	0.642653377203125
4951	0.075285256	0.0847993320271318
4952	0.8176788	2.56154460327161
4953	4.8901043	3.41634346276042
4954	15.50797	18.2171339924731
4955	4.459539	4.26556855114035
4956	3.0459182	1.95156351905426
4957	0.3273137	0.152076226011905
4958	2.3310473	2.19913006931818
4959	0.7714299	0.464016545575926
4960	7.3263273	5.90165764677778
4961	0.10108587	0.15307092702875
4962	0.32014143	0.790650987784553
4963	0.20671633	0.151064517037963
4964	0.23240402	0.095907850767029
4965	0.42485896	1.20763535948936
4966	8.015914	9.31775488987805
4967	0.05885474	0.0862432312631579
4968	1.2726998	0.973966278659259
4969	0.13600701	0.161374108367778
4970	5.3119683	5.83175723378379
4971	2.9003313	3.01177799378261
4972	2.3898587	1.75376778216762
4973	1.4583088	0.853157919726191
4974	1.471894	2.41078226810185
4975	0.98521394	0.845861533060185
4976	3.8403375	3.12200828773504
4977	0.07871712	0.155187213954955
4978	3.0418706	3.29758398926357
4979	0.36174223	0.350891562777928
4980	0.14692496	0.0874311418146341
4981	0.03531535	0.0763572857754167
4982	4.390117	2.98724178551852
4983	0.044385538	0.0894627634027778
4984	1.7450743	2.45419767701149
4985	2.3191674	1.45334113123077
4986	0.8080421	1.45899134396396
4987	0.5250865	0.985728211078431
4988	3.2097502	1.8379944156875
4989	3.9256325	3.34926840120155
4990	0.017643435	0.133403925491667
4991	14.647328	13.4096128636752
4992	1.4898208	2.54904991613636
4993	3.209505	2.71509521666667
4994	18.297256	17.9747403205882
4995	1.9841838	1.55107631987302
4996	0.042381816	0.221726407287917
4997	2.4350493	1.61435890994737
4998	3.8586025	3.12801416311404
4999	4.887948	4.34674580111111
5000	0.09474098	0.285838947085586
5001	3.8408442	4.56840946458333
5002	6.8117127	4.58049398104762
5003	3.1073434	2.58109596969298
5004	0.18909475	0.195479973922764
5005	2.1435103	2.51818269925806
5006	0.039231356	0.101127074824691
5007	4.8931503	4.97621848811111
5008	1.2948843	0.989624914554264
5009	3.2434566	3.00375844490476
5010	0.36817113	0.312515982379167
5011	11.687169	9.95626825317829
5012	0.6144086	0.599314769072222
5013	6.036163	14.0282950148227
5014	0.049642548	0.0354817299038889
5015	3.338188	2.87311887435185
5016	3.5234582	3.19431431265873
5017	0.1066664	0.251615060007265
5018	1.2941817	1.62887172455856
5019	5.533227	7.73403848465812
5020	8.791879	6.27954591544118
5021	2.9395876	3.40603339486111
5022	0.041078832	0.102494819939683
5023	0.81846184	0.956641890378049
5024	1.8985517	1.70542675113726
5025	0.7786558	0.807339849757575
5026	1.9229686	1.81671216110119
5027	0.59598005	0.551867256777536
5028	5.1216574	5.16379060908333
5029	0.23329711	0.116846143501626
5030	1.2862518	3.03942077741667
5031	1.2148057	0.976457618050388
5032	1.7146071	2.16838715232479
5033	1.5286756	1.05645953069737
5034	0.9620801	0.715556984939025
5035	9.894821	8.42518294203252
5036	0.02782854	0.0932257951490476
5037	0.2984905	1.04999573546875
5038	1.272619	1.06694935431301
5039	0.07034223	0.085847192965942
5040	4.235179	4.43275232994048
5041	1.962572	2.48177351587302
5042	1.1747966	0.896190727198198
5043	2.8293283	3.18555530222222
5044	1.5777677	1.06614828541667
5045	0.57214105	1.07199739802315
5046	2.1873486	2.19934175213821
5047	3.4436495	5.27316605289216
5048	4.651459	3.31301287837209
5049	4.234877	4.78670222745833
5050	1.6050218	1.39720527940833
5051	0.083703175	0.0783108325104762
5052	1.038766	0.951214079364035
5053	1.3965658	1.66069495462602
5054	2.753495	3.3994628630303
5055	0.70507914	1.84761083967647
5056	0.970382	1.0661360909955
5057	0.12011233	0.118774202736111
5058	1.1822104	1.05012781686046
5059	1.3142259	2.05769463953846
5060	0.3740647	1.54597514368651
5061	0.054353412	0.11614591931453
5062	0.56199694	0.397770656822973
5063	2.449343	1.37850789633651
5064	8.231836	5.36713833337302
5065	3.3158777	1.77881496028261
5066	0.027728457	0.0815890667893162
5067	0.16501498	0.163671375932381
5068	0.43132806	1.09975534508333
5069	0.5431261	0.693280533972222
5070	0.19974273	0.463182189403241
5071	3.4245968	2.51251405135135
5072	1.49683	1.53284152552899
5073	8.925897	5.11410664747619
5074	4.950949	4.50667664934344
5075	0.16806735	0.182051612820513
5076	4.29316	3.35192427742857
5077	4.0331926	3.70704776019608
5078	0.048151404	0.110027126634286
5079	0.11040549	0.0828641002838235
5080	0.38868836	0.924502101421111
5081	1.0133897	1.34285976235802
5082	3.798091	4.3223424627551
5083	6.040233	4.93006761072072
5084	0.12179224	0.172423558101724
5085	3.0137932	3.25483704490741
5086	16.652367	13.8719733454301
5087	1.3321884	2.74416089080645
5088	21.844992	17.9983088875969
5089	2.9263659	2.29540984335586
5090	0.10366158	0.295838585512644
5091	3.0242589	2.75047944788158
5092	0.8453318	2.86569345266312
5093	1.052066	2.28343499236296
5094	3.7756305	3.33754290337121
5095	0.047296636	0.0981665350133333
5096	2.4216921	2.89346364242857
5097	2.0804732	1.6402546765119
5098	0.53757465	0.66731857935
5099	3.9057975	5.67470046378788
5100	0.26957095	0.1211007888
5101	0.18910545	0.874929410803704
5102	1.0602989	1.4911585589899
5103	5.2987328	4.57389894004902
5104	0.71227586	1.31372494808824
5105	2.1607373	3.16804236351333
5106	15.111831	19.3914897388889
5107	0.07255274	0.976863631159829
5108	0.05979923	0.145057352118056
5109	0.21945047	0.139409379276263
5110	0.046721607	0.0379801707478632
5111	3.4998443	2.66209985136364
5112	3.8123665	2.26516634708929
5113	0.5864048	0.707321002107143
5114	0.15928529	0.255900069585294
5115	4.5403314	4.43036357545045
5116	1.7679845	2.74567747791667
5117	1.7851473	1.15285515120588
5118	2.9313602	1.81843352068651
5119	0.06610328	0.0511972107534188
5120	1.630469	1.55053747913131
5121	0.5026199	0.61887499145614
5122	1.7059407	1.71646330576744
5123	0.020520471	0.105544268046396
5124	8.404673	7.66941950566667
5125	0.055621278	0.131818727418889
5126	13.3245125	9.51790864583333
5127	8.177479	6.9044256577193
5128	2.2419467	1.95275586383333
5129	10.512198	12.0538388138043
5130	1.243542	1.69616798100877
5131	1.0633587	2.64807332765417
5132	0.36048228	0.570501132466667
5133	3.0403337	3.78068627777778
5134	1.6047419	1.11086624392857
5135	0.44534174	0.83246102477619
5136	0.11111072	0.0809795770504762
5137	0.7963017	0.743088768949495
5138	3.3973558	3.07256053385714
5139	6.811694	7.056335422125
5140	13.253742	12.5762667035714
5141	0.3988934	0.87485797195946
5142	0.16421185	0.102101214114583
5143	0.5462136	1.3864250807
5144	2.930458	3.079475535875
5145	1.7250699	1.16629705686667
5146	0.0958566	0.170391772199074
5147	2.175539	1.90018979654286
5148	13.024813	12.2121143045455
5149	0.07516425	0.0944538874405405
5150	0.82709324	0.659272845527778
5151	0.5039226	0.893593032326577
5152	2.7846227	2.38566669621429
5153	0.28764886	0.469769796235965
5154	13.852048	15.2822482399206
5155	2.0373085	2.79631920191057
5156	1.0021541	1.10069638425686
5157	16.157028	13.909175980381
5158	0.1380624	0.094567758075
5159	2.2121642	2.9894003099537
5160	0.047110263	0.860465037521368
5161	1.6388175	1.15006250483333
5162	0.69363	0.767901095214634
5163	0.16247252	0.126448150736404
5164	1.0393298	0.334196395948291
5165	0.22316352	0.438208034852632
5166	0.98377997	1.50926805943798
5167	0.06473804	0.224835463222857
5168	1.6078699	1.31488617890805
5169	0.07844603	0.108883920807971
5170	1.4576188	0.969631542829167
5171	8.728105	8.68769303919192
5172	1.8677936	3.8937898735969
5173	3.3615844	1.68303017217647
5174	4.382571	4.08105535137255
5175	3.7329812	3.41302050775641
5176	3.9953542	3.04093657044444
5177	0.26240996	1.57110543243011
5178	2.551758	2.40225218743333
5179	0.29972947	0.753246583919444
5180	1.2022907	1.6647768088
5181	5.8529186	6.71520837862745
5182	12.517501	18.0724300405093
5183	3.6833076	2.66130710376042
5184	0.22438648	0.246356663980952
5185	2.7665408	3.59348541765873
5186	2.6743276	3.51305089672917
5187	1.5007797	1.90146449689216
5188	1.3792161	1.75321867903922
5189	3.7974954	3.41204104215686
5190	14.5954685	13.9027293618421
5191	4.3257885	8.22246648841881
5192	0.05867835	0.144800940911261
5193	3.7118142	2.58844601484211
5194	0.074228644	0.10075950380787
5195	3.3275764	2.37087670211806
5196	6.502341	9.70576847990741
5197	1.4108233	2.85599798857843
5198	0.9023315	1.46758800349524
5199	1.6121887	2.08458368758772
5200	2.6778426	3.57593439900709
5201	0.07357038	0.152943509528295
5202	0.03016224	0.0383255669699074
5203	0.21603929	0.154844669038235
5204	3.2354276	2.99183110934884
5205	0.14918211	0.252301320378333
5206	1.4311992	1.52846857694186
5207	0.14600581	0.113305063507407
5208	3.2395883	3.93685152317708
5209	1.8043638	2.59305919585366
5210	1.2640681	0.872510966020325
5211	3.0696957	1.40030581898649
5212	1.6846215	1.90017448708333
5213	2.050701	1.27338494370667
5214	3.7946079	3.598388705
5215	0.065738656	0.137613814564286
5216	11.492898	12.0881465578409
5217	0.07502397	0.130664867987985
5218	0.24930383	0.721621523538095
5219	2.9181259	2.80697506347619
5220	0.13233244	0.124567377477012
5221	0.06247756	0.178552988728241
5222	3.5470228	4.06519261365854
5223	16.603676	15.0684772681548
5224	1.8463768	2.05215783109921
5225	0.16333775	0.83426282387027
5226	0.054451123	0.215409497950855
5227	0.43404782	0.448370185242424
5228	1.6696669	1.56845103988542
5229	18.402496	17.65813919125
5230	4.4100266	3.24116572215447
5231	3.753884	3.89700962713675
5232	0.96426105	2.07421189805556
5233	6.059796	7.25863938158537
5234	2.335858	1.54083532874762
5235	4.4873753	4.4045010383871
5236	12.384068	11.6236951074074
5237	2.8145666	4.91754139244444
5238	1.623522	1.95453108718137
5239	0.65722936	1.4607068100155
5240	3.6782196	2.93965219754902
5241	0.04861963	0.0896500181967593
5242	1.4158664	2.54677319863636
5243	1.5616648	2.06344022619167
5244	0.39810634	1.03928274776129
5245	4.6547995	4.47699558111111
5246	15.717537	10.3851367956771
5247	0.43443036	0.615356499671429
5248	0.06395543	0.0795867372586022
5249	4.304163	4.88654011429167
5250	7.344721	4.59958562348837
5251	0.3065533	0.710221544902778
5252	0.93874973	1.15278222021505
5253	2.6232858	2.18783249306482
5254	0.067513146	0.121825739519792
5255	1.7948874	2.08861274261111
5256	0.32249352	0.601534597371528
5257	0.7665884	0.868073227851852
5258	2.0239358	1.61635654836574
5259	0.08734581	0.114175305202703
5260	0.25061566	0.574500756723684
5261	11.212459	9.3822026890873
5262	1.0779945	1.18370172748095
5263	13.388958	11.5496257719907
5264	0.9176612	0.735029771299145
5265	0.047814287	0.897535405885965
5266	2.7532158	2.14168157354701
5267	2.9221911	2.4457369211828
5268	3.771438	2.38851340512281
5269	9.200431	7.4718880566129
5270	5.121449	3.57056157015504
5271	0.82789797	0.9591689999
5272	1.3406253	2.030175406
5273	1.7464306	1.58854278511905
5274	2.6009498	2.24040758383784
5275	0.08123625	0.107489581397917
5276	2.2291968	3.44620839705882
5277	0.0691061	0.809504057774194
5278	0.17807122	0.0896716875424731
5279	0.023826689	0.115825534160976
5280	15.151873	11.8498895021569
5281	0.08729037	0.204948392747619
5282	0.08029798	0.114150640330556
5283	6.2198763	4.53651994149425
5284	9.138917	12.9379730808824
5285	1.3372225	2.1254038663964
5286	1.6529429	0.9220473028
5287	0.043311365	0.117074020196528
5288	3.9783146	3.1770537567381
5289	3.5645869	3.13280574261111
5290	1.1177458	1.33788574351709
5291	1.4662063	3.81659109470476
5292	0.061819278	0.118818960996341
5293	0.0446577	0.165807565225926
5294	0.48368603	0.797117916094595
5295	1.8071858	1.21208460421296
5296	14.550449	18.4640519817143
5297	4.2270784	3.82155445555556
5298	0.36908835	0.52386464699375
5299	1.7829155	2.87021289280952
5300	0.57232374	0.937081410727778
5301	2.1469698	2.94981505
5302	2.479917	1.28950361478968
5303	0.46303836	0.7384149765
5304	0.8854519	1.60218797390278
5305	1.8986341	3.89247703
5306	0.112225235	1.24076296922764
5307	6.2761745	5.63509981029915
5308	4.1824937	3.626343016
5309	1.83866	1.79766717306349
5310	0.20439096	0.202444202965385
5311	4.0342183	5.34574302789474
5312	1.2408291	2.36530443988506
5313	2.5462394	2.07194942101351
5314	1.872933	1.97456619814286
5315	4.3183174	4.31904001695402
5316	2.3837047	2.68540480817284
5317	12.029935	9.98316165135135
5318	0.54627216	0.973400334043651
5319	2.6594398	3.92259299747475
5320	0.35740748	1.71473975393182
5321	0.111779645	0.11123449759359
5322	14.412423	13.8464325543651
5323	0.06382922	0.128688464694949
5324	11.671348	9.24762425547619
5325	2.0225794	2.16059069646667
5326	1.9025409	2.03056618854472
5327	12.320033	10.7759389573118
5328	1.2075804	2.69276571897727
5329	2.8498101	2.84227774235772
5330	0.033461254	0.0576992722753788
5331	0.6932933	0.971338199789216
5332	5.357303	4.20520233370833
5333	0.07439685	0.277747600608046
5334	0.06715827	0.211025972234804
5335	0.12528452	0.13513269493381
5336	1.8366863	2.12275834888889
5337	6.332749	3.76070495544118
5338	0.13034715	0.121875917397685
5339	2.9573586	2.59552378216667
5340	0.5348239	2.94410433705714
5341	4.0942144	3.05343582453125
5342	0.7121478	1.11781235272917
5343	3.2491517	4.10236119567568
5344	0.56632555	2.29374906611508
5345	2.6449301	2.51600269966177
5346	0.93106407	1.32544162329167
5347	5.839844	5.56854901811404
5348	4.339043	2.37538123376316
5349	10.621446	10.8689443467521
5350	1.2146277	1.5243392854
5351	1.429455	1.87339751192754
5352	3.3497064	4.86377036681373
5353	0.080860436	0.0507218828833333
5354	0.68321836	1.8760625437193
5355	1.2319599	1.36399262374324
5356	0.046209008	0.0391278740813492
5357	1.85098	4.12484049204167
5358	0.63843334	0.712009497209649
5359	2.1538613	3.58668761116667
5360	0.9278633	1.97233106634444
5361	0.64737546	0.143956252496491
5362	4.3607492	3.94751462920155
5363	4.872062	4.50455138435606
5364	1.243904	3.20985557277778
5365	0.24254929	0.409704962216667
5366	0.82123756	1.16468432496429
5367	1.1797537	0.978201258507936
5368	3.803121	3.99563401192708
5369	15.742372	16.00959635525
5370	1.3261724	2.63552747022764
5371	13.096579	12.1102967094961
5372	0.032999247	0.105664513030894
5373	19.353731	15.3688806826754
5374	0.06606201	0.232576652082857
5375	0.025126774	0.162501792883333
5376	3.9227607	2.3513728111453
5377	0.32038572	0.178864558643229
5378	1.1307918	1.01313367243411
5379	1.5644684	1.57100526913953
5380	4.079666	3.83438007754167
5381	0.23191719	0.12260347605787
5382	20.563251	19.3229266873016
5383	2.6335146	2.9844749694359
5384	8.503867	7.69241191518018
5385	6.829039	3.76377242521094
5386	2.5449233	2.94853143972222
5387	0.44629696	0.907234727948413
5388	4.2581916	5.17625241244444
5389	0.034075264	0.199057502356897
5390	0.09837872	0.428820062913889
5391	0.05368951	0.0981610095234234
5392	14.112706	14.4973022380952
5393	0.9515489	1.13006803892432
5394	5.1874948	3.45628033577236
5395	0.67131364	1.60511908364015
5396	0.4863052	0.772977980433333
5397	2.3784437	2.47237656908571
5398	0.07657208	0.398546099406306
5399	11.997847	12.5420133413964
5400	1.2557329	1.6757613121982
5401	1.5720767	1.45873651507917
5402	3.0825303	4.7553397422973
5403	15.445707	17.1615882894144
5404	0.50117403	0.933170429388034
5405	2.0611527	2.83798911328431
5406	9.708389	5.05607238313725
5407	2.7137237	2.79841860927083
5408	1.2916245	1.75868945788288
5409	2.2366858	1.96235398015789
5410	1.8671209	1.44167210615248
5411	0.095347844	0.971002849798246
5412	5.3629503	6.94124342877193
5413	0.97157055	0.743080252251894
5414	2.06572	2.608679237875
5415	2.9439204	3.28523955516129
5416	1.8559151	2.43622013444445
5417	0.033075318	0.209672812481197
5418	1.9964279	2.41642606842593
5419	5.453506	8.99342432577519
5420	4.3076997	4.21065903594017
5421	1.1223494	3.69540841014815
5422	1.8711426	0.778368211275
5423	4.1120534	4.20932670782828
5424	0.17935982	0.140926268102381
5425	0.02035213	0.121337779364583
5426	8.502825	7.45724760734234
5427	0.55253327	1.05626546369417
5428	5.484355	9.15059192148148
5429	0.08262894	0.0719112411621212
5430	1.5319669	2.3552616790991
5431	0.05332821	0.120893119411111
5432	0.10164162	0.132344958110897
5433	0.27381715	0.686219582609009
5434	0.5928916	0.969471778404762
5435	0.0336052	0.344702763122685
5436	3.3434699	1.85558153719444
5437	3.8278542	3.98132438785185
5438	4.1394463	5.36578694030702
5439	15.1520405	14.6192250921569
5440	0.11809743	1.03549798742456
5441	2.4702878	2.84951721986434
5442	0.16019997	1.37488315331961
5443	0.25298116	0.139389285834762
5444	4.976965	6.81563410071429
5445	1.8338623	1.17328694501852
5446	2.905432	3.3629540772963
5447	3.6716886	3.48872945357471
5448	0.098233834	0.144459574846341
5449	0.3106294	0.513127745039837
5450	2.7575357	3.13227573292929
5451	2.111351	3.11560933620567
5452	0.08461566	0.256153395996078
5453	1.4156687	1.17768768238958
5454	2.3353338	1.32723052735859
5455	3.848947	2.38410836162162
5456	2.789891	1.13357171820968
5457	6.279187	5.53299538912699
5458	0.49726343	0.71778290060101
5459	4.3786154	5.55300334506803
5460	0.18543327	0.154270626178378
5461	1.2790707	1.95218157491358
5462	6.340303	3.13714127833333
5463	2.8865163	2.6318411655914
5464	0.16040272	0.130363491765517
5465	0.011832247	0.026134795179845
5466	1.6149154	1.03336145359402
5467	0.43357763	0.745565666147619
5468	0.10520678	0.730225251190323
5469	0.08042186	0.135155291288235
5470	4.6980386	3.30154166118421
5471	1.6422276	1.55008657800775
5472	0.06415963	0.138075080982857
5473	0.3303785	0.137248201824731
5474	1.8546947	2.16910504916667
5475	2.8520956	3.38147465465686
5476	0.17296907	1.06411665904271
5477	0.46796572	0.367027259074537
5478	3.446077	2.90785706942982
5479	0.9787539	0.789366516741473
5480	7.191794	9.82195119291666
5481	9.922589	11.924317056553
5482	6.2359076	8.75942436133333
5483	12.884018	10.7445189367424
5484	2.5621421	2.79665503483871
5485	0.40911403	0.815339821135135
5486	1.9889311	1.21871784379365
5487	0.023171473	0.0954822220271429
5488	1.7790406	1.54428437355392
5489	0.852412	1.28224747181439
5490	0.04182037	0.166162886110318
5491	0.13703296	0.226109251664706
5492	1.8217505	3.11651637238095
5493	0.7421616	0.562464402830476
5494	4.0707064	3.78840867689815
5495	15.558577	15.0307077798851
5496	2.1618247	4.13113907679762
5497	2.1159773	1.81157387494907
5498	2.5758767	3.5542990979902
5499	0.9049677	1.11318309682813
5500	1.8684788	2.97414034048781
5501	0.07980722	0.130059670937097
5502	0.022536337	0.252800962369444
5503	0.6566005	1.51676674125581
5504	2.4748	1.77803547740196
5505	1.678777	3.66813911161111
5506	0.123851515	0.130940269359524
5507	2.9657166	4.06310294083333
5508	13.469324	13.410388191358
5509	0.015168473	0.198365459568333
5510	1.8136097	1.49280354261616
5511	1.3239284	2.30335781399306
5512	0.6532167	0.350157994644762
5513	1.1411792	1.36413858528571
5514	0.62720686	1.39796192833824
5515	10.769498	16.135807581713
5516	4.580512	4.51311666783333
5517	0.39419234	0.561381666547059
5518	7.910912	6.94324881525
5519	2.5923047	1.83934594467442
5520	0.47001028	1.06718136784188
5521	0.8723008	0.718880927257937
5522	0.26496446	0.175124810906019
5523	0.19505185	0.273885540369444
5524	0.16570215	1.59849038331746
5525	2.6193364	2.30211433782946
5526	2.4930117	2.73439756877315
5527	0.5117566	0.631380028090909
5528	0.030386202	0.0472390750204167
5529	3.0697162	2.22333591860965
5530	4.0016375	2.94053077555556
5531	10.4656515	11.84944085375
5532	0.11439034	0.174985572120833
5533	0.112322405	0.174129569744017
5534	5.7087955	4.43133402573737
5535	5.201161	3.40313303932432
5536	3.4900184	5.163947365
5537	0.54560566	0.395393119871212
5538	0.02437493	0.0809473986429824
5539	0.45059028	0.761300380817204
5540	0.23406835	0.668142851517857
5541	0.012597384	0.119670652388095
5542	7.1986294	7.05365508207207
5543	5.317609	4.55492698350575
5544	0.42816886	1.63570669839837
5545	3.2605925	3.99492572260163
5546	9.700338	7.99769205273504
5547	0.04770846	0.1648423281725
5548	0.5996568	0.345714911691892
5549	0.9758783	2.04813839265686
5550	16.2279	13.3489375929167
5551	1.7667327	1.88610967546581
5552	2.3896253	3.69684640541667
5553	8.000435	7.30499486301282
5554	0.08869457	0.119516930050833
5555	1.0180346	0.99183738524031
5556	7.2600565	8.42485996333333
5557	3.7012312	3.3646023769697
5558	21.46942	19.9828201485294
5559	0.7642198	1.45650703591667
5560	11.182493	8.3099017486508
5561	0.057990827	0.0768821133539683
5562	2.3677678	2.46594199014286
5563	0.35991198	2.09068970292908
5564	0.22981188	0.106368432599167
5565	0.07262682	0.149564682389286
5566	2.4552605	6.71179461828431
5567	0.28540972	0.233872312860119
5568	1.1416593	1.17806774057317
5569	0.3696253	0.427811317401042
5570	1.4163783	0.960825171047619
5571	0.07142473	0.101439461604762
5572	0.4536334	0.617779588119512
5573	3.9944675	5.18276995595238
5574	1.1219563	0.385465890480128
5575	0.09867278	0.180025726638889
5576	0.22138031	0.903854315755208
5577	0.25139472	2.28680070469605
5578	5.022605	6.6984940775
5579	0.06772206	0.0758085334967742
5580	2.8539026	2.8731854525
5581	2.1932707	1.3967167204375
5582	15.469945	16.4320564869444
5583	5.480622	3.73922096371212
5584	2.5945733	3.55066502066667
5585	7.886806	5.66513450238739
5586	1.2180587	0.648605264825269
5587	6.0314665	6.72913304158889
5588	1.2533144	0.648242465201961
5589	10.818237	10.6772051301075
5590	1.99869	3.22111665661111
5591	1.2168869	0.707957860663333
5592	14.537152	17.6802932862069
5593	4.0691075	5.04895484878378
5594	2.1031628	2.5789529759596
5595	5.18936	5.19843372600877
5596	2.847577	4.79988510944444
5597	2.1397111	1.52741859672917
5598	3.442163	3.21475736156029
5599	0.858885	0.530802006052315
5600	3.2383413	2.61816057621951
5601	8.643418	8.90952346317073
5602	1.8989697	1.41733865781481
5603	0.0645182	0.117879315875581
5604	0.06383604	0.165948657585714
5605	14.155408	14.6417302584553
5606	0.56658924	0.95034801945098
5607	0.6040667	0.540681062238636
5608	0.878279	1.17243388632857
5609	3.8747559	2.74155583722222
5610	0.34355664	0.270441728558537
5611	3.8694832	2.91724258164583
5612	0.10523579	0.217410433348958
5613	2.0803902	4.41980175806452
5614	3.8531487	3.22910459713725
5615	4.584161	3.78664360297037
5616	0.52212274	0.918073884420833
5617	0.9817326	0.764199429601626
5618	0.024183003	0.207723766352315
5619	3.7293875	4.49501682957364
5620	0.06044974	0.127669675478704
5621	1.9663823	2.22924852565789
5622	0.7885107	1.67505797382883
5623	0.041215427	0.259331104715766
5624	3.7962954	3.82064913590909
5625	0.039019816	0.05736017724
5626	0.28668952	2.44016436064786
5627	4.962839	3.14577456865854
5628	4.364796	3.61794845138889
5629	5.3622994	4.18957693960784
5630	0.2358058	0.681352659360185
5631	1.1526599	1.44952834479762
5632	4.188108	3.67808948608108
5633	3.1834905	1.35781629289881
5634	20.889467	19.0379201202652
5635	2.0169857	1.11726186701842
5636	13.243236	15.567222338547
5637	0.822236	1.24654834857724
5638	0.41872162	0.477985361817172
5639	13.197026	10.5456159928788
5640	0.14465532	1.36531240944608
5641	5.7313085	4.91501029348485
5642	2.6193445	1.67897350297619
5643	1.700021	1.8075954252561
5644	0.6960239	0.16341464177807
5645	0.08655401	0.117791855825
5646	8.719929	7.73702662073529
5647	4.1073437	7.37726457271605
5648	0.19948052	0.128052345015054
5649	4.993034	3.83411024232558
5650	2.9636042	3.29806022767544
5651	0.14159708	0.207584313384804
5652	2.9946094	1.74494297574193
5653	1.7959706	2.88663874948718
5654	0.15120272	0.116553056621705
5655	3.9741907	3.86658571517544
5656	8.275682	8.10416585656863
5657	0.8232809	2.01124838013889
5658	1.8333975	1.11432692776423
5659	0.18394423	0.153236095356771
5660	1.0516381	1.46887655884685
5661	1.6441498	2.37000558
5662	1.128015	1.26040197720076
5663	7.036054	7.87836693557471
5664	22.623213	16.0159373848039
5665	0.30416504	0.196338550678095
5666	4.0701118	2.74137969038095
5667	3.773548	4.11718809688596
5668	0.10976174	0.138929463949444
5669	15.012436	17.0906758104938
5670	1.2823136	1.88827083728704
5671	6.2652674	7.02350173969697
5672	0.02952725	0.0869628489085585
5673	3.5526135	4.6453909899187
5674	0.82645583	0.738373202406504
5675	2.9092884	2.02134094926111
5676	2.38057	1.52535504603947
5677	1.6201098	4.17543118648649
5678	2.870164	2.48019148263158
5679	0.08947866	0.159688922331609
5680	2.0429869	2.858648191
5681	0.77675796	3.85711525375
5682	1.8927175	1.52576758704762
5683	11.988559	11.6050208944167
5684	0.5473339	1.61723650516667
5685	2.176938	1.91026818414141
5686	8.289889	6.57491042025253
5687	3.3621457	4.40061787641228
5688	12.228369	10.8445240050926
5689	0.06631835	0.533715025651515
5690	0.057796273	0.0904710611986842
5691	0.17743102	0.132467827084286
5692	1.3949836	0.5479750332675
5693	0.083077036	0.148608957953646
5694	0.02926028	0.0557339503041667
5695	4.4000034	1.91548102490909
5696	2.0865402	2.99086651707207
5697	0.60442674	1.53715248358547
5698	0.62657195	0.70013779512
5699	1.2454954	0.715024093016667
5700	22.729498	18.5656025585586
5701	4.4523273	6.01511628882353
5702	2.374368	2.887259865
5703	0.0899457	0.196993884885354
5704	0.2778946	0.152348004568699
5705	1.7692455	1.81260029828922
5706	0.16256632	0.662771558474797
5707	0.08118194	0.201926093469444
5708	3.6860812	2.80769591079167
5709	5.1750364	10.168839969932
5710	0.38574216	1.31764095601351
5711	1.5268801	2.18354058682796
5712	0.69105417	0.986914069722222
5713	1.491021	0.638476403651852
5714	0.16440064	0.276539403196397
5715	2.2683697	2.33759626141667
5716	3.334938	2.18686706920202
5717	1.0401776	1.09626020292381
5718	2.7711685	3.13957781522523
5719	0.07700215	0.125139197137374
5720	0.01198382	0.219221894456911
5721	0.050519444	0.0844884172401961
5722	5.2257953	4.98169511054167
5723	0.36832216	0.979086621756098
5724	0.03620935	0.13552934804902
5725	0.06421387	0.150587736347222
5726	0.91847146	0.79410865187451
5727	2.428245	2.79034160760684
5728	0.12647755	0.157937989921111
5729	3.3517556	3.48107826182432
5730	0.036939535	0.0945026720776316
5731	1.2342681	1.21900246341667
5732	0.73214966	1.0642726244693
5733	8.62219	9.46588287483871
5734	3.238213	3.4660991745977
5735	4.0198073	3.57050413520833
5736	1.5968354	1.53962520933333
5737	0.0327893	0.0436082801166667
5738	0.12689744	1.56873457885729
5739	3.3850105	2.99919401791358
5740	5.7804723	6.2876996317619
5741	0.26121557	0.933876317627451
5742	0.04055361	0.262721068711538
5743	0.48403174	1.25135693776389
5744	16.885822	12.983205769
5745	0.27296114	0.872903478919192
5746	9.777723	9.5636346507353
5747	5.8582454	5.17608696061404
5748	0.8785698	0.478621528850397
5749	0.5994468	0.447295077790625
5750	3.1482472	3.21305306037037
5751	0.34843746	0.76549067386036
5752	1.3871177	1.86441283169583
5753	0.33527592	0.18626316347963
5754	0.04115843	0.0753742141338542
5755	0.25865552	1.16979521720115
5756	0.06247042	0.206442266987037
5757	4.973267	3.40465402953125
5758	2.6568873	6.19444600958333
5759	1.9180765	2.04167662877451
5760	0.37572515	1.27998334342593
5761	0.27754295	0.096492104515812
5762	0.15263912	0.188827133719231
5763	3.4530067	3.84941231043011
5764	0.013805085	0.0434764919020834
5765	0.22510955	0.1664381913
5766	12.194983	10.3437207815926
5767	1.2004737	1.26461111118182
5768	0.53598577	2.48725723833333
5769	1.0940754	0.825670732101042
5770	0.46965808	1.30095522346342
5771	2.480274	2.38657789685185
5772	0.058633853	0.0619395651761905
5773	7.193338	10.3591539610101
5774	3.3573623	2.9901609959125
5775	0.06030457	0.0802990036857143
5776	0.027746715	0.119691984701852
5777	0.063210845	0.0752221423697917
5778	1.5166734	2.99008960022581
5779	3.5886896	3.18501184124242
5780	0.2762487	0.325709745399291
5781	2.0542898	1.38628651111765
5782	6.045393	7.36325584151961
5783	0.027372252	0.0998179417067708
5784	0.10015283	0.103789292604701
5785	2.1863284	1.42020136141667
5786	2.4477801	1.83352731099612
5787	0.5924465	1.05285719079167
5788	1.8892442	2.25142668189922
5789	1.9328095	1.19544014595588
5790	0.031921804	0.0524902696747619
5791	2.768998	3.16478624340741
5792	0.2599081	0.571602293457143
5793	0.67116153	1.90781110728682
5794	0.9960112	1.14932803555691
5795	1.2276521	2.08595231028431
5796	0.15269911	0.170045822627778
5797	2.406567	2.38346315986111
5798	1.1884183	1.79478312426984
5799	0.1151778	0.11325323849127
5800	2.0713513	1.5459366190381
5801	1.9351017	1.18468578038462
5802	3.8247175	4.03789979074561
5803	6.309038	4.925258461
5804	4.742663	3.3900335218018
5805	1.1412451	1.58591737681159
5806	3.8874404	5.14222911799145
5807	1.8114474	1.7033661148718
5808	2.3163803	1.59073425441667
5809	1.5130898	4.64391434394444
5810	2.6591086	2.10040706393939
5811	1.8565283	2.89039366765591
5812	1.6591722	2.21148485792683
5813	0.7035219	2.71300269772727
5814	6.661954	4.40338653368687
5815	0.34072822	0.141791812559829
5816	7.248656	6.25788320290698
5817	3.3863928	3.73634444033333
5818	5.0856485	4.07337907527778
5819	3.0600514	2.65389584293478
5820	3.4279857	3.12258679161261
5821	0.10940664	0.152129209611508
5822	12.261786	12.1788027166667
5823	1.6260272	0.96031985132
5824	1.3437124	5.52416219766667
5825	1.4424968	1.74543267655833
5826	3.5998666	4.43752688388889
5827	4.622972	4.27844378709524
5828	7.8484187	6.41119157519231
5829	3.701298	3.550861023
5830	2.9057589	4.89043601888889
5831	1.4516596	2.26929992957752
5832	18.726168	16.1181408175439
5833	2.29123	2.98635873208333
5834	0.08377638	0.185928565535714
5835	3.0909016	2.52711501725
5836	1.1524575	1.46314095136574
5837	6.313258	5.18212551111111
5838	0.20113058	0.189455908381579
5839	1.6519554	1.91226052593827
5840	2.9529684	2.80931628411765
5841	0.05443491	0.184384577311538
5842	10.741863	8.49238170662281
5843	3.3160715	2.70405117045299
5844	7.720583	8.5061360654386
5845	1.7675946	1.48975353035859
5846	10.987478	10.9977939047917
5847	1.7099594	2.35523116536585
5848	1.629317	1.54064294847748
5849	0.08022134	0.137015684984314
5850	0.08269704	0.125066124264063
5851	0.78445154	2.23849822367647
5852	9.212334	7.84395182309524
5853	2.9999857	3.03362901760684
5854	0.5231326	1.78854408044118
5855	2.3631656	2.66957475772381
5856	0.050784316	0.122881630528922
5857	2.7073143	2.35057959914493
5858	3.5996773	3.51186855560606
5859	0.8769949	0.7832194419375
5860	1.5176148	2.75653687297917
5861	1.875906	5.71575158596667
5862	5.437808	7.13833008877451
5863	0.04891521	0.129934482379902
5864	0.029453656	0.0617663994190476
5865	0.1100417	0.452273145276667
5866	3.4174287	4.08665132995727
5867	1.7788401	3.18116252838211
5868	0.10082154	0.406600757770513
5869	0.35503632	0.735170145
5870	0.0431133	0.531392763101755
5871	3.1985736	3.75972928008547
5872	1.3417616	1.22264679270115
5873	0.0830105	0.167911459678161
5874	1.734798	1.15975975690541
5875	0.5526226	0.747076657125
5876	2.6996417	2.16182037498649
5877	3.1636157	2.68720286259829
5878	0.848168	1.21597479360215
5879	1.9013873	1.88754247241667
5880	5.6314607	4.157918367
5881	3.2831867	2.57255011760417
5882	0.3076598	0.119598271991111
5883	2.2195756	2.078278664125
5884	7.361691	5.37386676055214
5885	12.090132	11.9605326628519
5886	0.06131129	0.122474110931624
5887	0.060435288	0.0994917282879167
5888	3.024555	3.31230395236667
5889	4.934246	2.14874696081081
5890	2.7709603	2.11588962249167
5891	1.4253418	1.79456956120098
5892	2.0433025	1.0614630681871
5893	3.2527885	2.44098303344086
5894	0.9952173	1.86839697525225
5895	0.100103185	0.35225129736453
5896	2.7891238	1.80359232328261
5897	0.13333246	0.226048916863248
5898	0.017802402	0.0682814681708334
5899	2.3853734	1.60780208681481
5900	3.50515	4.06857132817708
5901	14.769892	13.4376525623577
5902	0.028845634	0.100814439033333
5903	0.88172567	1.10892054531228
5904	1.2546208	1.4417960107439
5905	0.1746758	0.878314181545161
5906	9.628436	7.94726657845529
5907	3.1177452	1.42803513564815
5908	2.6636803	3.50052974
5909	12.257312	12.9532549491936
5910	0.03416616	0.0420816884030702
5911	0.25981477	0.118831672898198
5912	2.3353572	2.08984914471429
5913	0.31352445	0.569693920195238
5914	0.1866234	0.126165100014103
5915	0.07374487	0.22292110562598
5916	4.033646	2.16412285022963
5917	2.2195027	2.67812086826423
5918	0.8645518	0.76891514765
5919	0.4295555	0.586974989239838
5920	2.2778275	2.16925431953419
5921	0.58198994	0.47580599430787
5922	1.0520513	0.716151910659259
5923	0.84823626	0.533760190698291
5924	0.24661794	0.5280392646
5925	0.11728396	0.0431485685670732
5926	0.10310025	0.113506779725287
5927	1.3755778	2.04411966347009
5928	2.3948705	2.701736829525
5929	0.12932928	0.109773885596899
5930	9.08343	9.96721809715447
5931	5.5978193	8.20115215589744
5932	1.0069909	2.42942473397436
5933	3.0765386	3.49508461608333
5934	5.4811816	4.12829577427928
5935	1.9360698	2.06333854419445
5936	0.13952574	0.185756034157317
5937	1.3655391	2.94314334380952
5938	1.2040831	0.984238669342391
5939	3.2586825	3.66474040787037
5940	2.9489572	2.8785308572973
5941	9.626515	7.08048013944445
5942	7.3350444	7.50821370878379
5943	2.1309469	2.09996921217778
5944	4.715823	5.76106022064815
5945	0.28172183	0.903380025265625
5946	1.6460545	2.30503847735294
5947	0.44928363	0.166292068713513
5948	0.7771675	0.724332066445946
5949	14.569131	8.71281393049019
5950	0.054311424	0.0809235282166667
5951	1.5659485	1.26823181178378
5952	1.4797726	2.27397934528704
5953	0.91568476	0.889319107552381
5954	1.4822894	2.15332781777273
5955	4.253356	3.69410094704762
5956	0.040017564	0.101132850414583
5957	0.54320693	0.6827762566875
5958	1.4220599	2.80875589941667
5959	6.0538507	5.43523922422764
5960	3.3278067	4.72853098171875
5961	5.8001785	4.7031637903125
5962	14.0019245	14.3825732865591
5963	3.4225423	2.54693797311404
5964	11.517355	11.8185847010833
5965	0.037126422	0.0473967978159091
5966	0.48617575	0.646658047709459
5967	1.2883211	1.89477894094253
5968	1.0758232	1.02675563139286
5969	3.4300005	2.78541344583333
5970	1.5866907	1.27029351021505
5971	1.2836436	0.905277018453921
5972	1.4211	2.22667596991667
5973	1.2757083	1.31048955292929
5974	2.752814	2.67125636711712
5975	1.0367383	1.18257581468452
5976	2.288712	2.65599039516296
5977	0.71888477	0.906932625689815
5978	2.5930398	2.66196610091111
5979	3.5618763	3.11887179439394
5980	0.09581247	0.111996590975758
5981	2.0030723	1.91261390756173
5982	0.33624288	1.13937997098095
5983	18.069649	12.1649162684146
5984	1.9267995	2.53801587652381
5985	2.6349304	4.37512060225225
5986	3.294995	2.909494625875
5987	0.10433175	0.483347578968628
5988	0.28420138	0.124506526140064
5989	6.9202647	5.1899323629798
5990	4.6610303	4.1925427275
5991	0.7402226	0.736117570948718
5992	0.19247466	0.0999525046504065
5993	0.17136239	0.525718272747475
5994	0.13485847	0.411046647417544
5995	4.459081	3.27599155207207
5996	17.782043	14.1545681676768
5997	0.034828387	0.0872688323714286
5998	0.14909227	0.295508620166667
5999	8.511663	7.57726316822581
6000	1.6189858	1.75864894992929
6001	9.653106	7.18479658594595
6002	3.1974058	2.26836588241228
6003	0.7194342	1.3505646251875
6004	2.2505004	2.50231386123457
6005	0.13217826	0.139925995854955
6006	0.66783583	0.748761805992248
6007	7.5256543	10.9699112339815
6008	3.3475702	3.49810769686667
6009	0.94199085	0.971866156530303
6010	0.048684224	0.123156479823984
6011	0.059454408	0.0960448469774775
6012	0.26684487	0.663981745652193
6013	1.3240542	1.61455691660784
6014	4.301167	4.76552525980952
6015	5.249596	4.90179160226191
6016	1.1279582	0.82557743922803
6017	3.1937265	3.02300387427928
6018	3.3832676	2.36186570553125
6019	2.8071432	2.04000753889524
6020	10.927849	9.63861032542857
6021	2.4867098	2.20521515328829
6022	1.979954	1.9515952995873
6023	1.1710875	0.989351131166667
6024	3.2287984	2.42581567085714
6025	0.09925048	0.0609472852772727
6026	3.0656486	2.81716789786905
6027	1.3543881	3.05681450107843
6028	4.1464534	2.98952867756945
6029	0.7789581	0.827542193414286
6030	0.6892367	1.64394068371429
6031	9.804773	7.23019163862963
6032	0.106118724	0.116951140802857
6033	1.0526255	1.68484768144203
6034	3.0423276	2.06482293207317
6035	0.022517808	0.0789404933981481
6036	0.1444561	0.111635269773643
6037	3.9817755	5.38764205075758
6038	0.027652932	0.0447878203150538
6039	0.054484166	0.219121530112613
6040	2.069318	1.65674499146429
6041	4.342329	4.1845517354902
6042	4.5428915	4.44799953609375
6043	1.5365434	2.10087821109756
6044	1.6150566	2.43286867698198
6045	10.114519	10.6552677841398
6046	1.3571807	0.952638910558943
6047	0.5871683	1.20513260012342
6048	4.108473	4.35311356969298
6049	0.4009443	0.497614826437037
6050	2.3218362	2.81339605802083
6051	10.826772	8.95473491846847
6052	0.07970054	0.251171422414773
6053	1.6755129	2.23639079559783
6054	1.963589	1.84589762395076
6055	7.6620555	7.02525403210526
6056	18.806067	14.0188497011905
6057	0.13762155	0.119583078891463
6058	1.0337557	1.04389109062647
6059	2.0558436	4.30750241784524
6060	0.23115438	0.0889454715927351
6061	0.015854495	0.108444577038333
6062	5.696442	3.11946536285088
6063	5.609286	4.07524904093798
6064	0.33907685	0.761383430670732
6065	8.19317	12.1907769911957
6066	7.2146792	6.93494776608333
6067	0.8814423	1.37361651266667
6068	0.17205907	1.56087909015385
6069	5.085736	4.47707112634409
6070	20.026882	16.7339944025463
6071	1.342419	1.3999940667
6072	2.1138327	0.639230649543243
6073	0.079306535	0.130900033798684
6074	0.1541304	0.157537941917803
6075	7.546067	9.98820229192308
6076	0.15992786	0.153242056501961
6077	3.4113765	4.3195150165625
6078	11.397641	15.1879775171171
6079	0.560292	1.45061791507246
6080	0.043712504	0.133562644171368
6081	1.3400428	0.814898217893163
6082	1.4301034	1.41450107726126
6083	2.9818277	1.91197518814167
6084	1.6766812	1.67691222108333
6085	0.60015076	1.82683179795833
6086	0.97862893	0.331683811377037
6087	0.0726011	0.094094990455
6088	2.7476277	3.16141261983333
6089	2.239529	3.63982349942177
6090	2.4706287	2.40871853960784
6091	2.3544648	3.39391212874468
6092	0.08462119	0.102192861934884
6093	4.860766	5.31376068183333
6094	5.124782	5.93441465581081
6095	1.9809972	1.51941084131034
6096	1.3097881	4.39505330226191
6097	3.1556563	1.87914247766667
6098	0.045750454	0.0861221585
6099	4.17435	4.19278972555556
6100	2.542901	1.74272717037121
6101	3.5421743	2.70616653374359
6102	0.022402456	0.0811834018857724
6103	0.1399914	0.121671912648889
6104	4.4970913	3.86984054929293
6105	0.44554055	0.482314922276042
6106	1.7127012	1.85548566788889
6107	18.045229	12.5882382364815
6108	1.3890871	2.14731681055833
6109	1.8099921	2.81059159716667
6110	0.1937974	0.507527818988426
6111	0.6992024	0.838930785439815
6112	0.049169883	0.131005191945045
6113	0.14694935	0.134299721669048
6114	2.7930837	3.44219620789216
6115	0.23217079	0.142331183131429
6116	0.10093347	0.127244588701587
6117	2.4309895	3.18969855339081
6118	2.3228984	3.53849674019608
6119	0.1078145	0.0920271338548246
6120	0.27793515	2.19924963832323
6121	0.04709784	0.110956384910753
6122	4.4411173	3.19943563941441
6123	5.1085835	5.01462538760684
6124	1.060093	2.02912477919192
6125	13.119423	13.8771218566667
6126	0.082734205	0.0714821015755814
6127	2.525637	5.66871102
6128	0.24756992	0.228533026339431
6129	0.2693295	0.530695045843434
6130	0.06568172	0.188710331324823
6131	1.9492813	1.97987104864706
6132	2.6926608	2.20587401780488
6133	2.2691855	3.04325268924731
6134	5.3089476	6.87756732847619
6135	2.3701973	3.60688399344907
6136	2.3530216	3.37751010222222
6137	3.136568	4.01291715138095
6138	0.4585142	0.640625408815789
6139	2.9786193	3.34362703970085
6140	3.7368815	2.24587445368468
6141	0.5532388	0.796169464206306
6142	10.616525	8.40122533348485
6143	1.6901052	2.32192471367647
6144	1.5714738	2.58385828754167
6145	7.0533967	3.91195158421296
6146	3.2386997	2.75037463678571
6147	0.8277256	1.80094339334286
6148	2.152008	1.68621333714943
6149	0.9585164	1.16184184383333
6150	2.2654474	2.76493109981982
6151	0.5354461	0.657330678141111
6152	1.8197489	1.48736497461905
6153	4.8904366	3.0503837609375
6154	0.102391236	0.334155023605952
6155	1.4871576	1.80413222328571
6156	0.37718937	0.186311333056504
6157	0.036140487	0.142924209998485
6158	0.09851072	0.120098305900855
6159	1.8738328	2.3895120685
6160	0.6466016	1.9419883530404
6161	1.0556619	2.17029626540625
6162	1.0331768	0.892335616662037
6163	3.5979183	3.37773048431373
6164	0.08444123	0.08271177905
6165	1.2036446	1.39989558325833
6166	2.0454216	0.931319342352381
6167	1.2580115	1.28328383284043
6168	11.1199045	7.77309585401961
6169	1.2783157	1.65085985652778
6170	1.7228245	1.0530547974
6171	2.8251085	2.9488049629798
6172	0.91434795	0.665909281887388
6173	1.3257874	0.70255349318871
6174	3.0266721	1.91897294423106
6175	3.770212	3.01848249905405
6176	1.6029198	3.81428393585586
6177	4.353423	3.21059597820833
6178	0.080320425	0.157337325129333
6179	0.045260582	0.0924854504590909
6180	8.323308	11.9351103166129
6181	0.03954703	0.129977496642105
6182	4.2448316	4.67061576875
6183	0.57440066	0.554178243171053
6184	3.14149	2.47129885339035
6185	0.8590258	2.63443340656863
6186	3.1673539	3.19781887039474
6187	0.3161163	0.454169857337143
6188	7.3755274	8.77677570295238
6189	12.166448	9.63832518083333
6190	4.90779	3.38512924959677
6191	5.911336	6.77741830024823
6192	1.5510185	2.08243141772059
6193	3.147145	2.30290750823529
6194	1.417151	1.36796998016304
6195	0.037285507	0.091553622334375
6196	2.7215583	3.92219128570175
6197	0.092447855	0.319900503052
6198	0.15971613	0.639047948298519
6199	4.3425965	2.79130861904762
6200	0.8749807	0.716211165838739
6201	0.87145907	0.565891678738889
6202	5.018765	5.9312200286036
6203	0.1949135	0.0897179569536036
6204	3.1474524	3.14078935354167
6205	0.041152164	0.0828672059375
6206	3.319904	3.06154736833333
6207	1.0839165	1.75646415604348
6208	7.300211	7.20358394119048
6209	0.77906305	1.23780814115054
6210	3.0809245	2.93250558010965
6211	3.7327209	4.20145088061905
6212	2.4809954	3.06929669322222
6213	2.4861524	2.57787619162162
6214	0.551476	1.23536945132353
6215	1.515745	2.03104104038384
6216	7.3523135	6.48628952034188
6217	0.22057636	0.493397283665238
6218	1.9152218	2.10720533052845
6219	0.2960809	0.775807173333333
6220	4.04201	3.81727867625
6221	3.2818143	2.97924715598485
6222	0.38986206	0.881012884319445
6223	0.76822376	0.256469500793841
6224	1.920342	1.74534254458333
6225	0.121110395	0.0821579324967592
6226	0.9040058	2.38949858491667
6227	6.98384	6.98973805986111
6228	2.659238	3.07310185162281
6229	2.633488	2.44044137936577
6230	0.044140562	0.109863474919192
6231	1.6002058	1.51744653396396
6232	0.058833145	0.148525097781579
6233	2.168084	1.8510380287037
6234	0.11170935	0.158177099548571
6235	1.9297698	3.30295386803571
6236	1.9825951	1.87771192665041
6237	17.622118	18.0734620176768
6238	2.8470745	3.33400955513889
6239	0.07424588	0.173254822251961
6240	1.6337911	0.745353586373737
6241	2.0352612	2.62434569870833
6242	1.9604437	2.57202047299145
6243	0.107616805	0.0874201670481482
6244	1.8964546	3.23969743783333
6245	1.9649758	1.26420549951626
6246	3.920445	3.85532517791667
6247	9.273237	11.6809139326562
6248	2.912846	2.40479202784946
6249	10.308048	6.3490976149537
6250	9.550953	11.6192810613964
6251	0.9428642	1.17245503312857
6252	0.07765313	0.0744621555661905
6253	15.536796	13.924705392094
6254	0.037722778	0.0707436636364035
6255	1.2977358	2.13898699694595
6256	0.024151366	0.134300595946552
6257	4.3326225	4.88604403419192
6258	7.225319	7.62173762242857
6259	0.8259918	0.93313704780787
6260	0.38763568	0.198198743709524
6261	6.879404	9.37649872344697
6262	0.22149222	0.282648515370417
6263	0.92864925	0.677187581734286
6264	3.5424228	4.54831212209524
6265	1.8782893	1.69543527292083
6266	20.340826	18.9632530321138
6267	3.1896913	3.46353614947917
6268	0.9731111	1.28900103724561
6269	0.037260137	0.117787382651389
6270	4.8351083	4.33417555057843
6271	1.7910643	2.05350988421296
6272	3.238264	5.677879082
6273	0.61291546	0.225914757018469
6274	3.3690414	3.4093450025969
6275	1.7510782	1.9420265895614
6276	2.4717116	3.67909403225225
6277	0.10655019	0.468986972728947
6278	2.7575526	2.90304301948718
6279	1.6645285	1.26697704301905
6280	1.2174453	1.70045536601905
6281	2.9097269	2.62975620954167
6282	0.72928405	1.18241809783333
6283	6.6995144	7.86288592117117
6284	7.8306284	5.64012677991228
6285	0.14800648	0.17774497322
6286	3.2923954	3.70655276350877
6287	3.350204	2.89171771188889
6288	2.1916456	2.80814137301471
6289	3.4075844	2.57850010197368
6290	0.46022874	0.586044825420833
6291	3.3493278	2.75038124132479
6292	1.188611	0.782738162405093
6293	19.781181	15.6118655146825
6294	4.8592663	3.34239600174419
6295	1.2852638	1.06441608594074
6296	0.24890319	0.0972067208512346
6297	20.213886	17.8361803872549
6298	0.41197965	1.32890328812366
6299	3.0480983	2.58427032563492
6300	1.5245267	1.99270547052564
6301	1.4232302	1.22918362842929
6302	6.791926	8.82984790027778
6303	1.7808088	1.11304151943089
6304	2.1565397	1.91673537626587
6305	3.9944248	5.60848850391892
6306	4.113546	2.62018965238095
6307	2.2498035	2.47433603460784
6308	3.1823277	3.83276027078125
6309	1.063182	1.7378159814693
6310	1.0777746	0.972464595364035
6311	0.3001548	0.404281443337931
6312	0.06504918	0.161565921965315
6313	1.4002975	3.74775344208333
6314	0.23864046	0.173665673682114
6315	1.1028357	2.11112455121318
6316	1.4431434	1.3209096249009
6317	6.2254543	6.58329065947619
6318	2.8649628	2.67124059537748
6319	2.8671365	2.48591544725806
6320	1.3995932	1.14249688701984
6321	0.5991964	0.608084010936036
6322	0.708813	0.596976723324242
6323	0.88286245	0.73385817665812
6324	2.0908706	4.18717481853535
6325	0.069455765	0.113928364800952
6326	0.022599319	0.114948996367754
6327	2.9627879	2.5414668617094
6328	0.14392719	0.0849120416489899
6329	2.440989	2.34940264796748
6330	1.1158291	1.16524550784048
6331	6.195951	3.69929791427778
6332	0.415978	0.92823080044213
6333	0.09344629	0.12241408222957
6334	0.06370063	0.216350919936594
6335	1.4323591	1.17128417080392
6336	1.0899346	0.957051382606837
6337	1.7740988	2.63917092258039
6338	0.019465685	0.159873181331982
6339	3.1353815	2.11970448502041
6340	0.3015097	0.38263815613062
6341	0.03852194	0.0872401856277778
6342	2.0652213	2.86094515689815
6343	1.0646814	1.20243768028333
6344	4.684437	4.40277451848837
6345	7.0518365	5.04692627416667
6346	3.400414	4.24182704804348
6347	0.4420535	0.666085903342105
6348	0.94723296	2.40137654816304
6349	0.2655377	1.35975109392778
6350	1.7645354	0.899775360121212
6351	0.051836606	0.194059245564228
6352	0.59453773	0.766816355247312
6353	0.23734137	0.881385769604651
6354	2.0877018	1.99871427984496
6355	5.2722683	5.76053211571429
6356	1.3376218	1.41410774426016
6357	0.2595908	0.613877477828704
6358	0.08786952	0.136046583948333
6359	1.2085445	1.30990593769355
6360	0.14791575	0.216544069412766
6361	5.2278743	6.66896379861111
6362	0.7040207	1.20239489012613
6363	7.1681786	5.98924153169697
6364	0.18181576	2.54953630416667
6365	2.7433317	3.61426604114035
6366	1.3348678	2.57483091358586
6367	0.17022975	0.11394412587957
6368	2.7946954	1.71436016341057
6369	0.7825926	1.02425716234444
6370	0.0526281	0.0984872064166666
6371	0.10610318	1.53405784971717
6372	5.5184655	5.01193671795238
6373	1.6765624	1.7957468316982
6374	2.7946198	3.53881443071429
6375	0.9188919	1.39118722830855
6376	2.0614817	1.72515488665152
6377	0.14577441	0.134910695975463
6378	1.5675758	2.04826237416667
6379	2.4709787	1.81459177780208
6380	0.44546744	0.660123224171078
6381	3.3498182	3.78535482150901
6382	6.4935017	12.9290673930392
6383	0.11123917	0.106732913679457
6384	0.09305619	0.339338757994118
6385	3.205278	2.72864206905442
6386	1.037267	1.174105634675
6387	0.080142416	0.0608038674877451
6388	0.10144417	0.195493783474206
6389	4.667619	5.61066814176768
6390	1.0015886	0.19272930446938
6391	11.899459	10.627319275125
6392	0.20967908	0.135924124225877
6393	2.3814433	2.99762571752381
6394	2.916488	3.22803288418605
6395	6.78874	9.14359438166667
6396	0.09057939	0.112384056738158
6397	1.6084433	1.71493670152703
6398	0.08426389	0.147511511982906
6399	9.210227	6.79066507015873
6400	15.022427	18.8556030708333
6401	3.0628114	2.93239422382883
6402	8.230379	5.19863173852778
6403	3.501803	2.39911383071825
6404	0.20299648	0.74153645947561
6405	2.826775	3.13614045202778
6406	0.012834657	0.0621536347581081
6407	2.216297	3.50386059765152
6408	2.0617917	1.55540052213979
6409	0.99622923	1.36625734797222
6410	4.637594	5.32178140077236
6411	0.07987631	0.131978328304412
6412	7.684302	6.61976816858333
6413	1.279543	2.11149727761905
6414	0.7945016	0.601418323313979
6415	3.1258743	3.83904204717593
6416	1.6041592	1.40206068213492
6417	17.274565	14.9158884085714
6418	1.8366847	3.14872909684896
6419	2.4226868	2.10538332658333
6420	0.044918627	0.0776043615351351
6421	3.7754214	1.94224878872685
6422	0.04482421	0.121079210742735
6423	0.6979475	0.386650912672522
6424	0.46743932	1.00139923868981
6425	0.90929216	2.46509060623246
6426	0.11151974	0.112438162544167
6427	4.2943993	4.42340976900901
6428	1.0889802	0.717998899227478
6429	0.11660692	0.0925386270098039
6430	5.074481	3.59696328481061
6431	3.1546052	1.91186022530702
6432	0.049566187	0.303148993571491
6433	1.0260922	2.31857386495238
6434	0.11026585	0.100755946778125
6435	0.28075537	1.0702195294693
6436	0.06769574	0.0606320275086022
6437	1.5955348	1.872906053125
6438	15.528816	13.2473320088618
6439	3.654296	4.65167285162963
6440	1.8869432	1.5606875569213
6441	0.048286404	0.047037289268018
6442	1.4981736	0.933567346017094
6443	15.628872	13.8867392506098
6444	0.5818904	0.278211099054598
6445	15.143306	12.575311305303
6446	1.1097766	0.847492256571569
6447	1.7341378	2.72443691981482
6448	3.144846	4.12218816891892
6449	1.502076	2.02742745486667
6450	0.12335554	0.15528611330787
6451	8.786634	15.604630340873
6452	16.36599	13.9048106922481
6453	0.0815074	0.133768685217982
6454	3.711738	2.20337531753968
6455	2.44066	3.52263268719512
6456	0.16576818	0.113031357183761
6457	3.0974226	3.28971246230769
6458	0.96053845	0.588350986138889
6459	0.47521794	1.1691454434079
6460	2.0017912	2.09111631575758
6461	1.5774674	3.0561772845935
6462	1.2163825	2.26791916052846
6463	0.54267365	0.487260973978633
6464	17.696054	17.3065134029915
6465	1.4908404	3.80702076677778
6466	17.62158	15.8728514171171
6467	9.671101	11.2116773203509
6468	0.67344904	1.67196664090952
6469	1.6590403	1.80543369547059
6470	2.7086632	1.95514492017333
6471	2.3568053	3.70059332405983
6472	3.0382118	3.18329423456989
6473	10.651396	9.19819685231482
6474	0.68213063	0.593184011863636
6475	0.041169815	0.139198942986296
6476	0.11271627	0.0846524358030303
6477	2.3219254	2.06601985427778
6478	0.50211376	0.505510623193518
6479	3.931464	4.79603657525253
6480	2.101748	1.98673792122024
6481	1.9251819	3.1557760276938
6482	4.7708597	3.49992322192029
6483	0.2368786	0.69461703452439
6484	0.26697907	0.821604596588571
6485	1.7584985	2.61641970426263
6486	0.18567558	0.120519355795122
6487	0.590613	0.250179759982937
6488	2.5562096	2.83415694874561
6489	0.50380385	0.656396692930555
6490	0.69507855	1.56652070606667
6491	15.938231	16.5872269707207
6492	0.01627091	0.0382235662819444
6493	3.144878	4.07188869454023
6494	3.4832406	3.71654042729167
6495	1.2666883	0.610465386628205
6496	1.7939122	2.93179004868687
6497	0.8716246	1.60719562839216
6498	0.41965333	1.49228872471667
6499	0.4301939	0.587853625423932
6500	0.116935596	0.611104007781667
6501	0.88639003	1.46956923957408
6502	0.4780216	0.4956757922
6503	0.0601457	0.0864397106934344
6504	0.7894769	0.670897041522857
6505	1.8072089	2.39174837029412
6506	2.7647934	3.4093062995122
6507	4.2907305	3.78342726136364
6508	1.359845	3.23521536740196
6509	1.3795615	2.22879093304762
6510	0.28294802	0.685601821685714
6511	0.93663853	1.67029134288288
6512	0.053919986	0.19717585072069
6513	0.6261932	0.593813043049425
6514	0.029801993	0.0912016972372222
6515	0.07096521	0.106055427385897
6516	3.7722788	3.44938404986842
6517	0.04688028	0.0585579873381481
6518	0.018294241	0.0922016795078125
6519	4.943808	4.07352478253968
6520	0.4430628	0.759343745183333
6521	0.054481152	0.06987913325875
6522	2.0736754	4.53551646555555
6523	2.6850955	1.3226254205307
6524	0.9419203	0.812694150217054
6525	1.6717663	1.13203975078444
6526	0.051459625	0.0667006947063726
6527	13.966616	12.1230774475807
6528	3.3946521	1.77560632411494
6529	0.682829	0.775620621636905
6530	1.0485535	3.08504923575
6531	0.9687979	1.38698129166667
6532	3.703895	3.32984606470588
6533	1.7021167	2.44769906664762
6534	1.3571849	0.833680322619792
6535	0.020977063	0.0730035718776423
6536	2.7744415	2.52975752614035
6537	0.8508841	0.825852616106837
6538	3.9327724	2.54300579236111
6539	0.08714961	0.135977599156911
6540	0.45500955	0.539271714016204
6541	0.60133266	1.28191296343519
6542	0.024777949	0.107643946452381
6543	0.073520444	0.0921079634542857
6544	4.952044	3.74472442472222
6545	13.216554	11.7492502357609
6546	10.185975	10.6019868862593
6547	0.018007962	0.0667126827569444
6548	2.7239885	2.89385307263441
6549	1.8078859	2.90967577986842
6550	1.0791135	0.464582345454286
6551	2.1659634	2.69116279838095
6552	4.009346	4.80954762292793
6553	2.332125	1.76098811199561
6554	2.9584644	3.02467588606061
6555	4.6620317	4.08763024583333
6556	0.3041112	0.346986950909896
6557	0.17576483	0.130201854138384
6558	3.2139986	3.08699449099099
6559	1.7188467	2.489826100625
6560	0.2183569	0.704158712396396
6561	11.934793	12.8333430879279
6562	0.030714333	0.120667418628788
6563	7.5231476	5.28958347134127
6564	2.252055	2.65389118946078
6565	1.4002491	1.17450874605556
6566	11.474342	11.4903270067778
6567	3.7011163	3.42066954563597
6568	14.540256	10.5814010327477
6569	0.83380383	0.860020408774713
6570	8.235436	6.85645782520833
6571	1.6431932	1.6904033895381
6572	0.030178862	0.0610483234583334
6573	3.682359	4.69242596171875
6574	4.2412953	4.14777011655914
6575	0.10270227	0.181633634179412
6576	23.856169	18.6394476790476
6577	0.46644855	0.776298125768518
6578	18.84427	18.3759215580808
6579	1.8390864	1.66082266421354
6580	2.353877	2.42917821967593
6581	6.0671268	4.87130326951754
6582	2.679229	3.13781232506098
6583	11.397899	7.45370894880952
6584	1.5178094	1.36159007809048
6585	0.29217756	1.84596899000833
6586	1.7719055	1.27247670529032
6587	2.1839607	2.23035138653846
6588	0.09190504	0.102744167932197
6589	3.3315997	3.13279737483333
6590	1.1418955	1.17130922520833
6591	0.033876374	0.0480940492921569
6592	8.028082	11.046579525
6593	1.8894677	2.24304604325521
6594	2.424731	2.66585572577778
6595	0.17239326	0.160505256921429
6596	1.1684499	3.40620817551724
6597	5.465018	6.29101843661765
6598	2.2905183	2.06024137471053
6599	2.6384952	3.10728552938889
6600	1.8595754	2.02154138995238
6601	0.07168196	0.561222448807895
6602	8.962405	7.77658068996212
6603	3.2956488	3.40880633324074
6604	2.1748276	2.161309936875
6605	0.021037813	0.0358878970192308
6606	4.5062613	3.4315300562381
6607	2.1311781	0.938333415358519
6608	7.061272	13.1612292038406
6609	0.3093294	0.339068074775397
6610	11.06869	12.3387189032895
6611	1.6494769	1.04544438260741
6612	0.06790811	0.0867326034740196
6613	0.10521416	0.170778517441919
6614	1.7539643	3.73224117819149
6615	0.026482223	0.078529367724537
6616	1.9391675	1.43756877158333
6617	0.22951545	0.153409834832258
6618	0.48810542	1.1091147102439
6619	0.07674909	0.108446782300901
6620	1.887429	2.05080341747436
6621	1.7117879	1.77798815950463
6622	1.3482394	1.9688575245614
6623	1.9619341	2.29753342520614
6624	4.7620673	3.98701644104762
6625	1.0511513	0.61925855952381
6626	0.91928494	1.49489897121667
6627	16.914864	14.6649713055914
6628	0.36584204	0.197609523976596
6629	0.03858344	0.68940904666508
6630	0.09397325	0.3007336632125
6631	4.1594315	6.41777719219048
6632	0.049418256	0.0342617292306452
6633	4.554063	2.68744489823423
6634	0.27497575	0.128746434032558
6635	19.567198	15.1216690954955
6636	3.84907	5.07916696236842
6637	4.444304	3.96851210698291
6638	0.031196011	0.148910816048246
6639	3.7133677	3.67130593692982
6640	0.98387134	1.00658404281905
6641	3.485083	3.70436338873737
6642	4.4018583	4.32428442507092
6643	3.1056647	3.22216713401515
6644	1.2892225	1.5956295935614
6645	2.8663216	2.02472648153241
6646	0.17079782	0.13563366975922
6647	2.1598148	2.49393376925
6648	0.07724641	0.156250331964103
6649	1.2419895	1.66691061866667
6650	0.06455884	0.186408779244715
6651	0.23258288	0.364483215231429
6652	2.4840117	2.73844287875
6653	4.317261	3.89161980112745
6654	1.6082256	2.3063164435
6655	0.76230586	0.749284980915447
6656	0.70362437	0.718059736204762
6657	0.3365909	0.682792104059829
6658	0.7776984	0.813157487666667
6659	0.075525895	0.0643072763104167
6660	0.08675135	0.114129919189167
6661	1.0074304	0.897323545168518
6662	0.05202219	0.0903801468904167
6663	10.64009	7.14441818763158
6664	2.6035743	3.9023985667094
6665	10.076939	10.2216600543939
6666	2.5181682	1.58298208132927
6667	1.3430163	1.34525597755714
6668	5.879642	5.13794328936275
6669	16.512835	13.2759921922043
6670	1.3240075	2.725220685
6671	1.8830811	1.75813134485135
6672	3.8358622	2.65759696349206
6673	0.07603696	0.559018106159583
6674	0.029413203	0.0843106094848039
6675	0.07013488	0.0757722948490741
6676	3.0309887	5.87224044045833
6677	3.3447554	1.89409113839683
6678	0.31926703	0.144330749944444
6679	0.07565529	0.0921881085190476
6680	0.12019276	0.101709480921368
6681	4.2397	2.98746631003546
6682	0.059050698	0.0740275899828125
6683	4.2870264	2.88876271579365
6684	0.028113283	0.114391153850397
6685	10.287947	10.1279511690152
6686	0.7853679	1.87458176767544
6687	1.5845891	0.932600582190476
6688	4.966158	3.56784104950617
6689	0.60316455	0.8697666135
6690	5.5511103	3.54347395600775
6691	1.1263583	1.40636023445175
6692	0.664973	1.222615176375
6693	2.182902	2.22064583189815
6694	6.275414	4.60090261590909
6695	0.25514296	0.276151513732843
6696	1.0449908	0.660802607519048
6697	4.0149584	2.99429871979798
6698	0.10899945	0.227645711065714
6699	3.5564835	3.98557098457527
6700	1.4521664	3.62720507232639
6701	2.260601	3.33846655555556
6702	1.9936957	2.85533887837607
6703	0.6629981	1.02753187124561
6704	0.27820837	1.57155729268561
6705	3.2790341	3.03027536143411
6706	1.4102882	1.69152856761905
6707	0.5423861	1.66822372648485
6708	0.09863494	0.145721666774419
6709	0.07685806	0.0736768394868687
6710	1.7145479	3.43571335445946
6711	0.096540496	0.427878012820155
6712	5.5044975	4.85495268817073
6713	11.261331	13.9474090141892
6714	0.093063466	0.237689074710476
6715	1.4021709	1.30160451591667
6716	0.48404092	1.11360589367284
6717	0.16473624	0.132197447028241
6718	2.1608634	3.28684296979167
6719	1.0496244	0.620923745446053
6720	1.6691531	1.84556494566667
6721	0.035857562	0.17073738065947
6722	1.6860156	2.5742185365
6723	7.098635	8.04217617816239
6724	1.6901182	1.8753745837027
6725	0.3597526	1.69502976152976
6726	4.180639	3.14323320117647
6727	4.2732015	4.07613600717172
6728	0.27266547	0.134540227469907
6729	0.09395752	0.0652665393461111
6730	0.20341292	0.134529287698016
6731	0.15606876	0.120296217220588
6732	0.046850722	0.0757791805134259
6733	0.15113749	0.0844872894806201
6734	0.31102598	0.256038973330952
6735	2.1978545	1.1879002339964
6736	5.479983	5.77614904809524
6737	1.0773383	1.96933860141176
6738	2.3271723	2.21879721131206
6739	0.29048067	0.38988928034902
6740	1.4487035	2.61272222091228
6741	2.0774999	1.26339538063768
6742	2.4067528	1.43900121094928
6743	2.5367253	4.31714550092593
6744	3.9883273	2.55883614866667
6745	11.177487	10.2787540382906
6746	0.015990475	0.290037479726852
6747	0.21045916	1.35813588243137
6748	0.09830565	0.201275574425203
6749	0.10823422	0.2247701506525
6750	0.68291557	1.16919701315714
6751	0.04897264	0.0629141354135135
6752	0.045968156	0.0604227188261111
6753	0.045918606	0.0924509157015151
6754	2.236575	1.81112933972973
6755	0.089214	0.103640355414216
6756	4.801444	4.16020952045045
6757	0.033223677	0.0776251841126984
6758	4.3363037	3.15337132140625
6759	1.6071372	1.39766262554054
6760	0.1910362	0.191729269227193
6761	6.862339	4.38375008753922
6762	1.5793283	1.84144659392473
6763	2.4312913	1.28286995671354
6764	0.9251837	1.63543577318039
6765	0.09516898	0.0740654599459259
6766	2.7715106	2.06416814089147
6767	1.1025324	0.841436934200451
6768	19.697506	16.6941719581197
6769	8.182801	7.34754619235043
6770	3.1808832	2.85423423846899
6771	7.1410885	5.32748735064103
6772	5.492104	7.02113537902778
6773	2.7082267	4.02329977986111
6774	1.3784254	2.41464958228378
6775	4.091907	4.01434869670732
6776	2.6369104	2.97701650757576
6777	5.65664	6.88413706812057
6778	0.053980876	0.120691456528455
6779	0.45362148	0.926551894456989
6780	7.7568436	5.71209251784553
6781	15.066533	15.3452412440741
6782	1.8189846	2.84536931896396
6783	14.905007	15.9281023361842
6784	0.27324548	1.60380905594444
6785	0.051668555	0.215315624235772
6786	0.8368326	1.3293750058718
6787	0.7170331	1.91457924801235
6788	1.9425496	2.14998377338542
6789	0.6617198	0.510141723468333
6790	1.9747806	1.7356459347381
6791	0.34407705	0.462141087994444
6792	1.6986455	1.61198429549123
6793	0.86700815	0.927582270492754
6794	0.19116275	0.0705387004970588
6795	2.8041701	2.03227690901316
6796	3.1142766	2.00330053718519
6797	4.7136955	4.62897201457143
6798	0.47074744	0.419582184446847
6799	5.002695	3.46399807794445
6800	0.112706766	0.0962224056263889
6801	0.5773516	0.973742946138889
6802	3.4739807	3.70981567382883
6803	0.94553655	0.886982499280093
6804	1.1039919	1.06139544477097
6805	0.07330188	0.741816595022581
6806	0.26422426	0.149888019173438
6807	1.2133884	2.35577033784314
6808	6.2415285	4.32781299010853
6809	2.5458949	3.21127100788288
6810	1.3293715	1.60877411322381
6811	2.286734	3.14694402086207
6812	3.760839	3.30246869925287
6813	0.08265484	0.178303020491204
6814	16.619205	15.9937010877604
6815	1.9824809	1.92062309683833
6816	4.7745714	3.99270314367521
6817	1.170999	1.29487829458559
6818	1.6482289	2.4122971429798
6819	2.414689	3.89938082321839
6820	0.10362272	0.129253402356771
6821	0.13354066	0.398365461016162
6822	1.5253987	2.06224525635135
6823	1.1917065	1.31630809519355
6824	0.27857596	1.28243941244286
6825	4.2985673	3.07605113717593
6826	3.643448	3.80899984009259
6827	7.1600795	9.85918462114035
6828	4.1592503	3.95372291833333
6829	0.19274046	1.25231131482619
6830	4.6379304	2.82779682882883
6831	0.7486294	1.45713369484375
6832	4.666521	4.57497950428572
6833	1.0637157	0.569140879995496
6834	1.8293359	1.82468286591111
6835	4.285139	7.92626602732456
6836	1.4306786	1.85712812674359
6837	2.470082	2.84252325933333
6838	1.9430255	2.88979762220721
6839	5.1852465	10.8893332187143
6840	0.20374344	0.127273110833333
6841	0.29831493	0.0918215123798245
6842	5.971105	4.65898588974638
6843	8.667221	8.00171523752688
6844	1.6511664	3.58623785400901
6845	3.1906006	4.43122686730159
6846	0.31508946	0.421660103968993
6847	0.6604984	0.763274488937302
6848	0.15085036	0.234067691302976
6849	24.454746	17.6339660995614
6850	1.3938941	1.7216680229009
6851	0.25500634	1.97225117300901
6852	5.623107	6.95154985641667
6853	3.115226	5.97766914395062
6854	1.5727676	1.27371931432479
6855	1.3540488	1.36811344649524
6856	1.1176296	0.539798326014706
6857	0.1590565	0.142401112203488
6858	5.4582543	5.05107008262626
6859	7.4903855	5.271864663
6860	8.896987	8.65410471377193
6861	2.9985592	3.68702121354264
6862	5.0790334	5.19273407091667
6863	0.04787988	0.140307476326577
6864	1.6558264	1.32780084338211
6865	1.6528931	1.82894323699612
6866	0.347881	0.94720081017619
6867	2.1525195	2.94900986345238
6868	1.8304888	1.68010012696111
6869	5.7939787	3.05169051290476
6870	0.24399097	0.119414235707778
6871	1.3597696	2.39240750241473
6872	0.057876807	0.0969302867752033
6873	10.15084	7.90968605844445
6874	0.15990663	0.951304271346491
6875	9.078819	11.5482724919444
6876	0.054141138	0.192069025174762
6877	0.04651412	0.0479132076222222
6878	16.682037	14.6201888356481
6879	1.7016383	2.03677723524074
6880	14.708633	14.6414351895833
6881	1.119519	1.4075634587875
6882	2.787291	1.95729588625
6883	3.5572226	3.19363979828572
6884	0.105806105	0.15056684526383
6885	7.055389	4.94518741952381
6886	3.021715	7.36636624076191
6887	0.10767939	0.0705806561932292
6888	10.259918	6.85253578544716
6889	0.5211112	0.43904271430404
6890	6.368956	4.5485217938172
6891	0.06334258	0.0524536293740741
6892	0.051595468	0.0726185978786325
6893	7.639254	6.21768950318182
6894	1.7607298	1.58353451518518
6895	7.2488284	9.9350118674359
6896	1.8964927	2.36314829607143
6897	4.226406	1.97481256365766
6898	5.0455465	5.84472502882114
6899	0.76676345	0.40062514022549
6900	0.18432908	0.106974680902083
6901	0.32486424	1.43715864036036
6902	0.21259418	0.125917640700521
6903	2.752498	2.51912879077778
6904	1.9220219	2.60086150528431
6905	3.3670645	2.72820680865592
6906	1.6715696	1.50558348254902
6907	2.9085443	2.31020647061728
6908	0.12516181	0.0956845397016129
6909	1.853434	1.75844893171296
6910	1.9248933	2.83612655382353
6911	1.0859754	1.73619639655238
6912	0.2918582	0.224321151437083
6913	1.1170331	1.86615997303252
6914	0.034492835	0.0471431201023809
6915	11.759475	8.17642453122807
6916	0.052517164	0.175267060632258
6917	1.4674476	2.86841279539474
6918	6.4874673	5.79082317266667
6919	0.14519499	0.206664278586742
6920	1.0646776	0.594503516784616
6921	4.0519423	4.65004407792929
6922	6.232858	6.39006624803419
6923	0.046701953	0.2414051688175
6924	0.11515239	0.141044946549167
6925	0.75505894	0.83734780175
6926	3.2629905	4.15942289722222
6927	1.2524947	0.745915540412121
6928	0.17936786	0.0581293018596491
6929	1.5188428	2.18472471303922
6930	0.05884249	0.20310223148
6931	5.3267756	4.16020987263889
6932	0.16394585	0.129270200048333
6933	0.17080179	0.174004616096154
6934	5.1646466	5.42475459357143
6935	4.7044187	7.06733302085271
6936	18.19771	15.2203677016667
6937	1.217966	1.01240603772222
6938	6.5544715	4.71282465547619
6939	2.358846	1.60913677686325
6940	2.2306697	2.49708788671569
6941	1.3918796	1.11366240747475
6942	2.6128526	2.67412625507071
6943	0.57003087	2.20760123147619
6944	3.4185476	3.18447156303922
6945	0.94399154	2.02267842701905
6946	2.5092053	2.15471985670833
6947	0.054442905	0.125905533652857
6948	15.370091	14.2168250422222
6949	0.79301125	0.707053293231624
6950	4.308777	4.19164656351852
6951	2.6881485	2.29081183481482
6952	0.5843836	1.2180365605
6953	0.06389833	0.101903195095175
6954	2.589262	2.72038440689815
6955	4.18412	4.19772002747312
6956	6.389001	6.10971685609091
6957	0.7942783	1.46938486110714
6958	0.03545174	0.116189446093243
6959	0.9923209	1.04733703215238
6960	1.7767891	1.28859459500476
6961	1.2871588	1.24823968561842
6962	1.4469433	2.79748282435898
6963	0.06470999	0.161138195581481
6964	2.4583254	1.67763706371717
6965	5.6038733	4.30567233767544
6966	0.31549445	0.82540767742963
6967	2.7949288	3.64397663177083
6968	4.0290527	2.53601610692157
6969	0.09173036	0.122239723821759
6970	5.4699006	3.93845183256757
6971	3.18405	3.26319225931373
6972	0.025563097	0.0621923725469299
6973	0.679621	0.601094796264228
6974	3.9427793	5.78257734500775
6975	1.1114569	2.08424337477478
6976	0.372832	1.2227054555915
6977	2.8586211	3.59872609963542
6978	2.7204175	3.81013985877778
6979	0.7461922	0.635724266886869
6980	5.1536345	4.81016362057018
6981	2.726496	3.57168442405405
6982	6.9546614	4.00594654883333
6983	3.2796793	3.27354565982906
6984	0.70854986	1.31023191310476
6985	14.799395	11.8020060265385
6986	0.09733944	0.144679791270238
6987	0.074479386	0.215115127929583
6988	0.27045047	0.815364385852941
6989	0.60955256	0.13821061695
6990	4.9407854	6.28408445354167
6991	3.3396053	3.12127787
6992	2.193232	3.72411496654472
6993	6.453125	6.88290280513979
6994	0.27437794	1.23660581578597
6995	0.49477386	0.771929358592199
6996	3.4535286	3.32613631973958
6997	1.8336006	1.38148877932576
6998	0.7922292	1.22140745885659
6999	1.4315401	1.50577246513021
7000	0.05456848	0.0603505201955285
7001	3.4079556	6.27908117761905
7002	3.954623	4.42584446908333
7003	2.9222786	3.14598843405983
7004	0.057047814	0.0550146071444445
7005	0.91598034	1.06926880383675
7006	2.5006828	2.55004585555556
7007	1.7197506	2.0825639332381
7008	3.0529351	3.40730898960833
7009	4.5353723	3.73486270333333
7010	0.5547524	1.86853590154386
7011	12.722564	12.412663442439
7012	7.055242	9.106348771875
7013	0.41771537	0.622259598194737
7014	2.1745362	2.67646679470085
7015	4.8980255	3.93874518094697
7016	0.37282413	0.391470996974775
7017	6.29325	5.72546970387097
7018	12.060179	10.3034238262162
7019	3.6859448	3.48772943574074
7020	2.6233933	0.772660574776423
7021	2.2117074	2.2598682177027
7022	2.7795806	3.76392288691919
7023	11.715505	9.03085973405983
7024	9.618928	7.22398266150407
7025	0.790068	0.8772486582
7026	0.20218271	0.135576594945588
7027	1.9564171	2.40490918364583
7028	2.3931878	2.82258204230159
7029	6.028903	6.51219615698062
7030	4.329968	4.71285975362745
7031	0.059467625	0.123448517968333
7032	14.058833	15.0691389364141
7033	1.5155466	3.07340672124242
7034	0.7371935	1.21441524562222
7035	9.789726	10.0816726435088
7036	0.11861167	0.147791888834615
7037	1.7652872	2.13786318448039
7038	0.12103822	0.127901532325194
7039	3.505395	2.41422134109375
7040	0.52591777	0.968024768474207
7041	0.04683706	0.103524601516026
7042	5.046736	3.75305820666667
7043	1.9219885	3.06948958957724
7044	4.2430325	3.61965008174561
7045	4.3763404	2.04846840962963
7046	0.5909077	1.63214679436585
7047	5.1347203	3.40653116639785
7048	0.02581953	0.161972486797436
7049	3.8861003	2.51981610159211
7050	8.749289	6.15202575018981
7051	0.44888994	0.92159170960812
7052	0.08784408	0.109837421870313
7053	6.407648	6.82111428720721
7054	1.3407652	1.12088764010833
7055	8.1395235	4.97639651251852
7056	0.5704975	0.273416490117064
7057	1.819693	1.07038511219512
7058	3.4546244	3.03147021178571
7059	3.3600245	2.53908175468571
7060	2.908633	4.03070165522522
7061	0.66470456	0.932420229013821
7062	0.20548512	0.109343867690741
7063	0.6399299	0.525646474266667
7064	0.31268156	1.8507381104697
7065	0.05409427	0.134792909250439
7066	1.0694592	0.724092736378125
7067	0.06395017	0.0916442033698198
7068	3.6016133	4.38214917719048
7069	2.3424268	4.27895198290598
7070	0.6600835	0.242667096288618
7071	0.14691378	0.152264777427027
7072	1.7534156	1.76556612347863
7073	0.2616906	0.171258989568803
7074	1.5359483	1.93424983662162
7075	0.21910729	0.123102439068421
7076	1.6889628	1.5495860106036
7077	12.419616	9.40665570428571
7078	2.8696434	3.1645089771
7079	1.3196696	0.90145933318
7080	2.8580935	3.388928482125
7081	1.2281811	2.13009552860215
7082	0.100673325	0.165172186909009
7083	1.031274	0.736080324510753
7084	7.0825996	4.7015976302193
7085	4.717309	3.92418995192708
7086	7.4620457	9.29345931333333
7087	1.2549251	1.62334245787097
7088	4.564182	8.8454044508547
7089	1.0495898	1.11980648081707
7090	0.16970694	0.36864209935641
7091	0.09537962	0.709579300666667
7092	11.656054	9.25449712662791
7093	5.2310405	4.10565444111111
7094	3.4866297	4.85224916419192
7095	2.8954403	2.52376331004386
7096	1.5747491	3.86113361756411
7097	0.080912694	0.12067695174951
7098	3.7854753	2.93139183391473
7099	2.4162881	3.14418653464539
7100	12.966185	14.3209438185185
7101	0.45317948	0.943511585958334
7102	2.1436517	3.77433403714912
7103	3.4784374	2.8953705775
7104	2.5918086	1.97836212956349
7105	1.1022537	1.28511611202917
7106	0.5027293	0.527375982813158
7107	0.5070742	1.22560255362626
7108	0.08735541	0.191884094303571
7109	14.358562	13.7901397378788
7110	3.1139162	2.91581257763636
7111	0.8207661	3.07913183261905
7112	0.13607444	0.121098313056746
7113	5.8125353	6.14501902090476
7114	3.0904524	2.81666370630702
7115	2.05986	3.40771753829365
7116	1.2345182	1.91376508866667
7117	5.051476	4.33478374760417
7118	1.8553739	1.36217010722764
7119	1.5277297	2.14169189061905
7120	8.4604225	7.34866416851351
7121	0.5410564	0.910835674083334
7122	1.0374432	1.4019953154023
7123	0.17484309	1.02389407505833
7124	0.9088353	1.40390403222381
7125	1.3465325	0.925321634462365
7126	2.3468087	1.23614188486154
7127	5.0590477	2.564081094
7128	1.4286656	1.56337087418571
7129	2.3984852	3.96104880337209
7130	0.082310826	0.185687656302273
7131	1.500245	3.31926194154472
7132	0.07718438	0.0750770115734375
7133	0.023447013	0.0590244546961905
7134	1.4789702	1.31067919539837
7135	0.20805398	1.26211499272727
7136	0.47404262	1.25114227565385
7137	1.3337995	1.31335726007692
7138	0.039578997	0.0764627517989583
7139	0.5441112	1.28704156865351
7140	0.54002786	0.867818030923423
7141	2.3904545	2.60567692678862
7142	0.41971517	1.15145959583772
7143	9.379168	6.94921285121622
7144	0.09743402	0.233883770856566
7145	2.4140086	3.96434110520202
7146	0.64727694	1.34162383603252
7147	3.4002244	1.57644901468027
7148	1.6915468	2.06063791259524
7149	7.264702	6.56640277675214
7150	6.624473	4.35705559310185
7151	0.6047692	0.616919312145062
7152	0.062208373	0.0961000635081481
7153	0.09646105	0.414569602536036
7154	0.7931043	0.737167222285088
7155	11.97971	9.96703686520202
7156	1.3120443	1.66363184196389
7157	2.324528	2.37797742763514
7158	4.617241	3.85516624088542
7159	4.086078	2.08870807367619
7160	4.3345566	3.94658338634921
7161	0.041795094	0.209326263691176
7162	2.900838	2.94118953514706
7163	2.2325168	1.98964892911667
7164	1.0392715	1.88972840377778
7165	0.57356966	0.940489235589744
7166	1.3147417	1.66904181581429
7167	0.14853358	0.115295429007265
7168	0.032598037	0.1682706618625
7169	1.0995575	0.959759484382883
7170	0.046695746	0.119993799093089
7171	1.0292044	0.976588254628205
7172	2.8964405	3.13515402650758
7173	1.7616528	1.56019317314516
7174	0.12376424	0.139001720080303
7175	1.6870368	2.12247300433333
7176	1.233081	1.25559954821032
7177	0.11806953	0.103086567915972
7178	2.2891803	3.22448027038095
7179	2.3839097	3.430589960875
7180	4.2628303	2.06822736986486
7181	0.08847407	0.213681454758824
7182	3.1679587	2.33547381837302
7183	0.8731328	0.634054513583333
7184	0.1823012	1.01025740285859
7185	0.7314636	1.11005993628283
7186	1.8914106	3.85461963824786
7187	1.0482774	1.78457774067568
7188	0.61832356	0.555088619965657
7189	3.5804868	2.68811277787037
7190	0.23251201	0.56571226875122
7191	7.212487	7.76767921071429
7192	1.3188686	1.69298571255455
7193	0.7671519	0.843597573916666
7194	0.9688627	0.497363406276016
7195	2.2144742	1.52962284600833
7196	2.7881272	3.76662496647619
7197	0.8951747	1.93867382905556
7198	0.8428215	1.0673244961619
7199	3.9679773	2.79721323416667
7200	1.4633505	1.95921052774603
7201	2.396394	2.27090281003876
7202	0.022622144	0.086378497500463
7203	0.39277583	0.827370843447748
7204	1.1404438	1.69476784036036
7205	1.4567357	1.56987762926471
7206	1.5390375	3.10714567897436
7207	16.696783	16.1535793373016
7208	16.977451	17.551181845977
7209	2.617145	3.4694489822549
7210	0.10624306	0.157626383117677
7211	0.8192393	1.13334824654748
7212	3.375752	2.93688096617424
7213	1.1633699	1.85101821152525
7214	0.44670698	0.404929421346847
7215	14.110626	11.2734950979798
7216	0.045737818	0.12491246252094
7217	0.032529805	0.201453402252315
7218	9.181052	7.38915472578432
7219	1.8282539	2.41829973601802
7220	0.064492926	0.144142469265766
7221	3.3305922	2.9407095617037
7222	0.1595609	0.14922315288625
7223	5.690069	4.82853590005983
7224	3.1421053	3.96641292295699
7225	1.0261496	0.878774719164368
7226	0.888643	0.499441277630392
7227	1.8207308	3.85215016817567
7228	1.46835	2.66944250538095
7229	2.0177495	1.66062296227642
7230	2.249007	2.48463561090991
7231	0.3688934	0.63538393528963
7232	5.8901505	5.91256370885965
7233	0.030240215	0.0833102358019048
7234	2.1748962	3.39400943151042
7235	0.075343184	0.279157393838158
7236	0.48982576	0.936841113864035
7237	0.23563057	1.62956574396384
7238	3.297861	2.95076366620155
7239	1.7027297	3.08990953710784
7240	5.7168665	3.90970686961905
7241	2.5673747	3.14368787144144
7242	0.13401985	0.180878006159722
7243	2.3215234	1.52328073865385
7244	20.607212	18.4157531186047
7245	0.68086463	1.28194261266228
7246	0.3686005	0.765517340626437
7247	0.4224015	0.174191069138542
7248	2.2166023	0.855927403947619
7249	3.5894084	4.42914118872549
7250	1.8738462	1.84217034997222
7251	3.1415784	2.99887906983333
7252	1.5235751	1.30610800157593
7253	0.9795696	2.11564646238095
7254	1.3221674	2.61039881009524
7255	0.9095833	1.2109829059955
7256	5.935587	7.58622302268817
7257	2.289686	3.58122271160465
7258	1.5388016	0.822490643111111
7259	6.9677873	8.3852840699187
7260	11.51063	13.9106090663415
7261	8.833767	10.6659742837083
7262	0.12431655	1.29245306818056
7263	4.925297	4.76139284511111
7264	0.09702933	0.15246839375679
7265	1.3291851	1.65760005919118
7266	6.776278	7.54498866186667
7267	0.07730535	0.120395331071429
7268	3.2470088	2.98570483607843
7269	4.6752706	3.59946243156566
7270	2.0853457	0.856165656691111
7271	1.8802415	1.29358909132051
7272	0.13311782	0.124976019589189
7273	0.04950082	0.293311805764957
7274	0.059197646	0.094996476782906
7275	0.24705489	0.12361089160625
7276	0.45173177	1.01680928973737
7277	2.8859258	2.09231787579675
7278	0.33114672	0.844968861722222
7279	2.600712	3.21194026515152
7280	1.4177569	0.770927679138739
7281	1.3593128	1.03104613517886
7282	0.33726445	0.123877314555238
7283	0.027290298	0.0736032048317204
7284	0.7478079	0.528531825833333
7285	0.04828987	0.107835732879386
7286	5.614384	3.28265950944445
7287	2.6944432	2.05409491229167
7288	0.09559699	0.0947288107025
7289	0.43536946	0.59275425737451
7290	8.5254965	11.8751682884146
7291	0.1339142	0.201906004443089
7292	0.05131684	0.142366692207292
7293	0.111448586	0.149601612372349
7294	1.0317998	2.70267976761905
7295	0.73464376	1.62305146072358
7296	0.23461908	0.317045094234234
7297	5.8247275	6.56584136352713
7298	4.020839	3.37965336419355
7299	0.21726617	0.116423259418182
7300	8.340594	11.185244825
7301	2.024309	1.80713872536822
7302	0.12094939	0.174279895433333
7303	1.5538299	1.13621477909649
7304	0.05132218	0.100694858431863
7305	0.055505436	0.0904968395966666
7306	1.803907	2.02493156982927
7307	0.17795627	0.106817200981609
7308	1.4659133	0.878084321884804
7309	5.0271015	4.03906109589431
7310	1.6174244	2.55144152847222
7311	0.31938767	0.188176006847368
7312	13.344208	15.7474659720721
7313	1.0266932	2.23756400540833
7314	1.7863264	1.51519540517593
7315	0.018409148	0.0572241836313131
7316	0.119227536	0.479813523858889
7317	0.3938467	1.1568851905787
7318	7.462239	6.56108005209402
7319	3.1397176	4.46473451625
7320	1.5785384	1.26846046829425
7321	0.5260857	1.21145369981373
7322	1.7138011	1.69314481609649
7323	2.2254956	2.77226870697917
7324	1.2816374	1.4678794504899
7325	2.4807048	2.54253863123016
7326	3.761596	3.76969251483333
7327	4.001771	2.73262707592105
7328	0.3964166	0.4073521410975
7329	3.3779228	3.55508163768817
7330	4.449794	3.66887252921875
7331	0.23962788	1.18130239223656
7332	1.2345313	0.930517512197778
7333	5.1902866	3.2132906520115
7334	1.9124708	2.55743314951111
7335	2.9972012	1.54864535871131
7336	3.1287801	5.31165077886574
7337	2.067658	1.43386553215447
7338	10.845639	11.7473907790404
7339	3.0236323	2.65357106875969
7340	0.30338094	1.2249969898172
7341	1.1707829	1.74461291931111
7342	3.6771102	3.0302867442906
7343	2.8717172	4.12264082143518
7344	7.1357565	5.89829096023148
7345	0.19418538	0.674730388857265
7346	0.1279945	0.0771496951570175
7347	0.4362351	1.50699283925926
7348	0.07088887	0.126855707557619
7349	0.35050488	0.170736687086667
7350	0.6633562	1.003233628875
7351	4.078626	3.58024558640625
7352	8.93907	10.1244548423333
7353	0.33615828	0.125974622958333
7354	0.26798138	0.195111661798095
7355	2.2463899	4.46429097477778
7356	0.1286364	0.523809547696667
7357	2.9823725	4.8115250004955
7358	2.3120706	3.2562327159009
7359	0.5438064	0.725046746653333
7360	2.3323383	2.92676099884259
7361	1.8809087	2.21675819918919
7362	5.4020495	5.41043469144144
7363	1.3633294	1.34494319733871
7364	3.7673178	3.47541266632576
7365	13.408186	11.0082907533871
7366	0.65566725	1.37694307031667
7367	8.739458	5.18648927388889
7368	0.2776983	0.844865237236559
7369	9.789594	12.8937167019231
7370	0.13835031	0.690549559526016
7371	5.5551395	3.95484776137255
7372	1.323589	1.55885520102917
7373	4.431988	3.33006968368421
7374	2.614116	5.45172281603448
7375	2.6423638	2.69234491627778
7376	4.444086	5.8831339054386
7377	2.8809216	3.37084254579167
7378	2.0242124	2.42471227200855
7379	3.0846984	3.46099557432292
7380	3.7563448	1.88091667091667
7381	1.8207638	1.44909895870732
7382	11.749023	10.4048303064583
7383	0.40864334	0.270463552371569
7384	8.059003	6.95592127314102
7385	0.21946561	0.127771013283333
7386	1.1002202	1.05174992300901
7387	0.017868083	1.29514444109573
7388	3.3915572	3.43358772619792
7389	0.27651525	0.14728695514951
7390	0.109361164	0.0827648405223684
7391	0.93874836	2.28865281638095
7392	2.097934	2.42958539557292
7393	2.6374369	1.35368012935
7394	9.685986	7.04458868271429
7395	0.012688048	0.0440149604376191
7396	0.9314894	2.27699416792793
7397	0.33098468	1.20675414790909
7398	0.30269727	0.740742240750355
7399	0.41251934	1.01134332256496
