index	observed	oob_prediction
1	5.531024157	5.12865255994444
2	8.0861004	9.75331121768148
3	2.91991361	4.51731822188125
4	0.048757176	0.0567880599922072
5	0.37352675	0.506442722211574
6	0.712786218	0.212079963449099
7	3.195771295	5.19249750447317
8	0.45003113	0.998249226881666
9	0.046518682	0.135495938039316
10	0.078105634	0.1680689163
11	1.8872043	2.27093634534553
12	0.23153253	0.15899291515404
13	16.31511354	12.5722413674048
14	0.061886041	0.19265788978114
15	0.60908177	1.31267122238492
16	2.3509005	1.6960359983287
17	0.18220587	0.245160351950901
18	0.200332999	0.212548957833333
19	3.79199104	2.44682247103619
20	0.24542786	0.184180153334
21	5.20810215	6.0010662529875
22	0.73339485	1.30117638619271
23	0.06318252	0.0758562186651563
24	0.072834922	0.0715901160699562
25	2.82916745	4.45544803754167
26	0.097954298	0.223364260996581
27	0.05300965	0.132316178252696
28	1.43939423	2.61302117512366
29	3.16875515	0.928568035932576
30	0.209193566	0.131341191560526
31	0.130176737	0.1721456944375
32	0.067524295	0.0977520970973809
33	0.922031553	1.30457867144853
34	0.073934308	0.218041038321429
35	0.176856335	0.30566309210991
36	0.37179468	0.557300194557471
37	13.27395337	6.82577014373232
38	11.63654452	9.14327216525225
39	0.143810448	0.215718001852032
40	0.014163783	0.132756924615315
41	0.91526607	2.29045766275379
42	0.071624672	0.206227742055238
43	0.063078408	0.0960298315692683
44	16.4239272	15.6830027019106
45	0.1847204	0.0798037537489035
46	8.02205609	6.74508767702399
47	1.39973599	2.06198269435238
48	0.2757089	0.145886516353182
49	0.36238482	0.38173721593
50	0.175564456	0.274892642004701
51	0.39086334	0.583000749739912
52	0.135307387	0.186280550796711
53	0.101058148	0.182384727389583
54	0.07856338	0.0880169009054762
55	0.39630492	0.709929195959722
56	0.050061721	0.0645279564808333
57	2.2277594	2.92475026172989
58	0.76698784	0.745968003217157
59	0.041598842	0.0904431827051852
60	0.25530181	0.307812380560784
61	9.165002	11.8436414329292
62	5.40690275	7.28351461607752
63	0.088501004	0.122421063542105
64	18.36097204	13.0920193925815
65	0.127900527	0.0892632203530702
66	10.52737113	14.068937976464
67	18.32026317	14.3553772492131
68	9.54350413	9.4740307543172
69	0.078476503	0.21785635557906
70	0.12845444	0.114612424079905
71	0.103479689	0.133798138506019
72	18.23454811	20.3102756108333
73	0.182092036	0.156123862313131
74	0.199581246	0.233702360430808
75	0.328820452	0.11636588924375
76	0.041618834	0.0770865943914815
77	0.238728117	0.329236692939167
78	0.11226724	0.149722283111842
79	7.2954325	10.5883423457094
80	1.2041483	0.581232743453241
81	0.37668818	0.454594781373874
82	0.091904873	0.0729563113752451
83	4.761606	3.93184602423563
84	8.61436066	6.96391068440417
85	0.229544929	0.26628385723062
86	0.336640502	1.01741926705312
87	0.152521294	0.222546860492735
88	0.052461924	0.0860522673139584
89	3.03355435	4.81327505325631
90	0.115218923	0.184424983064957
91	0.155451921	0.28606835758642
92	7.21255177	4.13520871025807
93	0.32926423	0.496672157245175
94	0.140266603	0.2127056361225
95	0.051764032	0.127767143650231
96	1.03040661	0.75418402769375
97	0.09505406	0.123065891847674
98	0.072432309	0.117702645214394
99	0.141370179	0.193218174269697
100	0.31949674	0.785221591733772
101	19.6792727	13.5309749992353
102	0.126496991	0.161584532438889
103	0.54951912	0.689608683874167
104	0.40330994	1.98860070702197
105	0.09693104	0.154356795843023
106	0.61761766	1.23034661803431
107	0.15940661	0.172719496760101
108	0.041328617	0.178439362250476
109	0.26227839	0.441772994257143
110	0.79585	0.875542695864102
111	0.97649244	0.667428046963675
112	0.088036071	0.0897159580321078
113	0.149855436	0.135121859509583
114	0.250845809	0.165354033806863
115	1.8560973	2.49121213658333
116	0.39883088	1.11794571405447
117	0.74665404	1.14980263599123
118	0.18438127	0.624828990226577
119	0.9475089	1.28937793557471
120	0.4061213	0.125645358214539
121	0.045132595	0.114687979382675
122	0.089882735	0.110654466909877
123	2.58986243	2.03797659151802
124	1.404706795	1.77653935701
125	0.45046062	1.35921217578288
126	23.9858362	18.5414289499553
127	0.096937952	0.0623755233780093
128	1.49283029	1.04239205932692
129	9.6586371	8.76237057319565
130	2.14451889	1.17017710914381
131	0.12499406	0.225263975013596
132	0.49747269	0.518276100651515
133	7.32046267	7.63716725637398
134	0.183471652	0.22897705300463
135	5.012088895	5.26853794406487
136	4.6412793	4.46605098161403
137	1.53174504	1.36556285518095
138	0.87341214	0.55316853099384
139	0.20946281	0.490968993033784
140	4.56325066	5.74795240679524
141	4.1536384	5.11704526949145
142	4.71610148	2.47875627663876
143	0.080093006	0.518776058824762
144	0.120991658	0.0925407289802564
145	8.11117953	9.6383223047094
146	1.7233033	4.06696998578333
147	1.5903583	2.67290408537143
148	0.160944484	0.82627709624697
149	0.266454587	0.0857308734492248
150	0.058430819	0.0743472034195175
151	0.059432875	0.151435570583088
152	10.16879889	11.4183489752069
153	0.221088098	0.281121330970968
154	0.048267698	0.286981181622857
155	0.064166231	0.0868594462162698
156	0.48900559	0.888159642185366
157	0.16467133	0.51518999719798
158	0.20437671	0.498578658463514
159	12.40344623	14.1090793526472
160	0.040577626	0.051627466837906
161	0.095948768	0.210601877402632
162	0.060056198	0.0874605442608586
163	0.073825706	0.178040742007143
164	0.053159494	0.0675926616278295
165	0.49125337	0.667309383344908
166	7.52378137	6.86987699280909
167	0.086174927	0.291577228153125
168	0.056576868	0.121100190027957
169	8.93315778	8.91352851052163
170	0.053492559	0.0949029348319047
171	0.5920848	1.09777501958153
172	0.082801393	0.108970566467949
173	0.043110362	0.126441700170588
174	0.3493457	0.6658120197875
175	2.6903812	6.00642135084091
176	0.34356195	0.341859763393827
177	0.587149934	0.451772890195588
178	5.389686386	4.78337143342143
179	0.176914067	0.181299190778283
180	2.96872699	1.37913350441067
181	0.37179411	0.764038552496297
182	1.598464355	1.01552084445676
183	7.82970673	6.16044318253261
184	0.75329861	1.52749950115151
185	0.30071024	0.949319467477381
186	15.70461597	17.8845688334564
187	0.186463233	0.190378327683796
188	8.115119	6.08132116303535
189	0.12107941	1.30247355226061
190	0.99895823	1.45842092413288
191	0.101384371	0.166376747108537
192	1.18675098	1.19126451630051
193	0.61946178	0.647507567066288
194	0.26901461	0.141441851114646
195	1.153444206	0.685585464295176
196	0.20346478	0.23467208517
197	0.224598302	0.204684260413596
198	0.1880446	0.193178087255814
199	0.048116642	0.0943092319724638
200	4.6293956	2.76740331899048
201	6.31329392	8.97856625454167
202	0.32615176	0.301803625215196
203	10.3255505	11.0886640407778
204	0.27724878	0.247571063264103
205	0.53187515	5.00031817022833
206	9.16009714	7.36876064293089
207	0.088490106	0.155066826331313
208	1.68792516	3.03759525773904
209	0.4179004	0.646927650482937
210	0.227471703	0.159175192951709
211	0.0346046345	0.0778552008729279
212	1.22733016	1.11167487407456
213	3.7430893	4.50202045584649
214	0.089472357	0.209642217275
215	0.251898997	0.109740712633688
216	0.152041814	0.478972692026389
217	0.080426405	0.1870238460575
218	0.070378009	0.0796341688772989
219	0.084763004	0.0976403485632883
220	2.82158549	2.98402165074733
221	0.050441964	0.165110543881667
222	7.0753998	7.45801153965531
223	16.61776207	15.154615683193
224	0.22292783	0.221177127883333
225	0.341601415	0.233086558469753
226	5.349320492	5.30286413163125
227	1.45369392	0.798397572031532
228	11.6662473	8.45981245967424
229	11.64448842	10.932029846399
230	1.10823	2.17134404465729
231	0.512674083	0.181983498195238
232	0.27371705	0.37191472923037
233	0.13327662	0.227761841468293
234	2.7950946	1.61829122366667
235	0.085671722	0.110368097978704
236	0.216643634	0.636471222013889
237	0.33299335	0.515756838609459
238	0.079485461	0.230505751839048
239	0.140527485	0.126125620964216
240	0.179437492	0.111977428950476
241	0.52938008	1.00266720813721
242	1.21726748	1.6755042940873
243	1.75705095	2.02349414096389
244	0.56131121	3.56358715810543
245	0.39255111	0.418239453633333
246	0.24031394	0.229785165699603
247	0.201226741	0.215637046204762
248	0.39692691	0.566401555560952
249	1.2359955	0.889546718277778
250	7.1980712	3.61948894918254
251	0.86681774	0.313313646923656
252	12.7940091	9.70843458435527
253	0.233828092	0.445971284647727
254	0.146800113	0.127398771251852
255	1.67770106	0.978525233072072
256	0.054715082	0.235970805416667
257	0.36035821	0.519188521091667
258	0.89171227	0.85170709830873
259	0.033700948	0.0806258493573171
260	0.24260164	0.528686009736325
261	6.42768374	9.45294450367754
262	0.033698123	0.112158021657692
263	3.30544444	1.20060194658081
264	3.7262228	4.58385912865556
265	0.058378908	0.110352227618137
266	0.113987081	0.0897247675109375
267	0.51663225	0.802078233514444
268	2.3177813	2.63667439954762
269	0.134857205	0.213976953429048
270	13.72995944	13.106624732955
271	0.31892013	0.233742137242342
272	0.08882685	0.12518688458125
273	9.89925394	10.0441483012696
274	0.057843132	0.105210109078632
275	4.2163681	3.99823236031579
276	0.79045123	0.891804107780263
277	0.231079874	0.343496478504825
278	0.791657214	3.57055265983235
279	0.045670681	0.117830521077794
280	8.22825262	6.79540571391667
281	0.232374067	0.161160960916176
282	0.129303649	0.1887115961
283	0.087664396	0.136974975874286
284	7.068983675	5.8069444546477
285	3.3080782	4.40062557472072
286	11.04221752	7.07127173645505
287	10.36292689	10.4302502113398
288	0.033510301	0.0757662510804054
289	0.150229023	0.254249148657658
290	18.01074593	11.2880215611453
291	3.2447897	7.30494970019355
292	7.28834514	8.39862827956863
293	0.115571114	0.0910775798927928
294	5.0293698	5.43885335177477
295	1.56069406	4.83992441214352
296	0.059461417	0.102699677543056
297	0.185136512	0.0700282200398374
298	2.493104927	1.50881674735702
299	0.34118743	1.6174573111213
300	0.72805526	2.25065437065591
301	0.17616748	0.130591082682381
302	0.07972425	0.15385759168381
303	1.53868987	3.5072775172875
304	0.079503902	0.316658307443243
305	0.59852938	1.05174231694086
306	0.12893464	0.425889797559524
307	19.51514695	12.7904150830758
308	0.35682949	0.703138141684848
309	3.2579607	4.15706939013095
310	0.05427115	0.0935782244541666
311	0.047390222	0.0764843875974537
312	0.337945157	0.362372022494167
313	0.09171582	0.172563699285317
314	11.7762336	10.4716138641974
315	0.170785013	0.223323082656746
316	7.13037137	10.5282945993281
317	0.065168245	0.105083681336047
318	0.063962267	0.121780341742105
319	0.10283307	0.0864511166199187
320	9.1883757	9.45623711750521
321	3.461731716	8.13636566209706
322	0.315863798	0.579157718775
323	0.037492752	0.0624561680740476
324	1.67936039	1.15451733546937
325	0.127057577	0.125722746693254
326	1.41142005	2.58473045971065
327	6.34295632	7.60627716452051
328	6.415444365	4.59569380378762
329	10.5940568	7.43785391584762
330	0.15897727	0.333188291534722
331	0.379782475	1.15318816916296
332	0.093911892	0.136077631862597
333	0.100225509	0.112720199066129
334	2.5334129	1.87698976915476
335	5.21070932	6.86266088345699
336	6.64890717	7.78076856999757
337	0.031611821	0.0862659237574359
338	0.037078823	0.078722103204386
339	2.2740439	5.34855621175582
340	0.43814248	0.289428216276016
341	0.662998564	0.397876407416667
342	5.15557065	6.49054841091111
343	0.0680508125	0.215513424663816
344	1.50568951	2.1515891805049
345	0.127425717	0.134173923192892
346	0.82253647	0.352114191834375
347	0.068998896	0.146384999738333
348	1.53689529	0.909442306083721
349	3.739579033	3.41048929727716
350	5.5553073	7.29208383763333
351	0.19485059	0.167848936201389
352	21.13637274	18.2653645803571
353	1.19921002	2.73869359945175
354	0.10133529	0.107426861119048
355	0.79090034	0.949261685502315
356	15.6699647	9.17889648295935
357	0.141793628	0.259521776137838
358	6.94048132	7.6410573755
359	0.109972777	0.199252663213514
360	6.959637706	7.74331310106351
361	1.86253927	4.30591056762403
362	0.433162673	0.799822848658712
363	0.262447398	0.0839520256417054
364	0.152091962	0.0825191769296032
365	0.172399991	0.424804901420371
366	10.38333038	9.7342699395
367	0.344755538	0.242923697375238
368	0.114549358	0.284266349217949
369	0.1260877	0.293225814526126
370	0.062698314	0.0830289039643519
371	0.351869323	0.735613077632558
372	1.1744667	2.65840486574537
373	1.40106321	1.4523169190375
374	1.02701304	1.50170350000641
375	0.098058857	0.09388027765
376	0.11658497	0.0914762073551282
377	0.606060928	0.601939170906589
378	0.53119836	0.974941718934783
379	0.25395178	0.290163088105405
380	1.199057345	1.29097361503238
381	0.073918011	0.0963980444538461
382	0.046629388	0.130019601995946
383	0.04624063	0.0807443006891892
384	0.44467646	0.64542583598125
385	0.4736308	0.530233490268699
386	0.111811937	0.0885115876878049
387	15.07418759	10.6598370048352
388	0.059190222	0.0616756920342593
389	0.63449246	0.679342897433333
390	10.54377996	7.88339864883761
391	4.1966809	2.29059612291204
392	0.210248398	0.194513678296667
393	13.36091102	14.2049187908981
394	13.87706283	14.8264667386961
395	0.080187894	0.198164827194203
396	0.24122464	0.395031351624359
397	0.19213121	0.172863587900877
398	4.2893061	3.92707446737097
399	1.6557783	3.09297616109459
400	1.77791911	1.16506497211285
401	17.50686052	13.3542869838825
402	0.09440314	0.249214353309302
403	0.023994507	0.067337926609375
404	2.739231566	3.93193885000808
405	0.062116834	0.0703698178242857
406	1.5312116	1.03131922999074
407	0.37276007	0.566811130730342
408	0.29771861	0.256819514695736
409	0.33448816	0.425734495828205
410	0.73660213	0.604067492699621
411	3.068172643	2.56305253824688
412	3.059627452	2.24518340662269
413	0.5395267	2.7493827368825
414	10.1533633	8.34254037418018
415	0.115159932	0.0719789121365766
416	0.074785606	0.510599562246667
417	16.20068005	14.0328771278971
418	2.45457456	2.89132468670635
419	0.069100338	0.109722316111752
420	32.85007374	24.0695288297
421	0.083589949	0.0999090560801802
422	8.81941831	9.83856449111702
423	1.2709421	0.781251899513441
424	3.44855552	5.54854163068504
425	0.219067804	0.411167667775
426	4.6513221	3.64444643272072
427	4.91502446	3.55940175796884
428	0.053833982	0.109624549253646
429	1.03005019	1.86109162968217
430	0.1068226	0.0879275591773874
431	1.10408232	2.01718834278788
432	3.8882656	4.82938584171795
433	0.71942415	0.669092551059167
434	9.1572202	8.28392629041976
435	9.92436969	15.5384105728246
436	0.18030066	0.939632736245402
437	0.70724473	0.793164436607752
438	0.38657792	0.173151641776768
439	0.73701977	1.45250522429167
440	0.34532458	0.67101565560614
441	0.20804686	0.18283352701625
442	0.031625778	0.101716349872292
443	0.065553222	0.127601673045299
444	0.58564307	2.69670716187222
445	0.56697794	0.567115103960417
446	0.88518797	1.40516160580476
447	8.4581239	5.51505250481579
448	0.179757926	0.235305275618627
449	0.041083291	0.09176966637
450	0.89368673	0.959324142593518
451	0.1196428	0.142860715170238
452	10.1815424	12.0933776758889
453	1.8642928	1.73633401098108
454	0.105815137	0.238645808680093
455	0.15477278	0.151972678880303
456	0.415729634	0.614080512334147
457	0.177088736	0.242974330085586
458	3.91897015	2.96029351040171
459	0.054819368	0.162814475577632
460	0.158619623	0.870686296442391
461	0.202545468	0.119456659567544
462	6.73696544	5.01381819958913
463	0.054811483	0.0860283885950451
464	0.104540745	0.164960798382432
465	5.2188731	3.61528713322358
466	4.0565243	3.77574729091453
467	0.1396853385	0.088378520435
468	0.116856286	0.073678375538447
469	0.687905199	0.370912138976823
470	0.080374363	0.139517062922
471	13.43795658	13.4230729877675
472	0.14235871	0.460921255335185
473	0.25647823	0.127827752605172
474	1.28309551	4.05328237611261
475	0.27467637	0.1488506846375
476	0.085057087	0.35615150514951
477	3.2150866	2.51952538095
478	8.28714278	6.8756211155631
479	0.102145805	0.318353477164773
480	0.076061254	0.150835865431429
481	0.461506586	0.292425416938034
482	0.865886155	1.62323864573333
483	0.72038965	1.13613597633929
484	2.5700289	2.28164380027778
485	0.42285169	0.464053038192983
486	3.71961876	4.12680431578009
487	4.102890042	4.07997555317222
488	0.063694105	0.122586754171905
489	0.066960942	0.0771255782870176
490	0.13896129	0.165854550814583
491	0.059456677	0.135515090363021
492	3.5134967	4.38305333548438
493	0.092798568	0.0874273231245833
494	0.067427049	0.100582402705729
495	0.042060886	0.170993203282381
496	0.118444463	0.209106217762602
497	0.111936416	0.118382108364368
498	0.08680158	0.10983295398114
499	0.45035648	0.18643383663
500	8.28316075	8.90257960562162
501	0.104303332	0.248397471051923
502	7.361619984	6.49880897781666
503	0.247599073	0.0950888748066667
504	0.0592055315	0.0914897469936992
505	0.33744476	1.09013033903926
506	8.47476277	15.3686050671453
507	2.07719753	1.98120647689516
508	1.27383238	1.45339194780808
509	0.26934278	0.404500986737255
510	0.0362822875	0.0688971559752525
511	0.112753904	0.240488474605128
512	16.32041743	14.853389853105
513	0.308299954	0.366808071782381
514	5.12207298	4.04691244534167
515	0.31537176	0.736682491423984
516	0.115838105	0.0739940523805952
517	1.47243215	1.8291948076374
518	0.20601163	0.219270246539394
519	3.4486625	3.26105462575476
520	0.063631973	0.15378522010404
521	17.17491851	15.5844543213696
522	0.27497758	0.258912761509302
523	0.111742487	0.189936007363514
524	5.05650513	4.68174582617809
525	4.8376543	5.0217364185
526	0.7185909	0.72137493843
527	0.32232673	0.70485642167875
528	0.067610469	0.11990275788046
529	0.64850095	0.806023777929013
530	0.101421735	0.102585627244912
531	0.079353923	0.141265431535659
532	1.8532828	2.37705527543229
533	0.114888928	0.208457844741892
534	0.336719246	0.168765327569907
535	0.48830538	0.761245253285
536	0.112910113	0.146366703166667
537	0.079980456	0.279930751634234
538	1.4879779	1.97003219999802
539	0.206928909	0.268476434715476
540	3.7315319	4.04918949568627
541	0.6724831	0.749554173572695
542	5.66843158	3.69928045322222
543	7.393312	5.47138493459091
544	0.127322878	0.73762474965814
545	0.285898526	0.110316163273485
546	0.134744898	0.423304728443333
547	0.26249455	0.365380667258559
548	0.09470318	0.229350254346899
549	0.082189586	0.393774791825214
550	0.21566432	1.09972875744444
551	0.143526225	0.1621869656625
552	0.37062966	0.237780028432051
553	0.125737127	0.0911428837153125
554	0.043373929	0.18500475042695
555	0.403474445	1.07082668608382
556	0.3571058	0.327676050694961
557	0.174328492	0.121695366340991
558	0.76423293	2.24783301123011
559	0.0223158774	0.0570364951908547
560	0.07045728	0.127422651210913
561	0.51508395	0.572784539197222
562	0.89987155	1.55141438184206
563	9.8095474	8.65736648254701
564	0.18105967	0.282104717803509
565	11.82985927	12.9636505217642
566	0.14707069	0.701309268917917
567	0.35039571	1.11210681228939
568	13.8121959	11.4038972160317
569	0.070004312	0.174075526351984
570	1.388448807	0.589052158256482
571	0.108324265	0.20644734775
572	0.135376398	0.0950767650978571
573	6.28945479	6.00975190836496
574	0.46206521	0.355905771218421
575	0.085138902	0.337231573813095
576	0.069938823	0.0715865478678333
577	0.5006762	0.584279870609896
578	0.16195476	0.349517163602451
579	0.093219743	0.318462476191085
580	0.118163826	0.0995731423626389
581	0.079341311	0.159044713926852
582	0.16253148	0.334223812255128
583	19.50137424	15.7279349364095
584	6.986525766	8.19981767699103
585	0.02632715	0.452396195023077
586	22.26346436	19.6797494420086
587	0.084354817	0.11785547925947
588	0.47577942	0.63779078689537
589	0.77130866	0.356088162235667
590	4.7737521	6.34661178763415
591	0.057170318	0.340910304895946
592	0.108980689	0.117660869002083
593	0.27377507	0.379510777592342
594	2.67313102	4.45406072095606
595	0.044262605	0.111406685966435
596	0.190013167	0.40278759074188
597	0.24271858	0.173980433967361
598	1.83247403	2.74447965681531
599	0.053244804	0.0707788334322581
600	0.161095794	0.123685031663542
601	0.55529227	0.547382536402315
602	0.047276685	0.0994769018457071
603	0.049808642	0.145882986839815
604	0.14371959	0.186424411457207
605	12.0889952	7.26822431794298
606	1.3325779	0.961783149518018
607	0.5123188	0.785022078499048
608	0.18935033	0.400661070252703
609	0.239691261	0.117762302343125
610	0.1789949	0.257157602254955
611	0.112030934	0.15296380535
612	0.3053617	1.04174453766667
613	0.58155614	0.474288837353986
614	0.127743725	0.192206577505702
615	0.24980099	1.02415334386435
616	17.50200194	14.2795547352937
617	0.675523304	0.253756004153241
618	0.10744238	0.139377387988063
619	0.18335502	0.13744296647518
620	4.1651472	5.23272261518803
621	0.055685964	0.111187149504274
622	0.089750469	0.11471092186627
623	0.107075877	0.22100244446875
624	0.113573211	0.079099847470098
625	0.33819364	0.719822640168803
626	0.146865456	0.172199781863821
627	3.16723183	1.81050566297549
628	0.55342967	0.581481247791905
629	0.037369432	0.107274034407738
630	0.25927273	0.209313610602857
631	0.021604899	0.0579088890434524
632	0.43944978	0.661780568074583
633	0.070569545	0.10226755777123
634	0.147649184	0.301074094345833
635	0.054840456	0.0885918899423333
636	13.56475427	12.5791850911567
637	0.39319591	0.498820279871951
638	1.98657664	3.47002222569907
639	0.69288252	0.569326006072222
640	5.06202212	4.6167078706713
641	0.027497524	0.0959488711948718
642	1.324756524	1.92171799785675
643	0.29728798	0.479703083816204
644	0.061767107	0.235757996204505
645	0.09899539	0.097652723206746
646	3.1052209	4.35687311272396
647	0.18851199	0.306665938292917
648	0.083613761	0.187006453389583
649	0.13385749	0.41066992647963
650	0.037635633	0.0830774738057971
651	0.10464351	0.188711702382716
652	0.05997532	0.261780263512917
653	0.327473924	0.146591046224405
654	0.18466881	0.152593341467886
655	0.40086769	1.12547722426326
656	0.124008005	0.112879701394118
657	0.071802275	0.0752890389818293
658	0.030545093	0.0635622351830882
659	0.035819894	0.0847340846895833
660	0.684284766	0.566315979108095
661	0.11882318	0.265421078824324
662	0.116973941	0.133942713292521
663	1.07782888	0.86880280239596
664	0.269329427	0.119625304439394
665	0.65519819	0.302189220898958
666	0.47737359	0.526360191114583
667	0.045894659	0.0702182153625
668	0.023219849	0.146938219089362
669	1.06966684	1.12870018598704
670	0.42117941	1.47970372493131
671	11.43859721	12.9217534530667
672	1.06007114	0.575661204007143
673	0.90057739	1.50152499763248
674	0.105599685	0.356993606888542
675	0.092409625	0.260670758712407
676	4.6820963	5.36490458665714
677	0.065173082	0.134571864300505
678	0.097777823	0.232146303155159
679	4.1845645	6.28797846719192
680	0.064327791	0.0994406259312963
681	0.46942861	1.8560872442
682	0.869322344	0.816589568612393
683	16.9046166	13.9427010586844
684	0.53764237	0.84137250065625
685	0.11077397	0.720395469769318
686	0.133866748	0.126859054171078
687	0.065034903	0.104337281780769
688	0.42058649	2.4993901520025
689	0.037741955	0.0955408544902778
690	0.058547548	0.0910795276388257
691	2.1828687	1.80110064422868
692	0.056587119	0.127909265520781
693	4.851151424	2.67557390926577
694	0.055015225	0.119474174408537
695	0.156254844	0.083227169573718
696	8.27736373	7.64897755747204
697	1.42967463	1.93064181137302
698	0.062784959	0.149697192968137
699	1.579332414	1.11707252908714
700	0.053895878	0.0999808567372685
701	0.569724439	0.204810792905093
702	11.30913949	10.0686851672778
703	0.0973911	0.0803855356188597
704	7.48823363	2.73052395471615
705	0.574541713	0.20565484500155
706	0.34819557	2.28510573964921
707	1.14252672	1.8040254668338
708	0.35999173	0.311871921339493
709	0.062132258	0.167344287754375
710	0.035712634	0.0655757972535088
711	0.183045216	0.252507459409896
712	0.054779844	0.235484660234375
713	0.0635983	0.127189598731944
714	0.52772059	0.528383670838597
715	0.41666333	0.684450525217143
716	0.113096344	0.194272920809302
717	0.26323188	0.159840650748016
718	0.035839083	0.101504984773232
719	12.3320688	6.49425536911842
720	0.106862157	0.328444660345727
721	23.5572969	16.9105793264952
722	0.45347808	0.5770569716175
723	0.035536345	0.0990001638465054
724	0.333297294	0.589432064854505
725	1.27926427	1.61471036635088
726	1.07098802	1.19169961810115
727	0.056279887	0.105203079259677
728	0.091071371	0.132080023831667
729	0.079440832	0.157094174173424
730	0.47758616	0.355832393480882
731	0.071825586	0.217079969785271
732	0.035003991	0.0594245778579825
733	4.09098354	5.56398825108547
734	8.6552425	8.45269457379675
735	0.11678894	0.19513435974065
736	0.052604632	0.0933253181654167
737	1.39554656	2.55838955916667
738	0.232593603	0.234592775906098
739	0.17699189	0.155612370512393
740	4.376813507	4.87854200698559
741	0.154600416	0.212172305700833
742	0.153407382	0.133953510012602
743	0.154373072	0.189002702704825
744	0.17533546	0.138209092436333
745	0.75967105	0.658125090860555
746	0.0417612495	0.0629906336597561
747	0.275763596	0.0872605456578704
748	0.68238885	0.932373510606667
749	0.232376138	0.223780309199537
750	1.87039938	1.82475969051389
751	0.36504784	0.539224781862393
752	0.045658064	0.19145726715977
753	0.112976681	0.118310268225203
754	0.26078148	0.288576012827143
755	0.47444588	0.459931590897674
756	0.085149492	0.128706364965351
757	0.136222064	0.125595921328542
758	0.9416258	1.67044158674638
759	0.15316544	0.280331313372857
760	12.61364821	10.0844781669932
761	13.44094556	7.18738965485135
762	0.370816826	0.167984269129487
763	4.361314736	6.92050683537238
764	0.59716063	0.956722000012195
765	1.99500165	3.52843338631019
766	3.4807916	5.24702221663248
767	5.803242	4.85535630496275
768	6.741293366	6.85528502414409
769	0.171363	0.139486713113636
770	1.41405636	2.43907864295833
771	0.86038032	2.10848820651389
772	17.87843684	12.244365097097
773	2.13932426	1.44534116811071
774	5.40852382	3.25125978582549
775	2.2091171	1.23654607466441
776	0.087166421	0.190583240622222
777	6.71876786	4.16726514117828
778	4.9817397	9.1143600409881
779	1.22829491	0.622685131241464
780	3.3364777	4.65091839791667
781	0.036244395	0.213647432907979
782	19.068126	19.6304426684619
783	2.20026806	2.53096533606439
784	7.7643229	5.2381799197598
785	0.042218957	0.0933376781307823
786	0.12188543	0.13242354384386
787	0.663976528	0.550104168934375
788	0.065972596	0.0781898450745098
789	0.073348303	0.0849889984326191
790	0.5492027	0.564212004794792
791	0.282260097	0.144115937648198
792	21.71390472	12.018101540287
793	3.18539224	11.6268734141557
794	0.073019858	0.122320920583333
795	0.14506621	0.311154630666667
796	7.55459156	6.75637501944298
797	0.187183606	0.314808674865789
798	0.049441755	0.110547401902703
799	0.064494763	0.0805644248217094
800	0.087205822	0.107548145691228
801	0.70353469	1.95800061330598
802	0.257327416	0.202752921759167
803	0.163759807	0.173586517381351
804	0.037597472	0.0861897312304825
805	5.50324116	8.28276719198964
806	0.1204964	0.176444385542517
807	9.97671869	6.20443768069476
808	0.061161441	0.104824165188235
809	0.17174248	0.287024446360606
810	0.247853995	0.203314323589493
811	0.81893682	2.69277125242667
812	16.71763273	22.1220246963111
813	0.05399242	0.0889685436382353
814	0.078389747	0.125722583918919
815	0.22499564	0.223882731662319
816	6.37114687	2.49544078347794
817	10.28359021	6.98389559628492
818	2.6722533	2.78436831342949
819	11.45825878	11.6076904480516
820	0.049390752	0.0991765200212644
821	0.66367623	1.00080355510074
822	0.051741975	0.0903193030672222
823	0.074937835	0.192570881346094
824	8.778989814	8.47183110176029
825	5.49441036	5.80826486902992
826	0.198882274	0.644284487377928
827	0.047887472	0.0692829892701075
828	0.257672307	0.0857317907365686
829	4.11977664	5.91066778017647
830	0.47306299	0.590088420961111
831	0.056525186	0.0921557758277778
832	0.4692807	0.236458374895946
833	6.24043283	4.8964748833435
834	19.41626396	14.4756777805296
835	0.092893079	0.216271936849583
836	3.253335734	3.98497483391491
837	1.332501525	2.29215729291429
838	0.419477534	0.268394649346667
839	0.055952492	0.21579159442906
840	0.95043357	0.979458785349549
841	0.3075995	0.4688957793125
842	0.39081571	0.657841856911789
843	0.1873544	0.136985108305108
844	1.01772496	0.938022164003788
845	0.064592397	0.158957800454701
846	0.50695319	0.524998477629412
847	0.70687297	1.61002719125926
848	0.092440756	0.116897197482143
849	0.21221136	0.363402682388889
850	0.84604821	0.624076675687838
851	8.53636703	8.68469435595853
852	0.059415885	0.0884935001748062
853	11.38524928	12.280001208218
854	0.070576796	0.103103293927778
855	0.949111305	0.62078833050381
856	6.871137	5.4003747215812
857	0.02984264	0.15547401034596
858	0.0360912365	0.0702056614255238
859	0.10143911	0.10875443941875
860	4.0586645	5.09472759406838
861	4.3506402	5.84739723918333
862	0.26168049	0.57305322688
863	1.5977107	1.18822670791667
864	0.35635005	0.793309620165873
865	0.842339766	1.21965299536126
866	3.5339316	3.38386295686869
867	0.088368889	0.145570080911905
868	0.147405554	0.0948349202483333
869	14.46468236	14.8108694464915
870	0.105530788	0.207650129038776
871	0.42590201	2.35405131315321
872	0.4696048	0.32135475149693
873	0.147423806	0.433236662171759
874	0.18046731	0.295092344024748
875	0.386605275	0.206782823387708
876	1.82989174	3.11308304207576
877	0.183879642	0.393140507923077
878	7.5024389	4.89740053275238
879	0.54357122	0.386980865955556
880	8.3652617	6.97662721677143
881	5.03491734	6.69708481861261
882	0.27893778	0.56869072341886
883	0.6298994	1.3190595975625
884	0.040442906	0.101711039687121
885	0.168490666	0.0899958834150406
886	17.01676352	14.3042836752796
887	0.23040843	0.239462340520312
888	0.171263748	0.216283629113333
889	0.080623066	0.124993204892568
890	12.3631609	11.0933644558217
891	0.057234993	0.107739876513492
892	0.0279367	0.0851807953336487
893	0.117934774	0.0996110698161404
894	0.44296126	1.10408957328774
895	0.06372777	0.0883857208690171
896	0.97626605	0.510512606779524
897	0.83452689	1.34221719397475
898	0.33407278	0.824049263507619
899	0.75169553	0.45240002300644
900	19.52676619	17.8068155569865
901	0.03617176	0.0824082707271429
902	0.075100806	0.256375745917117
903	0.091361657	0.460271702067886
904	5.8342584	3.81976771201351
905	0.058450305	0.12694047194697
906	0.067586352	0.0728948374197748
907	8.66371786	9.50331350187571
908	0.747903096	0.67654725192037
909	0.324180776	0.27786144552402
910	0.227476544	0.134041727466162
911	3.81571848	3.36994927079394
912	0.28388514	0.976403226691667
913	0.129320152	0.102085364855318
914	0.032324061	0.0744762596451042
915	0.036654688	0.0879009224887681
916	7.25148338	7.99403695691111
917	7.2504708	6.07728094440351
918	0.17116098	0.29062264528254
919	6.5456699	4.36952272398572
920	0.34551928	0.82065237238442
921	0.11319043	0.649609527672381
922	0.030619372	0.0800202077193254
923	0.095763322	0.154931524358571
924	0.025813759	0.081940775333688
925	0.1419606973	0.174040497563803
926	0.251544725	0.469708841735897
927	12.29410967	11.8302838534126
928	0.0764456405	0.0881754594218391
929	2.0584998	2.41346642394571
930	16.32174437	9.51747312011937
931	0.87212026	0.433783800668229
932	0.038063499	0.0829155375175379
933	0.103606356	0.669398510897143
934	17.3767824	12.4056680984928
935	0.61357157	2.05267269202222
936	0.78868357	0.336416776359524
937	0.100289704	0.14043427273421
938	0.05700963	0.140153255835905
939	0.149618882	0.138263102072807
940	0.574848906	0.201179107829902
941	0.064995637	0.0648627536758943
942	0.177647781	0.190220231734234
943	0.194484394	0.231382608257353
944	0.054127229	0.116479905135714
945	12.652931	12.6312231689222
946	0.07926878	0.260586423187037
947	0.51158639	0.468530605026344
948	0.057790497	0.0747157341702032
949	0.134913518	0.127018005924444
950	0.112313682	0.09294162487125
951	0.425515387	0.289638079357353
952	0.240964517	0.287130964204878
953	0.366094094	0.602717400328968
954	0.76847949	6.98154884345076
955	0.35334726	0.163452486521667
956	0.044148317	0.17784102977043
957	0.331124277	0.0710505496295833
958	0.031771318	0.0847369119440351
959	0.18249449	0.200183104063492
960	0.27579434	1.03944224396318
961	0.159005775	0.202406394835294
962	3.4018441	2.03776346895161
963	2.44921855	3.7901534338421
964	15.63107873	14.9623691545586
965	0.093613764	0.116256316050714
966	0.19288309	0.134915341478283
967	0.037439185	0.0798778569410256
968	0.049037576	0.0757374694331301
969	5.71076676	8.1560921557123
970	2.592355515	1.0726755669586
971	14.01168907	14.7156458392616
972	1.18437944	2.68735635710294
973	0.220488378	0.0854474929260527
974	0.29910196	0.661057765267593
975	0.167094027	0.18010164255
976	0.116474423	0.136714334260526
977	0.13520257	0.113765808409333
978	0.142718684	0.113119275205263
979	0.73653191	0.514667115563675
980	0.11085242	0.473159741471265
981	9.65454845	14.3210473551274
982	0.026993248	0.0795033046896397
983	0.4603388	1.10252838097973
984	1.57729169	4.23592516095055
985	10.3720445	5.03760237320614
986	0.049988514	0.269271790778095
987	0.2509284	0.496311868378369
988	10.5509333	8.58952862115447
989	0.074406693	0.0792183205002252
990	0.59445418	1.63950974608943
991	0.56333454	0.532679004967708
992	0.080907714	0.11575094577375
993	0.08783282	0.279607887923333
994	5.2862746	5.5684471640921
995	1.50440195	3.65389213018182
996	0.75905535	0.960394314065741
997	0.27371493	0.483760735165152
998	1.04513152	1.17366337793095
999	0.072377054	0.181242218441453
1000	0.74688344	1.09297618148333
1001	1.74480063	2.38320901563636
1002	0.359330976	0.612029772390741
1003	0.070187385	0.099236728888172
1004	0.45765983	0.810220124598958
1005	12.70651746	10.2524373356828
1006	0.0220689456	0.0662963404511364
1007	0.17377998	0.310138703837879
1008	2.51065393	2.3411021362093
1009	1.8854682	2.64118902273295
1010	0.276885875	0.425970594138384
1011	0.128473567	0.0965918678882184
1012	0.205519064	0.341696219485058
1013	0.032315062	0.0836062726166666
1014	5.6300755	5.84290207437387
1015	0.037142534	0.0879328007117188
1016	1.7095271	1.98482257481746
1017	2.7868162	3.26881649152033
1018	0.25421095	0.621604158573864
1019	0.42728713	0.53631315643254
1020	11.50884093	11.2539584175853
1021	7.69326479	5.53489200400076
1022	0.0424696045	0.108906153148902
1023	0.159941098	0.622009755152526
1024	14.39813104	11.4768777297654
1025	12.4007522	12.4531320813788
1026	9.292995746	7.01481261119324
1027	0.32586913	0.898684466496774
1028	0.392946322	0.378693627267708
1029	0.888269274	0.442646148516936
1030	0.0861238614	0.0843277155841442
1031	0.146974768	0.444447208380392
1032	0.030555912	0.0783737826945238
1033	3.2196169	5.36728471747059
1034	0.037174845	0.089417313233114
1035	0.16104708	0.130057841697368
1036	0.080192041	0.245954809814762
1037	1.11509473	3.11566952846774
1038	0.116492838	0.0978868922322727
1039	0.106570646	0.229314561974286
1040	9.0418465	8.75148457021491
1041	0.833115169	0.147118053234649
1042	0.1496433	0.557137035242187
1043	0.119525278	0.147398607424145
1044	9.7436848	8.0432664820202
1045	0.097816273	0.201366142572549
1046	0.092687592	0.512352551841176
1047	3.65508224	4.8475094036
1048	0.223629026	0.146378713917619
1049	0.123011849	0.197434908124359
1050	0.106965724	1.04718142546585
1051	1.4984562	1.98890600794574
1052	7.03955656	6.21382787463784
1053	2.7159239	3.48956630949369
1054	0.0623498	0.126074978178095
1055	0.6734001	1.03776568755263
1056	1.709843405	1.63426557151615
1057	15.03454229	15.5991768295707
1058	0.0963367	0.0744163597251587
1059	2.7435133	5.82425441062105
1060	0.08503731	0.167437376591204
1061	14.05960576	7.59525629120202
1062	3.71520954	4.20567935076068
1063	0.383345774	0.552395494685135
1064	0.169979646	0.0957146649547917
1065	0.42026215	0.539753283113964
1066	4.9619149	3.47055387644444
1067	0.8267871	2.74351844333333
1068	0.90138119	0.930660753968254
1069	0.101322047	0.0955776524971491
1070	0.12360078	0.100252313403376
1071	0.087650459	0.175988108869608
1072	0.02196495	0.0594530785045614
1073	0.60843565	1.12484123920784
1074	0.129039925	0.284310091116667
1075	7.84492304	7.29509504699899
1076	0.054011462	0.10646857616748
1077	0.087063059	0.0864417511535088
1078	0.27506266	0.377403003617544
1079	0.069745379	0.255627260262602
1080	0.142542292	0.144405158803556
1081	0.726946756	0.353209234656373
1082	0.084985005	0.311802853802564
1083	0.49065392	1.23587420801496
1084	2.8888971	1.94760113183434
1085	0.055052584	0.113378226597072
1086	0.331562566	1.09790753549815
1087	6.9591581	7.12702876990125
1088	1.22857848	0.704270941687037
1089	0.067140846	0.102839372238529
1090	4.149550974	3.59030016778524
1091	1.0913443	1.12764770808116
1092	0.039857043	0.367042236141304
1093	3.70572075	3.44553354468376
1094	0.12068953	0.154226846877928
1095	0.199352268	0.104539715432868
1096	0.33237418	0.480213130129078
1097	3.09468604	1.71020897468939
1098	0.069772838	0.0947359073613964
1099	11.52112405	12.6525041679657
1100	0.047635371	0.124343170025556
1101	1.15862994	1.40514944488021
1102	14.22707823	13.4253538406167
1103	2.34896366	1.04151859852083
1104	16.69465453	15.4262735929035
1105	0.198412534	0.292765070188596
1106	1.09133524	1.17366496334722
1107	0.380352908	0.205843303038889
1108	0.087594093	0.11172692859126
1109	0.279927008	0.173558181621569
1110	0.068071969	0.113300462564815
1111	0.41620324	0.273785764493202
1112	0.05780511	0.0735773053556373
1113	0.67952924	0.555119291716239
1114	8.06661726	7.46957725170721
1115	0.074239959	0.0913678645112069
1116	0.229404365	0.377360323872917
1117	0.224714715	0.0809036035255556
1118	6.6463813	6.49129946493939
1119	4.70384517	4.64481982819445
1120	0.13538393	0.251844106463636
1121	1.54567685	0.692852154642461
1122	3.35169097	2.38542689012281
1123	0.11563355	0.15709985126124
1124	0.60148709	1.17611843512719
1125	0.2743787	0.919075037288618
1126	0.193290584	0.244399456862613
1127	0.39021548	0.957250662367037
1128	6.81811194	5.81794489851961
1129	1.4963013	1.85501229664414
1130	9.72488514	9.5994631741125
1131	4.1472492	9.04154650320614
1132	21.94702507	18.6018019854427
1133	0.67308283	1.08195074339286
1134	8.75062525	7.6366829799881
1135	0.188775509	0.115443893591974
1136	7.18352844	7.31994812371875
1137	0.053144299	0.116999699435354
1138	0.058653619	0.154520925099573
1139	0.70158505	0.579466578345455
1140	0.114669925	0.126865085985833
1141	0.13334246	0.183292533894048
1142	0.077766657	0.266836581544017
1143	7.1158193	8.10270530040404
1144	0.5024904	1.10505191740541
1145	0.80007024	1.84574509421138
1146	9.40071977	14.3204349565167
1147	5.095366943	3.70273124188291
1148	0.034357842	0.060285042673913
1149	0.17213999	0.1705610755125
1150	0.10235845	0.116181269220952
1151	0.61391946	1.34830221895714
1152	0.240031895	0.522582351089474
1153	0.072148362	0.0736932334021825
1154	0.140062395	0.439460781104825
1155	0.104363422	0.437970614364103
1156	0.100372676	0.251924215224324
1157	1.92377255	2.57912688477273
1158	4.1367248	7.71779562866072
1159	0.059242504	0.151305387465676
1160	2.48389704	2.85675947558537
1161	1.338909593	0.487974543525556
1162	1.16426165	1.4535904195557
1163	14.56319525	13.1410345834654
1164	2.5446183	3.24084818843162
1165	9.65538948	13.8252899923214
1166	0.042699825	0.165457513143162
1167	1.6565845	0.681253321388889
1168	0.14271215	0.346878464556061
1169	0.39688297	0.349616410036458
1170	9.69280146	7.44712076941905
1171	0.2790502	0.502291210187963
1172	0.053817958	0.174079660537179
1173	0.32777369	0.288667591977928
1174	0.077844182	0.154368808900833
1175	0.045891337	0.0886147793597549
1176	3.19691245	1.79243419191937
1177	0.15074938	0.0810708784436869
1178	0.21282327	0.355508960510569
1179	0.347862284	0.302337662442636
1180	0.036581491	0.130501970369079
1181	0.31928459	0.541830461842342
1182	0.142492652	0.330704791364445
1183	16.96696784	11.9443533279238
1184	10.51277506	9.56202269410762
1185	3.39756612	1.70523521045603
1186	0.53989926	0.477273562618333
1187	0.05931239	0.106710675977027
1188	0.217074685	0.365923241648039
1189	0.091902663	0.13743625787043
1190	3.44572147	7.64046971194892
1191	1.61710924	9.807250204026
1192	2.981051536	3.64151748898167
1193	0.40071629	0.683395160897059
1194	0.027954321	0.0593478720216667
1195	1.61838536	4.21128630013248
1196	2.47192347	3.53519668619608
1197	0.36767323	0.402434774792793
1198	0.17587891	0.35701854118381
1199	2.930146	3.13718717569298
1200	3.06597872	2.43480669658148
1201	0.94526979	1.15766161367892
1202	0.148486376	0.460750094734091
1203	0.103347833	0.0918403151528455
1204	0.12311571	0.65808476863374
1205	8.87900703	10.9659440863399
1206	0.112172634	0.0633177768788618
1207	0.157286768	0.072306446790404
1208	7.00387846	5.11438743047561
1209	0.045519963	0.129474653145714
1210	6.37393376	6.59584453739487
1211	0.495840195	0.470051553775758
1212	9.6328	9.45769009805285
1213	2.05408631	1.68148995613699
1214	0.093923727	0.106988211278431
1215	0.204945007	0.402694885560606
1216	0.16550075	0.279927688183333
1217	1.80430433	3.25818101872917
1218	6.45907683	3.9644465660921
1219	0.035906337	0.219752675694583
1220	0.39290119	1.14871774996354
1221	0.060004596	0.126810682534959
1222	0.62789354	0.840859676948611
1223	0.0938619	0.152841857398571
1224	5.59885465	5.06410522507689
1225	0.99732152	2.26307593543333
1226	6.9355747	6.45006981446552
1227	0.038976101	0.114983703342523
1228	0.146286594	0.195080526338889
1229	0.103970968	0.252364064860465
1230	1.431806083	0.949545052244908
1231	1.11894494	0.651867592292342
1232	4.353131	5.79179883702564
1233	1.627231252	0.870985438061364
1234	0.185448126	0.117723522898817
1235	0.191586196	0.291174548834667
1236	0.063392776	0.0713291146763889
1237	0.20742102	0.284597658666667
1238	0.113982714	0.101382313426754
1239	0.137247548	0.0913781254430851
1240	0.14571907	0.261245436118469
1241	0.412257916	0.885752702838384
1242	0.063068207	0.274131217634896
1243	0.104223779	0.121653170472396
1244	0.170399433	0.12062172805754
1245	6.79522987	5.21229873017647
1246	0.13062887	0.14365472883
1247	10.9199823	7.73428294084583
1248	10.09878971	12.1369173277151
1249	0.13156656	0.105444996074786
1250	1.428878615	0.436966370708333
1251	20.19189538	15.8074626318876
1252	0.091130651	0.318278826976263
1253	0.290018156	0.925459771059444
1254	1.23460409	1.2575940213625
1255	9.4457355	9.34427948337037
1256	2.8030652	2.49804617688982
1257	4.1003166	4.18098778786765
1258	0.43059074	0.572062562964379
1259	0.145198598	0.119174993215
1260	0.030523242	0.102895843236932
1261	1.28845213	1.57299328728788
1262	0.138091552	0.373304712197863
1263	0.087477453	0.118744728492929
1264	1.0563618	1.01545964314573
1265	5.39127457	9.41215038657408
1266	0.177467119	0.108259005696053
1267	0.215200916	0.53596255990101
1268	0.17181671	0.271308485487356
1269	0.25267407	0.16665222135303
1270	13.07004469	12.9330724215663
1271	0.177513548	0.215884199003125
1272	0.040793585	0.120563380918182
1273	6.4664139	5.79596069708572
1274	0.64380235	0.920720849175185
1275	7.8387764	10.7750802404829
1276	4.20666949	3.15001620254487
1277	6.2693274	7.66920035237931
1278	0.41869424	0.712582726379412
1279	0.36992685	0.839489119751282
1280	0.16265887	0.24381059734537
1281	4.3898776	5.07331786444271
1282	0.044595601	0.0722886203509804
1283	0.242562406	0.513533497792593
1284	0.0216918333	0.0863444881029924
1285	0.43508738	0.807898418992983
1286	11.05137725	10.8661538558333
1287	0.080688997	0.186339722133571
1288	0.389540146	0.10668845049381
1289	0.060055202	0.186801983873542
1290	6.2638344	7.20542996272727
1291	0.097605403	0.153441401518391
1292	0.035377281	0.128261522440323
1293	9.0996807	8.34752345415517
1294	0.06268864	0.0902937516494872
1295	7.39731074	5.85257462527941
1296	0.189533216	0.288072953297297
1297	10.36648035	10.4203858949491
1298	0.55909236	0.503613866013675
1299	13.43069494	11.3252830585919
1300	0.139526907	0.234822167974138
1301	0.08101006	0.095874131633125
1302	0.56527496	0.605738410838562
1303	1.04797993	2.16899786831618
1304	0.046392474	0.108880733010714
1305	1.96408234	2.55476070211111
1306	0.968386045	1.12661732902
1307	0.60840392	1.35955078870085
1308	0.37150176	0.191419593370098
1309	16.88795677	11.739418021675
1310	0.429675685	0.886894399180894
1311	3.114470236	4.99199418966496
1312	2.6857461	2.47475120335417
1313	0.045418288	0.0989094672463178
1314	0.28092811	0.255745814916176
1315	1.305807338	0.326577370614634
1316	0.672695244	0.41251228111619
1317	9.9739041	6.48570721986458
1318	0.656237844	0.734365090083824
1319	0.4182669	0.678705493288571
1320	0.094585128	0.260881655398684
1321	17.94406302	16.7870071439815
1322	0.42889006	1.23630096207083
1323	5.0072682	5.99830473808333
1324	0.52897209	0.422256363737387
1325	0.116988377	0.219417674842636
1326	0.137454428	0.132316291523759
1327	1.07394794	2.4719421042581
1328	0.22627373	1.54366518617692
1329	0.033999929	0.062002961203125
1330	0.099256918	0.17731297379798
1331	0.102587196	0.244804808581818
1332	1.32579495	1.46973572900766
1333	12.13388293	11.7276603783444
1334	4.7557115	2.87359730355285
1335	1.0611298	0.854611361851961
1336	1.0007409	1.30805520290952
1337	0.077038116	0.125580511317143
1338	0.073766884	0.15303252525
1339	0.072347209	0.113711326487209
1340	0.071539777	0.0978863550747126
1341	14.04297464	12.5396904228519
1342	8.2236666	8.02546215482456
1343	0.130045824	0.230494659907207
1344	0.05074001	0.26166691779375
1345	0.050223239	0.101803718726768
1346	0.049830182	0.117300470475794
1347	0.173549212	0.0792555780222917
1348	0.070406752	0.0705648702378948
1349	18.16635442	18.9845539444306
1350	0.031411049	0.0970221038300813
1351	13.58576272	11.4820623557149
1352	0.601890635	1.73870882246202
1353	0.7328914	0.720558561060976
1354	0.115475651	0.164852945925882
1355	2.84101643	6.76439516682927
1356	0.570129222	0.483231197773438
1357	0.162713635	0.276237491138288
1358	13.33179314	8.46762965723421
1359	1.11810411	0.737260437652604
1360	2.14880414	2.81708425717857
1361	0.170734507	0.231067907802688
1362	0.046592322	0.10386734991875
1363	4.2527187	1.79227028258333
1364	1.55625738	1.0102333575162
1365	14.4356558	13.4022982650568
1366	0.233645376	0.27456992552625
1367	0.064731855	0.229503903572222
1368	0.35148136	0.230465286824242
1369	0.102098983	0.10647160484
1370	4.04108956	9.45635733004444
1371	1.17802659	2.93508550641667
1372	0.038125783	0.111645402296726
1373	0.78150934	1.8959860210303
1374	13.4029776	14.0032149315
1375	0.110197644	0.205087017579798
1376	8.50781423	8.59381645430808
1377	5.2550897	4.74540632476577
1378	0.33257277	0.415127558066288
1379	0.070514796	0.111839975953378
1380	0.188868987	0.115889711318981
1381	5.06147033	6.29654160403441
1382	0.13017097	0.111688468455946
1383	0.32660133	0.30807511349065
1384	0.082068219	0.492969496783333
1385	0.072686964	0.0727916034978205
1386	1.32114408	0.903125873228161
1387	18.46480805	21.1450115909274
1388	0.407458906	0.158864229553846
1389	1.00015204	0.97123714375
1390	0.100444615	0.263616846093982
1391	0.045493162	0.060039216718125
1392	0.57255883	0.617232776687963
1393	0.194889963	0.153623324146465
1394	0.1728298	0.551607531133871
1395	0.61025993	0.983800324310811
1396	0.196574707	0.826406975979487
1397	5.0655676	6.12550127206548
1398	0.57241909	0.604634530984127
1399	4.70211817	4.12710446144595
1400	0.084035459	0.240261999163726
1401	1.7720707	3.64552304794253
1402	0.083689062	0.129740981765873
1403	0.49136227	0.83727549909804
1404	0.61123007	1.18136935741207
1405	12.77732672	14.5172515222851
1406	0.18275256	0.417902167187938
1407	2.66441469	4.96871794019255
1408	0.053757	0.169223908277037
1409	0.61425693	0.434212329846667
1410	0.35119126	0.138589351415351
1411	0.110512957	0.154714584744048
1412	0.8712555	0.302929538854365
1413	0.081156108	0.199325952682843
1414	0.58224099	1.21485414154902
1415	0.35576448	0.363662279537963
1416	9.652568094	7.88666823658472
1417	3.3182106	2.39637323462255
1418	0.13659541	0.123775798839035
1419	0.73292149	0.692388082794762
1420	0.52922953	0.670464405692248
1421	0.225193884	0.145638436849147
1422	12.32329191	7.84818092328829
1423	0.076395436	0.0809057611373984
1424	0.144633236	0.0808494614324786
1425	0.082719282	0.233730009735606
1426	0.19454457	0.143761691861789
1427	18.88126245	13.95033298025
1428	1.719211097	0.396366599019658
1429	0.5134213	0.62894777385
1430	0.071873637	0.0999390623589431
1431	6.160521805	5.7425808991256
1432	0.54201879	0.553133089916092
1433	0.512166885	0.604056593430952
1434	0.065229875	0.155059511136325
1435	0.082875155	0.103562945254414
1436	5.92477938	6.75026054197353
1437	0.99208267	1.05118976565404
1438	0.106980084	0.296316714273016
1439	0.050291425	0.151530694025595
1440	5.088317684	4.79518014330417
1441	0.139836667	0.115553651440404
1442	0.229318282	0.747717461625981
1443	9.90114116	12.9887198218889
1444	0.25333385	0.16514881002439
1445	0.061029454	0.245782118393798
1446	10.42269467	10.7447775133694
1447	2.1363398	1.95976756833333
1448	0.101435385	0.125788426080556
1449	0.217813006	0.635828831248039
1450	3.368581686	3.11536124309487
1451	1.09983594	0.562467684304054
1452	7.596592004	6.54661075084123
1453	0.228682965	0.108103141653646
1454	0.244745064	0.218898079092647
1455	0.071629822	0.133143078682197
1456	0.26704486	0.147794912615657
1457	1.64154543	2.86155476878922
1458	0.42497129	2.29421941657632
1459	0.035537817	0.0947132175039474
1460	11.8052242	9.51345666988372
1461	5.54704246	3.25748183468684
1462	0.76524556	1.04058071883761
1463	0.52462034	0.622091871252252
1464	0.183326717	0.253043103685088
1465	2.4227715	1.66392332696825
1466	0.039062606	0.0904573124966667
1467	5.2659682	5.98603481878509
1468	0.061342708	0.244742644965152
1469	1.6928729	3.54966098622059
1470	0.053607529	0.0927980440352381
1471	1.7389162	3.01126425611966
1472	4.67900411	4.41235278751857
1473	0.62395405	0.21523311002
1474	0.25874224	0.135560561325758
1475	0.097579569	0.0984207756503922
1476	0.08894157	0.0996046745410853
1477	5.2962914	5.12864937209444
1478	0.308012108	0.125882721633796
1479	6.577891215	4.99028258451447
1480	0.35673813	1.98560583943288
1481	0.26877181	0.883436875088095
1482	0.0406882805	0.0816095033098958
1483	0.423695685	0.58116005032353
1484	6.47403285	13.9182309710196
1485	0.052941632	0.756093878347287
1486	0.46401685	1.9713560115463
1487	0.030807619	0.0630015330819048
1488	0.18869385	0.256202414467143
1489	0.060646043	0.179090336207895
1490	0.250122957	0.599135928784946
1491	0.394324856	1.21070420316667
1492	5.49876963	7.86930096606757
1493	0.21711301	0.275815872463821
1494	0.41830552	0.452996551139167
1495	0.0402169	0.0811302330923737
1496	0.77500471	1.12578155682759
1497	6.5375243	3.58698413996581
1498	10.4190989	12.5329980283739
1499	0.83388359	2.35636610997143
1500	0.66334566	0.680460670265152
1501	0.164525526	0.0757730378393333
1502	0.032666312	0.0593591088325758
1503	0.240173634	0.295327908989394
1504	0.035481339	0.0770351236729167
1505	0.26578829	0.563818477151905
1506	1.09505604	2.46634393878378
1507	3.48631688	3.6214426225202
1508	0.093694472	0.0962809970689815
1509	0.113171145	0.244289318089912
1510	0.132607153	0.146133564834946
1511	0.12229031	0.149508831094595
1512	16.3912757	13.0806251948009
1513	0.048827493	0.112840350918376
1514	0.051505532	0.0871061747658333
1515	0.158870429	0.239598642755417
1516	0.165664912	0.678762233114706
1517	0.080101937	0.179463489169118
1518	0.40567346	0.141610501397967
1519	0.057612464	0.118219735223611
1520	0.053846931	0.170745111477381
1521	0.073464743	0.482572417723504
1522	0.100570594	0.113895597266473
1523	0.21263542	0.151303854117172
1524	0.110480961	0.210865977853704
1525	10.8954074	9.27955415852032
1526	0.196385693	0.178072342027143
1527	0.523436907	0.36421260384125
1528	0.088521603	0.0809801061089584
1529	0.030629915	0.21541901491828
1530	0.056486548	0.0585739216084762
1531	0.084990215	0.545933838115079
1532	0.168944273	0.250113057407813
1533	6.28969364	5.01818650594111
1534	0.134724209	0.0926546801885417
1535	0.260665505	0.163682085642029
1536	0.060002915	0.0987470076137931
1537	0.07378467	0.111596394160417
1538	0.218722448	0.142856596935965
1539	23.99424224	18.0084443131154
1540	0.55295619	0.481515443114286
1541	0.074042135	0.131250490782764
1542	4.7547271	5.00191892123413
1543	1.04329471	0.828156986170732
1544	0.128109096	0.107244014818333
1545	0.15056936	0.188756352648529
1546	0.141971508	0.103770767979028
1547	1.070754374	2.71354404004286
1548	0.206031946	0.191968019307937
1549	18.71060946	20.2661955723291
1550	0.092642034	0.0792796073133333
1551	0.12172085	0.230528359553472
1552	0.57763347	1.27371278277658
1553	7.13951098	7.0206369323375
1554	0.49709503	1.38001447009167
1555	0.337509576	0.445579731172072
1556	6.85306775	7.4358735541328
1557	2.7845003	3.24933461357018
1558	20.66535265	16.2590167674775
1559	0.22626172	0.301556936854167
1560	0.063812545	0.12667396376553
1561	4.131266242	3.32429381602561
1562	8.83531903	12.3424853049329
1563	20.25650022	17.6631780157105
1564	3.91944644	5.83387429279908
1565	6.5190865	9.06823495786585
1566	0.32875257	0.293246207581771
1567	0.053611063	0.100167133746078
1568	0.070926516	0.0857356074211539
1569	2.10435866	6.82858369758559
1570	0.084521372	0.144602151948889
1571	0.18932056	0.213368583739535
1572	0.125158513	0.250234165572072
1573	0.048300515	0.216272171400397
1574	0.153753023	0.125337321705303
1575	7.28052277	4.83321923460569
1576	18.21358082	14.3204590309095
1577	0.049935703	0.102755874715238
1578	0.114313583	0.262220667771053
1579	0.37562884	1.05725378692905
1580	1.03328347	2.49809273387607
1581	0.043363918	0.111414952917708
1582	2.9890455	4.08875172404762
1583	0.045010077	0.283756282506838
1584	11.6738918	5.14351704223333
1585	0.110494686	0.189377774175
1586	0.75561783	0.982003827584314
1587	3.90073799	7.91027550574608
1588	0.103424125	0.115920305895952
1589	0.18059687	0.230646220794624
1590	0.060926339	0.159552172782456
1591	0.42866083	2.38912467786232
1592	0.072789471	0.089382723325
1593	0.260708975	1.15105472225045
1594	2.1940764	2.41686342672381
1595	0.098379322	0.309079366002703
1596	5.848999002	5.24489420106065
1597	0.59221732	1.1813973041201
1598	0.114936683	0.174564592324561
1599	0.028161971	0.0971957419211539
1600	5.4479965	2.44370443185191
1601	0.17875833	0.415528511756306
1602	3.325980752	2.06363690485667
1603	0.094239368	0.147171564355741
1604	0.52174058	1.65232363535784
1605	0.059743786	0.134662134126754
1606	0.26283679	0.346735904999405
1607	0.4779059	0.525912612607895
1608	1.02042301	2.44802568114103
1609	0.3839786	0.265364809130208
1610	2.568188563	2.10225763709318
1611	0.343415555	0.214907215772072
1612	0.136984646	0.0935489301796053
1613	5.21938102	7.49732805025833
1614	1.27459201	2.43007829172522
1615	0.066582807	0.182513072592105
1616	0.071180104	0.124047280866092
1617	8.5279069	6.71172655415657
1618	8.37811792	9.82511648477143
1619	0.40043584	0.883700014187387
1620	0.177940714	0.32870807359009
1621	0.134365635	0.105170040118817
1622	0.149420486	0.455251859813441
1623	0.091074755	0.138342935464646
1624	1.92364616	3.60086518175463
1625	0.456242394	0.192350002170952
1626	0.57027997	0.359006491068229
1627	0.037349352	0.0920260971947619
1628	14.53256238	17.5335537009868
1629	0.26443626	0.349602592894841
1630	0.140632618	0.12316443560496
1631	1.06151827	2.83661939684917
1632	0.05940979	0.112822356314141
1633	0.47039536	0.306711714585317
1634	0.108417242	0.202047861734115
1635	0.46086638	0.804442694452703
1636	0.244802585	0.382277207246053
1637	0.42353772	0.881275099804545
1638	0.25123952	0.303770579244444
1639	0.083799805	0.0830036009362745
1640	5.39194199	11.9165595503821
1641	16.40525487	17.7576439944167
1642	0.20637485	1.11095907612667
1643	0.41958144	0.463112510005238
1644	6.8143195	6.89048619804583
1645	5.8940697	3.69475022973333
1646	0.067697436	0.250473828435417
1647	0.053607568	0.107993210876282
1648	0.125739188	0.135984733122917
1649	0.094454684	0.183661653424359
1650	4.2479012	4.17365114817544
1651	7.06696	5.59013810097143
1652	0.257641597	0.219363478347287
1653	0.104596886	0.134532194995588
1654	0.084204828	0.0998644765298889
1655	0.08446091	0.128506759700463
1656	0.13834302	0.198773565602381
1657	1.9408522	1.72858694722222
1658	0.379922354	0.096852338524031
1659	0.152687873	0.1359598883
1660	0.029864577	0.131792872846368
1661	0.054984289	0.0782809104174479
1662	1.35302273	3.04688059855714
1663	0.50820211	0.382568080540417
1664	0.081120722	0.0744814498354167
1665	9.87578483	9.5743648348373
1666	2.17026046	0.614811898729915
1667	0.09636917	0.153888138707143
1668	10.52892591	8.10703602229444
1669	1.7680263	2.33675247404412
1670	2.02289393	1.80025665407117
1671	0.162789879	0.143595961819369
1672	0.171408726	0.191400147111956
1673	0.153901466	0.239303586213178
1674	3.7846017	4.61836246805051
1675	0.133851719	0.104687961658046
1676	0.038703238	0.156864314529885
1677	1.41009254	4.63128477317387
1678	2.0629111	3.06357055320202
1679	0.204884445	0.194049217806481
1680	0.051480515	0.154291920136958
1681	0.238447766	0.141979281147297
1682	8.08986502	10.7286964312312
1683	0.22448573	0.296743077569369
1684	4.8315091	5.15579800363333
1685	0.859442994	0.495561024404286
1686	1.5914121	3.77266686842636
1687	3.79926916	2.90027330516204
1688	0.2036362	0.18209292030202
1689	0.90347177	2.30556057040404
1690	0.042914966	0.0552247150775238
1691	0.258231791	0.162299214392544
1692	0.048710896	0.0803202501859375
1693	0.669241196	0.216394800569792
1694	0.111167971	0.176651885720635
1695	0.057065282	0.179638231568468
1696	0.162629725	0.158406117228509
1697	0.07987758	0.237925679795588
1698	0.39506036	0.763369448716049
1699	0.5072703	0.624375096582051
1700	4.4772499	4.56084169368182
1701	10.19169223	10.2801129556856
1702	0.63894761	0.982761455740625
1703	0.105654464	0.097034448402963
1704	0.168219735	0.406825569892917
1705	2.00864636	4.68473049482407
1706	0.688500015	2.3893559348114
1707	2.1406167	0.998018063651234
1708	16.4579199	13.902856537594
1709	0.178655925	0.144151969570513
1710	0.122740787	0.121317982324206
1711	0.28483945	1.63016633978952
1712	3.8040573	8.38164804260714
1713	1.90402281	1.59238988995573
1714	0.173067638	0.114897443534234
1715	15.75109567	11.8875738008524
1716	0.106975945	0.189838368324731
1717	0.103309069	0.409331536284286
1718	0.78530148	0.26072396824187
1719	2.42107914	3.75539636835965
1720	0.09562216	0.10992540228125
1721	0.209829745	0.217818795758559
1722	0.33483814	0.577250646052482
1723	0.14130134	0.426184475978431
1724	3.51805835	3.56961198738062
1725	1.27791091	2.5337701267973
1726	5.9868082	6.76175529563021
1727	0.49289516	0.470245599171667
1728	0.364648216	0.218008998847059
1729	0.168975915	0.315805616958081
1730	0.24112679	0.211520862373718
1731	0.140197806	0.696114579880392
1732	0.106394096	0.498564722074806
1733	28.60875926	18.058343451129
1734	0.139362715	0.221587960263889
1735	7.387938994	8.1213926968581
1736	0.145529285	0.610958821465909
1737	0.15678866	0.151362758085784
1738	0.134415498	0.135118695460833
1739	0.20264908	0.225057175545076
1740	2.45462513	2.182412356
1741	0.33306361	0.328718887441429
1742	1.47256285	0.772348464606061
1743	3.8629005	2.64449539540805
1744	0.311489696	0.132996810954825
1745	0.124038988	0.119878854744167
1746	0.053292773	0.0813546870244186
1747	7.34136493	13.0931550931728
1748	1.05940746	2.5239591490018
1749	7.174649	3.26210445444048
1750	0.5020821	1.86673406718468
1751	0.172784314	0.236523868314254
1752	0.10658591	0.231758975328889
1753	7.47490566	6.12427646203229
1754	3.19535726	3.39797637945745
1755	0.15904647	0.0996661537448529
1756	0.375545936	0.532684493878379
1757	2.1146216	2.8323375065101
1758	0.85321062	0.392878364869444
1759	0.91490913	0.856536772943809
1760	11.9128952	9.78645080302439
1761	0.256799254	0.819586059293651
1762	9.2282079	7.79104779254444
1763	0.26548099	0.341991983842391
1764	0.36170401	0.634880400747059
1765	0.40487125	0.294494738027619
1766	0.051083552	0.0997524779440104
1767	1.1440671	1.73967092401569
1768	4.78449972	4.64724328319583
1769	1.14037819	2.4856334820981
1770	5.387848994	7.3330494920027
1771	0.16286113	0.154729784990833
1772	0.502837522	0.220768539167778
1773	5.59327467	2.66780288898796
1774	0.068556151	0.11759040049902
1775	4.527814	3.37244234282479
1776	0.33205205	0.47118095276
1777	3.36922299	3.2014255266763
1778	0.109896179	0.17822931123964
1779	0.097269573	0.442814989185632
1780	0.54332046	0.752132882916304
1781	0.087749168	0.333611427528495
1782	0.121970098	0.0728801865817593
1783	0.113026078	0.212010302033796
1784	0.5288188	1.8148425216625
1785	0.051073034	0.106283264369048
1786	8.267707	7.79321868893411
1787	3.2854547	10.0536579927905
1788	0.043682552	0.314373071469048
1789	0.041020122	0.115207882632326
1790	0.11877024	0.316803384782381
1791	1.09872818	3.54226286022807
1792	0.062086545	0.115830418131482
1793	6.05129804	2.96919566774857
1794	0.128799386	0.113230536442949
1795	22.40449724	15.5056656245054
1796	0.644154246	0.460781646154301
1797	1.12687077	1.83308869795595
1798	0.167105648	0.858024427928947
1799	4.06856363	4.32359237682946
1800	10.44618253	11.1038141770846
1801	0.075728448	0.0889719553590278
1802	0.56732552	0.322339154578369
1803	0.185697304	0.0810596216655092
1804	0.2290231	0.558390083710606
1805	0.53021577	0.764872472770476
1806	9.83355041	9.45754369327536
1807	8.8124478	6.90289346940104
1808	0.94152176	1.02875116264048
1809	0.043883217	0.0648287040805556
1810	0.032510678	0.241557110586487
1811	0.643975635	0.226632840862963
1812	2.47144168	2.0984724178018
1813	6.34385936	5.62926083663441
1814	0.469744447	0.270194256251563
1815	0.03745902	0.0809880704233674
1816	0.215450124	0.165089929214706
1817	0.076281426	0.139203792252299
1818	0.121012531	0.260241666746875
1819	0.11533729	0.153630156279042
1820	3.467514	5.89211229187879
1821	0.055721521	0.100477877210667
1822	0.2120792	0.366378437942857
1823	1.29760984	1.57100565239583
1824	3.25376001	4.82382488193011
1825	0.33180145	0.621499529176852
1826	0.05425538	0.0944442391060416
1827	0.5480971	1.22587514898982
1828	0.091919037	0.207671049308824
1829	4.6645402	13.0508952705741
1830	0.26449206	0.687830675373333
1831	6.8868984	6.44239697061742
1832	2.785442612	2.80275010021622
1833	0.038558144	0.13447884496381
1834	2.7950451	5.04933082854445
1835	0.062443139	0.115504727866129
1836	0.14464083	0.427131370830303
1837	0.196145453	0.438856228884553
1838	0.97527456	1.98889544075194
1839	0.081766708	0.126001361452941
1840	0.21804009	0.127595842098214
1841	13.52322227	9.64227316792162
1842	9.912207145	8.29748708389365
1843	0.25863582	0.203595072722727
1844	7.7378756	7.95506894303704
1845	7.903641006	5.31722198153841
1846	0.062640676	0.146788883182917
1847	0.144882563	0.361267251294762
1848	0.92972767	3.62910886705787
1849	3.86556805	3.21140402175
1850	0.17811499	0.134714777798958
1851	0.075432167	0.148992895948571
1852	0.597620946	0.121044243485465
1853	5.83849163	5.87402413602857
1854	0.113028066	0.0952144494810606
1855	0.26728581	0.236613066096814
1856	0.47343013	1.23222803043137
1857	0.07320641	0.1360904193725
1858	5.7882954	5.84487166939167
1859	0.79215613	1.02439645765357
1860	13.5741466	11.0103862049891
1861	1.43189649	0.799131933823958
1862	0.034399475	0.0605616363080882
1863	0.045923732	0.238823923250952
1864	0.05618897	0.123700891663194
1865	0.066979982	0.118565029885556
1866	0.21871689	0.640603686052564
1867	0.032696168	0.0702611922928571
1868	0.0792314	0.0942234333861905
1869	0.46877698	1.79549841686176
1870	0.037176708	0.0823897933639706
1871	0.156238655	0.123585824233125
1872	0.044517365	0.128465383904054
1873	20.17455289	17.4528400243644
1874	0.28031133	0.755451344692381
1875	17.00029347	15.639707931543
1876	5.31930139	2.89212727244333
1877	0.50914689	0.223083544550813
1878	0.122539377	0.423163382869893
1879	13.26677955	16.2205551177458
1880	0.227725034	0.346880833064583
1881	0.4025041	0.255393914105983
1882	0.253309666	0.410280128292929
1883	2.40544004	1.91815819465873
1884	0.059487793	0.110102579036207
1885	0.16118573	0.160421415001894
1886	0.040714678	0.102981979776583
1887	1.47712807	2.82599070922727
1888	0.41563677	0.668700047142857
1889	0.06077281	0.135844402905
1890	0.114243773	0.0808661181985043
1891	0.232647575	0.127726623246032
1892	0.056704139	0.11278400162631
1893	0.13526155	0.749220094168056
1894	0.701630328	0.951050053461538
1895	0.195123326	0.342491171987879
1896	0.103028946	0.159715167462403
1897	0.54397623	0.486776246206349
1898	0.072344567	0.17171834640505
1899	0.119360964	0.271368516770741
1900	0.63400403	1.33822313332056
1901	0.062563598	0.0797063321366239
1902	0.163439115	0.117349499219444
1903	0.075125346	0.133417159481982
1904	0.311653386	0.319973702421053
1905	6.93093887	8.06596246134496
1906	0.134007775	0.224193417856061
1907	0.046730528	0.119855921771982
1908	11.3271401	8.40567313407708
1909	7.70637991	7.27531711615509
1910	2.665449735	1.51639318255901
1911	0.9184455	1.21708765413148
1912	0.23259624	0.0972624836986487
1913	3.58239696	5.4009486920614
1914	3.570386098	2.75208623282407
1915	0.051945628	0.104999166748788
1916	0.23008437	0.281922961417117
1917	1.06725125	0.910966572870968
1918	0.71372446	1.36438721373684
1919	0.099412814	0.174161952710569
1920	2.67432104	2.65635019184188
1921	9.3188607	7.99034149230232
1922	0.17105828	0.204653895530476
1923	8.098724	7.23905075448958
1924	0.07379303	0.164362678955714
1925	0.22081978	0.258131344010088
1926	9.25707394	10.8482576482448
1927	0.8211694	1.29588642679524
1928	0.203983423	0.183293193744074
1929	0.190137604	0.229565597020952
1930	0.061217105	0.129936572651709
1931	0.47466125	1.35837849241991
1932	0.58358219	1.08088984173434
1933	0.75867423	0.489990302264646
1934	0.153133153	0.100284739005463
1935	0.296635324	0.226191668411667
1936	0.44093044	0.463579403784649
1937	0.176309798	0.0720700095910648
1938	0.037544855	0.110574735915812
1939	0.040034676	0.100848333777604
1940	0.12382022	0.209149819503333
1941	0.81160091	0.658362283271138
1942	6.76795812	9.71276671207286
1943	0.44004893	0.339434484838384
1944	0.25644328	0.561615116897154
1945	0.20001156	0.208837594186667
1946	0.154395356	0.0984079172735714
1947	9.26445535	7.38133451596574
1948	0.8444241	1.96556052065789
1949	0.21165017	0.201522611132432
1950	0.138708054	0.197213813081349
1951	0.087701593	0.141903084119643
1952	0.179525875	0.190109370084583
1953	0.67379579	0.877315161913333
1954	0.050937992	0.0641206054681019
1955	0.48345137	0.860076298438889
1956	0.203629824	0.114557122719767
1957	1.56342797	2.37590898750758
1958	0.09451755	0.195834110342342
1959	5.9605587	4.7332048735614
1960	10.82777264	8.01671452365185
1961	9.0642142	10.7244939519242
1962	0.0806850096	0.0646482408320098
1963	0.10178796	0.153037411736752
1964	0.168875942	1.11960852047778
1965	0.107926713	0.293867764332946
1966	3.3764233	5.21423186652857
1967	6.2321861	4.39707306391453
1968	32.80457196	28.8542049293431
1969	18.84205866	12.8196538532448
1970	1.72635414	2.89185018376389
1971	0.104099097	0.170465267566071
1972	11.5346956	9.38008405556202
1973	1.4221322	2.62736504852222
1974	0.59077453	0.405729173835648
1975	0.12200567	0.251149136980882
1976	16.7593237	9.84195778994253
1977	0.58322353	0.632595943650901
1978	4.56749924	4.12717288100505
1979	1.30886515	1.75782803295614
1980	0.59327829	1.1483978980754
1981	0.109229748	0.143396832057576
1982	0.98836981	0.775639417112281
1983	0.353636364	0.737104032789048
1984	0.101933799	0.108442045297154
1985	0.06516737	0.13807573437957
1986	0.86840102	1.60563837620045
1987	0.147496129	0.0813331179170476
1988	0.48369646	0.914057658217391
1989	0.11529436	0.189125049496364
1990	5.6389357	8.54569246345946
1991	0.080195358	0.281538595185586
1992	0.102997098	0.147078639769375
1993	2.13257063	1.80369795548102
1994	0.078008773	0.390011007219893
1995	0.93073677	1.18480898422083
1996	0.44211553	1.10116116965151
1997	3.60059342	8.61371533208571
1998	0.049320165	0.155808264965657
1999	0.19839604	0.156095027413725
2000	0.092489868	0.225590691708073
2001	0.087440767	0.123937635858889
2002	0.15501392	0.532976399944961
2003	2.45525415	5.08807305663095
2004	0.100688261	0.112086264088566
2005	0.75365159	0.709095120645185
2006	0.38106144	0.917397806318468
2007	22.03301217	8.55874333637931
2008	5.81123927	14.8387602989951
2009	0.16754074	0.183246379261111
2010	0.05327996	0.114545129214922
2011	11.2013897	9.00541833045699
2012	0.03682169	0.093610669332906
2013	0.135199406	0.0620612938745495
2014	4.0225144	3.62218374763636
2015	1.6602205	1.48753903340323
2016	0.37762537	0.604866268041667
2017	9.26665404	10.4175156799412
2018	0.097080698	0.0968739046880159
2019	0.142321226	0.103870296529167
2020	0.27556586	0.220545456504023
2021	0.066718738	0.195027388930108
2022	4.3455946	2.34634033969647
2023	0.19601362	0.965003964189216
2024	0.199226688	0.182630452300463
2025	0.30968264	0.199146354815812
2026	0.1785054	0.163963150108333
2027	0.073575198	0.28351704621748
2028	0.06083055	0.0807197057827381
2029	0.128270594	0.154435436277917
2030	3.2806613	3.07098033625203
2031	0.43162177	0.543416244391667
2032	0.42266278	0.258131411843694
2033	5.3153976	5.5643259195463
2034	0.036052672	0.148284341146847
2035	16.59802782	16.6499340322295
2036	1.03803587	1.72693583149144
2037	0.190910884	0.137896191753192
2038	0.061730944	0.966659360002632
2039	9.2210213	9.53736471769608
2040	0.42048864	0.290093793894086
2041	0.63092598	0.805617764476316
2042	0.86775803	0.552089613369728
2043	0.73838567	0.676245707523932
2044	17.18604078	10.1436766307746
2045	0.241944729	0.134679456733333
2046	0.942764595	0.247723495223413
2047	0.34709466	0.306499759233908
2048	0.29979524	0.245466534489683
2049	0.102374748	0.209960731264706
2050	0.316171596	0.833108278025926
2051	0.0202711684	0.0645024586339506
2052	0.89526146	0.412108147672222
2053	0.080039449	0.163715845696847
2054	0.65991514	1.11021174838095
2055	0.046060058	0.062818152066875
2056	0.126755472	0.135488322655238
2057	0.171124764	0.107993722531296
2058	0.10716078	0.335914030612037
2059	0.49720431	0.654474141696465
2060	11.28816478	13.2518143858895
2061	0.079620113	0.124435668139063
2062	2.56463314	2.18845690440482
2063	0.22065376	0.39544310275641
2064	0.065557677	0.109300290902143
2065	1.14324173	0.768344247607895
2066	0.28618747	0.183883158537656
2067	0.205165442	0.133847833176875
2068	0.068352509	0.0618124907738021
2069	6.12032388	7.73852648926768
2070	0.2869386	0.77431021806748
2071	0.228064924	0.228991258225969
2072	0.05866486	0.26439416675101
2073	0.291576444	0.153307917539394
2074	0.35486601	1.7467583446598
2075	0.21113617	0.130609097291414
2076	0.3616308	0.209872902430851
2077	0.49088783	1.35957631258511
2078	0.36445803	0.292587636446342
2079	2.8500993	3.52213038888384
2080	0.89952317	2.9240413407963
2081	0.66581797	1.67831674724619
2082	0.061571963	0.128446387118103
2083	14.69297124	11.542598073098
2084	0.056812707	0.116355081989048
2085	1.3264166	1.8417139915947
2086	0.103442475	0.195860268809804
2087	0.033891282	0.0595317395416667
2088	0.047933208	0.100066574186616
2089	1.47899916	1.87186553139062
2090	0.041599175	0.104405777444608
2091	0.29693768	0.425088257356667
2092	0.11795347	0.175627773144949
2093	0.0338532775	0.0840240640578704
2094	2.44862282	2.55633219202117
2095	0.13529962	0.193324482429167
2096	0.18454544	0.35107388037647
2097	0.063545177	0.195032160651562
2098	0.107964073	0.197821950901389
2099	0.150130442	0.146929836788426
2100	15.46400125	15.5943975402121
2101	0.053135118	0.0640121914899463
2102	0.06103778	0.103396301274242
2103	0.119777183	0.351689738579915
2104	0.14510887	0.627562120425214
2105	0.130456172	0.242389408559402
2106	0.098597854	0.0870319674777778
2107	0.051275499	0.0944378391252976
2108	0.208079268	0.147589711765891
2109	0.34852577	0.423133659350757
2110	0.053538482	0.10984760073099
2111	10.13371815	9.7530667986636
2112	0.049202291	0.0884649442201754
2113	0.098881319	0.194469382358772
2114	0.03878762	0.140236736999342
2115	0.057317258	0.0992289297575287
2116	0.058504711	0.0826126524959459
2117	0.095474311	0.084886931144381
2118	17.94319247	15.8259269887483
2119	0.112015575	0.248610201317021
2120	0.069481398	0.0780503420434685
2121	0.134425491	0.201215883436325
2122	0.95041583	0.856741459349462
2123	0.11498054	0.184481627451894
2124	2.22177507	1.41243113838739
2125	0.072080754	0.113749237011667
2126	0.8729856	0.563990947109829
2127	17.43083271	14.2436137328565
2128	0.41018452	0.500484567065789
2129	14.12794437	15.6029974550083
2130	0.313214953	0.411112077682432
2131	0.162838775	0.469912544959091
2132	0.039601941	0.119932048059048
2133	0.044862362	0.0767668485768817
2134	0.58039483	0.305922065134344
2135	0.218570045	0.239059765779012
2136	0.029354969	0.0728334646096774
2137	0.110978487	0.19400098371129
2138	0.545501	1.12802495265351
2139	0.31827881	0.432557873863953
2140	0.077162709	0.233464275543982
2141	0.291978873	0.314649731553535
2142	0.062321725	0.129447941680729
2143	1.98670921	3.74565368806143
2144	0.080932003	0.205009532545175
2145	1.26304936	1.02005904070081
2146	1.1172879	0.781644364935897
2147	0.165819656	0.114229615917593
2148	0.10639907	0.226387575598148
2149	0.111199241	0.086768953025
2150	0.441337708	0.221425978981532
2151	6.8153923	5.10715397879167
2152	0.09361969	0.155956194716667
2153	0.708717884	2.93265063211417
2154	0.047129998	0.135267548443333
2155	0.146134553	0.277413546164167
2156	0.43775532	1.08853841855175
2157	0.51700907	0.178922326498246
2158	0.123961106	0.19806125399057
2159	0.301344278	0.430196286769355
2160	10.40943289	7.30971769534265
2161	8.04181056	11.064855286464
2162	0.106776245	0.283787566433333
2163	0.25849374	0.177445622736752
2164	0.60473485	0.561618220794737
2165	0.173888852	0.129445977998148
2166	0.057106189	0.166613973447561
2167	0.087092703	0.0955745555752873
2168	0.043785881	0.119513108778407
2169	0.126919028	0.09353666429625
2170	0.0350429905	0.111872544171842
2171	6.14391611	2.37093070835098
2172	0.258015152	0.152614869980702
2173	0.078927286	0.117755760727778
2174	1.41432423	2.2986110837246
2175	1.24929638	0.789364068409896
2176	0.23134605	0.80640064541453
2177	0.25223269	0.741178621494048
2178	0.056283259	0.0934198582405406
2179	0.0251775515	0.064629290716746
2180	0.68503526	0.660956288516667
2181	0.098831567	0.19877891447234
2182	0.19010235	0.307481567089773
2183	2.2351019	2.33955790852778
2184	0.24285615	0.4498996546325
2185	5.59392	2.62770156981183
2186	0.130882347	0.150071149427419
2187	0.119569843	0.166437115882114
2188	0.24443739	0.134317409564394
2189	0.055652224	0.112530193255556
2190	0.16887684	0.22451228341875
2191	1.6432223	1.74861785636325
2192	0.76018337	1.0832495109881
2193	0.69387931	1.92848005046774
2194	0.98190732	1.771419901
2195	0.15887151	0.511952948641464
2196	1.00045735	1.52055925337281
2197	4.7504891	5.2989640830049
2198	0.473705436	0.527472504778646
2199	6.215973465	4.77361215006912
2200	0.260162886	0.393744311244271
2201	8.809267	8.41110783966026
2202	2.53310128	1.63491981690417
2203	7.54872132	9.99514564610784
2204	2.26205616	2.03141824744211
2205	0.35837515	0.573528471334524
2206	0.120355155	0.629361832817677
2207	3.291597564	4.32986091487185
2208	0.089067527	0.099580517550463
2209	0.060353093	0.091610597533871
2210	0.184622516	0.103999859439815
2211	0.147099495	0.293163327938288
2212	0.098168227	0.192476022666092
2213	10.19275599	8.01156359112941
2214	0.965117778	0.279569225958974
2215	1.23979042	3.69815192309896
2216	0.39241175	0.17294073605625
2217	0.075629577	0.223440141132083
2218	0.96854726	2.20721384834615
2219	10.05928107	9.57867540217901
2220	0.14160289	0.445945443457407
2221	0.162564114	0.424267737637619
2222	17.88732297	13.8712664146759
2223	4.66001947	1.93347807236719
2224	0.091804844	0.37704362312963
2225	1.12297743	2.41621309447407
2226	0.165419966	0.553009231089247
2227	0.222273124	0.400784336743434
2228	4.00808065	3.04010737187206
2229	0.039280479	0.0859089646881018
2230	6.89074604	5.55724082861382
2231	8.84912636	8.51447948152191
2232	2.36942447	1.343469480425
2233	1.354660455	0.7927322043775
2234	0.31583816	0.199334977199444
2235	0.30789883	0.161880413012607
2236	0.142956168	0.140745733011111
2237	4.5670199	2.35222157713441
2238	0.097255607	0.105456033511574
2239	0.107942505	0.182913436753509
2240	0.74249986	0.3698395519725
2241	2.02824425	2.73200708775758
2242	1.06021508	1.23532728697222
2243	5.931595816	4.1090254810908
2244	0.131333527	0.147706225357843
2245	0.133588554	0.0838970524844961
2246	0.117998324	0.0964347284914285
2247	10.28038972	8.36429136219697
2248	0.140577065	0.294691388072414
2249	7.33728345	5.9933691914853
2250	0.057206616	0.157791773924775
2251	0.092727986	0.224631759812644
2252	8.4865512	6.55117047016667
2253	11.74450886	10.0183856209722
2254	7.60384755	8.01099437729412
2255	0.07653003	0.273525018159596
2256	0.042061956	0.0820540569798245
2257	0.25854829	0.35360258383
2258	0.083970494	0.137830208371622
2259	0.044309669	0.0768877745823171
2260	0.042241433	0.0928525960824074
2261	0.81675543	0.717292718207871
2262	0.119712775	0.245404568313063
2263	0.089902826	0.347821745088726
2264	1.08506434	0.648692655967094
2265	0.54602842	0.717312922283333
2266	10.86054556	8.12502199988077
2267	6.4256033	8.58579250547396
2268	8.43887791	7.45067769105695
2269	8.96866454	6.35358659319444
2270	0.193266106	0.120312688903095
2271	0.47989468	1.2932382691957
2272	0.443357457	2.07562237853625
2273	0.055824458	0.12730884565125
2274	6.8008945	7.06120643174074
2275	0.47743976	0.709323968626496
2276	0.087580259	0.154821392114474
2277	0.051842558	0.0820391012954301
2278	0.65608371	0.386053377597154
2279	17.086388315	9.49655806000573
2280	0.039378592	0.0988587736819659
2281	0.110718866	0.237107558775417
2282	0.10683464	0.102694158302151
2283	0.81088338	0.749156132243627
2284	0.53532514	0.794394453751961
2285	0.16410404	0.153577619137778
2286	0.252567776	0.279577009061828
2287	1.78875484	3.56347088225806
2288	0.053765383	0.117922808418919
2289	0.147667715	0.0798039201177928
2290	0.4314766	0.429857381988034
2291	26.94615957	23.281720470005
2292	1.0573015	0.26248905495991
2293	3.30375362	3.09494027376218
2294	0.45769335	0.551375092790322
2295	0.44350148	0.556989071653472
2296	5.99114947	4.8959610043599
2297	0.078285174	0.0844797297951389
2298	0.110572833	0.220675341743162
2299	2.6999741	5.76632865039054
2300	0.20824969	0.426302655881982
2301	0.31932569	0.195851740284167
2302	0.062783313	0.105073130148611
2303	1.813419533	0.814781427660953
2304	6.1911509	4.56723947729713
2305	0.345417524	0.190271183635648
2306	9.00704	7.13531600420741
2307	2.5754289	1.17360266562677
2308	0.049860496	0.0985853782885714
2309	0.473279094	0.142493062888235
2310	0.22895062	0.239962816301613
2311	0.78979219	0.732861857210527
2312	8.8616417	12.9922281956292
2313	0.0407007315	0.0680365465207207
2314	0.52141338	0.367825667203921
2315	1.15238012	1.01887835323008
2316	0.164858186	0.194809554081081
2317	0.058342338	0.0896918208475226
2318	0.125674442	0.109515180719167
2319	10.08059989	7.52051941805323
2320	0.63970968	1.01350340897656
2321	0.62456936	1.85503802176829
2322	0.604111006	0.863585159874242
2323	0.15402369	0.163526182206667
2324	3.5919653	1.83226571549804
2325	0.38339645	0.987392862128333
2326	4.97873476	3.49096798168137
2327	6.0595038	6.43291722970968
2328	0.40183353	0.856208260049145
2329	0.137933795	0.22441510049
2330	4.7821146	4.22378246751191
2331	0.29088817	0.350275960222549
2332	0.109995288	0.131103525235049
2333	0.060216042	0.339811248068167
2334	5.34630155	11.2605442000905
2335	14.66540793	15.2912047796292
2336	0.182714954	0.328560142380894
2337	3.7257068	3.37849371659756
2338	0.138821736	0.311956020799495
2339	0.059216148	0.424227858774405
2340	0.052203236	0.117718816832906
2341	6.581151	8.76133217159211
2342	6.5544082	6.71033135430278
2343	2.62435142	4.62425486134647
2344	3.3554353	2.60430045880707
2345	0.14793257	0.117328126214706
2346	0.423239334	0.168647262277193
2347	0.02398231	0.058159957605625
2348	0.139676489	0.672399606139683
2349	0.297769972	0.193821261122381
2350	0.076125579	0.297594809879762
2351	0.224414264	0.817490263751282
2352	0.22438052	0.236007902204651
2353	8.08659574	5.76739405436036
2354	1.31173156	3.83150640533333
2355	0.2698968	0.332574624052315
2356	9.52943139	9.5453064670364
2357	0.112538834	0.150957515580476
2358	0.96176524	0.441071718310526
2359	0.262131792	0.184930337602632
2360	0.53344131	0.996121330440741
2361	7.6392415	6.59447003394144
2362	2.371388614	4.40302429088462
2363	0.596974542	0.588958209610938
2364	0.081745698	0.166534318332796
2365	13.3310573	10.4820477783935
2366	4.42677217	2.6034799215181
2367	10.98215266	7.92204996909596
2368	20.63879865	16.537610778219
2369	6.55941325	7.93346366960208
2370	0.031697211	0.0991073037542754
2371	0.06326813	0.106229424342342
2372	0.049211387	0.114613466768687
2373	4.1223929	2.80822467447619
2374	0.65394866	0.918233524164516
2375	0.3272163	0.220434906912602
2376	1.24683867	0.994514796089912
2377	0.038861012	0.07988578734
2378	6.63150988	2.83002945077381
2379	0.324360483	0.15469854228625
2380	0.06092969	0.164315087547619
2381	0.187360933	0.276585369260784
2382	2.905352048	1.5331903069
2383	0.056506073	0.0765315441376882
2384	0.061226338	0.111175246007796
2385	1.0128393	0.913441674162963
2386	0.167656679	0.256944963188034
2387	2.94214354	7.09678905610476
2388	1.0257446	0.742799468806667
2389	0.051264723	0.0817819541517857
2390	0.07851035	0.186371816996053
2391	0.058502452	0.0869539879375969
2392	0.252237836	0.195623332102222
2393	0.17859168	0.717398312463158
2394	0.062049072	0.252370461000538
2395	0.144553868	0.158648940123611
2396	2.929273566	0.93298383879
2397	1.43207297	1.1833455840735
2398	0.39090009	0.421805284903922
2399	0.47385224	0.635427927298333
2400	0.109201776	0.132599360914706
2401	0.31606	0.384719006065591
2402	0.813439585	0.58236257574899
2403	4.3224614	5.49484721456373
2404	0.146398606	0.125612089908333
2405	0.143591075	0.483317391840244
2406	0.72258347	0.762148415266667
2407	0.32609213	0.425280289456349
2408	0.138596197	0.328220288581802
2409	5.70989504	6.91341608387993
2410	3.9517861	6.39411092315417
2411	0.78213044	0.751754656017262
2412	4.2760695	4.63294774657018
2413	0.055071326	0.123609947910185
2414	0.24328159	0.483064363830476
2415	5.91944274	11.3122371995774
2416	0.38467328	0.737274211659314
2417	3.282479535	1.3596357581025
2418	0.165472287	0.465024269775
2419	10.35795437	12.0026264109491
2420	13.09978255	9.9069473690219
2421	0.41078755	0.116583956493704
2422	0.045836646	0.0842409323085366
2423	0.07850017	0.126347127227564
2424	0.059466747	0.162201604726344
2425	3.728747455	3.06983694746357
2426	0.030476872	0.0522758635364445
2427	0.83721071	0.5060122468
2428	6.9316687	8.47762508771129
2429	0.035831056	0.0890090238762626
2430	0.5351485	0.471867186356944
2431	0.78401022	0.978699195793982
2432	0.3425614	0.528510505665417
2433	0.42341281	0.136713734175952
2434	0.26221233	1.7271195092126
2435	0.135351857	0.151554016051515
2436	0.092701983	0.161231899107292
2437	0.092207721	0.0951931349985058
2438	0.055802093	0.147753631481707
2439	2.00018327	3.66821579935606
2440	3.32901677	2.70770063748291
2441	0.078459898	0.108906934163095
2442	0.17907656	0.265638053145076
2443	0.117235166	0.329440359960952
2444	0.048646126	0.185509014148062
2445	0.162635853	0.324985224435
2446	2.8829167	2.48034797653947
2447	0.11224643	0.0790031060853448
2448	0.88571864	1.98745824111111
2449	0.040292979	0.283552479936364
2450	10.66003437	10.0632925689333
2451	0.24958335	0.636906333954274
2452	0.28968232	0.542334201414286
2453	0.034633048	0.127499200265
2454	5.4956048	5.34342370484848
2455	0.40438786	0.371859972876852
2456	0.074426515	0.179395017867677
2457	1.56586645	1.55782199254688
2458	0.058069585	0.0959249211641473
2459	5.44427997	10.9114254581806
2460	0.29466572	0.44521623238125
2461	8.29722052	7.48869204875322
2462	3.8802988	5.28349134540741
2463	0.395002266	0.0728858772747967
2464	0.270848135	0.331633623085088
2465	0.35680885	0.30145742968374
2466	0.138491766	0.0987159943908333
2467	6.840149876	4.81948262570238
2468	0.20628819	0.362552529135859
2469	0.51694896	0.837140553754285
2470	0.39089418	0.445798653628455
2471	0.098532734	0.345771420497143
2472	0.083409285	0.0929493591340476
2473	0.048195975	0.152900068232323
2474	4.360662218	3.79588423839167
2475	7.88546764	7.25747168391563
2476	0.089374414	0.367183632684553
2477	0.194838665	0.201820590623333
2478	6.73630268	5.04654940820365
2479	7.402715296	8.21773977180855
2480	0.028826344	0.0726680207617117
2481	0.374156085	0.756469948930769
2482	0.45435648	0.587139283494444
2483	0.078997597	0.0793367877432558
2484	0.098690318	0.169313831839655
2485	1.28502916	2.32173239332188
2486	0.118039476	0.282822468682857
2487	10.07777187	8.25897681771945
2488	0.42249767	1.7088790048569
2489	3.22995496	3.66986816633333
2490	0.12489127	0.190140106748333
2491	0.45099563	0.495891454336937
2492	2.7277985	2.47141629431019
2493	0.218347345	0.337438590820833
2494	0.103607104	0.563557480729445
2495	1.07115383	0.830381026484234
2496	2.403469	2.22850160129279
2497	1.14447184	1.67434655452991
2498	0.96970171	0.726726064263178
2499	0.50806545	0.723884541394286
2500	0.091423632	0.0852491052764881
2501	0.4435553	0.475219025584188
2502	7.47516667	6.01762353880769
2503	1.71362997	3.9611820754537
2504	0.092312809	0.230375502426786
2505	2.487854508	1.34234892776057
2506	0.057762941	0.0703775698890278
2507	12.65491964	9.44000900782157
2508	0.103813297	0.121065394255238
2509	1.65030171	0.797938227798291
2510	0.59912996	0.878715947311574
2511	0.63621547	1.00451596591
2512	1.137676366	0.990075667596296
2513	0.066277744	0.107133715458571
2514	1.64260769	2.14610300609314
2515	0.259518957	0.0996396703090476
2516	0.069076273	0.244092957007092
2517	0.107673147	0.688938485771825
2518	0.31013144	0.386328514418469
2519	0.055852322	0.105160099795
2520	0.236816924	0.302869831462393
2521	0.472219704	2.08599537862083
2522	0.65871435	0.559871679142647
2523	0.167998916	0.0736788651540698
2524	1.43168333	2.74200969882143
2525	0.242611477	0.507312308957071
2526	0.31115264	0.794913968585
2527	0.12831496	0.313461621388597
2528	0.067033984	0.1731434267325
2529	1.3873923	2.22572533142708
2530	0.084510846	0.0988495434877778
2531	0.10584861	0.07751226487625
2532	15.40561181	11.717950301136
2533	0.45082754	0.974998264048246
2534	12.392531	14.4006364957102
2535	0.127403393	0.364422784339167
2536	0.050758889	0.101646180206566
2537	1.28246263	1.20270673827917
2538	0.39145395	0.1708368919725
2539	0.085083554	0.0950157226266304
2540	0.810013246	0.266425079118919
2541	0.129543348	0.179997484166204
2542	5.73342814	5.41239063720833
2543	0.073435873	0.0745394087392593
2544	0.072936062	0.21045532540625
2545	0.079261305	0.193238420485938
2546	0.176590681	0.530266254696591
2547	0.060548346	0.213793027717204
2548	17.12164979	14.2625893692619
2549	7.1120958	5.61370063485057
2550	0.054790748	0.0868804983600926
2551	1.9488157	0.455613559824748
2552	0.038087826	0.123136947388514
2553	4.266231	3.81743017994483
2554	0.089776132	0.49010770079079
2555	0.58476945	1.72637087336714
2556	0.105236043	0.0802965809524193
2557	0.62917145	0.644516081307456
2558	0.090878449	0.229103148889855
2559	19.39796992	16.2290850139875
2560	0.57814361	1.03835735448529
2561	1.13890461	0.888754427676389
2562	0.113357741	0.105507385536937
2563	1.4631748	1.20066809640926
2564	0.3537113	0.439373308629798
2565	3.4936529	3.24721677084722
2566	0.095892408	0.214902945974359
2567	7.15318529	9.25424124775581
2568	0.29176287	0.54273589156453
2569	0.069882965	0.162321263827604
2570	0.06997332	0.0846707861634409
2571	4.45709207	5.19474975364365
2572	9.58239562	9.87519426400348
2573	0.282149213	0.176467512552151
2574	0.090040676	0.100907254023095
2575	0.62394987	0.625615834456482
2576	3.82903763	2.96772760987037
2577	6.513814618	3.09009604417325
2578	0.49349633	0.462809510911574
2579	0.036709863	0.110784954091111
2580	0.108990876	0.812374717994531
2581	9.6746142	10.3195227777426
2582	8.40495854	7.90048150710965
2583	0.17233072	0.123243753881439
2584	0.072468593	0.113004710463571
2585	0.44728114	0.85987096393496
2586	1.4843722	1.61022459221667
2587	0.105380145	0.191301853059167
2588	0.044123412	0.206237333703632
2589	0.068375379	0.0841519497928572
2590	0.148822624	0.19138711639086
2591	0.67398401	0.334827045912222
2592	9.1240403	5.72680580501042
2593	2.9133128	2.76976024323246
2594	0.053490322	0.25188027355873
2595	9.34382832	8.08508956211805
2596	0.362081126	0.435649839508772
2597	0.67698957	2.35771842277708
2598	0.085015546	0.143137618074762
2599	0.23312014	0.4894412418
2600	0.55255724	0.221772374876768
2601	0.13511801	0.376883431723577
2602	0.063583704	0.0983217869241379
2603	0.28929465	0.285912845193902
2604	0.044688131	0.0724559209572381
2605	0.037706942	0.0745623123529166
2606	0.057031587	0.0970339312467105
2607	5.17883612	7.59034945069792
2608	0.052319692	0.705944492304839
2609	0.083317625	0.663704328023889
2610	0.109742101	0.107868095127778
2611	0.086184453	0.0968219274759583
2612	0.046428826	0.0751078414236765
2613	0.22314666	0.278749322311905
2614	0.055196954	0.0986420146228261
2615	0.168802893	0.104389458028395
2616	2.06838373	0.93989659678381
2617	2.308638712	0.982548035030342
2618	18.84622213	12.3154551503421
2619	0.545940415	1.59079721915889
2620	0.39483692	0.683617134239394
2621	5.8368371	5.97458688916422
2622	0.11724144	1.54595342189697
2623	0.068761783	0.338180886427083
2624	0.30185291	0.476702230973171
2625	0.35259603	0.368378292376829
2626	0.038788865	0.121554090431863
2627	0.32068734	0.530117235988288
2628	9.63914355	7.53661587139035
2629	0.147959928	0.22289960114079
2630	0.34118032	0.542869775508889
2631	8.8401121	7.00942351810256
2632	0.071317683	0.136563410691975
2633	0.85055115	3.91494606389462
2634	0.0756975	0.0824160330270833
2635	0.047291632	0.102277267502315
2636	3.089941	1.92790417502149
2637	0.452499124	0.160651363322857
2638	4.94494993	3.23066622785185
2639	0.229793561	0.190550895567917
2640	0.101866807	0.396683774451075
2641	1.263115853	1.85659534299389
2642	6.5292063	5.37273453040952
2643	0.114740479	0.393964642195977
2644	0.75052004	0.683968539229584
2645	17.27918543	13.985609821883
2646	0.51055174	0.577325872666146
2647	1.17407544	7.11226713195334
2648	0.041647882	0.108797428929167
2649	0.94429642	0.45006442474902
2650	0.228834892	0.088535920354375
2651	0.47757079	0.366742635974243
2652	0.1751768	0.353259995031081
2653	0.046628759	0.100294210857471
2654	0.3303381	0.329321986978431
2655	0.70188895	0.916016829766667
2656	0.08186182	0.123692310318056
2657	0.056531872	0.111823491642094
2658	0.056536334	0.109970825722778
2659	0.084469917	0.162096379821171
2660	0.290914726	0.179890293626823
2661	3.948116696	2.49921716396167
2662	0.099274109	0.101863156073718
2663	0.401303928	0.238547510791919
2664	8.31201136	7.37313945436207
2665	25.24116342	16.5531090059773
2666	0.253020815	0.302690651053846
2667	0.048427781	0.0912025151416667
2668	6.12400923	4.890323783084
2669	1.54286845	2.60751114133809
2670	0.080958821	0.150537906494565
2671	0.88286786	0.857735585460993
2672	1.90560035	2.45325635875758
2673	0.7612066	1.10115730921711
2674	0.05505538	0.175145212767143
2675	0.065787908	0.113542873981313
2676	0.063338848	0.0950448776428161
2677	0.072825449	0.221445599542793
2678	11.18429098	12.4085864163018
2679	0.20971756	0.186223331945736
2680	7.4081465	3.86151950301905
2681	0.052458572	0.117652200879293
2682	4.243876	3.46663005189815
2683	2.91199392	4.67427999995253
2684	3.372306392	3.54185557534608
2685	0.076035172	0.128133919238889
2686	3.51429825	3.12322183524608
2687	0.080503016	0.289210873392424
2688	0.6914077	0.529698862788034
2689	0.39836183	1.09897153543988
2690	0.88194403	0.823521495155555
2691	0.078081838	0.114799749722368
2692	2.9554473	3.61852162942982
2693	0.052785473	0.156692736709286
2694	5.95967506	8.47232349630882
2695	12.77212373	13.2953230638532
2696	0.054541974	0.0916030319079167
2697	8.25787673	6.90704181537095
2698	0.077269448	0.100107883059145
2699	0.41858565	1.12568302735455
2700	0.39645146	0.604273732724123
2701	0.057665746	0.106375009640238
2702	1.30138787	3.3732760423876
2703	0.71991891	0.629438925533333
2704	0.135014069	0.59656925860914
2705	0.200159844	0.202602282118376
2706	0.057841601	0.0787197903162037
2707	0.070189442	0.200844549289048
2708	0.05884292	0.109832753197778
2709	0.68949315	0.164136052108333
2710	0.34941305	0.935668693071428
2711	0.23985272	0.552190105037255
2712	0.072247075	0.139792633209524
2713	0.072379952	0.0842282683554878
2714	0.059124055	0.0907359703192187
2715	0.17450749	0.333459632833951
2716	0.73264966	0.469135055229915
2717	9.2600024	9.97522185991892
2718	0.094380189	0.07862686091
2719	0.183040982	0.0870123961814815
2720	0.053550402	0.0778373549440625
2721	0.127584695	0.235986892543162
2722	0.44352879	0.784386738583333
2723	0.39487547	0.787193709138597
2724	9.3185252	9.23065791437838
2725	8.5951332	6.39689012708333
2726	0.268858375	0.226106956654412
2727	12.4490902	12.6655993074259
2728	0.097220291	0.724526903252631
2729	0.270117148	0.182694272674762
2730	0.080720855	0.0815148940144737
2731	2.48523362	1.426480019275
2732	3.28901076	6.13364908381373
2733	0.069065251	0.155021727728922
2734	0.096619714	0.114877070230556
2735	12.23356448	8.78350151824748
2736	1.7195395	2.73771704943056
2737	0.094673688	0.109026947309009
2738	0.156940436	0.185903954792424
2739	9.9910108	9.67704373777778
2740	10.7831668	10.6017214520114
2741	0.24547922	0.213780583842424
2742	7.81469024	6.16664809588333
2743	0.106698862	0.331799962130556
2744	0.9846258	0.594615569816667
2745	0.088671585	0.198708549188889
2746	0.1623906	0.251149717938034
2747	0.3430782	1.34072473748675
2748	0.45990915	0.392657287383333
2749	0.094143676	0.0993029937773148
2750	0.123011619	0.0865997317140991
2751	0.20550724	0.101296857020748
2752	0.050856791	0.159143793268182
2753	1.55051345	2.6226717108114
2754	1.08768736	0.834518700761111
2755	0.215739487	0.385264520192308
2756	0.50588177	0.914277609197297
2757	0.055068958	0.152888547260098
2758	0.051128301	0.124730529817188
2759	0.126704204	0.226427105563248
2760	0.30868174	0.466016690648198
2761	0.82130769	0.602953309166667
2762	8.71180193	5.46736654772222
2763	0.080576229	0.0678788844653646
2764	0.115015909	0.126934958714216
2765	0.68037361	0.649955320123611
2766	0.214272834	0.471639355841919
2767	0.131207635	0.154538535230833
2768	0.6739613	0.885112208090278
2769	0.308302003	0.102292980943902
2770	18.65720658	16.0244466474306
2771	1.50212825	1.51220924671268
2772	0.9198926	0.440283780171053
2773	0.09492582	0.570591016024667
2774	0.15927144	0.12933895388114
2775	3.4421376	4.82974400709583
2776	8.5111168	15.027795000763
2777	0.51793859	0.793861581251112
2778	0.034133044	0.0907992191247396
2779	0.082230326	0.123729470456768
2780	0.166611215	0.228920634041667
2781	15.21004993	10.779235759973
2782	0.3640018	0.225142369023333
2783	0.15127874	0.085194924434932
2784	3.83625083	6.60474358941667
2785	0.045486264	0.0773248405843333
2786	0.7348001	0.648715281985714
2787	0.69877699	0.459624369319271
2788	0.158467188	0.166653740365517
2789	1.065000445	0.13691324913631
2790	17.43421026	15.6153096546892
2791	0.073442111	0.0628101899212069
2792	0.139872397	0.107535714514729
2793	0.081709999	0.106510289127742
2794	0.64098309	1.46098472381574
2795	9.42434629	9.54114493958333
2796	0.109823828	0.248951880776068
2797	2.7701682	3.45404474368803
2798	0.12999299	0.105584372474537
2799	6.49357055	14.9177025406569
2800	0.10602584	0.255044492676389
2801	0.37221176	0.627658380291473
2802	6.7456847	5.8966304319902
2803	0.11916074	0.275553783827917
2804	0.33363251	0.391939350962121
2805	0.100044422	0.0595287540344017
2806	1.78301777	2.20583626840675
2807	10.51338958	12.6010752363708
2808	0.237016588	0.231836476320313
2809	1.37987572	3.54392353658333
2810	0.126538842	0.0782226937079798
2811	7.2550791	8.10408928400575
2812	0.092018117	0.0630782712002525
2813	0.54575223	0.500640524787037
2814	0.049861086	0.106233686205044
2815	7.6511335	6.47432171041667
2816	11.23999098	13.613689893875
2817	0.092127603	0.476047356637083
2818	11.176782	11.6049496024706
2819	0.11429238	0.212624223195098
2820	0.084190578	0.122209290784286
2821	0.34179603	0.573024334890196
2822	0.13804167	0.217776183830435
2823	6.62420318	10.1037320457968
2824	0.047014463	0.0818762246914286
2825	0.146660744	0.241019010650952
2826	0.17712497	0.216993019563675
2827	12.09803456	9.67730502575213
2828	0.099120192	0.103990038846111
2829	1.03954136	3.89099599267157
2830	0.061648758	0.597945948558333
2831	0.063961823	0.0858697173232906
2832	0.044795992	0.114409154318817
2833	2.3772049	4.10016067770667
2834	0.18295848	0.22770804362381
2835	0.09047066	0.110736546927024
2836	3.7011482	3.30584073445238
2837	15.96782271	11.5516817174917
2838	3.17177174	2.32413529614103
2839	0.48564084	0.488075493242778
2840	3.25539585	3.81842721708108
2841	1.128753896	0.253397377285897
2842	0.59445512	0.921211769640425
2843	8.590774655	6.4622410022079
2844	0.037152178	0.0585577568888739
2845	0.128215978	0.115012445085659
2846	5.19300135	6.2163683532265
2847	4.2374544	7.94264171416092
2848	8.36430107	7.66925178051019
2849	1.147137597	0.708755742996296
2850	0.063083245	0.11278657512402
2851	0.1702606	0.375673792002857
2852	0.072940863	0.0633535105618421
2853	8.0041344	8.42597932916667
2854	2.4908714	1.71382027976944
2855	0.083252408	0.113036338822083
2856	0.045280788	0.168260072933333
2857	9.43597635	8.26846623272821
2858	5.7108567	4.83952093172581
2859	0.058587532	0.137720712278455
2860	7.93031023	7.02684531981081
2861	0.225971716	0.639956935477957
2862	27.24017685	17.2609322875921
2863	0.74866952	0.552234980742593
2864	5.0212942	4.18794798097222
2865	0.27595569	0.472436561507917
2866	0.182420553	0.113078263519444
2867	0.056607453	0.129295363316435
2868	0.35894585	1.46435252577187
2869	0.100906958	0.416242596856452
2870	6.2889625	9.50388104247778
2871	0.241665596	0.522044999749573
2872	0.10890298	0.196030780075
2873	10.112487	4.97199854327907
2874	0.17108982	0.232370421018095
2875	6.97173468	6.80905205737576
2876	0.029638047	0.07569323355
2877	3.3197869	5.54612819762084
2878	0.0440265105	0.0919602738063158
2879	0.062833703	0.148618984393509
2880	9.40307773	10.5432244709593
2881	0.33771862	0.235025488599099
2882	0.47516629	0.324161026279675
2883	0.72112116	0.908699493557693
2884	1.73675917	1.6219318518906
2885	8.6478218	5.16064461020635
2886	0.62342012	0.36776105523908
2887	0.107897237	0.130675060096429
2888	2.32275445	1.56152356135041
2889	2.4941417	2.86280571115417
2890	0.0763189	0.262214191373438
2891	0.07711775	0.10571104955049
2892	0.38324396	0.324273845517742
2893	0.078599589	0.144465566518229
2894	0.054897282	0.120237254565238
2895	0.36093158	0.117018559441975
2896	2.05149565	1.73621702833721
2897	0.089847807	0.169637012280808
2898	7.78346856	10.1761540622432
2899	3.70440855	3.37515537496465
2900	0.52171033	0.480683722958586
2901	0.102310612	0.258281542607292
2902	7.58027912	14.9730616481833
2903	3.6058174	3.01419250091453
2904	0.151244307	0.103184746649074
2905	0.091805487	0.202210927405833
2906	0.070991518	0.177138957615278
2907	5.97904538	6.58287569484804
2908	5.0640571	5.28958575219118
2909	0.080248492	0.494667347002778
2910	1.99322414	12.3462949170897
2911	0.64424626	0.795857793226262
2912	0.041885087	0.208044794875439
2913	0.39425397	0.683744248257843
2914	0.053714806	0.156781366570175
2915	2.0172842	2.61049494244118
2916	1.69479912	2.82502081524292
2917	0.19719876	0.22196876677193
2918	0.035319231	0.0759554266602778
2919	0.118661269	0.250186197228095
2920	0.063291818	0.196743119871505
2921	0.29138551	0.464694413455556
2922	2.9417569	1.65181632174731
2923	0.117574636	0.272982371484127
2924	10.31558032	8.97277468891398
2925	4.61999307	8.54143852311616
2926	2.05199184	4.18056246494074
2927	0.21562697	0.147395091716304
2928	0.207551748	0.208302236606771
2929	0.057832516	0.208783188822163
2930	0.768728895	0.504721558809804
2931	0.23481571	0.288803887591429
2932	0.206226416	0.147101192655405
2933	4.0977389	2.85801365071667
2934	6.7479069	7.23918038112057
2935	0.25903348	0.21435835888871
2936	0.092037732	0.115093797159649
2937	0.103877364	0.23172797047
2938	0.0904476895	0.325788292942248
2939	0.261014215	0.503189587598291
2940	9.3531545	10.1978703173465
2941	0.03315679	0.0658542505333333
2942	0.114333762	0.125515089505417
2943	0.132504862	0.228325301888462
2944	0.16513553	0.217675432217983
2945	0.144498106	0.378977592336574
2946	13.72218419	15.8867414584309
2947	0.042580545	0.23233611235625
2948	0.36026532	0.191195815846667
2949	0.06161958	0.302476853397807
2950	0.17235572	0.401438512378148
2951	0.147074277	0.220816115098684
2952	0.293049644	0.244024483336667
2953	0.094966371	0.0978426150418982
2954	0.058472766	0.205584888440451
2955	3.9940959	4.02459738741053
2956	0.200662587	0.0761754942394841
2957	0.201432426	0.390413880972072
2958	0.317903593	0.0777930867161905
2959	0.144141426	0.0954848393319892
2960	0.10225719	0.113910330211789
2961	0.08686294	0.10680521924625
2962	0.071099944	0.141399854967742
2963	0.60860987	0.431144439322222
2964	0.054082336	0.136471969151351
2965	0.087389719	0.16970100977598
2966	6.16418103	2.68460966713131
2967	0.023649129	0.060556179802353
2968	2.412044616	2.34864610334643
2969	0.515697324	1.30510812795427
2970	3.06765977	7.297760484765
2971	0.296045282	0.354536485161494
2972	1.22035873	1.7010358902375
2973	14.3017583	10.5165444810931
2974	0.15743921	0.120493711748333
2975	14.60781338	12.8409648754608
2976	0.09635951	0.10824653534187
2977	22.835554	11.2211759334963
2978	0.92398096	0.810600143514474
2979	0.069464107	0.126443590237917
2980	0.037171389	0.108028439666667
2981	0.5851039	0.603092976942544
2982	0.38781118	0.105185969459615
2983	0.021744926	0.0753156322654167
2984	6.412851875	6.79836339497407
2985	0.99266222	1.28235508403175
2986	1.491763445	1.0941370383088
2987	1.90909084	1.92164778582381
2988	0.090779644	0.281239766485714
2989	1.01126399	0.950645922332353
2990	0.067611372	0.115450347446951
2991	0.370542746	0.731301966459375
2992	0.173034146	0.0688473294983333
2993	0.046434867	0.0888914284574074
2994	0.31195649	0.853376167185606
2995	9.538712106	6.97866717356802
2996	16.39645241	16.9902149716952
2997	0.80851364	1.75404424139706
2998	3.7031876	4.02679345460088
2999	0.288334756	0.120262392276302
3000	0.98162788	2.32662149101736
3001	0.46214484	0.54194191571369
3002	2.912901198	1.65544534348202
3003	0.1435838	0.107040444189213
3004	0.25167446	0.268710802367521
3005	6.3719105	7.95543761257576
3006	0.059228636	0.0974626925295833
3007	0.03879303	0.080936163257695
3008	3.3179625	2.29350353401812
3009	0.106761552	0.121229471138971
3010	0.48206671	0.726205182271111
3011	1.05031576	1.869612143625
3012	0.156108966	0.122092847000397
3013	0.067507468	0.264238056905556
3014	0.15380386	0.0950114529761905
3015	0.058650273	0.249834055048837
3016	0.309137576	0.471315143303153
3017	0.072472766	0.0945277620067073
3018	0.23485531	0.31610152647963
3019	0.29041034	0.133351791792222
3020	0.046702946	0.136463557387387
3021	24.25355343	17.9005998976627
3022	0.0169703526	0.075653120608908
3023	0.13240099	0.101463367172069
3024	0.033130533	0.0640932568191919
3025	4.09407799	2.75049754365792
3026	0.107633417	0.228004145628623
3027	0.155856021	0.177876628324797
3028	0.13050366	0.624265686571759
3029	0.052088796	0.178334510746667
3030	0.029980405	0.0636970899212719
3031	0.104193828	0.113904391986842
3032	0.17788181	0.28245497802353
3033	0.325110913	0.468785834059677
3034	0.235046643	0.22077111118373
3035	0.489398145	0.590574870792105
3036	0.26044277	0.420492682170667
3037	1.1444481	2.75567178890686
3038	1.7925256	2.6280909789955
3039	0.093575545	0.16543972410991
3040	0.0467882105	0.0861712305882813
3041	0.31084569	0.596757668521296
3042	12.26362296	9.88238559897748
3043	0.143650899	0.0884444305503968
3044	0.151217324	0.300986034926042
3045	0.053273841	0.0935923909138889
3046	0.31413702	0.232058908562613
3047	0.050212007	0.0806434531200397
3048	2.66926192	0.700082014287879
3049	0.07484941	0.130554532013726
3050	10.2489086	5.86357848655
3051	0.183021527	0.0797923989829688
3052	5.5206973	3.31614545156838
3053	6.1864046	7.55097716801481
3054	21.32962193	18.0988390082198
3055	1.16815664	0.712642034346774
3056	0.58105409	0.552275640955555
3057	0.19868966	0.188586201012602
3058	0.033807679	0.0801732916908602
3059	0.038375633	0.0805574574722222
3060	0.103385568	0.163731866651481
3061	1.97842026	0.732817709842636
3062	1.046292995	0.116915129815714
3063	0.3480002	0.4234778771975
3064	0.03604403	0.0587779634516304
3065	0.033186465	0.0512566007634409
3066	0.43585737	0.699337361363636
3067	0.13486792	0.288221382580392
3068	3.15116926	2.03439264722222
3069	0.079562162	0.259256684039524
3070	0.28327331	0.240861150297396
3071	2.28177411	2.35668910533537
3072	0.094677638	0.148806129375238
3073	0.117470444	0.108509779996396
3074	0.49874697	1.00074795012424
3075	0.071819075	0.102186501132381
3076	2.99404685	4.49064630759524
3077	8.2737169	5.60574252206083
3078	0.08111054	0.0914752994561404
3079	0.074206871	0.121975881072222
3080	0.162870462	0.114087078181313
3081	0.250099132	0.312644005894271
3082	0.513272907	0.454070640410833
3083	0.070732327	0.0864697222446454
3084	10.26967107	8.48740575262301
3085	0.151620923	0.10477218230381
3086	13.3297713	9.73623747514942
3087	9.46131703	7.77645564967284
3088	0.055810298	0.0779576648523438
3089	0.026636373	0.0522268186862602
3090	0.055847537	0.0603548567073413
3091	5.37936814	2.71359197638496
3092	0.106916741	0.232515027347863
3093	0.2714785285	0.108057264820455
3094	0.195498706	0.136918598126136
3095	0.12776852	0.250823074840556
3096	0.285106796	0.668883821460256
3097	0.62594529	1.27973894234762
3098	0.62367365	0.156218521257292
3099	0.377687372	0.19437194086
3100	0.111239089	0.109157420451944
3101	8.6525211	6.01468940278369
3102	0.035670562	0.146610666052252
3103	0.142837507	0.103713248238095
3104	0.42173413	0.383426399136842
3105	3.039535	2.18652404171354
3106	0.035356904	0.0654974773892084
3107	1.05829032	0.832153722099445
3108	0.07215482	0.126204713157071
3109	1.3496964	1.70147024613542
3110	0.0402314815	0.0969019251972222
3111	0.415116056	0.223774416282083
3112	0.071553614	0.138338812593452
3113	0.6422528	0.561099554950427
3114	0.3079293	0.433146477085135
3115	9.6642817	6.02298486066177
3116	0.047315533	0.0623498177232843
3117	8.78811475	10.2554991747202
3118	14.5428884	12.7575539610143
3119	5.1023795	4.86680158089583
3120	0.37483892	0.867917546779762
3121	0.88816145	0.836471332756863
3122	0.68138518	0.467715737068687
3123	0.122533195	0.221343420952917
3124	3.163157377	2.49431261593587
3125	2.4299995	2.8472217501982
3126	3.43424335	1.2556812292439
3127	0.137663875	0.192347118848413
3128	0.047449425	0.0656005003865741
3129	0.96429797	1.11470067631351
3130	1.1801924	0.793627155001471
3131	5.42560266	2.3245709521955
3132	0.042556912	0.154067881280714
3133	0.97182328	1.15345622510465
3134	1.1095316	0.691291294175926
3135	1.2735464	3.0452154049213
3136	0.125559822	0.144258706626562
3137	4.974818866	5.60709914701344
3138	0.1411912115	0.0729299524838095
3139	0.70617199	1.15266762932778
3140	0.27889794	0.3368809491875
3141	9.96561803	11.0259040484479
3142	0.46133519	0.475899822813426
3143	0.108822865	0.253492145947748
3144	0.062912477	0.22009607967931
3145	0.13054018	0.102213074072857
3146	1.0620225	1.36671444316204
3147	0.69809679	1.37782139328431
3148	1.37142163	1.40716739197549
3149	3.1742492	1.37481712406574
3150	0.036236546	0.0541578176044961
3151	8.367379	8.210921956675
3152	0.36170914	0.82000516445614
3153	0.59197426	0.667854602947778
3154	0.58324565	0.26425386216748
3155	0.3738579	0.533587410372381
3156	0.86667146	0.570059871101111
3157	0.089097284	0.172256836907071
3158	0.071226856	0.0769825640351852
3159	0.0675390535	0.100597170679268
3160	0.100926064	0.364933693608333
3161	0.033336067	0.0913662351604167
3162	0.48031423	0.615775603107071
3163	0.39930257	0.415949935975225
3164	0.107769601	0.207364906067619
3165	0.068341447	0.0920868061271014
3166	1.96472643	3.47465642152521
3167	0.0300452176	0.0825011280888618
3168	0.80890165	1.37498189795447
3169	0.092392968	0.181113138456111
3170	1.41160544	1.24760475510714
3171	0.3846778	0.820662141327778
3172	0.39431554	0.605667104556589
3173	0.066521964	0.117091149553125
3174	7.21248723	7.85933658794697
3175	0.2715348	0.394140073836179
3176	0.09322545	0.261827989487097
3177	0.18863502	0.498722479918628
3178	0.134128596	0.385407906945455
3179	0.044574166	0.221917027325463
3180	5.06300908	6.82718622197248
3181	0.105693148	0.0637492945442917
3182	0.3689873	0.472572935197685
3183	7.1970731	9.35059127265447
3184	2.7781327	4.00090955671429
3185	0.079260966	0.0958173733787234
3186	0.346927983	0.187512215398374
3187	0.216250245	0.194133830578889
3188	0.110916753	0.18549403432402
3189	0.31849254	0.322519695
3190	0.127571552	0.275828211966129
3191	0.053668242	0.0634834721622093
3192	1.8674881	2.61221709514368
3193	0.056201185	0.0896774756950666
3194	0.10446223	0.0857832737042857
3195	0.045471116	0.11017426306625
3196	2.36418351	3.51670410854844
3197	0.082105702	0.22752667748069
3198	0.195542998	0.234955431165315
3199	0.046095964	0.0954041329176111
3200	0.38070805	0.385212627562222
3201	0.52839734	1.0082101002495
3202	0.1246367655	0.152064401481458
3203	0.121144868	0.393087276614583
3204	0.080102649	0.210654774204167
3205	0.076246552	0.249655659686937
3206	0.274089375	0.401189891213235
3207	0.145198378	0.0901364942474748
3208	0.173991956	0.247032790248438
3209	1.23549861	0.970241257542857
3210	0.073681718	0.117070578373874
3211	7.0475448	9.33819278845238
3212	0.21089078	0.394744083157576
3213	8.34079621	8.95355574401111
3214	0.0602334205	0.260958529736823
3215	0.43465302	0.360026746453333
3216	0.065563038	0.13768307389902
3217	0.048212312	0.151659573743943
3218	0.2259376	0.106245811033333
3219	0.34868892	0.823716349853241
3220	0.21974148	0.56574406569693
3221	3.79265402	9.91043372511712
3222	1.07008535	1.03523159873704
3223	14.56754472	17.1119859470354
3224	0.094819311	0.135227355294444
3225	0.232440815	0.264293228675214
3226	0.059389677	0.0733467816760714
3227	1.70214052	3.04282094945856
3228	0.65220514	0.590065280122024
3229	0.82927479	3.37640844185659
3230	0.11474948	0.151995742374702
3231	0.15594504	0.225404178189352
3232	0.77718097	0.437982548560985
3233	0.031427186	0.0937102076792735
3234	0.12795518	0.197117167327478
3235	0.05000393	0.188426281454273
3236	0.408457104	0.647513040238462
3237	4.4687945	3.59011963743056
3238	28.83149972	18.7181208972103
3239	0.054124484	0.235330909111111
3240	0.04693787	0.174639231361487
3241	0.24352395	0.424594914642473
3242	7.81415744	5.24655393615312
3243	0.257011338	0.332382630149462
3244	0.52328396	0.787218230507408
3245	0.07142817	0.144785371036667
3246	0.051160203	0.154108220203704
3247	0.66112826	0.946232221030702
3248	0.398690056	0.49691106660463
3249	0.109398448	0.105054829818699
3250	0.065418036	0.139146056414141
3251	0.195345324	0.325805226476667
3252	0.22483728	0.389651466731818
3253	0.126996014	0.159213101023529
3254	1.17035476	0.664950114228829
3255	0.135843448	0.171194828658571
3256	0.191543685	0.176537924038889
3257	0.87026306	1.13670100164896
3258	0.081912646	0.147301745399479
3259	4.9596219	6.89729893459009
3260	0.30757217	1.29431941452561
3261	4.42018495	5.60641190435965
3262	0.33196019	0.542754707975439
3263	0.170030746	0.163684997145699
3264	0.064703656	0.064997800253252
3265	0.36672023	0.293123763942982
3266	0.0663419	0.114653223821825
3267	0.037799656	0.080389454778373
3268	0.53460124	0.692224927355039
3269	0.054243857	0.168644903768293
3270	0.069507086	0.0761892958774667
3271	9.9697415	9.73438527026016
3272	2.2443625	4.19454016681667
3273	8.600607512	5.10752078486722
3274	0.25442273	0.369959821217544
3275	0.098887885	0.312643435496138
3276	0.58771274	0.120048957381522
3277	0.035115193	0.142695329946875
3278	3.210256482	2.41428848791212
3279	0.05861247	0.209131015193423
3280	2.19285575	1.62210466008384
3281	0.063800095	0.110313044624359
3282	0.025843121	0.0604318725959314
3283	0.383399953	0.240396016563566
3284	0.36842323	0.254526904739881
3285	0.039854095	0.0821661280768818
3286	0.199712888	0.0925396860207364
3287	4.23839285	5.55283588918982
3288	0.30171749	0.359952785921429
3289	2.9162824	3.6694078307598
3290	3.92957404	6.01196508963542
3291	0.031456467	0.0680768082942803
3292	0.092649246	0.117810572963377
3293	0.224494538	0.420959347544086
3294	0.077720721	0.0710092240395588
3295	4.76120588	3.9729046099592
3296	0.048935685	0.0956371497286458
3297	0.07582695	0.119042283345926
3298	0.094235975	1.00776654338803
3299	12.61787535	10.3675075664861
3300	0.254515295	0.28896984698547
3301	0.336068785	0.10122789300625
3302	0.27524791	1.21433613190694
3303	1.273674758	0.554315804515238
3304	0.074612423	0.128008606547024
3305	0.112493485	0.124088381678889
3306	0.041893474	0.0807526217214216
3307	0.0298348445	0.10016715970049
3308	7.88348947	5.62555156249537
3309	0.381529597	0.185914002504301
3310	5.6861107	7.13646361738726
3311	0.98386766	1.06651415154099
3312	0.28537478	0.494643829471505
3313	0.63038056	0.669197386967592
3314	0.14057132	0.385314352406838
3315	0.38293506	0.217723236670952
3316	8.9433242	9.95869911150406
3317	0.0826533135	0.120765611037048
3318	0.019371739	0.0784906600736111
3319	0.092593282	0.186303398314015
3320	0.109128763	0.145897359775969
3321	0.175050848	0.155892639756937
3322	0.089494704	0.14000220009881
3323	1.46548057	1.80498332548649
3324	0.193097406	0.129985018880159
3325	0.46768329	0.356872099913636
3326	1.82857237	7.22024397061667
3327	0.056701486	0.0842663202164142
3328	7.72261532	8.64842055081624
3329	1.97819583	1.21916780179425
3330	9.6756922	10.3410738206833
3331	1.10739587	0.823700702657895
3332	5.3357738	7.15589133072024
3333	0.09554533	0.231300906749074
3334	12.24248909	10.2194144373293
3335	0.157085106	0.0724410920621491
3336	0.125235294	0.29904248710641
3337	7.9457542	9.64632645699187
3338	0.119832618	0.408799493441176
3339	0.083256573	0.299577216487984
3340	0.207122744	0.140482247447222
3341	0.08460372	0.159495693374286
3342	5.3256775	6.53576855641667
3343	0.05741724	0.112715504563063
3344	0.116984682	0.206513236047368
3345	9.548909424	8.97459140165897
3346	4.86787685	5.77705017147369
3347	0.067112414	0.138291375586574
3348	0.076904312	0.261782731226423
3349	1.64200942	1.58633326527273
3350	1.419609732	1.73517457904826
3351	0.15892932	0.338005244837719
3352	0.032112245	0.0841014659696581
3353	0.0415707	0.0795024511209375
3354	1.29059481	1.97663300211111
3355	0.035336392	0.0605406497065
3356	1.01304361	1.53129043734722
3357	0.073062617	0.0989766146801136
3358	0.45006758	0.788518067304286
3359	7.11386482	7.08589747891471
3360	10.01976594	7.81997640649524
3361	0.0315963985	0.093030658920098
3362	0.102125054	0.16238738360404
3363	1.58415657	1.10058419098476
3364	0.116973405	0.165200129279688
3365	0.52573209	0.591824582530952
3366	0.063556025	0.117826599954321
3367	1.20237506	2.34808233949383
3368	2.038051113	2.12239293858547
3369	0.169523208	0.101297265092262
3370	0.063544772	0.0614850949743254
3371	0.40317222	0.569077655756897
3372	2.13777636	5.35625409261111
3373	0.166177124	0.231987030819892
3374	0.35854219	0.171593538876191
3375	0.48504293	1.3464624102312
3376	0.072471689	0.147367472964094
3377	14.12069897	9.60343823430555
3378	0.98123189	0.634893867886404
3379	0.0731651175	0.0802937287260784
3380	0.106641186	0.224705050064634
3381	0.20187355	0.206117391318699
3382	5.9086932	6.34313762452525
3383	0.282147236	0.219218729626471
3384	0.169735794	0.534828175325641
3385	0.0381494755	0.0795116059971429
3386	8.39296305	8.55239945751626
3387	2.7770039	4.54078147974755
3388	0.41791643	0.785368371575269
3389	5.17974876	6.04117738225877
3390	0.040943325	0.128407425929015
3391	2.24696379	1.11818835613932
3392	0.036400028	0.0828983338689655
3393	0.47843915	0.568167934980556
3394	0.73916588	1.57969354086343
3395	0.56884656	0.539734270620371
3396	0.115044144	0.188592223565657
3397	0.27062038	0.232121941297619
3398	0.075275164	0.203694153106579
3399	1.09589424	1.66377371565278
3400	15.29153172	13.4150246656752
3401	0.276990118	0.210160087284583
3402	5.47150144	6.22602948493137
3403	0.161636563	0.115981744049074
3404	0.67368833	1.50104376430083
3405	4.220011845	2.34877212383415
3406	0.1741045	0.132420276892857
3407	0.28867434	0.404951444764286
3408	0.047530873	0.0992964683169271
3409	0.077806246	0.159832515485833
3410	19.84203092	13.2970622851306
3411	0.220728665	0.101766152057364
3412	0.0818101577	0.0857827979558334
3413	0.85150099	1.46022469181282
3414	1.50814623	1.77156220928632
3415	0.34290871	0.567305079374405
3416	1.067346923	0.57814687960619
3417	11.578737	10.988786841641
3418	0.144355235	0.180481734628283
3419	5.1935073	4.39151683053535
3420	0.49931593	3.34759155970191
3421	0.059870815	0.0931862486061905
3422	0.184902269	0.116791915812319
3423	0.40955956	0.262635059484848
3424	0.99948087	1.31075099246402
3425	5.3788804	5.50641271662879
3426	0.28703107	0.159639870070652
3427	0.6356143	1.09751163548623
3428	0.8404627	1.97778564979524
3429	0.20868988	0.416558796055303
3430	0.27437032	0.589693699832593
3431	0.5535914	0.651583340421717
3432	0.060140982	0.0797473788433333
3433	0.056885354	0.153940823163235
3434	8.01900715	7.25120762194167
3435	0.101412657	0.0953328679
3436	0.089113058	0.122350351637398
3437	0.091485998	0.076839746189899
3438	20.43734199	18.9732205430122
3439	0.19557101	0.109208556889048
3440	0.092820321	0.107561106923684
3441	0.1830181345	0.121949746958333
3442	0.906946205	0.642138384254167
3443	0.072871722	0.141779290144595
3444	8.7679944	9.75083822569298
3445	0.046414778	0.0869633114456818
3446	0.070785043	0.0975986057368217
3447	3.731634922	4.56647393149298
3448	9.16022248	7.59264516856961
3449	0.312173486	0.261595777764706
3450	0.57832104	0.46549373163871
3451	0.33414002	0.905321962552778
3452	0.057905953	0.190283467425676
3453	0.32690415	0.640404418460753
3454	0.32233882	0.175913858394737
3455	0.084202065	0.357912287470614
3456	0.117987727	0.133265257132353
3457	0.105941821	0.370193330892857
3458	0.149273426	0.335894495818468
3459	0.052973507	0.149270354028095
3460	0.301161733	0.325632540923889
3461	0.067566385	0.217677771370202
3462	12.38196277	10.1505817277856
3463	0.036795319	0.0972064757494048
3464	0.180672157	0.162710297702857
3465	23.18877541	18.1031980308932
3466	12.40210067	14.7649238299091
3467	0.08676114	0.21227863032402
3468	1.14879933	3.89119850455914
3469	0.154121413	0.165336945610476
3470	8.9543588	6.86047566246429
3471	2.772319743	1.72203625036587
3472	0.047760679	0.0944981821666667
3473	0.071770102	0.128386410571429
3474	0.033163124	0.15067003697662
3475	0.26313948	0.382475267140278
3476	0.259970608	0.235829663981482
3477	1.2083042	1.84696842996581
3478	0.056415253	0.103173406432407
3479	1.691441823	1.0247817643451
3480	0.18419069	1.02437990296622
3481	3.67217507	5.00392253359115
3482	7.79705686	8.63197030701389
3483	0.114475214	0.164523253200439
3484	8.875615	8.95235753367949
3485	0.069249302	0.100558693310811
3486	0.1783127	0.550822934166667
3487	0.064119942	0.0957690022635238
3488	0.07898394	0.110730757121545
3489	0.047432029	0.092845082250812
3490	6.6237889	3.40879018423256
3491	0.095391013	0.0937227578874167
3492	8.08110664	12.208482859125
3493	0.095622015	0.146543630016919
3494	0.136774108	0.213641767625225
3495	0.140071613	0.118089383301667
3496	0.25922869	0.494638438628968
3497	0.188956766	0.764300289978125
3498	1.81741465	3.34653993211712
3499	4.97198097	8.60281970220614
3500	0.98866132	0.655252458318182
3501	0.34014386	0.864158782608974
3502	0.039407783	0.0859524867875
3503	0.68628545	0.871251193828431
3504	0.062104247	0.0699732488354301
3505	0.040860097	0.0795907953830953
3506	0.196405434	0.163367277625309
3507	0.24142307	0.491308632565104
3508	0.055624609	0.129441658307407
3509	19.99458679	19.226689332693
3510	0.086759704	0.093421378064127
3511	0.039381694	0.0675744840172619
3512	0.14410468	0.160284655492636
3513	15.6693858	12.4441583346481
3514	0.047355537	0.0713763317138258
3515	0.145926166	0.0708589423077536
3516	0.105466039	0.113639313986574
3517	0.25678798	0.28502852541625
3518	0.94239106	0.913480854155039
3519	1.3434831	1.02099783173246
3520	3.77280125	3.15299518097135
3521	0.30725084	0.592412084681579
3522	0.39034937	0.541087916979412
3523	0.258433613	0.175131961624306
3524	0.17391164	0.16786632161036
3525	0.171282366	0.154341878152604
3526	0.07875085	0.0994375821192308
3527	0.76746216	0.430561295446581
3528	8.7845621	8.08910939707051
3529	1.671539862	0.628231949741892
3530	0.132305573	0.115473374989352
3531	14.77974646	14.3193104027991
3532	0.70834976	3.50786009450043
3533	0.53753848	0.868814520110077
3534	0.345007525	0.360825617464414
3535	3.86695388	7.41162582692695
3536	1.00814536	0.821556522633333
3537	0.105004445	0.144333150493011
3538	1.46319203	2.10797860557381
3539	0.672052405	1.28096924302604
3540	1.559816	1.39303716284409
3541	0.1722984	0.103555019695476
3542	7.66656077	8.26908407170476
3543	1.6358566	2.25282801747222
3544	0.078974996	0.0931524098102041
3545	7.81294415	7.02797400483287
3546	0.21187241	0.728219217571428
3547	0.070036175	0.112144590543243
3548	14.2136178	10.2852711369708
3549	0.067321268	0.109084533843939
3550	0.96267488	2.61990393363258
3551	0.071348423	0.102716876403846
3552	0.085555255	0.0708406319355039
3553	0.69938138	0.377148532186765
3554	0.058763596	0.0620047189128049
3555	0.045091243	0.0806306056901961
3556	0.26971421	0.420964904090417
3557	4.9958978	7.01836342478205
3558	0.92837429	2.9916674847
3559	10.89098337	7.91903194111982
3560	0.050927372	0.148215474336559
3561	17.5124196	13.093362307377
3562	0.81328878	0.718830674331035
3563	0.40008171	0.621186719266667
3564	5.993806285	4.14561429794755
3565	0.176736455	0.478590933197685
3566	0.040833347	0.0473838297375
3567	0.667079006	0.515099023285556
3568	3.93772856	2.10283228471111
3569	0.033928637	0.0592174852644608
3570	0.352935357	0.118761832197549
3571	0.108083688	0.158015719944048
3572	0.052214489	0.125563212600794
3573	4.431431	4.17435280568651
3574	1.186981696	2.11543510351951
3575	0.039951565	0.108874310554167
3576	1.39902322	1.40304601491667
3577	0.057200336	0.17775981232549
3578	5.7911697	7.11312365754902
3579	8.57880953	15.6621920225567
3580	0.47875668	1.3583493544019
3581	1.02571687	0.6397488972325
3582	2.8628151	1.82434089709278
3583	0.585581504	0.473678745928095
3584	0.124817268	0.183288525407813
3585	0.086813107	0.0821535330023809
3586	0.044040522	0.0873729456283784
3587	0.18785978	0.189045253334058
3588	0.047389778	0.0896729468061905
3589	0.080931304	0.115238239588889
3590	0.242708936	0.349498532588542
3591	0.4211057	1.49454529096618
3592	0.183704815	0.114362090949537
3593	0.083198106	0.12614778625625
3594	6.0444131	5.30991428273737
3595	0.095953368	0.167297794185632
3596	7.4087206	6.22413989667667
3597	3.242469	2.51747757200694
3598	0.4740115	0.322389322490476
3599	3.624182	5.62195639140541
3600	12.73689588	14.8302816330972
3601	5.68237013	4.38848009193775
3602	0.27867504	0.479823245191228
3603	3.387025148	1.89263428207735
3604	0.068048054	0.127385010334483
3605	0.1279004	0.223971215786667
3606	0.038627645	0.0932518165666667
3607	1.60740762	1.23341640149359
3608	0.130558267	0.230956063848572
3609	0.087375362	0.23878454237197
3610	0.563362685	0.541828759263542
3611	0.6910106	1.1753068576819
3612	0.54115075	0.781554647358333
3613	0.112241276	0.652311136027519
3614	0.47757607	0.391249442916129
3615	0.3308803	0.475692370928283
3616	23.930546	22.459700689631
3617	1.17632529	3.05764786999675
3618	0.080743726	0.115957516002137
3619	0.091532869	0.0826962188683334
3620	0.027130656	0.0687484650648148
3621	0.110201966	0.0948535158135803
3622	0.211409634	1.62861314731713
3623	3.38264515	2.83755070782958
3624	12.62277184	9.59903513411951
3625	0.350002644	0.525712726174797
3626	4.3274997	5.1914431394902
3627	0.070391398	0.106855999895679
3628	0.089633027	0.134353675496212
3629	1.429900259	1.643750287875
3630	0.29088148	0.227350424714865
3631	0.038574445	0.150156260506349
3632	0.052359036	0.0708479937756944
3633	0.263401134	0.463855301120098
3634	0.157241097	0.163734806137387
3635	0.035034907	0.0590788524551
3636	4.008608985	5.65746086644769
3637	0.10666048	0.106457407130303
3638	0.064742125	0.0683273557458333
3639	7.81701884	7.72426970980303
3640	0.173631388	0.168789716286667
3641	3.73756164	4.22591143919118
3642	2.325377	2.73472339243684
3643	4.8723259	3.31726620702083
3644	0.073102104	0.0846982417419192
3645	0.079732649	0.121153170302183
3646	0.045426435	0.0900626939331019
3647	2.63032017	3.46602197095045
3648	0.0303997848	0.0503464292305769
3649	0.17135677	0.373164677230357
3650	15.044878	8.84846579210714
3651	0.063674142	0.147870369960163
3652	6.93254293	7.08067502273577
3653	0.07497707	0.0943011114280952
3654	9.9901092	9.12138643810714
3655	0.098848745	0.170350611209829
3656	5.2583809	5.98479783183333
3657	1.02078489	1.2697702137914
3658	1.48657628	0.672174195017708
3659	18.90686302	12.9986791756167
3660	0.8500844	0.793179447880631
3661	0.037718785	0.0830359562394737
3662	0.15555042	0.131972171608537
3663	0.0611625614	0.105218530521367
3664	1.20254684	1.68072517814865
3665	0.205215828	0.12933987236129
3666	6.34498104	6.5343587366125
3667	0.25420905	0.470973570806803
3668	2.34306188	3.67697840873016
3669	0.34668726	0.367081538985897
3670	2.6077713	2.36507889493182
3671	0.490145806	0.485362752647436
3672	0.47861929	0.614045360751587
3673	0.099728231	0.133881165459524
3674	0.47922661	0.184898693299603
3675	0.080959153	0.0901674189689189
3676	0.086714224	0.248793162711828
3677	0.098087604	0.0676913255896296
3678	0.97842821	1.8371156428037
3679	13.83794678	13.7077010262149
3680	0.077199232	0.337842128029167
3681	0.60394389	1.74875653275463
3682	2.517412	2.40436033083784
3683	0.165649056	0.625808974845737
3684	0.594403199	0.295113783983761
3685	0.076074167	0.102961747082895
3686	4.2624541	4.66482344707843
3687	0.100803214	0.192328742605435
3688	3.4745883	2.49293181409804
3689	0.29148899	0.504313563867619
3690	0.332767556	0.165089303095586
3691	0.4140889	0.642769812885185
3692	0.72769552	0.911473617508108
3693	0.054003495	0.0625200427166667
3694	9.54664516	7.71590905401238
3695	0.124410228	0.145205403765686
3696	0.270388668	0.131200096338384
3697	2.06617136	3.39284434743496
3698	0.061718613	0.342001767926984
3699	7.80869347	7.98503808535417
3700	0.057439745	0.0671003507749444
3701	0.041173194	0.134494546919118
3702	0.92638972	0.847354688468137
3703	0.163652904	2.12249778797071
3704	19.6116703	16.3709951171053
3705	10.77376283	7.11065181760859
3706	0.90403418	1.60423663696937
3707	0.027574081	0.0650374561603448
3708	0.189566187	0.164424455956306
3709	0.058176791	0.0754873588182906
3710	0.146313489	0.163557059410526
3711	2.29216027	2.06442707507752
3712	3.0372303	2.74931538262719
3713	14.55339918	12.4177054797
3714	4.932835817	4.53986680636716
3715	1.35576139	0.312962764876786
3716	0.113142662	0.11790680627093
3717	0.191677493	0.0973520966842857
3718	0.106007977	0.153099237885897
3719	13.1901188	7.94671616113008
3720	0.12382417	0.237916622880093
3721	0.10194597	0.11878630240085
3722	0.40032772	0.493849785333333
3723	0.032616954	0.0730564093230263
3724	0.050864635	0.105921472092982
3725	6.009754	3.80827770493243
3726	0.043767387	0.107266456908125
3727	0.180393167	0.528832339365812
3728	0.028334068	0.154891386044512
3729	0.047777319	0.108742775971505
3730	0.134750131	0.110620317825538
3731	0.073413569	0.092373420278
3732	2.082145193	1.67498495000813
3733	0.061126025	0.0713976167253087
3734	0.133515548	0.142225042263542
3735	3.78162255	4.36369369423256
3736	1.12658223	1.89266959667886
3737	0.634257884	0.76555642185812
3738	0.055658259	0.100971122469099
3739	7.10921343	5.83506099502381
3740	0.580068802	0.527948431837597
3741	0.354974035	0.332426296762121
3742	4.6572481	2.50156311237209
3743	0.08326514	0.158100090570085
3744	0.186804111	0.08219958437
3745	0.056240032	0.17374625566982
3746	0.95550159	1.7405460410624
3747	0.12857825	0.187203774327778
3748	0.41046174	0.527250593459127
3749	0.73256226	0.94287121331
3750	0.137897963	0.2381650555
3751	0.177068452	0.213338501012963
3752	2.2802303	3.50448072344444
3753	0.062854306	0.128663659168627
3754	0.199548203	0.345021962861111
3755	6.9101051	6.59968993192593
3756	0.104575127	0.0889589732486559
3757	0.123254103	0.250962933630093
3758	0.09855796	0.0613108860785318
3759	1.14612704	0.916326526044445
3760	0.41791541	0.429816046153604
3761	0.0355689225	0.14532413507807
3762	4.403909253	2.12435600857905
3763	5.11320534	5.21323078580488
3764	0.106455871	0.0911266531764762
3765	0.74788689	0.610038044904762
3766	9.910708215	7.94602497055324
3767	0.045901824	0.231210097128704
3768	0.299412526	0.325462798683824
3769	0.4458373	0.561516233755556
3770	0.053151155	0.10806445887197
3771	4.6445138	8.61187661303333
3772	5.002567915	4.50778044525
3773	0.108827243	0.109538967309118
3774	11.94764786	9.09337399553913
3775	0.103586575	0.177449410966129
3776	1.94762285	2.98378403810145
3777	4.09308022	7.24292229592583
3778	27.49917067	24.5630007061556
3779	0.098057328	0.0613653551179902
3780	3.8513284	3.41981259241892
3781	0.096940257	0.128921973463447
3782	0.1323631	0.130593393682778
3783	0.080172164	0.113058291429167
3784	0.081607638	0.149609836728862
3785	6.08195124	5.71372476603542
3786	0.068009369	0.295589519446053
3787	0.25411328	0.325637679115625
3788	3.5306764	3.15302917911494
3789	0.137565242	0.151229487809756
3790	4.70187939	11.6205366453434
3791	0.45549944	0.800755547473118
3792	0.188849894	0.217006857189316
3793	8.7772207	6.62192440091954
3794	1.8008672	5.54188292898438
3795	0.190594846	0.119446795510833
3796	0.08125163	0.0883907901252252
3797	19.9884942	13.0619386809884
3798	13.6502922	12.3764195261724
3799	0.410781404	0.685453882614228
3800	10.06501697	6.64348066362571
3801	0.289761505	0.58333895103876
3802	0.031934257	0.159082911116319
3803	0.258986388	1.2415401766455
3804	0.18304796	0.168349035442708
3805	0.091304481	0.109203406151149
3806	0.11942644	0.17902051672
3807	0.379799696	0.261976002647297
3808	0.076772745	0.154742560924286
3809	0.102801591	0.632908336289744
3810	18.25614892	14.7618115795667
3811	5.626091	6.65923334065278
3812	0.063027846	0.122902043922287
3813	0.65880046	1.38985864914752
3814	0.32425443	0.157033783939167
3815	0.115771617	0.467169756415315
3816	0.06815713	0.140217467553837
3817	0.133097909	0.139936935118571
3818	7.41832569	8.75992951639394
3819	0.16143399	0.138463159209959
3820	0.061053485	0.156925093864474
3821	0.4374089	0.813324837152439
3822	3.25629195	4.41779968506071
3823	2.0921126	2.2101742617549
3824	0.1914345	0.595846309265316
3825	0.30918868	0.63354220990991
3826	2.0221952	2.15117295565104
3827	0.088709185	0.111226828847748
3828	2.9132016	4.49002613808974
3829	0.063611114	0.151764812663889
3830	4.5909026	7.07362909844144
3831	0.097830914	0.114625153120052
3832	0.136160086	0.129122438829839
3833	8.96174663	8.39693277824762
3834	21.61970089	16.0782392443617
3835	0.299432115	0.226927175036111
3836	0.049186472	0.155952644465931
3837	7.8548052	9.26269198603175
3838	0.069017854	0.200405853392636
3839	0.68434808	4.82909505490873
3840	0.132843442	0.17377831606982
3841	14.2864015	8.70145070725
3842	0.34018025	0.71596555644697
3843	0.052226567	0.113424560332114
3844	1.56701767	1.88910496797143
3845	0.0587574355	0.117559317941313
3846	0.18085499	0.438057631033333
3847	0.713657657	0.273449719437719
3848	1.87715658	0.733057805
3849	2.92595607	3.36433324961222
3850	0.136231876	0.226744796484127
3851	0.365440524	0.725032817673148
3852	14.67576775	10.4828114673143
3853	4.266853885	3.38574882484314
3854	0.114846572	0.297410422095699
3855	0.244322018	0.120984072044872
3856	1.20978472	3.37618567740278
3857	0.269785182	0.126019833546774
3858	0.18971379	2.09962038152716
3859	0.09937605	0.0897692617227084
3860	0.47203932	0.571044842895946
3861	6.11739522	8.94797070857658
3862	0.72706492	1.86172698245905
3863	9.7564328	9.95085696871982
3864	1.085877165	0.855829735021622
3865	0.054182628	0.128302891171396
3866	0.408398933	0.415379634843056
3867	2.852143402	1.72088429023906
3868	0.12853618	0.208514073734483
3869	0.027727688	0.121492965628175
3870	0.116427652	0.182801085768981
3871	0.056601018	0.141049523445238
3872	0.116713534	0.268695040824286
3873	0.286985664	0.394629251743137
3874	11.3837281	12.8351978162176
3875	0.118481253	0.131530044802778
3876	0.368524	0.284802455028829
3877	0.87979173	2.77614061956322
3878	0.971636674	0.352360366475417
3879	18.99473978	21.7878024290399
3880	2.6568412	2.4924188679875
3881	0.63206484	0.831920617851613
3882	0.355510914	0.759102692545833
3883	0.46159807	0.998931715365741
3884	0.122646664	0.0983965252053763
3885	17.07020288	15.8455934315356
3886	7.09314476	9.54312316796496
3887	0.15402748	0.365845476861111
3888	7.23945164	7.06040055236434
3889	9.6564467	8.18456354687398
3890	0.30052696	0.681006480692544
3891	4.93471246	3.95639522827593
3892	0.114742414	0.278953077811364
3893	0.097514275	0.228329255192976
3894	3.1461647	3.48375455919608
3895	0.123820875	0.23930248155
3896	0.08810048	0.0958209648507143
3897	0.074662611	0.104964254965741
3898	0.111992466	0.163637686046512
3899	5.865932474	7.34574525232414
3900	0.19235967	0.236137944398276
3901	0.156431275	0.209134541109167
3902	9.62094896	11.4018179132051
3903	0.213235996	0.12320369437875
3904	11.69547524	7.86392131190351
3905	0.229857055	1.01911493961989
3906	0.911253458	0.331614702917442
3907	2.80997	2.76543326258064
3908	0.17161945	0.50275481025991
3909	0.117958551	0.0678230508045454
3910	0.0415079995	0.104919550084884
3911	0.328638185	0.793604047646667
3912	0.14755031	0.193499262047333
3913	0.127522823	0.631990951398485
3914	3.094333458	3.26161333122183
3915	0.131123228	0.204687305606202
3916	0.740815576	0.400055550725253
3917	2.13235716	0.631961755847968
3918	0.06684885	0.101600686788788
3919	15.80768423	15.8131420650794
3920	2.82496105	1.0570796166188
3921	0.5383287	0.588758641645529
3922	1.44600975	0.834581703792063
3923	0.693222186	0.709063054319231
3924	1.84337897	1.51542382421278
3925	3.5827374	2.04228657954286
3926	0.111911201	0.0719709936927419
3927	0.76951399	0.138228596611667
3928	1.64682168	2.36493238382946
3929	2.11224235	1.48832017566402
3930	10.42843395	12.9322289254889
3931	0.18268482	0.29158436125
3932	0.130490028	0.137957355825926
3933	0.068389776	0.138358719694872
3934	0.101990926	0.170163939177083
3935	3.5109361	4.46333715974031
3936	0.20159804	0.343186105155691
3937	0.230814885	0.107024166218095
3938	6.5729386	7.63926441828704
3939	0.03751893	0.0794651309664063
3940	0.045177979	0.0911859268828283
3941	1.16892763	0.99735796839495
3942	18.58965425	12.5106773799087
3943	0.29083899	0.5268237693875
3944	0.606202755	0.438137486827899
3945	0.064646948	0.0597098119784483
3946	0.042057201	0.0901259101639431
3947	3.8844657	3.31833669501754
3948	2.49674028	1.84804827081716
3949	0.072562601	0.11350196856453
3950	11.081278	10.0970142850702
3951	0.059548565	0.0863562726008974
3952	0.394606066	0.713617778209756
3953	0.149102413	0.121231938762281
3954	0.39072969	0.460052931134444
3955	0.065108106	0.0801654913762963
3956	0.31411562	0.160809110950427
3957	0.63080707	0.793098315912903
3958	0.153388334	0.237249717638571
3959	0.28225962	0.452621023518137
3960	4.3023307	5.44019305662602
3961	0.233198384	0.197041091987143
3962	0.161267776	0.270497392460476
3963	0.096734885	0.129449888661429
3964	0.07663084	0.112924294555342
3965	0.171843976	0.214814835708108
3966	0.42157515	0.448383637500538
3967	3.47520991	2.04880087606282
3968	4.9684517	6.14395105637281
3969	0.069037756	0.299781189400406
3970	5.45702235	4.49928750509487
3971	0.086994142	0.134385174495833
3972	0.081432324	0.315696850147059
3973	10.8278091	10.5440758304899
3974	0.30297643	0.349308198415116
3975	12.0505349	5.39610297654824
3976	0.89528503	1.22143671433088
3977	0.32915172	0.630513802116038
3978	0.13967255	0.112671992651563
3979	0.087281594	0.0778716667172728
3980	0.057888238	0.152215209923333
3981	0.088918899	0.466072636064228
3982	1.136341736	0.462745573029524
3983	0.22394924	0.492428049285318
3984	0.30369619	0.119534329235238
3985	0.32844641	0.466224254080833
3986	0.14464444	0.14679628093114
3987	0.66373959	1.92330355143137
3988	0.747083233	0.196904285989189
3989	0.073096984	0.111654527267879
3990	0.116296748	0.108136243961937
3991	3.755199203	3.61389950516556
3992	0.20268514	0.327397926475
3993	1.16232267	0.739484701036765
3994	9.27637368	7.61916837774479
3995	22.10016347	17.1903382162315
3996	0.082652783	0.319154151336111
3997	0.42563621	0.527742170226667
3998	0.151539802	0.0810526573212963
3999	8.30564049	6.91771793217903
4000	0.076801489	0.0938540079185714
4001	5.20129656	5.97253097901191
4002	0.152265056	0.126738041549896
4003	0.063386073	0.161583682728829
4004	0.33314355	0.737438275311966
4005	0.094063348	0.161343684240476
4006	0.21564892	0.434174424836957
4007	7.19658247	6.48512906536415
4008	0.050082324	0.0718507774486274
4009	0.12448813	0.10023145500914
4010	0.057074342	0.0539665921508929
4011	0.38772237	0.680576318215766
4012	1.60822088	2.86950051653704
4013	0.70146158	1.1600874263828
4014	1.49887355	1.02009435256491
4015	0.122251762	0.0944125851261616
4016	0.87406937	0.816918175464167
4017	13.24758532	8.84838436469187
4018	0.195059634	0.137818412007265
4019	1.60879774	2.14290770144608
4020	0.0765782983	0.0702360242747849
4021	0.166001714	0.648853839460784
4022	0.26490945	0.187609852314352
4023	0.25688038	0.071574938678869
4024	0.079751518	0.221600554045045
4025	0.090057133	0.0779083591972072
4026	0.087014944	0.165301343427273
4027	0.25497551	0.379708065951802
4028	0.041627394	0.123672569055208
4029	0.089474179	0.26826871186886
4030	0.158766475	0.609831933167619
4031	21.59157774	14.748267825401
4032	0.05885439	0.223952945437387
4033	0.048791772	0.119588240515116
4034	0.230787553	0.269828354026768
4035	0.35191685	0.512322941031111
4036	0.102739675	0.116316292644106
4037	3.65303703	5.41169274241524
4038	0.077792916	0.107599425668651
4039	1.46282546	1.68061666337259
4040	0.064122884	0.366497043327355
4041	0.13968322	0.621501705261261
4042	3.4590725	1.55486897425439
4043	0.090330764	0.116251446591146
4044	0.25016814	0.125985265796508
4045	10.4337153	11.4438072255278
4046	0.166439969	0.0760908130361905
4047	8.082061	5.73800777780208
4048	3.6531967	5.1014451592037
4049	0.092744706	0.143688914199099
4050	5.736421	3.81805207269697
4051	0.087658367	0.212803501016239
4052	2.4756267	2.02155649737917
4053	16.51715214	13.7694230390484
4054	12.8970715	9.69462827971491
4055	0.44904509	0.170019986792424
4056	0.36253168	0.509695261649462
4057	0.35066678	0.577012975624074
4058	0.1873192215	0.117756817169915
4059	6.925031285	6.17104308727157
4060	26.25404203	18.3615733459603
4061	0.32361712	0.234115385590104
4062	2.203902	2.31523350746825
4063	0.064994343	0.116545800110684
4064	1.55723994	1.40138426258854
4065	2.8751563	3.09266667137234
4066	0.18983826	0.0656087256965686
4067	0.84871787	1.9664507334359
4068	0.17257557	0.271980378117521
4069	6.4934635	4.46200010447475
4070	0.15124448	0.2119928417675
4071	0.058559212	0.120777336183943
4072	10.59456036	10.8967667031752
4073	24.7034377	13.3098742603333
4074	0.246433537	0.0872742120974074
4075	0.059535428	0.114439513206798
4076	0.96526075	2.12883964638906
4077	14.13956048	15.55554778375
4078	0.133076232	0.0774850927103704
4079	0.3919697	0.525000663231771
4080	0.48245698	0.617483564762821
4081	0.10623115	0.197172290405691
4082	1.169717786	2.61863639114778
4083	0.0404678235	0.0666975320309166
4084	5.81918004	7.69022534462992
4085	0.49891731	0.433755536731579
4086	0.122350572	0.0731828696144298
4087	0.052255987	0.142443225318478
4088	0.21572391	0.49484260617402
4089	0.026095575	0.105592056010746
4090	5.10091904	6.23279092925252
4091	1.04830951	1.26013224172667
4092	0.030817873	0.0827073449713235
4093	0.3987471	0.473345101887179
4094	10.5337116	10.6737502873826
4095	0.023939955	0.0976687451944444
4096	0.279580765	0.0905573417577519
4097	3.45126092	2.57074644062135
4098	0.054416409	0.0863938010155883
4099	0.75892207	0.652435569238739
4100	0.66250729	0.231521808127778
4101	0.21381161	0.963950338169355
4102	0.52427923	0.427843838752032
4103	10.80692373	12.9664709767928
4104	0.245136057	0.121827681827941
4105	3.067156753	1.77270931169957
4106	0.117671735	0.148364492704505
4107	0.147997784	0.140391781883796
4108	0.318463986	0.141007705429762
4109	0.107486076	0.246403607128788
4110	1.26503403	0.96768722325463
4111	0.064594804	0.0794191367748684
4112	0.387142924	0.797184231535185
4113	0.61193779	1.15077113071622
4114	0.08462776	0.110586159004352
4115	5.5367811	4.09884933757207
4116	0.102697725	0.0822647572835069
4117	0.222469935	0.0978402315163979
4118	0.21096201	0.161450942105051
4119	0.244297137	0.396880363287963
4120	0.065622717	0.0711174318205882
4121	0.96258147	1.75629223883333
4122	0.78266302	0.692943665914584
4123	0.127952246	0.131264105522549
4124	3.8049019	4.83047315412903
4125	2.236188447	1.23041784228409
4126	6.20549738	6.6677877376285
4127	0.78896987	1.31901016194144
4128	7.176186754	5.2421278312125
4129	0.09170869	0.115433081923437
4130	0.070791975	0.252733058271171
4131	0.94682368	0.88513667425
4132	0.160873475	0.570134768138288
4133	0.080722362	0.198370522869253
4134	0.25756057	0.424196678426882
4135	2.74414198	2.7291033336914
4136	0.260274946	0.255447759594326
4137	0.067708004	0.162205679107341
4138	0.80981524	0.786303310103489
4139	0.04825416	0.110819358477957
4140	5.21556094	7.19801903287195
4141	0.13381164	0.20847604020991
4142	4.1022319	4.39741701699708
4143	0.15845821	0.0897130038973039
4144	0.159669513	0.155780252127407
4145	0.225769632	0.196752056195139
4146	1.03806783	0.689386191778986
4147	0.47190498	1.48783564418594
4148	0.10955489	0.379292401225521
4149	2.73828524	1.06909296252033
4150	19.46308655	17.7548391562436
4151	0.107981015	0.126270379636111
4152	1.24047908	0.687234832383333
4153	0.61329855	3.02166238738492
4154	0.99727701	0.910231386714957
4155	5.3801235	7.71126227964228
4156	0.15326952	0.547477132046759
4157	13.3845318	10.603138813213
4158	0.089793562	0.143465104217742
4159	0.04785859	0.107850919673039
4160	0.52987418	1.1456803771101
4161	16.07753196	14.7333810292014
4162	0.082738009	0.0999146306632353
4163	0.119220376	0.102622577534921
4164	0.53188706	0.827981977324167
4165	0.123061215	0.131490856487268
4166	8.73560218	11.0834539024763
4167	2.02717616	1.86980763259634
4168	0.06285251	0.205603879211905
4169	9.06361544	10.370896039
4170	0.1240293	0.22097879190625
4171	0.070447471	0.424530671941667
4172	0.044478411	0.0997438627906098
4173	0.076824322	0.109544112015062
4174	6.55307815	4.17262235864667
4175	1.21224235	2.99218676047863
4176	0.037494467	0.0937744317245098
4177	1.0313849	1.34721410479658
4178	0.14488075	0.30873142739186
4179	0.2929922	0.442356989080667
4180	0.21357081	0.514177969145946
4181	6.0640115	4.2325344040641
4182	0.066792931	0.0992984240570455
4183	6.4388244	5.82850202962745
4184	0.21132842	0.569883222361574
4185	0.081130523	0.0793174639777928
4186	17.5761392	8.51750900148333
4187	2.713629606	2.6787695189807
4188	9.6044992	7.95913711648148
4189	4.481997193	1.84193553391207
4190	0.29926885	0.708088553450667
4191	0.23729647	0.597110905405556
4192	14.49197668	15.102360976463
4193	0.179396318	0.136970371644608
4194	0.120889298	0.105286370533333
4195	0.157768785	0.133052864722368
4196	0.093856525	0.292551154185938
4197	0.05514731	0.0979101591834343
4198	5.2148781	5.54306290509649
4199	0.06517366	0.107314623122368
4200	0.77817103	2.05555364006667
4201	6.53478744	6.97429676420238
4202	0.333704895	1.25051719717083
4203	0.11350629	0.0963642292136905
4204	0.053829042	0.106867317414762
4205	0.099612068	0.123852891927083
4206	3.553945	4.36081332693089
4207	6.06889657	5.02058312940404
4208	0.06408284	0.112299888187143
4209	0.308173882	0.0950791164897059
4210	8.63192036	7.52864828458917
4211	2.498961878	0.716095961604
4212	0.30230035	0.437520433006333
4213	0.68076359	0.58962923903
4214	0.79466195	0.836947166504274
4215	0.076361794	0.119346609901163
4216	17.8994901	10.1466341795901
4217	0.038740542	0.0790529306968055
4218	0.52526419	0.554195419247475
4219	2.4211545	1.13869714367094
4220	0.24986074	0.304021272851667
4221	12.58824013	8.79711784018572
4222	0.162637202	0.167209352573718
4223	0.44391489	0.734671217918687
4224	0.50275729	1.56433310944048
4225	0.202339333	0.209622480162162
4226	0.545739374	0.906784759273529
4227	0.248005239	0.139372523732222
4228	0.099110514	0.137385647401482
4229	0.084228682	0.216064497195417
4230	0.38856871	0.49874400475641
4231	0.48076165	0.563860093036905
4232	0.058180021	0.08508002111875
4233	0.136193562	0.272077461893011
4234	0.106197944	0.279421047550439
4235	0.111240347	0.0751155661285784
4236	0.28351244	1.03254528687067
4237	0.56008833	0.984985756032433
4238	0.21669406	0.295923652792157
4239	0.90579522	0.626780095139744
4240	0.223381545	0.183262366560625
4241	7.7614143	9.05433854305556
4242	14.144201954	10.0465059450395
4243	1.622913404	1.29712488699091
4244	1.02066816	1.57405704496465
4245	0.43084176	0.3414936855825
4246	0.95768899	2.88898951974537
4247	0.140635894	0.318468017304274
4248	0.0168548734	0.12044146809065
4249	0.106903533	0.129011262007471
4250	0.161322691	0.363820084269118
4251	13.5358485	12.0087086216396
4252	1.39033353	0.893234545342708
4253	0.099450272	0.0867766755774193
4254	0.22098619	0.174252417641429
4255	1.09918065	1.76683303390524
4256	8.28987734	8.95350502577451
4257	0.042592643	0.135005727985093
4258	0.092436998	0.313213247459259
4259	0.102658244	0.127846433643089
4260	0.09617542	0.141766522949324
4261	0.74062609	0.466445582418421
4262	3.177653334	4.05520471021065
4263	0.69387259	0.316590728080208
4264	0.52216461	0.57622595264537
4265	0.20974653	0.344619665532432
4266	0.42336298	0.16050197004023
4267	0.369379205	0.403460940446
4268	0.151028815	0.320190854813218
4269	0.063052693	0.108245294330392
4270	0.067173004	0.169615265689912
4271	0.070238736	0.270667138811508
4272	8.21094691	7.99922447975619
4273	0.420111013	0.0913046125346847
4274	0.057263199	0.11822157026534
4275	9.98239825	5.3811884977375
4276	0.06781643	0.215462916533333
4277	0.153419287	0.0991802690138889
4278	2.62693127	1.02114528231381
4279	0.3643305	0.816297691226961
4280	0.73572962	0.957523298274444
4281	0.115878615	0.10081459452039
4282	0.070248522	0.200241390213258
4283	3.114916412	1.93360207249444
4284	6.31231728	2.13341223503063
4285	1.02692418	0.97017946370202
4286	0.92487243	1.14699367988939
4287	0.23412364	0.810296660069444
4288	0.089077205	0.0925776821423809
4289	0.37113292	0.351280794329902
4290	0.5996283	0.607293924511905
4291	0.22032008	0.346722953444715
4292	0.083406288	0.195058604944762
4293	12.25167504	10.2720688204762
4294	0.071845099	0.227070804745
4295	0.085414402	0.0882033909707071
4296	0.1186688	0.0734116672936842
4297	10.1654078	12.5220000573889
4298	0.101643844	0.0990995537263675
4299	0.065879347	0.0523354149058824
4300	0.057798498	0.0916962373837607
4301	0.079482382	0.166724328214865
4302	0.047069535	0.0837202535945946
4303	0.477234476	0.525390493580303
4304	0.494131038	1.54411513624279
4305	0.081321802	0.0840989635061905
4306	0.057291273	0.166783738551316
4307	1.26302513	0.72685376797193
4308	0.44466601	0.698505936880702
4309	10.33829505	11.2984832229433
4310	0.086627416	0.111737711838571
4311	0.150826315	0.111553848811261
4312	0.81967887	0.392321145616111
4313	0.52939258	0.794695095660417
4314	0.059142395	0.0877759361502977
4315	6.21599984	4.17508024063889
4316	0.28029345	1.35997104080175
4317	0.46284127	0.992688397872857
4318	0.16773049	0.161938870576068
4319	0.060707133	0.0788004754180108
4320	0.079867343	0.369714511132432
4321	12.8080326	8.67476822902917
4322	0.08061305	0.104025762352033
4323	0.308424188	0.330887414111333
4324	1.06417902	1.53398765546847
4325	0.9670885	0.719320307933333
4326	3.9885596	4.65754793978125
4327	22.41296345	17.5108989845699
4328	0.092719089	0.07867819385
4329	0.55614764	1.9848537158
4330	0.06248825	0.109294460921569
4331	2.09271542	1.0198032739549
4332	0.047787576	0.0826951643091667
4333	9.974666495	8.59960376911204
4334	0.11064431	0.17225812066131
4335	0.325356289	0.116873770365447
4336	0.074788424	0.104174160402917
4337	0.20368925	0.185420145663675
4338	0.024176079	0.0527550256585058
4339	0.28196545	0.47424811137027
4340	0.053549749	0.140580535938172
4341	0.36463609	0.491477686881863
4342	0.121223811	0.172176131533333
4343	0.276326422	0.358746435066667
4344	0.08836529	0.143464021418018
4345	0.86974116	0.772364329219445
4346	0.110816535	0.145639935283333
4347	0.155430196	0.132194979411765
4348	4.2684422	5.53899263557317
4349	0.152193203	0.187329364781532
4350	0.055996828	0.108378123798519
4351	0.118638557	0.14029265975049
4352	0.15393174	0.155074580505714
4353	0.52137585	1.9922249950406
4354	0.148684074	0.118101954170238
4355	6.269688516	6.5049933474812
4356	0.183204426	0.625618947767117
4357	6.44736964	6.39199452202393
4358	0.060037669	0.0930755936121621
4359	0.0980877	0.315611626553968
4360	7.4557248	5.20475787794716
4361	0.59184652	0.7488829463125
4362	0.33053422	0.344720020111404
4363	1.112928994	1.14297585305935
4364	0.201113326	0.153176556610753
4365	0.226510268	0.183873493754504
4366	0.45940057	0.644050260585859
4367	1.436950065	0.819318154642735
4368	0.140254884	0.234963781913979
4369	0.86461299	0.570228442212613
4370	12.06798903	13.8501762091429
4371	0.035629012	0.108748973701389
4372	0.190197229	0.279022909653571
4373	0.640487	0.849443410921333
4374	0.069367854	0.153443174928095
4375	0.10222203	0.0972074316992424
4376	0.071583066	0.265366421079412
4377	0.110705527	0.236035235748485
4378	0.075370952	0.26146460068
4379	0.233853326	0.239960547313704
4380	0.45523098	0.401486419575556
4381	5.198882417	4.37399490962986
4382	0.3899007	0.391903341162745
4383	1.55760947	1.16947930411712
4384	3.396996	2.99341428468182
4385	0.054444282	0.198852655201852
4386	3.137259185	7.57137796038158
4387	0.051250275	0.161106551874621
4388	10.9528837	13.2978397237238
4389	0.087877863	0.060372141166092
4390	3.4625274	3.42256725630873
4391	0.185506257	0.159603330695528
4392	0.096732753	0.0836469831102193
4393	0.200925555	0.211650629106667
4394	0.668957445	0.716623238466666
4395	0.119185836	0.17137841310404
4396	6.5054969	4.44916738155882
4397	0.090414923	0.160468569439024
4398	2.3559484	2.61513056555303
4399	0.103768781	0.112072514734247
4400	0.099188398	0.123079310274713
4401	0.355689718	0.214517597706034
4402	0.6800563	1.81045912783772
4403	1.013321694	1.91875450566574
4404	3.4391324	1.49655716661574
4405	0.059862333	0.113925553654688
4406	0.0598351855	0.0897264098034188
4407	0.46887856	0.419850515202315
4408	3.887065986	4.79825945587162
4409	0.163008393	0.116520930529825
4410	0.3914499	0.17177458361092
4411	0.38734545	0.427045599309596
4412	1.07475743	0.716016579718519
4413	0.42235104	0.765266758528571
4414	0.096220497	0.444465600646154
4415	0.034689997	0.101588357134483
4416	0.082482151	0.113886183299286
4417	0.139796748	0.245406383984959
4418	0.036329604	0.0983870856754065
4419	20.7386629	17.7804451175231
4420	1.11520541	1.54984419047973
4421	0.26239833	0.396863871132716
4422	0.07070449	0.136233578413514
4423	15.32284393	15.0315823247361
4424	0.066127391	0.116423703684314
4425	0.05334262	0.0767029423360294
4426	11.3497236	12.3962571136057
4427	0.708617744	0.280235202568981
4428	0.035653322	0.0995422477050439
4429	0.12936236	0.301819728738333
4430	0.103263408	0.199367722229885
4431	0.80868849	1.08432809665766
4432	1.9042545	0.542532959538739
4433	0.179181603	0.187702050413441
4434	0.28203256	0.328171934380081
4435	0.037136026	0.0710234413515432
4436	0.160283205	0.246974020751626
4437	0.061378809	0.104654101441312
4438	3.13946733	1.73969321298088
4439	0.137384516	0.127676315312222
4440	0.26193423	0.24258753867973
4441	0.093907564	0.0876344957297349
4442	10.70511492	10.431668277849
4443	0.157981004	0.118394651475219
4444	0.038240465	0.150797122742593
4445	5.61889448	6.89256948785294
4446	0.099644159	0.140352956001938
4447	3.42264776	5.28245989849187
4448	0.02808584	0.0758313486116216
4449	0.114974546	0.133747793740509
4450	0.185909247	0.404223539572727
4451	0.275288037	0.156389702375
4452	0.373543274	0.515034521631046
4453	16.35476734	15.5354087166458
4454	0.105883927	0.116241732858915
4455	0.28246651	0.208145338109722
4456	6.6585731	7.03521963057222
4457	0.410704135	0.177936745106771
4458	0.280296494	0.405048599951802
4459	2.7972845	2.1210402742735
4460	0.39108609	0.385953721199259
4461	0.59613905	0.521413557797549
4462	0.149369106	0.177838912720238
4463	0.390233286	0.234155944063462
4464	0.082551889	0.156862014031429
4465	0.26968809	0.485221093528148
4466	0.21520349	0.371651832976829
4467	4.26485248	3.12292174545726
4468	1.21107117	1.78203836669167
4469	0.132576603	0.0913179854969697
4470	0.145378263	0.33408681291875
4471	0.037618766	0.0856255506206349
4472	0.044734598	0.0869190300744962
4473	0.28171562	0.483825806838372
4474	0.39434099	0.406035344490196
4475	0.2380531	0.250528682352137
4476	5.398574612	4.20927802776435
4477	10.1098987	7.75114694693617
4478	12.41052844	11.5914074240215
4479	0.47987033	1.03600644063381
4480	0.125505424	0.355551383892857
4481	0.068062946	0.178994976257353
4482	0.765655725	0.595522251114333
4483	1.57196274	2.33046802700952
4484	0.048706118	0.0884938768937719
4485	1.59928848	0.766478543134375
4486	0.090886055	0.227037657781395
4487	3.1648917	3.97034513543089
4488	3.46995566	3.20231940567742
4489	0.47010088	0.416414355583333
4490	0.10096385	1.13345282636333
4491	0.085123244	0.0915785146433333
4492	0.21729861	0.162566762637745
4493	0.04713803	0.151256590855851
4494	0.072304057	0.077821393489966
4495	2.095514	3.84724107872222
4496	25.0800248	15.4123819497803
4497	0.046960497	0.0956161039631945
4498	0.42376366	0.712912057081081
4499	1.58612264	0.819199315364
4500	12.36417968	10.8154710747387
4501	14.74800919	17.7657587106111
4502	0.047195956	0.116750716326389
4503	7.6463893	7.23628120352525
4504	0.40369224	0.462942257269512
4505	0.066872042	0.118967600311782
4506	0.09229853	0.285484122125532
4507	13.48629359	11.2303500568181
4508	0.20572091	0.18300741015977
4509	1.0273165	1.02028074333721
4510	0.034087075	0.0925873486820513
4511	7.50295973	5.84660023159921
4512	0.72095793	0.330738005811728
4513	0.51092157	1.35430939467677
4514	0.088705927	0.130087494613964
4515	12.1403578	10.4190521621771
4516	0.154651902	0.212931611827546
4517	3.5621192	2.51771060196154
4518	21.45595157	16.7394519129912
4519	0.093502882	0.334648087216204
4520	0.093854015	0.0973785753494872
4521	0.57903573	0.586771595862963
4522	0.174358382	0.134281095712366
4523	0.562770987	0.273682971052604
4524	0.049791373	0.0663921335279915
4525	0.14389748	0.485753023473016
4526	0.25405536	0.356723362893333
4527	10.62318852	9.84629401277429
4528	0.59126966	0.768384915699099
4529	0.168750625	0.160334444248198
4530	0.45707143	0.516820878904054
4531	0.232452345	0.352062093225926
4532	0.18085359	0.589152770175676
4533	0.108158415	0.0708641726445313
4534	0.44611278	0.70372235152381
4535	0.053487996	0.0728303361225
4536	0.195085957	0.113097429060417
4537	0.57667708	1.03155723245699
4538	0.046586189	0.111003495026471
4539	0.356058	0.587644470477193
4540	0.152175099	0.0751486295895727
4541	1.26552801	0.935725867109091
4542	0.92227955	0.775172290728283
4543	0.7144764	1.88250514453659
4544	1.899390406	1.0091636929621
4545	0.343211816	0.53114836966
4546	5.19038311	11.0737665692626
4547	0.085837903	0.129019293619658
4548	0.080762274	0.0810716266509259
4549	0.151167203	0.0969133511482433
4550	9.3363004	6.12527597231081
4551	0.06197447	0.119617596834829
4552	0.314618904	0.352486072874123
4553	0.26499113	2.00217110039474
4554	0.081551506	0.0985164558097561
4555	2.8128988	3.42541305921429
4556	0.17969241	0.217020811730556
4557	0.191208605	0.151603320617886
4558	0.144309652	0.123871045942424
4559	0.031898653	0.123924650024762
4560	3.06508224	1.12990824766496
4561	0.078648895	0.139862067
4562	0.14883489	0.23943540589899
4563	7.6576856	12.9543885679744
4564	0.14396913	0.295824940659314
4565	4.8300085	4.2289555401625
4566	0.2112203	0.2740913392875
4567	0.177553144	0.178172690291919
4568	0.079498399	0.238815357866204
4569	0.148289455	0.178771771906504
4570	0.105952893	0.16980943644625
4571	5.73370511	5.68840082655081
4572	0.75821588	0.932607459021428
4573	1.272126136	0.761548589914865
4574	0.108017346	0.16966182053
4575	0.241894725	0.437769266772222
4576	0.25413366	0.342705214947619
4577	0.37931368	0.334503221974786
4578	4.14546904	11.1723530711773
4579	0.40292413	0.707506711808537
4580	0.16558597	0.155190432761111
4581	0.120377387	0.128855999437209
4582	10.74503132	11.2765192490794
4583	0.44981131	0.218912340453448
4584	0.293851007	0.182738142112179
4585	0.148072807	0.109838252069271
4586	0.27497051	0.170522277057083
4587	11.5265227	8.68501894708642
4588	0.09976637	0.115999838680233
4589	0.062919986	0.125342558362121
4590	1.5623361	2.36186184798925
4591	0.62121912	0.461087112600758
4592	18.33117462	12.0204830157051
4593	1.1528684	1.44773899718939
4594	3.26493316	6.06276188640991
4595	0.250182167	0.164759400419737
4596	0.037089717	0.0715027945187805
4597	0.32232376	0.314463008627619
4598	0.474176756	0.346942632999167
4599	0.096237644	0.393064309357778
4600	6.953645	7.39314745570833
4601	0.132149315	0.216026714987143
4602	5.17376693	8.32323379819792
4603	0.87822079	1.88111730448925
4604	1.50962	1.71682489834048
4605	3.39889797	2.93962068184923
4606	0.681119	0.66514946101579
4607	0.042924718	0.0886386675782381
4608	0.029278491	0.0590867761982906
4609	1.8492845	7.1072944644697
4610	0.217167172	0.104406411268571
4611	0.20189955	0.569619433802222
4612	0.29965245	0.998116262565657
4613	0.080684846	0.13270630607027
4614	0.54668554	1.13119208507851
4615	0.062996946	0.167709924514444
4616	25.77939938	17.0937519251458
4617	0.091986015	0.104877249561538
4618	0.097714992	0.121167600803431
4619	0.97755422	1.64157348933559
4620	0.030298325	0.0864271813536458
4621	0.088696642	0.262841407077899
4622	0.115239862	0.143819580115657
4623	0.57812144	0.805367694413158
4624	7.2561446	6.869055921625
4625	0.055511108	0.0904280285987805
4626	0.10447507	0.873940905442105
4627	0.076810348	0.0923750024873423
4628	21.97050785	13.0574727060278
4629	0.41452718	1.05926360053604
4630	0.081218978	0.48020518401125
4631	8.018221	10.213181167119
4632	0.174751724	0.883859666461743
4633	0.69107694	0.884741966742929
4634	0.066510493	0.0973019918096774
4635	12.98838316	15.8317602579074
4636	0.164136326	0.2070344303625
4637	9.77634956	8.06061262504839
4638	0.098918724	0.0814808397762626
4639	0.0251539634	0.0581376712311508
4640	0.101538349	0.213090864637963
4641	12.59905278	18.8878815696078
4642	0.18149348	0.286420438982843
4643	0.05004558	0.154948329951515
4644	0.083207438	0.148966516233688
4645	0.118524453	0.178213345165789
4646	0.044959426	0.0898503463709259
4647	0.036437482	0.0934840529678161
4648	0.11089885	0.0876812543823171
4649	8.009436	7.53215160067241
4650	1.02646304	1.94834435943889
4651	0.081502683	0.0924711996103174
4652	0.152428016	0.798556912510784
4653	0.13267638	0.121620143889412
4654	0.067113586	0.153124781478862
4655	2.842804548	1.24851350914952
4656	8.8469036	5.52239816633333
4657	5.212302916	5.45520104626531
4658	0.086833	0.468067327916667
4659	0.187765846	0.579480332208602
4660	0.042081155	0.0689048290089706
4661	0.83402169	0.744113148661364
4662	3.313558215	4.10119192198056
4663	23.63823032	20.9209601405323
4664	2.95863226	2.80861610619658
4665	0.22788803	0.226097231688725
4666	0.5501383	1.75893305021762
4667	8.09852644	5.52803289906667
4668	0.42452318	1.22260453258293
4669	0.153992634	0.132957820465789
4670	0.092802245	0.231949017501755
4671	0.044103642	0.101237569203153
4672	0.123323524	0.182523292566177
4673	1.84918623	2.2086510338375
4674	16.87417165	18.7494208002679
4675	0.071279643	0.118074590166176
4676	0.135501034	0.268423681118095
4677	11.99487936	13.1976259426869
4678	0.07341695	0.117529927428889
4679	0.112036687	0.197189481073333
4680	0.539542086	0.402155180514865
4681	0.58354527	1.9588407518463
4682	0.827223173	0.38912860837561
4683	0.028621698	0.0643154840556061
4684	7.32625886	4.61070941026357
4685	6.72645726	5.89818007294643
4686	0.31345275	0.646889570762613
4687	0.336511354	0.290482418986992
4688	0.166706934	0.086292236451938
4689	0.2951499	0.572541718505159
4690	0.46290008	0.617760474706911
4691	0.239460255	0.155484095577519
4692	0.638935267	0.492207218011828
4693	0.132481032	0.11720261748172
4694	0.092413833	0.109312964199638
4695	8.42360779	7.69358446658235
4696	4.02417443	3.22367934006439
4697	0.202501	0.302756774036207
4698	5.9906708	6.86225806081771
4699	0.24884012	0.907486395299561
4700	1.647144146	1.17128997570694
4701	1.37838444	1.88053499665862
4702	0.160552561	0.066566531128114
4703	4.310052913	2.41822051121099
4704	0.133036598	0.0829532515884615
4705	8.4594431	7.18495135216667
4706	0.61082676	0.751990912713542
4707	0.39578713	0.765112029316667
4708	8.38575617	8.91742353079545
4709	0.07784058	0.122322546032353
4710	2.77358874	3.05771880110417
4711	0.042151462	0.074689949194
4712	12.3069626	10.2382546811429
4713	0.335937652	0.138409102749194
4714	2.39173516	5.45396707118561
4715	4.4977029	5.65341591243162
4716	0.048771639	0.07079412394
4717	0.033387845	0.163116400295714
4718	0.050201172	0.0968896421710648
4719	0.038519403	0.0681400833036325
4720	0.201128175	0.155018095036842
4721	0.038711853	0.0683613216521505
4722	0.57861503	1.96459953187696
4723	0.07263848	0.0962332812674243
4724	0.052225893	0.120522993811574
4725	20.06271316	13.9409427177222
4726	0.064598013	0.175374371506202
4727	2.96578253	5.92979403898834
4728	0.114557585	0.614362658166217
4729	0.058806732	0.115315417533114
4730	0.0449815675	0.106300306437745
4731	1.80762148	1.6236538221875
4732	0.38327633	0.402015350386765
4733	0.147999313	0.139421783435948
4734	0.262937034	0.484375904048649
4735	7.5972626	7.61483736220721
4736	0.100814892	0.172188455242803
4737	15.5160427	8.28255397712393
4738	8.97859884	10.449311710325
4739	0.173519455	0.403087669140152
4740	8.32167256	5.97866854165385
4741	11.92859795	12.0150901920038
4742	0.038817935	0.0959718490986036
4743	6.8925054	4.89770985569271
4744	0.547169326	0.246826815079688
4745	0.43050829	0.77683562390098
4746	0.044379543	0.0856628401558558
4747	8.18901895	6.9044137258018
4748	0.23591208	0.60141062213018
4749	2.09153971	0.752914939542262
4750	0.122979775	0.19286290906627
4751	0.16658329	0.563800465325225
4752	5.017269982	3.26044024697451
4753	0.3494848	0.529646236134615
4754	0.065544901	0.104918642056452
4755	0.39423457	1.67705718699781
4756	0.97366201	0.467005302173424
4757	9.8552047	7.82419792725582
4758	0.257002263	0.252255353821333
4759	0.36797844	0.447117661081081
4760	0.65424466	0.7876661329
4761	0.22257017	0.200369078133761
4762	0.081515342	0.242534347531061
4763	22.92175931	20.1964917755366
4764	1.89909555	2.11174638152033
4765	1.02697022	2.10420528462626
4766	0.43858567	1.17365770148597
4767	1.50525831	0.812881514402222
4768	0.278232037	0.458477597816204
4769	0.105245361	0.0926604061961539
4770	0.141629793	0.0839693491652299
4771	0.08953128	0.121145827471505
4772	0.94350028	1.44749128826346
4773	0.105073582	0.60069015587265
4774	0.32330764	1.48559736173333
4775	0.113795891	0.0867703973735898
4776	0.098297689	0.205761568472917
4777	3.0954467	2.40470027757143
4778	0.144683945	0.152805080327642
4779	13.440959	13.1008440910686
4780	0.122427743	0.584977812740909
4781	6.4017299	6.37300387855914
4782	0.15374241	0.144691678989773
4783	0.4036918	0.830056836378571
4784	14.38174477	11.2687668744019
4785	0.27929764	0.392827972606504
4786	2.8568944	4.24096982978572
4787	7.78058725	6.17292823549512
4788	1.46932368	2.84712988728049
4789	0.06624917	0.2449188927325
4790	0.26148138	0.711239781835088
4791	0.11212248	0.189474810563675
4792	0.097671043	0.1236979797375
4793	0.98696754	1.80526438020614
4794	0.44385751	0.331050785049019
4795	0.078778198	0.186632150605128
4796	0.60734237	0.773281686163596
4797	0.075685307	0.155862595321852
4798	3.3155852	4.03218380510648
4799	0.327352006	0.238636425553431
4800	11.66365308	13.0356618970375
4801	0.153362951	0.164248469661538
4802	0.0607692	0.0912882684011574
4803	0.120392086	0.155658647907778
4804	0.108688095	0.171601057095122
4805	0.67603266	1.64552107365476
4806	1.88809998	1.95656065916191
4807	0.21121966	0.27319378883491
4808	0.14246765	0.389027058957456
4809	0.12139362	0.112021095805
4810	0.042161276	0.12662847748964
4811	0.64803744	1.37975413093056
4812	0.291968679	0.127568912356884
4813	3.40693625	4.65283737332237
4814	7.76161755	9.97378823795946
4815	0.21259538	0.409538885484884
4816	0.048998359	0.100496970044872
4817	1.964335	2.49892454519737
4818	1.45464056	2.23478034414646
4819	0.032631135	0.107258608868062
4820	0.248142207	0.47676503421828
4821	0.07839311	0.0856844912560185
4822	9.8761633	10.2669214202342
4823	0.063692251	0.218116547200476
4824	3.4263901	4.63859843774242
4825	7.93100164	6.08759886042197
4826	0.133284129	0.0630425705628205
4827	5.9965094	7.8363523145381
4828	0.181941905	0.402080139503742
4829	0.87694057	3.22819732735983
4830	0.121929593	0.131284567930645
4831	1.0502675	0.967831758722222
4832	6.18519345	6.80845755725926
4833	5.2197651	4.60315478376961
4834	5.2721047	6.29798783331482
4835	0.05303047	0.0748615656022523
4836	1.20106981	1.51787059993548
4837	3.461256267	1.67615288476535
4838	0.080560997	0.29361221423125
4839	0.192221569	0.0863941223769893
4840	1.61497044	0.857370833887917
4841	8.83986881	6.88824692982071
4842	0.144961907	0.364754905418056
4843	0.14981717	0.19554663356982
4844	0.13930061	0.169314223216228
4845	0.042173892	0.0848868545833333
4846	0.22069251	0.729317590789899
4847	0.1305605755	0.11128842101256
4848	0.265489645	0.245832039753333
4849	0.0256848245	0.07544060122
4850	30.80259473	21.9263642752479
4851	0.83821946	0.936838306986667
4852	3.94334169	4.74230646213636
4853	0.217206155	0.104392541146667
4854	1.3989828	1.00609496118627
4855	0.078515519	0.178840965476754
4856	0.047424349	0.127577548713979
4857	0.044961954	0.323481827484946
4858	0.026109762	0.0881413076596492
4859	1.72918516	0.783550741571569
4860	0.088507563	0.114263213627027
4861	1.90726606	1.18127040523829
4862	0.13445407	0.142459990515909
4863	23.4790925	16.0795943238009
4864	0.228558224	0.677618631743011
4865	1.23570871	0.888626178565476
4866	0.85393894	1.66828294914683
4867	0.088922972	0.174217093151515
4868	0.096720803	0.0924535510944444
4869	0.051988337	0.0833803558368687
4870	0.81830787	0.801665436109722
4871	5.5792894	7.53865040023232
4872	2.69216355	4.1822155758964
4873	0.042367966	0.113194916167714
4874	0.591117433	0.331356183091954
4875	0.112958493	0.08875121153625
4876	0.3387011	0.5094223911675
4877	0.4867516	0.753896027705882
4878	0.22399216	0.492632575142593
4879	13.07600718	14.8286165856364
4880	0.0315322544	0.0896366088328948
4881	0.259289305	0.366637528219444
4882	0.071234576	0.0671450792323232
4883	1.4735319	1.43948003344949
4884	0.549241156	0.567039580731019
4885	0.46543113	0.548325097030882
4886	7.24421626	7.39358279425225
4887	2.0137922	0.812056024309127
4888	4.3698093	6.11201385195833
4889	0.311532846	0.209141619298246
4890	11.38631211	14.8061956621313
4891	0.023045194	0.0691371854597778
4892	0.288887285	0.606627971132971
4893	0.0507991	0.124936520134491
4894	0.8770197	1.19846326909524
4895	0.085262636	0.27775320416746
4896	0.0378321	0.0798307191010101
4897	1.04815985	0.63359474149321
4898	20.34192154	20.8359308590524
4899	0.145208674	0.263068304321212
4900	1.04727804	1.87989062869417
4901	1.09287306	3.03855757815
4902	0.507867346	0.111655521694643
4903	0.27804268	0.521284804209211
4904	0.059377656	0.140092705990789
4905	0.080345205	0.142393320007432
4906	0.036924212	0.0786696843446759
4907	2.9537074	5.47822795758772
4908	6.51468453	6.14236701976126
4909	4.640098	7.67020107307724
4910	0.132039049	0.219659825941429
4911	3.25212905	4.18192254612644
4912	1.97971918	1.56914166887121
4913	0.053474217	0.0956980834471545
4914	0.6828237	0.234053894991667
4915	0.040540389	0.0836395478943549
4916	0.50679507	0.495971510216176
4917	0.0328685	0.0910770267556911
4918	0.258396757	0.379651789359259
4919	0.095931989	0.0899078168125
4920	7.709693	8.2899007956886
4921	8.74357108	6.7884336406641
4922	3.72565268	2.55856709576622
4923	0.2391949	0.486442134718651
4924	0.41945919	0.6302959147
4925	0.276584435	3.1324119199565
4926	8.64811509	8.06280042990625
4927	0.25559919	0.275782351102564
4928	0.79977989	0.850251081949495
4929	0.42660299	0.394217163814216
4930	7.42656753	6.60308936169118
4931	0.27197188	0.37113381509186
4932	0.025644669	0.0853540126290991
4933	3.5048922	3.57679545525676
4934	0.34637437	0.371489151937619
4935	0.20111154	0.516797403081373
4936	0.395246406	0.297024968143162
4937	0.35484666	0.236323438855556
4938	0.087263543	0.0830665866266667
4939	0.064437504	0.158766219088034
4940	5.42765634	4.80451342561111
4941	0.02749007	0.0825495315867188
4942	0.064294478	0.138630968879915
4943	10.20538714	7.94060094058925
4944	0.058620909	0.0836515101878049
4945	10.5720842	5.2640588664
4946	0.227307003	0.304764314564352
4947	0.094568382	0.184941576042824
4948	0.0241889896	0.213901512627857
4949	8.1287499	5.93593840214583
4950	7.6164948	8.20214153785859
4951	0.10763892	0.0886229061927351
4952	0.035581145	0.0868956623324359
4953	0.24054753	0.0836074234097101
4954	9.7157675	6.42753733517241
4955	0.51768037	0.398695046545833
4956	0.31983254	0.534859313244318
4957	10.90474743	7.76751613023874
4958	0.8878713	0.849578591693519
4959	0.7350362	0.690791929238426
4960	3.78596809	4.88343454536524
4961	0.062814653	0.104513726905921
4962	0.4880624	0.398328191835526
4963	0.108407854	0.154731353803704
4964	3.83721847	1.48420784531667
4965	0.155137573	0.289944487884583
4966	0.200131895	0.127858557568699
4967	0.085191357	0.101729487912393
4968	0.063494602	0.10099502316619
4969	4.96376095	5.271947941375
4970	11.3792109	10.2452699225806
4971	0.50562705	0.779331290686667
4972	0.61797299	2.10418445566667
4973	0.93346126	0.78353249567094
4974	0.067430161	0.260195654208108
4975	2.29741046	3.11192022061111
4976	0.059210035	0.152216810607323
4977	0.81703265	2.05972575186191
4978	11.67111755	11.4430034347273
4979	0.102826427	0.0971292438893519
4980	0.860974866	0.807028728783333
4981	0.043726304	0.185267596255914
4982	11.93091862	14.4537271348252
4983	0.23135243	1.24879890422851
4984	8.54229235	11.1905775758227
4985	0.9868977	1.8035535809845
4986	1.4642955	3.00165921524786
4987	0.08831139	0.125663195507738
4988	0.24184442	0.497304824727236
4989	0.080548001	0.214108736519259
4990	6.4411943	9.40414565016667
4991	0.33393497	0.380772354908602
4992	1.29719976	1.70377921816917
4993	0.47109245	0.681883395271591
4994	0.16629716	0.138708400580342
4995	0.073528884	0.0832174873833333
4996	0.086272846	0.118149620573333
4997	0.129433983	0.112337483071795
4998	0.109525148	0.187166230728241
4999	13.6777078	10.3961185964828
5000	0.22006647	0.193779892677619
5001	3.9553129	4.81497442212162
5002	0.057385038	0.14506032875626
5003	0.111170928	0.103496108914141
5004	0.12571952	0.359941445145036
5005	3.9421281	3.42484252546667
5006	0.056322453	0.128568921614815
5007	0.124003636	0.229360481897531
5008	4.94598744	3.85282312458108
5009	1.38883806	0.911148599912037
5010	18.5178616	15.2131237282564
5011	0.58127719	0.945265858107018
5012	0.56002589	0.755776076568687
5013	0.08677046	0.101479072435714
5014	0.42129299	0.10186054545614
5015	0.085365512	0.121503316741919
5016	0.095539197	0.074067834319213
5017	0.38122739	0.537895435974806
5018	0.091020662	0.091947154059058
5019	5.53672386	5.01349416221354
5020	13.49330544	12.2117016836574
5021	0.04201207	0.148149475898958
5022	0.052281744	0.0642091190305208
5023	0.046369235	0.124447813951282
5024	2.235473574	1.05517898668851
5025	0.20959794	0.169284913259314
5026	13.2410149	12.7930009793775
5027	16.77587445	10.8869101578472
5028	1.896508906	0.255443516459402
5029	0.076016268	0.101703579253241
5030	0.65006679	1.24632733866048
5031	0.03384427	0.087351116745614
5032	1.081012588	0.866576455645176
5033	0.27924831	0.688680120199099
5034	1.3089572	1.06071666325
5035	0.062291883	0.283357809443254
5036	0.076225997	0.138945275183333
5037	0.32328145	0.81532781088
5038	0.060101522	0.103426719422061
5039	0.6976913	0.656217131337838
5040	8.98998167	14.3314512518153
5041	0.35765024	0.288152139492683
5042	0.041300153	0.0803140036895371
5043	12.6068022	11.051769270027
5044	1.20710289	1.288600913975
5045	0.095438503	0.0746099750036036
5046	6.3169024	5.31129388534483
5047	0.113451979	0.171911498322396
5048	0.032387224	0.0964035505523256
5049	0.076758643	0.112411855001667
5050	0.15708109	0.535905024247675
5051	0.06936834	0.203843894090351
5052	0.143223225	0.161919347466667
5053	11.5541872	6.5821855639054
5054	0.038008801	0.121699051881019
5055	0.68177321	1.11445224433419
5056	0.37880011	0.604638111910714
5057	0.084334564	0.103025461293464
5058	0.2485878	0.132467773216667
5059	5.76809112	7.26516439113974
5060	0.054780276	0.0963748165304167
5061	5.98078046	5.31020976603241
5062	0.23905936	0.539458107895495
5063	0.92505009	0.184857674992778
5064	13.5098967	7.53056659131482
5065	0.1886894	0.333281250929167
5066	11.60725	10.2068833401238
5067	0.77517135	7.31652721088095
5068	17.31864631	15.024598959125
5069	0.57541203	4.42748331584375
5070	0.07320413	0.0941087517083334
5071	3.0412784	2.0627919434328
5072	0.058614861	0.139866402447436
5073	0.0224879995	0.0587794316773611
5074	0.037589952	0.0760201999040541
5075	6.987229605	6.0207299769901
5076	0.140382393	0.577577318895727
5077	20.5014764	15.840426338325
5078	0.14538658	0.168969861218611
5079	0.197341633	0.204404927635088
5080	0.24662237	0.136383135194444
5081	0.032415499	0.0563998411977451
5082	0.29204862	0.245903687247849
5083	0.16424617	0.0812805555603175
5084	7.9611944	6.29880001734234
5085	0.23160315	0.187635167972685
5086	0.123101466	0.464359605522727
5087	5.196952	5.83890901673958
5088	1.42071071	0.797063093902381
5089	5.380631	6.74894204822917
5090	0.828160315	0.469347435351111
5091	0.27664991	0.159150410669907
5092	14.55371514	15.0078846866508
5093	0.119383346	0.0651293442017544
5094	0.07840279	0.08638644724625
5095	0.32428145	0.470779174096491
5096	0.134827788	0.0879937408719298
5097	1.8785705	1.82642222294242
5098	0.069129364	0.081160422518718
5099	14.83900126	8.46183350265986
5100	0.79798958	0.954855648085586
5101	0.29782999	0.195162077191429
5102	0.129709063	0.196489080928095
5103	0.55482265	0.679750278584946
5104	0.037893088	0.100939661106019
5105	0.48011005	0.437222822089247
5106	0.030491358	0.0831991703655376
5107	27.16208932	22.997703198964
5108	0.110784065	0.253817127129268
5109	1.5631755	4.93051173273188
5110	0.038013323	0.0770187496873016
5111	6.58943273	6.58147846636325
5112	4.7352957	5.95083172758334
5113	13.41684171	15.011730652251
5114	0.031934812	0.0968632586453431
5115	9.3847307	5.03620185249612
5116	0.17878862	0.217674216461538
5117	0.295127752	0.128306099673333
5118	0.359758589	0.180175913500735
5119	0.92198748	2.9151645802619
5120	0.120097585	0.0976727386277778
5121	0.126801217	0.182771491673684
5122	1.05917852	0.921477889404762
5123	8.01210736	6.34151657416476
5124	8.6708953	4.94177702422917
5125	0.167129963	0.495283398345714
5126	11.18172922	11.7997488836458
5127	0.09484592	0.212371502178283
5128	1.2967889	1.09876587678333
5129	0.025347791	0.216408418791146
5130	0.91938891	1.19565270939912
5131	0.328251984	0.685088376418627
5132	0.47264518	1.25073254160556
5133	0.079096358	0.1799469031075
5134	6.82551342	4.63391200714625
5135	0.10753174	0.333881139587097
5136	0.08850361	0.53181936980303
5137	0.084290501	0.173403390057246
5138	0.059422694	0.110763833993288
5139	0.211615038	0.103784568492593
5140	1.42602394	0.625123948701429
5141	0.134817572	0.104126761894444
5142	0.37939924	0.989609303617222
5143	5.8888582	7.19272075295556
5144	0.32581025	0.70943319785614
5145	0.057561573	0.0724562308203432
5146	0.0698833335	0.0942481680273148
5147	0.086810286	0.10047864686619
5148	0.12796835	0.173979666854687
5149	1.00386087	0.848623597912162
5150	11.13097833	7.93337038729259
5151	12.98384178	12.1461238320766
5152	0.02279368	0.0924363913002778
5153	0.74805731	0.816299674471852
5154	0.114809255	0.248525156971951
5155	0.400358757	0.485562696033854
5156	4.74373934	2.09950147606111
5157	0.7521458	5.79238989945185
5158	0.278825878	0.554331121454762
5159	0.093659166	0.102910857320191
5160	0.188934383	0.100376795564008
5161	0.029031751	0.0925032068041666
5162	0.70283512	0.517858073457207
5163	0.051801438	0.0740563936448718
5164	1.00968208	0.83067159318374
5165	0.155867172	0.125542914233854
5166	2.71082757	4.05184676087538
5167	0.227518756	0.410160224047748
5168	0.90258307	0.71762897579375
5169	1.29782816	0.707325969377143
5170	0.094549813	0.216580098832381
5171	0.06058434	0.0674618191170732
5172	0.56841019	0.514814161871296
5173	18.76538322	16.186412679536
5174	0.45540165	0.244629764164352
5175	0.4193702	0.579765057546581
5176	0.24470698	0.515432439531982
5177	0.236138266	0.26443989429213
5178	2.0923668	4.60851645157456
5179	0.051196846	0.0943528351114583
5180	1.38320861	2.32319233471717
5181	0.217844124	0.352024081376923
5182	0.050781894	0.218003979541667
5183	0.6393877	1.11830953982906
5184	1.4465684	0.657834902049593
5185	0.18711114	0.257489840183333
5186	7.61637936	7.04270953447083
5187	1.94560355	2.43584052208108
5188	6.600615794	7.80022182745349
5189	0.041898714	0.0712788630543011
5190	0.220630613	0.297191580921569
5191	0.094960213	0.156852764178261
5192	1.76550146	0.745693912477604
5193	0.11538982	0.327005471503087
5194	0.084076394	0.211228257328646
5195	0.129467575	0.0832448426808823
5196	0.645010074	0.299381687917083
5197	1.38367287	1.29390136074762
5198	0.097931683	0.432232582889583
5199	0.152160871	0.15180257660816
5200	0.12984667	1.1365189318399
5201	0.1990122	0.209265951578431
5202	0.121896678	0.120031586540541
5203	0.133313456	0.123482600917105
5204	2.7719625	3.60930013947287
5205	0.080339005	0.270085495974583
5206	0.05126084	0.0962045813666666
5207	11.05330662	10.5460311956504
5208	0.41626588	0.49449605870125
5209	0.0751567	0.670679643930488
5210	0.106670414	0.0942113043003546
5211	6.73035827	10.6945743066373
5212	18.25951603	16.4172776309242
5213	9.8374842	9.94814846275757
5214	0.098459423	0.559562008336364
5215	0.129894014	0.173820555566239
5216	0.051562725	0.126146548766422
5217	0.111973759	0.0929143769558558
5218	0.14642975	0.410453501904546
5219	0.09065128	0.114493784699286
5220	0.19370345	0.359821572420086
5221	0.15670381	0.0877015744037037
5222	1.54656198	0.9892660286625
5223	4.05835944	3.38470019286524
5224	8.17049433	8.03703253305583
5225	0.035038296	0.0889302295855263
5226	0.037756677	0.131829123789655
5227	0.47237035	0.690374870009804
5228	1.30093492	4.28855335171136
5229	0.047302996	0.0881619746299479
5230	0.22825576	0.177026310841667
5231	0.34935464	0.951449250999225
5232	0.082366057	0.131779812405714
5233	0.08338681	0.183650297629487
5234	3.0152696	3.14895945208537
5235	0.070642467	0.188151430370085
5236	0.12021548	0.115080119332619
5237	0.095172625	0.118593781522917
5238	0.104422299	0.102316224227037
5239	1.6420157	3.63461259425463
5240	10.941072	9.54014282142105
5241	0.102616512	0.110107830818235
5242	0.124007467	0.208749306255556
5243	0.32978168	0.649012470073874
5244	0.180801635	0.617854151233929
5245	0.117310585	0.126784978134524
5246	0.156265195	0.133484916869246
5247	11.09738483	9.40300366953378
5248	0.151318326	0.119849901006061
5249	0.116178857	0.0913828366551724
5250	0.039097485	0.0940744038042803
5251	2.06681294	1.17949650196667
5252	2.485261	3.67846577186275
5253	0.06759754	0.083795964378125
5254	0.435697526	0.188063043798582
5255	0.117601024	0.0911517422575269
5256	6.7206482	5.90020937125194
5257	3.689364564	2.03745984184095
5258	0.114022326	0.17328362837381
5259	0.34464248	1.24652500086629
5260	0.051935444	0.324196584378205
5261	0.089810424	0.157368706653535
5262	0.570086872	0.691489047063889
5263	3.12284791	2.44760834582286
5264	0.14804565	0.166971744390833
5265	0.146247461	0.152013437671852
5266	1.9887978	4.6754363856982
5267	13.83487365	13.9719817206032
5268	0.161525535	0.155866661446296
5269	0.146206606	0.10148331911464
5270	0.101252382	0.112431705127874
5271	1.74381473	4.64088636398062
5272	2.8206099	2.8742106859375
5273	0.77363331	1.0785319100363
5274	0.035303228	0.10270784141375
5275	0.314286604	0.182781837404651
5276	0.088838355	0.146948421575
5277	0.199233574	0.197623822488095
5278	0.222863373	0.154584830481504
5279	0.83601173	0.797520308535772
5280	0.031857342	0.121780183922222
5281	8.90141167	11.2777000535278
5282	0.046191752	0.0723281277329365
5283	0.25532274	0.763076011714141
5284	0.19956214	0.735433068237209
5285	0.34676601	0.459835085864198
5286	0.221310225	0.293891724322727
5287	0.199945695	0.26735099655641
5288	0.4562928	0.193519118551852
5289	4.96333447	5.982646896
5290	0.45517703	0.439687181645175
5291	0.89866575	1.17809983155833
5292	0.60325684	0.667743155429688
5293	0.175091698	0.119604232008135
5294	4.6433403	3.70247931769512
5295	0.314926635	0.827372481434234
5296	0.35277279	0.364683696493939
5297	0.265565976	0.318677536537037
5298	0.162681231	0.111423655825
5299	0.084032034	0.163318541488597
5300	0.435863065	0.475809139581982
5301	0.255980201	0.16994130736088
5302	0.046248867	0.0971593070313725
5303	0.097610822	0.15330073637136
5304	0.094714005	0.257276056373437
5305	0.103408646	0.226405116830833
5306	0.078235976	0.102880428364341
5307	0.0286718695	0.127299064975
5308	0.132082668	0.112480213826825
5309	0.381387554	0.65643120881746
5310	0.46034313	0.475147776883334
5311	0.26307516	1.18816486516667
5312	0.151522055	0.21084318137094
5313	0.13007913	0.567351455240952
5314	11.26632827	10.2558886549546
5315	0.074430714	0.104350554420088
5316	0.121540492	0.0971172420710784
5317	0.3591053	0.65826435292
5318	0.20888272	0.29082490299697
5319	0.105825432	0.189189044233333
5320	0.220187795	0.418512609608974
5321	0.086365335	0.114090561702778
5322	2.70616264	3.43718218333333
5323	0.104684113	0.147307499795175
5324	0.15253226	0.11259792093642
5325	0.101686269	0.16276676215
5326	0.54884014	1.08359962799804
5327	0.096538956	0.171981340819565
5328	11.2427204	9.98572870623577
5329	0.28202619	0.48174090033125
5330	0.364496163	0.372127435756579
5331	4.7366719	7.0520206619375
5332	0.109787711	0.128919639071354
5333	0.165732019	0.310824473904825
5334	0.74049716	0.937928513223214
5335	0.06823809	0.0932573231622549
5336	11.7266384	8.0417450371036
5337	21.1392067	22.487744759457
5338	0.172056522	0.137543641892983
5339	0.078170876	0.0813691075211111
5340	1.6512738	2.14220007405952
5341	0.33652386	0.373043415541667
5342	0.29896233	0.601070328608333
5343	0.064336634	0.125727872026768
5344	0.134367797	0.143790149927478
5345	0.087955687	0.194108813254902
5346	0.046772645	0.0902771876172043
5347	0.19790666	0.165964531550505
5348	0.52384538	1.08756921136126
5349	0.084300427	0.0704111067898684
5350	5.0681295	5.18371157342778
5351	0.209161005	0.101175342427586
5352	0.109262624	0.202121013281081
5353	0.159490054	0.238221224058854
5354	0.063574115	1.1156649446777
5355	0.060867842	0.312625443891453
5356	0.207801304	0.405919836123333
5357	0.162025002	0.271026234511616
5358	0.77256981	0.92280387520375
5359	0.204471676	0.0747250579234375
5360	0.244323378	0.096080168458
5361	0.142353034	0.201664955021759
5362	1.9416007	3.28781326169524
5363	0.061218945	0.143472250240991
5364	0.55437284	0.712899759720953
5365	0.330459985	0.537936091422685
5366	0.533259705	0.626275954456202
5367	0.4584849	0.390629950410833
5368	3.497253334	3.61424031765917
5369	2.1683597	1.67848540106548
5370	0.03357291	0.12055809609652
5371	0.245919835	0.615443231932576
5372	0.709535803	0.700503517456482
5373	0.66600876	0.353840546075
5374	0.070212475	0.141817654674583
5375	1.9406299	2.48999533498649
5376	2.60975646	3.84315454852778
5377	14.36940227	15.204296497518
5378	0.74404804	0.90911369346746
5379	0.09316387	0.106952792026239
5380	0.55430866	0.49560684085125
5381	0.07599568	0.140318142988333
5382	0.228319476	0.123748606246759
5383	0.144221703	0.256427643948148
5384	10.92848853	10.3904550951358
5385	2.468066	0.979491983561905
5386	0.90984221	1.16696606518286
5387	0.706867172	0.221244669320513
5388	0.095064643	0.157817577221296
5389	0.48275286	0.579393578330702
5390	8.9920458	8.13866505038426
5391	0.170282154	0.0617660539875886
5392	0.137450073	0.0820153977158602
5393	0.1466411825	0.0986144626918018
5394	6.2018949	5.09998333476423
5395	0.19334591	0.169158227115476
5396	0.24030977	0.365506515527928
5397	0.130595395	0.0914832044657692
5398	2.996946584	2.27963253816042
5399	3.936768626	4.29046441184861
5400	0.57321139	1.59198219714922
5401	1.5757489	1.33097458856306
5402	0.58793676	0.296799657619697
5403	0.1097132935	0.130878408730263
5404	0.145180393	0.121875551333772
5405	0.107920608	0.127113313038043
5406	0.48841524	0.32492156099495
5407	0.77946799	0.764554861945946
5408	0.81032058	0.834279161742424
5409	21.6532327	14.9867869745758
5410	0.303292486	0.404924330281982
5411	0.0503384125	0.0724541545669355
5412	0.0253275775	0.105116781107716
5413	0.27750604	0.473237628340741
5414	0.044816986	0.0811931849369048
5415	6.1825815	5.79343525012766
5416	13.8076287	14.8104041270231
5417	0.657064205	0.675914070039015
5418	0.436049697	0.379780528884211
5419	2.287882207	0.640803252138725
5420	5.02795287	9.00037943588974
5421	11.0328431	13.830938819652
5422	0.091176942	0.358739631855747
5423	1.84624255	3.68539832900913
5424	0.086340442	0.191353360715152
5425	9.54048857	9.9359780692902
5426	0.219505507	0.252430599994271
5427	0.34163793	0.55628145844899
5428	8.75895993	12.2636459584677
5429	0.165124905	0.0631252461272917
5430	0.089448098	0.164143832195496
5431	0.058174128	0.106801207824419
5432	3.83174945	3.72310044375714
5433	0.123401366	0.208672898879915
5434	0.120596575	0.260295936088889
5435	1.27069773	2.08367721681373
5436	4.8469919	6.21087600807143
5437	0.102355184	0.689597496491085
5438	0.099754278	0.214116583104274
5439	0.6916553	0.738941570403226
5440	9.03631793	5.458543794525
5441	0.26959238	1.37423265511869
5442	1.8062671	1.93325672700439
5443	0.060155116	0.130375457349573
5444	0.128359773	0.147314561780081
5445	0.025520912	0.0760198123717949
5446	14.02728696	12.350605474787
5447	0.061121225	0.0866754884230435
5448	0.29648656	0.279941633645417
5449	0.075186471	0.132803110919792
5450	0.06379346	0.105956220176471
5451	0.094156803	0.0996969599280702
5452	1.056384904	0.864204038878862
5453	0.78647044	1.02440283607632
5454	0.23932819	0.191563346621667
5455	0.0394801855	0.0827057759429293
5456	0.059283574	0.0763198434307292
5457	0.89343959	0.460521764340541
5458	3.1047582	4.2792009481579
5459	0.046032477	0.077346402068018
5460	7.45743979	8.80252351627265
5461	0.131976776	0.104417355472549
5462	0.85245249	1.67429106787778
5463	1.08158469	2.29095547992983
5464	0.157611997	0.11726281555125
5465	4.46724813	3.76046082056154
5466	2.95545777	1.55050454907071
5467	0.3683763	0.600097392244792
5468	0.22100258	1.11468032583864
5469	0.41941266	0.226126603316667
5470	2.2520561	1.62943926504928
5471	0.06640686	0.0760775602990476
5472	0.514029765	0.528428195398387
5473	0.20267734	0.421537124798198
5474	0.035168833	0.0696089866770115
5475	0.068905907	0.0995853065482946
5476	3.5655496	2.44702297827917
5477	2.615833	1.00650613194017
5478	0.21325287	0.305559768024603
5479	0.19846054	0.396602010527941
5480	0.330332725	0.39615443488374
5481	0.18629853	0.522908735778571
5482	0.06935506	0.0821928972134804
5483	0.87782399	1.01160398902094
5484	0.131152179	0.178506689131945
5485	0.29522723	0.592117215601852
5486	3.08012156	2.58392323943827
5487	0.21772495	0.417672209876563
5488	0.093200615	0.273244198736261
5489	2.846611477	6.4522345428995
5490	0.75247451	1.72085421159954
5491	0.142447422	0.144112329346667
5492	0.154689897	0.261178284148485
5493	3.2889415	7.2330908727807
5494	0.040634702	0.112349636926389
5495	0.07468164	0.085798384727957
5496	0.097802464	0.178856692465104
5497	7.19017813	6.75416456271239
5498	10.33377626	8.86185458108796
5499	0.098944299	0.14590699640045
5500	4.6386268	1.85215723213809
5501	15.15955273	15.4101261490156
5502	0.063640612	0.0640839258345
5503	12.4581487	9.31490981333333
5504	0.18906854	0.241077407707724
5505	0.189868535	1.1684291170088
5506	13.6104409	16.2796046236261
5507	3.9328889	3.76189019083838
5508	0.073401615	0.21455093234543
5509	0.116681644	0.26225295955977
5510	10.7245361	9.34350385244792
5511	0.75113991	1.08662471761525
5512	7.0744732	5.74174715096847
5513	0.102768217	0.170635149900952
5514	1.5201211	1.64298448369231
5515	1.9799296	3.67560267282292
5516	4.31752735	5.85978638158074
5517	0.1825321	0.247607474568293
5518	0.078238719	0.210676896347312
5519	0.132691153	0.225978844294762
5520	0.08682818	0.0751478745930702
5521	0.031802809	0.0647593733310953
5522	8.65925224	11.8027435945
5523	0.086485796	0.170272420271078
5524	0.203645545	0.154721019944298
5525	0.090452394	0.170297982794444
5526	15.08854264	9.79741628665196
5527	0.48513115	0.653134100453535
5528	0.30401626	0.544662549256944
5529	0.136992698	0.172070532154825
5530	6.3148667	8.31865431143334
5531	0.25370448	0.392897921078922
5532	0.68362281	0.969271419012255
5533	1.51384017	1.85826879311559
5534	0.041964146	0.0787163749071111
5535	5.5098053	7.88304325836434
5536	2.48601097	3.13455129621143
5537	0.10008038	0.120158855735556
5538	0.477327714	0.22209998210787
5539	1.69420317	1.13506385692778
5540	0.081529051	0.311332580119524
5541	0.56687631	0.596898668547475
5542	0.065450918	0.0785414656589506
5543	0.28767063	0.692052322475
5544	0.55203334	0.606133925991666
5545	4.2487967	2.1014201536625
5546	13.28255577	11.5100006132056
5547	1.23946927	1.34039046667742
5548	0.63647903	0.738789706071622
5549	6.483299	4.41609597716667
5550	3.7481186	2.78721351385648
5551	0.113634649	0.05873640570675
5552	0.26407017	0.411411481795098
5553	0.073933676	0.169179066212626
5554	0.48101815	0.617011435222358
5555	10.25326392	11.0580259853458
5556	0.088568887	0.127256951379048
5557	0.105664496	0.165089992841667
5558	0.58803536	0.188155019509596
5559	0.030562016	0.0837383888323106
5560	3.9885313	3.90503691803409
5561	0.13299268	0.64944733879596
5562	11.95493069	8.43596479015406
5563	5.339362472	4.34682364374785
5564	0.05728391	0.0959897923076923
5565	0.38528418	0.431489149816239
5566	0.106634	0.156564946221171
5567	2.419255912	1.64947274620342
5568	0.078041912	0.0977683535166667
5569	1.43440477	3.64765974715942
5570	0.060155605	0.131595173608025
5571	0.63921025	0.66091214434188
5572	0.181753027	0.199669699929524
5573	0.246808254	0.15697623798125
5574	1.4625836	3.72137655173457
5575	7.88723528	5.52060458905482
5576	0.94172934	1.39758522076389
5577	0.04950133	0.305203229172381
5578	0.052305912	0.114780822125
5579	0.050399443	0.157938363865625
5580	1.0944905	2.09069664097963
5581	0.028167208	0.0736897968701389
5582	1.062774277	0.745287729660163
5583	1.5655211	1.44026550787143
5584	0.386323232	0.306341058468018
5585	0.212670648	0.0710033252502778
5586	0.033040675	0.0752016627469298
5587	0.67600192	0.482984563921545
5588	2.22147789	3.16704976435435
5589	0.06750614	0.100879363668496
5590	23.72481063	18.1292126951571
5591	0.70494762	0.502053092542157
5592	0.148594944	0.605877364529167
5593	0.518897513	0.32123822989079
5594	9.00732319	10.0244494551068
5595	0.27361301	0.36355685179625
5596	2.0590496	6.02141992712281
5597	0.06255032	0.131226329843095
5598	0.110886645	0.179148655330417
5599	0.04954889	0.0850716083948413
5600	0.136811876	0.549051775099445
5601	0.063897546	0.212138217339524
5602	0.147732724	0.60736009599693
5603	0.045956907	0.0846890840043537
5604	2.41634714	3.1364567759593
5605	0.083177879	0.170640608670098
5606	5.5459084	6.74800853437037
5607	4.309229785	4.54102106158294
5608	0.58153798	0.449714657975
5609	0.7374859	3.22279147552333
5610	8.6330864	6.95468466104762
5611	0.064272911	0.315368205708333
5612	0.14392063	0.188728916564103
5613	0.11705038	0.38109691000625
5614	0.04580744	0.0761420532871951
5615	0.80073654	1.78525441275877
5616	0.106032552	0.116504977784524
5617	9.19134023	6.46582645787479
5618	5.37244836	6.75049043426068
5619	0.566226695	0.759412454231301
5620	0.078549879	0.115257926251984
5621	1.75867124	0.533640993615834
5622	0.10818321	0.316372083252917
5623	15.8588303	9.05241725562153
5624	0.112661809	0.134764952942342
5625	0.097808143	0.226410449126191
5626	0.12046458	0.270145975857143
5627	0.6420087	0.544517448407936
5628	3.58485966	1.55227418350179
5629	8.02567784	9.51612732852564
5630	0.058294757	0.195096045208547
5631	0.056560157	0.137886289994445
5632	0.086407482	0.151256176288739
5633	1.213168472	0.943509764617442
5634	1.18173374	1.32078449639103
5635	6.52346266	8.84929428057265
5636	22.81967145	15.6108705390342
5637	1.10664005	2.61437969781624
5638	23.13898756	14.6418771194216
5639	0.100616357	0.247336794385043
5640	0.023785663	0.124631219901861
5641	0.049954707	0.101338890950238
5642	8.2401702	6.57211965078862
5643	0.125094949	0.142542283081884
5644	0.98050656	1.85939386983333
5645	0.081637471	0.100574849492929
5646	0.05922257	0.0821089084765657
5647	13.33709526	11.1184592079013
5648	0.046811108	0.0628548767713954
5649	0.104076845	0.112332534685417
5650	0.078723972	0.261938363373333
5651	0.22057856	0.137904909833333
5652	0.063050395	0.154799792497748
5653	0.236426433	0.140740243216667
5654	0.79287318	0.710427967929825
5655	11.4302327	9.08399519108333
5656	0.080175724	0.122007603954065
5657	7.22429966	7.5060563112636
5658	0.074444768	0.218302418449495
5659	0.095798414	0.0897495091192982
5660	0.093803028	0.302756916002874
5661	2.32738666	1.61035407505417
5662	5.7506718	5.92950117302193
5663	0.142113739	0.220623013144676
5664	2.5566253	1.94997399231482
5665	0.1254508365	0.0823123986648925
5666	0.040252356	0.0729141531918803
5667	0.26945064	0.390419378374797
5668	26.90525853	21.9967836262475
5669	0.825585073	0.287301243903241
5670	0.208865939	0.138139400074731
5671	0.430722016	0.390302557756667
5672	14.77117379	14.6474790626769
5673	0.079109129	0.140444091733704
5674	0.323220959	0.377112396865517
5675	0.177413652	0.110835655089024
5676	0.109109474	0.108615089385417
5677	3.56026097	3.36296034076806
5678	0.06014529	0.111884515851613
5679	2.93845488	1.03962299742597
5680	8.90768945	10.9311069900381
5681	6.20811466	7.45907253100379
5682	7.75634745	6.15874695603762
5683	0.239966527	0.185919163206191
5684	0.108270196	0.153038479485556
5685	0.229720064	0.145983704954298
5686	0.043288643	0.127619771774242
5687	4.71930027	3.16016885158943
5688	41.25683608	23.5579588396667
5689	11.59248135	6.80827319380263
5690	0.03745678	0.0699236760085526
5691	3.1439677	5.57119465323118
5692	0.46540971	0.838331857030556
5693	15.3163484	16.2076429191263
5694	0.113874339	0.13379180358547
5695	2.136739196	4.2343048514
5696	0.091698494	0.150023802134167
5697	1.004934345	0.235957453911789
5698	0.179623515	0.185956289636458
5699	0.14552452	0.616456934857813
5700	0.074619057	0.0964639104436458
5701	1.7944229	2.01040105211191
5702	0.37392024	0.330779831355417
5703	0.297535365	0.157675354193095
5704	0.940744	0.82512656975
5705	1.048286686	0.36617546644065
5706	0.052089932	0.055401931460049
5707	0.069600463	0.308844559776111
5708	0.298920678	0.383645822566146
5709	0.111657668	0.167738042085746
5710	2.83424683	3.092758273625
5711	0.73852979	1.57527510051829
5712	0.972676805	0.298629730428186
5713	1.837299	2.28706967287619
5714	2.51681724	3.351131574475
5715	0.14266202	0.421042829971795
5716	0.022353344	0.0616420049135417
5717	0.085540446	0.152331996011616
5718	0.181058534	0.213967446567619
5719	0.145614467	0.173505374532353
5720	0.281580245	0.229447220602941
5721	0.05878726	0.0857189136320513
5722	0.107071988	0.268003617215417
5723	4.711116258	3.22599864967969
5724	0.147346363	0.163745951896732
5725	0.36467222	0.179541377313426
5726	0.42803523	0.480731313119893
5727	20.71830256	14.4862550331111
5728	0.054138553	0.440858965029167
5729	0.42440629	0.77420483931092
5730	0.061717729	0.13952801668374
5731	0.41737493	0.48252648290754
5732	2.96086636	5.33717081232857
5733	0.53735981	1.94298329083559
5734	0.207195927	0.120335370671368
5735	0.063532804	0.170493723467708
5736	2.05643028	4.02497644982805
5737	19.2875781	12.4535950825962
5738	0.039959878	0.120782633211029
5739	0.60375671	0.520277536779293
5740	12.52839846	10.9330526718299
5741	5.951659312	4.54355493830555
5742	1.00395944	2.43852500214414
5743	0.18590533	0.190479853910965
5744	0.040989523	0.0838138752166667
5745	1.64909463	3.92522800451736
5746	0.063028757	0.294199458657265
5747	0.40369472	0.261479146777519
5748	7.89710833	6.12438178292308
5749	0.098583929	0.0870731288284722
5750	0.092183065	0.116745324278905
5751	0.052114593	0.319820184683824
5752	18.19158245	16.5293133549643
5753	0.22689612	0.400236742173577
5754	0.097738016	0.186653528464912
5755	0.71646957	0.917426389500952
5756	1.26022643	2.69333887215417
5757	1.486701246	1.70432947620602
5758	0.0951797	0.053535771347265
5759	0.1361153	0.186437919908824
5760	0.13571656	0.0662342575969444
5761	0.84071579	0.552274791384234
5762	7.90353354	9.31209915998276
5763	3.33780336	1.11887699421263
5764	0.36521324	0.189658508268421
5765	0.26561774	0.191938922014414
5766	0.137465625	0.219404423815151
5767	0.111526135	0.0919949342171986
5768	0.060007417	0.140573142530208
5769	0.85500265	1.43505905086458
5770	0.089094673	0.137818794716047
5771	0.385733206	1.718632706835
5772	0.046569713	0.0814580743942529
5773	0.057226331	0.115251486560811
5774	0.17862729	0.629355166295652
5775	0.209852812	0.255657335730645
5776	0.039055037	0.135952150021717
5777	0.13609909	0.169366846116667
5778	0.09106772	0.0812632942258889
5779	12.48277066	8.44743793596032
5780	0.210505426	0.74220954285
5781	0.118783695	0.150375689526667
5782	0.11513762	0.121640352619
5783	0.28362533	0.139890951981019
5784	39.59235965	23.7776156351011
5785	0.859073286	0.687230419207207
5786	0.06707654	0.146181322835317
5787	0.039115845	0.0799018107045726
5788	17.42260704	12.5894718861828
5789	0.33300744	0.744722874572348
5790	23.1839251	18.0026059477476
5791	0.14681205	0.204616891287407
5792	2.0511467	2.24324661771138
5793	0.162172563	0.1042564583
5794	0.098557705	0.382751528285238
5795	0.681926294	0.372088775715766
5796	0.96111288	0.97120760685
5797	0.075906283	0.137728209412745
5798	0.136841618	0.171716417835417
5799	1.2629789	1.67697179985913
5800	0.110803753	0.169705435610088
5801	0.174888185	0.537420319854472
5802	2.93017661	1.98353214227072
5803	0.163995826	0.297042579909259
5804	10.051802006	8.63079467039896
5805	0.376074002	0.191186269853922
5806	1.42692767	1.35945600097742
5807	0.03602742	0.102914814641792
5808	8.15265428	13.3341408497512
5809	0.114096396	0.328376358323214
5810	0.37069672	1.17174518144792
5811	0.65173002	0.395188655210256
5812	5.212531133	6.20683045599195
5813	20.2204162	13.3798568351111
5814	0.152930764	0.109407246476667
5815	0.26206708	0.222234575318982
5816	0.24863768	0.318856052702315
5817	1.05440177	0.762929170204054
5818	0.26716461	0.327110134018919
5819	1.74606787	2.88429078465116
5820	0.25612912	0.514812044845176
5821	0.120738782	0.370783158214474
5822	0.06958879	0.0655513937442983
5823	0.24874646	0.810180414095098
5824	8.14932459	8.42854303295084
5825	0.46059223	0.539203644447619
5826	5.224311667	4.68405741304333
5827	4.3745104	9.81536160835833
5828	0.111865827	0.110249716962857
5829	18.45448095	18.1736696508979
5830	0.86608378	1.06064003955045
5831	0.361248635	0.380736125456482
5832	0.057431692	0.0990435274290404
5833	1.32910481	1.81660788826829
5834	0.19221069	0.699364474822358
5835	0.40482421	0.65152899169186
5836	6.47131325	11.0829342103871
5837	0.111388208	0.190559123213636
5838	0.079515277	0.147646479254054
5839	1.75832025	2.14294201530263
5840	0.093600337	0.151072592263158
5841	20.55855137	11.6828149990444
5842	0.91529046	1.4683716768859
5843	0.090178433	0.167780925611828
5844	20.78022978	16.7177144236216
5845	4.56542154	5.25976045397656
5846	16.340336	15.6217164195227
5847	0.473440005	0.294750548074359
5848	0.90680086	0.6660216545375
5849	0.1381692	0.164979377927381
5850	2.12390168	1.77697320120057
5851	4.53416527	9.43096739179425
5852	3.7901024	3.21824281051075
5853	0.043873468	0.0940891852478704
5854	0.98262108	0.411581199056349
5855	0.176733173	0.164816493584722
5856	0.178446514	0.0791164297308558
5857	0.168731627	0.206896886140455
5858	0.045144936	0.0590521502419444
5859	4.26070402	7.00034135721452
5860	0.0666087	0.0831595706026667
5861	0.222964954	0.228911288405952
5862	8.76651108	11.4110209774036
5863	0.029531709	0.062790408854619
5864	0.206375129	0.152776520642105
5865	0.069821425	0.0985351035220689
5866	0.05267576	0.124105585346496
5867	0.4282123	0.328768166462821
5868	0.055904807	0.169380914040686
5869	0.51054181	0.238049852003659
5870	0.229333108	0.320621535522826
5871	0.047582633	0.153726159216667
5872	5.097118555	6.89211425421667
5873	0.913883603	0.1826032921425
5874	10.2538448	7.82994460515873
5875	0.245582043	0.0988592807864341
5876	0.12224219	0.28221249578114
5877	5.49383854	4.7503801008125
5878	0.112147477	0.400653308483333
5879	0.034966715	0.0846094345925926
5880	0.11092799	0.216415072674193
5881	0.318182693	0.399106174088889
5882	0.410537093	0.214739514206429
5883	0.346914275	0.138874844370208
5884	1.33450242	1.27967598454545
5885	0.091195234	0.132222226670098
5886	0.131636578	0.106286308010417
5887	0.029861561	0.0678923814536586
5888	7.6834301	7.74223354302083
5889	2.658229204	4.21147070951157
5890	0.318090475	2.87193742450278
5891	0.31571428	0.330227444147917
5892	0.086879572	0.124666869943018
5893	3.03519186	2.03378913701075
5894	0.20622848	0.517789974385714
5895	0.114043735	0.125446869060465
5896	0.67143785	0.611977514593434
5897	0.061741256	0.185660546251569
5898	0.055405552	0.0953553670289352
5899	0.145191597	0.124032890314912
5900	0.13398708	0.257832199467521
5901	0.078956337	0.126760903351563
5902	0.26059856	0.205355595444624
5903	0.171195784	0.181061813386325
5904	0.084646063	0.382337189864815
5905	0.156463644	0.371060528509459
5906	0.028869678	0.201613691553153
5907	6.43630334	7.21097112151581
5908	0.96770901	2.35580260684286
5909	9.88110188	9.61398181342593
5910	0.73729197	0.433725296113063
5911	0.0724030835	0.114096522196712
5912	0.379680896	0.702947799462222
5913	3.29849884	4.89706225842708
5914	0.446228426	1.10931875566414
5915	0.082273127	0.148516036996748
5916	0.53813329	1.05673272966583
5917	11.3138241	12.6776661065996
5918	8.999945445	10.9668253408005
5919	9.72116078	7.11650642758046
5920	0.060975601	0.0548934268051667
5921	0.043103877	0.371284376946914
5922	0.413498922	0.161119598140323
5923	2.2449558	2.41307159639474
5924	0.095974251	0.132590120589323
5925	0.104261555	0.157539059818571
5926	1.5281384	1.01378631391989
5927	0.50952438	0.465750080310784
5928	0.1221832105	0.0547292195674419
5929	0.1190082	0.117754442467292
5930	0.70577549	0.16076575076131
5931	2.04458769	3.89551067779683
5932	0.25622264	0.158008492819149
5933	14.9901729	16.0225504558191
5934	2.0457634	2.64784586674275
5935	0.383789344	0.314893142281667
5936	9.51532054	12.6882501284958
5937	0.05089237	0.231676410652151
5938	0.066646037	0.143224766967619
5939	0.082511064	0.081942563325
5940	3.8850669	5.33501471072685
5941	0.082988396	0.143628453585714
5942	0.199843024	0.314132156088889
5943	40.7333906	29.2652257533925
5944	8.260913174	9.20867116872
5945	0.19580914	0.0648231416413979
5946	0.67569847	0.670245906879787
5947	0.14517764	0.267480018300538
5948	6.9987849	5.86946073774562
5949	0.0887431475	0.0848801528407197
5950	13.85061969	12.8149939245753
5951	2.2725791	2.84042532314216
5952	1.104517689	0.197120486888726
5953	0.100616006	0.221462491945714
5954	0.124042853	0.0864431726898148
5955	13.74927204	12.9577493848056
5956	0.045128835	0.0669381620923611
5957	0.078573743	0.17487741595787
5958	0.34643081	1.0297339905531
5959	0.258881666	0.351682097078333
5960	5.4115605	4.77806491867619
5961	0.35172075	0.470981449418137
5962	3.2344778	4.057131736
5963	16.08100624	12.9675367102787
5964	1.51218445	2.07408082392892
5965	0.117786343	0.450685871052451
5966	0.23207099	0.476744978063248
5967	0.16312959	0.128187360800855
5968	0.118756735	0.324250431671705
5969	0.169080873	0.0823574524892473
5970	0.29056446	1.07267925984341
5971	0.31062352	0.367072266938288
5972	0.47369292	0.380320785102917
5973	0.116992	0.108399353418519
5974	2.1863519	3.21506084024341
5975	10.549774	10.4735417418081
5976	0.197856632	0.162724010563618
5977	0.79712773	0.997272894203704
5978	0.151202852	0.150755482847742
5979	0.045827665	0.102064077942323
5980	0.750133824	0.536409591869908
5981	0.045528244	0.0644271355928572
5982	9.60705339	10.4555006189254
5983	0.34722056	0.857465067025
5984	0.131750773	0.727624520942157
5985	12.0941536	13.0183850440135
5986	0.75104324	1.31223237499787
5987	1.03575018	1.85782958203333
5988	2.04406867	0.996774166786905
5989	2.39418905	1.13781200131333
5990	0.21151789	0.364171603356911
5991	2.21979466	1.68084351453241
5992	0.11497904	0.155965280196667
5993	0.1063827445	0.0687125483369737
5994	0.20623843	0.269972611156757
5995	1.81499449	2.60181116360784
5996	0.11755421	0.534399458084188
5997	0.89699218	0.81361797762037
5998	0.76825658	0.962441659553489
5999	0.53754192	0.499936823338739
6000	0.49601612	0.9221471402275
6001	0.12856421	0.66171482072561
6002	0.69937669	0.616731750461275
6003	8.971445614	5.76124439913243
6004	0.04669937	0.080219923489394
6005	0.100912701	0.114980572747807
6006	1.59258962	2.58603541031212
6007	0.02732577	0.107850933268018
6008	0.31367952	0.151874148332207
6009	0.10504728	0.142440919884722
6010	0.14440427	0.34489666344902
6011	0.386995155	0.808606835722222
6012	0.926058842	0.168484039330147
6013	0.61704669	0.503291210178736
6014	0.0790214795	0.110147868316667
6015	0.0730774405	0.127189110709625
6016	0.147529435	0.20282514581875
6017	0.060003766	0.0773978663232323
6018	0.096643695	0.116081374564706
6019	0.175199034	0.327646687740741
6020	1.04333404	1.93487807354762
6021	2.14883706	2.79074330521795
6022	0.663221374	0.30414077164125
6023	0.054365771	0.0711450767781863
6024	0.87886305	1.18350673168627
6025	0.139662005	0.223120096493333
6026	0.141441797	0.109728789547222
6027	21.97729359	9.09238710173485
6028	0.147922942	0.158282579702778
6029	0.6603045	0.383523066251429
6030	7.79892685	5.82284486575278
6031	0.61548118	0.896900647908333
6032	4.652690893	2.79833438776
6033	2.06665185	1.58238265376667
6034	0.131501548	0.318617318498276
6035	0.104351008	0.430094802589838
6036	0.052993012	0.0739251823230556
6037	0.58988028	0.640146596190598
6038	0.035654903	0.0780834942949495
6039	0.144806152	0.161328563305631
6040	0.061028628	0.165604433555172
6041	0.04242599	0.112061384551111
6042	3.10891787	3.1405476175625
6043	0.59881878	1.54427298178431
6044	3.65682843	2.99730492260812
6045	8.8653722	6.58165230966279
6046	0.08749431	0.0842267200526515
6047	0.105763953	0.0773012409908602
6048	0.057072567	0.0862790682079166
6049	0.173083647	0.219084784708333
6050	0.35280704	0.494154590895935
6051	0.044842099	0.0983288404623457
6052	0.0512824845	0.0868892422811728
6053	10.82765025	17.7300157741528
6054	1.3681228	0.614671288963158
6055	0.157707811	0.06306597254375
6056	12.8660106	10.5742784110303
6057	0.112834736	0.132847245006798
6058	0.108526891	0.103817357303274
6059	0.140489022	0.166818229861429
6060	0.41032435	0.576491901601587
6061	0.34710154	0.335159811035772
6062	0.114944723	0.110179115063235
6063	8.54028725	8.14367180364216
6064	1.1092878	2.90747207906667
6065	0.0999717375	0.0843715247642857
6066	0.040326385	0.0738815996260476
6067	1.15871222	0.59565036637037
6068	0.84593234	0.720013308647222
6069	0.061141882	0.118874034205625
6070	0.165268482	0.0906632527098039
6071	22.17762358	19.8646083046958
6072	2.07371	1.75616705184203
6073	9.21569808	4.66331364206757
6074	0.051290558	0.0764604708550438
6075	0.0218557047	0.0627001506351709
6076	0.050889954	0.114659258202033
6077	7.08653397	7.41605467895122
6078	0.72084609	0.824469180061261
6079	0.046127064	0.848769937834211
6080	0.128115455	0.155628398501136
6081	0.071969235	0.122274839147222
6082	3.699080426	2.26474017479683
6083	10.31006322	10.0113963784625
6084	0.161960156	0.668934545180142
6085	6.5056471	3.72782892203509
6086	7.67400005	10.8276573836538
6087	10.4789425	16.0367421219225
6088	0.214570393	0.111206140581818
6089	1.7693734	2.17019064770122
6090	7.72308906	6.33025324277558
6091	11.7326309	10.5170941658586
6092	0.47365962	0.303460223178788
6093	3.572738	5.21344276460476
6094	5.14946986	6.08095691976068
6095	0.071417208	0.121727953093817
6096	1.55536288	3.43871609316667
6097	0.22842576	0.456105738839024
6098	19.47004301	15.3071361606032
6099	0.040922286	0.0782078912904412
6100	0.045111982	0.107032800265385
6101	0.244854241	0.0545926086250794
6102	11.70433852	12.5126917039095
6103	6.0602241	6.27743188239048
6104	0.517210905	0.69167566774375
6105	0.096469025	0.221731510227619
6106	4.8255831	5.32738991222549
6107	3.99115326	4.60356474807407
6108	0.2433055	0.476042586179675
6109	0.223575597	0.553870834145333
6110	0.104178477	0.129954175807619
6111	0.94894686	0.612036615580263
6112	0.26785077	0.572260569406757
6113	0.340832572	0.481233794605691
6114	0.063191242	0.113944053159524
6115	0.07697263	0.104743217278455
6116	9.7547617	6.76711157753964
6117	0.088448644	0.117774759023413
6118	0.273305174	0.24540734730303
6119	7.66358381	10.3322999981829
6120	1.4926712	2.00191037951389
6121	0.035264423	0.124366458784792
6122	4.2339237	4.10783871581111
6123	21.35397023	19.9875237097297
6124	7.85992206	6.03300361442597
6125	4.2181449	4.46986278704167
6126	0.071126003	0.0879409439880952
6127	1.40680389	1.44345039094103
6128	0.94066622	2.24438924286447
6129	0.224476566	0.374955242204167
6130	0.62657785	0.457651015248572
6131	3.4329438	2.57763725113953
6132	7.48794773	10.8341952952848
6133	0.36723279	0.53812346940404
6134	0.987297704	1.04265740778118
6135	0.22802145	1.39358036716917
6136	0.055896547	0.087693322919213
6137	0.41651474	1.11205341716667
6138	2.64113566	4.30374977422396
6139	0.042933645	0.0958102772974747
6140	0.874143694	0.181488942098889
6141	0.021726446	0.0550001178193902
6142	0.2718962	0.484731914893243
6143	0.119560361	0.199780961044595
6144	0.14195403	0.725652361942929
6145	5.90229024	4.67763080601067
6146	0.0270052345	0.114237781709048
6147	0.126508329	0.247963199356838
6148	0.54804169	0.586819469037619
6149	0.29645952	0.277540195775833
6150	0.0606189926	0.086145626379798
6151	0.09553536	0.236103890235271
6152	0.066270521	0.155398270683333
6153	1.575861666	0.790718345681206
6154	5.54888979	2.27917682918186
6155	0.048458248	0.176565502682857
6156	2.9568193	4.80414684302632
6157	0.122065912	0.0899950760546875
6158	12.20929968	18.7559038101839
6159	0.3887333	0.301649308488462
6160	20.68742134	21.1294093314785
6161	0.1195718	0.205847042944167
6162	0.043194347	0.130093461969737
6163	9.4210596	8.51170926511111
6164	0.104072256	0.18413564598
6165	0.67568114	1.54187640129167
6166	0.147293635	0.773590680480263
6167	0.26168052	0.27147985447
6168	0.046245964	0.0701616421668421
6169	23.10244911	20.2931399009608
6170	0.082934453	0.0897834520333334
6171	0.105217602	0.147213526412593
6172	7.20313365	5.2498936381627
6173	0.256801402	0.154357963617708
6174	0.29568291	0.175034602162602
6175	1.89053282	1.58134503215351
6176	0.43151712	0.256601496115812
6177	0.623724359	0.192519234012745
6178	0.114097178	0.351608263900476
6179	2.1448076	4.12765688541111
6180	0.27812508	0.107693990645588
6181	1.25889543	0.710145832286036
6182	0.06659027	0.10643455773062
6183	9.94648863	3.35551343312719
6184	0.07145776	0.281184628529915
6185	0.182084005	0.0851916362622024
6186	0.11619555	0.0709692888587963
6187	1.81618857	0.996605632303419
6188	0.57426594	0.34924552822193
6189	0.69522387	0.981863569682478
6190	0.31396911	0.289116414436036
6191	21.8476841	17.7426065744596
6192	0.061211559	0.071238431096125
6193	0.58048285	0.690883075094318
6194	0.431396436	0.439489102398198
6195	15.12021468	12.622176121641
6196	0.131849243	0.426723428613441
6197	0.112711791	0.1669258453675
6198	0.055830315	0.505775849025714
6199	0.13360543	0.300323766353571
6200	3.0096067	3.3499838284086
6201	8.49400622	10.2954392879359
6202	1.1643432	0.603674090716667
6203	9.54836477	10.2406371973902
6204	2.98403348	3.62025096765406
6205	0.82046273	3.80887525877143
6206	2.9992	4.31641731538889
6207	2.077075627	0.728128275763063
6208	0.047746665	0.0774074803505405
6209	0.030070567	0.0821709759156566
6210	0.106643605	0.0926897835180556
6211	0.30446855	0.180172726270588
6212	0.084131287	1.70060743927366
6213	0.048823677	0.0909108748887255
6214	0.9923666	1.51569019939323
6215	6.84379393	8.10311182459015
6216	5.87433904	7.52102285274206
6217	0.020424916	0.0841031452638148
6218	0.14699817	0.107574587066667
6219	0.147004187	0.0744812381535354
6220	1.8626431	0.772409044473077
6221	0.129199758	0.196879289676496
6222	0.040776442	0.118944247537714
6223	0.40738887	0.281028788108571
6224	0.13798456	0.637181131372368
6225	2.66794567	3.63222466427619
6226	0.096649748	0.161955008383902
6227	0.14581379	0.137783206476496
6228	1.6648305	2.41861350558547
6229	0.111133469	0.132466211893548
6230	0.37688579	0.445964271984959
6231	0.147891387	0.153820498046296
6232	0.082512291	0.297137792000901
6233	0.035026069	0.0748435345495238
6234	0.11256293	0.104523677496491
6235	3.615569765	2.36117999257761
6236	18.90030161	17.6073183101458
6237	0.19424567	0.288825802855357
6238	0.20652886	0.277172037816146
6239	0.245356417	0.24782947282402
6240	10.02077418	7.67052632047817
6241	0.28219264	0.399870970382114
6242	7.06032946	8.45512444113426
6243	0.102205094	0.176419118879167
6244	0.228406463	0.346250253239024
6245	1.26359361	0.617895519678148
6246	0.154546682	0.381760591844841
6247	0.057646316	0.0837076840039583
6248	13.30134394	10.4270503862386
6249	0.166304652	0.53587668437963
6250	2.7773898	2.82099152201515
6251	0.028124608	0.0907129118704412
6252	4.04371019	5.68177321591313
6253	0.046379356	0.112811858051042
6254	2.3472084	2.19369245733542
6255	0.90067552	0.551051472586487
6256	0.37296064	0.644430324280833
6257	4.9975108	4.14519295176471
6258	0.027992108	0.14778841037265
6259	0.23010748	0.171615081991667
6260	0.117207028	0.204480713991176
6261	3.77971869	2.10329787110463
6262	0.392947	0.482880357995312
6263	1.830457312	0.357587483202304
6264	0.058653375	0.110950036037061
6265	0.074163536	0.148047131562222
6266	0.304847624	0.268220711612593
6267	0.087068722	0.181596905504286
6268	6.3160937	8.69292455846429
6269	0.28735036	1.26716524720714
6270	0.060115255	0.20944958198963
6271	0.074149928	0.0877765522246914
6272	0.22193327	0.267104969277477
6273	0.054880174	0.172040853864493
6274	0.53624345	0.711508383644298
6275	0.1035279886	0.0613452637627315
6276	0.124782238	0.111203614737613
6277	7.0379571	8.94004322358333
6278	0.72185192	0.684361149660417
6279	0.121319148	0.0921420997774621
6280	12.68815097	10.6453406175342
6281	0.05378268	0.166258917731183
6282	0.345028359	0.107565055603205
6283	0.81871872	0.377000425623504
6284	0.115493267	0.123301705075714
6285	18.6953555	18.5843124142735
6286	8.80224487	12.7783546656171
6287	0.168487174	0.186811678357353
6288	0.104683192	0.192983653966667
6289	2.61169792	0.392597022041204
6290	0.86558465	0.88210542671828
6291	0.432039756	0.331186780423039
6292	0.895109046	0.65988136614386
6293	0.1074595	0.102297489470085
6294	0.196471756	0.296841564456373
6295	0.12118357	0.0818406667191358
6296	0.0253998684	0.0524843479817204
6297	0.72443272	1.22809693040278
6298	1.55758156	2.1571989672029
6299	0.084210791	0.163056622872414
6300	0.036466187	0.0733432272043333
6301	7.3877034	11.5805915011009
6302	0.189185866	0.25291794974881
6303	0.094450753	0.215157499210038
6304	0.267911886	0.131025291544792
6305	6.49028645	8.57569055837037
6306	0.24449976	0.121374354401042
6307	0.138505546	0.153987182697475
6308	0.08603852	0.14715246192193
6309	0.174052095	0.262303246616667
6310	15.48773761	8.69292838296428
6311	0.84287243	0.635555855179048
6312	1.7107326	2.36838183587963
6313	0.111052171	0.0916151938621951
6314	0.38806277	0.180372746127778
6315	0.40728481	1.33290638324148
6316	5.9045685	5.60209061265315
6317	0.326860728	0.115006516847807
6318	0.58893713	0.637969150107527
6319	0.6707996	1.68007606380469
6320	1.7563952	4.11864540682433
6321	4.414103126	3.08238240433784
6322	0.330102403	0.166952961707456
6323	0.204529654	0.467750018334314
6324	0.243988116	0.31072748604955
6325	3.2327589	2.55744123144682
6326	0.084398704	0.180527106520417
6327	0.76574356	0.821949083917094
6328	4.062117095	1.94554720771026
6329	0.114361815	0.146166451451016
6330	4.66791127	5.07588967307778
6331	0.18145585	0.126273124410811
6332	0.051141555	0.0822834055705128
6333	6.8438429	9.1745890052265
6334	0.133693115	0.214536079639524
6335	0.099726396	0.182347764843056
6336	7.59367993	8.29747995654167
6337	0.173190306	0.455234242029167
6338	2.60930267	7.800424105025
6339	1.113870656	0.738492495635185
6340	0.13940947	0.371226746911966
6341	0.44406986	0.486490166134344
6342	0.181660595	0.0812435092633333
6343	0.44611463	0.824796207921368
6344	0.11858924	0.0652136023022381
6345	1.810706366	0.359873890661623
6346	0.167003415	0.320898302761538
6347	0.193534535	0.265761250453901
6348	0.068310568	0.46458500881453
6349	1.14750551	1.3610537422348
6350	11.70925282	10.4324966027
6351	0.089901095	0.392361187388034
6352	14.45561378	12.2168840230119
6353	0.117008387	0.0829992276420833
6354	0.036890923	0.108685519732708
6355	4.16257818	7.18595706021842
6356	7.6382306	6.36804064642361
6357	0.31481018	0.484828228836508
6358	0.197053804	0.300890821914957
6359	0.097752944	0.340916907605303
6360	0.076588145	0.115262841273504
6361	0.13601887	0.127832806484069
6362	0.27612582	0.59179683861875
6363	0.122300104	0.0975182303597143
6364	0.117355168	0.295540604546569
6365	0.65543669	1.30719217070833
6366	3.790781347	2.78451853578073
6367	0.060186413	0.155007773477083
6368	1.115622355	0.328159454521631
6369	0.088856233	0.402480551219318
6370	0.76581747	0.997708236567521
6371	0.18750775	0.476613714329348
6372	0.450433649	0.123698200395699
6373	0.181453362	0.16053857959504
6374	0.482196864	0.730273357714184
6375	9.021650085	5.02037370363694
6376	0.164096638	0.12118820442025
6377	0.21900771	0.659014877821078
6378	0.10873051	0.180349808002525
6379	0.147243781	0.628652007647222
6380	0.49291123	0.493424015370098
6381	2.233608032	3.32593452929954
6382	5.2130836	6.76656136975714
6383	0.250123035	0.590315956896552
6384	0.161390186	0.0920895011447967
6385	0.240286105	0.304576860963675
6386	6.41602495	3.60510703420299
6387	0.190828334	0.482382024979167
6388	0.05641971	0.154481512855787
6389	4.48107865	7.26303443536822
6390	0.32621653	0.510392306791414
6391	0.6224119	0.966636487729166
6392	1.95560904	1.45508481651905
6393	0.065716543	0.352702491856579
6394	6.413825	6.12417843916098
6395	0.205926593	0.150273898812745
6396	8.2450622	13.8882202037778
6397	0.21714164	0.360645408256838
6398	1.25245247	0.713138992913675
6399	0.10829405	0.075205053625
6400	0.165554602	0.222626264255208
6401	1.85343547	2.6618766967043
6402	0.33214548	0.297867273156667
6403	0.082073804	0.12839571635977
6404	0.31491246	0.796121449061617
6405	1.12798054	0.807522508955284
6406	5.789281215	4.50111063229921
6407	0.048123854	0.0654581389551961
6408	0.069632616	0.133997249052703
6409	0.30447381	0.451497105685294
6410	0.037804043	0.0671488461729167
6411	4.263259905	3.96763247741716
6412	0.104062783	0.102065545363636
6413	11.7842994	13.8335504879643
6414	0.23430263	0.639093883573738
6415	0.0424710225	0.0937358368377451
6416	0.093962781	0.350086762566204
6417	0.087656264	0.187110052107407
6418	0.625141725	0.535940642151075
6419	0.063435052	0.0997270411981482
6420	1.37095482	0.408643809134959
6421	0.043108414	0.0945546302590909
6422	0.60930435	2.19155583380392
6423	21.37933497	14.7736596429643
6424	0.367276238	0.207713984996296
6425	0.39860895	0.721102313095588
6426	0.0812149135	0.0916333366151961
6427	0.070478466	0.197415371408602
6428	0.103056055	0.212697369968982
6429	0.42406819	0.442469200852315
6430	0.067750253	0.101860729505556
6431	0.066609408	0.112601029465
6432	0.714652384	0.398643701911842
6433	1.72929805	1.30758495725
6434	0.073750097	0.16727162537906
6435	0.63722441	1.32169994723232
6436	1.8061789	1.62920854441667
6437	0.246946442	0.10692492175406
6438	0.116628512	0.172978082187805
6439	0.084731381	0.0754072146587719
6440	7.41972028	7.68346456227048
6441	0.1573686	0.300936086711111
6442	0.707164794	0.398606739379386
6443	0.143839785	0.140152046534804
6444	0.46157634	0.371470284084375
6445	0.103296255	0.129098674476709
6446	8.72295665	9.53161061763218
6447	0.19243029	0.341632216141379
6448	0.86287888	0.920727848605691
6449	0.095611992	0.119531264016667
6450	0.126753859	0.194549266934762
6451	0.128851045	0.177301157026667
6452	4.002065	5.96704738340873
6453	0.25247289	0.108159861113958
6454	2.217047555	0.59513746880614
6455	0.144036127	0.27347892516375
6456	9.3571189	9.94479587708333
6457	1.65709654	1.80457443466667
6458	0.073377236	0.356029169413441
6459	0.38082744	0.779822462519118
6460	0.44966503	0.367706293339352
6461	1.0898119	1.79154958373376
6462	0.20044127	1.47166668194333
6463	0.0456405595	0.0824588298855856
6464	0.08867356	0.115524204712674
6465	0.15059462	0.156611075111719
6466	0.049741117	0.0873832789487319
6467	0.81988675	0.883345698817073
6468	0.054522334	0.164663755977857
6469	0.705147888	0.252818178678431
6470	0.120906847	0.101308013953611
6471	4.5738979	4.81821914447312
6472	0.031516269	0.0798278021150538
6473	0.46124448	0.343352228171367
6474	0.100297158	0.370015593163415
6475	2.8554406	3.43358185981532
6476	1.59446066	2.86040857186712
6477	9.23903527	8.88176632983333
6478	0.056318262	0.126235622864323
6479	4.256603487	4.35126495276589
6480	0.48779416	0.867419164786765
6481	7.20587202	10.1899607658009
6482	0.310644794	0.317872734983796
6483	0.676649	0.983341421583333
6484	0.32690297	0.388003115666667
6485	0.151985464	0.669582055234375
6486	0.128436177	0.289860234739744
6487	16.60050097	13.2212302421677
6488	0.174673115	0.110067958535516
6489	0.133317607	0.157106027457207
6490	0.20861799	0.327000478739899
6491	0.066592366	0.0641827947957207
6492	1.92880274	0.839678868762301
6493	19.65825698	19.4931639298875
6494	0.35184492	0.392643370564729
6495	7.95822075	5.77607936717593
6496	0.34798413	0.302429651156373
6497	0.097550734	0.111589917366667
6498	0.103476669	0.0950453724106771
6499	0.4459823	1.55388173577246
6500	0.149532668	0.0914374298489583
6501	0.049940131	0.132792943703095
6502	3.1151158	12.2710187523846
6503	0.061236334	0.193786732059804
6504	1.9496762	6.83081102929915
6505	0.247489007	0.161743638729167
6506	0.50893134	0.395833198467568
6507	0.047025318	0.0903297726863636
6508	0.140151206	0.492241446208915
6509	0.071390924	0.110439866652679
6510	0.39753677	0.659303247023809
6511	0.142022193	0.104083876076882
6512	0.34554208	1.0722921667422
6513	0.0597603975	0.0856511479125
6514	12.2573104	10.4983432875042
6515	0.222574958	0.241975911122414
6516	0.14726704	0.0655534310678241
6517	0.18656353	0.118144238697154
6518	0.109132675	0.0767984977081081
6519	2.3149112	3.1593821105463
6520	0.52680654	1.4116572997527
6521	0.15816852	0.132917011732692
6522	1.94680093	1.62255322926349
6523	0.59766375	0.504586561755556
6524	1.64233938	0.987414786395833
6525	8.8220442	9.48404636049225
6526	0.3320171	0.303419245685714
6527	0.491188	1.01620966987745
6528	7.9664259	9.23681324831301
6529	0.52280959	0.466737083187319
6530	23.86159242	21.8649796042149
6531	0.23521924	0.406082113015152
6532	12.51467495	11.7172717127059
6533	0.281118704	0.168624248613158
6534	0.145842784	0.167077770651938
6535	0.260206207	0.300588847186667
6536	1.12740248	1.50414383976306
6537	3.8420092	3.67651074992708
6538	0.90711349	0.666013141418421
6539	9.77044372	8.55046379296146
6540	0.68328925	0.685191327121875
6541	0.077811062	0.169407402293694
6542	0.14417345	0.174796173866111
6543	0.21354511	0.100537961762069
6544	0.21151479	0.621627483380417
6545	0.063834966	0.0625753838464584
6546	0.412296905	0.936966889225225
6547	0.47690029	0.800744693776577
6548	0.397986247	0.10200128305754
6549	0.30898391	0.500609631787634
6550	5.61870115	5.06674409510185
6551	0.170093786	0.0687044265459877
6552	0.123555092	0.0734800003141204
6553	0.049771175	0.0599728293071354
6554	9.4457464	7.35168179235043
6555	0.042498966	0.175330951051515
6556	2.8628354	1.55982790423465
6557	0.095875575	0.0922083589152299
6558	0.4004558	0.58982152013018
6559	0.95433105	1.64733521025
6560	0.11955146	0.213049974251667
6561	0.043939434	0.0893016162784946
6562	0.23687016	0.124286315427941
6563	0.0237906246	0.0766274687011261
6564	0.066598754	0.0645830193253535
6565	0.202048507	0.0940569954253623
6566	6.22197225	8.3086111765406
6567	0.149241404	0.334313282129386
6568	1.83072875	0.975397362619047
6569	0.058241438	0.0779623964467105
6570	10.3070066	10.8256577442179
6571	0.088584653	0.148144597723698
6572	0.056014448	0.132313323439744
6573	2.4410746	4.70966819344565
6574	1.5659423	1.09129604278131
6575	0.073954868	0.159201973822619
6576	9.15811804	10.67298847975
6577	0.152513587	0.151614170196053
6578	0.113980183	0.13916688996453
6579	0.412088575	0.269252483787634
6580	0.243851726	0.560407934821429
6581	0.91941458	0.772501355996826
6582	21.59928463	20.5428871025926
6583	0.066882341	0.079442609116375
6584	0.14917875	0.305648204573684
6585	0.27247182	0.389841770719792
6586	0.59715325	0.623503117991473
6587	0.112473704	0.167714659670543
6588	9.47406694	5.80231406880645
6589	2.882973746	2.70725563977302
6590	0.082680683	0.420535334602083
6591	0.25819667	0.311840134388288
6592	0.52984791	0.639505958386905
6593	3.944592	7.26171931202193
6594	0.062781944	0.379831383325
6595	0.75316038	0.876898216660684
6596	0.103930153	0.114164480686296
6597	0.65305795	0.718323650893678
6598	0.94809865	0.5795329803075
6599	3.8110528	1.95606271838148
6600	1.48839398	0.826436858428205
6601	5.10716822	9.16871512345417
6602	0.0698724404	0.077531075652381
6603	0.218073788	0.0880141761916666
6604	0.045469118	0.184750511146396
6605	2.253723497	1.02335454437402
6606	0.61795121	2.43143929594872
6607	0.175927132	0.404494036117982
6608	10.44333587	8.32550802516177
6609	0.109534463	0.0929618581346825
6610	0.413971385	0.44045276934078
6611	3.0368676	3.42774337286842
6612	0.42741813	0.699137540814444
6613	5.4096249	4.17491754670085
6614	1.2846121	1.83309262616129
6615	9.9178103	8.14860980879386
6616	1.127248835	0.474302764892157
6617	0.107740113	0.0949207851780952
6618	0.088153262	0.224637432733333
6619	0.047872291	0.0901416613407407
6620	0.251378884	0.227215605899048
6621	5.4817911	4.46744015956296
6622	23.08029837	22.0550179859074
6623	0.250596476	0.11698601828018
6624	2.3197543	1.76679895541379
6625	0.259733316	0.367884222119658
6626	3.28393389	3.25644694164444
6627	0.39068203	0.389021066334234
6628	5.81861864	2.90383462569
6629	1.45779634	0.890224109152223
6630	0.053176794	0.228157809860185
6631	0.095680516	0.0878686367917117
6632	0.112951385	0.0843745572462121
6633	0.126020038	0.178516283493561
6634	0.168610406	0.311041637447436
6635	0.14902548	0.104811569885484
6636	4.0230214	3.95846588824603
6637	0.049168502	0.0909678937374775
6638	0.46845754	0.969602719504629
6639	0.43679507	0.458984974668571
6640	0.026919279	0.0769835848449495
6641	0.046604646	0.0981981499930555
6642	0.219397928	0.160044084151075
6643	0.170299695	0.166233351800463
6644	22.08077605	18.7451159236667
6645	0.542755327	0.778366780822728
6646	0.045854062	0.122254127606852
6647	3.2386202	5.413735631225
6648	6.57992332	6.3005468411746
6649	0.66024297	1.3937432755098
6650	0.096104383	0.144938286819192
6651	2.26262902	1.93568294756645
6652	8.7447562	10.5367631048083
6653	0.238309336	0.393181912675214
6654	9.82422714	10.5237384271705
6655	0.20941767	0.118044368360417
6656	0.063657817	0.135787904676587
6657	0.24194886	0.163520226776882
6658	0.37863308	2.94112046186452
6659	0.220247355	0.134785250312821
6660	0.098887575	0.200673025882857
6661	0.23155835	0.476937941658974
6662	0.26890286	0.690853664901389
6663	0.278183037	0.159600775612698
6664	0.26390468	0.290449905863426
6665	10.98700025	11.2855846719848
6666	0.49923227	0.669971916216667
6667	0.10089468	0.216126272814167
6668	6.367945	4.97237305585648
6669	0.208028065	0.167933735752041
6670	0.041828383	0.0918377296225
6671	0.155017045	0.124525459794872
6672	0.36220533	0.34265205062069
6673	1.55961705	1.6391944961727
6674	4.430522005	7.59442824250271
6675	0.9665539	1.2661122315974
6676	0.431276775	0.16774984072284
6677	0.1037846665	0.111748491953571
6678	1.747882	2.20063074301894
6679	0.40782626	0.596733967634234
6680	0.082391942	0.198522255001149
6681	0.030506528	0.0856462903576389
6682	0.107427466	0.21839553839693
6683	0.892666672	0.299413739554167
6684	0.140847191	0.213746363822523
6685	0.03838027	0.0620585817592222
6686	1.021706143	0.867720202325714
6687	9.877845145	8.52894230090637
6688	0.129966814	0.0746285424728571
6689	13.97503893	11.44307853005
6690	3.11966585	2.60001930852992
6691	4.326024786	3.19715890445
6692	0.68028247	1.74829103421951
6693	0.062245678	0.113686717605856
6694	0.230171124	0.208219523910811
6695	0.062383054	0.102987401639583
6696	4.6681682	4.03049543780556
6697	0.55339905	0.298137496849048
6698	0.032092902	0.147624690085271
6699	0.049366401	0.068998128727957
6700	25.3252371	18.2572251786504
6701	0.30064161	0.450535308386752
6702	1.11814537	0.623008805682017
6703	0.66230261	0.703386392803333
6704	0.033450544	0.0564968886438492
6705	6.99746687	3.76476330841177
6706	0.57951369	0.586653778012745
6707	4.0275442	3.96395049308333
6708	0.042734157	0.102477099157341
6709	12.69180021	8.33241548747009
6710	0.34617628	0.756923709717021
6711	1.2668413	2.72600554876068
6712	0.197595993	0.06469522647175
6713	10.3955814	7.5509114971963
6714	0.201017366	0.0722504418130081
6715	0.124717947	0.14522275921
6716	0.42823089	0.945237838949495
6717	0.44832395	0.28634998036453
6718	0.58119434	0.935933204303125
6719	0.069489847	0.163989749669676
6720	1.03367592	0.986690723734848
6721	3.12735311	2.82482304205935
6722	13.59803565	9.45153504771875
6723	0.19801343	0.117276845888415
6724	0.300245251	0.32943592280125
6725	0.793438405	0.617749129248958
6726	0.69204509	1.34782039150641
6727	0.103207095	0.190664211785
6728	0.443114544	0.943062672893809
6729	4.3800094	4.38302108334804
6730	0.138254328	0.11857766835
6731	0.41990157	0.572091554318182
6732	0.6029008	0.689850120347968
6733	0.510794764	0.794308481045417
6734	0.178501646	0.113201262681944
6735	1.43889136	1.01194330050148
6736	3.96474368	3.17796048428796
6737	0.049538863	0.104005743840509
6738	2.38335676	2.51162157086667
6739	0.1684285	0.137507477440278
6740	0.0329352505	0.0678329041313158
6741	0.174742185	0.581862693645455
6742	0.8012088	1.71769997506783
6743	0.211467933	0.927809602332051
6744	1.34145179	1.14589705563202
6745	0.048097022	0.111095642636508
6746	0.304842505	0.54308515551092
6747	10.78589932	7.48602689695185
6748	0.286070926	1.07372252120463
6749	0.847424906	0.192748818622989
6750	0.092934797	0.0790698226105691
6751	8.6607365	9.31888091364184
6752	0.044804567	0.145025259927928
6753	5.83519094	3.87266228539683
6754	0.053623296	0.0884846497608333
6755	0.150743547	0.109616215150813
6756	14.88544498	14.2030115626102
6757	0.210789315	0.417179682807738
6758	0.1887831	0.257382559475
6759	0.123625596	0.0835027795156911
6760	0.38561752	0.386481275275203
6761	0.260190463	0.0830677692306307
6762	0.082819383	0.136035966419355
6763	0.108504799	0.138076597003571
6764	1.20157778	1.03135807667926
6765	0.083603069	0.083544352135119
6766	0.8398625	0.809636428956757
6767	1.76185354	1.1096859572125
6768	0.048296245	0.0729330467691288
6769	27.29224328	20.0013012595049
6770	2.663781256	4.41128897549964
6771	0.7504437	4.48442154028772
6772	10.95418204	12.1459155372042
6773	1.44363615	0.8799136953975
6774	0.092826682	0.0977421692611789
6775	3.86126789	4.05886130760104
6776	0.052432797	0.078819457026938
6777	0.14087404	0.610705392526389
6778	0.114614822	0.242333956953659
6779	1.57858066	2.8683167355375
6780	0.170154052	0.128295433835405
6781	4.1839971	2.71818230980093
6782	0.137954754	0.134783662063559
6783	15.8195087	13.6786117036398
6784	5.4663982	3.5716657524
6785	11.86139924	10.5566991170882
6786	0.575331639	0.225762278068519
6787	4.6314954	3.52803864082353
6788	0.079613887	0.184875476736364
6789	0.124810984	0.18904826907265
6790	0.034052532	0.0951580279339744
6791	5.75156	5.036894339525
6792	0.42605166	0.494667844910853
6793	0.38722738	0.884342945551938
6794	0.102657656	0.0753474392095679
6795	0.51485185	1.26406437425045
6796	0.22938755	0.408347915966667
6797	0.066140969	0.167671851127619
6798	0.306945943	0.0947828916625
6799	0.109124147	0.160492929687097
6800	0.094950899	0.175360242937984
6801	0.031993906	0.0782879075819298
6802	0.277091114	0.762784729834027
6803	6.30019917	10.513149144174
6804	0.15697748	0.456945653970614
6805	0.051825816	0.0978237836045833
6806	0.093299283	0.0793635097872807
6807	0.27425964	1.11886944886667
6808	0.385138	0.309966567786458
6809	0.35087629	0.332850219709722
6810	0.45951896	1.59845375384802
6811	0.169704376	0.0962108435387387
6812	0.19391199	0.686293683116162
6813	8.48133168	8.25991840725064
6814	13.99638705	9.12626352464063
6815	15.8476794	9.24438471200901
6816	6.694310175	5.55831851448565
6817	0.172647195	0.269830263444595
6818	8.7643728	7.70889389060556
6819	0.171271474	0.11588878394125
6820	11.54910383	9.46600265873932
6821	15.738912	14.5269967111075
6822	0.90037884	0.688695146405093
6823	0.96207253	0.440339917267647
6824	12.7185495	9.0117022915625
6825	15.19652302	11.4130897926542
6826	1.50155487	2.41859360940351
6827	0.042229479	0.324548908448649
6828	0.039435435	0.135593909924355
6829	0.65243749	0.363249289843452
6830	0.09206995	0.0830552232222222
6831	1.7339149	1.91671034040079
6832	0.085782689	0.12048248205098
6833	12.9388957	9.99198611849225
6834	0.107480535	0.127112684414865
6835	0.39085371	0.26397803954009
6836	0.149529687	0.191760964229675
6837	0.074531736	0.114919317101417
6838	0.027296476	0.0856380963119919
6839	0.12438819	0.318930399270202
6840	0.061370716	0.0928960400087963
6841	0.731813151	0.500913426349225
6842	0.234399111	0.463214509846296
6843	9.99397357	11.3487778237099
6844	0.096710763	0.0841714085557576
6845	1.27585974	2.22899431455072
6846	0.46059439	0.927949182851613
6847	0.264529222	0.37148295865463
6848	7.25001339	6.48220620620172
6849	0.33326784	1.6851561682451
6850	0.64478503	0.778491571335135
6851	0.17072322	0.741977514937097
6852	3.23490254	2.81374602173077
6853	0.13053068	0.744673769053947
6854	3.355439	4.99238709167117
6855	0.076454806	0.108622748906176
6856	0.68116755	0.75077200166625
6857	3.2805893	4.06503941689524
6858	0.62971451	1.00295876804111
6859	0.636683826	1.11464697213547
6860	0.127687189	0.128030820272778
6861	0.049129443	0.131226153696711
6862	0.054842891	0.0963283618175926
6863	0.54872691	0.519544738659829
6864	12.98845313	10.9293791239958
6865	0.1945376	0.209256763388158
6866	21.15267203	19.8062659595541
6867	2.02832177	2.7679225224009
6868	0.59283327	0.733618595622857
6869	0.074527663	0.250805848877451
6870	0.055602364	0.0984361360735294
6871	0.21574053	0.200456614931982
6872	3.0221292	4.20626348068229
6873	0.108879487	0.297948839508621
6874	0.09095239	0.117294858603922
6875	0.040529592	0.114191496038021
6876	1.74216556	2.27891440440769
6877	0.089046173	0.0747656538316667
6878	0.266644635	0.388782157896396
6879	0.08744916	0.218211914866667
6880	29.19192697	22.6249783436026
6881	1.50288415	1.52668445921079
6882	0.51646212	0.973470499525969
6883	0.30236505	0.58046849886092
6884	0.111244123	0.181870027690417
6885	0.378421304	0.560519694529762
6886	1.29613185	0.665035391870543
6887	0.041186686	0.0707473953514706
6888	0.06851362	0.0901475035321429
6889	0.065096464	0.0763326042724762
6890	0.105397029	0.379218738031301
6891	0.61212986	1.20812439206944
6892	0.064626756	0.0664871856262162
6893	9.4747381	7.32687018464516
6894	0.25950022	0.166739724987619
6895	0.039871264	0.11237024037509
6896	1.31963845	1.25283140397436
6897	0.17708186	0.407687424940104
6898	16.71425659	10.8084535572778
6899	0.41221463	0.562270033779167
6900	0.048464989	0.0678579069487037
6901	3.541954	3.55439408386842
6902	2.8443809	2.63094920512121
6903	0.08331884	0.151722477619551
6904	0.184723085	0.843686079644872
6905	1.21150077	1.479499078
6906	0.080849781	0.0963144613013889
6907	0.169115303	0.133252657587745
6908	0.044458278	0.0880829525330729
6909	6.397182566	3.54798347627458
6910	0.0313357367	0.0714736706153646
6911	0.199144246	0.0816108256046154
6912	0.04217144	0.109221114619369
6913	0.057142723	0.0836871506712365
6914	0.126822658	0.852439232791085
6915	0.106223598	0.200550912760101
6916	0.179360922	0.150129615797312
6917	0.070652842	0.0774073278854902
6918	1.045825566	0.708118303429167
6919	0.053497239	0.0855935848304054
6920	8.41907937	8.19556645383684
6921	8.07218869	9.51640621274571
6922	0.083674128	0.29797511979537
6923	5.7572604	6.68061583573984
6924	1.42047147	2.62669730935714
6925	0.1881534	0.33377125822
6926	0.2766588	0.436890445231982
6927	4.41418032	2.79096501931081
6928	0.21578516	0.151220346766296
6929	0.30575372	0.334683249278294
6930	4.52902582	3.8970732378435
6931	0.281893247	0.12599829442093
6932	0.77262929	1.45395141525
6933	15.5793959	12.2877589835802
6934	0.0938315945	0.055761405007381
6935	0.157667179	0.26330870920935
6936	6.52974435	3.99481261832838
6937	0.66918987	0.738414016668628
6938	0.43805699	0.385722534482843
6939	0.111836624	0.0870576770767544
6940	11.21084281	9.27297406837564
6941	2.1681568	3.50359042922093
6942	0.091832279	0.224847632696875
6943	0.50979722	0.432372982439583
6944	0.427517596	0.489179763605405
6945	0.048371077	0.16872768473848
6946	5.32677851	1.98282960430404
6947	2.6905564	1.41975267797073
6948	0.047324634	0.122057663973413
6949	0.49161166	0.827593906717157
6950	0.268922625	0.528891478702439
6951	0.088008104	0.267974005181008
6952	0.59702413	1.62047338373504
6953	0.456422144	0.29626816639853
6954	0.14674762	0.164251209548649
6955	0.226366955	0.153178031307071
6956	3.9264519	2.75362296499638
6957	0.08704483	0.130339479650877
6958	0.61227542	1.09248318065833
6959	0.161664993	0.216085036486325
6960	0.089287047	0.175614258806624
6961	0.195497554	0.122737518863333
6962	0.22834399	0.208619311074775
6963	5.36909896	7.24099061633871
6964	1.03686849	0.733439316404065
6965	0.64407292	1.26345293736538
6966	0.18501443	0.472425668775397
6967	0.47400426	0.472947085346154
6968	0.053309482	0.0890356462155555
6969	3.22216597	6.55403528256504
6970	0.082899561	0.268749162381439
6971	1.03117492	0.882466248559896
6972	2.00244152	0.426315807115151
6973	0.047383029	0.214477768534849
6974	0.263742001	0.0918036367790196
6975	1.2856739	2.24674716541441
6976	0.2540092475	0.109212308890541
6977	0.084967081	0.095162590532625
6978	0.76630136	0.738932652919513
6979	0.14426719	0.193330472288235
6980	0.04114845	0.0898247650870614
6981	0.97899776	1.47120917490812
6982	0.5489833	0.490209744490323
6983	1.492222264	0.372574696490476
6984	6.40841225	9.28050053349048
6985	0.53068847	0.600931450910163
6986	0.270221154	0.67692223107094
6987	1.96898453	2.12418545629167
6988	0.29448157	0.512606235175521
6989	0.305513139	0.196236648252713
6990	8.04771257	8.84435753758333
6991	7.12409346	5.5976593242451
6992	9.1871617	8.96839514362122
6993	0.266224586	0.151366970942708
6994	0.45123674	1.90330073415196
6995	0.53160958	1.84440133377957
6996	0.094109347	0.196471476495076
6997	0.245671996	0.450994273595625
6998	0.51337167	0.392172065662255
6999	0.048772568	0.073334730464693
7000	0.25918851	0.211785486884167
7001	0.68115514	1.28816083603101
7002	10.32955904	17.3456297133778
7003	7.17591702	1.7162577794381
7004	14.07977046	11.558152644287
7005	0.042777544	0.0980284644903061
7006	0.193421726	0.307838439172222
7007	0.22567006	0.319105457591135
7008	0.252630876	1.02965608936036
7009	0.16697509	0.347135059526333
7010	0.17056972	0.827433054
7011	11.67680359	14.0797216704921
7012	0.065345857	0.123066772749383
7013	7.25044023	8.29090365026667
7014	0.489628736	1.37925422458917
7015	0.051966857	0.112173745740152
7016	0.38256696	0.382433088993333
7017	0.226048555	0.141675526891398
7018	7.63789737	5.96246389585204
7019	0.046852054	0.121224523219697
7020	0.033189567	0.111042895136325
7021	0.609750345	1.71310731092476
7022	9.64775198	8.30909480684839
7023	0.032975279	0.0613254668000476
7024	0.297091734	0.456553675394444
7025	2.631919084	4.7520083997969
7026	0.417074864	0.955593650732407
7027	0.55259994	0.922419803053031
7028	0.144424686	0.216909167146825
7029	4.3102993	3.33344594085772
7030	1.23704494	2.50897200739482
7031	5.1552401	8.5116182870873
7032	0.56834071	0.513511212785088
7033	0.068304569	0.113007379928497
7034	10.811062724	8.09483992845278
7035	15.5672187	10.5093292169271
7036	0.90353153	0.971269066273504
7037	17.22881646	15.1023316129542
7038	0.53124074	0.579625875940476
7039	1.6566077	1.99436280181818
7040	0.452156908	0.190731537760965
7041	0.21429744	0.525642976127027
7042	18.73475717	15.5920420378113
7043	4.081756604	3.06820586537269
7044	0.16652171	0.131123675613095
7045	0.041401171	0.122950079848932
7046	0.40622339	0.894158803657576
7047	0.33281294	0.43769102626
7048	0.17754397	0.277980148937281
7049	0.38563622	0.729917039056911
7050	0.55232406	0.563448211395834
7051	0.061483337	0.137801537027778
7052	0.32261726	0.584826487280209
7053	6.04058978	5.21053359963333
7054	0.46014544	0.619783442763021
7055	6.49669758	11.1755554499952
7056	0.329395994	0.240361600653186
7057	5.0949658	5.16944196688597
7058	0.82439524	0.395874894530303
7059	0.364633415	0.414298089695076
7060	0.160539515	0.103995456017824
7061	4.228977325	5.91448698058833
7062	0.14183249	0.168042170761458
7063	1.073806185	0.573292182046396
7064	1.60695054	3.24273011733333
7065	0.21234071	0.462527488523333
7066	11.51059156	9.87876742707939
7067	2.45959895	2.52883993483158
7068	0.26671411	0.355933606578295
7069	16.92060302	20.1995649694007
7070	7.4146987	10.6636089800778
7071	0.073286381	0.785323192824537
7072	0.111481272	0.111446617102907
7073	3.4517936	3.86366686892342
7074	0.14325024	0.120149942888021
7075	1.04512879	0.201694898315476
7076	15.02330078	13.0077801040754
7077	0.152412199	0.079503580559009
7078	0.29268377	0.41406092848964
7079	0.163674297	0.176635781505702
7080	2.06132425	4.67530340818391
7081	10.3982722	7.81327000267273
7082	0.038009292	0.0967048597327586
7083	5.60934423	5.81025442696237
7084	1.90325323	6.58748166631349
7085	6.53715284	4.80169098424394
7086	1.42566485	1.82270465572273
7087	0.069513416	0.154337517839815
7088	1.42950723	1.91342605152252
7089	0.090996477	0.395153110677778
7090	0.06319184	0.0713805978645238
7091	15.30694793	15.2682411137995
7092	13.8565777	11.2952553215185
7093	0.37044081	0.332247192652703
7094	0.106028657	0.0942606180541667
7095	0.322210598	0.140377718831111
7096	0.131714204	0.2233239835825
7097	8.07562833	10.2647825724019
7098	0.248855296	0.467099937669048
7099	0.48281868	0.781749106424562
7100	0.917384555	1.03672287978826
7101	0.089902456	0.375432874053922
7102	0.165456181	0.0782983483777193
7103	0.11146429	0.275817762430631
7104	0.193704645	0.171385694077619
7105	0.83513094	0.605735013563063
7106	4.38350318	4.25320931599058
7107	0.116843793	0.0681120224743421
7108	15.53106517	14.8662275963626
7109	1.43281735	3.36091228063248
7110	6.67714184	7.98213409012121
7111	0.045396952	0.0669453032628704
7112	0.163573965	0.1338709203875
7113	0.141822951	0.131032542104054
7114	0.237666693	0.0788066398325397
7115	0.32006858	0.333941262367982
7116	0.249901164	0.313321024444444
7117	0.048855423	0.077825449291358
7118	0.92602242	0.832464375700877
7119	0.101702232	0.202814106753906
7120	2.8850048	8.54063340081863
7121	0.69559552	0.893237982563597
7122	0.55726011	0.548018195779787
7123	0.170859594	0.250451809539815
7124	0.22285417	0.161702064600538
7125	14.18244525	13.51822864435
7126	0.205744	0.448740538857576
7127	0.076149764	0.119874295146296
7128	0.206840722	0.168999026310965
7129	0.07345005	0.490597060269355
7130	0.097807544	0.123552709368803
7131	0.49729909	0.681847165727778
7132	0.42105389	0.361110879036667
7133	0.7882337	0.520306273054701
7134	0.090956473	0.125312053801716
7135	0.40902065	0.60302239690404
7136	0.0371645175	0.0726578601235714
7137	0.060135546	0.092523188596875
7138	0.363679738	0.712405449693651
7139	5.31164668	3.04778228673284
7140	0.100402461	0.0692882530608108
7141	0.06203437	0.283271185386035
7142	5.87298962	4.27856007539074
7143	0.063368137	0.191746208157619
7144	0.034299098	0.047969562518964
7145	2.0994265	1.71084704258
7146	0.02757688	0.0710520979350877
7147	0.105821073	0.222221955824786
7148	0.078070855	0.101572902686364
7149	0.025722275	0.185069652685057
7150	0.198479982	1.9634918434908
7151	0.161388465	0.226721915398485
7152	0.144462685	0.133429511922917
7153	13.88856758	12.399241587875
7154	0.092944444	0.111407534844286
7155	0.53336171	0.451283499184344
7156	0.118126686	0.139660099845045
7157	0.308861115	0.196197378210354
7158	10.69658877	7.13280027715726
7159	0.197256334	1.3796925375614
7160	0.74166101	1.30573935452604
7161	10.38888705	8.10283781144872
7162	0.086964	0.548587814911667
7163	0.149647326	0.0906311368815315
7164	2.12653246	1.79179700108333
7165	0.187950093	0.370727891364444
7166	0.79670644	1.12604461258649
7167	0.31621461	0.524237692231944
7168	0.158802395	0.0938967955730476
7169	0.136166423	0.143613903887121
7170	10.08849846	7.30424080225116
7171	0.249213396	0.289001902857143
7172	15.17491387	17.3446184036532
7173	14.57822082	14.6407047442838
7174	0.84208663	1.88836893803864
7175	0.81184584	0.857949792205556
7176	0.04278734	0.139656135350901
7177	2.48241044	1.5518876872094
7178	0.099504106	0.141043983298958
7179	1.00278716	1.4134736159925
7180	3.384670625	7.40590286612863
7181	0.25067318	0.289652294397549
7182	4.24974217	7.04734650791667
7183	0.62000609	1.10381917923455
7184	0.06972871	0.145090874969565
7185	0.576430552	0.612976329738506
7186	0.146525526	0.0734958447825926
7187	0.25806103	0.460980716434211
7188	6.1658851	6.32879386227236
7189	1.64339677	1.03523932561538
7190	0.11973726	0.185250980546341
7191	0.105743105	0.0659510926662365
7192	3.207593214	2.48109528963774
7193	2.1518814	3.09553953862381
7194	0.161459604	0.0837659194007937
7195	0.127395071	0.191725806310811
7196	0.237719446	0.106190468801667
7197	7.3486243	2.2281273620875
7198	0.056745445	0.102937090658333
7199	0.73398876	1.33498983239815
7200	0.657557544	0.290776042042593
7201	19.62124777	11.2495903837738
7202	0.12368783	0.290793585084409
7203	0.0418821285	0.0846078009625
7204	0.27506717	0.294078256913492
7205	0.104995094	0.117917021348333
7206	0.34008455	0.417047766925269
7207	0.055191093	0.078956183236036
7208	0.313033826	0.473773876255834
7209	9.9455466	9.1086701546982
7210	0.064264636	0.0835703030552083
7211	0.218494324	0.18190319159246
7212	0.122529354	0.122290836089081
7213	4.08992814	1.0059542862248
7214	16.8743849	9.97224459794595
7215	14.11605927	9.94580290638333
7216	0.122894978	0.161109279970732
7217	0.43562543	0.778380402186036
7218	0.30233179	0.506843500720652
7219	0.169116956	0.132442137081746
7220	3.2044264	3.0028329367439
7221	0.060917805	0.10517829292931
7222	0.187956656	0.245916469892917
7223	0.247558278	0.105279410251961
7224	0.56090371	1.93090163076771
7225	0.081792798	0.0877417539902778
7226	0.17544852	0.39937154833252
7227	0.057407949	0.424263216020598
7228	0.09689728	0.124516098278125
7229	0.094295601	0.158967205944872
7230	0.056458772	0.0901522356174797
7231	7.85197186	7.79583409594595
7232	0.78297373	2.0931662456124
7233	11.0959836	11.54042979055
7234	0.30446865	0.339524894165151
7235	0.0464665035	0.105679992898611
7236	0.35840089	0.355096914802991
7237	0.80847102	1.50127789844444
7238	3.505607803	2.68401381587688
7239	1.0580446	1.77979491160648
7240	1.39008783	3.32438513841379
7241	0.28398527	0.300410284352252
7242	0.17265497	0.144004558802419
7243	0.088048149	0.177929415205914
7244	0.043514413	0.0858438921490476
7245	4.33981694	3.26349413425677
7246	0.028704976	0.0688197117356771
7247	3.249849303	2.69162270130167
7248	3.2978305	3.90456584085354
7249	0.176310613	0.10519976360937
7250	0.167519212	0.128717344705882
7251	1.19091877	0.738098799242157
7252	0.45014504	0.85918501618106
7253	0.0809630635	0.0536190691497396
7254	0.93018211	2.01854273236364
7255	0.076189335	0.147478147477236
7256	15.2877819	22.4808487598475
7257	0.26111846	0.705343308190991
7258	0.086698358	0.109950651914286
7259	7.26823357	5.30585229034615
7260	1.91234958	3.07535888379457
7261	2.3751386	4.45109181780808
7262	0.42143874	0.36529250525
7263	0.26993769	0.700240639876744
7264	0.196708221	0.129610134653009
7265	0.20611539	0.191055205346552
7266	0.133421695	0.179766186979444
7267	1.31376792	4.65044549467588
7268	0.58125518	0.820458898759649
7269	9.334429414	14.0183211692396
7270	0.297596346	0.177489649388211
7271	0.099517915	0.0982500883520325
7272	0.425030024	0.953798592141228
7273	0.29552625	0.54296953514899
7274	10.8951739	14.1913228500787
7275	0.053144546	0.0820658941377381
7276	0.053936702	0.0933206281153153
7277	0.24879677	0.242514139904545
7278	0.072342725	0.0688239760742424
7279	0.125186931	0.109886869083889
7280	5.28893168	6.06677858935392
7281	2.85024094	6.26015267928095
7282	0.074150864	0.142151213616667
7283	0.252605405	0.154012018524638
7284	0.27243744	0.27205398957381
7285	0.242132475	0.0979614518050505
7286	0.10716487	0.201031454517105
7287	2.36512157	1.18698406643981
7288	10.342878	7.31353213216667
7289	0.063612012	0.106598158172791
7290	0.15026518	0.144156194649048
7291	5.3563605	4.83368222662393
7292	0.158613454	0.149935101123529
7293	0.057632081	0.207635498850901
7294	0.082877742	0.0960837320978723
7295	0.104207614	0.242448631668182
7296	0.061075175	0.0794240887577161
7297	11.2145229	10.1576439187056
7298	0.052942784	0.174577944671491
7299	6.347010242	4.1401129892787
7300	12.33828429	7.03180397905882
7301	0.24040375	1.05577165699896
7302	0.141463894	0.281519394028571
7303	0.034636306	0.0870766583764957
7304	0.053349247	0.0927517192320988
7305	0.30073018	0.457365484636979
7306	0.34639811	0.20630546836982
7307	9.03845472	9.76098121547297
7308	1.993033285	1.01751746737778
7309	0.25648184	0.348897243750538
7310	0.147376822	0.08530819829625
7311	17.43200199	16.6611046630451
7312	0.037133201	0.0943980665432624
7313	0.56451917	0.16535162466713
7314	0.098174162	0.228172867703153
7315	0.15522016	0.55958973717619
7316	0.034313738	0.0734654509664414
7317	8.33696209	12.9213222114786
7318	6.0121659	4.59025807711828
7319	0.076965334	0.0805546872354762
7320	0.106583362	0.210211731551709
7321	0.41310119	1.02663679416667
7322	0.041590108	0.081707626530625
7323	1.1844414	1.51704453769907
7324	0.12437734	0.613947666223424
7325	0.046184915	0.082183813655625
7326	6.57020056	4.05821264446341
7327	0.098408145	0.122506734053775
7328	0.37240176	0.749215923268966
7329	0.35474272	0.564459698367647
7330	0.347862067	0.524131194675556
7331	0.041401581	0.0850689993895833
7332	0.17112173	0.269776231064762
7333	0.032528809	0.076726713799008
7334	0.116457357	0.215971613072349
7335	0.082241843	0.0763444971475
7336	0.169525774	0.909875516258547
7337	0.46784666	0.326385864203252
7338	0.11244952	0.11351276806875
7339	0.2905427	0.430748055033854
7340	0.21742252	0.36911138938381
7341	20.36506554	18.2740615328065
7342	0.041134551	0.1031873264225
7343	0.12473556	0.692643778235043
7344	8.1466598	7.96387073217803
7345	0.21280086	0.265144209365315
7346	0.46639103	0.442853132980556
7347	0.074851557	0.409416797967157
7348	0.049847921	0.0935968038888158
7349	0.116866548	0.167842608407407
7350	0.20071646	1.10561662353101
7351	0.178156427	0.132240010692094
7352	0.093241768	0.273259411831301
7353	7.99158248	10.9907813157568
7354	5.1367256	7.81088172575245
7355	0.089000617	0.0767775569776755
7356	6.5947775	2.85099304626491
7357	0.372118445	0.245255281923148
7358	0.125708976	0.294218644835586
7359	2.4695851	4.05891160665196
7360	1.326387525	2.8506276506588
7361	0.88730825	0.816388046172727
7362	0.114861846	0.189310072618939
7363	0.095482523	0.0697879123214286
7364	0.123748148	0.128542593051577
7365	0.43232305	0.599461292252174
7366	8.6643138	8.6230130604375
7367	0.039648646	0.0850224963612821
7368	0.120647553	0.214173066972222
7369	0.090456491	0.109038070861626
7370	7.40208255	9.56652762623643
7371	1.34608783	1.73860168507037
7372	0.09744968	0.207176530472072
7373	0.08882297	0.235615589030342
7374	0.26768273	1.38241198087202
7375	0.133464556	0.239853858716111
7376	0.097034753	0.29837964635098
7377	0.0359557735	0.109701252707843
7378	7.96804252	5.28969321269369
7379	0.15877721	0.25928263475754
7380	0.61816784	1.11325008559048
7381	0.13812982	0.138360870170707
7382	0.6908139	0.864244597653572
7383	0.047534651	0.117516399882778
7384	0.150469077	0.0887897730153922
7385	9.19627802	13.4683219759564
7386	8.0967259	7.53095332079825
7387	0.078358218	0.0679610752604701
7388	0.12815895	0.171894342858333
7389	3.07643756	5.54196088926264
7390	0.412658196	0.463056015196914
7391	12.81492486	10.1479365096158
7392	0.071278734	0.130173651450189
7393	6.46973598	6.11735834506898
7394	0.17274673	0.4575769580025
7395	0.69590545	0.796553206026316
7396	0.067526873	0.527589762933333
7397	1.70455366	2.60072551603289
7398	1.3162016	1.86020068018651
7399	1.27822936	2.2004904369375
7400	10.68456444	12.0744118057111
7401	0.263045985	0.377780553378283
7402	1.070497245	0.123487769102778
7403	0.521585443	0.23618344771886
7404	1.83721466	4.00253045156746
7405	0.186129144	0.142946886666667
7406	0.21365549	0.167869993251471
7407	0.091889799	0.127518231397619
7408	0.0279533785	0.0826680667294445
7409	1.50795624	1.16993042901667
7410	0.079885887	0.196481169342187
7411	0.064743238	0.090410563740991
7412	0.084382915	0.0930134165412162
7413	0.045748548	0.177440025118293
7414	0.1066472635	0.0816183851607692
7415	5.7982553	9.3372328948421
7416	0.1648877	0.305150750267105
7417	4.69538081	3.54684193673737
7418	0.2151057	0.411781344755702
7419	9.1479055	11.5168068310392
7420	0.040285036	0.095605945110625
7421	0.084916155	0.0741278096226961
7422	0.139895803	0.235375964664815
7423	0.156888408	0.0883138943207527
7424	0.070896965	0.119877231428646
7425	8.64696595	10.5145987232162
7426	0.65627317	1.80944670377193
7427	0.38557343	0.501723791717094
7428	2.05416054	4.0476169027125
7429	0.488272524	0.539203671935803
7430	0.0550614055	0.0886478545585784
7431	0.509476158	0.469334109093229
7432	0.13766072	0.0937085518059211
7433	0.143189587	1.43381951642125
7434	0.04851438	0.151796516907317
7435	0.52200618	0.378377483460185
7436	5.5227172	3.95252519022222
7437	0.099286943	0.229040770081771
7438	0.186378966	0.416080925390698
7439	0.50394252	0.705824088989167
7440	0.61332588	0.644066050714762
7441	0.609014325	0.31738720782069
7442	0.103310403	0.0964813751252137
7443	0.108916235	0.121070135026241
7444	0.05302609	0.14625461695101
7445	0.19134722	0.093020417690625
7446	0.085141815	0.251084094941919
7447	0.032223177	0.102308832613447
7448	6.46484087	4.36252698985354
7449	0.36443709	0.327790826240873
7450	0.582576	0.763787260700379
7451	0.0848860935	0.137895560909524
7452	0.39092022	1.73025557224188
7453	7.49518713	8.02877013967667
7454	0.043637621	0.115207868763178
7455	4.61802407	7.37597617421515
7456	0.21085398	0.486072087582895
7457	0.43915054	0.331272256621545
7458	22.73495204	19.8309749062398
7459	0.158512653	0.167057568644444
7460	0.112864516	0.131564869065812
7461	0.0618579605	0.084576306782265
7462	0.79982305	0.903918511542793
7463	0.434171576	0.621896146849549
7464	0.420010587	0.72625386182875
7465	0.210922074	0.111450862012016
7466	0.09071369	0.144095531678846
7467	0.03586396	0.0732516336424731
7468	1.43330748	2.11946861334921
7469	0.075236042	0.070190047938046
7470	0.166318887	0.204942911139316
7471	9.31941211	7.75095822339506
7472	2.311278	5.57872248314216
7473	0.138662864	0.32281625355122
7474	1.25620501	1.6718935113547
7475	8.3009179	7.82758291065833
7476	0.099314383	0.172689522631306
7477	2.5734117	4.42411506101709
7478	0.101950155	0.203032809415054
7479	0.11127847	0.191486928883854
7480	0.166881044	0.318874169737083
7481	0.81232666	1.5595134001886
7482	0.120123814	0.201730263941667
7483	0.134043913	0.150479601407317
7484	0.600567637	1.04940220119141
7485	0.163266775	0.384693179531944
7486	10.873183215	8.84343559959191
7487	0.119006789	0.0869060962631945
7488	3.96907574	4.3999241759875
7489	1.53387463	3.00106389179306
7490	0.126280984	0.184115007454444
7491	0.47317213	0.384479035252315
7492	1.11664814	0.773939885952137
7493	2.7574109	2.72293572067073
7494	0.033741552	0.103689411073913
7495	0.036397033	0.0595379664636667
7496	1.8434479	2.82731245757843
7497	0.137313345	0.234992117873413
7498	0.114275806	0.219969512037179
7499	12.71888848	10.6837090425969
7500	4.7859418	6.46707768808018
7501	0.11252744	0.0746818183394309
7502	1.91329895	2.85871107982323
7503	0.42090974	0.526907506102976
7504	0.047998989	0.191531524311111
7505	0.080742611	0.172342881795417
7506	4.5894317	7.46240114648387
7507	0.4916765	0.807218496149167
7508	0.200501676	0.949099058482018
7509	1.05461713	3.1647597297265
7510	20.04371902	18.0206586123284
7511	0.075506855	0.121446713908519
7512	0.7416282	1.43643564954893
7513	13.3505106	11.1686898055853
7514	2.93762494	3.11970863176852
7515	0.62364087	1.83290119774748
7516	0.41479003	0.95336257152027
7517	2.12030058	1.64954149559042
7518	0.399017995	0.315709330432609
7519	0.105261165	0.102482443263248
7520	0.103841932	0.121749389675488
7521	0.59660862	0.653551692304839
7522	7.51018915	8.86291042551471
7523	0.36169452	0.589114682370567
7524	8.34096786	10.2247764085556
7525	0.236541425	0.453866378161818
7526	4.020823097	3.26406130454902
7527	0.31930672	0.290294839066667
7528	0.077160882	0.0828763295791667
7529	0.15192254	0.0954986499449495
7530	0.150171927	0.714263997018056
7531	3.1524781	4.97818927060714
7532	6.4300642	9.88007875081982
7533	0.45896745	0.486982594883838
7534	0.30352105	0.210206499523413
7535	0.129717553	0.11951838222601
7536	0.30415541	0.11943908944596
7537	17.84264243	18.0332157403186
7538	0.80851018	0.664677106487097
7539	5.219962866	6.99040865469479
7540	0.180171815	0.109337012766279
7541	0.084471442	0.144275756146552
7542	3.9951867	6.23604333526357
7543	1.27010331	1.28860896694872
7544	0.229768608	0.161018822592105
7545	7.70280997	6.64081088461937
7546	0.048731122	0.103265860990171
7547	2.24095222	4.38194389428495
7548	0.075261622	0.159201417195238
7549	0.28308429	0.466968824650397
7550	0.22262068	0.12260410168192
7551	0.143377897	0.776894994410317
7552	0.251377388	0.18019183587402
7553	4.9020785	5.22980189998958
7554	0.063735501	0.132171576903704
7555	0.156050025	0.119765469955051
7556	0.286042518	0.236062756627928
7557	0.46687343	1.41338245465299
7558	0.12578942	0.314532279827315
7559	0.50541477	0.784324478434343
7560	0.3395989	0.377380730497297
7561	8.9149455	5.93656334678788
7562	0.133682496	0.153972654616279
7563	17.8856853	13.4303887606889
7564	1.019648064	0.329419773719231
7565	0.75521001	0.527989846760101
7566	2.16126465	1.39019467178803
7567	0.051885518	0.138991072380263
7568	1.11786134	2.74365019346444
7569	0.144983266	0.385311120421512
7570	1.074090334	0.547408697069355
7571	0.045176566	0.174213586215417
7572	0.035755992	0.173021434534048
7573	4.06348694	4.96506470281522
7574	0.814679265	0.0962913094046296
7575	0.197013457	0.247841429809
7576	11.0353959	8.13987402686111
7577	0.052107289	0.153893903849342
7578	0.11101773	0.211437747970476
7579	0.06581378	0.23458088642807
7580	0.138463922	0.133464133840426
7581	0.041946973	0.0732265895458334
7582	11.45085718	12.6201690844432
7583	0.078678167	0.414722068702315
7584	0.21991622	0.201378737432432
7585	0.095534417	0.173745691980208
7586	0.78881045	0.688379925052991
7587	0.76844268	2.00180151325714
7588	0.149012576	0.131902506570139
7589	0.06456719	0.105217355095528
7590	0.142945195	0.178036373918018
7591	2.87139593	1.57502579510753
7592	7.3242827	9.58232337601316
7593	0.51086299	0.752414123907955
7594	0.119373751	0.109665740452381
7595	8.004907186	5.82737260081429
7596	0.62708243	1.68161825049573
7597	0.119633418	0.189666816016667
7598	0.35174969	0.39279903305991
7599	11.08245356	11.4093488072928
7600	0.54697648	0.679742646582857
7601	0.042986086	0.0845208959934685
7602	0.046363082	0.0959335052127778
7603	27.3163447	17.7926499481615
7604	0.078146258	0.0976894049207207
7605	0.194900514	0.0937724097004274
7606	0.179284302	0.0813287325587302
7607	0.55734947	3.7204807652175
7608	0.33100551	0.857604495667647
7609	0.74762601	1.37059649575397
7610	6.3975831	4.99948577652137
7611	1.559004765	0.623537030055556
7612	3.28533028	3.20648132385659
7613	0.244000496	0.182421733735366
7614	0.086997848	0.325764570790952
7615	0.111620513	0.619757710598246
7616	6.5966383	3.7900355432027
7617	4.82384442	7.56008214333334
7618	9.22058147	11.9852157488905
7619	0.12349658	0.160990869738272
7620	18.72559662	17.2789553389524
7621	0.24000327	0.172873050202703
7622	2.3614553	2.72505071425
7623	3.0421702	4.61637511795556
7624	1.05524187	1.16706343821212
7625	13.65550502	17.3753222671151
7626	0.078526199	0.174059134615854
7627	0.108463094	0.337351866604915
7628	0.079216302	0.186708851905702
7629	0.194407603	0.311938189277619
7630	0.106768415	0.221507327647917
7631	1.95236265	2.28545807533796
7632	1.86468928	1.05651009215196
7633	0.150109464	0.127095147890952
7634	0.48495104	0.811128900958333
7635	0.79868994	1.11035584842793
7636	4.36444033	3.58053309152402
7637	0.073027523	0.171805628431439
7638	0.097580778	0.179871180316667
7639	11.2356816	7.72142018735374
7640	0.371186436	0.288703490676577
7641	0.108723074	0.248021637467568
7642	0.41390318	1.20099801153153
7643	1.61532234	2.34981666239583
7644	0.060091209	0.144587908803542
7645	0.45059087	0.77337028953876
7646	0.084662035	0.084368107852451
7647	11.13203456	9.9383895869625
7648	0.67847495	0.553144900422764
7649	1.3472777	1.35573863560163
7650	0.3844637	0.481547291730556
7651	0.127222788	0.529538079852778
7652	0.51089787	2.05061928333838
7653	0.35531308	0.572172879477273
7654	0.481658566	0.551447062640196
7655	12.98305627	13.7760448792714
7656	7.22762131	7.32904411625252
7657	0.81723047	0.932710419340651
7658	0.42118298	0.533336604184409
7659	13.0073806	8.91594484984848
7660	0.370203015	0.206638800407071
7661	0.13818168	0.130240502152151
7662	0.580139676	0.504034990812381
7663	0.54316099	2.31001204903964
7664	0.087774223	0.150530949330159
7665	0.34477434	0.576909184915592
7666	0.170098979	0.101267889424524
7667	0.059707146	0.0835747891213675
7668	0.083639416	0.103338301597172
7669	1.20638743	2.12093563119583
7670	0.046468981	0.111413729048649
7671	1.28583957	1.93083351210569
7672	7.4352909	12.1625866329706
7673	0.78464767	0.909261316639639
7674	4.799110134	8.37802765813293
7675	0.408805095	0.227872936567204
7676	2.552643	3.36620985425556
7677	0.072200908	0.122899490309028
7678	1.77331671	2.77398771162851
7679	0.297771155	0.991835465458095
7680	0.25113326	0.230116916443137
7681	0.33638743	0.366275725426191
7682	0.212413092	0.233051151781905
7683	0.5656999	1.34861454581351
7684	0.061311203	0.0849228837960163
7685	8.56397795	14.5719307098161
7686	11.28730785	9.36852048135632
7687	0.04947581	0.0851931652358823
7688	0.143074814	0.504758008464198
7689	0.156758116	0.151311521633333
7690	2.4250761	2.40224793993137
7691	0.223364422	0.0967689033564445
7692	0.17412444	0.637624891087719
7693	0.500211843	0.523710334968699
7694	11.0303136	9.88860181341919
7695	0.100015249	0.220813886233333
7696	9.33019459	7.52591214051373
7697	0.39276009	0.503428252645417
7698	0.146529354	0.162466680083333
7699	0.059974302	0.18737661263912
7700	0.132370485	0.227710954358095
7701	1.236641936	0.304870255865854
7702	0.34731616	0.196920920005556
7703	0.83247838	2.48324114081667
7704	1.77037961	0.793504167001563
7705	2.7905837	2.76783992835833
7706	0.2236349	0.178838975061712
7707	1.41256825	1.88778626963675
7708	0.340632132	0.201046881160937
7709	7.6517111	7.82627390759783
7710	1.30887896	1.97530113434848
7711	0.060868461	0.113951776298529
7712	0.957305236	0.542651988398571
7713	0.07536301	0.223186426850476
7714	4.2278174	6.36566571986667
7715	0.87988329	0.496322981192917
7716	0.9165384	0.922608026665
7717	1.02959602	3.13341769467105
7718	0.071546409	0.106324074423039
7719	0.528917065	0.267389428511842
7720	0.1019749	0.290224372479524
7721	0.057169387	0.51727634290614
7722	0.167806057	0.25540641240875
7723	17.615512916	16.2788620063196
7724	1.15551171	1.15044103064605
7725	0.58496043	0.913076920232184
7726	16.15295891	16.8230374618506
7727	0.07886635	0.206118760498518
7728	0.035417239	0.06179499813125
7729	11.33287962	10.5776814075912
7730	0.245225474	0.966833652513954
7731	0.198027963	0.308062536593011
7732	2.8337805	6.48173052359722
7733	0.167606228	0.0994835470088541
7734	0.097897118	0.0981796620775
7735	0.067225892	0.263681534431183
7736	9.198077	7.64759977262121
7737	0.18603974	0.415740350448387
7738	0.122776539	0.19069450910951
7739	1.57731437	2.22058495853252
7740	0.103268483	0.0764236699611842
7741	0.19636853	0.1655718219
7742	0.49791456	0.160484987040385
7743	0.062485063	0.152919108968421
7744	0.050064983	0.0633067558733333
7745	0.10974751	0.151018738813566
7746	0.041163675	0.289809747181945
7747	0.060828856	0.165524703432598
7748	1.94593173	4.4331967295991
7749	0.0336658986	0.0840558268035714
7750	0.85947057	1.1788322948172
7751	0.19177225	0.177827913327525
7752	0.82186068	0.45054546832265
7753	12.70694556	16.3689336659677
7754	0.14975599	0.480277017485581
7755	0.29236036	0.432090408369524
7756	0.36405847	0.439070565195556
7757	0.9620257	1.59878951340698
7758	0.207249795	0.601423544053509
