index	observed	oob_prediction
1	0.0243991056456121	0.028215320476989
2	0.0486584684181107	0.0951113284889137
3	0.106204583566238	0.0487511645239426
4	0.0741196198993851	0.0429048661573815
5	0.0129960871995528	0.0295558117508229
6	0.0355226383454444	0.0519367829859725
7	0.0790106204583566	0.0278760874862049
8	0.141615427613192	0.066437113119268
9	0.0715204024594746	0.0699099677426868
10	0	0.0344582740484781
11	0.0666573504751258	0.0514883119564506
12	0.0523197316936836	0.0811810757095833
13	0.107602012297373	0.0759168502504411
14	0.0479597540525433	0.0770675841509095
15	0.0449972051425377	0.0341341147974002
16	0.0441307993292342	0.0500539209874034
17	0.0474287311347121	0.0525834090273896
18	0	0.0377976797202951
19	0.0649245388485187	0.0680920200847535
20	0.0620737842370039	0.0435505869200671
21	0.0712129681386249	0.0673631500495229
22	0.0488541084404695	0.0702381416174038
23	0.040217998882057	0.0326721942736476
24	0.0611235326998323	0.0613102204443823
25	0.0925656791503633	0.073336250188542
26	0.0658747903856903	0.0521934326025299
27	0.0880100614868642	0.0632301385962649
28	0.0608160983789827	0.0617283353101837
29	0.0698434879821129	0.0871058615783322
30	0.0887646730016769	0.0850429739194412
31	0.161375069871437	0.0675390348425564
32	0.0397149245388485	0.0512761241537793
33	0.0887926215762996	0.0806417303273089
34	0.0476802683063164	0.0603180680880513
35	0.0471212968138625	0.0662613555285916
36	0.0501397428731135	0.0481380948709547
37	0.0214645053102292	0.035946978926297
38	0.128619340413639	0.0708911370520103
39	0.0963946338736725	0.0800043757869359
40	0	0.0505702885478598
41	0.0534935718278368	0.0416789568731995
42	0.0467300167691448	0.0623766989460114
43	0.0397428731134712	0.0530758570896218
44	0	0.0299568793420107
45	0.0609837898267188	0.0367371755268552
46	0.0836221352711012	0.0329535920572813
47	0.0467859139183902	0.0809639929196945
48	0.0673281162660704	0.0748694307236589
49	0.0939910564561207	0.0742156931246507
50	0	0.0413510806782187
51	0.069200670765791	0.071085814067927
52	0.0280324203465623	0.0470449428606919
53	0.0592509782001118	0.0298654683715297
54	0.0309111235326998	0.0459111364718548
55	0.0446897708216881	0.042313867270547
56	0.0625768585802124	0.057040382281967
57	0.0526830631637786	0.0529029007678503
58	0.0897708216880939	0.0765372115307834
59	0.102990497484628	0.0645715655124396
60	0.12520961430967	0.0852685108181434
61	0	0.0225718660570533
62	0.0740357741755171	0.0757383711268563
63	0.075041922861934	0.0670493018336457
64	0.112493012856344	0.0783133301392105
65	0	0.0304511606689668
66	0.0423420905533818	0.0555214738215018
67	0.0213247624371157	0.0228357322526551
68	0.0501956400223589	0.0674312930873859
69	0.0488261598658468	0.066187754702288
70	0.0462828395751817	0.0567547823116577
71	0.0518725544997205	0.0683701197004718
72	0.0700111794298491	0.0668663798146295
73	0.0755449972051425	0.0892166679975512
74	0.0644214645053102	0.0537370676551636
75	0.0929849077697038	0.0745531911205862
76	0.037199552822806	0.0417970001863238
77	0.0834823923979877	0.0428652149609935
78	0.0830072666294019	0.0720606396730017
79	0.0399664617104528	0.0472423296689647
80	0	0.0398321311009964
81	0.0941307993292342	0.0774853926894173
82	0.0745947456679709	0.0582634485879315
83	0.128060368921185	0.0753317599320953
84	0.107853549468977	0.0380981485295127
85	0.0471771939631079	0.0546019139597955
86	0.0642258244829514	0.090351197130613
87	0.0425097820011179	0.0413062685379622
88	0.0466461710452767	0.0347971561783682
89	0.153297931805478	0.0735106474262795
90	0.0464505310229178	0.0567326324690774
91	0.0581609837898267	0.0618960945194176
92	0.124930128563443	0.0657376353435604
93	0.0433761878144215	0.0254663020043121
94	0.0482112912241476	0.0553145170151878
95	0.0687255449972051	0.0625760365633118
96	0.0825041922861934	0.0372134670056558
97	0.100810508664058	0.0450584528071951
98	0.0588596981553941	0.0523695309721023
99	0.0650922302962549	0.0761273841497498
100	0.0379262157629961	0.0270573124174922
101	0.0475964225824483	0.0619693633632815
102	0.0471212968138625	0.0561939734592054
103	0.0765790944661822	0.0625403560479022
104	0.045975405254332	0.0219062924219436
105	0	0.0546062356375381
106	0.0489100055897149	0.0572291105577858
107	0.0819452207937395	0.0486184656005308
108	0.0461430967020682	0.0766324496260214
109	0.0349916154276132	0.0464558101981243
110	0.0424259362772499	0.0532374963400676
111	0.0454443823365008	0.0731506263768783
112	0.0533538289547233	0.0760183400474162
113	0.0921185019564002	0.0246483458941295
114	0.0835382895472331	0.0687269424259363
115	0.0347400782560089	0.034128159741631
116	0.129346003353829	0.0709241388002937
117	0.0369480156512018	0.0225657109101072
118	0.0539128004471772	0.0705830720749184
119	0	0.0357376715731942
120	0	0.0493720628118336
121	0.0666294019005031	0.0742908514999068
122	0.0579373951928452	0.0446602430389871
123	0.0643376187814422	0.0530456421722492
124	0.0424818334264953	0.0558987067961617
125	0.0713527110117384	0.0777193826105065
126	0.0314980435997764	0.0479394833047423
127	0.0474007825600894	0.0604063589661689
128	0.0473448854108441	0.045713507348499
129	0.0910285075461151	0.0458174958077138
130	0.0480994969256568	0.0663419232853973
131	0.0428172163219676	0.0507735186061066
132	0.123225265511459	0.0811590849307862
133	0.0486864169927334	0.0604836797262734
134	0.0572945779765232	0.0358901879800426
135	0.0401341531581889	0.0480442208558475
136	0.0449413079932923	0.051278288973929
137	0	0.0540441097153168
138	0.0887367244270542	0.0631162660704304
139	0.0453046394633874	0.0521678274137749
140	0.103158188932364	0.0878092074024655
141	0.0457238680827278	0.0700296384884371
142	0.0562884292901062	0.0417082370240559
143	0.0628842929010621	0.0643353828954723
144	0.0472330911123533	0.0528587330935011
145	0.0230016769144774	0.0281782735453041
146	0.0470095025153717	0.050020544653977
147	0.0354946897708217	0.0614290282456856
148	0.0393795416433762	0.0214733198606871
149	0.0451928451648966	0.0293948046705174
150	0.0626607043040805	0.0658224788869101
151	0.0548630519843488	0.0473659349679473
152	0.0396869759642258	0.0532641291375221
153	0.0583566238121856	0.0366258553957688
154	0.0150363331470095	0.0623002724986026
155	0.0439910564561207	0.0590185759956067
156	0.0451928451648966	0.0554514626420719
157	0.0694801565120179	0.0465600184549318
158	0.0471771939631079	0.0503653548304453
159	0	0.0385648124622412
160	0.0730855226383454	0.064689279833215
161	0	0.0230373412067096
162	0.0488541084404695	0.0765467911136532
163	0.0397708216880939	0.075121125046581
164	0.0761039686975964	0.0656864066414094
165	0.0494130799329234	0.0358345717051357
166	0.111486864169927	0.0852178006652157
167	0.0553661263275573	0.056996267098424
168	0.0495528228060369	0.0546795530632239
169	0.180435997764114	0.0763151002156033
170	0.0786752375628843	0.0707835449439698
171	0.0611235326998323	0.0667957572102419
172	0.071939631078815	0.0739688478575765
173	0.0448295136948016	0.0457266920532886
174	0.0660983789826719	0.0585268106683702
175	0.045975405254332	0.0630291055156187
176	0.0462269424259363	0.0587379665859264
177	0.0777529346003354	0.0802914079535097
178	0.0815259921743991	0.0475798373098762
179	0.0825880380100615	0.0808291928037596
180	0.0657909446618223	0.0574674755312969
181	0.0442705422023477	0.039119764460978
182	0.079346003353829	0.0865077878325503
183	0.0462828395751817	0.0543717393329607
184	0.0998602571268865	0.0835144377081213
185	0.103437674678591	0.071940712959123
186	0.00989379541643376	0.0300387935770831
187	0.0491056456120738	0.0724654864216508
188	0.0406931246506428	0.0482762895758983
189	0.0661263275572946	0.028112016978191
190	0.0082727780883175	0.0186285692658841
191	0.0279765231973169	0.0257819139664737
192	0.0744550027948575	0.0805378936090926
193	0.0481553940749022	0.0843956658210431
194	0	0.0438384216179485
195	0.035830072666294	0.0649435178805881
196	0.0296813862493013	0.0776968563029211
197	0.10684740078256	0.0652447153152179
198	0.0423141419787591	0.0563060768186537
199	0.0482112912241476	0.0781992757258269
200	0.0538289547233091	0.0570744003077349
201	0.0653437674678591	0.0500111931301308
202	0.0740357741755171	0.0645953223845901
203	0.105030743432085	0.0783063962309351
204	0.071660145332588	0.0691962746879076
205	0.120793739519285	0.0737588901461961
206	0.129122414756847	0.0832444452207938
207	0.0463666852990498	0.0860660569736869
208	0.0204863051984349	0.0330266669688134
209	0.0478479597540525	0.0493165303114996
210	0.0480994969256568	0.0637214857994623
211	0.0579653437674679	0.0405945412293232
212	0.103745108999441	0.0479286655763272
213	0.0436556735606484	0.0540011939434948
214	0.0469256567915036	0.0562133657809468
215	0.0335662381218558	0.0478715683467623
216	0	0.0221764465012284
217	0.0261598658468418	0.0317889227964689
218	0.0744270542202348	0.0639264641947705
219	0.0332308552263835	0.0484562692933291
220	0.0744550027948575	0.0263341135643749
221	0.0241196198993851	0.0186916400065015
222	0.0434041363890442	0.033283569343519
223	0.0455561766349916	0.0445710176104251
224	0.0440749021799888	0.0548984393967625
225	0.0648686416992733	0.0455061558527182
226	0.0439351593068754	0.0592124385866847
227	0.0978479597540525	0.0630537165781628
228	0.0485187255449972	0.0614135051334604
229	0.0553102291783119	0.052861042348745
230	0.045975405254332	0.0671716042481834
231	0.044885410844047	0.0736422205364352
232	0.0566797093348239	0.0339661850477949
233	0	0.0416445207484894
234	0.0551984348798211	0.0718268937999609
235	0.0458077138065959	0.0490360717760802
236	0.0616545556176635	0.0297387376333238
237	0.0438513135830073	0.0554017832993743
238	0.0674678591391839	0.0762344934443431
239	0.0337618781442146	0.0433566936836221
240	0.0397987702627166	0.0566017497501567
241	0.0654835103409726	0.0721486331816125
242	0	0.0455334132564502
243	0.0841252096143097	0.028598633060623
244	0.0478200111794298	0.0546228106949879
245	0.045612073784237	0.0669047485959168
246	0	0.0150076915386258
247	0.0365008384572387	0.0427158334969962
248	0.045975405254332	0.0540476781980415
249	0.0804080491894913	0.0844701859689283
250	0	0.0347185733805354
251	0.0541363890441587	0.0581589541909553
252	0.0960871995528228	0.0409984162474381
253	0.0716042481833427	0.0276630607525291
254	0.0477361654555618	0.0711952369958118
255	0.0387646730016769	0.0465679885852137
256	0	0.0444171215160184
257	0.00628842929010621	0.0134114495994038
258	0.0473448854108441	0.0529443690276558
259	0.0612353269983231	0.0698306560373357
260	0.0463666852990498	0.0555062817748676
261	0.124175517048631	0.0695929559785433
262	0.0348798211291224	0.0324747664297692
263	0.063527110117384	0.0709870504937582
264	0.0774455002794857	0.0825620004490882
265	0.0486864169927334	0.0583920139788318
266	0.0487982112912242	0.060014717064745
267	0.11545556176635	0.0684318691006921
268	0.0552263834544438	0.0313851504684372
269	0.0389882615986585	0.0335853072014161
270	0.02157629960872	0.0590623707662454
271	0.0696757965343768	0.0627356399268082
272	0.0613471212968139	0.0425158752939636
273	0.164505310229178	0.0660177806169981
274	0.0353828954723309	0.0552798868600294
275	0.0433482392397988	0.0533336984273261
276	0.0166014533258804	0.0484455934414012
277	0.0238121855785355	0.0284813644044384
278	0.0444941307993292	0.0435220749376703
279	0.0470933482392398	0.077760084777343
280	0.0667970933482392	0.0694847324060983
281	0.0710452766908888	0.0602167422794771
282	0.10041922861934	0.0740890228645958
283	0.00939072107322527	0.0495247613078804
284	0.0447736165455562	0.0429057453205022
285	0.0675796534376747	0.0611232017298697
286	0.0673560648406931	0.0830476913470206
287	0.0814980435997764	0.0869250498275093
288	0.0731414197875908	0.0605314421464505
289	0.0416713247624371	0.0513126622208934
290	0.0424538848518726	0.0386061868384395
291	0.06151481274455	0.0682526256950369
292	0.0490217998882057	0.0672141959648947
293	0.0535494689770822	0.0734511327985336
294	0.0375628842929011	0.0462870318613751
295	0.0653158188932364	0.084035552915968
296	0.0432923420905534	0.0357242502854577
297	0.0703186137506987	0.0812484605561539
298	0.0722470653996646	0.0708531593534563
299	0.0437674678591392	0.0664172984209055
300	0.040497484628284	0.0413027011779807
301	0.0666852990497485	0.0478266527224316
302	0.0899105645612074	0.0822732329376692
303	0.0572945779765232	0.0786321638772893
304	0.0673001676914477	0.0792492364773454
305	0.0622135271101174	0.0262648859431978
306	0.0678870877585243	0.0550654462455748
307	0.0692565679150363	0.0590098776809229
308	0.0393236444941308	0.0410244663332981
309	0.0711011738401342	0.0811328602525824
310	0.084823923979877	0.06444324886653
311	0.075321408608161	0.0686253101311131
312	0.0544158747903857	0.0389596764176138
313	0	0.0324667012696638
314	0.0780324203465623	0.0686211337805105
315	0.0473169368362214	0.0344661209339727
316	0.0471492453884852	0.0652682104144061
317	0.0479038569032979	0.042369806223216
318	0.0589994410285075	0.0727887670020496
319	0.0805198434879821	0.0711437346586629
320	0.0343208496366685	0.0351315831743156
321	0	0.0275349357182784
322	0.0282001117942985	0.0277018685618462
323	0.0594466182224707	0.0601697272081099
324	0.0831190609278927	0.071193615868015
325	0.132336500838457	0.0721466446183467
326	0.0624091671324763	0.0674315648096392
327	0.0801285634432644	0.0562185837318593
328	0.0373672442705422	0.0537449492933003
329	0.0744829513694802	0.0740041612322216
330	0.0444102850754612	0.0600940644214645
331	0.0747903856903298	0.0342563520520616
332	0.0471771939631079	0.0513562234677383
333	0.0829793180547792	0.082570856291091
334	0.0850754611514813	0.0645757057015092
335	0.0548630519843488	0.0564481586439091
336	0	0.0442408806505707
337	0.0458356623812186	0.0681189586770099
338	0.0472051425377306	0.0615905230499911
339	0.0467579653437675	0.0714501781368746
340	0.0807434320849637	0.0465773018050827
341	0.0406651760760201	0.0691834725858806
342	0.0416433761878144	0.0271640900042168
343	0.0110955841252096	0.0356584081368713
344	0.0174119619899385	0.0393798711184429
345	0	0.0290033586064889
346	0.091587479038569	0.0576777461178748
347	0.0284516489659027	0.0191049468977082
348	0.0469256567915036	0.051435658388565
349	0.0756288429290106	0.0598389114030185
350	0.037479038569033	0.0289775930567326
351	0.0753493571827837	0.0683940050307434
352	0.0412520961430967	0.0419405415248065
353	0.0448295136948016	0.0318781693935411
354	0.0411961989938513	0.0595957415367219
355	0.125181665735048	0.0883601858854218
356	0.0619619899385131	0.0731879774548165
357	0.0528787031861375	0.0359883570328157
358	0.0424818334264953	0.0159030533817775
359	0.0779206260480716	0.0640337427281949
360	0.0460313024035774	0.0477245692487227
361	0.0476802683063164	0.0743149996163921
362	0.087479038569033	0.0524553829961879
363	0.0955282280603689	0.0677424598567696
364	0.0289547233091112	0.0373508244829514
365	0.0464505310229178	0.0515391724681132
366	0.0465343767467859	0.0751712591256331
367	0.00257126886528787	0.0379651765537735
368	0.0399664617104528	0.0294041363890442
369	0.0540804918949134	0.0290188386701802
370	0.0503912800447177	0.0405517829176298
371	0.0633314700950252	0.0219613441570541
372	0	0.0234626553807661
373	0.0458636109558413	0.051670135722201
374	0.0963946338736725	0.077413272079374
375	0.068557853549469	0.062410934820102
376	0.0479597540525433	0.0718528352276256
377	0.0377585243152599	0.0350806199925471
378	0.0867523756288429	0.0757923642719618
379	0.0380380100614869	0.0394834454099407
380	0.0777529346003354	0.0645133842618471
381	0.0954443823365008	0.0677161888791291
382	0.0845723868082728	0.0701962921557667
383	0.0711011738401342	0.0728649688613356
384	0.0375628842929011	0.0341219489472704
385	0.00992174399105646	0.0344310198963637
386	0.0392677473448854	0.0504372736773033
387	0.0621296813862493	0.0529631311719769
388	0	0.016949005496553
389	0	0.0213281639303062
390	0.034823923979877	0.0271268981740265
391	0.047624371157071	0.0549867301076588
392	0.014896590273896	0.0300867736697809
393	0.0415315818893236	0.0448294904043227
394	0.0775013974287311	0.0494296769306794
395	0.0421464505310229	0.0504176297594408
396	0.0522079373951928	0.0641551350393325
397	0.0431246506428172	0.0730149724506908
398	0	0.0510429108685632
399	0.0320290665176076	0.0411133100680334
400	0.0698155394074902	0.0917931598451442
401	0.0596702068194522	0.0543393303608183
402	0.0543040804918949	0.0637026486649181
403	0.0151481274455003	0.036782161563464
404	0.0687814421464505	0.0373940615933349
405	0.0403577417551705	0.0544978950442897
406	0.0621855785354947	0.0665287529482338
407	0.0434320849636669	0.0376895553847587
408	0.0610117384013415	0.067230296254891
409	0.0846003353828955	0.0668879034933446
410	0.0496925656791504	0.060085255410746
411	0.0537730575740637	0.0614097236523394
412	0.049357182783678	0.0764932690516117
413	0.0819731693683622	0.0574823350675782
414	0.00908328675237563	0.0214893585050818
415	0.0528507546115148	0.0562525508619695
416	0.153353828954723	0.0715238183963729
417	0.051648965902739	0.0437469056935239
418	0.112716601453326	0.0952077369559203
419	0.0459474566797093	0.0592522155068008
420	0.0467579653437675	0.0706076685565227
421	0.0485187255449972	0.0394259108694547
422	0.0560648406931247	0.0243896186572263
423	0.047261039686976	0.0718088841531582
424	0.0465343767467859	0.0752579673690265
425	0.100447177193963	0.0616089540544543
426	0.0903577417551705	0.0842119375349357
427	0.0450810508664058	0.0451022102664431
428	0.138010061486864	0.0807704490404323
429	0.0325880380100615	0.0379559743405467
430	0.047987702627166	0.0638260847352699
431	0.0484069312465064	0.0582783929821381
432	0.129569591950811	0.070213316269993
433	0.0382895472330911	0.0375693811106862
434	0.0776411403018446	0.033778480928425
435	0.0458077138065959	0.0460559691379982
436	0.0189491335941867	0.0300661715776305
437	0.0422023476802683	0.0722250716339593
438	0.0793180547792063	0.0798923415259357
439	0.0370039128004472	0.0571166273568829
440	0.0589435438792622	0.063493282704651
441	0.0683901621017328	0.0652737827262702
442	0.0585802124091671	0.0545553647954431
443	0.0314980435997764	0.0414093980120057
444	0.0498602571268865	0.0660754960871996
445	0.0586640581330352	0.0579941871868043
446	0.0519005030743432	0.0354830445313956
447	0.0411123532699832	0.0364006619976107
448	0.0625768585802124	0.0691878493571828
449	0.061430967020682	0.040611337504583
450	0.0583845723868083	0.0678502422209801
451	0.0491056456120738	0.0706120596687953
452	0.0454723309111235	0.0729452237989626
453	0.0484069312465064	0.0749030339730452
454	0.0708216880939072	0.0484809498909104
455	0.0711850195640022	0.0611360378954007
456	0.0639183901621017	0.0572885063896224
457	0.0479318054779206	0.0492886777218806
458	0.0485746226942426	0.0645146911164938
459	0.0316936836221353	0.039274592157837
460	0.0271939631078815	0.0632810295722537
461	0.0678311906092789	0.0580386466679088
462	0.00223588596981554	0.0429385131358301
463	0.0393236444941308	0.0653728408021923
464	0.0765790944661822	0.0699075367989566
465	0.0439351593068754	0.056279909878105
466	0.0529625489100056	0.0871839947829328
467	0.0139742873113471	0.0487673514067449
468	0.0212129681386249	0.0279665471088752
469	0	0.0322383702875598
470	0.0664058133035215	0.0362481310810872
471	0.0901341531581889	0.0869270024636151
472	0.00958636109558413	0.0265353461342841
473	0.0929849077697038	0.0740584082863289
474	0.0806595863610956	0.0619406558598845
475	0.0802962548910006	0.070710611393954
476	0.0412520961430967	0.0383732894437199
477	0.0377864728898826	0.0344414575426829
478	0.063163778647289	0.0440613596186269
479	0.0386808272778088	0.0605083111720898
480	0.0399664617104528	0.0353639414588269
481	0.140609278926775	0.0829689149742252
482	0.0473728339854667	0.056114081668677
483	0.0970933482392398	0.0722756491691651
484	0.0632196757965344	0.0695519289552269
485	0.130967020681945	0.0706691554206926
486	0.0472051425377306	0.0340997915187407
487	0.0431246506428172	0.0488287166428586
488	0.0588596981553941	0.066962258131906
489	0.0727501397428731	0.0786720333576119
490	0.0474287311347121	0.0765238814747531
491	0.0461151481274455	0.049103699193484
492	0.068921185019564	0.0799661689158615
493	0.047261039686976	0.0507195593441401
494	0.088848518725545	0.0570381653313459
495	0.0449413079932923	0.0673612622949212
496	0.0325041922861934	0.02213454252722
497	0.0473728339854667	0.0687016299100564
498	0.0463387367244271	0.0706008943543879
499	0.0154835103409726	0.0417975137129795
500	0.0539128004471772	0.0684030883174958
501	0.0602850754611515	0.104844586814961
502	0.0272219116825042	0.027411810601826
503	0.0217719396310788	0.0424950224919482
504	0.103353828954723	0.0676848332401714
505	0.04387926215763	0.0421731181293087
506	0.0152040245947457	0.0496945364119763
507	0.0733370598099497	0.0829767438439587
508	0.0914756847400782	0.0304109922590918
509	0.0881498043599776	0.0806618377740513
510	0.0889323644494131	0.0747783343605032
511	0.0534656232532141	0.0366204244795637
512	0.102012297372834	0.0704914079306198
513	0.0563722750139743	0.0756140301844606
514	0.018557853549469	0.0285879149032447
515	0.0429290106204584	0.0497759336496061
516	0.0142258244829514	0.017594591103884
517	0.0546953605366126	0.0789288061818107
518	0.0471492453884852	0.06989948041059
519	0.00491894913359419	0.0288611974799702
520	0.0568474007825601	0.0814731790058017
521	0.0762437115707099	0.0721172908514999
522	0.00223588596981554	0.0218792191598229
523	0.0602850754611515	0.0604141978759083
524	0.0315539407490218	0.078384934683146
525	0.122386808272778	0.0598153140157594
526	0.0568474007825601	0.0588260288569033
527	0.0383454443823365	0.0510377401308089
528	0.0477641140301845	0.0352102034217823
529	0.0463946338736724	0.0422694242593628
530	0.0396310788149804	0.0595788615613937
531	0.042230296254891	0.0701833515220883
532	0	0.0266672877461027
533	0.0288988261598658	0.0423611088929703
534	0.031721632196758	0.0528903373348594
535	0.0482112912241476	0.0408274977744654
536	0.0150642817216322	0.0447907759632187
537	0.100139742873113	0.0784214489783243
538	0.0160983789826719	0.0243022550219308
539	0.0479597540525433	0.0836168133966834
540	0.0463946338736724	0.0518117108963951
541	0.0481553940749022	0.0567582042204736
542	0.065176076020123	0.0301867364050148
543	0.0813303521520403	0.0755530641800905
544	0.0577976523197317	0.0676744586257583
545	0	0.0454949015024476
546	0.0426495248742314	0.0674770976957953
547	0.101732811626607	0.0646274455002795
548	0.0468697596422582	0.0203645978898826
549	0.0739239798770263	0.0399940577805307
550	0.0288429290106205	0.0421959533851652
551	0.0647009502515372	0.0552849959326871
552	0.0296813862493013	0.0353797163219676
553	0.0684181106763555	0.0533008948719541
554	0.0445500279485746	0.0547285365298222
555	0.0482392397987703	0.084038283536787
556	0.0756288429290106	0.0563257206739599
557	0	0.0374961337805105
558	0.0970095025153717	0.0765037603536765
559	0.12448295136948	0.0636179571003495
560	0.0362772498602571	0.0405662562366727
561	0.0509223029625489	0.0797006775825165
562	0.0481274455002795	0.0419943989927221
563	0.0601732811626607	0.0681475751284304
564	0.0767747344885411	0.0695747980578481
565	0.0741475684740078	0.0802185634997262
566	0.0463946338736724	0.0748848640241087
567	0.0100055897149245	0.0314622213406901
568	0.0498882057015092	0.0580133868496781
569	0.0375069871436557	0.0627839974447018
570	0.046618222470654	0.0430580021049557
571	0.0224986025712689	0.0382227172590668
572	0.0492453884851873	0.0502997755447806
573	0.0319172722191168	0.0330471344490843
574	0.0473728339854667	0.0338634645585456
575	0.0870318613750699	0.0714933544500342
576	0.0531022917831191	0.077429864604683
577	0.0392397987702627	0.0434058737328721
578	0.0503912800447177	0.0649765292077631
579	0.0205142537730576	0.045018524888564
580	0.101676914477362	0.063669617795729
581	0.0842370039128005	0.0744164055966479
582	0.0706539966461711	0.0745312448623944
583	0	0.024857425494984
584	0.026048071548351	0.0373505241583556
585	0.0285634432643935	0.0258195919508105
586	0.0227221911682504	0.0456557502822258
587	0.0530463946338737	0.0466425887478151
588	0.0876187814421465	0.0836760982979723
589	0.000614868641699273	0.0257857409034044
590	0.00612073784237004	0.0363868855290006
591	0.0401900503074343	0.0605452158504542
592	0.0832588038010061	0.0720947663706188
593	0.095975405254332	0.0642681518637286
594	0	0.0344655093886508
595	0.0491335941866965	0.0163763359179793
596	0.0347959754052543	0.0435663023714526
597	0.0446338736724427	0.0204081338821417
598	0.108943543879262	0.0694103354332533
599	0.0455282280603689	0.0499228873418365
600	0.0349636668529905	0.0286928698254036
601	0.0470374510899944	0.0665047861934042
602	0.00461151481274455	0.0324946587168499
603	0.0743991056456121	0.0700028614016876
604	0.0544438233650084	0.0693658370352937
605	0	0.0346550925244918
606	0.0478479597540525	0.0554581495973335
607	0.0191447736165456	0.0455456283019889
608	0.051732811626607	0.068309993821894
609	0.0562604807154835	0.0567413634126882
610	0.0910564561207378	0.0803065556346021
611	0.04927333705981	0.064160145332588
612	0.021296813862493	0.0429230115577237
613	0.0720234768026831	0.0543557587372568
614	0.0479038569032979	0.0600587502329048
615	0.0411403018446059	0.0499113630919109
616	0.102347680268306	0.0749388095601064
617	0.0467300167691448	0.0468877282466928
618	0.0549748462828396	0.0410044536571227
619	0.0428172163219676	0.0324789563673429
620	0.0749301285634433	0.0515142274966199
621	0.0725544997205143	0.0324845023894772
622	0.125321408608161	0.074577238991367
623	0.0709893795416434	0.0774595346712587
624	0.0491615427613192	0.0513181945220794
625	0.0477361654555618	0.0405539252220359
626	0.0510620458356624	0.0265928657082933
627	0.0765511458915595	0.072285373174229
628	0.0534376746785914	0.0573687253061205
629	0.0452207937395193	0.0687976948501713
630	0.0461710452766909	0.0370708377206096
631	0.0923420905533818	0.0281521208184148
632	0.0610117384013415	0.0449972960322113
633	0.0123532699832309	0.0393841738608368
634	0.0883174958077138	0.0801220721614165
635	0.0734488541084405	0.0557419814208523
636	0.0395192845164897	0.0261266507721031
637	0.0481274455002795	0.0403121782236474
638	0.0689770821688094	0.0213005906969015
639	0.0435159306875349	0.0359343003994601
640	0.0459474566797093	0.0477872961812281
641	0	0.0289032134361148
642	0.052375628842929	0.028153530836594
643	0.0771380659586361	0.0708572155162429
644	0.0492453884851873	0.0633065751609631
645	0.0462828395751817	0.0517787068091009
646	0.0735606484069313	0.0671781980415295
647	0.0112912241475685	0.0461404648779579
648	0.0903577417551705	0.074465694233721
649	0.0409726103968698	0.0548830041612322
650	0.120458356623812	0.0402011929628431
651	0.181553940749022	0.0756762296113889
652	0	0.0203261763061849
653	0	0.0188585336314515
654	0.0480715483510341	0.0580837525619527
655	0.0472330911123533	0.0469954652808202
656	0.0570150922302963	0.0547597929613433
657	0.0323644494130799	0.0473181080145865
658	0.0856623812185578	0.0703256008943544
659	0.0503074343208496	0.0770922895811101
660	0.0866126327557295	0.0496944725871064
661	0.0679709334823924	0.0608874966358197
662	0.0473169368362214	0.0627222934191332
663	0.0864449413079933	0.0480674466389251
664	0	0.0363131888607014
665	0.0623812185578536	0.0230606207101456
666	0.0522079373951928	0.0765696901485052
667	0.0562045835662381	0.0634567446403668
668	0.0674399105645612	0.056977266375324
669	0	0.0725857686813528
670	0.0583286752375629	0.0384287792182814
671	0.0659586361095584	0.0817703017845015
672	0.0665735047512577	0.0842358288022765
673	0.00749021799888206	0.028559666429985
674	0.0299329234209055	0.0365803366250543
675	0.0486584684181107	0.0545307386545508
676	0.0170206819452208	0.0371496700972172
677	0.02842370039128	0.0268987875317546
678	0.046254891000559	0.0554895280971301
679	0.0564840693124651	0.0834357079270439
680	0.012157629960872	0.0428927211430967
681	0.143264393515931	0.0892559925032059
682	0.0580771380659586	0.0663590253193384
683	0.0456679709334824	0.0277385952190312
684	0.0574622694242594	0.0477658925758423
685	0.0650363331470095	0.0666173607229365
686	0.0963946338736725	0.0804039992340021
687	0.106707657909447	0.0630191688672154
688	0.0539407490217999	0.0476197019705963
689	0.0987982112912242	0.0676852118982792
690	0.0781162660704304	0.0698839452480606
691	0.0473448854108441	0.0696449146183635
692	0.000950251537171604	0.0375777776099185
693	0.0621017328116266	0.0559585972920937
694	0.0659306875349357	0.077435240210644
695	0.0548630519843488	0.0578950750227425
696	0.0463387367244271	0.0525641938330328
697	0.0553661263275573	0.0533007756955273
698	0.0414477361654556	0.0498373776564846
699	0.0472330911123533	0.0786547585775507
700	0.0445779765231973	0.0433131948326191
701	0.0740357741755171	0.0801974515040474
702	0	0.0453841182224706
703	0.0451928451648966	0.0515505837075872
704	0.0995528228060369	0.0721110381703867
705	0.0717998882057015	0.0816583298696211
706	0.0994689770821688	0.080161320816756
707	0.0459474566797093	0.0611947350208949
708	0.0711291224147568	0.085139802977575
709	0.0906372275013974	0.0666220288003407
710	0.0446897708216881	0.0694045573428842
711	0.071660145332588	0.0494259229684048
712	0	0.0385551802075485
713	0.048993851313583	0.0684588988739352
714	0.0759083286752376	0.0842168666064698
715	0	0.0545464994410285
716	0.0382615986584684	0.0561119650953357
717	0.0464225824482951	0.0606114385893592
718	0.0763834544438234	0.0732306434947575
719	0.0795975405254332	0.0572741578918214
720	0.0385410844046954	0.0669767825399463
721	0.04927333705981	0.0822155032719594
722	0.0491615427613192	0.0658960981878813
723	0.0448015651201789	0.0574360939312525
724	0.0183342649524874	0.0441491425891303
725	0.041503633314701	0.0589351820292937
726	0.0637227501397429	0.054787925633501
727	0.0351313583007267	0.0297923859314548
728	0.046254891000559	0.0670208204291491
729	0.061430967020682	0.0460767188373393
730	0.061430967020682	0.0715291105107343
731	0.0134712129681386	0.0257756311719769
732	0.0630519843487982	0.0677548481964357
733	0.0776131917272219	0.0639380497150201
734	0.0462828395751817	0.038259415176076
735	0.0758244829513695	0.0779088961159951
736	0	0.0385311316067325
737	0.0638624930128564	0.0739031219592986
738	0.0468138624930129	0.0504034334400461
739	0	0.0355073198647821
740	0.0359977641140302	0.0182998202226822
741	0.0485466741196199	0.0586440726840391
742	0.0750978200111794	0.0676539500652133
743	0.042230296254891	0.0775991544926704
744	0.0513415315818893	0.0707944123553403
745	0.0916992733370598	0.0658731729913256
746	0.0436277249860257	0.0439685911256621
747	0.0489379541643376	0.0590687431422479
748	0.0455002794857462	0.0451040118701914
749	0.0451089994410285	0.0474470991393853
750	0.0688093907210732	0.0954831203608616
751	0.0926215762996087	0.0803884166858471
752	0.0484348798211291	0.0860114722244404
753	0.0197596422582448	0.0311988530251624
754	0.0508664058133035	0.0648153065027017
755	0.0913638904415875	0.0688650775047032
756	0.0950531022917831	0.0768191516856296
757	0	0.0276932306624776
758	0.0254052543320291	0.0377446488360407
759	0.0471771939631079	0.052798397615055
760	0.0457797652319732	0.0426760515038295
761	0.0474007825600894	0.086108445645198
762	0.0470095025153717	0.056655425128874
763	0.0520402459474567	0.0658375961967354
764	0.0895751816657351	0.0883263028585542
765	0.113499161542761	0.0837802310415502
766	0.0200670765790945	0.0319766575237996
767	0.107685858021241	0.0671556030597394
768	0	0.0225374919903475
769	0.0649804359977641	0.0735074814193735
770	0.0710452766908888	0.0267568170689962
771	0.0796534376746786	0.0805796534376747
772	0	0.0392561618246358
773	0.0429849077697037	0.079039571229342
774	0.0538289547233091	0.0588256940562698
775	0.0416992733370598	0.0472413249816416
776	0.0723309111235327	0.0491741454982092
777	0.107322526551146	0.0740059760628679
778	0.043963107881498	0.0342584602664431
779	0.0520681945220794	0.0513034359121559
780	0.131525992174399	0.082578998392957
781	0.0436556735606484	0.0760362471513953
782	0.0429849077697037	0.0643660742664869
783	0.0683342649524874	0.0745940910166735
784	0.0480435997764114	0.0666771533540678
785	0.0423979877026272	0.0532061673188001
786	0.079066517607602	0.0577617073473697
787	0.0686137506987144	0.0569585361309175
788	0	0.0438284598006335
789	0.0448295136948016	0.069037520961431
790	0.00885969815539408	0.051855359471905
791	0.0423979877026272	0.0662155171521438
792	0.0464784795975405	0.0600041416547177
793	0.0507825600894354	0.0636475024843178
794	0.0714645053102292	0.0725634130497183
795	0	0.0532759455934414
796	0.0478200111794298	0.0316126992999548
797	0.118194522079374	0.053307103817864
798	0.0892677473448854	0.082266601171017
799	0.0313583007266629	0.0352789695788578
800	0.0727501397428731	0.0630219862120365
801	0.045891559530464	0.0609983180497434
802	0.0438233650083846	0.0672493208986693
803	0	0.0448267853815646
804	0.0124930128563443	0.0178796912670585
805	0.0488541084404695	0.0757241836311509
806	8.38457238680827e-05	0.0384303381777529
807	0.0427333705980995	0.0620972913714734
808	0.0685858021240917	0.0618275456493385
809	0	0.0255264506290881
810	0.0768306316377865	0.0592829240708724
811	0	0.0250206250129392
812	0.0452766908887647	0.0657006405511157
813	0.0370318613750699	0.0314147432139497
814	0.111738401341532	0.0871199745157083
815	0.0729178311906093	0.0720879186463574
816	0.0382615986584684	0.0448076206446805
817	0.0627166014533259	0.0444851004454833
818	0.0764952487423141	0.0708752835958307
819	0.0483230855226383	0.0857524518522283
820	0.0641140301844606	0.051588636049454
821	0.060508664058133	0.0527984787560781
822	0.0837898267188373	0.0706519703745109
823	0.0391280044717719	0.0519870384728658
824	0.110117384013415	0.0350646392034006
825	0.109223029625489	0.0764343878097634
826	0.0760201229737283	0.063449969228337
827	0	0.0269893102118459
828	0.0592509782001118	0.0685599264020868
829	0.0413359418669648	0.049723681758897
830	0.0664337618781442	0.0527565865474194
831	0.126103968697596	0.0707721651809793
832	0.170877585243153	0.0931587050997337
833	0.106008943543879	0.0749923320577317
834	0.0619899385131358	0.046579443823365
835	0.0731134712129681	0.0475688466554872
836	0.0373392956959195	0.054883743736087
837	0	0.0343044510222403
838	0.0638904415874791	0.0699978826837407
839	0	0.0262399333374739
840	0.045891559530464	0.0664230349490271
841	0.139575181665735	0.0429935990947388
842	0.126271660145333	0.0737682774805469
843	0.0464505310229178	0.0719116825041923
844	0.0307713806595864	0.019278538600087
845	0.0757126886528787	0.0920862998048503
846	0.0422582448295137	0.0396431665735047
847	0.0583845723868083	0.0709477791632627
848	0.121548351034097	0.0665070210207158
849	0.0748462828395752	0.0335886337559942
850	0.0642258244829514	0.0792487246889147
851	0	0.0256358833080465
852	0.0465343767467859	0.0486627840068392
853	0.045891559530464	0.0469849379103234
854	0	0.0514760135468385
855	0.0392397987702627	0.0507199224016046
856	0.0873113471212968	0.0877327454326145
857	0.0716880939072107	0.0744301504838939
858	0.0407769703745109	0.0608047426968612
859	0.0643376187814422	0.0669381329344996
860	0	0.0357542162824443
861	0.076690888764673	0.0541605593855454
862	0.0873113471212968	0.0681616947623391
863	0.0271939631078815	0.0336441178999871
864	0.0759921743991056	0.0582826099976044
865	0.0786752375628843	0.0703395751816657
866	0.0491335941866965	0.0425273409969135
867	0.0926215762996087	0.0500136304754807
868	0.0471212968138625	0.0621626956400224
869	0.080715483510341	0.0790876964163716
870	0.065176076020123	0.0749676191766745
871	0.0425656791503633	0.0513760597167878
872	0.0396031302403577	0.0574019907536799
873	0.0468138624930129	0.0633167248125518
874	0.0176914477361655	0.0646525947811582
875	0	0.0295036669565037
876	0.0244270542202348	0.0150662552832613
877	0.0325880380100615	0.034973681758897
878	0.0655953046394634	0.0564170315508354
879	0	0.0194587525619527
880	0.048630519843488	0.0695247471924387
881	0.0565399664617105	0.086471790054448
882	0.0782001117942985	0.0815516466368548
883	0.109977641140302	0.0480968405521228
884	0.116573504751258	0.0484029589259466
885	0	0.0285597489125756
886	0.0710452766908888	0.0605217599616706
887	0.117495807713807	0.0824988354760574
888	0.12043040804919	0.0744218255077325
889	0.0274175517048631	0.0376301883603936
890	0.0889882615986585	0.0707419144473094
891	0.0593907210732253	0.0602994473907847
892	0.0876467300167692	0.053971042706707
893	0.0643935159306875	0.069696122770466
894	0.0750698714365567	0.0701230125458046
895	0.0450810508664058	0.0407333123719024
896	0.0650083845723868	0.0514403915400315
897	0.064533258803801	0.0686474733712192
898	0.0092230296254891	0.038221567265726
899	0.0272498602571269	0.0644395201717728
900	0.0304080491894913	0.0470474826319572
901	0.0684740078256009	0.0518910765594814
902	0.0740357741755171	0.05628814980436
903	0.0498882057015092	0.05818755660128
904	0.088121855785355	0.0533218045463015
905	0.0500279485746227	0.0602735773194865
906	0.0660145332588038	0.0394371917076089
907	0.0460871995528228	0.0511743814804184
908	0.0849916154276132	0.052759618967766
909	0.108747903856903	0.0769370950044511
910	0.0642258244829514	0.0712544640084467
911	0.0661263275572946	0.0587635980564991
912	0.047624371157071	0.0834045663671153
913	0.0814980435997764	0.0625065063079632
914	0.0664896590273896	0.0626427551083784
915	0.0298770262716602	0.0345004404017819
916	0.0473169368362214	0.0392401386853595
917	0.0661542761319173	0.0753364735715552
918	0.0685299049748463	0.0682456679709335
919	0.0762157629960872	0.0762295509595677
920	0.0510899944102851	0.0324443926878248
921	0.0734768026830632	0.076493310373429
922	0.0734768026830632	0.0778228409726104
923	0.0377305757406372	0.030369402020712
924	0.0692565679150363	0.0562378752507152
925	0.0736444941307993	0.0815292399022835
926	0.044969256567915	0.0401476357576134
927	0.0684460592509782	0.0816953537198871
928	0.117356064840693	0.0640416744301596
929	0.0399385131358301	0.0341753331764291
930	0.0102291783119061	0.0241409981073421
931	0.0807993292342091	0.0414054039557114
932	0.0473169368362214	0.0593286207037587
933	0.0467020681945221	0.0423194211539656
934	0.0435159306875349	0.0647801096487514
935	0.0724706539966462	0.0486948636730638
936	0.0477641140301845	0.0136412001916474
937	0.0705980994969257	0.0589875188212248
938	0.0295695919508105	0.0237759300664555
939	0.0482112912241476	0.080547082257535
940	0.0370318613750699	0.0412641820132038
941	0.0473448854108441	0.0755220851965716
942	0.0320570150922303	0.0362603985137934
943	0.0544158747903857	0.0620911179994467
944	0	0.047610363597647
945	0.053661263275573	0.0455741838525884
946	0.074678591391839	0.0645889529078461
947	0.0517048630519844	0.0605046917375732
948	0.0719955282280604	0.0722299563397943
949	0.0253493571827837	0.0489230972904592
950	0.0859139183901621	0.086080006904942
951	0.0858859698155394	0.0657233034650586
952	0.0453605366126328	0.0635999416986723
953	0.0954164337618781	0.0759445493854526
954	0.0977920626048072	0.0506884519983231
955	0.0878703186137507	0.0319162607468924
956	0.0909446618222471	0.0818421837152972
957	0.0477082168809391	0.0510773657950852
958	0.0437674678591392	0.0202372473358697
959	0.12551704863052	0.0644257449176398
960	0.0459195081050866	0.0592666992733371
961	0.0526271660145333	0.0816221430345941
962	0.0629960871995528	0.0433957818688881
963	0.0969256567915036	0.0635025455123357
964	0.0311626607043041	0.0626325671874862
965	0.0676634991615428	0.0684894408323772
966	0.0520681945220794	0.0444987093666353
967	0.0603130240357742	0.069377992555713
968	0.0413638904415875	0.0310128252903546
969	0.0512576858580212	0.0658825926961058
970	0.0549468977082169	0.0353933162980117
971	0.08309111235327	0.0630009046512312
972	0.0653996646171045	0.0404136255955708
973	0.0758244829513695	0.0600000911366564
974	0.0653717160424818	0.0687979558472626
975	0.0263834544438234	0.0322598418909207
976	0	0.031708537771981
977	0.0859698155394075	0.0591560247094065
978	0.0741755170486305	0.0564526460501866
979	0.0391280044717719	0.0293060118974583
980	0.0474007825600894	0.0563896784526401
981	0.067551704863052	0.0830160199677039
982	0.0613750698714366	0.0554171145604907
983	0.0870598099496926	0.0523989710784009
984	0.088121855785355	0.0857970492189109
985	0.057406372275014	0.0469022789733557
986	0.0640860816098379	0.0727430928800409
987	0.107406372275014	0.0712018208335743
988	0.057769703745109	0.0730174109268576
989	0.0391000558971492	0.0234807620644681
990	0.048267188373393	0.0347593567620525
991	0.0830352152040246	0.078078814980436
992	0.0798770262716601	0.0421058001245188
993	0.032811626607043	0.0368733342244473
994	0.0344046953605366	0.0657780453196887
995	0.0451928451648966	0.0576760205666019
996	0.0393795416433762	0.0342888854622437
997	0.0158188932364449	0.019721770856353
998	0.0467300167691448	0.0298987034588065
999	0.0622135271101174	0.0674423986693752
1000	0.0468418110676356	0.0510531087914517
1001	0.0927613191727222	0.0769457846684906
1002	0.0657070989379542	0.0744276930447976
1003	0.0637786472889883	0.0425398849450345
1004	0.051369480156512	0.034599857928079
1005	0.070933482392398	0.0563136849031116
1006	0.0467020681945221	0.0359329568636444
1007	0.0695360536612633	0.0539254131372633
1008	0.0550586920067077	0.063899181646122
1009	0.0669927333705981	0.0582128956793574
1010	0.0479597540525433	0.0733442619426409
1011	0.0636948015651202	0.0753861006858491
1012	0.0449413079932923	0.0463378296215665
1013	0.0463107881498044	0.0698441048650663
1014	0.114086081609838	0.0566470429452542
1015	0.125796534376747	0.0704440496153744
1016	0.0105645612073784	0.0252274148899359
1017	0.0627166014533259	0.0590151278510286
1018	0	0.0376105210856469
1019	0.0614589155953046	0.0665504355319545
1020	0.0657070989379542	0.0558568037840676
1021	0.0423141419787591	0.0512181852058878
1022	0.0608160983789827	0.0404823657802976
1023	0.0963107881498044	0.0701975259830854
1024	0.0486025712688653	0.0607332664759587
1025	0	0.0234496336265082
1026	0.105980994969257	0.0724026335402508
1027	0.0696478479597541	0.0183841613783579
1028	0.0507546115148127	0.0574928717019271
1029	0.0778088317495808	0.0521104629846674
1030	0.0243711570709894	0.0453542670675147
1031	0.0702068194522079	0.048025060555245
1032	0.10902738960313	0.0816222633687348
1033	0.0422861934041364	0.0424588490510793
1034	0.042593627724986	0.0478311048022516
1035	0.064533258803801	0.0685612613142695
1036	0.0458356623812186	0.0563655207751071
1037	0.0735047512576859	0.060561703402676
1038	0.0781442146450531	0.0370063651508675
1039	0.0359418669647848	0.0597412590291229
1040	0.0743711570709894	0.0515998462828396
1041	0.0436836221352711	0.0858885188290582
1042	0.0962828395751817	0.0633256125395938
1043	0.0954164337618781	0.0743163285437148
1044	0.0720234768026831	0.0675532281862634
1045	0.0566238121855785	0.0373700802288495
1046	0.0433202906651761	0.051619378963397
1047	0.038848518725545	0.0301683503978695
1048	0.0434041363890442	0.065972751551287
1049	0.0490217998882057	0.0658267761677488
1050	0.0468138624930129	0.0618482159493199
1051	0.0687255449972051	0.0402313566566929
1052	0.0100335382895472	0.0351331976513642
1053	0.0265511458915595	0.0301118059437302
1054	0.0239239798770263	0.0428896497111981
1055	0.0274175517048631	0.0391572922489286
1056	0.0344326439351593	0.0554759888863315
1057	0.0598658468418111	0.0669668875934946
1058	0	0.0255515755771286
1059	0.0427333705980995	0.042673092620689
1060	0	0.0345642666142946
1061	0.0408049189491336	0.0688658701322899
1062	0.046981553940749	0.0563259568206466
1063	0.155366126327557	0.0708824941594645
1064	0.0472051425377306	0.0647624049909087
1065	0.0100055897149245	0.0338771934150966
1066	0	0.0231134838024162
1067	0.0675796534376747	0.0223524980702175
1068	0.0462269424259363	0.0524791051132583
1069	0.0435438792621576	0.0399575595718692
1070	0.0916992733370598	0.0790956506694349
1071	0.108133035215204	0.0759578994804598
1072	0.0449133594186697	0.0542274411161893
1073	0.0959474566797093	0.0840030022178547
1074	0.0712688652878703	0.0362254828892615
1075	0.05539407490218	0.0850466816732887
1076	0.0457518166573505	0.0595527132037835
1077	0.0696478479597541	0.0780657723122787
1078	0.0477641140301845	0.0650755010780165
1079	0.0491615427613192	0.0604189642409318
1080	0.0898826159865847	0.0737521372439417
1081	0.0483230855226383	0.0752362065564068
1082	0.108440469536054	0.0614723157452303
1083	0.06078814980436	0.0424497055048341
1084	0.0425097820011179	0.0290055547792063
1085	0	0.023224183631151
1086	0.052012297372834	0.0573680428012457
1087	0.0947177193963108	0.0735930092333809
1088	0.0197316936836221	0.0355948000124216
1089	0	0.0344132232589471
1090	0.0775852431525992	0.0496034575660065
1091	0.0473728339854667	0.0718915791434988
1092	0.0190888764673002	0.0734697896610977
1093	0.0479318054779206	0.0633017381351646
1094	0.0471771939631079	0.072272219116825
1095	0.0465064281721632	0.0733283608160984
1096	0.0287870318613751	0.0290773347411134
1097	0.0792342090553382	0.0706683737958193
1098	0.0830072666294019	0.0778571857889011
1099	0.0468697596422582	0.0671571159640973
1100	0.0450251537171604	0.029574609990345
1101	0.00550586920067077	0.0308476763865598
1102	0.0460871995528228	0.0497611696803463
1103	0.0740357741755171	0.072222586631075
1104	0.0796534376746786	0.0794689637733238
1105	0.0383733929569592	0.0539418876674327
1106	0.0527948574622694	0.0313102779774105
1107	0.0331190609278927	0.0725050337486552
1108	0.0480715483510341	0.0376680714502859
1109	0.0468138624930129	0.0534750620262226
1110	0.0705422023476803	0.0629006835755543
1111	0.0656791503633315	0.072749208123719
1112	0.0156512017887088	0.0214259411805086
1113	0.0128283957518167	0.033234591829295
1114	0.0394354387926216	0.0384828582075647
1115	0.116573504751258	0.0758834544438234
1116	0.073951928451649	0.0888077849038471
1117	0.0493292342090553	0.0639854667411962
1118	0.0472051425377306	0.0559308716922104
1119	0.132392397987703	0.0769408851815224
1120	0.0366126327557295	0.0368576485932551
1121	0.0428451648965903	0.0548387223918247
1122	0.0355785354946898	0.031514862652719
1123	0.0225824482951369	0.0395391552713738
1124	0.0543320290665176	0.0497452843630465
1125	0.0643935159306875	0.0468771904140825
1126	0.0420346562325321	0.0573014874852494
1127	0.072945779765232	0.057619324886653
1128	0.0825880380100615	0.0813836226528373
1129	0.0555058692006708	0.0616640200213425
1130	0.0639183901621017	0.0554275628339351
1131	0.0496925656791504	0.0738639632243339
1132	0.04387926215763	0.0361848479499475
1133	0.035103409726104	0.0405498882057015
1134	0.0352152040245947	0.0416594833926628
1135	0.0649804359977641	0.0818921792597273
1136	0.0470653996646171	0.0495814397161397
1137	0.0711850195640022	0.0741551029439165
1138	0.029346003353829	0.0232511463460079
1139	0.0480994969256568	0.0839118927156937
1140	0.0748462828395752	0.0749461213589218
1141	0.0777529346003354	0.0668895320329891
1142	0.0453605366126328	0.0607813038151216
1143	0.0845723868082728	0.0748367549164084
1144	0.0424818334264953	0.047379376492708
1145	0.10217998882057	0.0700710180447464
1146	0.048267188373393	0.0862415975118603
1147	0.0732252655114589	0.0975540056800537
1148	0.0463666852990498	0.0468022754797839
1149	0.0839575181665735	0.0627029881684368
1150	0.0615986584684181	0.0821381824110304
1151	0.0457797652319732	0.0541651098820276
1152	0.0347680268306316	0.0361036398908361
1153	0.0434041363890442	0.0374420288890664
1154	0	0.0343418509941707
1155	0.0523197316936836	0.0590508033845176
1156	0	0.0440642844616885
1157	0.0605366126327557	0.0667490240721301
1158	0.0910564561207378	0.0662069009688839
1159	0.0359418669647848	0.0509173949201761
1160	0.0521240916713248	0.0712548564961458
1161	0.0590553381777529	0.0654059605594523
1162	0.0103689211850196	0.0441623812185579
1163	0.0446618222470654	0.0535437683551155
1164	0.0481274455002795	0.0472076229737283
1165	0.0116266070430408	0.0526898432809557
1166	0.0576299608719955	0.0491054751939358
1167	0.0701229737283399	0.0643276857069479
1168	0.0437115707098938	0.0496109056771438
1169	0.103465623253214	0.0738632693621514
1170	0.0476523197316937	0.0681227723783937
1171	0.0468138624930129	0.044270149175517
1172	0.0136948015651202	0.027386668529905
1173	0.0955282280603689	0.0424367063592888
1174	0.106791503633315	0.0813225018906389
1175	0.0861375069871437	0.0417130147195826
1176	0.0523476802683063	0.0489679115427613
1177	0.0465623253214086	0.0410401657246962
1178	0.0792062604807155	0.0697973427817547
1179	0.0257406372275014	0.0642593750306454
1180	0.0819731693683622	0.078461223940542
1181	0.0719955282280604	0.0626466074353015
1182	0	0.0490556584218372
1183	0.0650363331470095	0.0691204130346109
1184	0	0.0332038061461164
1185	0.119731693683622	0.0675460850958967
1186	0.0649524874231414	0.0932604651884976
1187	0.0198434879821129	0.0436402160375786
1188	0	0.0284751257685858
1189	0.0391280044717719	0.0517179664779125
1190	0.0724427054220235	0.0700509994942639
1191	0.0904415874790386	0.0756034122439936
1192	0.110201229737283	0.0700366285384486
1193	0.0607322526551146	0.0703258092828494
1194	0.0628283957518167	0.0552470990414674
1195	0.032811626607043	0.0414716865412086
1196	0.024035774175517	0.0178883299173964
1197	0.0445220793739519	0.0530829540312492
1198	0.0436836221352711	0.05373775132544
1199	0.00958636109558413	0.0628558286086933
1200	0.0519843487982113	0.0739299379065001
1201	0.0496646171045277	0.0705052361773994
1202	0	0.0170814386214051
1203	0.0326998323085523	0.0477772650261503
1204	0.106204583566238	0.0742954904152829
1205	0.0887926215762996	0.0593211900359748
1206	0.0595304639463387	0.0722437434418915
1207	0.0821688093907211	0.061563218123098
1208	0.0450810508664058	0.0395442970792328
1209	0.0111794298490777	0.0356718207126339
1210	0.146981553940749	0.0840526985901497
1211	0.0613191727221912	0.0695308201536623
1212	0.0728339854667412	0.0400671133535348
1213	0.0839575181665735	0.0953007745028427
1214	0.0904415874790386	0.0674163871809204
1215	0.0565679150363332	0.0693836407676542
1216	0.0731693683622135	0.047441900841845
1217	0.0376187814421465	0.0379734709187726
1218	0.0787870318613751	0.0614851061144269
1219	0.0490217998882057	0.0844336169596091
1220	0.0973169368362213	0.0784179775879049
1221	0.0865567356064841	0.085286966100023
1222	0.0637506987143656	0.0557005493729921
1223	0.0656232532140861	0.0708044783184526
1224	0.0872554499720514	0.0678260163461393
1225	0.0451089994410285	0.0363352560917541
1226	0.0438233650083846	0.0484987752616487
1227	0.0014533258803801	0.014794927333706
1228	0.0470374510899944	0.0311433684243215
1229	0.00732252655114589	0.0437991018095332
1230	0.0763555058692007	0.0761462667950231
1231	0.0884292901062046	0.0473471252611507
1232	0.0298770262716602	0.0532081127587983
1233	0.040581330352152	0.0400969815539407
1234	0.0491056456120738	0.0811249010154649
1235	0.0633035215204025	0.0606614863738441
1236	0.0480715483510341	0.0655981953988974
1237	0.0964784795975405	0.0430524934894987
1238	0.0716880939072107	0.0643774891699273
1239	0	0.0392002417306542
1240	0.026690888764673	0.0522162841992356
1241	0.0351593068753494	0.0642116309911332
1242	0.047987702627166	0.05702894393614
1243	0.04460592509782	0.0661764656063147
1244	0.0582448295136948	0.0484411367767992
1245	0.0451928451648966	0.0362785450381055
1246	0.0433202906651761	0.0511145976252181
1247	0.125796534376747	0.0651315394488955
1248	0.0461151481274455	0.0488197340824507
1249	0	0.0392214811233816
1250	0.0611235326998323	0.0631272991029839
1251	0.0806036892118502	0.0649718185205888
1252	0.0963666852990498	0.0485400596236259
1253	0.0446338736724427	0.0717874311267268
1254	0.0048630519843488	0.0273452654133937
1255	0.152543320290665	0.10332990900347
1256	0.0436836221352711	0.0488952408376668
1257	0.126187814421465	0.0832285261784982
1258	0.0307713806595864	0.0305013699036198
1259	0.0743432084963667	0.0766895948491812
1260	0.0673001676914477	0.0647397418379811
1261	0.0396310788149804	0.0201922935482922
1262	0.0638904415874791	0.0729147623275135
1263	0.0720234768026831	0.0682796743422996
1264	0.0982392397987703	0.082853430030624
1265	0.0291224147568474	0.033392038648886
1266	0.0252934600335383	0.0330931839800732
1267	0.105925097820011	0.0679671188796398
1268	0.048630519843488	0.0805662497670952
1269	0.0463946338736724	0.050792262237483
1270	0.102403577417552	0.0719437158704906
1271	0.0643935159306875	0.0426572107322527
1272	0.0738401341531582	0.0612905143424987
1273	0.0456959195081051	0.0662884041112102
1274	0.127808831749581	0.0684319655253138
1275	0.0445779765231973	0.0368824353089306
1276	0.0571827836780324	0.0529756817348552
1277	0.182811626607043	0.0724888089249115
1278	0.104443823365008	0.070909079981007
1279	0.072582448295137	0.0754975531296923
1280	0.0558692006707658	0.0297916101040752
1281	0.0376746785913918	0.0396822045634231
1282	0.109362772498603	0.0859419625154673
1283	0.0975405254332029	0.0573830014841657
1284	0.0778367803242035	0.0628345125670521
1285	0.079429849077697	0.0265475453094235
1286	0.132336500838457	0.0706160510813949
1287	0.0617663499161543	0.0672269620389711
1288	0.029346003353829	0.0286325294790918
1289	0.0728619340413639	0.0656873209151018
1290	0.0444661822247065	0.0600410947560193
1291	0	0.0312820464399559
1292	0.0491894913359419	0.0869457702101637
1293	0.0474846282839575	0.0617101830876801
1294	0.0610955841252096	0.0592096224107063
1295	0.0351313583007267	0.0462706171369318
1296	0.0475125768585802	0.0567384634494752
1297	0.065539407490218	0.0626983044531396
1298	0.0704304080491895	0.0479344309500822
1299	0.088121855785355	0.0564736565275449
1300	0.0277249860257127	0.0513105811233257
1301	0.105338177752935	0.0545782094279859
1302	0.0383174958077138	0.0419701168290063
1303	0.0395192845164897	0.0356147910067698
1304	0	0.0284949367582253
1305	0.0325321408608161	0.0481500783656112
1306	0.0507825600894354	0.0701969472943977
1307	0.0576020122973728	0.0522018094114237
1308	0	0.0407773844274683
1309	0.0772498602571269	0.0656952832803901
1310	0.0491335941866965	0.0153976754843161
1311	0.11866964784796	0.0846254558279433
1312	0.00234768026830632	0.0401350071424135
1313	0.042593627724986	0.0310487573235617
1314	0.127054220234768	0.0739739722048686
1315	0.046618222470654	0.0618803038772296
1316	0.0488820570150922	0.0566575944706185
1317	0.123616545556177	0.078075954657844
1318	0.0449413079932923	0.0210393688621067
1319	0	0.0691956381956546
1320	0.0798211291224148	0.0710621855785355
1321	0.0518166573504751	0.0476596363504161
1322	0.057126886528787	0.0526209342377593
1323	0.0594745667970934	0.0668329332851083
1324	0.126579094466182	0.0620209148500093
1325	0.0475964225824483	0.0549489080442862
1326	0.0679988820570151	0.0659731635457425
1327	0.144410285075461	0.0899961365205669
1328	0.106260480715484	0.0659743713842952
1329	0.11545556176635	0.087302537840178
1330	0.0852152040245947	0.0731682504192286
1331	0	0.0200807332689669
1332	0.0685299049748463	0.062601197130613
1333	0.0471492453884852	0.0628166279309229
1334	0.00958636109558413	0.035548112306689
1335	0	0.0368765915160549
1336	0.0127445500279486	0.0297533538289547
1337	0.0473448854108441	0.0477174421828064
1338	0.132615986584684	0.0683581719440152
1339	0.0417831190609279	0.0381932311214033
1340	0.059782001117943	0.0516470900749828
1341	0.05612073784237	0.0614958652549897
1342	0.114086081609838	0.0557848413619794
1343	0.0452766908887647	0.0595767121829168
1344	0.0484628283957518	0.0805847604044921
1345	0.0624930128563443	0.0516799592814262
1346	0.0425377305757406	0.0467827028055612
1347	0	0.027872208469749
1348	0.0506148686416993	0.0346939048816844
1349	0.0769703745108999	0.0436752799092095
1350	0.0991056456120738	0.0833271822581493
1351	0.0797652319731694	0.0789272264286239
1352	0.0607043040804919	0.0788763120303087
1353	0.034097261039687	0.0410321458965953
1354	0.044242593627725	0.0514564312775604
1355	0.0439351593068754	0.0469680958208069
1356	0.0344046953605366	0.0327937528281296
1357	0.0373951928451649	0.0279803181753417
1358	0.0539686975964226	0.0828259069977907
1359	0.0508664058133035	0.0303590436332192
1360	0.0209893795416434	0.0784193528352276
1361	0.0654276131917272	0.0705148593255078
1362	0	0.0434035033657728
1363	0.0467300167691448	0.0528132324242692
1364	0.0384292901062046	0.0291393569166068
1365	0.0242034656232532	0.0386411618007482
1366	0.0826998323085523	0.0773908275439857
1367	0.0236444941307993	0.0424926934440629
1368	0.14678591391839	0.0793253827591378
1369	0.0661542761319173	0.0820378267428791
1370	0.0276690888764673	0.0416865202262072
1371	0.112744550027949	0.0710128016623326
1372	0.00891559530463946	0.0419304278108079
1373	0.0372833985466741	0.0520964985829582
1374	0.049636668529905	0.0431666608440469
1375	0.0418390162101733	0.0390429317373107
1376	0.0474007825600894	0.0532527016955469
1377	0.0564840693124651	0.0573537955119845
1378	0.0111794298490777	0.0341486835939044
1379	0.0430967020681945	0.0374276232632856
1380	0.0259921743991056	0.0453540988854013
1381	0.060508664058133	0.0698617175028578
1382	0.11036892118502	0.0812985177448933
1383	0.0369480156512018	0.035331966958574
1384	0.0474287311347121	0.0718987494382884
1385	0	0.0364606158002609
1386	0.0578814980435998	0.0583022861123938
1387	0.0769144773616546	0.0745846808538955
1388	0.0965902738960313	0.0655862524066828
1389	0.0541363890441587	0.0533666320636695
1390	0.078339854667412	0.0653839541304606
1391	0.0515930687534936	0.0849549927232991
1392	0.067915036333147	0.0709381027198244
1393	0.0458356623812186	0.0419069312465064
1394	0	0.0352050243811549
1395	0.0468138624930129	0.0665302177327052
1396	0.124566797093348	0.08748971108846
1397	0.0118781442146451	0.0570992581982486
1398	0.0508664058133035	0.0964972090242842
1399	0.0652040245947457	0.0663055995486823
1400	0.0642537730575741	0.0690395635993736
1401	0.0447177193963108	0.0711180185215959
1402	0.0475684740078256	0.0688879892370587
1403	0.0523197316936836	0.0446856228983116
1404	0.0445779765231973	0.0689820896217626
1405	0.0583566238121856	0.047433262191507
1406	0.0727221911682504	0.0713963846751862
1407	0.0456959195081051	0.0624665120682449
1408	0.0574622694242594	0.0680717502018508
1409	0.0461710452766909	0.0589149784216861
1410	0.061151481274455	0.0486252265528397
1411	0.069564002235886	0.0568492467686617
1412	0.0829793180547792	0.0453074091419536
1413	0.0238680827277809	0.0490489769657164
1414	0.133007266629402	0.0835609589466493
1415	0.0254052543320291	0.0291428704517022
1416	0.0710732252655115	0.0633968093302917
1417	0.0500838457238681	0.0597595775624702
1418	0.0762157629960872	0.0576856105599031
1419	0.0720793739519285	0.0579545878008706
1420	0.0498323085522638	0.0666716000135508
1421	0.0429010620458357	0.0678886686879979
1422	0.0916433761878144	0.0616256754238867
1423	0.0730855226383454	0.0649002058434703
1424	0.0299329234209055	0.0694627818147941
1425	0.0469536053661263	0.0584504282235629
1426	0.0876467300167692	0.0640092681079717
1427	0.0464784795975405	0.0480304018383951
1428	0.0777249860257127	0.0940698103994397
1429	0.141783119060928	0.084109261181648
1430	0.0576579094466182	0.0767526165648311
1431	0.0728619340413639	0.07692642071921
1432	0	0.048335561118267
1433	0.0616825041922862	0.0532776302714117
1434	0.0342370039128005	0.0488033497531209
1435	0.0636389044158748	0.0547229157609258
1436	0.0781162660704304	0.0737029532327185
1437	0	0.0469343013506311
1438	0.0563722750139743	0.0683940396517255
1439	0.0483230855226383	0.0603499065992079
1440	0.0837618781442146	0.0664958126170653
1441	0.0471492453884852	0.0628962292714738
1442	0.0390162101732812	0.0477637050266534
1443	0.0475405254332029	0.0570782239845351
1444	0.0493012856344326	0.0749671720700578
1445	0.0712688652878703	0.0747493662166664
1446	0.064896590273896	0.0792869436027184
1447	0.00245947456679709	0.0484463880577385
1448	0.0475684740078256	0.0556381591205515
1449	0.0702068194522079	0.0721049444460789
1450	0.048351034097261	0.0462081819452208
1451	0.0611235326998323	0.0523735094093535
1452	0.0431525992174399	0.0640047072645591
1453	0.0607602012297373	0.0591074551031231
1454	0.0459474566797093	0.064371899848423
1455	0.0619060927892677	0.0629988820570151
1456	0.0589994410285075	0.0708980354197058
1457	0.0479318054779206	0.0742435013592085
1458	0.0676634991615428	0.0697346318671081
1459	0.0311067635550587	0.0417482323752366
1460	0.081442146450531	0.0165942700518765
1461	0	0.050538534097261
1462	0.0658188932364449	0.0563656440776422
1463	0	0.0268252611273688
1464	0.0718837339295696	0.0734613558364438
1465	0.00628842929010621	0.0419791433761878
1466	0.0901900503074343	0.0726339427925735
1467	0.0484907769703745	0.0516367346448127
1468	0.0461710452766909	0.0514997848403382
1469	0.0607602012297373	0.0520222711778954
1470	0.0373951928451649	0.0420497827856393
1471	0.048993851313583	0.0722583321688094
1472	0.0823644494130799	0.0374229789280747
1473	0.0767188373392957	0.0781998348264419
1474	0.0534935718278368	0.0469506411233633
1475	0.0433761878144215	0.026770487401221
1476	0.098630519843488	0.0750900489440892
1477	0.0434600335382896	0.0677593657777217
1478	0.0629122414756847	0.065619616894162
1479	0.044242593627725	0.0353668190700052
1480	0.0487702627166015	0.0411419595786889
1481	0.023309111235327	0.0133500061037117
1482	0	0.0322738210473217
1483	0.101956400223589	0.0535090390945617
1484	0	0.027272647158058
1485	0.075684740078256	0.0568168164074039
1486	0.0669927333705981	0.0773984368761479
1487	0.0853269983230855	0.0765600559926999
1488	0.10072666294019	0.0713744543373526
1489	0.0739239798770263	0.0722530492611544
1490	0.0629960871995528	0.0771829031163855
1491	0	0.0428766007483168
1492	0.0379821129122415	0.0545413967711176
1493	0.115231973169368	0.0903000378293839
1494	0	0.0271390966862109
1495	0	0.0196543189360406
1496	0.0924538848518726	0.057080245466621
1497	0.071939631078815	0.0807913349347111
1498	0.0498882057015092	0.0480978665921372
1499	0.0469256567915036	0.0645317061052109
1500	0.0742873113471213	0.0866299412589607
1501	0.0453884851872555	0.0261283305384759
1502	0.0370598099496926	0.0637332890814235
1503	0.0619340413638904	0.0615695274540998
1504	0.0302124091671325	0.061278097872564
1505	0.0532420346562325	0.0743481460778834
1506	0.0611794298490777	0.0487844349729831
1507	0.0680827277808832	0.0550374678113639
1508	0.0634432643935159	0.0486107503370269
1509	0.0769144773616546	0.0687225172349543
1510	0.0728619340413639	0.0737755496553009
1511	0.00858021240916713	0.0602221357147294
1512	0.0389044158747904	0.0680126171448139
1513	0	0.0453835476057388
1514	0.045975405254332	0.050812925051239
1515	0	0.0222148025411022
1516	0.046618222470654	0.0615504118885896
1517	0.085830072666294	0.071049202800181
1518	0.0320011179429849	0.0528316913545743
1519	0.0423141419787591	0.0395015308196555
1520	0.0465343767467859	0.0534119257603047
1521	0.0785354946897708	0.0746495714551891
1522	0.0548910005589715	0.0274310252468791
1523	0	0.022101204894106
1524	0.0475684740078256	0.0402316544575525
1525	0.0245667970933482	0.0226886873831163
1526	0.0421185019564002	0.0431367753921021
1527	0.0390441587479039	0.0710362471513953
1528	0.0533538289547233	0.0846133884023767
1529	0.0196757965343767	0.0469244064605337
1530	0.0657909446618223	0.0618134587913794
1531	0.057043040804919	0.0720928925559579
1532	0.0303242034656233	0.0322273247110374
1533	0.116713247624371	0.0816718587392693
1534	0.0640581330352152	0.0497071860894234
1535	0.0701229737283399	0.0767229289099049
1536	0.063163778647289	0.0705030484648987
1537	0.0623532699832309	0.0281263667833642
1538	0.0540804918949134	0.0568584291390329
1539	0.061430967020682	0.048041202561271
1540	0.0394354387926216	0.0244158509027151
1541	0.0498323085522638	0.0703512462994017
1542	0.0610955841252096	0.0628542352441877
1543	0.054024594745668	0.0702479400865371
1544	0.106288429290106	0.0408712968138625
1545	0.0670765790944662	0.0706172999404673
1546	0	0.0336033595619957
1547	0.0762716601453326	0.0378248439537917
1548	0.0326718837339296	0.0418146610237164
1549	0.176579094466182	0.0832957915993131
1550	0.0783119060927893	0.0460270868269052
1551	0.0679709334823924	0.0601812502832626
1552	0.0690888764673002	0.0655801325560968
1553	0.109558412520961	0.0268861487844822
1554	0.10145332588038	0.0676355942565679
1555	0.153521520402459	0.0684091191399744
1556	0.0713806595863611	0.0781864728898826
1557	0.0514253773057574	0.0630008822981401
1558	0.0581609837898267	0.0501168497024299
1559	0.0454723309111235	0.0698024781069499
1560	0.0892397987702627	0.0635484042694775
1561	0	0.0498725484892743
1562	0.0396869759642258	0.0328002808166307
1563	0.0644773616545556	0.0930120480277074
1564	0.0380939072107323	0.0399255005199036
1565	0.0688652878703186	0.0321258235274446
1566	0.0552822806036892	0.0649817422898389
1567	0.0479597540525433	0.0493322756715878
1568	0.0544158747903857	0.0729417283051898
1569	0.0458636109558413	0.0586021054592883
1570	0.0828954723309111	0.0685626669150985
1571	0.0430967020681945	0.0407169391652692
1572	0.0464225824482951	0.067672924041985
1573	0.128144214645053	0.0890877418029458
1574	0.0555617663499162	0.0678749767095212
1575	0.0489659027389603	0.0524872782228847
1576	0.115735047512577	0.0605817517989122
1577	0.0256567915036333	0.0288987510292889
1578	0.0304080491894913	0.0226834513384262
1579	0.08381777529346	0.0796665424507795
1580	0.0489659027389603	0.0671182196475657
1581	0.0474846282839575	0.0542473972889883
1582	0	0.0168910471399292
1583	0.0981553940749022	0.0700278638819723
1584	0.0838736724427054	0.0545806161108006
1585	0.100391280044718	0.0488614815406319
1586	0.0717719396310788	0.0700539980794313
1587	0.0197875908328675	0.0633898587838687
1588	0.105589714924539	0.0491453725145732
1589	0.0598937954164338	0.0644888251146346
1590	0.10508664058133	0.0766076559481432
1591	0.0177473448854108	0.0542566698108813
1592	0.077054220234768	0.0625555012111049
1593	0	0.017661260687742
1594	0.058412520961431	0.0683730469269877
1595	0.0279485746226942	0.0347127213854436
1596	0.0704863051984349	0.0844701561626607
1597	0.0481274455002795	0.0639330890420885
1598	0.0474566797093348	0.0379774439836902
1599	0.0582727780883175	0.0661286048485601
1600	0.0531022917831191	0.0555983324017142
1601	0.0470653996646171	0.0673105848874435
1602	0.0798770262716601	0.0278416014533259
1603	0.0463666852990498	0.077542719913877
1604	0.0478479597540525	0.0749207606152827
1605	0.0455282280603689	0.0745270868269052
1606	0.0629960871995528	0.0704312814421465
1607	0.0425377305757406	0.03636673853443
1608	0.0897149245388485	0.0710926622287718
1609	0.0289547233091112	0.0550763927706354
1610	0.0442984907769704	0.0507891415279756
1611	0.0773057574063723	0.0511479771160459
1612	0.0417831190609279	0.0343018996561478
1613	0.0709055338177753	0.0647473228207467
1614	0.0368921185019564	0.0572404029111687
1615	0.0408049189491336	0.0319856064840693
1616	0.0420346562325321	0.037872905082718
1617	0.0133594186696479	0.0238577898387397
1618	0	0.0358375633878708
1619	0.0527948574622694	0.0780465079389059
1620	0	0.0309105153924187
1621	0	0.0305447125437343
1622	0.0292901062045836	0.052389033807424
1623	0.0449413079932923	0.0572298703718491
1624	0.0923979877026272	0.0620499143364827
1625	0.0403018446059251	0.0280891265334942
1626	0.0799049748462828	0.0414513256392551
1627	0.106372275013974	0.0651972869919349
1628	0.0448295136948016	0.0592498643076449
1629	0.0768306316377865	0.0688195919508105
1630	0.0129122414756847	0.0369648663126514
1631	0.0600894354387926	0.0571489879674031
1632	0.00408049189491336	0.0272805351878035
1633	0.0314980435997764	0.0486617956293753
1634	0.0437674678591392	0.036060071690312
1635	0.0765790944661822	0.0682214979339975
1636	0.0717719396310788	0.0389256631434524
1637	0.0720793739519285	0.0561435247433011
1638	0	0.0246566983417179
1639	0	0.0338011226010807
1640	0.0146171045276691	0.0702251448244321
1641	0.0214086081609838	0.0264373020309298
1642	0.0544997205142538	0.0471840064281722
1643	0.0482392397987703	0.0761472247386648
1644	0.0910844046953605	0.0738630973063617
1645	0.0457797652319732	0.0426578059333789
1646	0.0883454443823365	0.071841904229551
1647	0.043599776411403	0.0481154419457941
1648	0.0556735606484069	0.0613815053984878
1649	0.0508943543879262	0.0488159004099124
1650	0.0479318054779206	0.0690951874357634
1651	0.0842649524874232	0.067028367803242
1652	0.0951089994410285	0.0794909366765152
1653	0.040860816098379	0.052941982711407
1654	0.0474566797093348	0.0698378361592448
1655	0	0.0284392817216322
1656	0.0374231414197876	0.0637720793739519
1657	0.0823923979877026	0.0690321009342809
1658	0.122498602571269	0.070154722885648
1659	0.0951648965902739	0.0574018306316378
1660	0.0477082168809391	0.0557574275454376
1661	0.066545556176635	0.0667682277110117
1662	0.0803801006148686	0.0616323520278244
1663	0.00511458915595305	0.0422930214908633
1664	0.0837618781442146	0.0478163489524103
1665	0.078339854667412	0.0379655660856751
1666	0.0143655673560648	0.0296090408463243
1667	0.0546953605366126	0.0721183855040059
1668	0	0.0352958589528601
1669	0.069564002235886	0.0677263834544438
1670	0.0547233091112353	0.0577389716742332
1671	0.0628842929010621	0.0725173831664888
1672	0.0511458915595305	0.0244333717626234
1673	0.0652599217439911	0.0658617186044345
1674	0.0641140301844606	0.0692387895161791
1675	0.0474846282839575	0.0745168506614496
1676	0.0779765231973169	0.0738831022463383
1677	0.0717719396310788	0.0549593414783465
1678	0.0477641140301845	0.0663113995248742
1679	0.0459474566797093	0.0378797900751506
1680	0.082448295136948	0.068067267339207
1681	0.0919228619340414	0.069063370245595
1682	0.0399944102850755	0.0274886252306509
1683	0.0798770262716601	0.0707652500045078
1684	0.106064840693125	0.0545756474753121
1685	0.0673001676914477	0.0931262518632383
1686	0.0660145332588038	0.0354019230877811
1687	0.0443543879262158	0.0508335251372768
1688	0	0.0305763197518368
1689	0.0478200111794298	0.0568340271444402
1690	0.053661263275573	0.062091195443627
1691	0.0840413638904416	0.0772614149224686
1692	0.0492174399105646	0.0277131319750969
1693	0.0894633873672443	0.0757612704744482
1694	0.0583566238121856	0.050649780472307
1695	0	0.0224879388591658
1696	0.0389882615986585	0.0497465710711339
1697	0.0498882057015092	0.0645641658987103
1698	0.0462269424259363	0.0672906348442896
1699	0	0.0365499992833699
1700	0.0493012856344326	0.0689501849929463
1701	0.0950251537171604	0.0706778779079015
1702	0.0472330911123533	0.0453801346984962
1703	0	0.0346225195640022
1704	0.100503074343208	0.0797705252638176
1705	0.0962269424259363	0.0769831785936641
1706	0.0787590832867524	0.044706811688715
1707	0.0298490776970375	0.0563969762304027
1708	0.0463666852990498	0.0460748297207213
1709	0.0626607043040805	0.075984619550028
1710	0.0456959195081051	0.0518479065186723
1711	0.0537730575740637	0.0750219706850506
1712	0.042873113471213	0.0579160494689771
1713	0.0453605366126328	0.0580103176821315
1714	0.0889882615986585	0.0695485209175901
1715	0.0456959195081051	0.0501628183629302
1716	0.0892956959195081	0.0576076856191445
1717	0.0448015651201789	0.0356682504192286
1718	0.0769424259362773	0.0739252570968343
1719	0.0636389044158748	0.0654160511325827
1720	0.0889603130240358	0.0715030442025888
1721	0.0434320849636669	0.0678699547000186
1722	0.0584963666852991	0.0727858789826719
1723	0.0372275013974287	0.082952391673395
1724	0.0515371716042482	0.0545244225372789
1725	0.0611235326998323	0.0423261542196701
1726	0.0712409167132476	0.0580251744198083
1727	0.138513135830073	0.077552861355795
1728	0.02769703745109	0.0449943080341927
1729	0.0633314700950252	0.0751597585694847
1730	0	0.0556048726199648
1731	0.0423700391280045	0.0362255610596043
1732	0.0868921185019564	0.0780729923607229
1733	0.0746226942425936	0.0668435484114634
1734	0.0463387367244271	0.0549644354387926
1735	0.0437115707098938	0.0711047273017648
1736	0	0.0242215157443637
1737	0.02157629960872	0.0385035285075461
1738	0.0627724986025713	0.0816299127884263
1739	0.0490776970374511	0.0552945751534349
1740	0.0552822806036892	0.0647874192188128
1741	0.0232252655114589	0.0415408490482775
1742	0.0581889323644494	0.0469068895688074
1743	0.0897149245388485	0.0656685122797476
1744	0.037115707098938	0.0568709629836656
1745	0.0471492453884852	0.0893055607312175
1746	0.0138345444382337	0.0430548628131077
1747	0.0484907769703745	0.0608812599631493
1748	0.0574343208496367	0.0822219116825042
1749	0	0.0398643385060378
1750	0.0483789826718837	0.079390595178745
1751	0.118138624930129	0.0681919601267002
1752	0.0663219675796534	0.0478613480228637
1753	0.0676076020122974	0.0718679779206261
1754	0.0996925656791504	0.0775975521706726
1755	0.0143655673560648	0.0263809136643122
1756	0.0273616545556177	0.0144679812134179
1757	0.0475125768585802	0.0687909912427799
1758	0.0469256567915036	0.0583800256802845
1759	0.0408049189491336	0.0298519713625918
1760	0	0.0276842999685177
1761	0.00567356064840693	0.0550111212036519
1762	0.0612353269983231	0.0673523951701228
1763	0.0861654555617663	0.0658941085439828
1764	0.0451648965902739	0.0604980297245975
1765	0.0332867523756288	0.0447748637131334
1766	0.117160424818334	0.0723962916780133
1767	0	0.0349041626654818
1768	0.0394354387926216	0.060544764300354
1769	0.0498602571268865	0.0547564462869801
1770	0.0432084963666853	0.0562008437807767
1771	0	0.0301366374759332
1772	0.0686975964225825	0.0295418974541389
1773	0.0414477361654556	0.0455377705022758
1774	0.0523197316936836	0.0705426340736297
1775	0	0.0244062398870289
1776	0.0693124650642817	0.0709314806701615
1777	0	0.0481357834917086
1778	0.0401621017328116	0.0504788032126151
1779	0.00732252655114589	0.0377495732177118
1780	0.0312465064281722	0.0501462020992485
1781	0.0642537730575741	0.0646197477261993
1782	0.129038569032979	0.0681101269390817
1783	0.0170206819452208	0.0207416817701893
1784	0.0801285634432644	0.0547009913523822
1785	0.045891559530464	0.0759267634421352
1786	0.0612632755729458	0.0597684926402087
1787	0.0314700950251537	0.0700244361186228
1788	0.0614868641699273	0.0729856453015341
1789	0.070290665176076	0.0543412637413825
1790	0.0729737283398547	0.0607829593547872
1791	0.0812465064281722	0.0778164344273204
1792	0.110620458356624	0.0732888560317832
1793	0.0796534376746786	0.0816827814598916
1794	0.0487982112912242	0.042389774744295
1795	0.0457518166573505	0.0405665470271543
1796	0.0391559530463946	0.041746758513355
1797	0.0418390162101733	0.0604438130136844
1798	0.0550027948574623	0.0361865766988741
1799	0.063163778647289	0.0537459808994186
1800	0.054751257685858	0.0716591309028425
1801	0.0388764673001677	0.0569800306175376
1802	0.0581050866405813	0.026525943141812
1803	0.0803801006148686	0.0696306316377865
1804	0	0.0448264032889161
1805	0.0418390162101733	0.0458868167420431
1806	0.0432923420905534	0.0553804153510694
1807	0.050642817216322	0.0509284948215608
1808	0.0472051425377306	0.0523448164020178
1809	0.0471492453884852	0.0735530498882057
1810	0.126271660145333	0.0663323166532999
1811	0	0.0464360405682373
1812	0.068557853549469	0.0473253912800447
1813	0.0892397987702627	0.0278894031061279
1814	0.0331470095025154	0.0466518085355425
1815	0.068557853549469	0.0544669408288749
1816	0.00108999441028508	0.0224759423053738
1817	0.109530463946339	0.0893796969132352
1818	0.0341531581889324	0.0567797372833986
1819	0.0438233650083846	0.0608873522181552
1820	0.0377305757406372	0.0437142607602012
1821	0.0802962548910006	0.0671532164151295
1822	0.0628563443264394	0.0770803423455228
1823	0.0919228619340414	0.0436825679346494
1824	0.0635830072666294	0.0656964875685649
1825	0.0931525992174399	0.0577861552924437
1826	0.0484069312465064	0.07278947325157
1827	0.065539407490218	0.0588045346562326
1828	0.0294019005030743	0.0380846492453885
1829	0.0639742873113471	0.0684045902547859
1830	0.101062045835662	0.0756218774509167
1831	0.09927333705981	0.0752902318648416
1832	0.0445500279485746	0.0605407324596816
1833	0.0802403577417552	0.0704097830362503
1834	0.0394074902179989	0.0297691776542926
1835	0.0721073225265512	0.0585239936294995
1836	0.0688932364449413	0.0878181368504174
1837	0.0510340972610397	0.0692251324230083
1838	0.0486584684181107	0.0766814261758365
1839	0.0429290106204584	0.0373680504794255
1840	0.0552822806036892	0.0511840588317496
1841	0.101509223029625	0.0850825846296473
1842	0.0482392397987703	0.0751525992174399
1843	0	0.0332045303308579
1844	0.0586920067076579	0.0514631795445099
1845	0.0471771939631079	0.0426972262928104
1846	0.0755729457797652	0.0618340631016707
1847	0.106092789267747	0.070303100880239
1848	0.0178311906092789	0.0373899524874231
1849	0.0702347680268306	0.075627252751489
1850	0.0150363331470095	0.0430659708942563
1851	0.0456400223588597	0.0659058989117681
1852	0.0741755170486305	0.0724478182366668
1853	0.0596981553940749	0.0445526511919822
1854	0.044242593627725	0.0483968128273606
1855	0.0494689770821688	0.0808267490520146
1856	0.116545556176635	0.0329425967331222
1857	0.0399944102850755	0.0369976734037441
1858	0.0669647847959754	0.0763338619730394
1859	0.0461151481274455	0.0691593762051469
1860	0.0453884851872555	0.0676175570284011
1861	0.155030743432085	0.087381880007453
1862	0.073309111235327	0.037705391971246
1863	0.0456679709334824	0.0365437343436226
1864	0.0602571268865288	0.0323632789172197
1865	0.119647847959754	0.0750796044050876
1866	0.0576579094466182	0.0452617955688805
1867	0.0580212409167133	0.0549616039820064
1868	0.0707937395192845	0.0685634691427033
1869	0.047261039686976	0.067508184939711
1870	0.0441587479038569	0.055201294433058
1871	0	0.0219990683808459
1872	0.103437674678591	0.0495472785359491
1873	0	0.0188131171976896
1874	0.048267188373393	0.0853180420753087
1875	0.0340413638904416	0.0261523223195247
1876	0.0407769703745109	0.0244010772117289
1877	0.0507266629401901	0.0717889158023311
1878	0.0489100055897149	0.0435481848533833
1879	0.0401062045835662	0.0228983659964655
1880	0.0279206260480715	0.0431313531250647
1881	0	0.0215096477383575
1882	0.0663778647288988	0.0783731988696354
1883	0.0333426495248742	0.0269487343288349
1884	0.0724706539966462	0.0582098777330172
1885	0.0333705980994969	0.0584255486034728
1886	0.0510340972610397	0.0593650899012484
1887	0.0474007825600894	0.0630531954536985
1888	0.0695360536612633	0.0335011578695201
1889	0.0727501397428731	0.081188619001643
1890	0.0110955841252096	0.0272627933230307
1891	0.0765231973169368	0.0713235816640018
1892	0.103158188932364	0.0534207857542122
1893	0	0.0373777906771199
1894	0.155170486305198	0.0857590764700269
1895	0.0918110676355506	0.0752693824971248
1896	0.0569032979318055	0.0717302053111165
1897	0.0392397987702627	0.0558636487241853
1898	0.0258803801006149	0.0298939285048843
1899	0.0589994410285075	0.0634433125807136
1900	0.0963946338736725	0.0707739492666826
1901	0.0255170486305198	0.0289187938637352
1902	0.0483789826718837	0.0660158142351407
1903	0.0620737842370039	0.0635067309483883
1904	0.0485466741196199	0.0757688681109587
1905	0.114924538848519	0.0772964862931776
1906	0.0412800447177194	0.0651728030949369
1907	0.0663219675796534	0.0509855599031116
1908	0.0488541084404695	0.0870074840072045
1909	0.0724147568474008	0.0767485633451992
1910	0	0.0387994090872794
1911	0.066545556176635	0.0713534446618223
1912	0.128032420346562	0.0832181513288277
1913	0.0430967020681945	0.0731887512162806
1914	0.058133035215204	0.0228233166358516
1915	0.0670765790944662	0.0521513478263059
1916	0.0907769703745109	0.0711397165966758
1917	0.0813862493012856	0.0538350228372587
1918	0.0241196198993851	0.0256709712951698
1919	0.0706819452207937	0.0420336418027866
1920	0.030072666294019	0.0557148146555637
1921	0.064812744550028	0.0905253430462143
1922	0	0.0191643484515623
1923	0	0.0404113350354267
1924	0.0262996087199553	0.0408890833848176
1925	0.0653437674678591	0.0806764087412494
1926	0.0818613750698714	0.0758109278926775
1927	0.0491056456120738	0.0731873311440283
1928	0.041503633314701	0.0541125795203492
1929	0.0699832308552264	0.0523926063761976
1930	0.0749021799888206	0.0639373535151462
1931	0.0833147009502515	0.0789148965902739
1932	0.040581330352152	0.0340281082807634
1933	0.0411123532699832	0.0571621586650933
1934	0.0445220793739519	0.0250564627751604
1935	0.103130240357742	0.0885150272992643
1936	0.0303242034656233	0.0336273862154242
1937	0.0857741755170486	0.0511702467459874
1938	0.10653996646171	0.0724673933296069
1939	0.0399664617104528	0.0342245570475906
1940	0.0603689211850196	0.0564068552459965
1941	0.019284516489659	0.0209042827863398
1942	0.135913918390162	0.0777557800892734
1943	0.0389603130240358	0.0511196897708217
1944	0.0347959754052543	0.0317327141315793
1945	0.0711850195640022	0.0754954932923421
1946	0.0487702627166015	0.031627720441542
1947	0.0515651201788709	0.0321851903608471
1948	0.0840413638904416	0.0192532911855978
1949	0.110648406931246	0.0736477681066837
1950	0.0465343767467859	0.0600957553417028
1951	0.10363331470095	0.0580345497617717
1952	0.0788429290106205	0.0706691707460293
1953	0.0311626607043041	0.0279528123537244
1954	0.0416992733370598	0.0587768505949054
1955	0.0406651760760201	0.0647166529375423
1956	0.0301285634432644	0.0243725885833481
1957	0	0.0252546115148127
1958	0.0540804918949134	0.0630727867228365
1959	0.0724147568474008	0.0466345993547312
1960	0.047987702627166	0.0500459198086274
1961	0.0461710452766909	0.0479350370318614
1962	0	0.0355636684056891
1963	0.0489379541643376	0.0659803627991163
1964	0.118725544997205	0.0910524080136993
1965	0.0197875908328675	0.0335316549081222
1966	0.0748742314141979	0.0669655080266345
1967	0.0392956959195081	0.0347053336390955
1968	0.0534656232532141	0.0441826030003783
1969	0.0941587479038569	0.0764161076951742
1970	0.0317775293460034	0.0372699809586134
1971	0.0455282280603689	0.0674664617104528
1972	0.0352431525992174	0.0190156645106338
1973	0.0895192845164897	0.0707738104230558
1974	0.0667691447736166	0.095884354038569
1975	0.0454164337618781	0.0546838899757779
1976	0.049357182783678	0.0746775364701498
1977	0.0470933482392398	0.0576207917782158
1978	0.0785634432643935	0.0763062646212451
1979	0.0467579653437675	0.0554057201416061
1980	0.0479318054779206	0.0690164501357906
1981	0.0900223588596982	0.0824826186483537
1982	0.0743711570709894	0.0566655374313284
1983	0.104946897708217	0.0732143260441192
1984	0.127585243152599	0.0797452021613564
1985	0.020653996646171	0.0343181102327273
1986	0.0521520402459475	0.0782236481170942
1987	0.0787870318613751	0.0618228681448357
1988	0.0667132476243712	0.0598273105413967
1989	0	0.0404202460455219
1990	0.0493012856344326	0.0717995155580399
1991	0.024315259921744	0.0444858421289142
1992	0.0646730016769145	0.0594301951076686
1993	0.0380659586361096	0.0399192764592429
1994	0.0611794298490777	0.05725625455223
1995	0.0864449413079933	0.06725669601267
1996	0.067188373392957	0.0777949703858032
1997	0.0495248742314142	0.0799669616036574
1998	0.0636668529904975	0.0705093394820197
1999	0.0708775852431526	0.0581091624743805
2000	0.0823923979877026	0.071249205734952
2001	0.0615986584684181	0.0554055975601385
2002	0	0.0384007899149775
2003	0.0886808272778088	0.065639194252945
2004	0.0560089435438793	0.0910357127282963
2005	0.0876467300167692	0.0657125044956041
2006	0.07769703745109	0.0269317918444696
2007	0.081358300726663	0.0831745628447697
2008	0	0.0244389905906465
2009	0	0.0359077027436184
2010	0.0582168809390721	0.0572683037984883
2011	0.112017887087759	0.0748740677513735
2012	0.0525712688652879	0.0634561482629538
2013	0.085466741196199	0.0205146120881168
2014	0.0626048071548351	0.0650007388703636
2015	0.0455841252096143	0.0606379202438453
2016	0.0467300167691448	0.0661831402632948
2017	0	0.0390481828250833
2018	0.0785354946897708	0.077533569343519
2019	0.0691447736165456	0.0601476315836925
2020	0.0487423141419788	0.0488556540813388
2021	0.0473169368362214	0.0723562609710414
2022	0.0461989938513136	0.0449326646378072
2023	0.00539407490217999	0.0199482583625077
2024	0.130296254891001	0.0692986746491718
2025	0.0264393515930688	0.0401717062826621
2026	0.000894354387926216	0.0258682089471501
2027	0.0478759083286752	0.0625226162807802
2028	0	0.0234483392662764
2029	0.0967300167691448	0.0750656209241662
2030	0.0092230296254891	0.0153285845935371
2031	0.0589994410285075	0.0477681288651104
2032	0	0.0390785738554785
2033	0.0422861934041364	0.037298623865421
2034	0.0583286752375629	0.0751731148020975
2035	0.0450531022917831	0.0557919428252016
2036	0.0173840134153158	0.0177718065426282
2037	0.0163778647288988	0.0383609141635531
2038	0.0486584684181107	0.0751423733271956
2039	0.0482392397987703	0.0630036764872959
2040	0.0658188932364449	0.03811035137208
2041	0.048993851313583	0.071678321610459
2042	0.0230296254891001	0.0734664750192978
2043	0.0484628283957518	0.055569108979828
2044	0.142286193404136	0.0854169316962536
2045	0	0.0454977874045091
2046	0.0647568474007826	0.075227258611831
2047	0.0424538848518726	0.0553125711653521
2048	0.0749301285634433	0.0574352783471006
2049	0.0165735047512577	0.0586986877478772
2050	0.0619619899385131	0.0734411408498559
2051	0.0671045276690889	0.0771034197976624
2052	0.0484348798211291	0.04262905836594
2053	0	0.0219415564250668
2054	0	0.0368202244711835
2055	0.0670486305198435	0.0656353529018801
2056	0.0652319731693684	0.0590806116745189
2057	0.0857462269424259	0.0689556640617864
2058	0.0672722191168251	0.054563235020112
2059	0.031805477920626	0.0240491273833923
2060	0.0472051425377306	0.0705673427559957
2061	0.0448015651201789	0.0519032979318055
2062	0.0460592509782001	0.0543270351545405
2063	0.086836221352711	0.0825650429226484
2064	0.0519564002235886	0.0565539407490218
2065	0.0517048630519844	0.0587006926862416
2066	0.0110676355505869	0.0354410418163912
2067	0	0.0345445515386823
2068	0.023951928451649	0.05206785129397
2069	0.0710732252655115	0.071290117849823
2070	0.0576858580212409	0.0151322017937446
2071	0.0491335941866965	0.0619664889773548
2072	0.0719675796534377	0.0614607522159227
2073	0.0240916713247624	0.0147672982566778
2074	0.0572945779765232	0.0331686833481296
2075	0.057126886528787	0.0541660097557247
2076	0.0699832308552264	0.0880667277635507
2077	0.062520961430967	0.0400084446768484
2078	0.072945779765232	0.0546840258369045
2079	0.080072666294019	0.0730568021507094
2080	0.0590553381777529	0.022979717320131
2081	0.0403577417551705	0.049517814628491
2082	0.047987702627166	0.0714273538490979
2083	0.0611794298490777	0.0330136653820129
2084	0.0441866964784796	0.0638755497964553
2085	0.0939072107322527	0.0836860676355506
2086	0.0505310229178312	0.0839643772125955
2087	0	0.0258546008677367
2088	0.0166852990497485	0.0272767491149618
2089	0.0331470095025154	0.0276776082884685
2090	0.0787870318613751	0.0466632976718187
2091	0.0875349357182784	0.0705719119097284
2092	0.0466461710452767	0.0444817269557348
2093	0	0.0272313658916976
2094	0.0578814980435998	0.0807423086618661
2095	0.041866964784796	0.0588935469846594
2096	0.00684740078256009	0.0327937927546648
2097	0	0.0485331449392377
2098	0.0260201229737283	0.0370844668033041
2099	0.113974287311347	0.0285203695787985
2100	0.043963107881498	0.072545235285593
2101	0.0478479597540525	0.081310637076428
2102	0.00888764673001677	0.0420652909757158
2103	0.0216042481833427	0.0378288486222388
2104	0.0387367244270542	0.0582639919559505
2105	0.0953325880380101	0.0606174564726829
2106	0.0821408608160984	0.0769019250193679
2107	0.0902459474566797	0.0370523295958965
2108	0.0896310788149804	0.0702294785003002
2109	0.0818054779206261	0.0743449836085387
2110	0.0726103968697596	0.0586641246772605
2111	0.0363610955841252	0.0882535288222823
2112	0.0349077697037451	0.0302633820437062
2113	0.0456959195081051	0.0661720843903628
2114	0.0680268306316378	0.0849156330130338
2115	0.0437954164337619	0.0387848492107855
2116	0.0474846282839575	0.075700123439538
2117	0.0557294577976523	0.0778282285381224
2118	0.0722191168250419	0.0798032521062147
2119	0.047987702627166	0.0709773900081821
2120	0.0470374510899944	0.0752499401101972
2121	0.0887646730016769	0.0566168047893326
2122	0	0.0143011944977763
2123	0.0611794298490777	0.0287484120128055
2124	0.0524594745667971	0.0491749713859831
2125	0.0652319731693684	0.0379973882538887
2126	0.0475964225824483	0.0547888411638375
2127	0.0475684740078256	0.0612385003260667
2128	0.0589435438792622	0.0780452246935406
2129	0.0750698714365567	0.0610982741755171
2130	0.0403297931805478	0.0537032896507463
2131	0.0140301844605925	0.0224723055033284
2132	0.0598378982671884	0.0617325055231707
2133	0.0121296813862493	0.0188534645272307
2134	0.0082448295136948	0.0364772023777325
2135	0.0746506428172163	0.0762659373419575
2136	0.0939072107322527	0.0805300912986771
2137	0.0380100614868642	0.038457112786347
2138	0.0520961430967021	0.0189130932417685
2139	0.0256567915036333	0.0391056456120738
2140	0.0637786472889883	0.0812261714307743
2141	0.0414756847400783	0.0231970566314843
2142	0.0485466741196199	0.0662238015385025
2143	0.0521240916713248	0.0659876327557295
2144	0.0479038569032979	0.0753923141419788
2145	0	0.0420428585316062
2146	0.0530463946338737	0.0304430647608401
2147	0.0899664617104528	0.0537839708270116
2148	0.0486584684181107	0.0646715133585098
2149	0.0467020681945221	0.0502185957005776
2150	0.155729457797652	0.0608213387367244
2151	0.0710173281162661	0.0548933503095046
2152	0.0754332029066518	0.0343535614898694
2153	0.0714645053102292	0.071812376338648
2154	0.0581889323644494	0.0645021454641108
2155	0.0980994969256568	0.0695000269679229
2156	0.0476802683063164	0.0572498328565635
2157	0.0367244270542202	0.0246950858284005
2158	0.0705980994969257	0.0587850309975101
2159	0.048351034097261	0.0786896365589276
2160	0.0304639463387367	0.0426133269622604
2161	0.0537171604248183	0.0550313910210092
2162	0	0.0513704999018023
2163	0.0444941307993292	0.0577735257724078
2164	0.0493851313583007	0.0662754105096196
2165	0.0787590832867524	0.0665390896436831
2166	0.0436277249860257	0.0564050258635222
2167	0	0.0641033410804821
2168	0.12115707098938	0.0756549037490316
2169	0.0470374510899944	0.0436679825787218
2170	0.0864169927333706	0.062820285887642
2171	0.0694801565120179	0.0718981457955745
2172	0.0704863051984349	0.0779950973542016
2173	0.0476802683063164	0.0927005872413151
2174	0.0458636109558413	0.0677388973657839
2175	0.0152599217439911	0.0291179895658655
2176	0	0.0262747891705349
2177	0.0443264393515931	0.0550226859174863
2178	0.0339575181665735	0.0249663636452787
2179	0.0570150922302963	0.0469127915746138
2180	0.0520402459474567	0.0437446294895823
2181	0.117356064840693	0.0819107097841932
2182	0.114812744550028	0.0770255729457798
2183	0.0738960313024036	0.0727693976416726
2184	0.0458077138065959	0.054732096545959
2185	0.06690888764673	0.0570090527681939
2186	0.0806595863610956	0.0690426928177643
2187	0.0764114030184461	0.051404480570565
2188	0.0285913918390162	0.0226550170941282
2189	0.0482951369480157	0.0523018933041991
2190	0	0.0299971421952976
2191	0	0.0217320184913813
2192	0.0759083286752376	0.0310286360453088
2193	0.0539128004471772	0.0497958049871164
2194	0.0676076020122974	0.0625586609527359
2195	0	0.0206070724603572
2196	0.0478200111794298	0.0542821874417738
2197	0.00877585243152599	0.0349676990171418
2198	0.0432084963666853	0.0608653846153846
2199	0.0339854667411962	0.037270156245841
2200	0.04460592509782	0.0357547400140064
2201	0.0393795416433762	0.0667095211477548
2202	0.0359977641140302	0.0449516187512275
2203	0.0454723309111235	0.0505636446143397
2204	0.0264952487423141	0.0261104144949869
2205	0.0567356064840693	0.0712039907176856
2206	0.0479597540525433	0.0530726481792021
2207	0	0.0220515847332137
2208	0.0887646730016769	0.0719428192865868
2209	0.0429010620458357	0.0561891719236605
2210	0	0.0403859516376047
2211	0.0494969256567915	0.0655274162208204
2212	0.0551425377305757	0.0664489742382788
2213	0.0337898267188373	0.0394309936383721
2214	0.0479597540525433	0.0707475160433485
2215	0.063163778647289	0.0705039826718838
2216	0.0467300167691448	0.0744822267768048
2217	0.0777529346003354	0.0642817745651032
2218	0.068557853549469	0.0388542800545242
2219	0.0495528228060369	0.0491109197785752
2220	0.0869200670765791	0.0657331713351138
2221	0.0756567915036333	0.021664358791944
2222	0.0199832308552264	0.0237263944146692
2223	0.0559809949692566	0.0808296401288296
2224	0.0744270542202348	0.0688131675554817
2225	0.0529066517607602	0.0258538667230674
2226	0.0387646730016769	0.0418529031581889
2227	0.0128283957518167	0.027369847324061
2228	0.0624650642817216	0.0754254603961144
2229	0.0164058133035215	0.0454594213314169
2230	0.048993851313583	0.0802707401714179
2231	0.0381218557853549	0.0723692150033682
2232	0.0240916713247624	0.0404394534212089
2233	0.0766349916154276	0.0542401947084032
2234	0.0980156512017887	0.078142608827827
2235	0.0221632196757965	0.0380483909606324
2236	0.0630799329234209	0.0544959940376374
2237	0.0476802683063164	0.0532138661159762
2238	0.0417831190609279	0.0683743504544231
2239	0.0728060368921185	0.0608981843777819
2240	0.0449133594186697	0.066148051222115
2241	0.0484069312465064	0.0788212036519471
2242	0.0509223029625489	0.0572297071427789
2243	0.0790944661822247	0.0821275499545483
2244	0.103828954723309	0.089978692197809
2245	0.046254891000559	0.0417284540531444
2246	0.0723868082727781	0.0763526129465643
2247	0.0349636668529905	0.0561731850894354
2248	0.073951928451649	0.0697763789046759
2249	0.103158188932364	0.0845732478502183
2250	0.047624371157071	0.0437133738437404
2251	0.0467300167691448	0.0525778027888145
2252	0.0420626048071548	0.0415045940469536
2253	0.0551984348798211	0.0786642092064116
2254	0.0791503633314701	0.0603515498961585
2255	0.0395192845164897	0.0376617174399106
2256	0.0389044158747904	0.0409937972195676
2257	0.0924259362772499	0.070940880544504
2258	0.0192006707657909	0.0438393836821729
2259	0.0464225824482951	0.050768646559895
2260	0.0927892677473449	0.0629298105977755
2261	0.0906092789267747	0.0525146002189305
2262	0.141028507546115	0.0751693535409997
2263	0.113303521520402	0.086322321594932
2264	0.0625768585802124	0.0473705182464266
2265	0.0897708216880939	0.0711042227755475
2266	0	0.031896632036134
2267	0.043963107881498	0.0517442765526485
2268	0.0446338736724427	0.0452531675051239
2269	0.0496646171045277	0.0288044055675146
2270	0.0430687534935718	0.0681032026996253
2271	0.0470933482392398	0.0796241790106205
2272	0.0614868641699273	0.022641066752964
2273	0.0567076579094466	0.0452992332492053
2274	0.0254052543320291	0.0396537441283477
2275	0.0924259362772499	0.0838089460846588
2276	0	0.038881772353684
2277	0.0357741755170486	0.0238184551236536
2278	0.088848518725545	0.0873984084338581
2279	0.0232252655114589	0.0423449682214355
2280	0.0591671324762437	0.0368470514253773
2281	0.0448015651201789	0.0566267118501957
2282	0.0490776970374511	0.0765280206999766
2283	0.0633873672442706	0.0331055873858766
2284	0.0444382336500838	0.0678696444156787
2285	0.0770262716601453	0.0389479938473492
2286	0.104835103409726	0.0720997808476847
2287	0.0752655114589156	0.070378470281349
2288	0.0546674119619899	0.0612127585243153
2289	0.0675796534376747	0.041857182783678
2290	0.0621855785354947	0.0521068704172558
2291	0.043236444941308	0.0553916477891207
2292	0.080435997764114	0.0478300945867447
2293	0.0389603130240358	0.0359404695360537
2294	0.0757965343767468	0.0774801619921306
2295	0.0529346003353829	0.0526841173644004
2296	0.0306316377864729	0.0492542699211229
2297	0.120262716601453	0.083226017158731
2298	0	0.0300584531300015
2299	0.0569591950810509	0.0523236740332747
2300	0.0586640581330352	0.0601595198168703
2301	0.0678591391839016	0.0689668754589595
2302	0.0593907210732253	0.0818784069790218
2303	0.0878703186137507	0.0616265420463556
2304	0.0650922302962549	0.0456846949999099
2305	0.0255729457797652	0.035424592083899
2306	0.0478759083286752	0.0716701413543225
2307	0.0558971492453885	0.0302847472771313
2308	0.0273616545556177	0.0550513616349426
2309	0.095612073784237	0.0618221047346956
2310	0	0.033612449171955
2311	0.0454443823365008	0.082247174088566
2312	0.0918390162101733	0.0522775971001236
2313	0.0450251537171604	0.031202560972022
2314	0.0567356064840693	0.0534494530064681
2315	0.0926215762996087	0.0799441142119638
2316	0.0477082168809391	0.0679249312577988
2317	0.0408049189491336	0.0514005386950756
2318	0.0806595863610956	0.0769082148106743
2319	0.056400223588597	0.0667901505674004
2320	0.0198155394074902	0.0439201951742128
2321	0.0116266070430408	0.030184676861242
2322	0	0.0269552886325525
2323	0.0485746226942426	0.0690261306583274
2324	0.0475684740078256	0.0752844593904206
2325	0.104080491894913	0.0544809785289186
2326	0.0400223588596982	0.0401362890655178
2327	0.0473448854108441	0.0448760378464601
2328	0.113666852990497	0.0777290230420471
2329	0.0730016769144774	0.0740707839998645
2330	0.0173840134153158	0.0226123493056464
2331	0.133957518166574	0.0743949133594186
2332	0.0910285075461151	0.0662312476356635
2333	0.0956679709334824	0.0807957919927334
2334	0.0576579094466182	0.0800081327834263
2335	0.0768585802124092	0.0670448393474526
2336	0.0227221911682504	0.0358608594295024
2337	0.0915036333147009	0.0668902164461835
2338	0.0764114030184461	0.0421245197125577
2339	0.0870877585243153	0.0645774390506084
2340	0.0826998323085523	0.0669883939866435
2341	0.101397428731135	0.0709728433016583
2342	0.0816377864728899	0.0681450029381835
2343	0.0859139183901621	0.0563682141099693
2344	0.0552822806036892	0.064966049136256
2345	0.046254891000559	0.0377123043599776
2346	0.0463387367244271	0.0458451489908974
2347	0.0563722750139743	0.0735820319778275
2348	0.0813024035774176	0.066326745113777
2349	0	0.0384654009350069
2350	0.0450251537171604	0.0436371613864897
2351	0.0397428731134712	0.0543187910588603
2352	0.0480435997764114	0.0707097607069659
2353	0.0876187814421465	0.0807595717573359
2354	0.0614868641699273	0.0248237506553832
2355	0.0446618222470654	0.0619516223482126
2356	0.0593627724986026	0.0798753737567321
2357	0.0527110117384013	0.0612265671904437
2358	0.078339854667412	0.0698657610347837
2359	0.0844046953605366	0.0721656193008904
2360	0.036193404136389	0.0437113378051053
2361	0.0475684740078256	0.0882244185849552
2362	0.0512017887087759	0.0691547944943697
2363	0.00553381777529346	0.0293968048286103
2364	0.0543599776411403	0.0259632033156553
2365	0.0844046953605366	0.0770494362445173
2366	0.0820011179429849	0.0602226730402267
2367	0.0461989938513136	0.029259174230527
2368	0.0286193404136389	0.0539933466865412
2369	0.133202906651761	0.0673590845717443
2370	0.0621017328116266	0.0549742550629918
2371	0.0603130240357742	0.03618582918541
2372	0.0502235885969816	0.0454569742211965
2373	0.103353828954723	0.0403186551559944
2374	0.0477920626048072	0.054147319320048
2375	0.0742034656232532	0.0540822885889962
2376	0.00818893236444941	0.0505688898280822
2377	0.0341811067635551	0.0348702405591729
2378	0.0524035774175517	0.0740149386390303
2379	0.0053661263275573	0.0225832446792525
2380	0.0804918949133594	0.0378657708413011
2381	0.0698155394074902	0.0794559485294533
2382	0.00134153158188932	0.0335978892854242
2383	0.111067635550587	0.039141396497112
2384	0.0458356623812186	0.0486412981595346
2385	0.0390721073225266	0.0383041270728526
2386	0.0720793739519285	0.0657523076458236
2387	0.0446897708216881	0.0750052403577417
2388	0.0986025712688653	0.0733654616047014
2389	0.0477361654555618	0.0233251687265801
2390	0.0660145332588038	0.0126867605272964
2391	0.0453605366126328	0.068379651526661
2392	0.0484069312465064	0.0553211837345721
2393	0.0842370039128005	0.0732222735807141
2394	0.0821129122414757	0.0552217031772649
2395	0	0.0244327689084605
2396	0.0548910005589715	0.0804558994782933
2397	0.0481553940749022	0.0558965197729871
2398	0.0400782560089436	0.0541782083928535
2399	0.0453325880380101	0.0534325285918355
2400	0.0783957518166574	0.0599134201764406
2401	0.0498882057015092	0.0722365181399558
2402	0.0218557853549469	0.0169319322816388
2403	0.0472330911123533	0.0675128829620166
2404	0.00846841811067636	0.0404668343581144
2405	0.0732252655114589	0.0483090979264819
2406	0.102319731693684	0.0522647791027472
2407	0.0738121855785355	0.0591179895658655
2408	0.0485746226942426	0.0494330968055814
2409	0.0158188932364449	0.0185499851444513
2410	0.089491335941867	0.0876990513924966
2411	0.0642258244829514	0.0759365416282688
2412	0.0446338736724427	0.0550846350123181
2413	0.0480994969256568	0.0465653597380819
2414	0.0839854667411962	0.079538954989486
2415	0.0753493571827837	0.078006451462642
2416	0.0347121296813863	0.0444311533445128
2417	0.0390441587479039	0.0538084258298065
2418	0.0467020681945221	0.0676226631886218
2419	0.0783119060927893	0.0576266433989102
2420	0.063806595863611	0.0572923553993984
2421	0.0991056456120738	0.0648856640014258
2422	0.0560089435438793	0.0820963164211959
2423	0.00117384013415316	0.0353110779868745
2424	0.0465902738960313	0.0767665430567106
2425	0.0537730575740637	0.064030927537775
2426	0.00978200111794299	0.035584021696375
2427	0.0475964225824483	0.074239625755277
2428	0.154611514812745	0.0885477654449147
2429	0.0444102850754612	0.0642726254062895
2430	0.0589714924538849	0.0529484814607788
2431	0.051648965902739	0.0468204159518899
2432	0.0447736165455562	0.0521524512543978
2433	0.085103409726104	0.0658524567048882
2434	0.0479318054779206	0.0598118814322823
2435	0.0580771380659586	0.0243858791052533
2436	0.0449972051425377	0.0519717582393494
2437	0.0237842370039128	0.0250099413570259
2438	0.0204583566238122	0.0306028864336429
2439	0.00525433202906652	0.0562554001412595
2440	0.0816377864728899	0.0703408596868631
2441	0.0392677473448854	0.0464486048373695
2442	0.0531302403577418	0.06137357928079
2443	0.0706819452207937	0.0582815051677463
2444	0.06151481274455	0.0867291209814966
2445	0.0463666852990498	0.0681715088681271
2446	0.0664058133035215	0.064848055503799
2447	0.0403856903297932	0.028544723542016
2448	0	0.0414461595791948
2449	0.0500838457238681	0.058345324602731
2450	0.119480156512018	0.0844995734164926
2451	0.0317495807713807	0.0436744767405751
2452	0.0673560648406931	0.0619822036225275
2453	0.0728898826159866	0.0392567031500748
2454	0.0457238680827278	0.0195031623294619
2455	0.0470933482392398	0.0641848203010165
2456	0.0244829513694802	0.0507346663956502
2457	0.0417551704863052	0.0521740934181107
2458	0.0482392397987703	0.0639498090180734
2459	0.0646450531022918	0.0698005170486305
2460	0.0835662381218558	0.0787686607861048
2461	0.0317495807713807	0.0245500279485746
2462	0.0447456679709335	0.072304962790035
2463	0.0502794857462269	0.0752871305034031
2464	0.0514812744550028	0.0752707795434179
2465	0.022945779765232	0.063472624953419
2466	0.0450531022917831	0.0656222357879046
2467	0.0437954164337619	0.0387867591923544
2468	0.0662660704304081	0.0458973692110221
2469	0	0.037021676511615
2470	0.0438233650083846	0.0539889714037283
2471	0.0626048071548351	0.0769277844082204
2472	0.0848798211291224	0.0520465510128031
2473	0.0469256567915036	0.0680651942306498
2474	0.081721632196758	0.0704019654341063
2475	0.0472330911123533	0.0655754456244954
2476	0.0720514253773058	0.0697850533964873
2477	0.0880939072107323	0.0715113857169475
2478	0.0202347680268306	0.0659558878330538
2479	0.064896590273896	0.0286342095456641
2480	0	0.0286931077121127
2481	0.0622694242593628	0.0648803237131398
2482	0.0385969815539408	0.0419973041270729
2483	0.126774734488541	0.059172050877366
2484	0.088121855785355	0.0810943003085705
2485	0.0603689211850196	0.0691389509968325
2486	0.0640301844605925	0.0715650270169555
2487	0.0468977082168809	0.0680475244698691
2488	0.113666852990497	0.0571652522994055
2489	0	0.0269730787942778
2490	0.0416713247624371	0.0382798169885928
2491	0.075684740078256	0.0763972137420992
2492	0.13133035215204	0.0687362927011048
2493	0.0354108440469536	0.0654516282632549
2494	0.0552543320290665	0.0134365172123696
2495	0.0436277249860257	0.0598549287197735
2496	0	0.0319294336259121
2497	0	0.0284812519676439
2498	0.097987702627166	0.0494317899509347
2499	0.0916154276131917	0.0740222435163743
2500	0.060508664058133	0.04573762111049
2501	0.0660145332588038	0.0579183244007497
2502	0.0479597540525433	0.0447843922737718
2503	0.0988541084404695	0.0747492433741735
2504	0.0659586361095584	0.0670710708962176
2505	0.117719396310788	0.0753953212575348
2506	0.0403577417551705	0.0630597935093546
2507	0.0674678591391839	0.0578346023496946
2508	0.0518725544997205	0.0686975431872022
2509	0.171632196757965	0.0755939072107323
2510	0.0605925097820011	0.0803758225216479
2511	0.046254891000559	0.0721835199576865
2512	0	0.0428167375732356
2513	0.0951648965902739	0.0734397999347867
2514	0.0707378423700391	0.0835888983877509
2515	0.0472051425377306	0.0434543431077808
2516	0.0539407490217999	0.0329583446799769
2517	0.0461710452766909	0.0550179124955536
2518	0.0652319731693684	0.0727757149067937
2519	0.12945779765232	0.0654856475849143
2520	0.0773896031302404	0.0767708527420657
2521	0.0695360536612633	0.0808172318489535
2522	0.00589714924538849	0.0364628167505124
2523	0.0673560648406931	0.0642253470281349
2524	0.0428172163219676	0.0492744952890286
2525	0.0918390162101733	0.0675288443622709
2526	0.0473169368362214	0.0537303415769039
2527	0.077054220234768	0.07631935387036
2528	0.0544158747903857	0.046147655689418
2529	0.078060368921185	0.0290414288871268
2530	0.00994969256567915	0.0315865474194149
2531	0.0294019005030743	0.0346982352471453
2532	0.0923420905533818	0.0658169922297927
2533	0.0493292342090553	0.0675452516962286
2534	0.000167691447736165	0.0420839224454455
2535	0.031721632196758	0.0282030829040332
2536	0	0.0366486084209705
2537	0.0757965343767468	0.0596041183212788
2538	0.0479597540525433	0.045309905699439
2539	0.0685019564002236	0.0481121929448265
2540	0.0658468418110676	0.0600149744078738
2541	0.0735885969815539	0.0825912081030164
2542	0.0839854667411962	0.0313190729058532
2543	0.0453605366126328	0.0499152492746679
2544	0	0.025849894089612
2545	0.0806595863610956	0.0553225135518089
2546	0.0785913918390162	0.0602483998071
2547	0.0777529346003354	0.0705929154871166
2548	0	0.0211046811122437
2549	0.108496366685299	0.0741592403311241
2550	0.0546674119619899	0.057431206579893
2551	0.0663499161542761	0.0780759735420161
2552	0.0409446618222471	0.0671042445299342
2553	0.11369480156512	0.0756341362196589
2554	0.0636668529904975	0.0870644954460264
2555	0.0760201229737283	0.0778640677497491
2556	0.0652040245947457	0.0356448281503497
2557	0.024958077138066	0.040819514315881
2558	0.119340413638904	0.0654657031062844
2559	0.041224147568474	0.0381050711135954
2560	0.0577138065958636	0.0709730351056018
2561	0.0849077697037451	0.0564700950251537
2562	0.0946618222470654	0.0406338891994286
2563	0	0.0623805009593159
2564	0.0423979877026272	0.0535500366825042
2565	0.0488820570150922	0.073027885553327
2566	0.0724706539966462	0.0615810072587007
2567	0.0697316936836221	0.0618003423700391
2568	0.0714086081609838	0.0280765028710808
2569	0.0366126327557295	0.0748245570031484
2570	0.0865567356064841	0.0387598256707658
2571	0.0654835103409726	0.0513546777632859
2572	0	0.0287964123025128
2573	0.102794857462269	0.0730042322127286
2574	0.0480715483510341	0.0715837770782462
2575	0.0376187814421465	0.0457584285655135
2576	0.0918110676355506	0.0837575564664721
2577	0.0707378423700391	0.0734358662414099
2578	0.0925656791503633	0.0797170899239094
2579	0.126355505869201	0.0782657312254853
2580	0.0670206819452208	0.0724734954350662
2581	0.0489379541643376	0.0183873571179754
2582	0	0.042892616182715
2583	0.0839295695919508	0.0849957494876095
2584	0.0690888764673002	0.0491841394812269
2585	0.07157629960872	0.0723258013336269
2586	0.0628842929010621	0.0764743240857874
2587	0	0.0249438428640139
2588	0.047261039686976	0.0659889411326297
2589	0.0328954723309111	0.0482850161762962
2590	0.0470933482392398	0.0376838912696934
2591	0.0799329234209055	0.0676353842263569
2592	0.0389882615986585	0.0360548856770209
2593	0.0470095025153717	0.039883927154283
2594	0.0712409167132476	0.0727861401687562
2595	0.0623253214086082	0.0722121074999778
2596	0.0407210732252655	0.0300650735979132
2597	0.0582168809390721	0.0838227888754867
2598	0.0571827836780324	0.0657094028069433
2599	0.0562325321408608	0.0532706172494462
2600	0.0542481833426495	0.0842873889820508
2601	0.0504751257685858	0.0496983270081296
2602	0.0792062604807155	0.0799308472410765
2603	0.0234209055338178	0.027159417662492
2604	0.0482951369480157	0.06631598759184
2605	0.0779206260480716	0.0755092200244024
2606	0.0591950810508664	0.0720760564788432
2607	0.0507825600894354	0.0719711637993499
2608	0.0440749021799888	0.0514609784662887
2609	0.0485187255449972	0.0589547103699563
2610	0.0679429849077697	0.0403482138320037
2611	0.0427613191727222	0.0428283272504082
2612	0.100223588596982	0.0728147708216881
2613	0.0694522079373952	0.057276901728889
2614	0.0613471212968139	0.0560162202448396
2615	0.0404136389044159	0.0686049761462166
2616	0.0819452207937395	0.0600008905183091
2617	0.0531581889323645	0.0548571686068648
2618	0.0467020681945221	0.0565092512605089
2619	0.0370039128004472	0.0379624230155253
2620	0.0442705422023477	0.0609050447177194
2621	0.0682224706539966	0.0262450223371941
2622	0.0620737842370039	0.0457508991536381
2623	0	0.0168908025899013
2624	0.0470653996646171	0.0627515550873572
2625	0.0927054220234768	0.0696472105361223
2626	0.0505030743432085	0.0464049267627136
2627	0.0771939631078815	0.0567675144400969
2628	0.0487702627166015	0.0551758371434168
2629	0.0463946338736724	0.0538707977321728
2630	0.0532420346562325	0.0613471332406492
2631	0.0668809390721073	0.0899119398085301
2632	0.0621855785354947	0.0558655906465437
2633	0.0569871436556736	0.0737904477982734
2634	0.121492453884852	0.0804793077034553
2635	0	0.0217601673526771
2636	0.0681945220793739	0.0798565861037913
2637	0.0770262716601453	0.0750028239705609
2638	0.0560927892677473	0.0666113211340257
2639	0.00746226942425936	0.0465287502574211
2640	0	0.0232836734879367
2641	0.0437674678591392	0.0759014548366142
2642	0.0524594745667971	0.0737339554479018
2643	0.0472889882615987	0.0853882678094528
2644	0.0506707657909447	0.0644169261891453
2645	0.046981553940749	0.0685235278199225
2646	0.0603409726103969	0.0713432844968766
2647	0	0.0425288801937768
2648	0.0367523756288429	0.0625947520929306
2649	0.0456679709334824	0.0502421906011779
2650	0	0.031006898526224
2651	0.0360536612632756	0.0718066071559643
2652	0.0265511458915595	0.0375570099165683
2653	0.0709614309670207	0.0742829176297594
2654	0.0472330911123533	0.0322605738773989
2655	0.112744550027949	0.0723331990705729
2656	0.0808272778088318	0.0797959883444092
2657	0.0760760201229737	0.069789865079626
2658	0.108160983789827	0.0964620687678262
2659	0.0693683622135271	0.0436543692938327
2660	0.00762996087199553	0.0404745564457694
2661	0.153912800447177	0.0718606472424073
2662	0.0470653996646171	0.0413868503459012
2663	0.0602012297372834	0.068632809248005
2664	0.0466741196198994	0.0592245435066145
2665	0.0114030184460593	0.0186693816710586
2666	0.0442705422023477	0.0589199913825228
2667	0.0927613191727222	0.0751937501663606
2668	0.0456400223588597	0.0619483749900184
2669	0.081078814980436	0.0838583157527783
2670	0.0254332029066518	0.0566305923027555
2671	0.0867523756288429	0.0743192348301348
2672	0.0849357182783678	0.0855639879032836
2673	0.0895192845164897	0.0715576531101964
2674	0.17448295136948	0.0717809811144076
2675	0.0482951369480157	0.0791060107060666
2676	0.111151481274455	0.0771691864746644
2677	0.0420626048071548	0.0474669161588206
2678	0.0526830631637786	0.0666941385989315
2679	0.0717998882057015	0.0653155956928141
2680	0	0.0158719955282281
2681	0.0478200111794298	0.0735919066811803
2682	0.0724147568474008	0.051790986067118
2683	0.101537171604248	0.060549810570772
2684	0.0303521520402459	0.0331673020787051
2685	0.0401341531581889	0.0582773430221725
2686	0.0429010620458357	0.0409158796936444
2687	0.0388764673001677	0.0410307484678642
2688	0.0417831190609279	0.0433893010597874
2689	0.0910285075461151	0.0807244708951216
2690	0.0242034656232532	0.0243093428811707
2691	0.0670206819452208	0.0633830316320534
2692	0	0.0184642125156379
2693	0.0711291224147568	0.0670600488263988
2694	0.0517607602012297	0.0780160704304081
2695	0.032084963666853	0.0379621964054608
2696	0.0479318054779206	0.0697091293196988
2697	0.0700670765790945	0.0816346517003308
2698	0.0535215204024595	0.0785973179719686
2699	0.0963107881498044	0.0733890574675929
2700	0.0764393515930688	0.0496378105146745
2701	0.0738401341531582	0.0698883282829769
2702	0.0463107881498044	0.0835475050231898
2703	0.0104807154835103	0.0293681787127846
2704	0	0.0342646897230464
2705	0.0456400223588597	0.0601353176821316
2706	0	0.0597048837546322
2707	0.060424818334265	0.055563291876281
2708	0.0714365567356065	0.0617877124609238
2709	0.0794857462269424	0.0810156732664529
2710	0.066545556176635	0.0587311488275714
2711	0.0329513694801565	0.0262361255290266
2712	0.0824203465623253	0.0729641792435252
2713	0.0518166573504751	0.0580408980808645
2714	0.0488541084404695	0.0266784429150363
2715	0.0784516489659027	0.0485508664058133
2716	0.0852711011738401	0.0553975814131627
2717	0.0603409726103969	0.0489595828360501
2718	0.0321408608160984	0.0434480877765557
2719	0.00394074902179989	0.0196212216832856
2720	0.0622414756847401	0.0519035670662278
2721	0.0723868082727781	0.065642032694929
2722	0.0610676355505869	0.0685560177117242
2723	0.0568474007825601	0.0492257019014837
2724	0.0457518166573505	0.0596902366312652
2725	0.0464784795975405	0.0619708044889711
2726	0.099357182783678	0.0603645016746422
2727	0.00894354387926216	0.0398023880504316
2728	0.0668809390721073	0.0683346706576029
2729	0.0597540525433203	0.0583209648632481
2730	0.0648686416992733	0.0843399386958063
2731	0.0704024594745668	0.0452664297692246
2732	0.0277808831749581	0.0593377572653704
2733	0.0408887646730017	0.040518290789392
2734	0.132979318054779	0.080975405254332
2735	0.0538010061486864	0.058121880964251
2736	0.0857182783678032	0.0875498774562498
2737	0.0907490217998882	0.0545525088908872
2738	0	0.0138527110117384
2739	0.0760201229737283	0.0826684427535056
2740	0.0445779765231973	0.065725425633501
2741	0.0748742314141979	0.0598460369956317
2742	0.0649245388485187	0.0516417952583408
2743	0.0658468418110676	0.072798863424632
2744	0.0901621017328116	0.0800033409790354
2745	0	0.0285903011629334
2746	0.013806595863611	0.0570665205189119
2747	0.00997764114030185	0.0278164577177993
2748	0	0.0262684431479411
2749	0.0588596981553941	0.0450581903656247
2750	0.0907769703745109	0.0823931299741808
2751	0.0636668529904975	0.061520169554686
2752	0.0679988820570151	0.0525148023932261
2753	0.0462828395751817	0.0416971124981885
2754	0.143208496366685	0.0658884084656781
2755	0.0453046394633874	0.0661761094628618
2756	0.0898826159865847	0.0679621536776372
2757	0	0.0152272633169782
2758	0.0604527669088876	0.0788022117734741
2759	0.0780044717719396	0.0688066694124916
2760	0.0832588038010061	0.0587894806888658
2761	0.0771660145332588	0.0417951282140861
2762	0.114309670206819	0.0729699242283088
2763	0.0572666294019005	0.0535133308201282
2764	0.0266070430408049	0.0348608560249142
2765	0.0844046953605366	0.0531163667860146
2766	0.0429849077697037	0.0558022087843217
2767	0.0621855785354947	0.0717433588863159
2768	0.038205701509223	0.0422322005940442
2769	0.0792062604807155	0.0487641273390295
2770	0.0353269983230855	0.0365927323354657
2771	0.0451648965902739	0.09178048786629
2772	0.0715483510340973	0.0775821377554189
2773	0.0140860816098379	0.0339267747344885
2774	0.0671324762437116	0.0668378716494983
2775	0	0.0521834358114403
2776	0.0388764673001677	0.0268536169310538
2777	0.0644214645053102	0.0356694032979318
2778	0.0214086081609838	0.0187246629322614
2779	0.0825880380100615	0.0724692671544964
2780	0.0659586361095584	0.0662630093960446
2781	0.0442705422023477	0.0574412858118839
2782	0.0470095025153717	0.0531351068420072
2783	0.0733929569591951	0.0553780044717719
2784	0.0744550027948575	0.0697020768607468
2785	0.0745947456679709	0.0641563820815314
2786	0.0475684740078256	0.0948585915047626
2787	0.0448015651201789	0.0462359907769704
2788	0.0929290106204584	0.0442512636963042
2789	0.00779765231973169	0.0327027346605323
2790	0.0675796534376747	0.073063335392702
2791	0.0851593068753494	0.0773246615117074
2792	0.0387926215762996	0.058448913827617
2793	0.0506987143655674	0.0256051767972737
2794	0.0470095025153717	0.0556671909732604
2795	0.0102850754611515	0.024391200998244
2796	0.0704583566238122	0.050276718289328
2797	0.0586640581330352	0.0838562360571863
2798	0.0370598099496926	0.0452829626819985
2799	0.0441307993292342	0.0543627847567493
2800	0.0357741755170486	0.0407547024044863
2801	0.0527669088876467	0.0666352902113103
2802	0.064812744550028	0.0801702288841164
2803	0.0762716601453326	0.0741349805247234
2804	0.0547792062604807	0.0504491568846655
2805	0.115930687534936	0.0812937931579631
2806	0.0443823365008385	0.0276760043571111
2807	0.0502235885969816	0.06695637111049
2808	0	0.0296615394341079
2809	0.0418390162101733	0.0557611925680679
2810	0	0.0322213992919694
2811	0.120989379541643	0.0802558625462482
2812	0.0524035774175517	0.0725173330195248
2813	0.133230855226383	0.0727133775607269
2814	0.0844885410844047	0.0612400463848273
2815	0	0.0371796893715563
2816	0.119731693683622	0.0644867766541886
2817	0.0414756847400783	0.0279211041157954
2818	0.0474287311347121	0.0771733743245761
2819	0.112325321408608	0.0669758784187971
2820	0.0768865287870319	0.0629923607229364
2821	0.0678311906092789	0.0710241361023921
2822	0.0119899385131358	0.0695509721571767
2823	0.0206260480715484	0.026793883038992
2824	0.0414756847400783	0.0309573750153376
2825	0.06078814980436	0.0753173715918266
2826	0.0636389044158748	0.035141928594975
2827	0.0860257126886529	0.06905106825663
2828	0.089491335941867	0.0639220711938813
2829	0	0.0287879267060889
2830	0.0439351593068754	0.0558274288822081
2831	0.0542761319172722	0.0682592696105832
2832	0.0357182783678032	0.0224915636709935
2833	0.0411403018446059	0.0340620458356624
2834	0.0430687534935718	0.0556803537047388
2835	0.0547792062604807	0.0729890197439011
2836	0.0468138624930129	0.0635433630947885
2837	0.0401062045835662	0.0673563126117447
2838	0.0529904974846283	0.0491923842585783
2839	0.0737283398546674	0.0620255470674699
2840	0.0713527110117384	0.0740808443994581
2841	0.0863890441587479	0.0853136062977455
2842	0.0566238121855785	0.0589673438373393
2843	0	0.0271450094326439
2844	0.0350754611514813	0.037226924198605
2845	0.0587479038569033	0.0733540909726104
2846	0.0446897708216881	0.03477421935795
2847	0.0487982112912242	0.0354864064613864
2848	0.0597540525433203	0.0802781174305944
2849	0.0234209055338178	0.0281147334066608
2850	0.0434320849636669	0.0443875563081577
2851	0	0.0280523392513331
2852	0.042873113471213	0.0403112833789336
2853	0.0566797093348239	0.0695952353652186
2854	0.0919228619340414	0.0622833627151682
2855	0.0738960313024036	0.0666115626526471
2856	0.0571548351034097	0.0844344660726225
2857	0.0570150922302963	0.0670811524975863
2858	0.0872554499720514	0.0856620806962501
2859	0.0652599217439911	0.0516566816203485
2860	0.0396590273896031	0.0503355311076105
2861	0.0582448295136948	0.0342169943535778
2862	0.0439910564561207	0.0721505004865122
2863	0.0451928451648966	0.0553610290398999
2864	0.147149245388485	0.0909130226025139
2865	0.0477920626048072	0.0445828092975592
2866	0.0816936836221353	0.0868513360703662
2867	0.0449413079932923	0.0150796373752755
2868	0	0.0380154807836508
2869	0.0403297931805478	0.0519615104286544
2870	0.0471492453884852	0.0441739532593362
2871	0.0671045276690889	0.0539534394924721
2872	0.0893515930687535	0.0487779674587947
2873	0.113806595863611	0.0703382088069064
2874	0.0484348798211291	0.0495580542059022
2875	0	0.037300071789476
2876	0.0809949692565679	0.0694606457451622
2877	0.0159306875349357	0.0387730814617343
2878	0.0680827277808832	0.0697488887114376
2879	0.0790944661822247	0.0678103165176076
2880	0.0438513135830073	0.0279350661449599
2881	0.0459474566797093	0.0411905743432085
2882	0.0858580212409167	0.0643416275668931
2883	0.0204583566238122	0.035615714453826
2884	0.0136109558412521	0.037904706320762
2885	0.00441587479038569	0.0250213237273047
2886	0.0375349357182784	0.0799773911936995
2887	0.0902459474566797	0.0750027449492933
2888	0.0484628283957518	0.0622426539089644
2889	0.0481833426495249	0.0527393329606857
2890	0.0463107881498044	0.0798214025323839
2891	0.0250978200111794	0.0546106567424711
2892	0.067551704863052	0.0740362399850941
2893	0.0426495248742314	0.0361993248212762
2894	0.020290665176076	0.0590035074202207
2895	0.0441028507546115	0.0690705149037399
2896	0.0370877585243153	0.0371853015676381
2897	0.0800167691447736	0.0672430914617104
2898	0.0684460592509782	0.078847543436743
2899	0.0726103968697596	0.0739306758896963
2900	0.0474846282839575	0.0655805599747746
2901	0.0416992733370598	0.0538774765542513
2902	0.0534097261039687	0.0680082405948812
2903	0.0473728339854667	0.0497679270142937
2904	0.0219955282280604	0.018857824084305
2905	0.0702347680268306	0.0784315833225839
2906	0.0456400223588597	0.0680444055010852
2907	0.0404695360536613	0.0311376363786928
2908	0.0942146450531023	0.0513425874169306
2909	0.048351034097261	0.0760687668024169
2910	0.0387926215762996	0.0545574686436606
2911	0.0423700391280045	0.0211832017705308
2912	0.0582168809390721	0.0651512496286113
2913	0.0484907769703745	0.0667793770573256
2914	0.0560648406931247	0.0794097140830764
2915	0	0.0225701885835028
2916	0.0456400223588597	0.0304767023548466
2917	0.0855226383454444	0.0239956394213143
2918	0.111235326998323	0.0630250838457239
2919	0.0388205701509223	0.0363027871853045
2920	0.0305198434879821	0.0650302776225079
2921	0.0825880380100615	0.0713915181251682
2922	0.0454723309111235	0.0472885002706132
2923	0	0.0355178532106984
2924	0.0528507546115148	0.0629160000770995
2925	0.0327836780324204	0.0386017561021055
2926	0.0594466182224707	0.0616100267399876
2927	0.0671324762437116	0.0416513984638635
2928	0.0523197316936836	0.0534349037087998
2929	0	0.0224279926561144
2930	0.092230296254891	0.0705748090180734
2931	0.0846562325321409	0.0649247717533073
2932	0	0.0331211796101625
2933	0.06151481274455	0.0783780384632816
2934	0.0633314700950252	0.0248960696631923
2935	0.0744829513694802	0.062577849918543
2936	0.0709055338177753	0.057980922509989
2937	0.0491615427613192	0.0703195324306979
2938	0.0644494130799329	0.0420926414936746
2939	0.0475684740078256	0.0554842948623655
2940	0.0479038569032979	0.063103621044595
2941	0	0.0379358066627491
2942	0.0843487982112912	0.0668248725375612
2943	0.0463387367244271	0.0466567253096408
2944	0	0.0352718721690021
2945	0.0455841252096143	0.0571017465119083
2946	0.103884851872555	0.0846968928049582
2947	0.0407769703745109	0.0649802380286939
2948	0.0487143655673561	0.0535544686665425
2949	0.0928451648965903	0.07447796861855
2950	0.0755170486305199	0.0413189454980072
2951	0.101816657350475	0.0746082780333758
2952	0.127249860257127	0.0732135426371033
2953	0.0942984907769704	0.0767670652665762
2954	0.0168529904974846	0.0316937318093329
2955	0.0501117942984908	0.0485515016006911
2956	0	0.0407397405440656
2957	0.0378703186137507	0.0604626714914732
2958	0.129206260480715	0.0646573017768518
2959	0.053745108999441	0.0586382582929131
2960	0.0420905533817775	0.0477652951901834
2961	0.0467859139183902	0.0740178342120768
2962	0.0603968697596423	0.0622819023098509
2963	0.0630240357741755	0.0474804479415995
2964	0.124343208496367	0.075070772001739
2965	0.0643655673560649	0.0552169239368792
2966	0.0976523197316937	0.0304044590473853
2967	0.0468697596422582	0.0267996941183777
2968	0.0994969256567915	0.0623329788636064
2969	0.103549468977082	0.0708845324602731
2970	0.0640301844605925	0.0274168177018932
2971	0.0493012856344326	0.054898174026458
2972	0.0650363331470095	0.0677648075688881
2973	0.0218557853549469	0.0365530608864874
2974	0.0344046953605366	0.0392043972424073
2975	0.0261598658468418	0.020510280691371
2976	0.0565679150363332	0.0623175459718221
2977	0.0421743991056456	0.038960324385245
2978	0.0428451648965903	0.0547187341957465
2979	0.0453046394633874	0.0725675518949894
2980	0.0710732252655115	0.0716841166100529
2981	0.0827836780324203	0.0604782900612299
2982	0.0318613750698714	0.0322486735517758
2983	0.0752375628842929	0.0502354982148163
2984	0	0.0193313217260488
2985	0.0765790944661822	0.0701086933375922
2986	0.0474007825600894	0.062122623665385
2987	0.0742034656232532	0.0733774558516034
2988	0.047624371157071	0.0619165078136571
2989	0.0682224706539966	0.066685740343032
2990	0.0700950251537172	0.0696421563489846
2991	0.0470374510899944	0.0683958376236847
2992	0.0569312465064282	0.0732807615469018
2993	0.045248742314142	0.0572019465664659
2994	0.0535215204024595	0.0580602757592696
2995	0.0352711011738401	0.0259750326066704
2996	0.072582448295137	0.0743413107536454
2997	0.121352711011738	0.0766356409257471
2998	0.0449413079932923	0.055197584777343
2999	0.0633594186696479	0.0762258978832484
3000	0.0570150922302963	0.0483476349462934
3001	0.0554779206260481	0.0691106996459847
3002	0.0600335382895472	0.0499035774175517
3003	0.032811626607043	0.0473964769688638
3004	0.0601732811626607	0.0527537587249717
3005	0.0596702068194522	0.0766943508628808
3006	0.0694242593627725	0.0671675051239053
3007	0.0700950251537172	0.0608005824837854
3008	0	0.0304417760210102
3009	0.1657629960872	0.0736562151996915
3010	0.069927333705981	0.0695182425740147
3011	0.0996925656791504	0.072619896933502
3012	0.0548630519843488	0.0751305301948119
3013	0	0.0256329256129506
3014	0.0707937395192845	0.035840320476989
3015	0.0717719396310788	0.062018075929479
3016	0.0346562325321409	0.0263515697782746
3017	0.138680827277809	0.0683666270728526
3018	0.0407769703745109	0.0243948734328835
3019	0.0512856344326439	0.0663429622827331
3020	0.0601173840134153	0.0634433109744736
3021	0.0811067635550587	0.0622834650908994
3022	0.0521799888205702	0.067028473669055
3023	0.0718557853549469	0.0679892397987703
3024	0.0849636668529905	0.0713447825445625
3025	0.0504471771939631	0.0614742747218991
3026	0.0771380659586361	0.0655270194733582
3027	0.0477920626048072	0.0481372275013974
3028	0.120570150922303	0.0649297403887957
3029	0	0.0286158548730107
3030	0.0470095025153717	0.0687768973557123
3031	0.0572666294019005	0.0699383301392105
3032	0.0806875349357183	0.0769731427506721
3033	0.0996087199552823	0.0772447363517794
3034	0.0893236444941308	0.0500725761373267
3035	0	0.0335297287225739
3036	0.0595584125209614	0.0826948895513736
3037	0.112884292901062	0.0712720401478823
3038	0.0863610955841252	0.0786003220740504
3039	0.110955841252096	0.0800492640208683
3040	0.0399385131358301	0.0572991101778134
3041	0	0.0356501451962535
3042	0.0806875349357183	0.0592159465798617
3043	0.0477920626048072	0.0780154580612324
3044	0.0451648965902739	0.0469086368261885
3045	0.0739239798770263	0.0828718358220874
3046	0.0653437674678591	0.0304629430565708
3047	0	0.0436678400631727
3048	0.0396031302403577	0.0516641978759084
3049	0.0790106204583566	0.0771876467300168
3050	0.0569312465064282	0.0580066261412335
3051	0.0299608719955282	0.0361290720569647
3052	0	0.0352863447922489
3053	0.0841811067635551	0.0624566797093348
3054	0.0993292342090554	0.0891670104784973
3055	0.0449972051425377	0.0615804680072427
3056	0.0366126327557295	0.0565027534521665
3057	0.0535494689770822	0.0548409060661716
3058	0.0514253773057574	0.0486265203060851
3059	0.0467579653437675	0.0533441689513517
3060	0.0772219116825042	0.0595391435314577
3061	0.0399664617104528	0.0438696636572545
3062	0.0741475684740078	0.0749439795482195
3063	0.0634153158188932	0.0644848700613094
3064	0.0450251537171604	0.0510720983068573
3065	0.0472051425377306	0.0498469815539408
3066	0.0605925097820011	0.0731861939687541
3067	0.0370039128004472	0.0657861275091231
3068	0.084097261039687	0.0593568539769178
3069	0	0.0464461356915242
3070	0.0471492453884852	0.0657519466507208
3071	0.0144214645053102	0.0312249443480137
3072	0	0.021648008405275
3073	0.0576579094466182	0.0831146923894269
3074	0	0.0259323726695821
3075	0.0605925097820011	0.0540595970081716
3076	0.0304639463387367	0.0394232630478438
3077	0.0549189491335942	0.0616872610961488
3078	0.104639463387367	0.0796134686251371
3079	0.0366405813303522	0.0285300796534377
3080	0.0422023476802683	0.026309740078256
3081	0	0.041267188373393
3082	0.0610396869759642	0.0641235959168463
3083	0.015902738960313	0.0369146957098938
3084	0.00279485746226942	0.0305925944746515
3085	0.0690050307434321	0.0794542841172243
3086	0.0503074343208496	0.0410911377610651
3087	0.112660704304081	0.0752167222187718
3088	0.107015092230296	0.0777486825949654
3089	0.0479038569032979	0.0561564628490984
3090	0.0881777529346003	0.0848577679569592
3091	0.0882615986584684	0.0826085336314515
3092	0.0714365567356065	0.0651898488762659
3093	0.0708216880939072	0.0556473789376972
3094	0.060424818334265	0.0722007908956292
3095	0	0.0213128399300842
3096	0.0472889882615987	0.0562652009191976
3097	0.0895751816657351	0.0635319778274641
3098	0.108636109558413	0.0697117932633584
3099	0.107378423700391	0.0737219782267295
3100	0	0.0462080625815167
3101	0.0482112912241476	0.0611574332857173
3102	0.0837059809949693	0.0522853453918295
3103	0.0742034656232532	0.0410144168064095
3104	0.0947456679709335	0.0644630121317517
3105	0	0.0558136890191014
3106	0.0799049748462828	0.0539114149622814
3107	0.0342649524874231	0.039624332089171
3108	0.114812744550028	0.0714919286102225
3109	0.0683342649524874	0.0687627964545237
3110	0.0451928451648966	0.0568148646893756
3111	0.0678032420346562	0.0388332867523756
3112	0.00944661822247065	0.0424720891937214
3113	0.0376187814421465	0.0699316396042664
3114	0.0551984348798211	0.0585655394074902
3115	0.045248742314142	0.0624202897562794
3116	0.0449972051425377	0.0440062765132312
3117	0.0967859139183902	0.0636375328654535
3118	0.0584404695360537	0.0499744095863611
3119	0.0391280044717719	0.0653931065085856
3120	0.0445779765231973	0.0651374298876275
3121	0.0779206260480716	0.0843675370651335
3122	0.0482112912241476	0.0712654752292818
3123	0.0348798211291224	0.0456363462400355
3124	0	0.0578981547515789
3125	0.062520961430967	0.0331686363757353
3126	0.0514253773057574	0.0601338065092014
3127	0.0634712129681386	0.0385590604197368
3128	0.0427054220234768	0.0461842077244537
3129	0.0821408608160984	0.0714917085895286
3130	0	0.0238553465132927
3131	0.0277529346003354	0.0335163056074384
3132	0.0427892677473449	0.0547454076655816
3133	0.0854946897708217	0.0416381358300727
3134	0.0713806595863611	0.0843651315987186
3135	0.0965623253214086	0.0712297040112859
3136	0.0210732252655115	0.0570028463416787
3137	0.0532699832308552	0.0680016139672372
3138	0.0221632196757965	0.0306844916464816
3139	0.092593627724986	0.0761958884541333
3140	0.0636109558412521	0.0709109598698755
3141	0.0624371157070989	0.0756785643448313
3142	0.0690888764673002	0.0652833081248151
3143	0.0457518166573505	0.0848914537791005
3144	0.0242873113471213	0.0282313700685476
3145	0.0795416433761878	0.0717598635177939
3146	0.0393236444941308	0.0500799528866885
3147	0.0540804918949134	0.0303916526923794
3148	0.0580771380659586	0.0687094471662337
3149	0.0413079932923421	0.0559737894773617
3150	0.0962269424259363	0.0621718159798093
3151	0.0485746226942426	0.0686776331549948
3152	0.0485746226942426	0.0611971094398428
3153	0.0288708775852432	0.0949219698381241
3154	0.150782560089435	0.0775089435438792
3155	0.0695360536612633	0.0437249993345577
3156	0.0366964784795975	0.0467337432457611
3157	0.0735885969815539	0.0745481297745482
3158	0.00779765231973169	0.0313246692752003
3159	0.0674678591391839	0.0696184501997806
3160	0	0.0406055080873415
3161	0.0787590832867524	0.0448113060204518
3162	0.0914197875908329	0.0202022746614697
3163	0.0735047512576859	0.0516054494817256
3164	0.0402459474566797	0.0531948242261266
3165	0.0486864169927334	0.0732075435743686
3166	0	0.0320886146067812
3167	0.0374231414197876	0.0343277436184088
3168	0.0487423141419788	0.0591621250232905
3169	0.0460313024035774	0.0778442915036333
3170	0	0.0388340362823314
3171	0	0.0274620714551891
3172	0	0.0349293594360021
3173	0.0168529904974846	0.0232319550545515
3174	0.0353828954723309	0.0422367494217145
3175	0.0684740078256009	0.0715147075617423
3176	0.0414477361654556	0.061721835988448
3177	0.0449972051425377	0.0499011577955821
3178	0.0902738960313024	0.0957200851443445
3179	0.0460871995528228	0.04614250591919
3180	0.0568194522079374	0.0575363597646996
3181	0.096618222470654	0.0703533311207378
3182	0.0377305757406372	0.0542317388530357
3183	0.0597540525433203	0.0682190723614005
3184	0.0397149245388485	0.0241344093534563
3185	0.0476802683063164	0.0691937789013669
3186	0.0923141419787591	0.0660980684429539
3187	0.04387926215763	0.0426179291097289
3188	0.0755170486305199	0.101807190455836
3189	0.0673560648406931	0.074027869112989
3190	0.0375349357182784	0.0451410169993095
3191	0.0736444941307993	0.0356397823963503
3192	0.0442705422023477	0.0664778660922439
3193	0.0800167691447736	0.0692682886911506
3194	0.0779485746226942	0.0636353690406234
3195	0.0483789826718837	0.0693978376084301
3196	0.0634432643935159	0.0535199948760947
3197	0.0278926774734489	0.0440173806691414
3198	0	0.0168610351547747
3199	0.0360536612632756	0.0549968663719362
3200	0.102403577417552	0.0670822317566308
3201	0.0622135271101174	0.0340836689551055
3202	0.00676355505869201	0.0226035927227235
3203	0.018278367803242	0.0390427263834544
3204	0.0759921743991056	0.0489910988024459
3205	0.0807993292342091	0.067228699193484
3206	0.0437954164337619	0.0481325831059087
3207	0.0282280603689212	0.0308186162685883
3208	0.0688932364449413	0.0804469933217616
3209	0.0978759083286752	0.0674056245280613
3210	0.119787590832868	0.076513037632378
3211	0.0561486864169927	0.0618729444798315
3212	0.07157629960872	0.0780041965208259
3213	0.0431525992174399	0.0723747540298209
3214	0.0788988261598658	0.0616177425456352
3215	0.0357462269424259	0.0694950501603366
3216	0.0650083845723868	0.0568836080350893
3217	0.0941307993292342	0.0781104036864852
3218	0.0541084404695361	0.0652108705839841
3219	0.0404136389044159	0.052845492222239
3220	0.07230296254891	0.0551524841350738
3221	0.0463107881498044	0.0611666356126949
3222	0.0662381218557854	0.0505559326394989
3223	0.0951928451648966	0.0834501657301443
3224	0.0522917831190609	0.0412875995667971
3225	0.046981553940749	0.0496962379918624
3226	0.0453605366126328	0.0490642528093136
3227	0.0560089435438793	0.0169126400016562
3228	0.0947177193963108	0.0680969090946732
3229	0.0797652319731694	0.0823871718314724
3230	0.0322526551145892	0.0187793323030722
3231	0.0532420346562325	0.0569499811403927
3232	0.0481274455002795	0.0806220392860974
3233	0.0430687534935718	0.0786092055264778
3234	0.0886808272778088	0.0617639785219439
3235	0.0440190050307434	0.0296506428172163
3236	0.0448295136948016	0.0357143701118398
3237	0.0745108999441029	0.0611277123965777
3238	0.0446897708216881	0.0740129620956899
3239	0.048351034097261	0.0567452580585057
3240	0.0623532699832309	0.0387706262752957
3241	0.0391839016210173	0.0332699033777849
3242	0	0.019289294365035
3243	0.0369480156512018	0.066590928940749
3244	0.0512576858580212	0.0631418174299127
3245	0	0.0294551634188495
3246	0	0.0234213223108078
3247	0.0602291783119061	0.0498995110258386
3248	0.0569032979318055	0.0302657298071548
3249	0.0887087758524315	0.088030685949201
3250	0.0210452766908888	0.0429355092321186
3251	0.0352152040245947	0.0342761060389624
3252	0.0710173281162661	0.0538946775433203
3253	0.0603968697596423	0.0304330356929574
3254	0.0619619899385131	0.0736279649485351
3255	0.0337059809949693	0.0516760787601793
3256	0	0.0378428125582262
3257	0.0598658468418111	0.0517089000683187
3258	0.0636668529904975	0.0661899726725048
3259	0.0461710452766909	0.0467438399830798
3260	0.0742034656232532	0.0745143582273264
3261	0.042873113471213	0.0557100992996416
3262	0.052012297372834	0.0329726049167571
3263	0.0421185019564002	0.051427371926254
3264	0.0483230855226383	0.0642960840941557
3265	0.0468138624930129	0.0602836925889696
3266	0.0490776970374511	0.0840038732772103
3267	0.0655673560648407	0.0777271819851473
3268	0.0442705422023477	0.0621797926902219
3269	0.0578256008943544	0.0542434786659214
3270	0.110732252655115	0.0751055434344891
3271	0.0561766349916154	0.0594596854069214
3272	0.0700111794298491	0.0480419694428918
3273	0.0461151481274455	0.0321366038341304
3274	0.115315818893236	0.0561178394716684
3275	0.0669927333705981	0.0830135109956239
3276	0.0941307993292342	0.0590560431868425
3277	0.0406092789267747	0.0321536568791854
3278	0.0450251537171604	0.04447796861855
3279	0.0133594186696479	0.0267645681945221
3280	0.0205142537730576	0.0494091265234362
3281	0.0473448854108441	0.0586397089960533
3282	0.0892397987702627	0.0629107007209299
3283	0.0465064281721632	0.0685820005168984
3284	0.0557015092230296	0.0618348125627707
3285	0.088121855785355	0.0545422143685726
3286	0.078703186137507	0.0797291033279254
3287	0.0465343767467859	0.0640428063975189
3288	0.0622135271101174	0.0655675197276651
3289	0.0733650083845724	0.0564160850018871
3290	0	0.015209416693486
3291	0.0892397987702627	0.0823463360749554
3292	0.0459474566797093	0.0213585506732653
3293	0.033733929569592	0.0399615590646544
3294	0.117747344885411	0.0749962050219753
3295	0.109586361095584	0.0249226274230129
3296	0.0433202906651761	0.0308952083721508
3297	0.0964784795975405	0.0681122576564385
3298	0.0834264952487423	0.0797832432768151
3299	0.0424259362772499	0.049158534962336
3300	0.0587479038569033	0.0823341417383412
3301	0.0451369480156512	0.0392451999432156
3302	0.0457518166573505	0.063170902125455
3303	0	0.0252129448481461
3304	0.158692006707658	0.0849782980512438
3305	0.0869759642258245	0.0683809595222839
3306	0.0861654555617663	0.068911145597364
3307	0.0802403577417552	0.0530396057070593
3308	0.090860816098379	0.0845370740060511
3309	0.0988261598658468	0.0496538241975191
3310	0.0855785354946898	0.0763000137717614
3311	0.032448295136948	0.0318312954164338
3312	0.0884292901062046	0.0700198886573957
3313	0.0554220234768027	0.077687481700338
3314	0.0655673560648407	0.072337578854907
3315	0.0852990497484628	0.024142358761633
3316	0.0559809949692566	0.052075341021643
3317	0.0671604248183343	0.0570514978365733
3318	0.034823923979877	0.0328225893812749
3319	0.0569871436556736	0.0692154691777386
3320	0.0655114589155953	0.0675429343341585
3321	0.117048630519844	0.0645734695008032
3322	0	0.0394144295863133
3323	0.0557853549468977	0.0894123564414527
3324	0.0600335382895472	0.0872814875330247
3325	0.0444382336500838	0.0479979743255316
3326	0.0645053102291783	0.0333289133180134
3327	0.0221632196757965	0.0347745966865412
3328	0.0460592509782001	0.0467381218557854
3329	0.0446338736724427	0.0329180200323297
3330	0.0612353269983231	0.0782677089840967
3331	0.0659306875349357	0.0615023161979659
3332	0.0554220234768027	0.0740837980067895
3333	0.0259083286752376	0.0227052589901248
3334	0.0416433761878144	0.0344268730720659
3335	0	0.0174112279869686
3336	0	0.0656023849450345
3337	0.03381777529346	0.0384305457668036
3338	0.0578535494689771	0.0673588726373103
3339	0.023309111235327	0.0335951626784494
3340	0.0900503074343209	0.0719136842264288
3341	0.0480435997764114	0.0693433637662257
3342	0.0630519843487982	0.0471155473927973
3343	0.0917272219116825	0.0535333253480263
3344	0.0399105645612074	0.0446759281762137
3345	0.0867523756288429	0.0302719419033207
3346	0.0763555058692007	0.0697608341827508
3347	0.0392677473448854	0.0370390157324199
3348	0.12261039686976	0.0877025606217893
3349	0.0619060927892677	0.0717096764176138
3350	0.0468418110676356	0.0460487702627166
3351	0.0480715483510341	0.0559450461151481
3352	0	0.0336245631270785
3353	0.0552822806036892	0.0526852291783119
3354	0.186025712688653	0.0591112353269983
3355	0.057769703745109	0.0820649734984083
3356	0.0573504751257686	0.0655787582731831
3357	0.051648965902739	0.0564202825135085
3358	0.0666014533258804	0.0765189169046072
3359	0	0.0175736658437364
3360	0.0451369480156512	0.0554162873645825
3361	0.144326439351593	0.0612079805677878
3362	0.0451928451648966	0.0567126653623999
3363	0.0852990497484628	0.0706488159347776
3364	0.0439072107322527	0.0663035237385433
3365	0.0638624930128564	0.0551833696174478
3366	0.0430967020681945	0.024685605936058
3367	0.0491894913359419	0.0733627828499265
3368	0.0880380100614869	0.071863652361137
3369	0.0487143655673561	0.035233931958359
3370	0.0398267188373393	0.0598509286771989
3371	0	0.0323529439165269
3372	0.0798490776970375	0.065803962813686
3373	0.0351313583007267	0.0558159620444723
3374	0.106288429290106	0.0850607881498044
3375	0.0482112912241476	0.0717147615054965
3376	0.0447456679709335	0.070743934668981
3377	0.0515651201788709	0.0399565975076448
3378	0.033454443823365	0.0460847255864025
3379	0.00626048071548351	0.0554616039820064
3380	0	0.0207557032560089
3381	0.0833426495248742	0.0822194456318022
3382	0.0173560648406931	0.0431953206100775
3383	0.0489100055897149	0.0588273810423056
3384	0.0706539966461711	0.0735704167077675
3385	0.0632196757965344	0.075365255999137
3386	0.0357182783678032	0.0268170546586438
3387	0.0657070989379542	0.0632258755001908
3388	0.0593348239239799	0.0817248462828396
3389	0.0915315818893236	0.0665978665921372
3390	0.0529904974846283	0.0741691703931433
3391	0.0535774175517049	0.0523320867381795
3392	0.0473728339854667	0.074942627787094
3393	0.0537171604248183	0.0854525519198521
3394	0.0837898267188373	0.0730177318178995
3395	0.0930967020681945	0.0646738829382765
3396	0.0355226383454444	0.0304688810089435
3397	0.0750698714365567	0.0685703482063591
3398	0.0799888205701509	0.0406133469970809
3399	0	0.028725424788282
3400	0.0486864169927334	0.0777217818204403
3401	0.0290385690329793	0.075477667757992
3402	0.0680268306316378	0.0298282043922066
3403	0.0727221911682504	0.0784260012082818
3404	0.0551425377305757	0.0682949219589801
3405	0.0550866405813304	0.0280580124727364
3406	0	0.0305030265678673
3407	0	0.0275814634406026
3408	0.0457238680827278	0.0333739985094094
3409	0.0655953046394634	0.0460251304266816
3410	0.0620737842370039	0.0733020418899812
3411	0.0709055338177753	0.0511456702999814
3412	0.08381777529346	0.067489298969176
3413	0.119703745108999	0.0711228069035146
3414	0.0577976523197317	0.0556520879630261
3415	0	0.0335058752764479
3416	0.0473728339854667	0.062156951209774
3417	0.0359977641140302	0.0667179468209866
3418	0.0131078814980436	0.0367125864752941
3419	0.047624371157071	0.0583729417039314
3420	0	0.026262764318532
3421	0.051006148686417	0.0326964735763388
3422	0	0.0203063585225408
3423	0.049357182783678	0.0386923629149815
3424	0.104332029066518	0.0582691847001517
3425	0.0626048071548351	0.0645045458237186
3426	0.099636668529905	0.085604038569033
3427	0.0696478479597541	0.0724729946897708
3428	0.0490217998882057	0.0531386899268137
3429	0.0619619899385131	0.0416004022683732
3430	0.079709334823924	0.0709925366954434
3431	0.0472889882615987	0.0630708496366685
3432	0.0487982112912242	0.0616609255636296
3433	0.0465064281721632	0.0499606188381494
3434	0.0836221352711012	0.0673519424259363
3435	0.0478759083286752	0.0544023285443073
3436	0.0575181665735048	0.0808565163176678
3437	0.0410564561207378	0.0304498016332874
3438	0	0.0414551095902239
3439	0.0483789826718837	0.0455698668920731
3440	0.0670486305198435	0.0738270681945221
3441	0.060145332588038	0.0227691470458584
3442	0.0506148686416993	0.0575750960574885
3443	0.072582448295137	0.0610676355505869
3444	0.0425097820011179	0.0473969541876281
3445	0	0.0206974363751893
3446	0	0.0395969521343885
3447	0.0151201788708776	0.0210201788708776
3448	0.0495807713806596	0.0832916101040752
3449	0.0397987702627166	0.0347265838937164
3450	0.0738960313024036	0.0565586411911174
3451	0.12115707098938	0.0716046888140236
3452	0.0509502515371716	0.0565710958503021
3453	0.0210732252655115	0.0268512108660236
3454	0.138149804359978	0.0932805654689389
3455	0	0.0456184398484566
3456	0.00754611514812745	0.0217469855465943
3457	0.0743991056456121	0.0653522202075011
3458	0.0591671324762437	0.0557512343953792
3459	0.125768585802124	0.0650049686354885
3460	0.0866405813303522	0.0557321668480872
3461	0.0450251537171604	0.0645984871707027
3462	0.0427054220234768	0.0530228606636516
3463	0.0603130240357742	0.0521295342884881
3464	0.0654835103409726	0.0462775679741146
3465	0.0431525992174399	0.0679481786845537
3466	0.13278367803242	0.0792669745244508
3467	0.0727780883174958	0.0423934767046179
3468	0.0469256567915036	0.0515419522814863
3469	0	0.0195625597288087
3470	0.10103409726104	0.0798903653640937
3471	0.0750978200111794	0.077427799515558
3472	0.0451369480156512	0.0747093593402175
3473	0.0483789826718837	0.0654898142972486
3474	0	0.0345217274289382
3475	0.143348239239799	0.0816077935117902
3476	0.0460592509782001	0.0530129228885518
3477	0.0474846282839575	0.0665902583690454
3478	0.0471492453884852	0.0807509626731259
3479	0.0598099496925657	0.0603833971134139
3480	0.0650922302962549	0.0665321193619125
3481	0.042873113471213	0.0596514968014409
3482	0.0482392397987703	0.0670244819707177
3483	0.0396590273896031	0.0682272174754008
3484	0.0348798211291224	0.0227598570482165
3485	0.057126886528787	0.07627523135209
3486	0.0980715483510341	0.0673729620831004
3487	0.109977641140302	0.0897860769517421
3488	0	0.037055470565738
3489	0.109614309670207	0.0859900245087501
3490	0.0586920067076579	0.0749984775979677
3491	0.00676355505869201	0.0533602954876752
3492	0.0674399105645612	0.0597925636648387
3493	0.0515092230296255	0.0259030805540029
3494	0.0878982671883734	0.070210126700205
3495	0.108636109558413	0.081027433596257
3496	0.0810229178311906	0.0672625835130027
3497	0.0437115707098938	0.0302797562163039
3498	0.047261039686976	0.0652810468377824
3499	0.079429849077697	0.0576911746753789
3500	0.0679988820570151	0.0753966726863597
3501	0.0491894913359419	0.0749546417924352
3502	0.0785634432643935	0.0450698588471087
3503	0.0574902179988821	0.0639984964701985
3504	0.0979038569032979	0.084276816372161
3505	0.0665176076020123	0.0893585155166346
3506	0	0.0394730895152919
3507	0.0490217998882057	0.0519537697695065
3508	0.0916154276131917	0.0599438346573618
3509	0.0377026271660145	0.0459637600149059
3510	0.0293739519284516	0.0616058614750485
3511	0.0388764673001677	0.0742170258576072
3512	0.112129681386249	0.0692248795549522
3513	0.0453046394633874	0.046112236817589
3514	0.0443543879262158	0.0716936425212903
3515	0.0763834544438234	0.0756574339996017
3516	0.0307713806595864	0.0401307178125582
3517	0.0326439351593069	0.0723486954943076
3518	0.0484628283957518	0.0739648805457218
3519	0.0400782560089436	0.0513005553652248
3520	0.0472889882615987	0.0526009098813738
3521	0.0765511458915595	0.081481032924111
3522	0.0453046394633874	0.0606007779019937
3523	0.0472889882615987	0.0782441993007376
3524	0.0713806595863611	0.063975143393813
3525	0.106791503633315	0.0857233532405637
3526	0.0487982112912242	0.0705132057015092
3527	0.0797931805477921	0.0578618055421702
3528	0.0680268306316378	0.0312906933413063
3529	0	0.0871350252572304
3530	0.0424259362772499	0.0811975653686107
3531	0.0503074343208496	0.0704877477055122
3532	0.0797931805477921	0.0438371461551396
3533	0	0.0168557430086217
3534	0.13060368921185	0.0318738454576912
3535	0.0211570709893795	0.0461726120907228
3536	0.0448015651201789	0.0555529159679523
3537	0.0704863051984349	0.0600918619817056
3538	0.0294857462269424	0.0259924538848519
3539	0.0908049189491336	0.0722956328982124
3540	0.0517607602012297	0.0320796933642098
3541	0.0465902738960313	0.0460272449569984
3542	0.059782001117943	0.0244092653301709
3543	0.0488261598658468	0.0449906718646238
3544	0.0556456120737842	0.0239778407729777
3545	0.0283957518166574	0.0613720522354809
3546	0.0474566797093348	0.0396123299795044
3547	0.0368921185019564	0.0507000706934535
3548	0.0438233650083846	0.0428035401527855
3549	0.0700950251537172	0.0542127698709588
3550	0.071296813862493	0.0602515013400983
3551	0.0889044158747904	0.0683501589398739
3552	0.110816098378983	0.0688680439103162
3553	0.0410844046953605	0.0443698829447933
3554	0.0458077138065959	0.0723880239221621
3555	0.0491335941866965	0.0674140381697676
3556	0.108915595304639	0.0842413417644867
3557	0	0.0296254440217097
3558	0.0392397987702627	0.0524919579346551
3559	0	0.0293645401862283
3560	0.0484348798211291	0.0756915635590873
3561	0.0212129681386249	0.0158845472079122
3562	0.0353828954723309	0.0388032396458892
3563	0.0441028507546115	0.0514278855111723
3564	0.077054220234768	0.0851262990911538
3565	0.0488820570150922	0.0536445511687067
3566	0.0460033538289547	0.0726190680941939
3567	0	0.0265416873693145
3568	0.102515371716042	0.0645230376107961
3569	0.0416154276131917	0.0508515979720122
3570	0.0470653996646171	0.0695671158051641
3571	0.0414477361654556	0.0288278754084355
3572	0.0483230855226383	0.0536479697868742
3573	0.04460592509782	0.0874361703876632
3574	0.0860257126886529	0.0854640661183423
3575	0	0.0419916632675157
3576	0.0167411961989939	0.0293553079001304
3577	0.0360536612632756	0.0544616522265698
3578	0.0470933482392398	0.0503426262343954
3579	0.0960033538289547	0.0680763052548967
3580	0.068278367803242	0.0594929125281277
3581	0.057126886528787	0.0642629817545972
3582	0.0290385690329793	0.0253042839771312
3583	0.0362772498602571	0.0244327052258931
3584	0.0427613191727222	0.0536701418884203
3585	0	0.0245499146435424
3586	0.0435438792621576	0.052148250822091
3587	0.0807993292342091	0.0610259067759767
3588	0.0972330911123533	0.0699986148294156
3589	0.0214645053102292	0.0239841398896737
3590	0.0455561766349916	0.0531808505682877
3591	0.0809670206819452	0.0633702050726663
3592	0	0.0320133017747345
3593	0.0478479597540525	0.0525171781483047
3594	0.0471771939631079	0.0640161713558164
3595	0.0742593627724986	0.0709417796254891
3596	0.0452766908887647	0.0342536297315504
3597	0.0433482392397988	0.0534460960254185
3598	0.0813024035774176	0.0577970228473303
3599	0.0815259921743991	0.0602454683382576
3600	0.0596981553940749	0.0498686311126921
3601	0.0508664058133035	0.0533842672012233
3602	0.0816098378982672	0.0529883186978969
3603	0.0765790944661822	0.0678614443441163
3604	0.0703745108999441	0.0268829420532886
3605	0.029346003353829	0.0304504946670484
3606	0.0857741755170486	0.0668462730330578
3607	0.0618222470653997	0.0472648713464001
3608	0.0464225824482951	0.0489742992551824
3609	0.0616825041922862	0.0768389564909967
3610	0.0547233091112353	0.0677321642707333
3611	0.0451089994410285	0.0527275590690907
3612	0	0.0230588429932602
3613	0.0740078256008944	0.0595839979640713
3614	0.0393236444941308	0.0734339925647919
3615	0.0486025712688653	0.0575505346585048
3616	0.0710173281162661	0.0719521497111981
3617	0.049357182783678	0.0454374581400853
3618	0.0399105645612074	0.0413979877026272
3619	0.0207657909446618	0.0116180965761737
3620	0.0512297372833985	0.0532719452772555
3621	0	0.0348258557195936
3622	0	0.0413158538289547
3623	0.0559809949692566	0.0515740083291788
3624	0.103046394633874	0.0780483859698155
3625	0.0472889882615987	0.0471400689398174
3626	0.0711011738401342	0.0236074074682975
3627	0.100195640022359	0.0655731495714552
3628	0.0711291224147568	0.0527947280707202
3629	0.0643096702068195	0.0733783948645603
3630	0.0848518725544997	0.0695071202321063
3631	0.0459195081050866	0.0778667511940631
3632	0	0.0292059628801524
3633	0.0559530463946339	0.0325436929383268
3634	0.0897708216880939	0.0730298309933252
3635	0.0100614868641699	0.0255287221008294
3636	0.0387646730016769	0.046743932830259
3637	0.0622694242593628	0.0799087179589555
3638	0.0471492453884852	0.0513241103037078
3639	0.0475964225824483	0.0555996239646323
3640	0.0668809390721073	0.0476853272149787
3641	0.0437115707098938	0.0536318291460829
3642	0.0735606484069313	0.0591581490058293
3643	0.080435997764114	0.062535212686135
3644	0.0662381218557854	0.0362466995687285
3645	0.0430967020681945	0.0556971150860195
3646	0.0722470653996646	0.0693509223029625
3647	0.00983789826718837	0.0534894377678405
3648	0.037842370039128	0.0341632596023317
3649	0.0512017887087759	0.047941874131086
3650	0.0372275013974287	0.0583268574440915
3651	0.0443543879262158	0.0763600413835035
3652	0.0570709893795416	0.058317756661077
3653	0.0483230855226383	0.0612740409498375
3654	0.0580212409167133	0.0591105650156557
3655	0.096254891000559	0.0548974054406559
3656	0.104555617663499	0.0832943502473967
3657	0.0437395192845165	0.0472834251643642
3658	0.0809111235326998	0.0444542025578918
3659	0.0968697596422582	0.0672414357582049
3660	0.0779485746226942	0.0793295948358247
3661	0	0.027452982345817
3662	0.129401900503074	0.0731395817281787
3663	0.0494410285075461	0.0884455695537305
3664	0.101537171604248	0.0681701046418676
3665	0.0680827277808832	0.0716894913359419
3666	0.0723868082727781	0.0315087024189217
3667	0.0466461710452767	0.0748868243351773
3668	0.0789547233091112	0.0750195998337418
3669	0.057126886528787	0.055350952227699
3670	0.0379262157629961	0.0311139749773996
3671	0	0.0261438143006058
3672	0.0901341531581889	0.0576245918037128
3673	0.0586361095584125	0.0559186038864959
3674	0.0400223588596982	0.0389750296953605
3675	0.0471212968138625	0.0767655945492726
3676	0.0724147568474008	0.0775029854159256
3677	0.0771380659586361	0.0665784916537884
3678	0.0441587479038569	0.0418306657214141
3679	0.047261039686976	0.0605273322727208
3680	0.0560927892677473	0.0452318617801217
3681	0	0.0268612743542872
3682	0.0936836221352711	0.0755791824524357
3683	0.0474287311347121	0.0752297106657084
3684	0.048630519843488	0.0500495229129279
3685	0.0500838457238681	0.0310121674364783
3686	0.0634991615427613	0.0789309915369755
3687	0.0796534376746786	0.0683502522026138
3688	0.071660145332588	0.0625236574803372
3689	0	0.0264900173424489
3690	0.037199552822806	0.0343351067369374
3691	0.0667691447736166	0.0395025881544624
3692	0.0919787590832867	0.0854785134746007
3693	0.0387646730016769	0.0483474370121939
3694	0.0882336500838457	0.0623711038356092
3695	0	0.0388207662812705
3696	0	0.0336039104713993
3697	0.0502235885969816	0.0615207491084621
3698	0.0287590832867524	0.0524186794543654
3699	0.0362772498602571	0.0541550369542264
3700	0.0678870877585243	0.0514468511272592
3701	0.0463666852990498	0.0506184916050763
3702	0.0276131917272219	0.0300725840923289
3703	0.0314700950251537	0.0308516589637668
3704	0	0.0404186998625232
3705	0.0396031302403577	0.0498982438978945
3706	0.0484069312465064	0.0722489286379728
3707	0.0305477920626048	0.037388996166246
3708	0.0430687534935718	0.0442474921413417
3709	0	0.0367502406682815
3710	0.114840693124651	0.0949016675982858
3711	0.00276690888764673	0.0539179376613697
3712	0.0462828395751817	0.0706454317603996
3713	0.0913638904415875	0.052843376788859
3714	0.0801565120178871	0.071873864589156
3715	0.0566797093348239	0.0652488820570151
3716	0.0476802683063164	0.0799878889509968
3717	0.0289547233091112	0.0299806929961515
3718	0.0413638904415875	0.0518677493061889
3719	0.0711850195640022	0.0530538953624476
3720	0.0808552263834544	0.0760775340040991
3721	0.0948574622694243	0.0672780106825663
3722	0.065902738960313	0.0807392821450955
3723	0.0870598099496926	0.0755672664860759
3724	0.0934320849636669	0.0556486010185703
3725	0.0650922302962549	0.0511238383873673
3726	0.076327557294578	0.0714194824052479
3727	0.023309111235327	0.0185104512959313
3728	0.132029066517608	0.0640303994496281
3729	0.0124091671324762	0.0585404936218172
3730	0.123784237003913	0.068281542663254
3731	0.0572386808272778	0.0739556388658661
3732	0.047987702627166	0.0617402645798398
3733	0.0799329234209055	0.0698775812788158
3734	0	0.0170690213340786
3735	0.00933482392397988	0.0253913237143656
3736	0.0474846282839575	0.0432867664910706
3737	0.047261039686976	0.0482531675051239
3738	0.0833147009502515	0.0287481804313397
3739	0.0467300167691448	0.0290005796741403
3740	0.0378982671883734	0.0341369014346935
3741	0	0.0526267623128998
3742	0.0456959195081051	0.0513916345144447
3743	0.0809949692565679	0.039024594745668
3744	0.0667411961989939	0.04602209581429
3745	0.087479038569033	0.0783430742336063
3746	0.0556176634991615	0.0227891949645985
3747	0.0488541084404695	0.0739243908854766
3748	0.0896310788149804	0.0614181709575949
3749	0.00751816657350475	0.0209679844258977
3750	0.0433202906651761	0.0368343710535578
3751	0.0453325880380101	0.0514668229969052
3752	0.0422861934041364	0.0304544648599266
3753	0.0414756847400783	0.0648860973002658
3754	0.0285634432643935	0.0266962688652879
3755	0.0474287311347121	0.0808548825716238
3756	0.135662381218558	0.0682880433335995
3757	0.0417272219116825	0.0498443337942397
3758	0.0858021240916713	0.0723587251309443
3759	0.0401341531581889	0.0626960437239923
3760	0.0491335941866965	0.0810944927999148
3761	0.0596702068194522	0.0529387739891932
3762	0.0440469536053661	0.0567115299515558
3763	0.0467859139183902	0.0616147754797839
3764	0.0460592509782001	0.0323160279394857
3765	0.0696478479597541	0.0655530582986564
3766	0.0110676355505869	0.0689035536315307
3767	0.0254332029066518	0.0480545183528973
3768	0.0461710452766909	0.0637359018271629
3769	0.0448574622694243	0.0514740229329385
3770	0.0436836221352711	0.0565792855675472
3771	0.0286752375628843	0.0385021947214025
3772	0.0477082168809391	0.0490132804762045
3773	0.0524874231414198	0.0590571496594414
3774	0.0447456679709335	0.0565153850248875
3775	0.0427054220234768	0.0537327583912268
3776	0.072666294019005	0.0717918792861994
3777	0.0247065399664617	0.0400805445516482
3778	0.0957797652319732	0.0647064671837153
3779	0.048351034097261	0.0718977664430781
3780	0.109614309670207	0.0832288367182163
3781	0.0135550586920067	0.0393038338868247
3782	0.0600335382895472	0.0476625110806218
3783	0.0620737842370039	0.0687551239053475
3784	0.111347121296814	0.0678374058399212
3785	0.036472889882616	0.0350181413946087
3786	0.0429010620458357	0.0307158619806223
3787	0.0918949133594187	0.0751709861984031
3788	0.018921185019564	0.0484770492881334
3789	0.0629681386249301	0.0696951465159962
3790	0.0193963107881498	0.024455273614379
3791	0.10435997764114	0.0911540357140711
3792	0.0827557294577976	0.0668671976895845
3793	0.0673281162660704	0.0767540800684317
3794	0.0890721073225265	0.0611220784650552
3795	0.10497484628284	0.05798376653624
3796	0	0.0266153111607975
3797	0.0829513694801565	0.0661465126389665
3798	0.0630240357741755	0.067922050877366
3799	0.0578535494689771	0.081723860529059
3800	0.0771101173840134	0.0804799036439618
3801	0.103437674678591	0.0880775019796907
3802	0.0475125768585802	0.0786340877466313
3803	0.0968418110676356	0.0957581538341544
3804	0.0453884851872555	0.0644007885705356
3805	0.0879262157629961	0.0517687402547733
3806	0.0863331470095025	0.0670963697067666
3807	0.0717439910564561	0.0782581309649504
3808	0.0392677473448854	0.0454673622756351
3809	0.057406372275014	0.0815252546425688
3810	0.0467020681945221	0.0522724287311347
3811	0.0326159865846842	0.0375167425270835
3812	0.0420346562325321	0.046561246006535
3813	0.0432643935159307	0.0660118315632569
3814	0.0752375628842929	0.0578394005030743
3815	0.0744270542202348	0.062638241931143
3816	0.0806036892118502	0.0758420506268466
3817	0.048351034097261	0.0490514504593599
3818	0.0714086081609838	0.0472602390767654
3819	0	0.025404304797122
3820	0.0146450531022918	0.0332776753836005
3821	0.0491056456120738	0.0580463840472924
3822	0.0591950810508664	0.066377988944786
3823	0	0.027334518161796
3824	0.09460592509782	0.0820549504227537
3825	0.0254332029066518	0.0274268066056701
3826	0	0.0557626467300168
3827	0.0474007825600894	0.058923226361534
3828	0.0471212968138625	0.028122787404509
3829	0.0986584684181107	0.0643174608719955
3830	0.0543599776411403	0.0750161403018446
3831	0.0168529904974846	0.0356113213226126
3832	0.107098937954164	0.0699684096414113
3833	0.0446897708216881	0.0553768238854301
3834	0	0.0283421837152972
3835	0.076048071548351	0.0534138224881904
3836	0.0397149245388485	0.0546692752002981
3837	0.0455841252096143	0.0619456592027532
3838	0	0.0293683449613206
3839	0.0419228619340414	0.0684158522056789
3840	0.0513135830072666	0.049912487264568
3841	0.0445779765231973	0.0521226225795818
3842	0.0707937395192845	0.0529214343646905
3843	0.0261319172722191	0.0676537383335874
3844	0.101593068753494	0.0694841980951128
3845	0.0605366126327557	0.072699313263595
3846	0.0229178311906093	0.0406914211184753
3847	0.0733370598099497	0.0700654462455748
3848	0.0615986584684181	0.0406731098649453
3849	0.046254891000559	0.0578584870504938
3850	0.0565679150363332	0.0737529141501588
3851	0.0677473448854109	0.0599747298304453
3852	0.0863051984348798	0.0661496978892172
3853	0.0174399105645612	0.0538213606156591
3854	0.0201509223029626	0.025237165241971
3855	0.0157629960871996	0.0461921739213522
3856	0.0441866964784796	0.0640297332075648
3857	0.0459195081050866	0.0403371402679676
3858	0.0466461710452767	0.064333064198911
3859	0.0706819452207937	0.0533412520961431
3860	0.0403297931805478	0.0469393649019138
3861	0.0568474007825601	0.0651075184054502
3862	0	0.0242120668512573
3863	0.0476523197316937	0.0504903838725363
3864	0	0.0260235106797432
3865	0.0654835103409726	0.0524335833178064
3866	0.0377305757406372	0.03427333705981
3867	0.100866405813304	0.0441508985169416
3868	0.081442146450531	0.0693237951972293
3869	0	0.0300953578748436
3870	0.0482392397987703	0.0686901575847915
3871	0.0410005589714925	0.036172859482412
3872	0.0168529904974846	0.0530296855935616
3873	0	0.0464556435670561
3874	0.0466741196198994	0.062625700418547
3875	0.0451648965902739	0.0413620957046877
3876	0.0488261598658468	0.0514181572573132
3877	0.0353828954723309	0.059194522079374
3878	0.0321967579653438	0.0433761330132948
3879	0.0449972051425377	0.0322841102001946
3880	0.0779485746226942	0.0947912337026367
3881	0.0614589155953046	0.068740319894727
3882	0.0458356623812186	0.0652184372910707
3883	0.104471771939631	0.100860117384013
3884	0.0459474566797093	0.0704189683139885
3885	0.0484907769703745	0.0724957963525974
3886	0.0192565679150363	0.0471583824224965
3887	0.0479318054779206	0.0556177683063164
3888	0.0653717160424818	0.0511565628334773
3889	0	0.0347058479065187
3890	0.0554499720514254	0.036962718512467
3891	0.111403018446059	0.0707364108576804
3892	0.0472330911123533	0.0720691946426419
3893	0	0.0243097266685864
3894	0.0886249301285634	0.078820466637683
3895	0.0681945220793739	0.0782915036333147
3896	0.0876467300167692	0.0299831289593814
3897	0.0776411403018446	0.07198836947035
3898	0.0488261598658468	0.0522968692560643
3899	0.0399385131358301	0.0483128717955709
3900	0.0163778647288988	0.0235797000186324
3901	0.0594745667970934	0.0683337880522062
3902	0.0781442146450531	0.0682198213620272
3903	0.0569032979318055	0.054776093289161
3904	0.0731973169368362	0.0555919774281988
3905	0.0741475684740078	0.0663920366323944
3906	0.0652599217439911	0.0547126962065475
3907	0.0550586920067077	0.0591110024222098
3908	0.0221632196757965	0.0572125954909633
3909	0.110257126886529	0.088568364643838
3910	0.074958077138066	0.0715444453999513
3911	0.0271660145332588	0.0540102649721005
3912	0.0326718837339296	0.0594778895720763
3913	0.0610955841252096	0.0690964705749502
3914	0.0470653996646171	0.0495871450190187
3915	0.037842370039128	0.03616362337743
3916	0.0520681945220794	0.0458043533232186
3917	0.0366405813303522	0.0375438326811999
3918	0.0622414756847401	0.0743742365898598
3919	0.0834823923979877	0.0518367501095282
3920	0.0607322526551146	0.0630096178586956
3921	0.0632476243711571	0.0640092555279681
3922	0.0483230855226383	0.0632354356872244
3923	0.0455561766349916	0.0752888226404157
3924	0.0780883174958077	0.0507929130829381
3925	0.0481553940749022	0.0526858156749157
3926	0.0551145891559531	0.0762921091857649
3927	0.0679988820570151	0.0737199119511572
3928	0.0456959195081051	0.0586101989006894
3929	0.0562884292901062	0.0593627595594477
3930	0.0463666852990498	0.052948927127239
3931	0.0772219116825042	0.0648646124464319
3932	0.0681665735047513	0.0597795487675227
3933	0.0693404136389044	0.0772549531085026
3934	0.065539407490218	0.0764956603879868
3935	0.0835941866964785	0.0741659556941543
3936	0	0.0453368899264569
3937	0.113778647288988	0.0703769535599213
3938	0.0987143655673561	0.0738304715903933
3939	0.0681106763555059	0.0697874843621071
3940	0.0353549468977082	0.041228957052357
3941	0.044885410844047	0.0418594035037546
3942	0.0610676355505869	0.0716145076392771
3943	0.0376746785913918	0.0335095604268326
3944	0.0690329793180548	0.0582058248117581
3945	0.10570150922303	0.0751925226813432
3946	0.0833705980994969	0.0850910095539151
3947	0.0498043599776411	0.0317286790595902
3948	0.0632476243711571	0.0607792347266215
3949	0.0739239798770263	0.0620340929279274
3950	0.0799329234209055	0.0854610129973462
3951	0.0605645612073784	0.0491245393029671
3952	0.0283119060927893	0.0466364356251165
3953	0.0698714365567356	0.0494238467885757
3954	0.0488820570150922	0.0634851746660019
3955	0.0285634432643935	0.0530102538864721
3956	0	0.0195999676384925
3957	0.0468697596422582	0.0556003944611833
3958	0.0436556735606484	0.0462963069520709
3959	0.0629960871995528	0.0713077329869902
3960	0.0953605366126328	0.0586899105645612
3961	0.0454164337618781	0.0317256600795712
3962	0.0346562325321409	0.0428677325674782
3963	0.0410005589714925	0.0437710984337838
3964	0.0152040245947457	0.0246381495654833
3965	0.0698155394074902	0.0668262840817341
3966	0.0384292901062046	0.0311603205657146
3967	0.0713247624371157	0.0847555875976083
3968	0.0743432084963667	0.0650692001227545
3969	0.0458636109558413	0.0734860279849305
3970	0.050642817216322	0.0376734519595056
3971	0	0.0231826938433283
3972	0.0391280044717719	0.032891586797366
3973	0.0389603130240358	0.04126010579558
3974	0	0.037776770417229
3975	0	0.0407772385679037
3976	0.0822247065399665	0.0730200909493199
3977	0.0465343767467859	0.0702772943238986
3978	0.0726383454443823	0.075632467509782
3979	0.0430128563443264	0.0368568440130766
3980	0.0560089435438793	0.0415970210771776
3981	0.0425377305757406	0.0400829462295124
3982	0.0451369480156512	0.0554294260722433
3983	0.0199832308552264	0.0400889696292156
3984	0.034823923979877	0.0566695114322979
3985	0.101676914477362	0.0635596546798336
3986	0.0688093907210732	0.0729703925422384
3987	0.0663778647288988	0.072929864604683
3988	0.0305477920626048	0.0229256704249547
3989	0.0462828395751817	0.0517728222176459
3990	0.0741196198993851	0.0737589937079875
3991	0.0540525433202907	0.0565790818767342
3992	0	0.0239989393874246
3993	0.0272778088317496	0.0192665894753653
3994	0.081078814980436	0.0789471570508462
3995	0.057406372275014	0.0666054282342712
3996	0.0410844046953605	0.0425421117036545
3997	0.0239798770262717	0.0217431072126433
3998	0.0136948015651202	0.0696202099248494
3999	0.0478479597540525	0.070272799124879
4000	0.0493851313583007	0.0623369148914146
4001	0.108188932364449	0.0902158782226668
4002	0.0543599776411403	0.0654890814235141
4003	0.0458077138065959	0.045074150384997
4004	0.0446897708216881	0.0621811022190714
4005	0.0472051425377306	0.0495316221755573
4006	0.00335382895472331	0.0359419902673199
4007	0.0499720514253773	0.07244105804669
4008	0.0843487982112912	0.0722590599962735
4009	0.0477641140301845	0.073149273854626
4010	0.078060368921185	0.0427146605800882
4011	0.0734768026830632	0.0785561808696241
4012	0.0397987702627166	0.0462203774222098
4013	0.0622414756847401	0.0794677166562544
4014	0.0411123532699832	0.0485205051764582
4015	0.046254891000559	0.0519020698883751
4016	0.0754891000558972	0.0636727221911683
4017	0.047261039686976	0.0514437568207831
4018	0.0332867523756288	0.0420857621975565
4019	0.0664896590273896	0.067506135052966
4020	0.0636389044158748	0.0772740823551332
4021	0.0694242593627725	0.0725846079577214
4022	0.0664617104527669	0.0839296036755784
4023	0.069284516489659	0.0761693134205711
4024	0.0803801006148686	0.082649764073744
4025	0.0866405813303522	0.0529017395870386
4026	0.0566238121855785	0.0282393244914206
4027	0.0324762437115707	0.050397721525726
4028	0.0283957518166574	0.0298948747313074
4029	0	0.051611890371716
4030	0	0.037528686106453
4031	0.0838736724427054	0.0810725319675363
4032	0.0140022358859698	0.0305223278057264
4033	0.0109558412520961	0.0296724449776639
4034	0	0.0256426360681531
4035	0.0486864169927334	0.0654625369661703
4036	0.0422861934041364	0.0707175139623435
4037	0.0413918390162102	0.0648346570088814
4038	0.0885969815539407	0.027576683901621
4039	0.0434600335382896	0.0556171765164219
4040	0	0.0260824599403764
4041	0.0478759083286752	0.0542226323173204
4042	0	0.0276716944987889
4043	0.0491894913359419	0.0723197753633315
4044	0.00385690329793181	0.0301592645290242
4045	0.0653158188932364	0.0654504756293465
4046	0.0609278926774735	0.0696999083090622
4047	0.0486025712688653	0.0811114722823049
4048	0.0693404136389044	0.0636940670192487
4049	0.048630519843488	0.0244696162162396
4050	0.0396869759642258	0.0403083211506213
4051	0.0580771380659586	0.0743423787730576
4052	0.0471771939631079	0.0828712618781442
4053	0.0745947456679709	0.0784902490528539
4054	0.0707098937954164	0.0448937072902976
4055	0.04387926215763	0.0498250390997736
4056	0.0456679709334824	0.061197747810695
4057	0	0.0269930536146823
4058	0.0595025153717161	0.0609135016131721
4059	0.0553102291783119	0.0872128283957518
4060	0.135047512576859	0.0630015992795479
4061	0.0475964225824483	0.0659617126193231
4062	0.0480435997764114	0.0370304206152153
4063	0.0490776970374511	0.0390712572200485
4064	0.0674119619899385	0.0627984480777591
4065	0	0.0349972652469993
4066	0.0339016210173281	0.0432448937632916
4067	0	0.0315224929219667
4068	0.051648965902739	0.0533585161635924
4069	0.0480994969256568	0.0679749909289714
4070	0.0997205142537731	0.0605439103161294
4071	0.0522638345444382	0.0568994329712608
4072	0.127221911682504	0.0701876813330139
4073	0.0458636109558413	0.0354789354254838
4074	0.0416713247624371	0.0369027463152011
4075	0.0271660145332588	0.0540781751051749
4076	0.0463666852990498	0.0770011033864356
4077	0.0387087758524315	0.0411673939306515
4078	0.0635550586920067	0.0515306114527048
4079	0.0839295695919508	0.0637511286924367
4080	0.0481833426495249	0.0813664653334162
4081	0.0381498043599776	0.0320460248975219
4082	0.0734768026830632	0.0784687674678591
4083	0	0.045195274928366
4084	0	0.016179555743558
4085	0	0.026474211774659
4086	0.0707657909446618	0.038939249342186
4087	0.0681665735047513	0.0844385364263089
4088	0	0.0223371505202358
4089	0.00592509782001118	0.0444817211544434
4090	0.0632196757965344	0.0566371256732573
4091	0.0512576858580212	0.0793572360190583
4092	0.0451369480156512	0.0592060421324762
4093	0.226103968697596	0.0742153122938478
4094	0.102962548910006	0.0650860195018943
4095	0.0933761878144215	0.0620372817046937
4096	0.082448295136948	0.0462907699832309
4097	0.102347680268306	0.0704879430450122
4098	0.0187814421464505	0.0256911168507418
4099	0.0783957518166574	0.0548928532106984
4100	0.0571548351034097	0.0590637638509848
4101	0.0531581889323645	0.0618386803939666
4102	0.0453325880380101	0.0499556461943358
4103	0.0486025712688653	0.0764837131051414
4104	0.0584684181106764	0.048515122370916
4105	0.0550866405813304	0.0481980430517651
4106	0.0708216880939072	0.0426259419102959
4107	0.052655114589156	0.0745746936747496
4108	0.104080491894913	0.0894552234414992
4109	0.0639463387367244	0.0275105826113285
4110	0.0715204024594746	0.0474478670957151
4111	0.0414756847400783	0.037391601603587
4112	0.0851872554499721	0.0774214999955637
4113	0.086472889882616	0.0542510946525061
4114	0.047624371157071	0.0760328257267888
4115	0.0732532140860816	0.0723084289612994
4116	0.0472330911123533	0.0530043124160317
4117	0.0866685299049749	0.0657933254663272
4118	0.0722191168250419	0.053171340289423
4119	0.0762437115707099	0.0212634258340997
4120	0.114924538848519	0.0800317435526475
4121	0.0602012297372834	0.0766519936649898
4122	0.0346841811067636	0.0305381611348632
4123	0	0.0396974049230897
4124	0.0662381218557854	0.0553054513029359
4125	0.00885969815539408	0.0459568310974474
4126	0.0376467300167691	0.0497512693310975
4127	0.0420905533817775	0.0511994197343555
4128	0	0.0303906548792327
4129	0.0658747903856903	0.0770357741755171
4130	0.117411961989939	0.0810269637200884
4131	0.0404415874790386	0.0418344246586281
4132	0.0208775852431526	0.0574135324336554
4133	0.0461710452766909	0.0522608455996522
4134	0.0200111794298491	0.0218626094652506
4135	0.0470374510899944	0.0497810694987889
4136	0.0646450531022918	0.079584306755911
4137	0.0492453884851873	0.0772369777110117
4138	0.0738401341531582	0.0552204232091739
4139	0.0450531022917831	0.0772142317964006
4140	0.0506707657909447	0.0643211482325513
4141	0.0395472330911124	0.0668979411216695
4142	0.0347959754052543	0.0525837772224597
4143	0.0168250419228619	0.0506491056456121
4144	0.101089994410285	0.0760635480715483
4145	0.0468138624930129	0.0811134608616442
4146	0.044885410844047	0.0549696691421119
4147	0.104220234768027	0.0673547696628448
4148	0.100866405813304	0.0638399956692299
4149	0.090217998882057	0.0595772915091134
4150	0.0642817216321968	0.0822222723092735
4151	0	0.0440796861702396
4152	0.0723588596981554	0.0862069591950811
4153	0.0477641140301845	0.0377697813800385
4154	0.060508664058133	0.0663328516180634
4155	0.040497484628284	0.0485158985627365
4156	0.0480715483510341	0.0595615314198686
4157	0.0443543879262158	0.0517758084383993
4158	0.0447177193963108	0.0559717564126452
4159	0.0468697596422582	0.066705194021947
4160	0.0561486864169927	0.0640027357791744
4161	0.0471771939631079	0.0781701072325771
4162	0.0315259921743991	0.0189106024082355
4163	0.0479597540525433	0.0614402593245522
4164	0.0471212968138625	0.0736229338018047
4165	0.0664337618781442	0.0598451536042369
4166	0.0475125768585802	0.0717085629109106
4167	0.045248742314142	0.0529741294536571
4168	0.0359698155394075	0.0585886976971382
4169	0.0535774175517049	0.0809835860350289
4170	0.0867803242034656	0.06072376058821
4171	0.0477361654555618	0.0330294870051717
4172	0.0184740078256009	0.0329240031675051
4173	0.0759362772498603	0.0724134503083432
4174	0.0721911682504192	0.094519859014968
4175	0.0319731693683622	0.0295660630903783
4176	0.101593068753494	0.0779672717015507
4177	0.0732532140860816	0.0448032187441774
4178	0.0597540525433203	0.0723019624283475
4179	0.0179709334823924	0.0201465497033845
4180	0	0.0384455675630913
4181	0.0396590273896031	0.0209285989048967
4182	0.0894354387926216	0.0662019818493322
4183	0.12157629960872	0.0786135799018695
4184	0.0705422023476803	0.0432125333830197
4185	0.0721073225265512	0.0829600465376266
4186	0.0957797652319732	0.0587396939631079
4187	0.0368921185019564	0.0480507333173627
4188	0.113191727221912	0.0854272305624318
4189	0.0766629401900503	0.051652160025553
4190	0.0324203465623253	0.0331969287621887
4191	0.0456959195081051	0.0453752428864223
4192	0.079066517607602	0.0826104094592077
4193	0.0837618781442146	0.0708656812206281
4194	0.0518446059250978	0.0396012795914976
4195	0.0324203465623253	0.04591532807704
4196	0.0499161542761319	0.0540959113862971
4197	0.114058133035215	0.0746029825446382
4198	0.0335382895472331	0.0371417679189589
4199	0.052655114589156	0.0391767060888667
4200	0	0.0441423486666886
4201	0.0404136389044159	0.0496600122441375
4202	0.103381777529346	0.061470648960867
4203	0.0144214645053102	0.0628698939050187
4204	0.0606204583566238	0.0570015061176324
4205	0.0460033538289547	0.0690126270226885
4206	0.0256008943543879	0.0431203302589901
4207	0.0473728339854667	0.0467711011738401
4208	0.0286752375628843	0.0201068167904389
4209	0.0457797652319732	0.0566401987010567
4210	0.13454443823365	0.0966014029680882
4211	0.064812744550028	0.0684864435297638
4212	0.0444102850754612	0.0716120536411202
4213	0.047624371157071	0.0354629888412728
4214	0.100586920067077	0.0703794936508743
4215	0.0353269983230855	0.0445141314980436
4216	0.106036892118502	0.0640399241153853
4217	0.0607322526551146	0.0681311296305707
4218	0.083733929569592	0.057356370528228
4219	0.0589994410285075	0.0672252458984241
4220	0.0163778647288988	0.0310138012723256
4221	0.109921743991056	0.0728428691208177
4222	0.0441028507546115	0.0667207833881953
4223	0.0399664617104528	0.0560404189624424
4224	0.0405254332029067	0.0151706415750574
4225	0.0489659027389603	0.0287635610691382
4226	0.0601732811626607	0.0482833053847587
4227	0.0525433202906652	0.0563633265668363
4228	0.045248742314142	0.0522345752033313
4229	0.00519843487982113	0.0172432952534004
4230	0.0777249860257127	0.0866288748001922
4231	0.0379262157629961	0.0659461347876664
4232	0.0865567356064841	0.0364691737573236
4233	0.0959474566797093	0.0743373633374805
4234	0.0542761319172722	0.05321707333868
4235	0	0.0304027029659366
4236	0.0799049748462828	0.0781320913379032
4237	0.0743711570709894	0.0619475013197938
4238	0.0362772498602571	0.0605147195826346
4239	0.0333705980994969	0.0451415379441665
4240	0.00396869759642258	0.0682241927378875
4241	0.0445500279485746	0.0628093108680029
4242	0.0238960313024036	0.0195199541177567
4243	0.026048071548351	0.0238277166504859
4244	0.0241196198993851	0.0742511292734881
4245	0.00830072666294019	0.0438269562499624
4246	0.0515371716042482	0.0435978403903484
4247	0.0464505310229178	0.0706367249173801
4248	0.0406931246506428	0.0396845951597209
4249	0	0.0526494386131986
4250	0.0479597540525433	0.0531604582610731
4251	0.0465343767467859	0.0625217293872968
4252	0.0131078814980436	0.0335512922888552
4253	0	0.0377893312668327
4254	0.0478759083286752	0.0585372359303327
4255	0.0948295136948016	0.0781623925797671
4256	0	0.026690422955096
4257	0.0340413638904416	0.0371644807700173
4258	0.0582168809390721	0.0582521064944206
4259	0.0305757406372275	0.0571504586599417
4260	0.0465064281721632	0.0496971356487846
4261	0.0727501397428731	0.0636713131171977
4262	0.114114030184461	0.0771954299125071
4263	0.114281721632197	0.0794835280860994
4264	0.0981274455002795	0.0610728585643551
4265	0.047261039686976	0.0721442212994757
4266	0	0.0234109294453761
4267	0.0471212968138625	0.0412874835555104
4268	0.0437115707098938	0.05258542947643
4269	0.079066517607602	0.0784694942914233
4270	0.0693404136389044	0.0776747174088566
4271	0.0478479597540525	0.0568887842860365
4272	0.0616825041922862	0.0641423175296848
4273	0.081442146450531	0.0525053445519893
4274	0.0508664058133035	0.0788846882097301
4275	0.0225824482951369	0.0154279908751681
4276	0.0443543879262158	0.0654656314733831
4277	0.0310508664058133	0.0290807188277842
4278	0.0491894913359419	0.0673106716974101
4279	0.127613191727222	0.0253568238362981
4280	0.0784795975405254	0.0490218880143419
4281	0.0459195081050866	0.0471799136899932
4282	0.0798490776970375	0.0568668599776411
4283	0.0252096143096702	0.0213725522815797
4284	0.0546674119619899	0.0635820333011501
4285	0.0256288429290106	0.0628156804093081
4286	0.0589714924538849	0.0811825941417218
4287	0.00880380100614869	0.0237889468563029
4288	0.0517887087758524	0.063284300746276
4289	0.025041922861934	0.0568669118518895
4290	0.0429849077697037	0.0345566657350475
4291	0.0604807154835103	0.034280801956878
4292	0	0.0288088543342875
4293	0.0457797652319732	0.0580393597148768
4294	0.0473169368362214	0.0691424068003163
4295	0.0607322526551146	0.0533226932619419
4296	0.0353828954723309	0.068000293601188
4297	0.0653717160424818	0.0536295571703621
4298	0.0524315259921744	0.0459858293172994
4299	0.0639183901621017	0.0581442845164897
4300	0	0.0299219186696478
4301	0.0709055338177753	0.073406499520557
4302	0.0403018446059251	0.0194365256816347
4303	0.0619340413638904	0.0535263734882854
4304	0.0457797652319732	0.0647972495314504
4305	0.0460871995528228	0.0452035461957206
4306	0.0466461710452767	0.0635160194131687
4307	0.0536892118501956	0.0666258513963936
4308	0.110117384013415	0.0739460140815647
4309	0	0.0341791360307291
4310	0.110732252655115	0.0596628470281349
4311	0.0655673560648407	0.0503823568800074
4312	0	0.0344844737715125
4313	0.0757126886528787	0.0751962154341893
4314	0.042230296254891	0.0612311982316175
4315	0.0732532140860816	0.0381818594137664
4316	0.0849916154276132	0.0619043419877541
4317	0.0711011738401342	0.0715222307620645
4318	0.0461710452766909	0.062564140895481
4319	0.0639463387367244	0.0745736289671449
4320	0.0200391280044718	0.0213568515413121
4321	0.0739239798770263	0.0779000905001464
4322	0.0464505310229178	0.0471399421360992
4323	0.120374510899944	0.0699562785955324
4324	0.0964225824482951	0.077722424073039
4325	0.0019284516489659	0.0298999106601119
4326	0.0634432643935159	0.0606324995341904
4327	0	0.0315399253608654
4328	0.0400223588596982	0.0569682131544625
4329	0.0477920626048072	0.052955215395126
4330	0.0852431525992174	0.0684195663312838
4331	0.0544438233650084	0.0646071362027203
4332	0.0386249301285634	0.0518917303273089
4333	0.0151481274455003	0.0273993714310766
4334	0.0392956959195081	0.0352937927546647
4335	0.0688093907210732	0.039296387120816
4336	0.00754611514812745	0.0292470125239829
4337	0.0936277249860257	0.0663135078766897
4338	0.0450251537171604	0.0399335277144109
4339	0.0636668529904975	0.0307600220722077
4340	0.0484348798211291	0.0549213911050132
4341	0.100447177193963	0.0595161752375629
4342	0.0920905533817775	0.0732511761691821
4343	0.0997764114030185	0.0500696992895391
4344	0.100642817216322	0.0629710093118584
4345	0.0708216880939072	0.0563591722413555
4346	0.0467020681945221	0.0584863380791109
4347	0.141224147568474	0.057696359909887
4348	0.0663778647288988	0.0712154389546423
4349	0.0405533817775294	0.0571154179757522
4350	0	0.0323160326176306
4351	0.0174399105645612	0.0311213421358754
4352	0.0380939072107323	0.058762142102975
4353	0.0915595304639463	0.0709303731134712
4354	0.0408887646730017	0.0539532891059398
4355	0.0467859139183902	0.0513277513819017
4356	0.0379541643376188	0.0395508686780552
4357	0.0202627166014533	0.0553529616616537
4358	0.0487423141419788	0.0561029548767523
4359	0.121520402459475	0.0603199514602533
4360	0.0328395751816657	0.0501550097820011
4361	0.104052543320291	0.0679387667432665
4362	0.108692006707658	0.0748050901656268
4363	0.0265511458915595	0.0235608209289968
4364	0.0454443823365008	0.0676047713233292
4365	0.00514253773057574	0.02369674798371
4366	0.0277249860257127	0.0649539271981977
4367	0.06618222470654	0.0517096084870505
4368	0.12884292901062	0.0712537758806624
4369	0	0.0815271421417925
4370	0.0486864169927334	0.0648266606111422
4371	0.111403018446059	0.0812021286238726
4372	0.086109558412521	0.0758934605371162
4373	0.0804080491894913	0.0699348621959019
4374	0.0515371716042482	0.0389633075141739
4375	0.0172442705422024	0.0408752717222533
4376	0.0580212409167133	0.0482554801867267
4377	0.155869200670766	0.0748685804085395
4378	0.0552822806036892	0.0582090823851855
4379	0.0842370039128005	0.0765113262304431
4380	0.0641978759083287	0.0568591563453071
4381	0	0.035420188469378
4382	0.0681665735047513	0.0677870438822674
4383	0.0475964225824483	0.0448008718222037
4384	0.00790944661822247	0.0181961967757105
4385	0.074315259921744	0.0707170140275226
4386	0.0444661822247065	0.0674169092088947
4387	0.106064840693125	0.0837661092478728
4388	0.029709334823924	0.0429357542727442
4389	0.0710173281162661	0.0761985402998833
4390	0.0464225824482951	0.0578510441688195
4391	0.0890441587479039	0.07265813009326
4392	0	0.035189781173012
4393	0.0798490776970375	0.0828845549189491
4394	0.0490217998882057	0.0516167959288243
4395	0.0422861934041364	0.0707026478686624
4396	0.0376187814421465	0.0571594640860816
4397	0	0.0307465180734116
4398	0.0688652878703186	0.0452216347845889
4399	0.042230296254891	0.029783824429716
4400	0.0467300167691448	0.073450123037978
4401	0.0818893236444941	0.0693394613171025
4402	0.0841252096143097	0.0658871968261326
4403	0.0471771939631079	0.0585052382404255
4404	0.0637786472889883	0.074459373476208
4405	0.0483789826718837	0.0643161774254564
4406	0.0788988261598658	0.058782464902261
4407	0.0615986584684181	0.0654939134215266
4408	0.0141978759083287	0.0803627957890814
4409	0.0777249860257127	0.0786748035130511
4410	0.0367244270542202	0.0198636981073105
4411	0.0330072666294019	0.0396550168827569
4412	0.0214924538848519	0.0500520747706573
4413	0.0154276131917272	0.030500759410765
4414	0.0650922302962549	0.0791036107597109
4415	0.0979318054779206	0.0273087075336936
4416	0.057043040804919	0.0350261370929342
4417	0.0717719396310788	0.0602406239186564
4418	0.0518446059250978	0.0613996357812736
4419	0.0445500279485746	0.0703457637946179
4420	0	0.0324147709628425
4421	0.0484628283957518	0.0648373302067286
4422	0.068921185019564	0.0350585783946157
4423	0.0907210732252655	0.085426654954883
4424	0.117915036333147	0.0417450093378571
4425	0.0322526551145892	0.0226732578721819
4426	0.062520961430967	0.0352910258028454
4427	0.0522358859698155	0.0700625349357183
4428	0.0391000558971492	0.0706156449909943
4429	0.0652878703186137	0.0430349490271234
4430	0.03848518725545	0.0458886376340261
4431	0.037479038569033	0.053059916420453
4432	0	0.0391534143841997
4433	0.0880939072107323	0.0522613295240461
4434	0	0.0330897282333839
4435	0	0.0498196309780994
4436	0.000614868641699273	0.0385036079069058
4437	0.0923700391280045	0.0697243960002484
4438	0.00259921743991057	0.0369302261616404
4439	0.0628563443264394	0.0805545171883734
4440	0.0912800447177194	0.074960724897767
4441	0.112660704304081	0.0695279485746227
4442	0.0477082168809391	0.0711818899059065
4443	0.014533258803801	0.0218282194096196
4444	0.134991615427613	0.0764142244935985
4445	0.0488541084404695	0.0745959177049712
4446	0.0399385131358301	0.0343238088975109
4447	0.0661263275572946	0.0704657047698901
4448	0.0384572386808273	0.0513674616483448
4449	0.0807434320849637	0.0702343177442395
4450	0.0400223588596982	0.0301172792062605
4451	0.112828395751817	0.0590928513756909
4452	0.0880659586361096	0.0734311004116063
4453	0.0463387367244271	0.0712192688260618
4454	0.047624371157071	0.0399015411642578
4455	0	0.0384328963738978
4456	0.0798490776970375	0.0690675575545647
4457	0.0464505310229178	0.0533074368387393
4458	0.046981553940749	0.0513194056269797
4459	0.0875349357182784	0.0711971306130054
4460	0.0471212968138625	0.069438487728035
4461	0.0428451648965903	0.0453962345647645
4462	0.0443264393515931	0.0501606913649256
4463	0	0.0348042085895286
4464	0.0424818334264953	0.0453878232473302
4465	0	0.0473058887885607
4466	0.141056456120738	0.0499707186924208
4467	0.0903856903297932	0.0704076211482584
4468	0.053381777529346	0.0552186921800321
4469	0.0662940190050308	0.0773229757246666
4470	0.0476802683063164	0.055424807982941
4471	0.0762437115707099	0.0338451845096251
4472	0.0479038569032979	0.0514318438387093
4473	0.079346003353829	0.0463793952460805
4474	0.0487982112912242	0.0593643849163693
4475	0.0589994410285075	0.0629459268629932
4476	0.0648686416992733	0.0531710116348881
4477	0.10830072666294	0.0522816517607602
4478	0.0303521520402459	0.0467960711550007
4479	0.0393236444941308	0.0562013370146405
4480	0.0463946338736724	0.0720439724240731
4481	0.0915595304639463	0.0588010967227709
4482	0.0713527110117384	0.0736187628097634
4483	0.0683901621017328	0.0806114288171303
4484	0.064169927333706	0.0737101505587443
4485	0.0435159306875349	0.0584226623013655
4486	0.0451089994410285	0.0533226687456484
4487	0.0214645053102292	0.0554203814980436
4488	0.0484348798211291	0.0757929427397448
4489	0.068557853549469	0.0644484814607788
4490	0.0488541084404695	0.0798385807323827
4491	0.0463107881498044	0.0412211417783731
4492	0.0930967020681945	0.0599884115666199
4493	0.0619340413638904	0.038695150922303
4494	0.0385969815539408	0.0311317913777388
4495	0.0143935159306875	0.0308742560747049
4496	0.073309111235327	0.0749904438459497
4497	0.0408049189491336	0.0564508619928805
4498	0.0428451648965903	0.048500929230387
4499	0.0486584684181107	0.0656026217315695
4500	0.0533258803801006	0.0557331842742687
4501	0	0.0357877140470137
4502	0.0703465623253214	0.0265259215971905
4503	0.0528228060368921	0.0729059177577903
4504	0.0473728339854667	0.0384234209055338
4505	0.0761878144214645	0.0792556088953189
4506	0.048351034097261	0.0486973856992024
4507	0.071660145332588	0.0703986839653634
4508	0.0242593627724986	0.0368450611480936
4509	0.0466461710452767	0.0848925865296743
4510	0.0436836221352711	0.0344350551847346
4511	0.0517607602012297	0.0355315788841006
4512	0.0564281721632197	0.0682706091624744
4513	0.0903856903297932	0.0560690329793181
4514	0.0596143096702068	0.0860295653220297
4515	0.0691727221911683	0.0606903571937439
4516	0.0626607043040805	0.0728382784685189
4517	0.0385969815539408	0.0492889675589508
4518	0.0711850195640022	0.0421422701886648
4519	0.0370318613750699	0.064160432747008
4520	0	0.0323246156365217
4521	0.0472330911123533	0.0655474859591685
4522	0.0567915036333147	0.0338129083864999
4523	0.0768026830631638	0.043311660929854
4524	0.0467300167691448	0.0518929819538553
4525	0.0666573504751258	0.0819517110738464
4526	0.000558971492453885	0.0296043913345785
4527	0.0831470095025154	0.0687102198621204
4528	0.0615427613191727	0.0759853284098673
4529	0.0333705980994969	0.0671673097111072
4530	0.0852152040245947	0.0400155233749746
4531	0.0757406372275014	0.0597149633563133
4532	0.0904415874790386	0.068366598562094
4533	0.0474007825600894	0.0484519344620951
4534	0.0729178311906093	0.0597001977899127
4535	0.045891559530464	0.0581737746690234
4536	0.0940469536053661	0.0818050366273425
4537	0.136892118501956	0.0691193142118502
4538	0.0926495248742314	0.0710017105562802
4539	0.0719955282280604	0.0618461763688147
4540	0.0460592509782001	0.0475968484654902
4541	0.0518725544997205	0.0685570352353471
4542	0.0543599776411403	0.0521477520577823
4543	0.0426774734488541	0.0467954164337619
4544	0.0866685299049749	0.0708825466567872
4545	0.111682504192286	0.0733397194323735
4546	0.0473448854108441	0.0624709334823924
4547	0.0429849077697037	0.0288208030557108
4548	0.00721073225265512	0.0243553195453699
4549	0.0475405254332029	0.0674282653251351
4550	0.0886808272778088	0.0638739324294461
4551	0.0945779765231973	0.0384672018301141
4552	0.0430408049189491	0.0285092799619071
4553	0.0406651760760201	0.057378135994476
4554	0.0484348798211291	0.0461631719587179
4555	0.116070430408049	0.0536919784767745
4556	0.0188652878703186	0.0438121057254651
4557	0.0855505869200671	0.0761272591764487
4558	0.0440190050307434	0.0596749334166311
4559	0.0700950251537172	0.0792961617290852
4560	0.0486864169927334	0.0729978365732977
4561	0.099636668529905	0.0796425185501814
4562	0	0.0281849918672166
4563	0.0463946338736724	0.0398118726500504
4564	0.109446618222471	0.0748524479663302
4565	0.0478759083286752	0.0614109089779856
4566	0.073309111235327	0.0658930734115893
4567	0.00106204583566238	0.0518989026004118
4568	0.0575740637227501	0.0633100428544811
4569	0.0733370598099497	0.0659611706616688
4570	0.0442146450531023	0.0737910288080684
4571	0.0512856344326439	0.047628070233124
4572	0.0868082727780883	0.0626869293832681
4573	0.0400782560089436	0.0821955863836803
4574	0.123169368362214	0.0474531085025775
4575	0.0372554499720514	0.0543219209986957
4576	0.0593348239239799	0.0685735206569506
4577	0.0455561766349916	0.0689783387713893
4578	0	0.0321442323901799
4579	0.040497484628284	0.0342276211770343
4580	0.0281721632196758	0.0217912022271178
4581	0.0432923420905534	0.0490957880742677
4582	0.062520961430967	0.0755277370718958
4583	0.0760201229737283	0.0746757624507491
4584	0.0598099496925657	0.0573157860125604
4585	0.0851593068753494	0.041279779845607
4586	0.0470933482392398	0.0557484395379169
4587	0.10902738960313	0.0654826286299875
4588	0.113499161542761	0.0724762307724158
4589	0.0429290106204584	0.0565001472559308
4590	0.0381218557853549	0.0378278757783353
4591	0.0474007825600894	0.0607397314866572
4592	0	0.0329613306388041
4593	0.072582448295137	0.0649957904616
4594	0.0422861934041364	0.0569611780989646
4595	0.0606763555058692	0.087409960267702
4596	0.0474007825600894	0.0412230320771184
4597	0.0639463387367244	0.0762347730626099
4598	0.013890441587479	0.0471318671081108
4599	0.090217998882057	0.070116589397078
4600	0.0860816098378983	0.0646543002850065
4601	0.0448295136948016	0.0452157862865661
4602	0.0497484628283958	0.0574935368921185
4603	0.0443264393515931	0.0524694072710135
4604	0.0941866964784796	0.0736855605041562
4605	0.0424818334264953	0.0559419237708308
4606	0.0773896031302404	0.0603589719702073
4607	0.0646730016769145	0.0710290614818284
4608	0.0212409167132476	0.060007251102416
4609	0.0444102850754612	0.0784656722858012
4610	0.00517048630519844	0.0376018440883589
4611	0.0174399105645612	0.0300412707285262
4612	0.112688652878703	0.0773168935050979
4613	0.0682224706539966	0.0722306762574407
4614	0.0568753493571828	0.0707441049210194
4615	0.079429849077697	0.0755082595392898
4616	0.0569312465064282	0.0738145279352658
4617	0.0708216880939072	0.0664993327006989
4618	0.0645891559530464	0.0820649893085611
4619	0.0401062045835662	0.0596073822457277
4620	0.036109558412521	0.0403867478434276
4621	0.0491894913359419	0.0659224310601826
4622	0.0468697596422582	0.0650341048147085
4623	0.0486025712688653	0.0420380799329234
4624	0.046981553940749	0.0523632383081796
4625	0.0712129681386249	0.0760804751735439
4626	0.0466741196198994	0.0381715550793947
4627	0.0474007825600894	0.0549291969442892
4628	0.0514533258803801	0.0930274917807149
4629	0.0427892677473449	0.0497597269508952
4630	0.1157629960872	0.0561605963209513
4631	0.0412800447177194	0.0534867685563826
4632	0.0420905533817775	0.0600369985892624
4633	0.14242593627725	0.0641336900886682
4634	0.047987702627166	0.0727780217732705
4635	0	0.0380136920615088
4636	0.0427054220234768	0.038222418897377
4637	0.11545556176635	0.0617117542936683
4638	0.0441028507546115	0.055941517607602
4639	0.0634712129681386	0.0664044319371896
4640	0.0620737842370039	0.0608061653044884
4641	0.0515651201788709	0.041691970644981
4642	0.0363051984348798	0.0353806100940935
4643	0.0178870877585243	0.0544352835227626
4644	0.0678311906092789	0.0611144083122349
4645	0.0478200111794298	0.0513820947834363
4646	0.0862493012856344	0.0755219459258028
4647	0.0611794298490777	0.0833721507980871
4648	0.0201229737283399	0.0538273596783938
4649	0.0705142537730576	0.0683863520182693
4650	0.048351034097261	0.0530749820330592
4651	0.0399105645612074	0.0555265071527648
4652	0.0787590832867524	0.0633643873051363
4653	0.0621017328116266	0.0678355808645426
4654	0	0.0219511378343128
4655	0.095891559530464	0.0794338942661293
4656	0.0664896590273896	0.0862318019528752
4657	0.0406931246506428	0.0631331760413553
4658	0.0588876467300168	0.0623600131313938
4659	0.0575181665735048	0.0714590444362515
4660	0.0545835662381219	0.0374832696726911
4661	0.0433761878144215	0.0441914552898343
4662	0	0.0117845475436308
4663	0.166238121855785	0.0765388372263722
4664	0	0.0351818807240831
4665	0.0477361654555618	0.0573718917797314
4666	0.0255170486305198	0.0399761067087539
4667	0.0994410285075461	0.0851671258218212
4668	0.0960313024035774	0.0617690036191993
4669	0.0594466182224707	0.0672228307122103
4670	0.0647847959754053	0.0588436626607043
4671	0.0434879821129122	0.0439397268285614
4672	0.025964225824483	0.0657761820813805
4673	0.0694801565120179	0.0686376001490591
4674	0.0462828395751817	0.0584257965343768
4675	0.0711291224147568	0.0678725012643403
4676	0.0474287311347121	0.0513213942755586
4677	0.0484628283957518	0.0568494969256568
4678	0.0331749580771381	0.0424446218957119
4679	0	0.0267417525826553
4680	0.0809949692565679	0.0754299925974046
4681	0.0645891559530464	0.055613412986771
4682	0.0532699832308552	0.0654466038898683
4683	0.0636389044158748	0.0555440914642983
4684	0.0439072107322527	0.0369707149102062
4685	0.052655114589156	0.0577834296006459
4686	0.0468138624930129	0.0463525977067061
4687	0.0474007825600894	0.0641699776914981
4688	0.0471212968138625	0.0695309734255636
4689	0.0495528228060369	0.070599131831664
4690	0.0410285075461151	0.0669768507666324
4691	0.0576020122973728	0.0672263021855389
4692	0.135941866964785	0.0985775340040991
4693	0.0459474566797093	0.0695847023590415
4694	0.0594745667970934	0.0364872717533072
4695	0.0790106204583566	0.0648774812484563
4696	0.0476802683063164	0.0870668448686895
4697	0.0545276690888765	0.064116923107097
4698	0.0378144214645053	0.0426237214752925
4699	0	0.0319822992360723
4700	0	0.0226098423345489
4701	0.0759083286752376	0.0753157937143404
4702	0.125293460033538	0.0752089488674173
4703	0.0420905533817775	0.0370158277191021
4704	0.0895472330911124	0.0487183471301694
4705	0.0269703745108999	0.0559312032526817
4706	0.0844046953605366	0.0797592085734662
4707	0.0452207937395193	0.0610011114433164
4708	0.0572386808272778	0.0511389859325508
4709	0.0589994410285075	0.0534355467757508
4710	0.0465623253214086	0.0328650345863611
4711	0.0991894913359419	0.0611896427240544
4712	0.100335382895472	0.0721021986212037
4713	0.0264393515930688	0.0466046781614138
4714	0.0467579653437675	0.0684448559095708
4715	0.0472330911123533	0.0536868691020287
4716	0.0622414756847401	0.0507538869221374
4717	0.0782001117942985	0.0881441429820413
4718	0.0347121296813863	0.0521294541620654
4719	0.0479318054779206	0.0714432386936772
4720	0	0.0257661056808625
4721	0.0482392397987703	0.0592823038941681
4722	0	0.0186922299080802
4723	0.0449413079932923	0.0525000988080921
4724	0.010424818334265	0.048508703126033
4725	0.0495248742314142	0.0743249720514253
4726	0.051732811626607	0.022231085543341
4727	0	0.0289522001739022
4728	0.0812744550027949	0.0655633384572387
4729	0	0.0290205043553195
4730	0.0772498602571269	0.0613698500641173
4731	0.0479597540525433	0.0567797508993708
4732	0.0402459474566797	0.0605652377403356
4733	0.0200111794298491	0.0470384630211445
4734	0.0311347121296814	0.0693868362213527
4735	0.0611235326998323	0.0769331097447364
4736	0.0463387367244271	0.0561240866355456
4737	0.0716042481833427	0.0381765767654183
4738	0.0476802683063164	0.0556608857246526
4739	0.0534935718278368	0.0353163280339369
4740	0.122051425377306	0.0684097002256588
4741	0.0315818893236445	0.0570350678782049
4742	0.0403018446059251	0.0414585144815022
4743	0.0618501956400224	0.0797084182308853
4744	0.0633873672442706	0.0401511422685961
4745	0.0906092789267747	0.068069069041995
4746	0.0374510899944103	0.0523080735151026
4747	0	0.0309644587292715
4748	0.0933202906651761	0.059667563620922
4749	0.0815259921743991	0.0444400525255752
4750	0	0.0313652056686286
4751	0.0515651201788709	0.039495132995692
4752	0.0866964784795975	0.0614539857772809
4753	0.047261039686976	0.0707992445415587
4754	0.0383174958077138	0.0501031147133718
4755	0.0461710452766909	0.0620965187495868
4756	0.0486025712688653	0.0227760254465118
4757	0.0561766349916154	0.0509057900130427
4758	0.0474846282839575	0.0503634366529027
4759	0.0812465064281722	0.071627099470308
4760	0.0479318054779206	0.0715240461254994
4761	0.0924818334264953	0.0763768340013241
4762	0.0636389044158748	0.0727338222922348
4763	0.0608440469536054	0.0758832148846123
4764	0.0734768026830632	0.0585493463956145
4765	0.124455002794857	0.0724008873672443
4766	0.0776131917272219	0.060874700228998
4767	0.114169927333706	0.0798419482226777
4768	0.0657629960871996	0.076445902040246
4769	0.100642817216322	0.0636651408255657
4770	0.1118222470654	0.0649971170164015
4771	0	0.0267775156457217
4772	0.0820290665176076	0.054600990034193
4773	0.0817775293460034	0.0612388205701509
4774	0.0469536053661263	0.0483207564747531
4775	0.0487423141419788	0.0311306479411217
4776	0	0.0411236879696913
4777	0.028339854667412	0.0185368455375443
4778	0.0487423141419788	0.0483482825709222
4779	0.0984628283957518	0.0677291369066104
4780	0.0920905533817775	0.0717363717426602
4781	0.0962828395751817	0.0744871310662255
4782	0.0849636668529905	0.0966125532272651
4783	0.0446338736724427	0.0763261265937342
4784	0.041587479038569	0.0520076025026232
4785	0.159055338177753	0.0870464399558866
4786	0.0478759083286752	0.0519513037188045
4787	0.0209614309670207	0.0535899077480382
4788	0.048267188373393	0.0669927051397147
4789	0.0473728339854667	0.0582227128749767
4790	0.156232532140861	0.082399924489816
4791	0.0952207937395193	0.0585176803137512
4792	0.0463946338736724	0.0406443602105459
4793	0.0822247065399665	0.0660148992520429
4794	0.048267188373393	0.0627696746320104
4795	0.018557853549469	0.0401529047018602
4796	0.0606204583566238	0.0625105018886461
4797	0.0058412520961431	0.0510030357150972
4798	0.0560927892677473	0.0527780335163691
4799	0	0.0203569863882888
4800	0.0720793739519285	0.066383148340387
4801	0.0370318613750699	0.0584514382425226
4802	0.0649524874231414	0.0498189747531209
4803	0.0823365008384572	0.0798463294205329
4804	0.0473448854108441	0.0812077309282452
4805	0.0460871995528228	0.0579262506987144
4806	0.0710452766908888	0.0700786512413119
4807	0.0168529904974846	0.0264061074990439
4808	0.0442146450531023	0.0807083201144129
4809	0.0742593627724986	0.0558678661892748
4810	0.0158468418110676	0.0251179662753866
4811	0.0725544997205143	0.0556254060096989
4812	0.0148686416992733	0.0311630246180361
4813	0.0897428731134712	0.0774693763475206
4814	0.118921185019564	0.069099274539149
4815	0.0311626607043041	0.0418746506428172
4816	0.0447736165455562	0.038894088535631
4817	0.0744550027948575	0.0307797005361986
4818	0.0474846282839575	0.0613429290106205
4819	0.0474846282839575	0.0625277829534397
4820	0.0347959754052543	0.0602616814690599
4821	0.0161542761319173	0.0263303879835462
4822	0.0478479597540525	0.0485493036898129
4823	0.144522079373952	0.0776054152951162
4824	0.0532979318054779	0.0272127352338364
4825	0.0472051425377306	0.0545733058379788
4826	0	0.0310660677037178
4827	0.0822247065399665	0.0307018020176209
4828	0.0512856344326439	0.0670938379364875
4829	0.0634432643935159	0.0726848642941432
4830	0.0775852431525992	0.061299716214473
4831	0	0.0317389804561409
4832	0.0380380100614869	0.0230968351566451
4833	0.143655673560648	0.0786621948947271
4834	0.0393515930687535	0.0533591791104368
4835	0.0421743991056456	0.0282931714588247
4836	0.0430687534935718	0.0489065942195772
4837	0.0616825041922862	0.0703722045744773
4838	0.0553381777529346	0.0438465756341665
4839	0.0459474566797093	0.0547843779411694
4840	0.0642258244829514	0.0990438967300168
4841	0.0839016210173281	0.0703723274175517
4842	0.045248742314142	0.0542580559178519
4843	0.0391839016210173	0.0393587952014447
4844	0.0539407490217999	0.0652425277327117
4845	0.0600614868641699	0.053887863385634
4846	0	0.0179729237596761
4847	0.0707937395192845	0.056192627787094
4848	0	0.0204542419725483
4849	0.115707098937954	0.0733338457238681
4850	0.0927054220234768	0.0690188539573671
4851	0.0546394633873672	0.0609345488511665
4852	0.0676076020122974	0.0773824523237603
4853	0	0.0418172254109349
4854	0.0466741196198994	0.0664136909654862
4855	0.104639463387367	0.0701845507492021
4856	0.045891559530464	0.0646081946806529
4857	0.0958356623812186	0.0790582640441587
4858	0.000391280044717719	0.0445396026866122
4859	0.0284516489659027	0.0365387420479651
4860	0.0498043599776411	0.0711425610210546
4861	0.0467300167691448	0.049152100675298
4862	0.0407769703745109	0.0441439241990815
4863	0.0520961430967021	0.0547213941163075
4864	0.0484348798211291	0.07138311673188
4865	0.0754891000558972	0.0739258298064894
4866	0.0728060368921185	0.0769353922116639
4867	0.0503912800447177	0.0760931903815498
4868	0.0718837339295696	0.0680656958717328
4869	0	0.0216437929648044
4870	0.0473448854108441	0.0607889681184818
4871	0.0509223029625489	0.0580445450958472
4872	0.0429010620458357	0.0459680597956171
4873	0.0432643935159307	0.0433739696735784
4874	0.0455002794857462	0.0539852105459288
4875	0.0529904974846283	0.0653609907769704
4876	0.0713247624371157	0.044036855519178
4877	0.0470933482392398	0.040334057129753
4878	0.0638624930128564	0.0813084445453699
4879	0.0930967020681945	0.0684508195976314
4880	0.0811067635550587	0.0520514505562018
4881	0.0637786472889883	0.0514448304009511
4882	0	0.0231006355712896
4883	0.0530463946338737	0.0889278070692268
4884	0.0206819452207937	0.0344350003836079
4885	0.0975964225824483	0.064466741196199
4886	0	0.0308090675656791
4887	0.0735885969815539	0.0813361257391662
4888	0.121939631078815	0.102765934922167
4889	0.0790106204583566	0.0637141792435252
4890	0	0.0293876583752562
4891	0.0755449972051425	0.0621224613378051
4892	0.0232532140860816	0.0647986538103223
4893	0.0238680827277809	0.0544072627296008
4894	0.0371716042481833	0.0420211914244457
4895	0.0619619899385131	0.0756014557146475
4896	0.0230296254891001	0.0313337001583753
4897	0.0511458915595305	0.0218944714375122
4898	0.0693124650642817	0.0764037486340449
4899	0.0330072666294019	0.0486227726947329
4900	0.0578535494689771	0.0646707985235095
4901	0.0552543320290665	0.0542700641346239
4902	0.0438513135830073	0.0582905921572775
4903	0.0809111235326998	0.0858935453502398
4904	0.102543320290665	0.0868364105878517
4905	0.0473169368362214	0.0601474476153068
4906	0.0760201229737283	0.0685334426097422
4907	0.0177752934600335	0.0367700231573904
4908	0.0801006148686417	0.0717811830398733
4909	0.0488541084404695	0.0523442523875727
4910	0.0662101732811627	0.0607086798674278
4911	0.0484628283957518	0.0675504627041799
4912	0.0753493571827837	0.0420286838883122
4913	0.0424818334264953	0.0598915245947457
4914	0.0557015092230296	0.0732794192020016
4915	0	0.0390692072822566
4916	0.000558971492453885	0.0362949404978897
4917	0.0426774734488541	0.0503652279805159
4918	0.0324762437115707	0.0292304277775951
4919	0.0240078256008944	0.0473453410941259
4920	0	0.0308140144940327
4921	0.0475125768585802	0.0537042730265201
4922	0.0910844046953605	0.0934760307700498
4923	0.0548351034097261	0.0771274934927814
4924	0.0430967020681945	0.0354518911868828
4925	0.0485187255449972	0.0552344353057042
4926	0.0717439910564561	0.0634564272705963
4927	0.030715483510341	0.0388261316349634
4928	0.0483230855226383	0.0485052170672629
