index	observed	oob_prediction
1	0.10859079	0.298373126713788
2	0.36684707	0.862560286221667
3	2.4274895	2.11859408183838
4	1.3933115	0.723309877921053
5	0.39468405	0.470625174681818
6	0.070643105	0.288927366483333
7	0.04259952	0.342613519190805
8	0.241355	0.729057239263636
9	0.12375902	0.133304455052326
10	0.06433462	0.177255192645977
11	0.43555784	0.83509843033871
12	0.2556454	0.366650297262745
13	1.4992602	0.894411648858586
14	0.12512718	0.356123925275521
15	0.22186418	0.279764053345833
16	1.3795215	1.27816928249167
17	0.1707049	0.0480776002649123
18	0.5773185	0.707900858609195
19	0.3939142	1.51892255189189
20	0.50484145	0.525865299898148
21	0.21795194	0.340028388890404
22	0.24615662	0.723946481745098
23	0.07164466	0.475129718453431
24	2.0603554	2.3445925655
25	1.0886523	1.20019213081373
26	0.07482837	0.219326917254924
27	0.08186025	0.187092612951282
28	0.27113006	0.0906042019543421
29	0.34220368	0.257267804813131
30	0.07879683	0.521542374923246
31	0.9120662	0.615153325317172
32	0.15499425	0.479310660422358
33	0.20357415	0.360073663377941
34	1.7298751	1.22775173436047
35	0.0060831895	0.125980538763772
36	0.13138162	0.157479676787805
37	0.12707447	0.334944240953704
38	1.008701	0.649709875724242
39	4.358754	1.72569348979167
40	1.1922951	0.701305250657658
41	0.45278233	0.602638721107456
42	0.0709794	0.155589155611616
43	1.3212794	0.84895155475
44	0.19011012	0.207095303358559
45	0.15375434	0.163749201097009
46	0.31603336	0.447651034261261
47	0.052049253	0.0840061113386869
48	0.19471475	0.490902402914706
49	0.42949617	0.44813073231982
50	0.6016854	1.029516973225
51	1.9418525	1.37027873145417
52	0.0074553615	0.273603473452846
53	0.23084766	0.359005185212644
54	0.70524824	0.9837865404575
55	0.8875294	1.60629615984234
56	1.8331604	1.35917770449573
57	0.30465662	0.386117518008571
58	0.041779958	0.295126973827905
59	0.42462474	0.726007968532069
60	1.6690967	2.06634179341288
61	0.7440371	0.720877675441442
62	0.09541007	0.619835548145455
63	0.64835835	0.616933633859195
64	0.2727432	0.310573742198438
65	0.0034198305	0.201469137582927
66	1.2739753	0.310637400413979
67	1.0242155	1.21665015347083
68	0.82780033	0.317301263857353
69	0.059902262	0.49331165696942
70	0.7580987	0.511351227111712
71	0.11921759	0.163578234563144
72	0.29869616	0.739017141553704
73	0.76192605	1.1651755872265
74	0.28047347	0.543518047026042
75	0.98129153	0.755621587961538
76	0.083746366	0.34743971479187
77	2.2272074	0.748883314605766
78	2.2060676	1.47508974863095
79	0.75079155	0.581208692280159
80	0.54399717	0.899154155930953
81	0.05458569	0.20547521878088
82	0.36238763	0.332472730707593
83	0.41987604	0.993061944064516
84	1.1087385	1.04403846433908
85	1.4825153	1.73501604297154
86	1.6331158	1.49170331021465
87	0.13709028	0.473714507466216
88	0.90626216	0.933111718992248
89	0.11017488	0.239405040208796
90	0.22470935	0.416150424511765
91	2.9165401	1.841363213675
92	0.38924956	0.270897481193694
93	1.0929674	0.493063336125
94	0.42842308	0.381409720105185
95	0.07912641	0.0889585792966667
96	0.0347498	0.410627189415555
97	0.2875589	0.177805756724259
98	0.46620393	0.522152140076577
99	0.046875484	0.225465077201852
100	1.402828	1.23554295030882
101	0.30267793	0.507408530258333
102	0.5169297	0.595708081080645
103	0.09921623	0.605632192592445
104	0.1314704	0.242836901842593
105	0.18744299	0.383745596328947
106	0.02335452	0.121781895744524
107	0.5938091	0.934487483227642
108	0.049625434	0.265057890773102
109	0.1185881	0.185945576318627
110	0.13026847	0.714833821894167
111	0.109666824	0.41161867418375
112	0.4661026	0.505180906812821
113	0.60151935	0.499423131789899
114	1.377044	0.455045354145161
115	0.12087606	0.128124184525269
116	0.20245197	0.209471661553876
117	1.5932709	1.49187601467172
118	0.09167203	0.165599108341177
119	0.11080697	0.3869062979
120	0.53737366	0.632298132356209
121	0.097603686	0.58289180745935
122	2.037395	1.20358404717829
123	0.09762737	0.180340708688148
124	0.7395548	0.393873546704167
125	0.8167301	0.953969095445833
126	0.009897961	0.196548961333333
127	0.30272016	1.59985690596405
128	0.87702405	0.424850806802424
129	0.090782985	0.125456724430263
130	0.006943437	0.0999747944208333
131	2.2836843	0.999272099505556
132	0.90239567	0.492160022369369
133	0.17578632	0.327488974423188
134	0.1072897	0.59118778358062
135	0.70834434	0.56382815589951
136	1.2936472	0.970302178179825
137	0.76524806	0.40711223086
138	0.24587268	0.788560396758681
139	0.60490566	0.791335609504386
140	0.26343864	0.257629835732171
141	0.1633595	0.449626510439674
142	1.6053103	1.23633924012778
143	0.07077732	0.364429614219192
144	0.8730522	1.25882264499048
145	0.048936762	0.255730392071368
146	0.12160563	0.155583737110317
147	0.84121776	0.513994833555556
148	0.030488243	0.379536758450397
149	1.222492	0.574978638993496
150	0.7718777	0.230166881047072
151	0.179206	0.447521171124138
152	0.20435672	0.127871452227778
153	0.007206429	0.269749622488889
154	0.692277	0.956061862087302
155	0.084957644	0.298856485058333
156	2.1793423	2.14601889057353
157	1.673466	0.540285550121154
158	0.047878806	0.256990316777083
159	0.093525626	0.383535902992448
160	0.039506808	0.123546832999612
161	0.086870424	0.520005219023333
162	0.19173017	0.107319631832381
163	1.7727176	0.910560813064706
164	0.7198685	0.787760512195371
165	0.25436613	0.247387101292308
166	0.484083	0.52278860635275
167	0.68749213	0.939115461612745
168	0.016157087	0.329848045037626
169	0.0051159803	0.0441437500289352
170	0.10038688	0.629478566183839
171	0.20417643	0.297856080878788
172	0.058372147	0.153894912977475
173	0.10637202	0.324688540029412
174	0.7861894	1.06077862150476
175	0.04317552	0.141848386767143
176	0.55280936	0.78697375135
177	2.7126162	0.643257877883532
178	0.11219699	0.28894270579899
179	0.03502467	0.848395703208334
180	1.0052099	0.602510190784524
181	1.0946816	1.31087143656771
182	0.24360101	0.561883934495185
183	0.005777739	0.0472209170721905
184	2.435217	1.67966436052151
185	0.03565742	0.126332545922222
186	1.8715905	1.07893099030488
187	0.17642525	0.524863896833333
188	2.006805	1.00076980045455
189	0.047918025	0.0599458449879032
190	0.29505417	0.949997360157895
191	0.1870575	0.447226787258064
192	1.120486	1.38894247907407
193	0.80364466	0.955978219328703
194	0.01115329	0.356392673106174
195	0.32934502	0.600586774160256
196	1.3897868	0.988054157591954
197	0.040787436	0.169487300474286
198	0.051693365	0.25009828550473
199	0.08509634	0.238669214953704
200	0.13145667	0.1764149231
201	2.0461502	1.56757587313971
202	0.19418454	0.350614606471429
203	4.0042353	2.7197541629386
204	1.3075538	1.64307920306977
205	1.7480382	0.790188879455556
206	0.2926218	0.201345302930952
207	0.44324356	1.39526850143972
208	0.10516065	0.155315800130833
209	1.255409	1.25685831574444
210	0.025825096	0.230578478729273
211	0.32797837	0.701849168525
212	0.36465752	0.125814525337879
213	0.4994641	0.31847891078018
214	0.85225964	0.776756993691919
215	0.14339149	0.50607677304955
216	0.34866944	0.280687624587103
217	1.0587643	1.14738970557265
218	0.56901854	0.54095216804588
219	0.9358104	1.28057937364516
220	0.12505865	0.367624538487302
221	0.4850665	0.903452009679824
222	0.4739355	0.20453277056973
223	0.5008274	0.524843617736842
224	0.21413022	0.338309658622222
225	0.47921145	0.231628654862857
226	0.41803446	1.12779884563008
227	0.24549206	0.426407182691667
228	0.60102147	1.02357003835648
229	0.02859304	0.0524860789217731
230	0.44972593	0.262894437372973
231	0.8037855	0.953053658291667
232	3.0290504	2.28798577048851
233	0.4013745	0.316879452727381
234	0.6242891	0.668734908530702
235	0.10712125	0.157707048378211
236	0.21625549	0.595250645843651
237	0.13986169	0.393860020051026
238	0.017572345	0.240270047852833
239	2.0598538	1.785469168
240	2.102596	2.0311124825946
241	0.8237745	1.16069521434722
242	0.012963654	0.150053180170185
243	0.06915279	0.45166153964951
244	1.3972132	0.466026168813566
245	1.1768641	2.03454110304688
246	0.09188212	0.144848769566667
247	0.16475832	0.0836309982913248
248	0.06971962	0.112733342614063
249	0.3966561	0.486629374784649
250	0.9466293	1.62613493575
251	0.1788275	0.271216876805303
252	0.28724194	0.468721853497436
253	0.45214733	0.829989624644928
254	0.3575828	0.68889295437963
255	0.22924747	0.665895422748039
256	0.15397154	0.172627203143628
257	0.36038575	0.829864062346847
258	2.1916938	1.89451195982258
259	0.056099396	0.499960209480769
260	0.72161657	1.09244077641429
261	0.9762681	1.36978240458333
262	0.13548462	0.292592084145299
263	0.79956156	0.9811725763875
264	0.4982048	0.791059962011111
265	0.82593393	0.730249691615942
266	0.31585613	0.299760668174359
267	0.18903346	0.366536703492544
268	0.31778565	0.34083902425
269	0.39174533	0.428786297915179
270	1.0673438	0.339701401065104
271	0.26153657	0.196098182684524
272	0.29674965	0.362316438419355
273	0.012864321	0.316069607299524
274	0.08955762	0.328211595116146
275	1.8498912	1.65489588982857
276	2.829461	2.39778220719298
277	2.0076275	0.837668585056411
278	0.47743705	0.565611367044148
279	0.09271104	0.171272544094444
280	0.45209247	1.09617533663636
281	2.1490104	0.689682051261111
282	0.393982	1.12538397117568
283	0.787007	1.11341184838462
284	1.2309555	1.14404450888095
285	0.19000077	0.403531387668056
286	0.96258056	0.619873175928571
287	0.12406381	0.130072902951429
288	0.36139983	0.439078828031008
289	2.1402645	0.989329639280952
290	0.23789416	0.216888421958333
291	0.4994327	0.8476305325
292	0.252867	0.519580225470588
293	0.08393446	0.190646126415152
294	1.6296589	1.23306592369444
295	0.9447451	0.522901959881852
296	0.6762278	0.767999162747127
297	0.13431728	0.536092148986842
298	4.164112	2.3546952485
299	0.95879143	1.1919426717
300	0.057373106	0.528211426500463
301	0.7312201	0.463835279877778
302	2.2742937	1.11254557247561
303	0.54849017	0.417021726366927
304	0.344359	0.585074050991228
305	0.38321692	1.01398732225926
306	0.4894513	0.478664658287879
307	0.40023735	0.283212209879279
308	0.04952352	0.106543754133125
309	0.69128555	0.996382224355555
310	0.2070137	0.820516123066667
311	1.495072	0.828923339888889
312	1.1349603	0.818830647823424
313	0.14414832	0.306963074139899
314	0.099156894	0.200115532567094
315	0.10462421	0.133090678239216
316	0.06599434	0.21931042254359
317	1.50589	1.09729019892308
318	0.84851974	0.520077848686275
319	1.0275954	0.458878156007843
320	0.18371603	0.265182911463979
321	0.06233996	0.189791003952193
322	0.16474445	0.151301590035366
323	0.22986738	0.507487026007018
324	2.1319554	1.40320348672868
325	0.07398079	0.2564555018275
326	1.1369195	1.86148532666667
327	0.7163687	0.475936048314815
328	0.808369	1.23607216955159
329	1.0475391	0.754862760988372
330	0.014750996	0.330556504927607
331	0.09449628	0.051357945182549
332	0.13043715	0.447642551203737
333	0.019525977	0.377061106904598
334	1.1246622	0.39995680069875
335	1.6101677	1.31995146664035
336	0.08539992	0.176560602649479
337	3.06355	2.5646050586773
338	1.000245	0.448210779688492
339	0.21208297	0.227062905225806
340	3.2721815	2.06773377995175
341	0.012940614	0.231309074915385
342	0.6628185	0.833951793679825
343	0.47680756	0.211041653332895
344	0.055180755	0.292794465585354
345	1.9117893	1.06054985577851
346	0.28717497	0.952921631954955
347	0.13072397	0.40634599427451
348	0.4860454	0.496534772116667
349	0.65541667	0.716932521416667
350	0.0710302	0.35884795257
351	0.8252658	1.25755719021705
352	2.088885	1.15022124255856
353	0.07381786	0.355170179646566
354	0.0852592	0.130291786851709
355	0.114256695	0.372191596183095
356	0.12694481	0.413113458375439
357	0.31019366	0.440839779452083
358	0.21375358	0.418677488944762
359	3.29125	1.19826478808333
360	0.22668691	0.183908524852991
361	0.8400317	1.37877657989535
362	0.24799582	1.57355331361667
363	0.5090587	0.652651883648062
364	0.18588437	0.290147854986842
365	0.11239981	0.78042829034213
366	0.023775447	0.426155091168992
367	1.1383134	0.806212187818421
368	0.25322455	0.983444196238889
369	0.04436805	0.52593503338125
370	0.0068431366	0.0494472047709722
371	1.0797989	0.308245076211574
372	0.18917473	0.176700496923958
373	0.033257216	0.258925886046667
374	1.1585367	1.49484652076923
375	1.5131651	0.446745226612698
376	0.5373634	0.713889952191177
377	0.14609388	0.665180009041667
378	0.77735674	0.852139752510753
379	0.090086624	0.136225686876486
380	0.30444226	0.610939573680555
381	0.3655442	0.587076267114583
382	1.7097049	0.856129363527536
383	0.08457603	0.186702211406707
384	0.21004488	0.296491059656482
385	1.2862461	0.228902379777546
386	0.020932881	0.244258092079048
387	1.9153819	0.301841132647851
388	0.004266571	0.361970234361889
389	0.09450512	0.129543591964583
390	0.14866208	0.239993337031395
391	2.7614777	2.12281029412917
392	0.4457536	0.262052337682721
393	0.07413156	0.256926618219792
394	0.6368729	0.740444640530631
395	0.31181893	0.0756632844606579
396	0.9969952	1.24596915262963
397	0.12074503	0.284579376377273
398	0.29699248	0.271775166053333
399	0.24396491	0.52902587798062
400	0.20163566	0.255941835844828
401	0.7202678	0.417739708413063
402	0.08561265	0.249580472753509
403	0.6153688	1.54397683561905
404	0.0059393677	0.0788138699015833
405	0.008198407	0.278551103430637
406	0.07437297	0.346283263460784
407	0.10670271	0.19392003855
408	0.068773575	0.158736138326543
409	2.094889	1.34440563882292
410	0.059051584	0.172553223547368
411	1.92491	0.595236211594444
412	0.982188	0.841231143358025
413	0.36102667	0.524181901756757
414	0.4739049	0.689805546756781
415	0.2021344	0.323655679524505
416	0.033153024	0.408101168554938
417	1.3065106	1.40338397145528
418	0.101616845	0.184442901110853
419	0.15604904	0.276760431893095
420	0.2196555	0.576473084660185
421	1.1306918	1.18961580278295
422	0.74885726	0.399101325867105
423	1.16629	1.61437292795429
424	0.55086344	0.162432205542735
425	3.941857	0.615116817075203
426	1.7459836	0.752149576383784
427	0.09251465	0.165501209109583
428	0.15836419	0.296058843251351
429	0.2668978	0.231384845939189
430	0.081176646	0.139735800656373
431	0.2694557	0.863089745416667
432	0.052711543	0.178174501882051
433	0.7689115	0.26971568991453
434	0.034187466	0.0972090240554264
435	1.0533752	0.953700314003704
436	0.28103456	0.161268329863597
437	0.11898581	0.155409008462222
438	0.17863399	0.517667196451754
439	0.60841227	0.842315938282171
440	1.1121099	0.9128450854
441	0.049818467	0.155040734326961
442	0.725443	0.366052286586207
443	0.23547219	0.284827664794872
444	1.0020518	1.04902459598496
445	0.021294095	0.274756190976515
446	1.3394812	0.528021176971429
447	0.0898973	0.333604854531709
448	0.09613534	0.125291334082576
449	0.6752443	0.993924825756098
450	1.6883821	1.02685245434722
451	1.0229506	0.376207476626263
452	0.1357488	0.15122719010049
453	0.2796883	0.41035948309
454	3.2666051	2.4668786248018
455	0.7212941	0.638763194178829
456	0.30584607	1.75524988586992
457	0.70068675	0.827983596923423
458	0.37658915	1.05359990878
459	0.22922158	0.431113718805354
460	0.37611103	0.663951454866667
461	0.007912855	0.145729529433387
462	2.4163215	1.99216459603846
463	2.8352797	1.38322554090909
464	1.2820399	0.78233469478
465	0.05412371	0.180362788728148
466	0.44167697	1.16411032588211
467	0.5117496	1.00465787817442
468	1.3488512	1.04868157307692
469	0.8423755	0.510701063855882
470	0.12641358	0.415781627531624
471	0.24749155	0.3480385869
472	0.2592928	0.564597113662037
473	1.4501016	1.00627674757576
474	0.8474273	1.09666408169355
475	0.35954133	0.105927926241667
476	0.48347357	0.845258981818627
477	0.74055284	1.06498635287879
478	0.36731905	0.0857687441663248
479	0.15516317	0.609643944857364
480	0.17496705	0.343679005968056
481	0.33550385	1.06553764937597
482	0.25995862	0.372019647864216
483	0.18255362	0.415282013462963
484	0.3922559	0.279646817375
485	1.2690897	0.802525485474138
486	0.30904827	0.469121174975185
487	0.7151968	1.31988168615886
488	0.30226085	0.566071932972222
489	0.21790086	0.486200463162719
490	0.66865927	0.42624335497807
491	0.0848598	0.277760712362162
492	0.5276816	0.724889149314634
493	0.18090583	0.120779135533796
494	0.3391657	0.776045817792793
495	0.9372612	0.955905940110952
496	0.15253097	0.503612143229167
497	0.20355846	0.516270550374286
498	0.5145521	1.05349523074444
499	1.3282003	1.35255393755392
500	1.49702	1.1423046560914
501	2.3704574	1.08554403989035
502	0.2886017	0.0898981835236559
503	1.0070636	0.6152474111
504	0.6508174	0.126866306533333
505	0.33186677	0.733692395029412
506	0.09696588	0.154850626223737
507	0.0068274033	0.357091393824537
508	0.9048525	0.7033296516
509	0.7627021	0.555246021770721
510	1.1622018	1.12024642378788
511	0.035773143	0.152616653473202
512	0.56199574	0.297435584340108
513	0.35783938	0.292584167689189
514	0.048155453	0.93287372061451
515	0.785699	1.26008323297561
516	0.31810227	0.42874201131982
517	0.530765	1.02830071814865
518	1.0888001	1.82005981488426
519	0.09352564	0.159506372068981
520	0.104932085	0.195197190825132
521	2.386617	1.56602772052696
522	0.122508176	0.520038268453509
523	0.18182293	0.268060352914414
524	0.36289868	0.748509325957364
525	0.4909377	0.626193804250397
526	0.05607704	0.10516450879625
527	0.16197033	0.184942136203333
528	2.8099976	1.1453349540991
529	3.1732638	1.91240185123106
530	0.13384189	0.343782895387647
531	0.3756465	0.640981859119737
532	0.19111085	0.71641228041
533	0.5491966	0.282188485632323
534	0.08092843	0.171862112781482
535	0.17775624	0.201433784230556
536	1.092502	1.08228867176823
537	2.4009645	1.53796561958602
538	0.0151712205	0.463752933277957
539	0.08079493	0.177057094238095
540	0.97575825	1.06707932207527
541	0.8873307	0.384293839758065
542	1.1214236	1.4190119958125
543	1.6342396	1.50888101904167
544	0.25886986	0.251872492241057
545	3.069638	2.20678756941228
546	1.6923442	0.4552860011
547	0.44954887	0.840275016372727
548	0.90208614	1.30811178320238
549	0.02473844	0.119972288338504
550	0.15449886	1.07401401983333
551	0.3683895	0.663257529311828
552	1.9647152	1.41763411918137
553	0.8519381	1.02318133174537
554	0.13840829	0.405213983098039
555	0.039295953	0.158116736143627
556	0.5785429	0.71157042720625
557	0.8580095	1.06464822919907
558	0.15089945	0.334182954587805
559	0.08507182	0.752466532957265
560	0.9322065	0.292415843766667
561	0.2820538	0.223393432916176
562	0.077696696	0.141865958940625
563	0.5857807	0.749323292825397
564	0.64649016	0.146468060532778
565	0.27692023	0.14213556634932
566	0.033497956	0.552740203176923
567	0.124629244	0.263483496222358
568	0.06423014	0.246451758596759
569	1.2727495	1.14135778458943
570	0.26220173	0.367720693030488
571	0.13319191	0.126151309681111
572	0.022155369	0.233114018095098
573	0.56547785	0.547397393329365
574	0.22057633	0.305659679539352
575	0.44780707	1.07400063757308
576	0.13252574	0.167130713387234
577	0.39447677	0.783233185133333
578	4.0125537	0.838452531748571
579	0.5658723	0.539478557903623
580	0.69942033	0.805283376215054
581	0.038952406	0.678140116036111
582	1.2051743	1.0285723101625
583	0.5177643	0.363322914356504
584	1.4039971	1.2319666981746
585	2.7080364	1.61164491822917
586	1.640432	0.863620943561404
587	2.7829204	2.00722967214646
588	0.51786053	0.534424565947812
589	0.12542711	0.323929789618889
590	0.5853546	0.270688162959048
591	0.62432843	0.263424092325
592	0.11820879	0.776386247674194
593	0.056245852	0.167276068452778
594	0.21922025	0.477516622620371
595	0.20661104	0.796592015209678
596	0.13104062	0.299648722542544
597	0.2251444	0.267433429757576
598	0.12348626	0.219430648619444
599	0.13946976	0.628617649571759
600	0.9298783	0.648836989819047
601	0.04672593	0.471124248958889
602	1.2182769	0.733637379673106
603	0.6742505	0.692089871878571
604	1.1839486	1.08825720574476
605	0.05233164	0.764951184879032
606	0.63582206	1.06532811510078
607	1.2631675	1.08134348160811
608	1.4317906	0.907111249449275
609	0.22034153	0.173301302111539
610	0.049955994	0.44427398749009
611	0.057229146	0.160875400438384
612	0.5197442	1.05132378102381
613	0.07498686	0.282940296282258
614	0.65376854	0.694478069301801
615	0.26651183	0.315522007054762
616	0.2815723	0.676732841144737
617	0.58156407	0.801044462752252
618	0.199465	0.242928992759722
619	0.8377878	0.33289493429023
620	0.32244432	0.37282093883254
621	1.7199067	1.80472352821839
622	0.47906968	0.618050386384106
623	0.1555032	0.369373296809677
624	0.094746694	0.0908082137443519
625	0.72472954	0.647311329769608
626	0.123336695	0.476358261555833
627	0.09837545	0.129287081155039
628	0.7145364	0.151291536771296
629	0.3715809	0.577747273780469
630	0.39487594	0.548908299313095
631	0.23629984	0.628151792981828
632	3.2418036	1.74202683852315
633	1.0974265	0.985391832845238
634	0.94771767	1.08143139805
635	1.1752355	1.90795198997619
636	0.1408588	0.201940618825439
637	0.2948012	0.60100386892683
638	0.0624721	0.875339073399444
639	0.08735454	0.222594150785859
640	0.9341305	0.414838483437931
641	0.46113327	0.273802929880619
642	0.2286742	0.24975259703875
643	1.48098	1.23528611037698
644	1.4998546	0.943394379952991
645	0.5154532	0.398721291844298
646	0.045993347	0.350932978423333
647	0.012009041	0.0528305713325203
648	0.08377619	0.304882402714216
649	0.011777077	0.454407014210145
650	0.19395827	1.21745846310043
651	0.6217147	0.238234612882407
652	0.54258156	0.587594733133838
653	0.5626072	0.869474769147619
654	0.8803818	1.15762376597849
655	0.579442	0.517184997858065
656	0.98357224	0.305486513971759
657	0.71746314	0.51089174569127
658	0.28466833	0.614888126657658
659	1.3257862	1.19940938083333
660	0.21792044	0.0857378276915238
661	0.21126813	0.320566860069145
662	0.723833	0.276821010672043
663	0.0771104	0.773951680729487
664	0.75154585	1.05507836170351
665	0.23915824	0.573836794808333
666	0.06736016	0.177330026519445
667	0.14751633	0.411744810833333
668	0.16020711	0.194681945822973
669	0.8122831	0.986828266138889
670	0.6978204	1.15971170472222
671	0.9289757	1.32228052484649
672	0.6410631	0.944894339439814
673	0.059249517	0.30477271805303
674	0.9641827	1.76559781049167
675	0.53480804	1.49908700365854
676	1.1686932	1.1484940128
677	0.19968407	0.315985715485648
678	0.060809463	0.184311764492188
679	1.8512213	0.534899830728723
680	0.7007166	0.659946146980392
681	0.08382588	0.462755967099136
682	0.13951242	0.628631843505953
683	1.8119509	1.20921919348765
684	0.099232666	0.304264569101905
685	0.72250545	0.540997731009259
686	1.2334019	0.762349014176017
687	0.12870753	0.31898677992037
688	0.3731197	0.289498224440686
689	0.5331791	0.710116605042063
690	0.4990653	0.568250194043243
691	0.35216194	0.694920642944962
692	2.6111767	2.16448319893826
693	0.16613294	0.0874088958136364
694	0.59325695	0.808405937182326
695	0.5971517	1.07552849594643
696	0.5502168	0.459942772011842
697	0.99684286	1.63810689605882
698	1.6359574	0.668861101134685
699	0.15429123	0.487826763921368
700	0.19441062	0.428370471798246
701	0.0779184	0.163574967431532
702	2.2650154	2.07242667232381
703	0.1869787	0.195733544453125
704	0.44557622	0.801056449738095
705	0.039157473	0.246321441655901
706	0.18859902	0.303620235981081
707	0.14519717	0.257417228759259
708	0.4262921	0.66321095528125
709	0.52421075	0.960542901607143
710	0.13580783	0.224117738918919
711	0.092223436	0.16821778626131
712	2.3547106	1.63767329363441
713	0.27268106	0.759948670682479
714	0.05386607	0.104899469968627
715	0.20091684	0.322726618245946
716	0.78552854	1.31000347694286
717	0.107886225	0.186571604716162
718	1.0690944	1.0331204086875
719	0.8174155	0.804645386737778
720	0.2344741	0.90306725496748
721	1.9652787	1.23566914333333
722	0.21000424	0.439802256658547
723	0.30407548	0.597413199421717
724	0.8871386	1.15285318581373
725	0.10269217	0.256777694019608
726	0.2949583	0.292452791479487
727	1.1034945	0.9287481079
728	0.65549284	0.90437996142647
729	1.6166595	0.256931494891414
730	0.21998794	0.292327346234043
731	0.8457086	0.242109402132361
732	0.3470619	0.579704168402778
733	0.30458334	0.537319235889899
734	1.3120978	1.73729451108333
735	1.1456712	1.39488341545495
736	1.4034326	1.21889624083333
737	0.8096617	1.10335727705128
738	1.1432551	0.739983684092424
739	1.5642349	2.19870136255952
740	0.06988909	0.124569349658046
741	0.037399147	0.343192864157828
742	0.23820013	0.431647120210937
743	0.4105215	0.458939365314957
744	1.2190288	1.77214786025556
745	0.42277992	1.03593054625556
746	0.43280616	0.252944299049187
747	0.22416957	0.359179458907407
748	0.036704745	0.37970717695
749	0.066624686	0.159504621309524
750	0.5884223	0.589858832198718
751	1.9968855	1.54662208388571
752	0.34817922	0.30131513792735
753	0.5208689	0.289487222867157
754	1.782658	1.47918794907936
755	0.02890099	0.554860108234375
756	0.12273638	0.193337300018182
757	1.6415638	0.392188468053241
758	0.046012998	0.126818021654825
759	0.18310255	0.446746798999145
760	0.48256966	0.93255351104065
761	1.9836388	1.48983736216667
762	0.06356119	0.228026402566092
763	1.4525465	0.929600724890476
764	0.19833384	0.348422757729487
765	0.9773946	1.169503417
766	0.66947955	0.318231300280556
767	0.10542421	0.133939611277928
768	0.9878603	0.679226323058333
769	0.19279142	0.219409978690789
770	0.49671146	0.419524663774194
771	0.29739124	0.986792908612745
772	0.2530547	0.414752897439951
773	0.5102065	0.332682717336111
774	0.3052019	0.361126469628333
775	0.20617703	0.547030324976852
776	1.9827734	2.65114234815104
777	0.37339085	0.458541114996847
778	0.076700956	0.27647904366875
779	2.161852	2.07820566765625
780	0.1335803	0.16267038017
781	0.74538445	0.80449762745873
782	0.36970773	0.855339805908333
783	0.9632928	1.09388930982692
784	0.2878847	0.898118564484375
785	0.77894926	0.894074054245098
786	0.2824393	0.309424076926191
787	0.14325117	0.238849236333333
788	1.2575123	0.542188880768293
789	0.12841305	0.39686477354537
790	0.89752716	1.07101736339167
791	0.098140255	0.151805160012393
792	0.21059349	0.331533453304167
793	0.43401426	0.949705453773809
794	0.8073333	0.776379556290476
795	0.9308305	0.188478018340991
796	3.299312	1.8988863245906
797	0.49989644	0.324708831263441
798	0.19277588	1.11633522201613
799	1.3667427	1.00098873141463
800	0.41695866	0.392231683754955
801	1.4831517	0.666172677170543
802	0.12028585	0.394604598162963
803	0.38803166	0.490452853681951
804	0.17745322	0.600074812527083
805	0.61508083	1.30058548314228
806	0.007741178	0.0925737487666228
807	0.028844923	0.4283401114325
808	1.0996172	0.333708953477639
809	0.24773169	0.658122905651515
810	0.20914185	0.360672097384325
811	0.4192104	0.182084440125781
812	0.14943783	0.340989670798465
813	0.057030626	0.12415090422037
814	0.54074967	1.29541492789429
815	0.87666106	1.48653598798413
816	0.24545036	0.278749736801453
817	0.34658375	0.185779708905238
818	0.0612151	0.186551794771795
819	0.07857231	0.178632550227222
820	0.40940517	1.08520124030864
821	1.5705463	0.600111705464583
822	0.40762553	0.253182685856579
823	1.9818037	2.17262606544907
824	0.061877158	0.209063296851961
825	2.044463	1.08074892473656
826	0.6754359	0.443637481662037
827	0.6734633	1.36095683744167
828	0.3522896	0.928495255211111
829	0.35514063	0.461172240293095
830	0.9856781	0.65042356505
831	0.41555217	0.701038446023148
832	0.39459527	1.60303135378161
833	0.8329027	0.841237481391667
834	1.0376693	0.778054961273148
835	4.178429	2.36730534223684
836	0.36542827	0.489402234090598
837	0.13504769	0.580965731630702
838	0.008280671	0.0941705292870175
839	0.2970697	0.312570403561905
840	1.4317279	1.19337424703419
841	1.1119235	0.627806509227183
842	0.6948928	0.812982042328125
843	0.04562858	0.230443096688095
844	0.41899878	0.449708545463235
845	0.47845194	0.280751336649316
846	1.1331838	1.10261832801282
847	0.38043478	0.645343840680833
848	3.6047206	0.798903874
849	1.4151818	1.23222612611111
850	2.0874574	1.50351726117568
851	0.15408298	0.10793761763787
852	0.6806595	0.973749012939048
853	0.5195421	0.408392163145238
854	0.4324526	0.672823186132222
855	1.2458502	0.672275549294872
856	0.6454241	0.918501494461765
857	0.039321914	0.419724017710919
858	0.45574376	1.04425525053604
859	0.2034645	0.358622939574706
860	0.3766652	0.579683255704584
861	1.4648918	1.15035573613772
862	0.2826709	0.412278436628571
863	0.084984764	0.375890436305051
864	0.9038102	1.50767383762315
865	0.13708107	0.162009963594792
866	0.08346678	0.25938317701619
867	0.20657821	0.331788327192708
868	0.7806467	1.09139353805392
869	3.011941	1.73790401547348
870	3.532796	2.61712555203704
871	0.042090256	0.161628453331667
872	0.40144446	0.819119853008602
873	0.97348005	0.846729113347154
874	0.07191947	0.115831620622581
875	0.10942124	0.33211217059065
876	0.082233176	0.249964009430631
877	2.1672614	1.13660526552837
878	0.39961845	0.438367108142157
879	1.3907554	0.841669604345238
880	0.2811566	0.361770782747967
881	0.6824067	0.975834379596053
882	1.5045542	1.57468837697727
883	0.23489794	0.207384746975
884	1.9105076	1.21886861830556
885	0.09636235	0.3904094215625
886	0.04866645	0.233681916177632
887	0.2860761	0.399111888232381
888	0.8560119	1.35764321658333
889	0.92200434	0.868537686102941
890	0.023833113	0.365948960948387
891	0.28789118	0.187931793109234
892	0.7730589	0.507851584759259
893	0.02058449	0.836997818361382
894	0.050785314	0.18981284198375
895	0.78571886	1.53544588328455
896	0.26341042	0.949433921507936
897	0.2755849	0.742297761008372
898	0.31977543	0.69283104515977
899	0.15512702	0.215995402885659
900	0.23322673	0.19137407324359
901	1.2999777	0.791685528197037
902	1.9596614	1.84825657064103
903	0.016260374	0.150131993703444
904	0.8776204	1.06774522502843
905	0.61102194	0.500589833829268
906	0.020321086	0.0850126838230208
907	0.2669314	0.396908765504167
908	1.7144783	2.12786589785714
909	3.0641198	2.52255205152381
910	0.5306971	1.05783300023684
911	0.07068571	0.380393863936587
912	0.15878174	0.235381034736508
913	0.4479016	0.466391499580263
914	1.1361284	1.55353382074762
915	0.37104756	0.484978091561404
916	2.3532689	1.51500609189855
917	0.22282082	0.169889852438596
918	0.57250863	1.23037953266667
919	0.005120026	0.527639886275194
920	0.67567676	0.579299745225252
921	0.16324116	0.31473334550463
922	0.42635006	0.307998345891429
923	0.6343037	0.972047649541667
924	0.55291593	1.07815141995446
925	0.46281353	0.53125044398718
926	0.12247327	0.127848015133333
927	0.37226653	0.686132598024692
928	0.7664122	1.05589320913235
929	0.6754077	0.256907013032576
930	0.050246455	0.684477326559583
931	0.7564773	0.90928491513
932	1.0029618	0.964995244064815
933	0.8604873	0.948199536224572
934	0.047760654	0.307081529976923
935	2.0293999	1.06052595978922
936	0.06028378	0.179668624069792
937	0.46286362	0.946862376758865
938	0.19167954	0.539775847271825
939	0.97558856	1.21366972373704
940	0.9038666	0.763676150908333
941	0.13463642	0.149977341714103
942	0.22052222	0.682159249941177
943	1.4359772	1.16897767067521
944	0.87838554	1.93590677055333
945	1.7440864	1.28760170064341
946	0.4855804	0.333725875251453
947	0.46723753	0.252031465510526
948	0.21890189	0.427216202082883
949	0.9433967	0.866673788321706
950	0.13994412	0.18366530090873
951	0.20087804	0.789260684988095
952	1.0731194	0.682529544159829
953	1.9770131	1.07538217068597
954	0.098091684	0.154992635952778
955	0.10464066	0.0968784577987838
956	0.3388338	0.59300458569049
957	2.0332801	1.34443308443627
958	0.052712344	0.135722680807265
959	0.047882807	0.369821825355392
960	3.9733994	1.58893579064035
961	0.92842346	0.481946160570721
962	2.3629098	1.79299821772619
963	0.918295	1.56621767821377
964	0.6227351	0.387011894576923
965	3.1752293	1.83473661354583
966	0.19508718	0.236144390656481
967	1.1643193	1.23061752869444
968	0.97048205	1.39961524829688
969	0.92392224	0.513152947391453
970	0.7662397	0.929135029475225
971	0.28703088	0.370072794081301
972	0.17228228	0.869920200661616
973	0.12065996	0.217994350819444
974	0.052304495	0.484624845553333
975	0.25584197	0.49986274792907
976	0.8123503	0.399181031221154
977	1.4997607	0.301300833440714
978	1.1288506	1.537402549
979	0.415423	0.232932098155039
980	0.50075203	0.970601081212644
981	2.4838805	1.24735624285684
982	0.14279425	0.413168642197685
983	0.027833035	0.331640041668241
984	0.28067735	0.234102354171605
985	0.5839062	1.30822613734342
986	1.0974948	1.69681354197778
987	0.6893498	0.528753997554386
988	0.23128411	1.15397857111905
989	1.4152775	1.37731565292929
990	0.029871672	0.103842339054713
991	0.65240645	0.513203022500439
992	1.086169	1.37053176131034
993	0.46663815	0.289814523295635
994	0.21777649	0.288304111851064
995	0.1272431	0.43918872220381
996	1.4586632	1.02206192176923
997	1.1556424	1.20233259842342
998	1.1306819	1.55860940666667
999	0.2556813	0.921879128472222
1000	1.9379793	0.718517487190833
1001	0.09375179	0.359728233946667
1002	0.06793211	0.229320527981301
1003	0.07556994	0.344458432084482
1004	0.28941	0.180744306897549
1005	0.1665324	0.217669521381183
1006	0.08013891	0.304988451448333
1007	1.6497276	2.19820945541429
1008	1.1721882	0.865845320211712
1009	0.0038079817	0.16465172494265
1010	0.021108003	0.300319689555702
1011	1.2386214	0.702977273064
1012	0.38502118	0.986685230571428
1013	0.4155225	0.267939056440991
1014	1.3937979	0.976360344522523
1015	0.23267798	0.0753898902103087
1016	0.9506603	1.01401898265278
1017	0.12242273	0.154446747272292
1018	1.6845047	0.600226068304167
1019	0.25262377	0.9059667604
1020	0.19873166	0.138684435421951
1021	0.13909559	0.306646289699561
1022	0.08561499	0.157097220081373
1023	1.4399934	1.21204291595349
1024	0.093367875	0.324490204978175
1025	0.5967315	0.953608783930894
1026	2.2527616	0.77481513572906
1027	1.0756359	0.709576096158334
1028	2.2042656	1.74022694351961
1029	1.5037082	0.730026206759804
1030	0.7115928	0.409374920833333
1031	0.3763163	0.424880442041463
1032	1.1846038	0.689224533216279
1033	0.18988445	0.271901302334188
1034	1.8123336	0.942926402071429
1035	0.91361964	1.31226094883333
1036	0.16048321	0.162600219769106
1037	0.23653288	0.577753207960318
1038	0.6981447	0.987849473222222
1039	0.09938946	1.00830860211364
1040	0.3385578	0.504787087315238
1041	0.04448168	0.153743434401852
1042	1.5806965	1.06532336202632
1043	0.21408059	0.58995639117027
1044	0.060892407	0.142783423562838
1045	0.2295179	0.156394160414647
1046	0.09215778	0.133732990105556
1047	0.09185048	0.285602613567083
1048	0.007310958	0.104902050632276
1049	0.030766197	0.48407480227094
1050	1.0333949	0.953150178582353
1051	1.4418948	0.819085602825
1052	1.2584386	1.52431389902778
1053	0.0082950415	0.243181049683108
1054	2.8285859	1.48228973515
1055	0.7586125	0.354848149754583
1056	0.34247425	0.713523820041667
1057	1.2207681	0.950686186625
1058	0.14496322	0.772313363823232
1059	1.1330699	0.926414073273504
1060	2.3103068	1.5464885777027
1061	1.2728174	1.02987898386579
1062	1.265637	0.242274425754624
1063	0.30077496	0.327297247681818
1064	0.12591949	0.151973446639583
1065	0.82368106	1.07332864853333
1066	0.24046673	0.12994100738018
1067	0.34823823	0.459129877842778
1068	1.4650346	0.502853210897059
1069	0.17523152	0.261805570204892
1070	0.24387088	0.308993546662162
1071	0.4675698	0.627220964493878
1072	0.05033151	0.250583239391453
1073	0.7003373	1.1448248536037
1074	0.66947806	0.604115196891057
1075	0.16024551	0.394141722212719
1076	0.20955558	0.311987563948148
1077	1.8473709	1.48453524477941
1078	0.20592159	0.708850182351755
1079	0.2277077	0.453603874333333
1080	0.6044063	0.358914879632576
1081	0.51726943	0.54771093197125
1082	0.08233807	0.254508737710256
1083	1.6852287	0.7917740805
1084	1.0741631	1.42938744581701
1085	0.03389795	0.122401765804479
1086	2.0183077	1.96600464430952
1087	0.015822152	0.372439772268981
1088	0.4601982	0.356607223083333
1089	0.25512153	0.478802165564444
1090	0.531608	0.6534113560575
1091	0.61921936	0.202690598330366
1092	0.8824261	0.772135986588571
1093	0.22438516	0.35077037122886
1094	0.083854325	0.630495698829032
1095	0.17116532	0.34780523775381
1096	0.115666345	0.186870926503947
1097	1.8414861	0.818528724356481
1098	0.8967027	0.89711294729293
1099	0.056714978	0.303468987480417
1100	0.093131326	0.140671123023611
1101	0.37246537	0.795653650011111
1102	0.07219676	0.110165178192308
1103	0.92398983	0.372832262833333
1104	0.18538842	0.102197740883535
1105	1.7028201	1.5374216354065
1106	0.30235556	0.814820438639706
1107	0.015103222	0.232161229231313
1108	0.5904495	0.97474136375
1109	0.022761038	0.104422626771711
1110	1.2278317	0.862184033784314
1111	0.15236057	0.162586150548851
1112	0.15623142	0.275450418729293
1113	0.51148224	0.421663140484146
1114	0.04715003	0.771120305545833
1115	1.2362003	1.32618504766667
1116	0.16455945	0.74422827295946
1117	0.41534215	0.255477929107527
1118	0.072253816	0.189975884937456
1119	0.06981562	0.149548429105556
1120	1.6811131	0.907774161480159
1121	0.20001681	0.532862010986842
1122	0.3849741	0.35222880429845
1123	0.86119974	0.746252356578947
1124	1.2549293	1.10961723001961
1125	1.6293304	0.720617726172727
1126	0.5048508	0.670849065038462
1127	1.5774156	1.13007285531905
1128	2.236497	0.646441675741667
1129	0.24091627	0.292740820368421
1130	0.71611995	0.662572403969048
1131	1.4753067	1.54589457236579
1132	0.19351432	0.248030156948095
1133	0.1361918	0.309591237208081
1134	0.514894	0.407135515955983
1135	0.28559092	0.686625757985417
1136	0.17314653	0.141906278244309
1137	1.0237211	0.390595675323148
1138	0.73635125	0.551467119104166
1139	0.014627147	0.156939756069829
1140	0.16986583	0.213706688288333
1141	0.10383104	0.511080357062576
1142	0.5638578	0.681991212553153
1143	1.6625375	1.45379108158108
1144	0.07219974	0.283915889001802
1145	1.0265689	0.921636513911274
1146	0.43914452	0.333948383369444
1147	2.235327	0.985193512885238
1148	0.121359974	0.217910008391473
1149	1.9685565	1.71076927676471
1150	0.32812625	1.52560272952604
1151	0.016027099	0.575089906880721
1152	0.068521805	0.145191600392544
1153	1.4565471	1.29868854959877
1154	0.38217476	0.284741698027642
1155	0.52370083	0.575368058404386
1156	0.90464234	0.455647674671111
1157	0.13078682	0.20169468578871
1158	0.60593927	1.1444601867973
1159	0.012179078	0.37222129033899
1160	1.1616696	0.253005547441884
1161	0.88885736	0.59734343320875
1162	0.9415011	1.02521984769309
1163	0.29371783	0.626378476852941
1164	0.09140836	0.176329787083333
1165	0.9836097	1.33063977021581
1166	0.08360664	0.235794527292391
1167	0.18629886	0.546414213984277
1168	0.5126474	0.839847481784946
1169	2.973106	1.42609325661967
1170	0.028107384	0.194422206726515
1171	1.1080009	1.04574395677619
1172	0.06451385	0.258251858861486
1173	0.18841006	0.260947523168794
1174	0.38181326	0.250377461893333
1175	0.45833093	0.348808395587778
1176	0.38768262	1.08486834036364
1177	0.6853467	0.617370397114943
1178	1.0514102	0.662265639991228
1179	0.0090318415	0.465494212714343
1180	0.30074796	0.321863679342632
1181	0.45669946	1.45800242769369
1182	1.2536952	1.20100425071569
1183	0.13883357	0.351965990249495
1184	0.14939299	0.178246295311111
1185	1.2418631	0.892926854145299
1186	0.34064308	0.29949604055814
1187	0.24428901	0.574601230024786
1188	0.6982049	0.885114995782946
1189	0.7400615	0.795481026584967
1190	3.0242088	1.83753998096667
1191	4.113623	1.06763752178175
1192	1.6410637	1.10357763074479
1193	2.2709427	0.721919363335
1194	0.5779948	1.04671120270513
1195	0.12226409	0.287802391753333
1196	0.32690766	0.555956488451961
1197	1.1448858	1.08398612264414
1198	0.08825234	0.552955255024762
1199	1.1587937	1.02899967919737
1200	0.10753759	0.375195595566191
1201	0.13846771	0.435194950416667
1202	0.1578148	0.21997320046875
1203	1.2845017	0.943147223270833
1204	1.0221983	0.887626659167647
1205	0.15749444	1.05182695505263
1206	3.282663	1.96971016316667
1207	1.0609562	2.03697443667157
1208	3.2129352	1.45702126918421
1209	0.18016915	0.168411548687963
1210	0.008721469	0.25664685105935
1211	1.0439429	1.73809890520175
1212	1.4826629	1.57271376360784
1213	0.1617271	0.269971652710884
1214	0.8834346	0.525270183284314
1215	0.10258771	0.170184657751852
1216	0.68550676	1.14657886260684
1217	0.0039049168	0.651323963019537
1218	0.21310374	0.375467858815476
1219	0.0648647	0.267352592626667
1220	0.659795	0.603839119354386
1221	1.231345	1.70425190258796
1222	1.7202754	1.05388627954762
1223	0.7386959	0.638082734268293
1224	0.9949805	0.3625152866575
1225	0.22545578	1.17532231727431
1226	0.22992331	0.348443527193572
1227	0.11914302	0.174748905180645
1228	0.71482193	0.427648416611111
1229	2.7402983	1.10999305263784
1230	0.19595723	0.453793608988572
1231	0.8328354	1.11114355988889
1232	0.037305567	0.0599515965670371
1233	0.34503514	0.197610494698252
1234	0.111547336	0.14695944262598
1235	0.060739007	0.789884570192045
1236	0.12067625	0.197997337756757
1237	0.46686122	0.286835263478286
1238	1.2876345	0.964439300681373
1239	0.566575	1.05188192520474
1240	0.4645058	0.913718395103175
1241	0.5681425	0.40434854160098
1242	0.11036212	0.443364091915657
1243	0.3617782	0.366697711027778
1244	0.55567783	0.5682450621025
1245	0.21907428	0.347802117613008
1246	0.101283155	0.13755143537598
1247	1.2962744	1.1580544287598
1248	0.9708418	0.929433673025641
1249	1.7333035	1.34596027444565
1250	1.4900118	0.616489627682292
1251	0.5646869	0.549118981503922
1252	0.094511926	0.153138188305714
1253	1.986816	0.731339028633333
1254	0.35281038	0.742243459813008
1255	1.1058712	0.909849077518518
1256	0.12077053	0.137178551712162
1257	0.07450896	0.197732005462302
1258	0.23109837	0.261956943912162
1259	2.193526	1.69923696299479
1260	0.034349848	0.41447902678069
1261	0.13252284	0.18834769280303
1262	0.47233307	0.790059769922764
1263	0.2466234	0.447773364372069
1264	2.883865	2.0426223702963
1265	0.61737543	0.809915192500811
1266	0.04839139	0.226933390744583
1267	0.37147453	0.516197063480808
1268	0.18143554	0.250191710771429
1269	1.4772407	1.44369865472059
1270	1.1265316	0.347646122975
1271	0.93665445	1.16385955300328
1272	0.39806747	0.953921276005747
1273	0.0035766172	0.162958594172989
1274	0.0747875	0.39013202145
1275	0.35801652	0.281173018392793
1276	0.14161566	0.284131699666239
1277	0.07245181	0.155952837717143
1278	0.0047861775	0.252694399239583
1279	0.36771086	0.348728348485714
1280	0.45363373	0.311326826238372
1281	1.5906126	1.60295573844872
1282	0.1349669	0.343425205910753
1283	0.062086303	0.19562873472973
1284	0.020256992	0.139853454894444
1285	0.5023936	0.530208198123232
1286	0.7006425	1.07018949607812
1287	1.4908779	0.770420595059444
1288	2.3628821	2.08480017092908
1289	0.5041863	1.23408247735057
1290	0.21463226	0.120569538369892
1291	0.13276313	0.175634880693452
1292	0.016598066	0.800409282948205
1293	0.6111956	1.05025519971053
1294	0.21343586	0.175346125136842
1295	0.3464408	0.454280306948016
1296	0.06644995	0.255024766654167
1297	0.14256452	0.198769419590476
1298	0.29815486	0.338049772131579
1299	0.6382073	0.271867359558772
1300	0.63198185	0.668090173436191
1301	0.119285755	0.451720322990079
1302	0.0037205173	0.154914361726778
1303	1.1910282	1.06919183486486
1304	0.031909887	0.440350846618229
1305	0.8823353	1.13234256889286
1306	0.7403849	0.726626646318628
1307	0.011265992	0.23023665572381
1308	1.348085	1.14399379105509
1309	0.15607947	0.335654748382581
1310	0.41430646	0.776992905444444
1311	0.03688749	0.194420917706863
1312	0.035716515	0.169074900680488
1313	1.6229892	1.03923328139286
1314	0.10947617	0.849749714325641
1315	1.7213835	1.65167938136364
1316	0.055659965	0.351878526692358
1317	0.15076993	0.134836725066667
1318	1.1194316	1.42070618026126
1319	1.2731763	1.21009061756373
1320	0.60491693	0.184766191749474
1321	0.91875505	0.566305672078431
1322	0.95233333	1.11609820808929
1323	0.52935755	0.53262801135
1324	1.3154175	1.416950606
1325	0.69354135	0.958600850550877
1326	1.3109515	1.2728106719898
1327	0.96265507	0.662973911041667
1328	0.27469867	0.358235908798851
1329	0.29375723	0.2204088434525
1330	1.868302	0.544986857498413
1331	0.37692434	0.406600137552703
1332	0.1237456	0.171097041342647
1333	1.0229809	0.383820591846154
1334	0.29763085	1.61506431737654
1335	0.17843388	0.495969368922929
1336	0.60494286	1.02976441958537
1337	0.22651604	0.725513749268651
1338	0.09654308	1.06587534959615
1339	1.3482647	1.23965762606322
1340	0.08866401	0.179201935875676
1341	0.106306694	1.23144833451786
1342	0.3204712	0.207768505092593
1343	0.11795404	0.136379340357143
1344	1.0755843	0.900076888353175
1345	1.7351553	0.884853779442456
1346	0.02688472	0.149782016067046
1347	2.2803662	1.9239269882938
1348	0.0016682529	0.220400243920238
1349	0.32905245	0.300926595147059
1350	0.09724308	0.308101175635135
1351	0.26149315	0.287138148429524
1352	0.21203706	0.774487190579167
1353	1.6111387	0.903775949158537
1354	0.109259896	0.174506547205238
1355	0.56301934	0.826071344381196
1356	0.7453416	0.704061668219298
1357	2.53556	1.91419690393023
1358	1.2755677	1.45544371289431
1359	3.3367422	1.44199514962745
1360	0.45111808	0.39063035136886
1361	0.82895905	0.434906467626126
1362	0.10422105	0.25690868815463
1363	0.0069034193	0.095734352500969
1364	1.0653719	1.32085089846847
1365	0.6995249	0.913366112863248
1366	0.39359525	0.984667721688596
1367	0.8209042	0.141252134524048
1368	0.23346584	0.615429216898413
1369	1.2340988	1.80444763032946
1370	0.122610174	0.267297443899048
1371	0.23172928	0.318835689667917
1372	0.3282987	0.638812144679825
1373	0.13414231	0.290717590210694
1374	0.96908253	0.863751064316092
1375	0.75819767	1.48527754182407
1376	0.3374243	0.198061525384744
1377	1.1603389	1.91939057898889
1378	0.15419847	0.298122396202857
1379	0.29800457	0.376872198703333
1380	0.27832836	0.317942405043772
1381	0.43212408	0.588092060387255
1382	0.52090114	1.17956565155392
1383	0.5604457	0.936945510475225
1384	1.0317304	1.20347874247436
1385	1.5507011	0.647510976555556
1386	0.06307518	0.0888910524039583
1387	0.16839066	0.40178445975463
1388	0.0257655	0.264872981808259
1389	0.8263269	0.253170590655208
1390	0.17090504	0.401661934764647
1391	0.60218316	0.515606311010648
1392	0.12042896	0.145117893221111
1393	0.30055436	0.358374839872093
1394	0.0885881	0.283372107183871
1395	0.1176158	0.259695441091667
1396	0.10517441	0.0815645414208333
1397	0.24352078	0.10259168857781
1398	0.13102841	0.451189578254902
1399	3.5414813	3.02487891675238
1400	2.073635	1.20136226647968
1401	0.3576119	0.531053222533333
1402	1.2261058	1.23679555022222
1403	0.058772445	0.205956531723627
1404	0.0782236	0.126086904166667
1405	0.107450634	0.35723109875942
1406	0.13466428	0.143449610328288
1407	0.60004956	1.17209450274405
1408	0.16496621	0.548572571566667
1409	0.4000608	0.615291375150521
1410	0.577203	0.505520494934409
1411	1.8751963	1.2008542769539
1412	0.36500368	0.460183437024731
1413	0.52777576	0.764240067644658
1414	0.87340844	0.485782140415238
1415	0.89191294	0.610922507519608
1416	0.13567296	0.227033147694444
1417	3.1820407	1.60776473200575
1418	0.6457224	1.07568555
1419	0.14705166	0.271570459308571
1420	0.66369027	0.575121822732576
1421	0.16711837	0.673399535501111
1422	0.07669627	0.108999305203704
1423	0.08113167	0.117939970020707
1424	0.25397888	0.210796550368137
1425	0.31676897	0.57861346155
1426	1.2366879	0.141766611226515
1427	0.04461639	0.158294317833333
1428	0.7851157	0.708267617916667
1429	1.5225279	1.04396147943162
1430	0.12997283	0.110119986868982
1431	0.9406499	0.715607793268229
1432	0.35136667	0.232319291343519
1433	0.14643003	0.259353029460125
1434	0.7279881	1.10655137156911
1435	0.4563555	0.579035078563492
1436	3.0835986	2.74940152161616
1437	0.3186226	0.207266303914228
1438	0.10465778	0.0932409487376069
1439	1.2333051	1.03071635593254
1440	1.3325696	0.549683942383333
1441	0.16142987	0.457277997204545
1442	0.38267177	0.716562519578125
1443	0.9058786	1.13168646970312
1444	0.18870202	0.294734791805128
1445	0.4398075	0.395038153570732
1446	0.22653155	0.464035585052083
1447	0.18856795	0.307721658512917
1448	0.010053637	0.111109497894715
1449	0.556196	0.880611520111111
1450	0.23406622	0.2514594013425
1451	0.03750354	0.372886433230667
1452	0.41100934	0.924508212352032
1453	0.30981657	0.245491970743211
1454	0.23421861	0.42764797087037
1455	0.3687077	0.782970408474468
1456	0.94183946	0.504236496653846
1457	1.4818332	1.022283282
1458	0.035566542	0.451542051687607
1459	0.47016302	1.25160383340417
1460	0.42065513	0.282076814608081
1461	0.1291113	0.117619075656667
1462	0.027982933	0.49776197188781
1463	0.006801124	0.0616423764278295
1464	0.17314488	0.276015664149123
1465	0.18702152	0.353601473604955
1466	1.0181137	0.88995982527957
1467	0.59185874	1.09885353500775
1468	0.057685327	0.136829171923148
1469	2.526937	1.14178520423577
1470	0.90990454	1.03846255911111
1471	0.39153793	1.09877097004234
1472	0.09588854	0.208959800917949
1473	0.7044622	0.899201435217172
1474	0.4760843	0.235312500305926
1475	1.6787025	1.66159326465476
1476	0.02333172	0.324702744377903
1477	0.018320577	0.922674091829514
1478	0.55048597	0.764183001610606
1479	0.08492071	0.224201372484524
1480	0.20442247	0.225979197125214
1481	0.09059679	0.168736072875
1482	1.6254274	0.63036555412193
1483	1.765333	1.35630732306989
1484	0.15066011	0.162222883814386
1485	0.01849086	0.0665857454313821
1486	0.39633527	1.0966976760625
1487	0.20824426	0.375458176033333
1488	0.08486198	0.666395010618981
1489	0.3183432	0.411586097945176
1490	0.06475882	0.193175791115686
1491	2.7696304	1.36194442901324
1492	0.19168077	0.238319747010417
1493	1.0744932	0.914344148643678
1494	0.11503571	0.177172910283333
1495	1.5645845	1.01632579933333
1496	0.35628927	0.272807808736434
1497	0.74141985	1.03277701144444
1498	0.16927268	0.308710707521528
1499	3.2401133	1.19746819080753
1500	0.14138377	0.956435760316667
1501	0.22367181	0.552399349839716
1502	0.25181395	0.390232783374359
1503	0.43565935	0.357169610610185
1504	0.24867877	0.528289680509804
1505	0.05433803	0.359309683947412
1506	0.059275802	0.49854004714383
1507	1.251225	1.19664313653646
1508	0.5328101	0.824062672478495
1509	3.4941084	2.35391159855556
1510	1.7226553	0.587788740806667
1511	1.4821811	0.853670143088235
1512	0.30216163	0.275912311256111
1513	0.5959486	0.141863510698095
1514	0.1333255	0.166972482942248
1515	0.104076646	0.199465081722917
1516	1.2970232	1.10379620436381
1517	1.1158224	1.4979050909798
1518	0.089579344	0.211686629224031
1519	2.1428165	0.839569060038021
1520	0.6037362	0.738432411285294
1521	1.005038	0.655851418440196
1522	1.2877449	1.16163489581159
1523	2.788523	1.73979386004762
1524	0.65792024	0.466656413069445
1525	3.7969592	1.21866574435648
1526	0.53445923	1.08086028146154
1527	0.2969749	0.279957469724324
1528	1.1907353	0.813741108626262
1529	0.4565206	0.578646999833333
1530	0.0049986173	0.0706195464095727
1531	1.6018841	1.07810287697879
1532	0.5356257	0.500114451995176
1533	0.22067577	0.864406262076512
1534	0.6289196	1.24275049777458
1535	0.83487916	0.94207254078
1536	0.07665221	0.193718189147222
1537	0.028117185	0.415964506480343
1538	0.20539564	0.180551849900877
1539	2.3090916	2.15085684559896
1540	0.36741838	0.550039987387255
1541	0.09215475	0.222885650742778
1542	0.19956475	0.314101232336111
1543	0.09793447	0.117981980447287
1544	0.21782753	0.652046240439394
1545	0.23425989	0.483208975540686
1546	0.7143143	1.23125557696847
1547	0.27813938	0.351423264831818
1548	0.24359207	0.335366136938597
1549	0.11920861	0.209279136361458
1550	0.16993086	0.298311682302778
1551	1.1284914	1.65258327209195
1552	0.07962835	0.345730794289035
1553	0.5266385	1.26039758785417
1554	0.2171758	0.653059874919271
1555	0.27583802	0.201809532162016
1556	0.15024361	0.162753082270588
1557	0.22838789	0.470485623906852
1558	1.0851586	1.22917311442917
1559	1.031555	0.915960690635135
1560	0.15147175	0.106063821897126
1561	0.25688934	0.405728057685185
1562	0.03401633	0.778425105674797
1563	0.07828139	0.13380509804878
1564	1.8668404	0.418497390964722
1565	0.29487208	1.19379598177957
1566	0.07111771	0.332686482532432
1567	1.2580973	0.709915167607353
1568	0.40118307	0.472771226531008
1569	0.119422846	0.259269469426423
1570	2.4162524	1.10184761881548
1571	0.04120312	0.166146252923874
1572	1.3339187	0.933255082872093
1573	0.012216406	0.171610638686917
1574	0.1759288	0.126224149750575
1575	1.0042912	0.695694086348611
1576	0.78266937	1.15096289495588
1577	0.9219414	0.951548044767544
1578	1.0358055	1.14876101095833
1579	0.14882246	0.200277963728889
1580	0.26391897	0.342815542311111
1581	0.16634856	0.278696900166667
1582	0.8428013	0.4172138885
1583	0.45813927	0.326408666769506
1584	2.1695063	2.14283579037681
1585	1.7132242	1.36715630355385
1586	0.29006162	0.57835918587931
1587	0.058530074	0.595590357734109
1588	1.1201324	1.08105500006202
1589	0.4153113	0.318820724421053
1590	1.9980263	0.926915024122807
1591	0.037089672	0.68371008599009
1592	0.08292147	0.199352980705238
1593	0.088291414	0.300156879345
1594	0.0096052755	0.261067342604484
1595	0.17133915	0.199541941241861
1596	1.3384291	1.03701789857471
1597	0.4150456	0.508890322567222
1598	2.2584643	1.66028994509048
1599	0.029228082	0.0661077676446465
1600	0.16838792	0.294663247403526
1601	0.26796237	0.481101906123656
1602	0.4246181	0.603617249138739
1603	0.09874952	0.166905341809612
1604	0.5841498	0.729431916395371
1605	0.36520007	0.373869032832895
1606	0.12769972	0.223102286533333
1607	0.21650377	0.179355975763514
1608	1.488652	1.07285932478889
1609	0.73876524	1.21443252918788
1610	0.05745854	0.119003026061261
1611	0.8686601	0.935916591021505
1612	0.19028312	0.228853680261261
1613	0.266276	0.518176970257143
1614	0.32227597	0.354378458327778
1615	0.61436814	0.79980899085
1616	0.3812852	0.529532287837399
1617	0.75757766	0.601226423237083
1618	0.6904676	1.1248898972402
1619	0.064749435	0.553181096157143
1620	0.5139621	1.1107017435813
1621	0.11892839	0.146149370859302
1622	0.2054486	0.124534916056296
1623	0.8644229	0.620499862656481
1624	0.2149029	0.149824539107207
1625	0.060734335	0.188663981852083
1626	0.3705102	0.4579473615125
1627	0.09173547	0.323972622920202
1628	0.060027264	1.08776979678038
1629	0.5595163	0.421037789216667
1630	0.2463987	0.318380134561261
1631	0.5324091	1.11411897625253
1632	0.28617877	0.502363032319444
1633	0.2788612	0.640253200263859
1634	0.122636884	0.170984014042857
1635	0.011467551	0.0798065389640351
1636	1.8117857	1.10973923116667
1637	1.0743642	1.22542237617281
1638	2.2359128	0.891943965936937
1639	0.9543623	0.354247340884722
1640	1.3024383	1.24176212462302
1641	0.7207387	0.483521515686667
1642	0.16799012	0.500328604779412
1643	0.035043035	0.257933310389815
1644	0.7294545	1.18386638713492
1645	0.077639595	0.126682968081197
1646	0.6520898	1.1616048144495
1647	1.1913059	0.990225473536111
1648	0.16628946	0.323515196436667
1649	0.33880892	0.68694819237963
1650	0.8226385	0.798885355575397
1651	0.7712122	0.8741226525
1652	1.8743764	1.43373129172222
1653	0.9962833	1.28331798375521
1654	0.09649128	0.353665464
1655	0.43827236	0.133586438032114
1656	0.2413904	0.610742373527027
1657	0.2035223	0.762722993577941
1658	0.20298868	0.497559226968469
1659	0.29240912	1.0141106507973
1660	1.2927004	1.43062238485806
1661	0.04368304	0.136459713141441
1662	2.4067469	1.75549771097807
1663	0.1187955	0.842860856110684
1664	0.4369498	0.948867556276042
1665	0.13550678	0.467319889142157
1666	0.5369555	0.4187032865
1667	2.3958776	1.59742763789474
1668	1.8513349	1.45085818773148
1669	0.11695585	0.241863395631667
1670	0.20641878	1.21987660992544
1671	0.20195375	0.315254517882992
1672	0.19869101	0.392957270418241
1673	0.0040264875	0.175509719173611
1674	0.60387903	1.1032009933587
1675	1.0949327	0.502887137271704
1676	0.004139681	0.41398491646803
1677	0.8425268	0.407891097282051
1678	0.027405167	0.0768808701618628
1679	0.074848115	0.561310115337398
1680	0.12430887	0.232150129518519
1681	0.22796719	0.783247579555488
1682	0.8413288	1.38353725181884
1683	0.13020055	0.222637655054472
1684	0.19955882	0.290978804821951
1685	1.0824728	0.59395380825
1686	0.46322867	0.272187891812342
1687	0.13549903	0.645623032502381
1688	0.33082154	0.725184043111852
1689	1.1437824	1.43928929808333
1690	0.20589572	0.221255702715152
1691	0.10954681	0.294611183048958
1692	0.73511076	0.134470456045528
1693	0.19287851	0.371581625298148
1694	0.47887182	0.363445902463281
1695	0.04558898	0.110376963998286
1696	0.79123086	1.05374335703889
1697	0.16674289	0.178795028169524
1698	0.4068352	0.128286526393333
1699	0.46432003	0.261549597637222
1700	1.0304099	0.963014889981481
1701	0.33364058	1.42247871570952
1702	0.08711392	0.704643821951515
1703	0.5664028	0.664272318744086
1704	0.19389471	0.459430427913675
1705	0.1726819	0.152275171626016
1706	0.2964055	0.499609980532407
1707	0.26956123	0.482837775578947
1708	1.121919	1.01262521593939
1709	0.006900628	0.160594138854735
1710	0.25877962	0.209371039497396
1711	2.1003144	1.51016121289706
1712	0.9458999	0.854876045028455
1713	1.8553749	1.05834600020115
1714	0.28286472	0.858968899137255
1715	0.26624337	0.438094815166667
1716	0.00828838	0.537415144735937
1717	0.68165976	0.319998814698889
1718	0.6514556	0.687345794888889
1719	1.7769307	1.03120435310811
1720	1.0019586	0.703875861078948
1721	1.9912022	0.434993972445238
1722	0.24491593	0.604461485160598
1723	0.36247984	0.249299932979845
1724	2.2568882	1.33115995459756
1725	1.5040151	0.593538643097386
1726	0.5737015	0.653921820554054
1727	1.1434546	1.30235846206373
1728	0.7850059	1.5009605445
1729	0.24443081	0.506123978119192
1730	1.2318546	1.00152158448246
1731	1.0217173	0.573513239343333
1732	1.232043	1.24103895118889
1733	0.09180086	0.282583696103604
1734	0.82601994	1.24801252552315
1735	0.20154092	0.337432400647619
1736	0.46294457	0.4878084398875
1737	0.305931	0.380402229216667
1738	0.20445791	0.304194617322072
1739	0.22086596	0.4117385784125
1740	0.08448892	0.21006328854955
1741	0.14797495	0.233761682741177
1742	0.33994532	0.249836292519658
1743	1.033424	0.674090643356482
1744	0.57462555	0.776900595776191
1745	0.122974984	0.58468542604375
1746	0.2032962	0.214444379914216
1747	0.32273415	0.424546939156482
1748	0.58749306	0.81983995073125
1749	0.10589363	0.104417301905952
1750	0.020661188	0.0495131902360163
1751	0.29740942	0.518693665427083
1752	0.76026225	0.423835427759512
1753	0.15577792	0.365722671971171
1754	0.28824517	0.280135100659259
1755	1.6993476	0.603109532548718
1756	0.19971798	0.798789869338542
1757	1.4649026	1.89331931371667
1758	0.37827158	0.85580207349187
1759	0.2906104	0.607111176275862
1760	2.3392568	1.91793794746032
1761	0.45265418	0.618176285776042
1762	0.019467149	0.307778444393496
1763	0.44635084	0.679334620837838
1764	0.6413454	0.94085977462094
1765	0.37579846	0.600623826141667
1766	0.4059734	0.524758284405556
1767	0.08008346	0.140351158901042
1768	1.0062366	0.442168668004706
1769	0.45111838	1.50677950122863
1770	0.22842358	0.389551583548246
1771	0.8023425	0.578455809574123
1772	0.5965792	1.03408353612045
1773	0.60961753	0.485951476590476
1774	0.31656593	1.23919898210215
1775	0.49443185	0.24696556381075
1776	1.8126863	1.70736984557527
1777	0.7906212	1.09301072413426
1778	0.07441895	0.148468228340196
1779	1.5495397	0.405113753208333
1780	0.113056734	0.259821538075676
1781	0.06324672	0.733089597393382
1782	0.22471306	0.799656236430556
1783	0.17596675	0.416249382823684
1784	0.72561675	0.474498109824074
1785	1.1851488	0.593526226461574
1786	0.67906165	0.831008615479798
1787	0.19874404	0.185254712262366
1788	0.07085566	0.191841101218561
1789	0.038687367	0.11145458735814
1790	0.3363215	0.435400575934444
1791	0.04170681	0.161668470689048
1792	0.84791195	0.326932157066667
1793	0.030869115	0.318312393186937
1794	2.5769997	1.36573769110294
1795	0.12567778	0.233848923024167
1796	0.041905347	0.180908217027083
1797	0.21937624	0.194277886399242
1798	0.8112869	0.828624353175439
1799	1.2723628	0.999277118455883
1800	0.50248086	0.599496304555555
1801	0.08651179	0.119690978273246
1802	0.14262964	0.18832975082598
1803	0.029708255	0.399777369912699
1804	0.046190165	0.620903166081373
1805	0.12470887	0.21393566571748
1806	0.13562644	0.519289748163889
1807	0.081985064	0.312459994064729
1808	0.12805733	0.471624683334188
1809	0.528334	0.790926714761111
1810	0.11902428	0.384261111077273
1811	0.28761986	0.491257855419271
1812	0.5288878	0.234216127060163
1813	0.66284734	1.19143520681026
1814	0.73396486	0.41174729496746
1815	1.8746051	0.981124545641667
1816	0.020411737	0.694310808473039
1817	0.002710598	0.585327767841191
1818	0.23114318	0.39636305342
1819	0.15758438	0.301840865071111
1820	0.31192052	0.281337891353431
1821	0.37005335	0.168161948225
1822	0.36447957	0.373337217131429
1823	0.007636889	0.195746625192973
1824	0.24118625	0.79792717254955
1825	0.08886839	0.227462066413248
1826	0.1816548	0.848260200450617
1827	0.35368335	0.286166940784167
1828	1.0801704	0.934257053471429
1829	0.5528314	0.9624510855
1830	2.0112875	1.0797706639381
1831	0.3343141	0.687187380932432
1832	0.04030394	0.174401936789216
1833	0.026067492	0.329995416129915
1834	1.7681533	1.17760721101389
1835	0.13923028	0.208936638300926
1836	2.1120977	1.27378762557176
1837	0.39735937	0.830217577117117
1838	0.97016263	1.01730116671852
1839	1.904455	1.3800804740303
1840	1.4824827	0.524893510933333
1841	1.4438372	1.03201922754583
1842	3.2343154	2.06180719627451
1843	0.043607034	0.719545061632571
1844	0.5394138	0.806641613322917
1845	0.02415256	0.270403836543229
1846	0.21061109	0.16222896303114
1847	1.4169161	0.819372624
1848	3.4385724	0.82440019109009
1849	0.6829505	0.927222277486111
1850	0.9080847	1.25715431802137
1851	0.31462902	0.80056286403252
1852	0.17804237	0.170204460922222
1853	0.27605426	0.150405168422917
1854	0.13203484	0.199232718743023
1855	0.113473184	1.18318813941667
1856	0.2435762	0.171018535264583
1857	0.04792088	0.659353742623233
1858	0.10734602	0.182971280922523
1859	0.8609554	1.23176679983333
1860	0.18428051	0.248952397131814
1861	0.17208956	0.838374058583559
1862	0.13358888	0.511916123666364
1863	0.13390972	0.267514270036789
1864	0.07577362	0.195986096901042
1865	2.4957345	1.99792633321429
1866	0.9070874	0.45419501741281
1867	0.52144814	0.63352017075946
1868	0.04311914	0.101391287033333
1869	1.5623746	1.07018997513922
1870	0.70396113	0.121722975832863
1871	0.092985295	0.245329805597917
1872	1.365745	1.40597097102381
1873	0.2588894	0.872928599291936
1874	0.21423653	0.216546649252688
1875	0.008429059	0.505181063500877
1876	0.194237	0.439713767692083
1877	0.18536939	0.263546994075
1878	0.11391183	0.152621590854444
1879	2.3694184	1.60105861708823
1880	3.9928908	2.96106566217054
1881	0.07725824	0.146099984573333
1882	0.886648	0.492465481109849
1883	0.08733272	0.238255417118636
1884	0.08251437	0.475986623367619
1885	0.0356939	0.120153416773611
1886	0.08562591	0.22238283673931
1887	0.1317703	0.339584219628572
1888	0.51110625	0.271804351844203
1889	0.059608664	0.0703000664102564
1890	1.3123404	1.61611915995833
1891	0.037621498	0.0847395569839286
1892	0.7833362	0.78317357275307
1893	0.81826353	1.12614795222917
1894	0.2908544	0.376497451052778
1895	0.54218924	0.4738429989875
1896	0.34106869	0.362833909483871
1897	0.37144405	0.532097996282624
1898	0.2073766	0.29614585037193
1899	1.0548365	1.15671262856482
1900	0.42324805	0.348096354784921
1901	2.3640993	1.58532598881481
1902	0.3061239	0.587223366748062
1903	0.008168273	0.331226651579583
1904	0.58395153	0.856132298032258
1905	0.03739016	0.27181021420453
1906	0.2959386	0.488947685783334
1907	0.09440119	0.308515627015351
1908	0.81150156	0.424454997297059
1909	0.91638017	0.450110735017857
1910	0.014838298	0.216275738297072
1911	0.04230411	0.227767930813524
1912	0.15215656	0.841088622840741
1913	0.51856035	0.225874730188254
1914	0.6517976	1.15487198672222
1915	0.030885365	0.386718546345238
1916	0.3490695	1.17888112413739
1917	1.8762412	0.864645873301802
1918	0.21854478	0.118941764405072
1919	0.4793984	0.502062312612903
1920	0.014253203	0.058034367575
1921	0.29306924	0.281902281236111
1922	0.25654697	0.550377428494445
1923	0.11889675	0.302092511130588
1924	1.7695489	0.588065619468519
1925	0.007863955	0.238985937745641
1926	0.2426916	0.443645378360351
1927	1.473395	2.02127909590323
1928	0.6229383	0.691295968769298
1929	0.36588174	1.16274933910215
1930	0.028356757	0.433470066607456
1931	1.0543286	1.31143305257724
1932	0.31636822	0.429277010610069
1933	0.08854117	0.181835609254878
1934	0.6725661	0.710740850884259
1935	0.2798226	0.831744914471491
1936	0.38686135	1.49286428200397
1937	1.6002327	1.74576220710648
1938	0.011768973	0.15900885085307
1939	0.22610278	0.735674244339048
1940	0.8767205	0.857190512170202
1941	0.21164164	0.22765039265381
1942	0.14600024	0.351697097820811
1943	0.76658607	0.757463824637255
1944	0.019544762	0.0915112144312037
1945	1.3714254	0.498885931835812
1946	0.06267957	0.246848162493333
1947	0.14211133	0.470583597561111
1948	0.113649115	0.140537855291667
1949	1.748997	1.05737619682049
1950	0.93875563	0.88612820274058
1951	0.06838282	0.529958228515151
1952	0.0152708255	0.18854689052655
1953	0.06708398	0.173097874300427
1954	0.12905252	0.401336154880952
1955	0.52654135	0.80886905846875
1956	1.033259	1.03475355770098
1957	0.20889986	0.120659625851316
1958	0.38730037	0.612472713258065
1959	0.008850545	0.385325890652237
1960	2.6908076	1.72482836463167
1961	0.05797965	0.163435329795556
1962	0.8238129	0.464454768951852
1963	0.6701527	1.05587662627143
1964	0.67619354	1.15489207953704
1965	0.7844395	1.06468514699573
1966	0.009735601	0.27220816019543
1967	0.07003193	0.288312398738333
1968	0.14791805	0.808761729501961
1969	0.3086631	0.675549604456989
1970	0.62566024	0.123055679624762
1971	1.319897	1.50925415900901
1972	0.01670461	0.122096895348974
1973	0.6611206	1.10534566635278
1974	0.92586756	0.370806754850404
1975	0.07213344	0.238293521186111
1976	1.5025089	0.431779082282114
1977	0.2346595	0.32179367495
1978	2.0849643	0.803794296796079
1979	0.037694264	0.137171187114815
1980	0.5022545	0.989910214255556
1981	0.25159764	0.376762038738095
1982	0.5551305	0.324895693326068
1983	0.17799118	0.422130255420833
1984	0.42518124	1.13623338565657
1985	2.056773	1.2953394800098
1986	0.6410125	1.51618515603604
1987	0.27616242	0.421551247696667
1988	0.7161838	1.54438675965686
1989	2.2652402	1.55136443844755
1990	0.2067406	0.187206411785135
1991	0.82281107	0.353873643066304
1992	1.2587318	0.694180010320513
1993	0.52295935	0.203706997277619
1994	0.081697755	0.605879467566482
1995	0.8097713	0.665249184598485
1996	0.3164046	0.607482501775439
1997	1.8305359	1.11328736687985
1998	0.17791627	0.453745221507936
1999	0.21649905	0.469099929110833
2000	1.105533	0.723122173764706
2001	1.0230374	0.635646410210688
2002	0.3824411	0.381869077127193
2003	0.5757346	1.24805480088034
2004	2.653217	2.13738815307692
2005	0.12357771	0.256335314016667
2006	1.8231173	1.53216368825214
2007	0.7371534	1.30244393578283
2008	0.6554032	0.365493867463178
2009	0.051254448	0.13793911922963
2010	0.07361697	0.340591017101515
2011	0.15107167	0.223729311192009
2012	0.86060506	1.57939829394715
2013	0.105825715	0.240571817523232
2014	0.1338104	0.273826177764341
2015	0.04300243	0.0940733981135135
2016	1.6320274	1.72970032114583
2017	1.3686429	1.03257834015766
2018	0.24198872	0.385789442873984
2019	0.07806081	0.139494065134752
2020	2.6343558	2.33381699658333
2021	0.048932824	0.168696324302941
2022	0.28322273	0.2888520610625
2023	1.633127	1.39805202811818
2024	0.16455726	0.410193183520833
2025	2.2947078	0.834056153407071
2026	0.09249399	0.181954839791844
2027	0.72967887	0.623475635231183
2028	3.5229871	2.16682900345614
2029	0.06897451	0.283034706339431
2030	0.8729711	0.592999686633334
2031	0.880609	0.572287152943694
2032	0.1876239	0.288042429426357
2033	0.91776717	0.889211232033333
2034	2.1419182	1.11080630689048
2035	0.035163328	0.161021808545463
2036	2.4291577	2.0386726596875
2037	0.008717381	0.130638011976171
2038	0.08634612	0.182808282048718
2039	0.07511657	0.257729835286022
2040	0.22032702	0.40947700474321
2041	0.7386392	0.31325437822
2042	0.20687862	0.929708421688406
2043	3.2729356	2.50906047280208
2044	0.33385742	0.4646755892225
2045	0.5132675	0.329809450935185
2046	1.0844476	1.72568075662037
2047	0.11850168	0.146928738026812
2048	1.9142298	0.348788121186957
2049	0.31232998	0.431636368860721
2050	0.46554452	1.21509862696154
2051	1.5409831	1.24628343629386
2052	2.1363523	1.50121797362821
2053	0.828976	0.834519949116162
2054	0.06979246	0.276547107330667
2055	3.4218476	1.6910935032575
2056	0.15387212	0.271149549329032
2057	0.048282772	0.173956611570652
2058	0.23276602	0.518499844403509
2059	0.20169719	0.277978010984314
2060	1.4736919	1.51378878238258
2061	2.6974823	0.967973544856306
2062	0.08836381	0.186038234282143
2063	0.6943144	0.659183773117778
2064	6.111034	0.688833784004505
2065	0.13996701	0.354031459075397
2066	1.0013244	0.989521493921052
2067	0.061589677	0.0945825241857143
2068	0.2562339	0.4890197708025
2069	0.5873323	0.864528325492424
2070	1.5975045	1.36526773794935
2071	0.5032345	0.131880240064417
2072	0.07521264	0.279369815864103
2073	0.07376599	0.338800671727778
2074	0.99712026	0.951516455558824
2075	0.09204991	0.241445767956098
2076	0.16543257	0.247909659895122
2077	0.50655174	0.201087773664596
2078	1.074485	1.04355230087963
2079	0.55948275	0.617543616364286
2080	4.185651	2.3366358774537
2081	0.36997426	0.444590959708547
2082	0.5718907	0.65129477797693
2083	0.09024735	0.479668264724359
2084	0.30657843	0.751049164230392
2085	0.06127198	0.423728068003922
2086	0.941402	0.591634792793651
2087	1.1685071	1.2362619336875
2088	0.19554582	0.150296783170476
2089	0.07066832	0.172983732626923
2090	0.22519344	0.182104753289773
2091	3.307853	1.62874444464216
2092	0.13935016	0.304959693741379
2093	0.6794285	0.60309868094309
2094	0.21955061	0.146310703158889
2095	0.77420104	0.862798297727604
2096	0.57612675	0.712247813175
2097	0.57481873	1.04398247779675
2098	0.051002845	0.154253293416216
2099	1.5271201	1.13345133980303
2100	0.23821695	0.460128659965625
2101	0.5995548	0.964327589107018
2102	0.42468575	0.781731551362069
2103	0.016317561	0.107275118243438
2104	0.16155548	0.343239068154472
2105	0.07286999	0.643725275494444
2106	0.077539206	1.5394084531036
2107	0.086270854	0.0689210358166667
2108	1.3472246	0.743792279364228
2109	2.1400366	1.7963286438964
2110	0.637467	1.31649993489706
2111	0.05223763	0.252804176622093
2112	0.090226896	0.232796067622222
2113	0.20642988	0.365062145230769
2114	0.07578006	0.212117903115417
2115	0.1654458	0.335054160861111
2116	0.5591193	0.524701510068469
2117	0.3106997	0.194686613487838
2118	0.09056566	0.231009066343548
2119	0.12811455	0.265809681410753
2120	0.22073916	0.428260929929293
2121	0.0064050476	0.118100311637607
2122	0.4519486	1.15684545721078
2123	0.11403242	0.35975253943037
2124	0.9595225	0.985102380401709
2125	0.3237387	0.376976592364035
2126	0.84256804	0.243470404893939
2127	0.871316	0.252595100961966
2128	1.9858555	1.05087689689899
2129	0.019474195	0.281573996866847
2130	1.9995031	1.01792609237745
2131	0.26898316	0.730518884025641
2132	0.7116845	0.625007284342315
2133	2.6243663	1.84174694361553
2134	1.0630075	0.9633630475
2135	0.6764197	1.0613288506
2136	2.4953706	0.611075504765517
2137	0.13625659	0.326334526857843
2138	1.2272735	0.819441843112403
2139	0.8443144	0.578700624975203
2140	0.23948726	0.617684966115
2141	0.26428002	0.241012910259954
2142	0.28632158	0.43231472450614
2143	0.78132075	0.962448104076577
2144	0.18844414	0.645293895750104
2145	3.0619857	0.877839923925926
2146	0.06915834	0.206833801076042
2147	0.0789504	0.366264324695299
2148	0.9277909	1.00241981847287
2149	0.23876946	0.381061664378333
2150	0.12225724	0.219716242170968
2151	0.18674555	0.355132640327273
2152	3.1907423	2.13425882605714
2153	1.2702668	0.379359134577619
2154	0.7028466	1.08392002767778
2155	0.13806145	0.279298531362381
2156	0.273675	0.318976222959491
2157	0.83983046	0.822196755106061
2158	1.5298244	0.813136776318376
2159	0.1973329	0.386486317573913
2160	1.2775308	1.57821014215657
2161	0.056011677	0.187365054583333
2162	0.31931323	0.167691740899015
2163	1.143718	1.14659208174074
2164	0.70317835	0.554705795046875
2165	0.16988309	0.187791423056373
2166	0.004156402	0.493315012622917
2167	0.42058554	0.68005652543772
2168	0.6724361	0.866450916373737
2169	0.20234928	0.247578183298611
2170	0.059152078	0.314500654239363
2171	0.14123394	0.121832694109259
2172	1.3966721	0.292207795051429
2173	0.18751355	0.147426584528455
2174	0.4536113	0.614752268478572
2175	0.47331786	0.57147900555
2176	0.04662226	0.357289030747685
2177	0.29932097	0.316424582672222
2178	0.10018802	0.338343630013793
2179	2.154326	1.83038624122807
2180	0.11356566	0.578402472771429
2181	0.14116539	0.572602674264584
2182	0.011862152	0.109517276147837
2183	1.3348807	1.14806843229778
2184	0.10752011	0.131196799790232
2185	0.0077973376	0.441491530846781
2186	0.10537645	0.182274410300901
2187	2.7531414	0.551859383529546
2188	1.860646	1.01394975846111
2189	0.13572127	0.197406340186275
2190	1.330142	1.3211188639
2191	0.52188176	0.510007184703846
2192	0.1552556	0.282574175877778
2193	2.5819278	0.957980843151961
2194	0.27557877	0.284330209578125
2195	2.2791598	1.30699011526496
2196	0.1763973	0.4844633164375
2197	1.2663317	0.915947663153333
2198	0.062595755	0.204175367671852
2199	0.017966552	0.275671051848958
2200	0.27225268	0.697599234179825
2201	0.5101206	0.532228335842105
2202	0.097001836	0.106962707761979
2203	0.93136126	1.36411837118889
2204	1.279466	0.592548133597561
2205	1.7324266	1.78817082001786
2206	0.004574474	0.437594394538462
2207	0.5198528	0.63949148329798
2208	0.41911757	0.513470388468468
2209	0.40020135	0.2902325548725
2210	0.5357665	0.962851113675676
2211	0.5503689	0.503893400699074
2212	2.4684348	1.28330505137917
2213	0.31743202	0.457698258204762
2214	1.9489061	2.02254381404412
2215	2.6118696	1.9245688026625
2216	0.08934265	0.142628095137387
2217	5.654841	2.97382220302899
2218	1.7163292	0.817376347954545
2219	0.60163504	0.712663181592709
2220	0.4394824	0.222369427823077
2221	0.3093867	0.223668251318333
2222	0.06467856	0.085475188715404
2223	0.3268308	0.923299618120834
2224	0.06314159	0.113267233441441
2225	0.02247079	0.162424435984685
2226	0.24427702	0.487642770797826
2227	0.23705278	0.407532381631313
2228	1.141207	1.31880055595714
2229	0.69520086	1.08985730888158
2230	1.8945152	1.61823710701111
2231	0.47076133	0.30558555537931
2232	0.24810198	0.253719056644444
2233	0.28157774	0.31813153442265
2234	0.79278994	0.65577787765991
2235	1.2041919	0.988731188263158
2236	2.1762316	0.937977232882353
2237	0.50238883	1.00024497944608
2238	0.3721514	0.556339056230392
2239	0.907929	0.60023016390625
2240	0.064972706	0.172144586537387
2241	0.06863778	0.117871928403295
2242	0.56242853	0.318200829441905
2243	0.25953367	0.540520294872549
2244	0.48038983	1.29609646163636
2245	0.46323058	1.01418709176587
2246	1.6707896	0.911138394987805
2247	0.5372669	0.651482666323529
2248	1.1924419	1.55818425452778
2249	0.77874583	0.795293056158537
2250	0.79632163	0.563634887615591
2251	0.12253484	0.252599400725807
2252	0.03618937	0.242777142407137
2253	0.19404581	0.692066675123
2254	1.2950274	0.952678000245714
2255	0.115139656	0.375251851852976
2256	1.6141915	1.88593899319583
2257	0.25073236	0.327474939699074
2258	0.21394898	0.26021589631938
2259	0.44508192	1.15654243468966
2260	0.7294515	0.72573477540641
2261	1.9270397	0.321029684113426
2262	0.22961509	0.272218161184685
2263	0.8025709	1.22982082506322
2264	1.0969058	1.16931761576923
2265	0.2832429	0.391943415683761
2266	0.31103304	0.448082717970556
2267	0.07917877	0.0910693721929167
2268	0.08822507	0.430664859489583
2269	1.5086102	1.33195509781081
2270	0.20110223	0.42060618883619
2271	1.450721	1.36543340870543
2272	0.9135585	1.4250613086828
2273	0.7972977	1.14269345972358
2274	0.1012411	0.355276022642544
2275	1.1738726	1.08724760068964
2276	1.0213475	0.855215638552381
2277	0.017634775	0.286925317070833
2278	0.5667028	0.312405845246015
2279	0.010039455	0.0809937293776126
2280	0.6095682	1.233965352075
2281	0.1333992	0.162724973414583
2282	0.045946438	0.344768506667269
2283	0.22052476	0.521061950734259
2284	0.45955303	0.278763297400833
2285	0.43860528	0.88236682912963
2286	0.14099336	0.569410943876069
2287	0.43446347	1.17365925798103
2288	0.6554696	0.766450651924309
2289	2.5310543	0.666344476477143
2290	0.3011485	0.483242988529386
2291	0.18745272	0.793977819607778
2292	0.23869026	0.168618964582613
2293	1.3579198	0.97593578979365
2294	0.31725904	0.578369713526768
2295	0.13495405	0.179184950120833
2296	0.17053959	0.237110306661905
2297	0.34796527	0.670138445626984
2298	1.069254	1.4847018425
2299	1.840394	1.11285875865441
2300	0.11500741	0.173778279600355
2301	0.30193993	0.229224735368011
2302	0.020516664	0.315522308417742
2303	0.27435845	0.162125212388426
2304	0.17305145	0.50843248193421
2305	0.15133563	0.27930333830049
2306	0.15519857	0.1745114353625
2307	0.12587337	0.428841384016667
2308	0.19294167	0.415318114435833
2309	2.3431332	2.07901548311458
2310	0.07207972	0.142181520493243
2311	0.08540562	0.524792427474359
2312	1.0791018	0.540296505937805
2313	0.9693765	0.791820323095408
2314	0.1426591	0.246467711823171
2315	1.1381619	1.10590052960481
2316	1.2585491	0.850549017233333
2317	0.107183635	0.148647610787745
2318	1.106653	0.823803256765625
2319	0.20217955	0.359095561862619
2320	0.040951148	0.137079223499495
2321	0.093551025	0.146357400537281
2322	0.38881445	0.616684944534483
2323	0.009000919	0.177556701375315
2324	0.2710765	0.10651050683819
2325	1.4676764	2.16883700968254
2326	0.039224308	0.143818971019767
2327	1.435133	1.12005441485659
2328	0.27377942	0.463055307451471
2329	0.9731577	0.667904481157143
2330	0.6406874	0.894557374401709
2331	0.07878999	0.422527987215625
2332	0.12038185	0.4701146336375
2333	2.5986423	1.20085815004505
2334	0.002793736	0.262104639154902
2335	0.40526405	0.858284966582171
2336	0.7709307	0.345371819481712
2337	0.19323112	0.21111960944375
2338	0.05004866	0.201388287771667
2339	0.57412666	0.848821929421053
2340	0.12719025	0.188289164394716
2341	0.16744752	0.131463141768561
2342	2.2828858	1.19195086290286
2343	1.5411667	0.986319796921296
2344	0.1632509	0.152149722145495
2345	0.57964414	0.646126316844624
2346	1.124328	0.382781121838597
2347	0.18549585	0.148624857162381
2348	1.4593675	1.87910783552632
2349	1.069979	1.28995183614583
2350	1.2884202	1.18560748485405
2351	2.0354915	0.571341633665041
2352	1.2185156	1.36135448969444
2353	1.7798678	2.00465705466667
2354	0.33428532	0.177874412115294
2355	0.28082505	0.515207272793519
2356	0.21508317	0.206649109596825
2357	0.28788888	0.252591748607456
2358	0.40481162	0.249693359909333
2359	0.3939996	0.589870446844298
2360	1.9984746	1.06634359405405
2361	0.7000305	0.32919110399693
2362	0.5450037	0.879777724756098
2363	0.64209306	0.740407536302632
2364	0.16842024	0.599568107146847
2365	0.37399125	0.632796008057971
2366	0.45850444	1.26778454333951
2367	0.16177885	0.376130676260417
2368	0.13777	0.133661998441667
2369	0.18915538	0.178884410803241
2370	0.055638295	0.159669460091333
2371	0.30838296	0.549908136915789
2372	0.06493181	0.325209269522222
2373	0.3627181	0.468127633336434
2374	0.19761185	0.505031678984127
2375	0.25080112	0.165623491203125
2376	0.22215635	0.389211110130775
2377	0.19883087	0.403598585305303
2378	0.25530675	0.469562389541463
2379	0.1897839	0.216137988987297
2380	1.6599478	1.52325005484146
2381	0.17020205	0.705857187847619
2382	0.26388133	0.256757293621333
2383	0.5691571	0.334721369647436
2384	0.06889902	0.1340108253475
2385	1.1451694	0.614180910826923
2386	0.16919133	0.277910104605555
2387	4.5871725	2.33259228548333
2388	0.33615956	0.453345802432246
2389	0.73954445	1.03549905831176
2390	0.13391852	0.218371998210185
2391	0.03190594	0.456587565419583
2392	1.2705718	1.74362881020833
2393	0.34774315	0.678724564043694
2394	0.1524651	0.234837623353419
2395	1.3742118	0.676650036219753
2396	2.2522957	0.907657880179412
2397	0.5972297	0.596843158295714
2398	0.54004896	0.54682097126092
2399	2.1443563	0.29110358459697
2400	0.09233036	0.194397635259524
2401	2.0649095	1.0175350275202
2402	0.9199388	1.03089420888739
2403	0.034153093	0.193474201248095
2404	0.18644886	0.209120473263441
2405	0.09811369	0.779210117144086
2406	1.1585405	0.269554015409804
2407	0.26938564	0.2674962483
2408	0.2505871	0.435794965979675
2409	2.4150121	1.21577665001389
2410	0.7192287	0.750162565836364
2411	2.4195673	0.715358006984848
2412	0.037224542	0.35189859638151
2413	0.46677065	0.766909950306201
2414	3.0769207	2.20137406688889
2415	0.1443632	0.181948149778509
2416	0.09458233	0.0988942116146342
2417	1.1304572	0.945047454948185
2418	0.108342774	0.272488387521863
2419	1.2083023	1.6383272517
2420	0.3699811	0.285789826168377
2421	0.19268043	0.130053793844326
2422	0.927915	0.53607497140463
2423	0.33508787	0.404123827622222
2424	0.8689023	1.1476100393125
2425	0.13820517	1.0229869641375
2426	0.3091046	0.689473117071429
2427	0.7635243	0.913089903461538
2428	4.163013	0.552353014291667
2429	0.3846906	0.373274850916667
2430	0.10966011	0.329484524605208
2431	1.0111992	1.20459332193137
2432	0.39644083	0.365800644782051
2433	0.5120128	0.190862942334524
2434	0.9026368	1.02232606533784
2435	0.65529835	0.870316819231373
2436	0.23255034	0.391346496498684
2437	0.31570297	0.189089756561111
2438	0.24762283	0.719957638944444
2439	0.8627958	0.780595495573232
2440	0.26157132	0.344345268090171
2441	0.12674679	0.935718300991482
2442	1.0603092	0.649743545642323
2443	0.19834262	0.476397265755714
2444	0.12214942	0.219847931845175
2445	0.013671278	0.122684888005392
2446	0.63443905	0.582617266808824
2447	0.6935384	0.574730532422764
2448	0.039916243	0.290424430389583
2449	0.82759154	0.681903026289584
2450	0.58994174	1.14922673632381
2451	0.38636953	0.438202666365116
2452	0.50946945	0.663772645940171
2453	0.4376978	0.781708660949495
2454	0.7535363	1.38244955608333
2455	0.15656506	0.237275393298148
2456	0.4042316	0.192344073449612
2457	0.7476032	0.359736508609729
2458	0.009882701	0.236793222765591
2459	0.23004586	0.461170782277477
2460	0.008593029	0.243547632716074
2461	0.11054812	0.192421111048781
2462	0.42537987	0.711572473927928
2463	0.089638695	0.1771345585
2464	0.23933338	0.254427815702941
2465	0.25969815	0.398231679481197
2466	0.81075704	0.951533706342857
2467	0.16134627	0.226911064878333
2468	0.02087843	0.590459725713158
2469	0.7683718	0.52571758906
2470	0.19916806	0.590193042345714
2471	0.1231584	0.223617357586111
2472	0.30945772	0.904819022611574
2473	0.038333874	0.375137289788725
2474	2.0775938	1.13536882592308
2475	0.9289611	0.521288578947436
2476	3.293981	3.27512202065789
2477	0.1376786	0.188172242638462
2478	0.056727193	0.175275619878378
2479	0.45862955	0.716569573598148
2480	0.7186952	1.09207795893333
2481	0.5725841	1.33375486294118
2482	1.5812364	1.38108939736937
2483	1.2447498	0.359158824196847
2484	0.01550166	0.058069818533
2485	3.5219793	1.49958490256667
2486	0.03197119	0.159595633781771
2487	1.2198743	0.432027209583594
2488	0.47917584	1.01716454568981
2489	0.004726947	0.342264639422179
2490	0.120753504	0.40464701444375
2491	0.56039053	0.437745670026667
2492	1.081687	1.07374283465217
2493	0.73253953	0.549719625971568
2494	0.37276536	1.02405270016667
2495	0.8434627	1.36916394137879
2496	0.2086944	0.228993542346154
2497	0.58511275	0.707897281061111
2498	0.20874603	0.25175886595
2499	0.42256913	0.272663626387387
2500	0.21105646	0.223604408209091
2501	0.37398854	0.510629874511905
2502	0.4479219	0.46475956649495
2503	0.54467183	1.02724595106977
2504	0.12702979	0.0871090213258503
2505	0.37358788	0.347807334602941
2506	1.0377145	1.06805675730496
2507	3.810676	2.34770203359848
2508	0.047194984	0.428685906164341
2509	0.6052912	0.236686528320732
2510	0.25045845	0.269376392155702
2511	0.117624715	0.535076418367983
2512	0.64138216	1.22042130778333
2513	0.20958096	0.575352634062037
2514	0.7816778	0.525181328559596
2515	0.049574215	0.283478147581984
2516	0.8632732	0.81498552045935
2517	1.8484482	1.85930252101042
2518	0.0349847	0.0912500206304065
2519	1.189209	0.757746159755555
2520	1.2298518	0.856550031986842
2521	0.3971014	0.590965411053509
2522	0.60345733	0.481227063033333
2523	1.6160203	1.40419970801429
2524	0.6456632	0.478333070995736
2525	1.7234195	0.726917229643678
2526	0.049687125	0.357243196208712
2527	0.4184307	0.363556616108547
2528	0.12997545	0.142782336841667
2529	0.8526332	1.01638176895556
2530	0.25948405	0.452359607524762
2531	0.016563546	0.70451276840642
2532	1.3234681	1.16328825297685
2533	0.025857637	0.363702656716129
2534	0.98828673	1.61516215392983
2535	0.6519608	0.517482327106482
2536	0.11529378	0.168521455845045
2537	0.008678212	0.525461126840909
2538	0.13582623	0.74570930952125
2539	0.56397384	0.840078119151515
2540	0.074694335	0.260674018036343
2541	0.45607132	0.281537776983704
2542	0.40757233	0.230852942735859
2543	0.13893116	0.165022869205093
2544	0.69193536	0.463008047274775
2545	0.36438125	0.732769319373106
2546	0.7766121	1.04768851090686
2547	0.64247364	0.658954574736111
2548	0.3150996	0.220184318077778
2549	0.48891443	0.195779853688492
2550	0.11297427	0.317414091488518
2551	0.24843709	0.316740915724138
2552	0.47336975	0.574319734504
2553	1.3470571	0.535349462939535
2554	0.4723044	0.384697665775758
2555	1.234672	1.39956431214815
2556	0.21878488	0.159028111903153
2557	0.47612292	0.349971119376667
2558	0.3096656	0.361737064555556
2559	0.03042115	0.277163406847297
2560	0.17029749	0.158601438550379
2561	0.14659403	0.326382196764957
2562	0.18055664	0.366126266402469
2563	0.34791437	0.48249805332483
2564	0.27462494	0.62692397981982
2565	0.6739664	0.410628968667816
2566	1.900513	0.800953782674074
2567	0.20677982	0.752192190598485
2568	0.3275898	0.691040533933682
2569	0.5091281	0.386108339982456
2570	0.12383411	0.345658206242857
2571	0.67905736	0.507112831308108
2572	0.039604202	0.240844798117083
2573	0.90371156	1.13894876028108
2574	0.9239332	0.462318313937209
2575	0.22687936	1.00850864642044
2576	0.33821037	0.786628249497126
2577	0.15775898	0.258795452166667
2578	0.036715873	0.144493833467094
2579	2.444416	1.40480541531053
2580	0.59439397	0.604118685907315
2581	0.46079862	0.519121586931624
2582	0.2087046	0.125570539061316
2583	0.3538896	0.246262571226667
2584	1.1331993	0.936307606472222
2585	0.61636454	0.219453240592333
2586	1.727529	1.46793009941667
2587	1.5812087	0.479335606731081
2588	2.3124342	0.438011937778095
2589	3.9410675	1.41877977138889
2590	0.87765664	0.384046511930417
2591	0.039472215	0.259490356521905
2592	0.09336304	0.437385121406061
2593	0.009231089	0.0791724373557456
2594	0.06952077	0.585755667086263
2595	0.08296813	0.241179907449697
2596	0.08292766	0.139541575228889
2597	0.32985395	0.687574097876587
2598	0.068738386	0.145843487853659
2599	0.8073151	0.378727952744286
2600	0.15125409	0.118511654207051
2601	0.8625379	0.728311233600877
2602	0.28286937	0.697255412305556
2603	0.38308254	0.80683715586218
2604	1.1502807	1.1115516908114
2605	0.24247192	0.606498156702174
2606	0.9358487	0.145135654290873
2607	0.81821334	1.06255807140933
2608	0.15513344	0.931398915481481
2609	0.34367654	0.150001433594573
2610	0.06984327	0.322787999267521
2611	0.09056478	0.12020151958172
2612	0.052814785	0.0668814239503846
2613	0.088341184	0.172212467333333
2614	1.792582	1.02924619115714
2615	0.34427145	0.277219045447222
2616	0.2734466	0.708322425054054
2617	0.06790024	0.150835455093496
2618	0.5763824	0.601210637525253
2619	1.5641316	1.01043043060811
2620	0.02582267	0.730403418986667
2621	0.46601307	1.05651786717045
2622	2.4849474	1.52522645388542
2623	0.4143842	0.639505224618992
2624	0.37034616	0.401955452960811
2625	0.96284366	0.946339872781609
2626	0.060070395	0.226334207682222
2627	0.5134981	1.08295621488095
2628	0.61357397	1.01132058760256
2629	1.9507588	1.5038170985
2630	4.632154	0.501519445319355
2631	0.15936558	0.601881625400901
2632	0.102629386	0.101414239392424
2633	0.335644	0.267411751743162
2634	2.2216506	0.778375827431034
2635	0.8294895	1.07945105166667
2636	0.123142585	0.149206200220614
2637	0.57681566	1.17426104712917
2638	0.09708119	0.807461533677917
2639	1.1000922	0.468747133258682
2640	0.1877142	0.273063105771078
2641	1.2695825	2.34657023300855
2642	0.6486088	0.442307819826471
2643	0.17408091	0.160029743525714
2644	0.58287376	0.469968244898485
2645	0.6373181	0.504941225148374
2646	0.14591645	0.889581012430159
2647	1.6622922	1.10149344678283
2648	0.41110831	0.335241806385641
2649	0.057407744	0.177008520780093
2650	1.0315859	0.60754867009031
2651	0.032786034	0.114036969676912
2652	0.23098466	0.910450819111403
2653	0.13802168	0.331173427706897
2654	0.18919303	0.223797411135294
2655	0.9954287	0.872202330009524
2656	2.7162383	1.32654378272549
2657	0.7389471	0.454757136718687
2658	0.2669113	0.493537879984946
2659	0.45692435	0.425950474545185
2660	0.1325693	0.555581017154412
2661	1.5809709	0.480286981085
2662	0.9035272	0.937880743189655
2663	0.5059396	0.590490144560185
2664	0.31193158	0.472566904970833
2665	0.025785614	0.202763049035833
2666	0.16487442	0.605809839092593
2667	0.19153382	0.931823552210555
2668	1.160871	0.840158161418919
2669	3.0824845	2.42956925837963
2670	0.42083383	0.233875355536574
2671	0.6838459	0.792392069916667
2672	0.39093795	0.492846206679459
2673	0.28432912	0.532342889236842
2674	0.10215937	0.177582434652381
2675	0.15209639	0.100468496540909
2676	0.75134397	0.775404570816092
2677	0.18153295	0.727222084741228
2678	0.45748085	0.535950997592593
2679	0.75550765	0.910841511953846
2680	1.5068383	0.746765339369048
2681	0.19958404	0.613302604472649
2682	0.59154755	0.441671594041667
2683	1.2741287	0.758154312031532
2684	0.039880686	0.22339420654955
2685	0.2331655	0.357900382533939
2686	0.13176219	0.3254688071875
2687	0.527581	1.17764282360085
2688	0.12913921	0.53211421226625
2689	0.15547952	0.326310705117389
2690	0.19738372	0.453779442612745
2691	1.5477118	1.08140220472727
2692	0.10896633	0.566864034400877
2693	0.28058076	0.855997526212121
2694	0.073806696	0.148100326912745
2695	0.30645558	0.722031235861111
2696	0.72536	0.819077119852941
2697	0.26437923	0.163600704420175
2698	0.168913	0.556523428954546
2699	0.6175762	0.48407199936971
2700	0.3534406	0.574776412904167
2701	0.81811374	1.20285601801667
2702	0.24473459	0.637520160090909
2703	0.812722	0.441043517803704
2704	0.5105475	0.329155713905882
2705	0.21352895	0.214441805840476
2706	0.06317365	0.561951288996396
2707	0.14218825	0.28925550812549
2708	2.793206	1.61516071221545
2709	0.054682907	0.18380586336125
2710	0.4122039	0.683513069422481
2711	1.3444613	0.480889960673246
2712	0.5289963	0.496806899
2713	1.7278153	1.41297842138889
2714	0.62638336	0.997752999616279
2715	1.2530278	1.17705485491204
2716	0.65169984	1.14958141088034
2717	0.20162772	0.452904157251961
2718	0.107508995	0.163974984173611
2719	0.13665043	0.143764764294444
2720	2.3800538	1.76237640328378
2721	0.8842249	1.22607847275877
2722	0.050603647	0.108129855540991
2723	0.25601932	0.61359469520098
2724	0.058397118	0.402005941744253
2725	0.010746834	0.148105113047674
2726	0.17887679	0.502677767992593
2727	0.003522477	0.188445532500735
2728	0.13599625	0.254291108953922
2729	0.023566931	0.237835454175203
2730	0.30062085	0.765921468566667
2731	1.9527149	1.53771480408333
2732	0.906174	0.731114279666667
2733	1.0821285	1.3735009489875
2734	1.4604982	1.12570444139216
2735	0.6096476	0.519006791570707
2736	2.5465477	1.9360073090303
2737	0.25563553	0.523353712120371
2738	0.7354012	0.569021487180808
2739	0.007566828	0.296043651227444
2740	3.2228692	1.89257549362222
2741	0.07941483	0.393394462741057
2742	0.022915395	0.117086716621171
2743	0.90026724	0.936002842085586
2744	0.37454024	0.2053260202775
2745	0.98301005	1.10652543732906
2746	0.12172492	0.268705916070093
2747	0.30435264	0.300119347324324
2748	0.3062106	0.394315815228571
2749	0.848371	1.11012754651282
2750	0.32406312	0.296645320573684
2751	0.102548555	0.0801164386955357
2752	0.09336091	0.299873543290244
2753	0.48234144	0.906879609604167
2754	0.117250554	0.318042230867188
2755	1.9496496	1.005286708
2756	0.12450619	0.173790907874775
2757	0.07298948	0.119328148452778
2758	0.11023081	0.114452632876042
2759	0.04771272	0.194395112657895
2760	0.019948218	0.632808631645371
2761	0.37026036	0.278919360697172
2762	0.015231507	0.506101695547381
2763	0.3496271	0.456713819232456
2764	2.242103	1.84428100281301
2765	0.02320464	0.443459154146759
2766	0.027834892	0.509217935497349
2767	1.2376378	0.391721754096491
2768	0.07246152	0.139683862921622
2769	1.3458619	1.60785241337281
2770	0.7382512	0.880247416347619
2771	2.3203497	2.0173762704213
2772	0.3133457	0.405184999465686
2773	1.1481544	1.41125995040509
2774	0.2908902	0.961152061637094
2775	0.80698955	1.40209869088542
2776	0.441887	0.324308063946111
2777	1.6279187	1.51241395142778
2778	0.12840723	0.158776994189815
2779	0.035800707	0.499380352847685
2780	0.6454801	0.959655452738095
2781	0.2546266	0.310152657452381
2782	0.97263765	0.759852048863333
2783	0.26883852	0.208701127769841
2784	2.8941216	1.48528111594191
2785	0.07498658	0.35214321656036
2786	0.060833514	0.152043724936545
2787	0.6884895	1.12408188850952
2788	0.29865947	0.522788899020202
2789	0.09959741	0.120279698838426
2790	0.31946912	0.370327694460476
2791	0.79197365	1.6081306748114
2792	1.1542708	0.540914194064706
2793	0.1223486	0.231846852557658
2794	0.0065002567	0.249684536636286
2795	1.0279229	1.17958546225225
2796	0.009289788	0.254522554448917
2797	0.76992995	0.940796574199074
2798	1.3125896	0.883614601296296
2799	0.009080417	0.44909308459125
2800	1.4661129	0.479178511385238
2801	0.11569821	0.610465439128862
2802	0.11132435	0.116703714868982
2803	1.1326159	0.417057792378125
2804	2.247669	0.751539298578788
2805	0.9772195	0.914728906614035
2806	0.10863147	0.383548680168965
2807	1.4478114	1.48946348061274
2808	0.27378243	0.400374707027778
2809	0.18253209	0.383988574043287
2810	0.01858034	0.430085828532571
2811	0.41303864	0.263692347745977
2812	0.050251156	0.11795669759963
2813	0.009454223	0.0896861574216667
2814	0.20427577	0.360462083979012
2815	0.30567592	0.542760613287037
2816	0.21425307	0.459031376840833
2817	0.36201516	0.260411062567029
2818	1.5821341	1.70623218859028
2819	0.19437158	0.511599890518421
2820	0.60656434	0.931425735958333
2821	0.6315948	0.983818034366667
2822	1.4520513	1.34301513232381
2823	0.014079449	0.549009374550417
2824	0.029463697	0.292589745957812
2825	0.06774418	0.3357732684
2826	0.07335112	0.315334316493333
2827	2.0196648	0.757021986166667
2828	0.20242372	1.067768254375
2829	0.019560864	0.425403607147829
2830	2.7722275	1.32452595103947
2831	1.0646076	0.75643899231982
2832	1.2784673	1.02682055034649
2833	1.0842729	1.18264071113426
2834	1.0516858	1.0203838185307
2835	1.9880863	1.26103278956911
2836	0.1347167	0.117361916145946
2837	2.7361143	2.02556813285859
2838	0.09826228	0.142274969344872
2839	0.5169391	0.625995760725253
2840	0.7905372	0.506320319268817
2841	0.97789913	1.81554078987179
2842	1.1709946	0.863003529365079
2843	1.5351589	1.01937389455833
2844	0.27597848	0.269641680910333
2845	0.0751423	0.149522618753658
2846	0.1701106	0.825920554311966
2847	0.38076723	0.665168220968571
2848	0.3693005	0.538342879740079
2849	0.09013463	0.202992867619355
2850	0.14450498	0.350830718791667
2851	0.0062688896	0.361316389146545
2852	0.7370335	0.696987051233333
2853	0.018918619	0.564571447622523
2854	2.4219375	1.75763877348211
2855	2.5879147	1.97816837653509
2856	0.08114577	0.228851711598039
2857	1.5619973	2.05000014931944
2858	0.65818155	0.636784877057018
2859	0.108052276	0.509265486689167
2860	0.46056795	0.19803406889058
2861	0.8171721	1.36435875638726
2862	0.2607396	0.918205936235632
2863	1.5440804	1.10762892876126
2864	0.21971956	0.400303085609722
2865	0.28221416	0.897960008074074
2866	0.07903983	0.935906746195402
2867	0.34751162	0.232249762456746
2868	0.46973562	0.444833409874286
2869	0.1692777	0.348095524833333
2870	0.01764801	0.121969154482906
2871	0.03709199	0.739966994955376
2872	0.6792625	0.953172524814394
2873	0.0040978803	0.214961598252851
2874	0.0057916134	0.657468856192188
2875	0.20432706	0.270268353069892
2876	0.39496332	0.543966044827957
2877	0.95921797	1.13406993463964
2878	0.2635594	0.152356670206667
2879	2.6188288	1.07306991499242
2880	0.51465565	0.462650010390625
2881	0.09264619	0.577409063666239
2882	0.6717754	1.25857707213566
2883	0.18418057	0.24436917417973
2884	0.87542963	0.341545320644608
2885	2.2186804	1.79549604728509
2886	0.01570864	0.136123219009402
2887	1.1811341	0.416521420332193
2888	0.7193624	1.53648732265054
2889	0.29216075	0.342424765640805
2890	0.15614912	0.76330446039
2891	0.37601972	0.294870693490741
2892	0.18057372	0.250305710687607
2893	0.24477114	0.368331439979675
2894	0.39291462	0.610965053370833
2895	0.5647753	0.867081441301419
2896	0.20048967	0.508433187997549
2897	1.5361692	1.09674102119737
2898	0.77994937	1.34949292249087
2899	0.23484273	0.16545589816381
2900	0.2950119	1.01124666582157
2901	0.11029087	0.868032666776961
2902	0.007818292	0.516784342110294
2903	2.450752	1.36593768406111
2904	0.041808706	0.113368657500388
2905	0.3966225	0.520409411177632
2906	0.2544857	0.957887535926357
2907	0.26944342	0.326366782335484
2908	0.26431862	0.730736540010101
2909	0.75358826	0.572355581972222
2910	0.42630923	0.331415080246341
2911	0.38963884	0.369262863785366
2912	0.3918617	0.785191260774748
2913	0.07077114	0.372924560325225
2914	0.86989915	1.19955844371429
2915	0.46755618	0.355110057864103
2916	0.31168967	0.603192275172917
2917	0.949396	0.833518451278283
2918	1.0633166	1.42509059853846
2919	0.56956285	0.737868437855039
2920	1.0864654	1.33165487813964
2921	0.08933988	0.224711833028434
2922	0.13756889	0.60969391600575
2923	0.10077408	0.854336846022793
2924	0.10682839	0.149504169236404
2925	0.47437745	0.968499855521505
2926	1.3681977	0.827622467594908
2927	0.108679466	0.526144180955882
2928	7.325681	0.836991395019728
2929	0.11867066	0.581721880481579
2930	0.72286487	1.16631715554545
2931	1.0726415	0.768031795490741
2932	0.57808536	1.10392698384524
2933	0.12439566	0.536885472662593
2934	1.7536356	0.7859951424
2935	1.7543025	1.08683496142105
2936	0.024134828	0.478370533420202
2937	1.7277921	0.748587068048529
2938	1.539106	1.91600560431373
2939	0.044731297	0.391429592364035
2940	0.5477426	0.38640311938141
2941	1.1756752	0.365033338522059
2942	0.122321576	0.100072276630702
2943	0.11624981	0.543250913401111
2944	0.041130293	0.411218115977874
2945	0.50887	0.96075254854955
2946	0.08521574	0.195300739672135
2947	0.034777366	0.427097321032292
2948	0.2430856	0.194586477080645
2949	0.24644276	0.184253077068687
2950	0.827047	1.415524837225
2951	2.5246925	1.90523883087719
2952	1.0817086	0.290632172418283
2953	0.3252954	0.536982659818182
2954	2.8204815	0.443694704453509
2955	0.0050315303	0.108631519998485
2956	0.60153705	0.545395596995496
2957	0.28102458	0.502504730333333
2958	0.5690627	0.340848522764063
2959	1.6194358	1.15703275750505
2960	0.3999339	0.5478532932975
2961	0.091944166	0.139157017561538
2962	0.54538876	0.666981634141667
2963	0.09192187	0.394866606448095
2964	0.2756322	0.530808358306911
2965	0.101822324	0.254280519825225
2966	0.025701331	0.320379435080342
2967	0.021066463	0.0901729056569444
2968	0.09732804	1.06097064218829
2969	0.13834706	0.703997889317567
2970	0.02426273	0.294928858072917
2971	1.7128749	1.05070569068529
2972	0.16125797	0.490687959780155
2973	2.6731367	1.2814432115
2974	1.9267337	1.97141530486559
2975	0.78180194	0.913937827768519
2976	1.8993946	1.29699814938519
2977	0.20393886	0.124671113596512
2978	1.1883826	0.910344157444445
2979	0.10647935	0.432498802273423
2980	0.8856823	0.313405203727381
2981	1.3088187	0.942585233645833
2982	0.007941061	0.182653227421389
2983	0.113635115	0.230483642872917
2984	0.31500039	0.354256924996377
2985	0.0374735	0.287583781129885
2986	0.45849106	1.00362422728571
2987	0.16707402	0.286957668320583
2988	1.0230529	0.944549116508333
2989	1.3919636	0.250168440517544
2990	0.36482665	0.997885698718254
2991	0.17656216	0.10930204611125
2992	0.7679196	1.04849833190323
2993	0.09790656	0.22346754689381
2994	0.30269083	0.758216554343538
2995	0.2837223	0.248923245938406
2996	0.24264576	0.431836723819919
2997	0.034125604	0.153897306391151
2998	0.030647596	0.286825539696667
2999	0.046319775	0.26188904858
3000	1.4043561	1.30623533046667
3001	5.152478	0.537511574957048
3002	0.7656286	0.517012746789286
3003	0.87329865	0.772374851117967
3004	0.26126632	0.729974401855263
3005	0.4266414	0.96587391080303
3006	0.077198856	0.399757633460684
3007	0.13353488	0.485858078431081
3008	0.23938473	1.11989291543939
3009	0.106258586	0.22359220275381
3010	1.1647077	0.906135775436937
3011	0.47912046	0.322699974693694
3012	0.32938725	0.144699289503333
3013	0.20085342	0.516189464207207
3014	1.7872274	0.91717161345
3015	0.058719553	0.167351499937167
3016	0.30446744	0.761352383208333
3017	0.12865692	0.481332086335938
3018	0.21577643	0.272400156704651
3019	0.8256559	1.09531744701802
3020	0.1215845	0.281934596386822
3021	0.026251337	0.555311053415766
3022	0.117899835	0.151364967016667
3023	0.013874998	0.201826040505556
3024	0.43624046	1.032219373146
3025	0.041358843	0.126752980143137
3026	0.10717213	0.415113069217073
3027	3.507179	2.62311255644681
3028	0.50728774	0.272436133795238
3029	0.23100357	0.410115890628572
3030	0.07385139	0.222419012499495
3031	0.08779157	0.29822465869537
3032	0.01731496	0.209312825323153
3033	2.0764942	1.72703727948772
3034	0.22376725	0.390982107530303
3035	0.31337968	0.55267039966619
3036	1.4303719	1.33519076676577
3037	0.097536966	0.486063582834188
3038	0.9003211	1.03077476664414
3039	0.14575057	0.259732960640741
3040	0.88567793	0.350010769078788
3041	0.5819096	1.05895636894907
3042	1.31791	0.413593211257576
3043	1.5077772	1.0576067494537
3044	0.5512544	1.6117891787803
3045	0.48634046	1.38718364314553
3046	0.081998974	0.146213447011111
3047	0.14571212	0.361570622821905
3048	0.28018978	0.549607217993137
3049	0.063347876	0.75592923552957
3050	0.18936309	0.161976948459677
3051	0.1463693	0.23789305037125
3052	0.0049694437	0.279337874931
3053	0.42161107	0.208657411456173
3054	2.2713125	1.29157405352841
3055	0.5724904	0.614772833928333
3056	1.2746644	1.48014921984615
3057	0.28980443	0.480764717983761
3058	0.7144431	1.31899506484896
3059	0.3868227	1.3616253250303
3060	0.24493092	0.319369519037333
3061	0.39008322	0.296393360385057
3062	0.61789745	0.45925533798964
3063	0.029099924	0.246610014892593
3064	2.2809072	2.06971584645946
3065	0.053389315	0.281283953334234
3066	0.37280443	0.573698830401352
3067	0.23407601	1.50632782254902
3068	0.15621659	0.162789047211712
3069	0.68618715	1.46751484181579
3070	0.5896501	1.35081712560648
3071	0.01858253	0.278359893423291
3072	0.22773014	0.307610180122222
3073	0.16190921	0.259950051939815
3074	2.0572262	2.12446921914634
3075	0.5715964	0.349278412661382
3076	1.8428944	2.02917642831301
3077	0.11447427	0.160492959921705
3078	0.6699675	0.540494642898333
3079	0.088726975	0.297294992754167
3080	0.4504705	0.46536561300871
3081	0.17402118	0.414490148424731
3082	0.17376128	0.389946059846847
3083	0.5639412	0.53832073118018
3084	0.48423988	0.250403877738739
3085	0.102331445	0.17885384069951
3086	0.06539968	0.12398854912029
3087	0.11207562	0.236050247543981
3088	0.8713704	0.634068175930232
3089	2.2632911	1.10292274485833
3090	0.600995	0.3997205831
3091	0.49083862	0.311939329653632
3092	0.86567986	1.93948497943958
3093	0.014957966	0.302345637555704
3094	0.13759764	0.219023897825926
3095	1.6073902	1.24091865401422
3096	0.6242553	0.680971365964583
3097	0.06953157	0.178069373448571
3098	0.3955328	0.417006208602151
3099	2.5733016	1.533690404625
3100	0.66595036	1.17658801768478
3101	0.20994432	0.102258573687333
3102	1.5329272	1.59010606687963
3103	0.07231301	0.389364415783333
3104	0.11908724	0.152347805909583
3105	0.9372735	1.22414018025238
3106	0.075857244	0.259742122195238
3107	1.6828442	1.24225920423958
3108	0.073388994	0.17675009216369
3109	0.32886225	0.464536138897872
3110	0.46724442	0.754296025097561
3111	0.068732135	0.2198924257
3112	0.5094293	0.161319191025
3113	0.6806636	0.695874586873656
3114	0.40251788	0.622665363302151
3115	0.627093	1.22296998163597
3116	0.28114605	0.348790692469298
3117	2.4683661	0.830369169034091
3118	1.4345936	1.30963921068333
3119	1.135	0.477607892419608
3120	2.7340963	1.65283948405556
3121	0.120008536	0.147559948623333
3122	2.5439072	1.33361007527431
3123	1.1562551	0.755908898219512
3124	0.8653414	1.06731623713415
3125	0.19258343	0.617526502368794
3126	0.10255225	0.308064775651795
3127	0.14280804	0.258415996242636
3128	0.21490562	0.304578601424823
3129	3.3032572	1.15226284487302
3130	1.8637098	0.423807754393939
3131	1.615334	1.13742146719919
3132	1.1420193	1.08548382807949
3133	0.23040403	0.0757299229032917
3134	0.073306195	0.313451166626263
3135	0.27925256	0.276829442988542
3136	1.7932212	1.71152718468803
3137	0.77091056	0.46646693663421
3138	0.7764033	1.19106418504472
3139	2.2968283	0.855731569524786
3140	0.032871243	0.987304796598387
3141	0.5859131	0.549368516957143
3142	0.749908	1.24936167483824
3143	0.42905337	0.513404471460417
3144	0.006432216	0.074839134665
3145	0.84520113	0.608885269253192
3146	0.068154685	0.223642120124848
3147	1.0280055	0.862165153921296
3148	0.25585857	0.197001825508391
3149	0.85846996	1.22461137846354
3150	0.12520432	0.613572642134259
3151	1.5215261	0.954134901661765
3152	0.91377044	1.33058926014216
3153	0.23069736	1.10579370034702
3154	0.4229829	0.437953891092262
3155	0.7854104	1.37456863079675
3156	0.28308836	0.824808413135043
3157	0.67749834	1.32058133843137
3158	0.34523645	0.816394861866013
3159	1.2570208	0.866162239536036
3160	0.25125873	0.342025790058824
3161	2.4865696	1.63710706385556
3162	0.34036157	0.117952144974286
3163	0.9732177	1.711146782625
3164	2.7031198	1.42340735374713
3165	0.43147138	0.865081736460784
3166	0.1026258	0.545948705425807
3167	0.09328563	0.842150734507207
3168	0.33330542	0.440116498532407
3169	0.5356518	1.36785705630488
3170	0.04214329	0.154557208530556
3171	0.64730394	0.627226588138889
3172	0.11353289	0.181077863159722
3173	0.2210243	0.356627693110119
3174	0.069745384	0.219684488098485
3175	0.13844223	0.191901535040686
3176	1.4157419	0.95233469033018
3177	0.12577467	0.271910516958108
3178	0.6864694	0.288815355653509
3179	0.24128106	0.407515585467677
3180	0.34307668	0.124282779792157
3181	0.3780072	0.325624863758095
3182	0.06798392	0.190520962289444
3183	1.7327493	1.8130705776087
3184	0.50906456	1.09381674783487
3185	0.26568025	0.231878067608083
3186	0.7318137	0.559872695910256
3187	0.18781084	0.693430421658333
3188	0.63987905	0.632983719802525
3189	2.1512372	0.951249715416667
3190	0.8683995	0.822959586808559
3191	0.049198855	0.16421193383287
3192	0.47419104	0.546179843946154
3193	0.29238972	0.514481899262281
3194	0.042912073	0.0698352803186179
3195	0.1386148	0.276910979131944
3196	1.3165892	0.836504115785714
3197	0.3702556	0.152219257515315
3198	2.4046545	2.11641547974074
3199	0.547434	0.799370617070833
3200	0.666536	1.00719152405702
3201	1.1499072	0.596758301038095
3202	0.11912609	0.172093988997849
3203	0.27992535	0.875467437226583
3204	1.7720628	0.690942313641414
3205	2.8741057	0.838608373013153
3206	0.20505786	0.723384330467222
3207	0.052391216	0.391784406325
3208	0.1333165	0.46745131233375
3209	0.23630108	0.225417802186404
3210	1.1789584	1.35951334722093
3211	0.06876736	0.364378202588095
3212	3.5396223	2.0297998932906
3213	1.25411	1.08031175894792
3214	0.25939193	0.22011729463252
3215	0.26782534	0.551715093923077
3216	0.6982331	0.426903448654629
3217	0.1495054	0.123381390100417
3218	0.032295596	0.289891228190315
3219	0.21149716	0.568611752055556
3220	1.6045678	1.59320976100505
3221	0.8175708	1.02495309153077
3222	0.36770278	1.32663924291176
3223	0.3680195	0.328496547115833
3224	0.18561651	0.533410051180769
3225	0.017426454	0.202272483040598
3226	1.3411465	0.867125951532407
3227	0.2673081	0.213768130697297
3228	0.86489016	0.605389336083333
3229	0.34564796	0.362836486358333
3230	0.13845441	0.447145877651852
3231	0.113797724	0.135965586233235
3232	0.2932014	1.02100627461574
3233	0.040212464	0.126095410247807
3234	0.20497496	0.206842793731111
3235	0.13525249	0.286179199930833
3236	0.55886406	1.0312384935619
3237	0.27771276	0.778249671027083
3238	0.8148209	0.984287253195122
3239	0.605336	0.675934907141414
3240	0.09932658	0.319557074512015
3241	0.22051963	0.235627043516667
3242	0.15939827	0.830734028635145
3243	0.10017112	0.351761338993939
3244	0.5244243	0.507190226554264
3245	0.5186742	1.22246074389048
3246	0.13955948	0.203847745002632
3247	1.1342669	1.46241173323246
3248	0.14143492	0.127655107766667
3249	0.11997405	1.01973304856061
3250	0.0047677164	0.0548177794707692
3251	0.1368894	0.664480627152778
3252	0.626833	1.11202979959444
3253	0.27867004	0.583503898806911
3254	1.9840975	2.12875669173704
3255	0.7876753	0.445790029212857
3256	0.3970555	0.127182550197155
3257	0.9555344	1.13288930657092
3258	0.52705294	0.269273796349573
3259	0.14771125	1.2273563825
3260	0.0096337125	0.0696028056868627
3261	0.36937538	0.248537955864762
3262	0.31428647	0.395035983363636
3263	0.036887094	0.290999551109195
3264	0.29975736	0.53103917263421
3265	0.31931204	0.960751609875877
3266	0.0603556	0.230560705802632
3267	0.7894213	0.444316174776552
3268	0.2615898	0.730157973456667
3269	0.062243924	0.151957994455952
3270	0.73867095	0.432350261941441
3271	0.109409735	0.226611242728788
3272	0.30252686	0.235652619838333
3273	0.017380582	0.252604931393694
3274	0.55453676	0.642864755663158
3275	0.49922854	0.676455425221354
3276	0.27422073	0.173564412076452
3277	0.29015243	0.151273139988068
3278	0.686155	0.821916408660952
3279	1.1033229	1.91609293101282
3280	0.11803658	0.466841624002193
3281	0.4255642	0.524067631953252
3282	0.8082069	1.07929216267647
3283	0.43121713	1.42779264828095
3284	0.07459701	0.152186040406583
3285	0.11880624	0.300297882665657
3286	0.15472123	0.361627576842708
3287	1.3133013	0.366895137195392
3288	0.14019471	0.111041371603889
3289	0.20482749	0.459206175769259
3290	0.96501875	0.247402287424621
3291	1.6131186	0.65001977181746
3292	0.13413239	0.203707594725463
3293	0.570687	1.21271165080148
3294	0.18372932	0.520630126765766
3295	0.07187906	0.193851165106098
3296	0.6110213	1.04421412564141
3297	0.47760433	0.438030959893939
3298	0.25006697	0.430321384188889
3299	0.5657464	0.769875053605556
3300	0.19940756	0.33843380884213
3301	0.51788193	1.25701716779167
3302	0.2487212	0.452086820507143
3303	0.36439276	0.227836143589461
3304	0.2404653	0.393689884210753
3305	2.6012063	2.68804375182222
3306	0.07302703	0.165967877376
3307	0.48142314	1.56530535475
3308	0.09312681	0.11573368921746
3309	1.253598	1.79103680876191
3310	0.26529258	0.383939428491111
3311	0.45287502	0.878929962075758
3312	1.7729677	1.3374942224246
3313	0.14920524	0.371339967296491
3314	0.7690141	0.144443761329825
3315	1.6427686	0.560107038686312
3316	0.68468434	0.560847008925532
3317	0.42647266	0.22740658714922
3318	0.8345326	1.33920026247222
3319	0.24143042	0.174709969797917
3320	0.26154718	0.447148918504762
3321	0.879575	1.26539201517083
3322	0.19747661	0.264016538360784
3323	0.8577322	0.668749905323333
3324	0.08589885	0.140871862063675
3325	0.5890759	0.880904400907657
3326	1.6289511	1.04893160732051
3327	0.28033987	0.740225084664912
3328	1.924962	1.87946050020952
3329	0.4008283	0.941816265283784
3330	1.1562233	0.578271756442735
3331	0.03704395	0.140177459575238
3332	0.11059416	0.18392733312193
3333	0.24603279	0.326128067506667
3334	0.30884308	0.338724599814962
3335	1.4111367	0.453356043547008
3336	0.22274216	0.907445075171296
3337	1.1112432	1.14723286427083
3338	0.5527242	0.848724826423423
3339	0.84283555	0.285360747384058
3340	0.14390413	0.219442289988596
3341	0.028814837	0.290118345258823
3342	0.3247336	0.371934866010417
3343	0.05263345	0.470843099372072
3344	0.8299546	0.770383297930093
3345	0.046686225	0.118305194859009
3346	0.032983456	0.0640087680327419
3347	0.07080011	0.259476568932883
3348	1.6855443	1.08758156665854
3349	0.13868831	1.04362559942067
3350	0.1261258	0.222604491264035
3351	0.30301374	0.397190173609756
3352	1.980835	1.63606196564583
3353	0.18489519	0.698511768776768
3354	0.115564264	0.310184581129487
3355	0.21558124	0.176584784838542
3356	1.3967438	0.364587015537838
3357	0.1149861	0.871221696787879
3358	1.4330446	0.751844988775862
3359	0.05893775	0.212441641620513
3360	0.42095807	0.135409036107576
3361	0.021441327	0.261846918383238
3362	0.2899874	0.179238560605556
3363	0.3653823	0.437256426767094
3364	0.08167083	0.155350669143704
3365	0.6339498	1.33727217559829
3366	0.43948624	0.165237959142708
3367	1.892916	1.27631055842473
3368	0.15166517	0.445428280625877
3369	0.94835156	0.546033142755556
3370	0.18485911	0.379737962356061
3371	0.2962388	0.321383217997826
3372	0.095438965	0.645494785902778
3373	0.9493989	0.645971723514706
3374	1.3858676	1.05074666654598
3375	0.17542654	0.353031106111404
3376	1.032048	0.988108130970588
3377	0.14871423	0.509311790150538
3378	0.23741287	0.619012745370968
3379	0.52800304	0.535264564489744
3380	0.42533466	0.448293051914286
3381	0.33195263	0.292939291957143
3382	0.06477571	0.293628977054861
3383	2.1479106	2.14399301758772
3384	0.47001618	0.345631469193651
3385	0.51165485	0.233197206321171
3386	1.3398187	1.13008195088288
3387	3.7573826	1.90496550343403
3388	0.02782027	0.374910095479433
3389	0.008370294	0.145609187189141
3390	2.9610977	1.06649131701786
3391	1.3076077	1.70978080220614
3392	0.19225223	0.971311482527132
3393	0.32717255	0.741628913416667
3394	0.3498776	0.16934629536938
3395	0.7446426	0.595309596994624
3396	0.44433567	0.501095623850695
3397	0.92825556	1.18393865960588
3398	1.0305676	0.77101393595471
3399	0.18532471	0.332356114880952
3400	0.7239634	1.0760052887735
3401	0.05559156	0.483963189308586
3402	0.03715501	0.10218921990875
3403	3.0443385	2.7553458891358
3404	0.58625066	0.558415750112057
3405	0.7675352	0.779457630823232
3406	0.32769212	0.318964752082558
3407	0.23592082	0.556508678518519
3408	0.20382167	0.908080345544444
3409	0.06310717	0.0995878816444048
3410	0.08510025	0.320522005503457
3411	0.17367558	0.515733586883333
3412	0.18323556	0.147916259710714
3413	0.15804742	0.755503538157895
3414	0.042024426	0.24823529167375
3415	0.12929459	0.156910955673984
3416	1.809174	1.54011049753333
3417	0.63296115	0.539601503186869
3418	0.90942866	0.940588903900794
3419	0.2918246	0.47908694953876
3420	0.005076958	0.560609840821171
3421	2.5580332	1.36181483234074
3422	0.16679426	0.252074170225595
3423	0.79991513	0.826010363037451
3424	0.1685596	0.553572039725253
3425	1.7301774	0.845597222199187
3426	0.007867538	0.143300409329959
3427	0.37566176	0.8631435888875
3428	1.0727123	0.891065972338542
3429	0.20791562	0.310944253831151
3430	2.4085944	2.06493118037838
3431	0.72546935	0.818621452033334
3432	0.50457364	0.667162003819444
3433	0.8616586	1.55279398552685
3434	1.4211291	0.615684277523851
3435	0.106306806	0.208465561309524
3436	0.8458506	1.42862556633796
3437	0.32582584	0.521345048443137
3438	0.78141135	1.78969794287619
3439	0.015793279	0.0762732096692157
3440	0.30127174	0.842412973424242
3441	0.077520765	0.28924852317371
3442	2.248481	1.2775010627549
3443	0.24619538	0.355773587800813
3444	0.051608376	0.235068230661765
3445	0.18716237	0.164533705860714
3446	0.102864794	0.704109345081809
3447	0.17818964	0.398155917558095
3448	0.018301303	0.254255414916667
3449	0.034071337	0.234108573660417
3450	1.1334172	1.35795016729167
3451	0.17341617	0.136368155780208
3452	0.24368916	1.33854213555426
3453	0.20000578	0.331546273462745
3454	0.3681134	0.180100658485058
3455	0.5914263	1.40296179014815
3456	0.9764736	0.423627946109524
3457	3.76106	2.78499181985632
3458	0.4489038	0.503490815539216
3459	2.411479	1.22246582927586
3460	0.5010096	0.496561202168889
3461	1.7200996	0.386600658737408
3462	0.2942649	0.367386704015151
3463	0.09546193	0.128776488311429
3464	0.09707684	0.272779121524561
3465	0.45462054	0.850461695363636
3466	1.2394128	0.582682156764035
3467	0.58861756	0.299085404154365
3468	0.4664811	0.722662837703086
3469	4.756758	2.0927391760813
3470	0.06561638	0.37074901629009
3471	0.122052744	0.143500151117143
3472	0.3377323	0.976143977036459
3473	0.36082572	0.713716939455883
3474	0.02922878	0.497321546977642
3475	0.17789388	0.862491351947619
3476	0.57718736	0.379750112434365
3477	0.10051971	0.276566805516191
3478	0.0587796	0.232926815725772
3479	0.68706685	0.970739132615079
3480	0.9929546	0.648780212562699
3481	0.3690755	0.312219276469444
3482	0.19140138	0.482673419468085
3483	0.081204645	0.383072982311494
3484	0.20478195	0.234768227454815
3485	0.07189394	0.122481211004365
3486	0.6122269	0.831323573509524
3487	0.3674346	0.798429264434524
3488	0.4134508	0.228847819435238
3489	0.052542735	1.15352900238095
3490	0.20326956	0.741139374424242
3491	0.091700144	0.139953112805159
3492	0.28988138	0.826882931050926
3493	0.25607505	0.348219915701389
3494	0.3724054	0.828125832546875
3495	0.13442007	0.222040960722414
3496	1.1973635	1.17239097703468
3497	0.04676131	0.293943808881313
3498	0.5256028	0.391869068643678
3499	1.6917963	2.22922484810417
3500	0.42963326	0.414367566533334
3501	0.06340741	0.217771146629365
3502	0.028738819	0.714948191369
3503	0.5928426	0.705274937753968
3504	1.8889976	0.80711493981381
3505	0.10486143	0.167849365908943
3506	0.11876039	0.202992272276894
3507	0.34979954	0.495222911270086
3508	0.23591809	0.258240769018018
3509	1.4794818	0.920658857351351
3510	0.19164982	0.279870965492857
3511	1.6504241	1.45183675256667
3512	0.016652107	0.43604953691036
3513	0.1359711	0.237327075133333
3514	1.0476276	1.96783469844608
3515	0.07877283	0.24439225324581
3516	0.6468441	0.950329053466667
3517	0.39824957	0.148163696323964
3518	0.103256814	0.351746604707843
3519	1.3421278	1.06247787367593
3520	1.2322186	0.765827762980953
3521	0.40249586	1.09358773046759
3522	0.545192	0.511698812915
3523	0.017356692	0.155623802369683
3524	0.76793647	1.11808797899318
3525	0.08478426	0.259523037345
3526	0.0043188212	0.258223131335049
3527	0.064636014	0.41780940316
3528	1.2991117	1.11927452482906
3529	0.024973428	0.145374171731822
3530	2.4724917	1.36541864651587
3531	0.0041923295	0.0941482181871951
3532	0.091035455	0.127567122445045
3533	0.17399904	0.155125952225644
3534	1.2895659	0.95332506929697
3535	0.5502598	0.326035390498246
3536	0.87108266	0.422823832287281
3537	0.32945335	0.513622763813131
3538	3.0304356	2.59592102043518
3539	0.050205067	0.168774470965465
3540	0.11452049	0.162217884614352
3541	0.14407285	0.417584860855556
3542	0.063113146	0.186250963469369
3543	0.6275388	1.17092377333333
3544	0.15745506	0.130670174187097
3545	0.57330304	0.87852038525
3546	1.3486634	1.22678271713492
3547	1.6708006	0.553545313095161
3548	0.571161	0.300129737311966
3549	0.2070909	0.165069162488889
3550	0.12579967	0.166482175760833
3551	0.18336678	0.361089812015349
3552	0.24466951	0.682193095145833
3553	0.042119797	0.242062802547155
3554	0.4058642	0.903548365462626
3555	1.4058846	1.01925023666912
3556	0.089877136	0.390149591436539
3557	0.012591415	0.717284444937597
3558	0.09270297	0.10366641253359
3559	0.19088891	0.460605657854348
3560	1.0879747	1.23234993827143
3561	0.0162785	0.0504658292609756
3562	0.025812594	0.328958625389445
3563	0.36404154	0.301030903097222
3564	0.13583003	0.499998017037778
3565	1.1566112	0.9531561198125
3566	0.07501611	0.420170268395833
3567	0.47753796	0.323360351787879
3568	0.3320193	0.711870529137451
3569	0.5591502	0.827790616739899
3570	1.2276329	1.52684547105714
3571	0.43272308	0.414880199219271
3572	0.1373979	0.244746781135965
3573	0.7637442	0.778333627054167
3574	0.51342356	0.481544929232519
3575	0.13638493	0.418487412484553
3576	2.1997664	1.18250478433838
3577	0.4830631	0.512133157554701
3578	0.2620227	0.27705234282
3579	0.29654554	0.275273771670588
3580	0.018293869	0.132232196944518
3581	0.32252908	0.171686785698913
3582	1.0823382	1.007680770575
3583	0.10934901	0.610683480407292
3584	1.4616011	1.41143232642636
3585	0.37484074	0.930731816489247
3586	0.09027246	0.323148014008065
3587	0.21321194	0.4833013715375
3588	0.17369409	0.553516299933333
3589	1.1484796	0.313423394304167
3590	0.018774068	0.340655421988854
3591	2.5896914	0.991268384089147
3592	0.54250234	0.891997683693549
3593	1.831355	1.22441218847368
3594	0.07288264	0.186056426163636
3595	0.90502715	1.17639395661765
3596	0.3620589	0.453523329367188
3597	0.089748	0.121649043861458
3598	0.020922596	0.253621285403796
3599	0.8064679	0.374779499122222
3600	0.049537186	0.564582975391146
3601	0.6869596	0.649091438398529
3602	0.5282141	0.664392907474359
3603	0.028009882	0.224935681822072
3604	0.38106883	0.262629174888889
3605	0.33661065	0.378804191107843
3606	1.0562072	0.779971020210784
3607	0.20075476	0.214908770493011
3608	1.6213142	0.747709679100303
3609	0.08356798	0.453392957059649
3610	0.6329759	0.813388760456989
3611	0.5819238	0.365785388470606
3612	0.11203261	0.560189206933333
3613	0.2206544	0.338350630011274
3614	0.12031077	0.130650059200855
3615	0.9266431	1.10674849250741
3616	0.3123222	0.44439079132906
3617	0.32137573	0.917831548380208
3618	0.16014314	0.370080486699537
3619	0.538266	0.434520583667206
3620	0.0386671	0.205183417651626
3621	1.1132262	0.362552712774603
3622	0.67918825	0.731489911045833
3623	0.1763216	0.634950360539352
3624	1.2000734	1.86135433271795
3625	0.62957096	1.12719382879487
3626	1.274499	1.1744454287193
3627	0.047922026	0.213592634544792
3628	0.028203355	0.346463237117778
3629	2.2113996	1.45070766333824
3630	1.0003971	0.349441507768421
3631	0.93346566	1.2937557590463
3632	0.017155087	0.0620111349993163
3633	1.5208055	0.573464623721545
3634	1.0872613	1.33266220888034
3635	0.25216225	0.29656505245098
3636	0.0422745	0.220458729461019
3637	0.5588896	1.08591860990686
3638	0.07230246	0.0685042880675362
3639	0.51660466	0.693792867968254
3640	0.26654297	0.377419309048413
3641	2.6303692	1.19074977472083
3642	0.05264842	0.38534671135625
3643	1.471485	0.607304640506757
3644	0.015816802	0.379732616145657
3645	0.06986006	0.296688702229167
3646	0.7200496	0.924017132387597
3647	0.10050541	0.172233512214894
3648	1.3445402	1.19947089142667
3649	0.297873	0.524729400136111
3650	0.42462805	0.286107476418954
3651	1.6640841	0.774619654652778
3652	0.16099799	0.258397024768229
3653	0.38920474	0.691369144869192
3654	1.3842683	0.390114635375
3655	0.2576651	0.146152784698865
3656	0.9484822	0.612829898773148
3657	1.6366758	1.26248254911508
3658	0.39968738	0.45775096844086
3659	0.4438252	0.697975139638384
3660	1.1596256	0.510669195354762
3661	0.53946376	1.17348253234286
3662	0.011386341	0.166287728501064
3663	1.8755074	1.15548221916667
3664	2.5364132	1.71715657551852
3665	0.4632452	0.315506003523704
3666	0.33332628	0.456156960998148
3667	0.13199443	0.176719769699561
3668	1.4311281	0.806070436224138
3669	0.47208762	0.513334630051515
3670	1.4226797	0.786629356496491
3671	0.82505125	1.30022659871667
3672	0.17623019	0.262222274627556
3673	1.2114187	1.2067261097193
3674	0.26535416	0.370385301936111
3675	0.7966465	0.442191210443519
3676	0.09491112	0.422450825222222
3677	0.26490727	0.496827310198198
3678	0.29219165	0.274597275758905
3679	1.2525405	1.65477904723438
3680	0.111427546	0.148281710771667
3681	0.57584083	0.831652692921569
3682	0.3248466	0.283172421866667
3683	0.08893773	0.147297195600794
3684	0.094072476	0.228823072683761
3685	0.13968086	0.35512915659009
3686	0.14112878	0.172697429907926
3687	0.9257191	0.866396282342857
3688	0.88825536	1.10997689812121
3689	0.07371248	0.123939117219192
3690	0.92161375	1.16433865866667
3691	0.6735365	0.841263858087719
3692	0.2421994	0.166890279344762
3693	0.07757941	0.133492399101852
3694	0.61479735	0.803161663210526
3695	0.18857124	0.327729479785185
3696	0.28895128	0.422571480079861
3697	1.7370319	1.22164579515054
3698	2.510715	1.40835642456863
3699	0.30419278	1.05523679190286
3700	0.3042005	0.246382504485079
3701	0.10575051	0.166965364421282
3702	1.6501335	1.85587793369369
3703	0.4640931	0.266260271091667
3704	0.54982203	1.17349920659459
3705	0.25846612	0.628871779317204
3706	1.8402808	1.47741891611628
3707	1.4816171	1.09617379030645
3708	0.014412639	0.336966285107828
3709	2.9104972	1.65141654692982
3710	0.61097574	0.952993067323232
3711	0.687451	0.948356961605556
3712	0.06828421	0.522462558932292
3713	0.34352797	1.30927888903431
3714	0.030675247	0.657160430912037
3715	0.7093622	0.76661829750419
3716	0.4657347	0.756325202404902
3717	0.56155586	0.447619777778704
3718	0.8839569	0.695330966871667
3719	0.07574297	0.311265479300702
3720	0.09747084	0.228068407946847
3721	0.07438382	0.165538030635586
3722	0.15950659	0.173173710402193
3723	0.4019883	0.511630362766667
3724	0.11653777	0.171360496532843
3725	0.09789334	0.133625170673504
3726	0.08114789	0.273931785271354
3727	0.18397945	0.209601118817521
3728	0.050010074	0.165197632040741
3729	0.8631753	0.857185185841464
3730	0.1311774	0.151682686645349
3731	1.7124738	0.944398255609649
3732	0.36415914	0.148189496692593
3733	0.092995256	0.286625547877724
3734	0.40370163	0.45147462279845
3735	1.4254676	0.258406564093202
3736	1.0455707	1.10349419927236
3737	0.08057206	0.567601387362745
3738	3.423652	1.85437777083761
3739	0.91307604	1.43128072341919
3740	0.36893818	0.502190869706897
3741	0.13988282	0.2445333700625
3742	0.006903228	0.184233684608642
3743	0.037764497	0.368076287867857
3744	0.05353628	0.154593316175595
3745	0.14884934	0.247797215836842
3746	0.48553747	1.00406548958476
3747	1.245643	0.990205930933333
3748	2.0530064	0.886406452490196
3749	0.018380674	0.175269321713889
3750	0.38209864	0.348755985550575
3751	0.8932451	0.668497600212647
3752	0.049791552	0.354393660232341
3753	1.6751288	1.77192664206667
3754	0.2759239	0.341599623115766
3755	0.2317473	0.129848944598095
3756	0.016273392	0.386186137316191
3757	0.5617132	0.417026129943229
3758	0.1490885	0.233941315821368
3759	1.465132	1.14716925072193
3760	2.1242676	1.17062748659896
3761	1.2855318	0.58525472625537
3762	0.3302134	0.376188333601149
3763	0.14510152	0.129918035180392
3764	1.1020744	0.739264280500926
3765	0.006770754	0.301801807236404
3766	1.7612238	2.16127963461538
3767	0.18668565	0.0960723210161765
3768	0.45000535	0.877677499213542
3769	1.2653358	0.633375001841881
3770	0.5413251	0.507056116876344
3771	2.9237647	1.03849075522222
3772	0.08626723	1.03195062875463
3773	1.3317435	1.48806772944595
3774	2.34182	1.80822004364035
3775	0.57021016	0.467427598274194
3776	0.03520252	0.201930146707724
3777	0.79815507	0.938574497285691
3778	2.143355	1.29111392009596
3779	0.014592147	0.114146715444444
3780	0.71987104	1.25444861928283
3781	0.14289264	0.515948139033333
3782	0.09023887	0.139684896755128
3783	0.15437013	0.290688664253659
3784	0.5472723	1.25410427495635
3785	0.11434128	0.172806640896396
3786	0.048118472	0.104466315936111
3787	0.27066448	0.482483696995496
3788	0.6536476	0.287820082367647
3789	0.104320064	0.104662216762817
3790	1.1306977	1.59099932388636
3791	0.09665195	0.653732617184259
3792	0.02718811	0.171035997127143
3793	0.30505702	0.200555282726344
3794	0.010137316	0.104847679002778
3795	0.28620693	1.45007109870132
3796	0.38720545	0.197022737442094
3797	1.5710237	0.801248672538095
3798	0.29787853	0.353622775711111
3799	0.027187439	0.116972568461842
3800	0.6855704	1.06868619256566
3801	0.42518854	0.574870513819048
3802	1.3258008	1.07361837025581
3803	0.053752657	0.149158333151852
3804	0.33841702	1.03723917148781
3805	2.4937835	0.503911067521667
3806	0.37609687	0.488350661320833
3807	0.043709908	0.152029396795
3808	0.40061665	0.456806325990741
3809	0.8299103	0.4553289449775
3810	0.14651519	0.277786369848837
3811	0.4618272	1.31616235629524
3812	0.005945126	0.393772733919917
3813	0.39404553	0.460351493260163
3814	0.20816389	0.258445467058333
3815	0.2711934	0.494713413575556
3816	0.104187496	0.718663988635965
3817	0.041385036	0.366973818096667
3818	1.5306011	1.64310353772327
3819	1.9832368	1.2874856795225
3820	0.05428587	0.692822745569079
3821	0.46152198	0.500407322366667
3822	0.22716767	0.263438658898148
3823	0.44522727	0.655088351977478
3824	0.5867887	0.440456110053646
3825	0.1981158	0.120240395692083
3826	0.4628349	0.209352818737963
3827	2.1665173	1.20436739540133
3828	0.12436709	0.309804441785772
3829	0.6291583	0.726217763833333
3830	0.05984039	0.265290936670176
3831	1.4961443	1.01404261634615
3832	2.5344315	1.86606054518376
3833	0.03228634	0.204344397162857
3834	0.03182531	0.393084548195238
3835	0.4830471	1.14392819737387
3836	0.19757655	0.110920100542754
3837	0.16334586	0.24652410794058
3838	0.1025285	0.190545148649187
3839	0.18022753	0.408265844489815
3840	0.09013628	0.165719859659127
3841	0.32913074	0.734427135069767
3842	0.08565032	0.194076301070426
3843	1.7422273	0.733357092952898
3844	0.039881077	0.181518693053846
3845	0.38428345	0.241891268056452
3846	0.9145685	0.509726178766667
3847	0.31298605	0.787709395204762
3848	1.5063317	0.834686553734234
3849	0.099618286	0.295190816272358
3850	0.14059569	0.532735173688597
3851	0.49642596	0.617319885919737
3852	1.8117377	0.733509813598291
3853	0.031181963	0.143995167172748
3854	0.58150005	0.290670879662037
3855	0.9290152	1.217367531325
3856	0.41325235	0.287417114303419
3857	0.02700274	0.108091448318291
3858	0.511815	0.458035641858586
3859	0.8952439	1.61410767466667
3860	0.083699174	0.381881223068605
3861	2.484895	1.19772682598438
3862	0.22868049	0.531797946572973
3863	0.06615131	0.358094697266667
3864	0.18517363	0.534708452371875
3865	0.15304111	0.2100946642575
3866	0.29934138	0.573372300492424
3867	0.107583456	0.150167040679825
3868	0.47454646	0.322008111112255
3869	0.516277	0.737251332607843
3870	0.89398175	0.126305889255882
3871	0.2923574	0.225298064893519
3872	0.2294674	0.287560870619928
3873	0.34190992	0.730979504874418
3874	0.25818112	0.383649323577236
3875	0.044229854	0.141574733745726
3876	0.16551752	0.569676070859574
3877	0.9184392	0.300597658659722
3878	0.01258823	0.852884786652083
3879	0.46265393	0.609794114252941
3880	0.23534136	0.244295882167647
3881	1.1392844	0.924313942550666
3882	0.52393895	0.182547942061842
3883	2.9776196	2.28817131725807
3884	0.98898673	1.29818507499512
3885	0.32002997	0.180151129141936
3886	1.3493994	1.45113240396342
3887	0.3644329	0.413764706927957
3888	0.23822224	0.669724244873984
3889	0.2914123	0.501074040676471
3890	0.31527412	0.747912842282883
3891	0.56488687	0.343480342793116
3892	0.2528976	0.19135241095
3893	0.89593774	0.976262338814815
3894	0.6106232	0.272737959002703
3895	0.12374533	0.177726420468519
3896	0.15777937	0.412495082957143
3897	0.15362976	0.646163190471875
3898	0.012394307	0.446942158294048
3899	1.3189907	0.475201392873784
3900	0.05585327	0.249463975903205
3901	2.6964953	1.76702008586905
3902	0.5038438	0.972586862177778
3903	0.8218245	0.957918748671296
3904	0.47772485	0.530431025674359
3905	0.05915267	0.402085916236869
3906	0.07569636	0.54621098255
3907	2.382086	1.14094918381944
3908	0.21246041	0.318544190011389
3909	0.46744394	0.444150809238889
3910	0.10894839	0.191000554973457
3911	0.81172365	0.862941064592793
3912	0.6995765	1.15916246942276
3913	0.086711176	0.650916226186179
3914	2.5990229	0.865917607788652
3915	1.8217275	1.07806790955556
3916	0.058425162	0.131507890764474
3917	1.0916666	2.15833668700439
3918	0.0741854	0.140300332481373
3919	0.12500443	0.388280842828
3920	0.26972485	0.18830908721875
3921	0.13537563	0.197448437065657
3922	0.7553688	1.27706923269697
3923	0.14501557	0.276104163619512
3924	2.458993	1.09464509295085
3925	0.10553074	0.293351768875714
3926	0.21013066	0.398014293755128
3927	1.2351888	0.400434211465315
3928	0.25783733	0.185828199040952
3929	0.30720678	0.774445168822464
3930	0.5367646	1.11214291839951
3931	0.21905376	0.224071097616162
3932	0.08846948	0.144425479196465
3933	2.7035527	1.51292817915104
3934	0.05897099	0.353438684178395
3935	0.3341935	0.313218160933333
3936	0.8615625	0.949365087661904
3937	0.0134596545	0.331125178700784
3938	0.099947505	0.135377267805882
3939	2.003775	2.10209928078704
3940	0.57546526	0.253304412362892
3941	0.13649736	0.271800601796875
3942	0.15180695	0.37483126158287
3943	1.4949857	1.00543419261111
3944	1.552717	1.06554197577778
3945	0.4563138	0.512219152996079
3946	0.027502969	0.208292532540196
3947	0.9002397	1.30700706199594
3948	0.1009043	0.178746769308095
3949	0.25290224	0.407146178673077
3950	1.079909	1.22840969055556
3951	0.83250856	1.17565957496491
3952	0.0055573755	0.292768581457576
3953	0.183397	0.245074656888889
3954	0.36905625	1.13434008077778
3955	0.34759054	0.888940556422765
3956	0.7915745	0.819072546090909
3957	0.50438327	1.47853837557456
3958	1.3129188	0.542251366164583
3959	1.4166316	1.01205181619608
3960	0.5273713	0.218420173538462
3961	0.22837831	0.109263399414537
3962	0.9013073	0.993547571745614
3963	0.030042816	0.100730564789259
3964	0.012946893	0.430628707856143
3965	0.6552063	0.395457197081481
3966	0.1316809	0.385233794534091
3967	0.98694575	0.799447679394872
3968	0.116632506	0.154340490727891
3969	0.19494571	0.703431688547917
3970	0.26895604	0.810885302957265
3971	0.11607924	0.599855566854701
3972	0.8428347	1.0137362304009
3973	0.3475355	0.714757358830702
3974	0.8982996	0.806933972318628
3975	0.37886497	0.382530212189189
3976	0.27921993	0.34833981542402
3977	0.1422921	0.301685703489899
3978	0.0073818667	0.234697954651754
3979	0.6751162	0.317522200061404
3980	0.04072685	0.335737573367593
3981	0.18950634	0.535230212156191
3982	0.022814117	0.261475590877907
3983	0.006028721	0.0927310373011482
3984	0.37660566	0.633090994478633
3985	0.18712096	0.25145576645463
3986	0.7154807	0.377535432252381
3987	0.8002116	0.785874384662791
3988	0.19763778	0.233197734014815
3989	0.006848391	0.26748365859904
3990	0.09771027	0.330383577926894
3991	0.1341978	0.243214108280952
3992	0.26221702	0.337841768892778
3993	0.75469935	1.11010594840323
3994	0.17018145	0.186599141839744
3995	0.37522304	0.914590330392308
3996	3.548546	2.00161880905172
3997	1.0806699	0.435207790111628
3998	0.04925215	0.203534013805729
3999	1.1523755	1.08346944073403
4000	3.076674	1.55813718407843
4001	2.4328034	2.32639098635714
4002	0.09632935	0.176105800189035
4003	0.017207349	0.166588258801237
4004	0.59081286	0.979703958969697
4005	0.3501844	0.18774861133
4006	2.9248862	1.3753059597451
4007	0.87489176	1.26847229940741
4008	0.7030611	0.689260410108529
4009	0.40916103	0.483590994370645
4010	0.69677776	0.916548011901041
4011	0.12262081	0.129728816729167
4012	0.806718	0.269758249264683
4013	0.11072413	0.275848795057207
4014	1.3922698	0.676598380026882
4015	0.038602408	0.0986804056926471
4016	1.9459519	2.16801838029487
4017	0.13635959	0.334211043516129
4018	0.4222712	0.462781481865686
4019	1.4856399	1.73443557705556
4020	0.3625574	0.254958940183824
4021	0.9738811	1.00356580528283
4022	1.6381259	1.11410555015833
4023	0.11513193	0.185126990175581
4024	0.8067247	0.479543018539683
4025	1.5238976	1.4424933112094
4026	1.5308633	0.372056626249756
4027	0.78660756	1.22487865619369
4028	1.0514016	0.940844828462963
4029	0.10983643	0.193089293518095
4030	0.8067556	0.94564941285625
4031	0.39074585	0.853926318137931
4032	0.1681161	0.509635006310318
4033	0.5642531	1.10815130464815
4034	0.27161622	0.53821887557037
4035	0.3106554	0.345153813871212
4036	0.51107883	0.321367741615238
4037	0.14627272	0.119711143402299
4038	0.57124406	0.759548098916667
4039	1.6753585	0.882186188969697
4040	0.37283704	0.439914179932479
4041	1.2000651	0.407033280475986
4042	0.26488397	0.204161594071032
4043	0.802895	0.353730374037634
4044	0.09189051	0.121149209604386
4045	1.3855187	1.50617329490625
4046	2.1456585	1.92013659108333
4047	0.6634466	0.419183076126811
4048	3.1883254	1.37014486347054
4049	1.195112	0.673217967033784
4050	0.7849842	0.89540214585619
4051	1.5820353	0.800421579716667
4052	0.90982807	1.18258860005128
4053	1.7723193	1.35472834052778
4054	0.1917134	0.461843361642157
4055	0.048079822	0.342916904266667
4056	0.1464327	0.24151670825
4057	0.40093744	1.58086563108333
4058	0.11186793	0.220729483324286
4059	0.28613585	0.122583651144286
4060	0.041435737	0.293134853166667
4061	0.4362304	0.439201672189683
4062	1.3516325	0.831873104406504
4063	1.6484603	1.25749949681197
4064	0.13885692	0.341031773336842
4065	0.6692641	0.283431489793548
4066	0.31970602	0.766356070842593
4067	0.54281604	1.70429517412719
4068	1.4669058	1.19179582423413
4069	0.0065494254	0.0904374410351984
4070	0.21447246	0.279528178814125
4071	0.055541534	0.121010728091176
4072	0.28296998	0.470718405086765
4073	1.3912089	1.20746762474123
4074	0.96019214	1.41619919252604
4075	1.1248384	0.258696028220147
4076	1.134679	1.1960708967807
4077	0.21582112	0.344153474232456
4078	1.1393634	1.3061464080098
4079	0.9679447	1.38706464131048
4080	1.2318898	0.770047353135714
4081	0.106538765	0.155323062010101
4082	1.6538855	0.972539249322349
4083	2.2445488	1.11855301410606
4084	0.19394454	0.229499506182323
4085	0.30270657	0.650748117940476
4086	0.19085395	0.505876828485965
4087	1.3364061	1.75864964276754
4088	0.26516342	0.190930201252688
4089	0.6303338	0.40043054346875
4090	0.79540235	1.0484379845
4091	0.21583192	0.278533517379825
4092	0.61416215	0.767720016855856
4093	2.388759	1.19427435500617
4094	0.490081	0.798770926235632
4095	0.1411501	0.224550585902439
4096	0.14609845	0.315232458130952
4097	0.48663953	0.258806952356532
4098	0.06278681	0.384164946311966
4099	0.36699668	0.630149129374713
4100	0.05671004	0.240551309797619
4101	0.12853548	0.811143573542983
4102	0.07350656	0.159050964529386
4103	0.20207189	0.190409065819355
4104	1.0158904	0.652764677554263
4105	1.2610608	0.707458624
4106	0.02775015	0.165755722999213
4107	2.6100914	2.27570826542342
4108	1.8039067	1.06510739977941
4109	0.10888941	0.254254877622059
4110	0.36337075	0.79036943791814
4111	1.1539363	0.687765235345455
4112	0.15917367	0.422065358951351
4113	1.2276216	1.22041298015351
4114	1.077658	0.717894417857843
4115	2.1003108	0.964876540197222
4116	0.68225425	1.5282239605812
4117	0.24250668	0.589611839114286
4118	0.39550966	0.817904531644301
4119	0.30974373	0.492354580678125
4120	0.7306474	0.209285647594286
4121	0.003726499	0.373239922424167
4122	0.5121767	1.03830865387634
4123	0.033122882	0.108661156961274
4124	0.18478659	0.486877292166667
4125	0.34551007	1.49238951753968
4126	0.9215907	0.768203170381081
4127	0.015144738	0.381512626679915
4128	1.0947099	1.29827423975287
4129	0.61487097	0.744399913672222
4130	0.16517876	0.156075005431905
4131	0.09608715	0.26446473134381
4132	2.0907063	2.08310944884028
4133	0.24265046	0.296888958033333
4134	0.0063182525	0.430242485948542
4135	0.13454011	0.36507742779951
4136	1.2239306	1.06950981059615
4137	0.40463716	0.327809809211712
4138	0.11599742	0.323981654624206
4139	0.7146141	0.786350979845238
4140	3.7123678	1.25139504077048
4141	0.23775113	0.171839620025253
4142	0.11135238	0.153977560211789
4143	0.0063796914	0.302622492158578
4144	0.048510574	0.0562083650362121
4145	0.6135085	0.637848557147059
4146	0.09448413	0.149136604589655
4147	0.18061611	0.370931162996989
4148	0.11729515	0.4156021067125
4149	0.13884121	0.184519417951042
4150	0.32446146	1.05632523531705
4151	0.22777528	0.187670197354167
4152	0.19223024	0.112919845871053
4153	0.045208093	0.304979548939815
4154	1.0734	0.680450940731707
4155	0.041061647	0.406124273093981
4156	0.11723548	0.708618532950427
4157	0.07056358	0.0568088556527778
4158	0.07853512	0.293790193343972
4159	0.18237847	0.258602677370325
4160	0.5063015	0.262384725783824
4161	0.47764567	0.526567332933333
4162	0.33575732	0.285775549424242
4163	0.72800696	0.777616543027132
4164	1.4245257	1.0695450990463
4165	0.02904807	0.409939325019167
4166	0.26952505	0.536086219615854
4167	0.009110167	0.24821761833081
4168	0.21861686	0.889016244728572
4169	2.5230346	1.46631080064015
4170	0.30103767	0.418749362197917
4171	0.25753582	0.576250043974359
4172	0.46010178	0.9695474086
4173	0.1694161	0.33488911725375
4174	0.47902438	0.573908932963964
4175	0.3923906	0.402311507336404
4176	0.29870492	0.567187413989362
4177	0.21637274	0.246946837489524
4178	0.2433826	0.642198676815741
4179	0.20646389	0.506828256558824
4180	0.039296415	0.235252511116667
4181	0.17071936	0.154128077979444
4182	0.93509567	0.331871540796465
4183	0.79102147	0.766350961958081
4184	2.0091653	1.47683501647917
4185	0.20891124	0.279108934127193
4186	0.92966676	0.870571079054054
4187	0.09773113	0.175990473149907
4188	0.029912971	0.485177502324463
4189	0.5274237	1.21988384007778
4190	0.63582	0.570586679539316
4191	0.053199645	0.237824846682143
4192	0.4445381	0.324365624611712
4193	0.8811718	0.8910321817
4194	0.2989136	0.569768645246032
4195	0.10752906	0.234009392116177
4196	0.027437918	0.627348982789048
4197	1.701241	0.952541025362592
4198	0.3334861	0.41291550637193
4199	3.02373	2.32440272604583
4200	0.23338532	0.709472307703704
4201	2.4608495	1.86100478113542
4202	0.04805993	0.267022661448421
4203	0.764584	0.872496242149123
4204	0.085306376	0.0938287444093024
4205	0.73394287	0.408058581154123
4206	0.8774868	0.358016457583333
4207	0.06888748	0.126046722545833
4208	0.31335136	0.616387079727928
4209	1.2972375	1.50989785212963
4210	0.52850485	0.650060228623932
4211	0.06573056	0.154458159010045
4212	1.1500313	0.998448697661765
4213	1.5218774	0.843876931107527
4214	0.088212006	0.281277328172222
4215	0.14241634	1.20612586557456
4216	0.4018287	0.514439349489167
4217	0.55695236	0.447910139946078
4218	0.017803123	0.430781826818468
4219	0.19203286	0.565242171400709
4220	0.03215255	0.487650890394595
4221	0.30341232	0.657965824005208
4222	1.7104279	1.34435779748958
4223	2.6850169	1.67769200877037
4224	0.19361456	0.484212383755342
4225	0.13420191	0.409260780523438
4226	0.1159863	0.122193697544086
4227	2.0307426	1.66765542233333
4228	0.16558161	0.618960536178948
4229	0.48384207	0.806023528098374
4230	2.1002932	0.496993985905051
4231	1.9587857	1.20097484209127
4232	3.0022106	2.62662381687805
4233	0.39306784	0.420208702505263
4234	0.9477258	0.80548721300813
4235	0.5492313	0.635073672234127
4236	1.1647543	0.491759325944504
4237	0.35073447	0.694290452095556
4238	0.32779717	0.730923028957364
4239	0.059018362	0.155686185945238
4240	0.14644861	0.400785351697701
4241	0.61261195	1.01256396095833
4242	0.073670775	0.329056750334815
4243	0.07781925	0.154345200024286
4244	3.3837907	2.21487263642222
4245	0.31394836	0.516050234785784
4246	0.26284108	0.641759182087619
4247	0.024955397	0.153899862744767
4248	0.0063173478	0.185226763708333
4249	1.734359	1.72176941351042
4250	0.24333976	1.10401592594017
4251	0.26582727	0.392837740327642
4252	0.84292865	0.72069410004054
4253	0.536692	0.418281187165873
4254	0.5468728	0.775511588468966
4255	2.0732	2.28601302046739
4256	0.33233953	0.745177265244792
4257	0.09972912	0.51572028545394
4258	0.34937537	0.522631211627143
4259	0.06316569	0.411391100391453
4260	0.926187	0.94652183725
4261	0.72790414	0.178516339325741
4262	1.038254	1.20481815293333
4263	1.7901399	1.59168602322748
4264	1.3054783	1.03467028713596
4265	1.3080615	1.10111915705208
4266	0.317647	0.752679799412698
4267	2.1453836	2.20477791476423
4268	0.3763062	0.32099244219619
4269	0.035416316	0.111174846414474
4270	0.08797134	0.398173132959302
4271	0.63361317	1.18862334359649
4272	2.1736777	1.41629391779675
4273	0.014293379	0.148301136815385
4274	0.80132544	0.918937903377193
4275	0.30836022	0.5663301673
4276	0.0872908	0.220211010887281
4277	0.34482566	0.858106774925439
4278	0.08495062	0.420310366232558
4279	0.0754227	0.296187226793089
4280	0.45382532	1.25465439438095
4281	0.03977491	0.232258060476471
4282	3.7854683	1.99680258771491
4283	0.053574998	0.200565774155208
4284	0.11917599	0.0790371978706504
4285	0.22551264	0.185530395709804
4286	0.30577034	0.176002732880556
4287	0.6005138	1.08831509879825
4288	1.7285751	2.23145858355556
4289	0.095466845	0.18928032876746
4290	0.6655398	0.848207250354701
4291	0.06872472	0.680880792687037
4292	0.08849418	0.339069871585185
4293	0.17764308	0.046171721927381
4294	0.40561256	0.505101420317117
4295	0.10772683	0.200062897563095
4296	0.07536638	0.284299991821795
4297	0.2686922	0.185355342163158
4298	0.18607453	0.304819327394286
4299	2.5879655	0.445969190694872
4300	0.40872952	0.549334017067521
4301	0.10539592	0.4253269434475
4302	0.32205412	0.865076272367857
4303	0.377976	1.23654149231624
4304	0.0831037	0.40260139520754
4305	0.25460818	0.367204110030303
4306	0.26789638	0.253571331401515
4307	0.9906226	1.32224125908915
4308	1.2080181	1.20066104858651
4309	0.4335471	1.32715248329825
4310	0.8194482	0.801693467483333
4311	0.018783862	0.13686240924363
4312	0.08171744	0.507842660279583
4313	0.08089815	0.088710598815101
4314	0.9935469	0.470626672174797
4315	0.1366074	1.28687687303646
4316	0.06718958	0.480630628839506
4317	0.49227783	1.05508562977236
4318	1.4573855	0.80591005901894
4319	0.402883	0.601420653594048
4320	0.21708052	0.170364975161261
4321	0.05717819	0.145737845292381
4322	1.485794	0.851792889243198
4323	0.63795334	1.09397007445417
4324	1.0121003	1.15809235958065
4325	0.45407388	1.2717544008908
4326	0.20229521	1.09299955004301
4327	0.09110225	1.01692439555882
4328	0.07986764	0.236147231110101
4329	0.024705017	0.342137303113415
4330	0.11167107	0.199993356532018
4331	0.7135019	0.406522085046667
4332	0.76675063	0.834738909636752
4333	0.07738238	0.126995164200521
4334	0.1178895	0.341331741548551
4335	4.5886116	2.33068673764228
4336	1.3388029	1.44498193445833
4337	0.11961632	0.301666954918519
4338	0.026698157	0.193327578617204
4339	0.07107469	0.34757870855946
4340	0.5435281	0.731599314921367
4341	0.12266769	0.175961296940541
4342	1.5266727	0.524354035714942
4343	0.12767856	0.253619463409872
4344	4.3092813	0.688545577562222
4345	1.2431827	0.464031261912037
4346	0.006344341	0.140868256369495
4347	0.16972095	0.242886002492188
4348	1.0297177	1.17667518013978
4349	0.1644034	1.27206310565417
4350	1.1234636	1.07969388117172
4351	0.22295521	0.154606796543874
4352	0.20030749	0.505264676831721
4353	3.7140477	1.76102370069608
4354	0.058479723	0.453490029520175
4355	2.3750463	1.73127863662162
4356	0.04333137	0.133643002801984
4357	0.79815817	0.96428667275641
4358	1.9422288	0.325911117942735
4359	1.0533113	1.41761995921368
4360	0.032276284	0.945796484338889
4361	0.17528452	0.588305149583333
4362	2.2910361	1.58400652541954
4363	0.08737334	0.214464202638739
4364	0.20239379	0.390561643431389
4365	0.2077935	0.102118136604457
4366	0.5075395	0.356080087436905
4367	2.0772843	1.84818782111382
4368	0.6759779	1.14449288661667
4369	0.5585745	0.850317971458796
4370	2.447233	1.13303284087963
4371	1.5389026	1.53333912580163
4372	2.2563677	1.55066339080093
4373	0.643748	0.507112197667442
4374	1.243285	1.11324564578739
4375	0.426325	0.208580258454054
4376	1.2044692	1.23011735219565
4377	0.10662613	0.243672452278922
4378	0.7155412	0.850577141186992
4379	0.14537828	0.173294894051163
4380	0.12009221	0.611256448812016
4381	0.08645101	0.27225583381713
4382	0.29709494	0.562137634984946
4383	1.0462762	1.21506220420202
4384	2.0755866	1.17382856289352
4385	2.53254	1.17120305979048
4386	0.92715985	1.03273343537546
4387	1.2896308	0.84147332056746
4388	0.49336594	0.239538340103175
4389	0.24676664	0.240494910830392
4390	0.56671625	0.201180189604605
4391	1.1367056	1.35883236494186
4392	0.08884049	0.373024970390541
4393	0.07698769	0.215046782961111
4394	0.54727435	0.3587708748625
4395	0.782791	0.702540697473684
4396	0.052022774	0.348932429414943
4397	0.2299923	0.792686507173171
4398	0.70962876	0.753374117423913
4399	0.028449561	0.258418336767593
4400	0.22624461	0.214107416176768
4401	0.9350914	1.24646132577941
4402	0.11880199	0.294470951296875
4403	0.09351387	0.484862011221212
4404	2.4439845	1.38843597008824
4405	0.83868146	0.73076813072093
4406	0.28530222	0.384734630875
4407	1.2292291	1.01403927130952
4408	0.82455367	0.510041533268334
4409	0.30388975	0.54663774206579
4410	1.9974496	0.898761186443089
4411	0.07540106	0.316477966318039
4412	0.11191497	0.280034272937255
4413	0.47683328	0.659044436793137
4414	0.38878548	0.712414284964286
4415	0.2341471	0.437278009979675
4416	0.33276552	0.534752554516667
4417	0.0027053792	0.635274472238167
4418	0.2825467	0.5676984325125
4419	0.41628885	0.419233051710784
4420	0.10876721	0.583488651528378
4421	0.12885134	0.207208988208333
4422	0.33982044	0.377895800895833
4423	0.43013614	0.608248765545454
4424	0.582304	1.05125395449167
4425	1.4155935	0.557173009088618
4426	1.0826753	0.930927710049383
4427	0.03165295	0.140935478799123
4428	2.2533631	2.33885071264228
4429	1.7284873	1.33143584085256
4430	0.052008856	0.324757250139535
4431	1.4786149	1.33873282024797
4432	0.15666717	0.45321642527037
4433	0.5633387	1.32239082217376
4434	0.11900993	0.30064768790101
4435	1.3147421	1.33102098603246
4436	0.06625561	0.135770309962745
4437	0.13918647	0.233182796910753
4438	0.67578995	0.317139475936111
4439	0.026446732	0.0499769741095714
4440	0.20636176	0.227796966994286
4441	0.34177113	0.388833857692308
