index	observed	oob_prediction
1	0.20122409	0.224510870207843
2	5.9539247	6.22451952028455
3	118.172165	116.62064390991
4	38.112213	42.5025648227642
5	3.6009274	4.2951245015
6	8.918558	8.94048981899123
7	47.81392	53.5482481188597
8	0.15241687	0.198236759749829
9	2.7283063	2.34877017907407
10	0.24560444	0.197260955100355
11	0.5919085	0.467708841333333
12	34.76431	32.5184276666667
13	56.835403	59.6650319928571
14	2.240288	1.85079419704167
15	28.956915	31.4288905352941
16	94.51252	91.2554980990476
17	45.489635	44.78675085375
18	0.027519267	0.134569665593519
19	17.98836	19.8569318226496
20	0.2959564	0.166135503552703
21	0.23827875	0.323310729329268
22	0.020959247	0.0817040355446899
23	0.09807336	0.0783836284828947
24	16.326553	17.5061102653509
25	32.015667	32.1488009970238
26	17.176687	16.3430831313131
27	0.17562321	0.341058711206977
28	0.34820274	0.423313262601852
29	0.81961215	0.51385421408046
30	0.64337534	0.737034188361382
31	2.6322055	3.41345889657143
32	31.037283	31.7487719109756
33	20.282398	19.4778871791667
34	51.249775	48.4352962511494
35	69.51198	65.7366865068627
36	3.4594643	2.72880541533333
37	0.12570149	0.103989203479054
38	78.253784	82.2165259337301
39	0.011305025	0.315402852779286
40	0.7735239	0.972475667291667
41	53.860203	54.5595571527778
42	11.852349	12.0382211066667
43	44.540825	47.5832979966667
44	58.146732	58.2942259579167
45	0.04965601	0.239979170238378
46	46.706066	48.371502675641
47	0.02621664	0.239159036606897
48	0.032896318	0.174764802301096
49	82.95358	78.2955230302632
50	0.1504812	0.328553539290323
51	0.36948487	0.500904377666667
52	0.12819909	0.169213990442361
53	0.12656525	0.278510339626667
54	9.014925	7.9587237325
55	0.34797907	0.449844039205702
56	0.27749956	0.252974446264474
57	5.9160914	5.41276098817073
58	27.252184	28.748380799187
59	0.30177262	0.359784440583796
60	5.5785847	5.28222279439815
61	1.181132	0.678962038987255
62	0.10555526	0.142131076558553
63	67.18671	76.1319543782407
64	74.747475	78.5209075871795
65	0.087719105	0.126277828341204
66	25.195312	28.2431316819444
67	3.0028124	3.20485265252381
68	0.63569367	1.18354514751667
69	0.16119456	0.192518436254583
70	0.08273129	0.300464472178646
71	0.1282993	0.168926090913772
72	0.20831887	0.266607948910714
73	0.037742067	0.0694819832282083
74	38.58491	36.7428125411111
75	20.98467	23.7645552696429
76	0.5876561	0.597940497661667
77	2.5633323	2.60830868511301
78	21.855928	24.2447632204167
79	24.6195	28.8509843789474
80	0.011033217	0.043899962436627
81	0.18621527	0.219877313481482
82	57.69202	56.6027071262626
83	0.2964654	0.263239999246296
84	33.085304	34.5139546263158
85	0.9934663	0.372822204204286
86	0.19265112	0.334441562570513
87	0.64986527	0.595502539985507
88	0.33479777	0.29653101884537
89	6.487875	6.58015473723577
90	0.0997281	0.20913140633718
91	2.0371904	2.20790149738095
92	1.0714124	0.652832572176191
93	0.4529079	0.438792343722222
94	21.47475	21.7651431279762
95	0.4326375	0.535517232610417
96	26.606937	27.2648855166667
97	114.14926	116.119096851852
98	0.36345753	0.296761700414815
99	0.21920341	0.187335618941228
100	6.837237	7.06533481376191
101	39.24511	39.0786961441441
102	38.61938	41.5463686893617
103	0.064968415	0.119953114257748
104	0.70414287	0.530005724216863
105	1.1489139	1.09508559427273
106	0.17496538	0.1241589321335
107	0.012428603	0.294262940295161
108	0.109270856	0.185762618028704
109	21.232224	20.1351233267544
110	31.518864	33.1841192744445
111	0.2746216	0.261684907311667
112	0.8137611	0.321185268922727
113	1.5587687	1.69182514627132
114	0.3684964	1.20733525590789
115	8.975794	10.0030923282143
116	0.008294437	0.0518702481027619
117	0.34077007	0.511590380535088
118	0.8404657	1.29626016643827
119	40.371284	37.9663895718391
120	109.35073	117.161028410648
121	0.6002129	0.222985490746053
122	0.3263028	0.599929982724561
123	64.3231	66.0149098520833
124	20.796453	20.5296159786458
125	0.08103458	0.0297975087479252
126	0.8457294	0.853757743734127
127	3.9538906	4.15663196468468
128	0.17553355	1.28880447024568
129	1.1501381	0.976254657973148
130	0.8316557	0.512451756498214
131	59.462757	61.9466733777778
132	0.19101803	0.271564478122473
133	0.34478858	0.148939568742982
134	34.27671	35.2508681126016
135	0.007287431	0.461039879997436
136	21.868406	21.8827119587121
137	2.2019262	2.07811890636937
138	0.005588607	0.15269016791724
139	0.14024715	0.173187973769797
140	0.017825589	0.069229526054
141	59.616035	61.7116507337398
142	2.268766	1.92557665880296
143	90.315216	90.1514761909524
144	99.52375	95.1677318993197
145	70.66933	72.9450887512821
146	0.020888751	0.0734608191865104
147	0.28623605	0.165912986214228
148	0.13015373	0.194847561111833
149	0.1042612	0.15006979093381
150	88.049164	86.6181528075
151	8.231997	8.04542014109649
152	109.27129	108.865103707083
153	0.4082804	0.467749222236036
154	22.60552	26.1367268661111
155	0.05449388	0.327837669137281
156	117.83508	109.144093574242
157	17.30023	14.0592277238426
158	6.8902416	6.93000427681818
159	0.1789859	0.461718733832222
160	0.23342624	0.238247362331019
161	107.03801	109.066783425926
162	13.769468	13.3375929642857
163	1.670762	2.13454203689922
164	19.53271	20.3657022161458
165	0.010411541	0.136018903346802
166	94.42459	97.21088934875
167	0.04425411	0.0674713951364236
168	0.0059427074	0.250267910204259
169	54.918976	53.187626836036
170	70.486565	76.3805736158536
171	0.42433795	0.277516043263426
172	6.2933745	6.32821272215447
173	0.17761268	0.141516714794608
174	0.0091827875	0.11426966266213
175	41.69634	43.0068364606838
176	80.03882	76.5911429652778
177	25.123793	28.1849794715054
178	3.918938	4.69636928198198
179	40.565933	38.1792639849594
180	1.3770164	1.86235951348925
181	0.008462836	0.0822837307684286
182	6.5091214	6.95580508605691
183	35.17152	35.1171541612745
184	53.536346	54.7503446825
185	2.2787151	0.889661011543518
186	25.468725	27.2499976134921
187	65.95898	64.9404937123457
188	0.061853107	0.113736501455556
189	0.23959932	0.287553758541667
190	2.4662292	2.63028788529167
191	13.4021845	14.982137275463
192	0.18984999	0.19564055550197
193	0.64913464	0.585563859097154
194	5.48149	6.2763940279386
195	0.33692098	0.362707661768889
196	70.63534	68.9399974020833
197	0.8866683	0.844639659788889
198	3.8718226	3.91525840308602
199	41.340626	37.4319560339286
200	1.1530995	1.46055057587302
201	71.961624	76.9517987537037
202	0.18206707	0.185537504968018
203	4.5836368	3.844358519625
204	0.14713845	0.245711386892064
205	1.2471026	1.44853280660965
206	0.14826338	0.195092471142857
207	0.18675236	0.284933186067568
208	0.14989091	0.250952157039216
209	1.3531092	0.883679808845238
210	19.885387	21.6153773380952
211	0.018030245	0.0381487825558696
212	0.6191112	0.261079632256667
213	49.27718	49.3045110866667
214	0.10302949	0.138584856828939
215	36.41713	35.281475655814
216	0.16007017	0.380016041881183
217	0.10768498	0.154226590027011
218	0.2833704	0.24357486955914
219	7.9691586	7.83011111773504
220	17.19369	18.20304636
221	27.93788	28.3198461145299
222	0.06926262	0.158822728478158
223	0.22887544	0.453863732864815
224	0.12852867	0.333939274135088
225	48.41969	44.6052569636364
226	0.023167336	0.106527790883333
227	9.274936	10.2998486832609
228	1.8258454	1.12413060742892
229	34.830482	33.2389665541667
230	13.850107	14.6009831953704
231	23.056267	21.6359655626984
232	0.008410611	0.0808648993477315
233	1.4329793	2.14742495359375
234	0.007692623	0.12945771185399
235	0.22375995	0.15275854075202
236	0.015204207	0.0473196188040741
237	0.79327345	0.287411508454472
238	75.024864	80.6187152879167
239	11.143181	13.1194933322917
240	0.008618089	1.69238731920437
241	6.088176	6.44541720153846
242	0.015436251	0.0481789216566667
243	0.29774034	0.275502225086364
244	91.70308	87.4595552857724
245	17.241653	16.1973657539474
246	12.433793	11.678096068018
247	0.91565233	0.582220687893694
248	39.29852	41.8335134910256
249	86.616714	82.9854221638095
250	0.0034609484	0.0497079802887838
251	1.000667	1.30794627328241
252	19.926897	19.7299629558333
253	0.005822944	0.0382403430975287
254	0.19591954	0.127637507673118
255	54.408566	57.3280787544716
256	0.06554665	0.232994386922143
257	0.11459811	0.181268029661434
258	0.7059048	0.455269806485119
259	41.088726	43.8573672921875
260	0.014452099	0.169390562076579
261	1.0482249	0.565211904633333
262	17.446299	17.2108732699074
263	0.029178815	0.132452740294017
264	0.11039576	0.200318884312482
265	73.72954	72.629368171875
266	7.865221	7.52988207290698
267	0.3697043	0.377147972131313
268	31.539879	31.8509440182292
269	0.011209801	0.0607117207881081
270	49.88265	54.3251002463415
271	0.6378805	1.1333757269504
272	0.699648	0.3060623977
273	10.717715	10.5438889321545
274	27.641466	30.259708584375
275	0.077054255	0.250691385225694
276	39.019005	40.6036491850427
277	15.726034	18.0508767906504
278	102.11172	105.033417220652
279	0.03293131	0.102010939637447
280	45.04121	38.3592562964286
281	74.76238	76.5812675650407
282	0.20384744	0.283747354933333
283	0.4904344	0.229227204017204
284	41.52579	39.1646096348039
285	5.9803057	5.21377983586021
286	0.2816507	0.489336730503125
287	0.22482453	0.193602146918182
288	0.06595191	0.207978453803968
289	43.431644	41.6664250136905
290	0.120450824	0.0766377675454825
291	0.17178674	0.0601488533185238
292	0.37902287	0.0844186194740476
293	41.67251	43.9635709888889
294	0.010043294	0.0855382914300575
295	1.1674736	0.178601113667585
296	0.0075161946	0.110863604043403
297	35.423244	35.1699893171171
298	47.55684	45.2424371818628
299	0.1344829	0.14842209728875
300	1.4402463	0.879375481762963
301	0.42572495	0.350509302088492
302	0.78531003	0.682434204509009
303	0.058269914	0.117173362097738
304	0.1391067	0.613249055526042
305	0.26834068	0.263827577285318
306	0.012870817	0.0594828983752604
307	5.6702447	6.95489516872807
308	0.24079862	0.422487755847619
309	48.568375	49.3481890450758
310	8.603095	9.68755710690476
311	0.5863463	0.663702278986842
312	48.40674	51.4039292072917
313	0.05295993	0.0670131108746124
314	11.244647	11.5903280615196
315	32.766495	35.6053236758772
316	37.102734	34.0667539947619
317	58.79672	61.1912457120155
318	0.6354286	0.181264741204417
319	0.35122052	0.294596416852193
320	4.338502	3.69534492338095
321	0.02931733	0.0263006438666092
322	42.858208	39.8911133955285
323	0.047957994	0.0578103733348572
324	0.036306236	0.361286088434649
325	0.58191115	0.235961955520556
326	0.0076883957	0.134021168530645
327	2.4655945	2.32547710976496
328	0.2999054	0.233899670800758
329	8.220956	7.31089135495614
330	1.7467734	2.0788870049798
331	77.73113	78.899399215
332	0.27896923	0.174090575482407
333	0.03895723	0.145605479705392
334	8.381387	7.64540218048148
335	0.15150969	0.277706906103509
336	0.028483264	0.286206398228
337	66.754875	63.8203553967593
338	22.121355	23.5425653825926
339	0.068928845	0.235285095357065
340	91.64171	85.1394436016667
341	49.842464	48.3134717195402
342	0.15596846	0.515748425926667
343	0.013206634	0.0829466362597475
344	1.6687872	2.29321742701754
345	0.005353481	0.0681228173588542
346	44.251072	49.2554155661111
347	109.04366	102.862223119048
348	101.69248	96.200283315
349	20.749916	17.963024901938
350	37.55858	36.1441114884616
351	7.428278	7.33193516628572
352	44.08479	47.8023006776515
353	45.509285	44.4230480210784
354	57.49027	60.8121924365591
355	99.349236	97.7747472565789
356	0.13476884	0.173207693325862
357	31.57969	29.394675125969
358	95.41573	94.3476202009009
359	0.18445219	0.68701685627193
360	35.828747	38.6853137795238
361	25.30554	24.3066672112613
362	18.032007	18.894619296124
363	0.22913218	0.164709591917949
364	48.951637	54.7674015868421
365	117.52376	111.710351311842
366	47.658043	45.1378975306306
367	1.2315446	1.26602030217593
368	0.009267873	0.0746389735458334
369	95.408066	97.273542662963
370	0.028869236	0.0501959524883333
371	30.119318	30.4637612114286
372	1.1810088	1.01877703080526
373	2.8986588	2.17644096563114
374	3.1603613	3.13006247180645
375	91.91579	90.3633123666667
376	83.20821	82.8625673259259
377	3.7889552	5.17684415242857
378	0.08287118	0.151104381070313
379	29.48022	31.3287620626016
380	0.037107173	0.163852754717432
381	65.11291	57.74287575
382	0.0089595085	0.0213028797880476
383	22.40716	21.7543278108108
384	0.010149962	0.0214457408632778
385	47.897617	55.3376926089431
386	0.55306387	0.454804833130208
387	0.2944697	0.284195844567117
388	126.46259	131.169405057222
389	0.07923803	0.0321060381411458
390	0.031053165	0.110693634615882
391	0.07403575	0.146844405381111
392	12.560591	15.0764353201389
393	28.690685	31.6735552657407
394	74.32702	72.29831092
395	0.36625868	0.97138503049697
396	18.360489	18.0751968529167
397	72.64331	75.9190674891667
398	0.43348908	0.463366459914493
399	0.023352537	0.0727846559404286
400	7.090636	7.60903009142857
401	90.99435	88.039521249187
402	66.86674	69.58671368625
403	0.22333744	0.249231552278095
404	7.4448647	6.27153655375969
405	0.039308358	0.252265347072807
406	17.934341	21.6751915140351
407	0.010238033	0.208012454846762
408	20.834816	23.34313033
409	0.018370228	0.0822229245857017
410	0.06742929	0.21528996100307
411	17.57973	16.5584709328947
412	36.050995	39.7964793070176
413	0.2849378	0.290259249065657
414	0.7627552	1.08960053031313
415	0.04678692	0.203558617321795
416	44.046387	45.4759404324324
417	0.16236734	0.220025994636022
418	0.59576464	0.522323173594595
419	0.072412804	0.102239209860691
420	0.3071346	0.255468025027027
421	56.301563	60.2138369242424
422	0.48987147	0.168932551090746
423	1.1938915	0.58906234550625
424	20.447168	18.9786505118421
425	1.0023619	0.225637285550407
426	0.30413553	0.23230011704086
427	0.09768292	0.11669195300093
428	2.438423	2.7975577935641
429	0.035184734	0.195015230913333
430	28.524523	29.4460832162698
431	27.683125	25.3490380191667
432	0.4940867	0.206683222838597
433	0.30985948	0.467894868226667
434	0.10339568	0.310146579380208
435	2.360501	2.07103011435417
436	1.2820557	0.699983246815972
437	0.012449249	0.044822571777197
438	5.5579906	5.84412489171296
439	1.1386687	1.42860386732963
440	17.18146	18.4983514149123
441	65.04969	70.8818625810811
442	16.628323	17.5115705523256
443	57.23341	56.2956391808081
444	20.305906	22.4308561282051
445	48.006516	45.95450450375
446	47.83975	43.3260865142157
447	80.48975	79.1408382454546
448	0.005704676	0.0377701925026667
449	0.09409321	0.252652228070833
450	0.012010627	0.0287467912374561
451	0.63219297	0.285961794066423
452	0.18084353	0.176049027656322
453	0.0073628905	0.117590960103195
454	30.691664	31.2339514779167
455	0.12204584	0.176988759407609
456	0.01757211	0.156875570861176
457	7.757928	9.65280254990991
458	12.427222	12.3943949308333
459	0.17126337	0.196660799335
460	0.28484654	0.406536827876068
461	28.058702	25.7125824145833
462	0.04426622	0.189179689506504
463	22.545095	21.2798793354839
464	0.8708598	1.83383572228495
465	2.1734574	2.96225271366667
466	35.484386	36.4613456531746
467	0.200953	0.249301629062016
468	66.093575	62.5753824492064
469	0.09714755	0.368242390577236
470	11.564008	11.5639898548529
471	0.041456472	0.0785710694752174
472	16.660837	16.4455550314103
473	84.01022	80.695600375
474	31.378807	35.0447972366667
475	2.5755374	2.74868665345833
476	0.706839	0.340846091907353
477	44.787827	47.4584810821429
478	63.82977	69.1757018726191
479	1.8982975	1.54353808477477
480	0.031399507	0.0801503917176316
481	16.032948	17.0266349837302
482	0.04804318	0.212915887742083
483	0.046686884	0.124431787930357
484	40.028767	38.8086038247619
485	80.88009	83.9656836711538
486	3.0819228	2.99613323495614
487	0.56176186	0.521070625731915
488	35.91105	34.3770957952992
489	23.319963	24.5036055065041
490	8.062448	7.95044137721088
491	0.02973212	0.246922337604667
492	0.35291418	0.282931779792917
493	86.36904	80.3329080560185
494	20.310102	19.4401041106838
495	3.759467	3.18747275695122
496	0.0066299248	0.202289361906036
497	0.13238819	0.0530439526505856
498	1.2922261	2.08262917845528
499	0.054098185	2.63587893268874
500	0.20610775	0.256544435861616
501	0.21975479	0.287773657687083
502	66.809425	71.173926016
503	71.644714	70.16224867125
504	40.75971	42.3703261370968
505	22.88572	22.2296812611111
506	0.16416866	0.253912646180851
507	0.29296562	0.307163867818056
508	0.12034091	0.289492121852917
509	0.009294193	0.0450269632740278
510	14.826726	15.9238455945946
511	98.92664	101.688386353704
512	84.387665	79.4784571815603
513	0.010223237	0.0314975738094017
514	0.11598352	0.158172183178378
515	0.2523092	0.183737139816204
516	0.21282835	0.115587561920833
517	0.7253362	1.00377702476752
518	0.26160318	0.249082458288618
519	29.350634	28.0738602888889
520	0.0058718147	0.10515686851
521	62.783	63.3258178851852
522	82.22551	86.548335870098
523	3.8307188	5.79261752576191
524	6.228638	6.22452594171717
525	38.205853	41.1871928449074
526	61.58573	63.1922476454546
527	0.47155356	0.203975019159167
528	0.18874145	0.208918435932456
529	0.33412668	0.444963635018018
530	19.50198	19.5124556214912
531	5.2252994	4.63657484603604
532	25.153273	26.5443433390244
533	35.835945	38.2436587948276
534	28.29284	26.5127517384259
535	0.43854472	0.416313082067568
536	5.208136	5.51060953
537	0.060065858	0.212867653727778
538	20.160782	17.5066581447368
539	0.013955741	0.0874950395232946
540	0.012515834	0.0507736580261241
541	82.0145	91.8374482614584
542	41.198784	34.6261784097826
543	26.901329	28.3498325328283
544	0.84571326	0.697917970002121
545	0.24360687	0.423028537377273
546	27.968086	30.3213027934211
547	0.112446204	0.310134286877439
548	14.735198	15.4603191961712
549	0.25529507	0.227570676435238
550	13.488656	11.8162368443628
551	0.015672443	0.0397270876003846
552	0.07485729	0.0843618216319892
553	3.9194667	3.88289997661905
554	19.787727	19.6403634529915
555	0.52375627	0.242129359863095
556	101.76674	102.9144550375
557	52.637276	54.2873977080952
558	0.2073248	0.181749694480208
559	48.728558	51.1136509877451
560	0.116737954	0.183753083375214
561	0.25943303	0.260634473796316
562	0.16959518	0.1731056669575
563	1.0228797	1.05004205781771
564	0.13506107	0.332620721515203
565	19.626286	20.6238113572222
566	84.5155	86.8177783759259
567	0.21657957	0.204816545671667
568	77.42191	83.0446586122807
569	21.598957	21.0472083594697
570	30.204582	29.0695589657407
571	101.52713	96.2703886392857
572	1.7417921	1.48077273942883
573	87.4239	85.1023116416667
574	48.699486	47.5653740111111
575	71.0495	71.2638645486842
576	23.92815	22.9730851166667
577	36.051777	40.6401858784091
578	99.5229	96.5873872608108
579	0.06780574	0.149657797644608
580	55.27308	52.3051291197368
581	83.10532	80.4385372055556
582	2.2673166	2.915341672375
583	0.2749303	0.964403055538243
584	0.012820865	0.0987341516238158
585	45.487213	46.3517925431035
586	0.19322847	0.198049433979487
587	80.473495	80.5193692759259
588	0.58465123	0.398165949989655
589	0.024496645	0.320187167754074
590	18.811138	18.5028140030303
591	0.10430192	0.143102605136752
592	94.80509	93.6217970752381
593	0.61917204	0.327346947536047
594	35.921017	36.9957798560606
595	0.4417109	0.67537987117619
596	103.79402	104.489963910163
597	6.316264	7.59147380640351
598	1.3891885	1.23473855853252
599	0.26687723	0.180491733979167
600	56.642456	57.1753196183333
601	0.007955771	0.0520666627523333
602	0.26006544	0.176501268719048
603	2.9689825	3.2745713202381
604	70.91183	78.3808105054054
605	3.8167043	3.23594378243243
606	0.09469198	0.147535464219298
607	0.21626316	0.266723721353373
608	68.45888	69.397477795
609	61.855762	60.2108347194445
610	3.936614	3.76069129196079
611	0.3954972	0.4371189103425
612	0.08045314	0.130230891386667
613	7.1053185	7.36858253372807
614	1.3865237	1.49891000832883
615	49.046867	46.8513962069445
616	0.2593616	0.313220043337607
617	93.88474	95.6455909795699
618	0.010362744	0.0417025880776191
619	13.15787	12.6971612313953
620	108.148506	108.6783752875
621	33.972458	34.6998916435606
622	0.17110673	0.321811580628968
623	0.98260957	0.68941899973625
624	0.095502466	0.0483086433955128
625	0.01344032	0.0700262080522072
626	0.04003506	0.0647638841349167
627	24.647161	27.1865168884615
628	112.39325	108.59180775404
629	31.427263	27.4982588347619
630	0.4133865	0.257998791010284
631	3.7779224	3.65345697351351
632	0.039626796	0.15439895090303
633	0.14808804	0.0852945990038542
634	0.8038534	0.517318331076923
635	0.0328443	0.737659218453788
636	0.47773626	0.223555336652033
637	36.205704	35.1441024628572
638	0.33700702	0.332059246858333
639	0.08711773	0.129975573596581
640	0.2620733	0.257573884182653
641	60.491364	61.1663415166667
642	28.4765	32.4663355630208
643	0.25976193	0.28777755443
644	0.09514853	0.19210851905
645	0.026893774	0.0298417238666667
646	45.05231	43.3055095434959
647	12.439906	10.703394926875
648	0.7711684	0.667125887287333
649	80.381004	78.6234840633333
650	0.532516	0.690984736780702
651	0.04664189	0.242658713025926
652	60.6291	60.1968761458333
653	25.086187	26.9027213455285
654	0.12487172	0.110087136230463
655	21.033278	22.7508499195652
656	28.769436	26.0994668776191
657	2.159493	2.35396002837398
658	0.105795644	0.283970709081818
659	0.6075883	0.635374552449495
660	0.101363994	0.241454519124074
661	0.17537527	0.564442521110526
662	0.72940195	0.453194714083838
663	3.4582763	2.89715312677865
664	19.025755	20.2819207224806
665	0.05793864	0.172867793960517
666	0.14123267	0.171963974742342
667	0.0189015	0.119589229336869
668	1.8815917	2.56678076995098
669	0.52579945	0.54127271916509
670	46.8402	46.8576494933333
671	1.200571	1.25458214280444
672	0.71971375	0.724709957650439
673	0.0049275667	0.0275600196865657
674	0.31446043	0.364769108424242
675	39.41035	39.024497425
676	0.008223995	0.0592247640606297
677	0.008924564	0.307384394371795
678	0.42234558	0.201831175944144
679	70.21836	65.6125281418919
680	0.16866538	0.229263433512821
681	5.5595884	6.07280450414167
682	69.88504	73.9959077694445
683	2.7534046	3.19782584670833
684	0.3209728	0.402513464757576
685	4.014594	3.99646142450617
686	47.53331	46.3708083228395
687	0.11432616	0.214104074054546
688	78.31944	78.479555045
689	0.18044135	0.260534197986594
690	7.829612	9.82482322776191
691	3.0871596	1.70551740491992
692	0.4301653	0.221647133996759
693	1.5890824	1.16669585251014
694	63.502098	63.8356454244048
695	0.09378742	0.0819608874885417
696	0.0051106904	0.195418627226036
697	0.10842958	0.391208604238596
698	0.70092225	0.325263381467302
699	19.471485	17.2475107102564
700	57.325542	58.807148475
701	0.14456059	0.127009780695686
702	34.44296	37.1761153074561
703	82.56518	81.3962204320513
704	1.6941528	1.47210213291176
705	56.43125	59.4756383954545
706	26.174984	27.430208796875
707	14.833928	14.2311825725225
708	2.493884	2.2610177060101
709	0.4722643	0.295652962267544
710	0.59117085	0.477632498138889
711	0.53915834	0.404392603209804
712	1.0119518	0.765242660406667
713	0.16311628	0.409462959959829
714	0.16506368	0.194101389328571
715	0.4056419	0.13226721752803
716	1.6684	0.897927445733333
717	20.890776	19.6118980901961
718	0.1006315	0.138543571304167
719	3.318539	3.13525657612403
720	2.9308887	2.70195868241228
721	0.0051699337	0.0683668797994167
722	41.062347	42.6704234481061
723	0.18129624	0.598955949519048
724	0.010577218	0.0967861801467742
725	0.01805571	0.0863756572035785
726	67.57746	66.9381137558824
727	25.225454	22.4343142646465
728	0.055922315	0.114506290621814
729	0.025979731	0.0333347916198889
730	34.90131	38.4855620314286
731	0.011556585	0.142097168224417
732	0.4376715	0.863386878394286
733	2.827572	2.56842046346491
734	62.303856	58.4304737923077
735	0.4386698	0.303812517126196
736	0.2762701	0.283447685638384
737	5.573352	5.70592314925439
738	0.3905696	0.285064011595833
739	0.22841431	0.120049119309524
740	62.884212	64.2462484238739
741	59.992554	56.3721085341464
742	4.0210466	3.5800504380303
743	0.02129765	0.0411538148364762
744	107.68578	103.0141020475
745	0.03969067	0.0293054517151429
746	3.7522054	3.52335726563178
747	0.22287548	0.524971049380342
748	0.29131302	0.337794173018519
749	11.372534	11.5089447514286
750	33.626404	33.1726049453125
751	0.064369075	0.0695522716577477
752	1.3813577	2.1589415193641
753	19.449894	18.5733039599099
754	0.008616861	0.179032828221759
755	0.08592137	0.409019529476344
756	0.28883994	0.338485494112195
757	0.9690302	0.704176866237589
758	0.32314017	0.224122342451938
759	0.7899111	0.378982511535
760	5.297319	6.38246610039683
761	0.01540354	0.819801515093175
762	43.123466	40.2748225359649
763	0.2613104	0.316021701447009
764	5.1010203	4.72289889211111
765	0.04587375	0.214107938797967
766	8.630842	9.2164763329386
767	0.41511557	0.299013500119608
768	14.865189	15.9956654081081
769	19.532625	19.7129689734127
770	0.2026095	0.15623610993374
771	0.3722438	0.363571392583908
772	0.37869185	0.578960420738235
773	33.571724	35.0607710242424
774	0.21256122	0.246777040175309
775	0.04552234	0.0558776885105747
776	35.98727	33.7177966514706
777	28.826756	28.8330444869369
778	0.21544208	0.203208632611979
779	1.6246946	1.1266175934065
780	107.27399	105.412195102381
781	5.364291	5.61344924375
782	53.335846	53.0323439919048
783	7.4649887	7.71854240709402
784	10.15809	9.97626958220721
785	1.2664094	0.754724146093137
786	0.12128852	0.184477872324194
787	0.1722134	0.142912291164647
788	1.1884239	0.704817527362745
789	21.549892	21.7439999074074
790	0.19640519	0.100186159031306
791	0.30436432	0.21827099357193
792	6.9783125	6.20470449888889
793	0.9174502	0.278876299825
794	0.28518704	0.373745150454054
795	0.038961202	0.166814465547645
796	0.24098697	0.237560568966667
797	10.828458	11.7684456052273
798	0.87038815	0.797110762704762
799	59.455368	59.4863392073171
800	45.810455	40.9014308787037
801	47.26743	47.497142712381
802	0.35297307	0.43856303644
803	0.11344231	0.0670571549430631
804	31.972221	32.6151027351852
805	30.163395	28.4129695808824
806	0.4402041	0.746512021166667
807	0.17162395	0.123419469673643
808	54.6642	49.741336809009
809	0.391678	0.358688180723958
810	0.022123951	0.202483757625833
811	0.12624954	0.196055419858633
812	3.5469248	2.70589184182796
813	0.18676443	0.316917822271622
814	50.305782	46.0034612184685
815	0.018911643	0.121533691488726
816	0.15759113	0.195560041694048
817	0.0311265	0.209629639272222
818	52.78121	53.2495742144737
819	0.26373	0.228511538457917
820	11.107666	10.9560048983333
821	13.484513	11.2719012387097
822	61.701862	65.7343161583333
823	0.010491564	0.0475112054502193
824	56.121452	57.0260539925438
825	0.053635422	0.0816191610097222
826	7.509848	6.20578856143939
827	0.16739492	0.223430985468468
828	0.29043114	0.22671668331982
829	6.605211	5.98617824020202
830	0.72084737	0.866357976202381
831	90.5889	92.6725847802083
832	0.56735045	0.549941810884615
833	9.484688	8.2207942405
834	58.089413	53.4291072025253
835	0.011375339	0.534841280360426
836	83.13362	79.7035311123016
837	0.3740894	0.202401487641892
838	24.410803	23.9722295861905
839	0.025793895	0.0441626814185833
840	13.543787	11.2055266455285
841	17.46905	18.2558440796875
842	0.81518096	0.683359939618469
843	0.026792828	0.0296336225863095
844	0.22780383	0.174094169870098
845	0.107466675	0.287791079939899
846	52.769733	54.7011088869048
847	0.56537807	0.917263932543333
848	0.2475411	0.050926015181453
849	0.3346857	0.216803700129798
850	73.59182	68.9266227611111
851	0.28601146	0.338148170800926
852	22.037205	21.6863703902778
853	0.8453058	0.70303846317549
854	0.16718394	0.462291555762162
855	0.0149087645	0.0703189495440686
856	0.6884491	0.450020951497619
857	0.5068593	0.429039343094444
858	0.35961887	0.185869898932963
859	2.7340484	2.52680230393519
860	0.25984627	0.288137561431035
861	3.903033	4.57000719407408
862	0.016884731	0.0556180424457018
863	0.17856853	0.705076172916667
864	4.8254128	5.11311989755208
865	0.49806395	0.314211677626894
866	0.4468534	0.586476927314815
867	0.23078334	0.202026946804902
868	3.3399472	3.17662489095507
869	0.15810478	0.1968692783
870	32.63993	29.1977428484848
871	0.1971651	0.234972449094792
872	116.18221	117.793160255426
873	43.0415	42.1525522109375
874	0.23011531	0.243703384211111
875	108.74596	116.682121762879
876	88.890274	90.8837900025
877	0.691819	1.06225986891667
878	0.18497922	0.160223128529688
879	0.1078136	0.730092523202632
880	0.19165726	0.14775091784537
881	53.62779	52.2569203458333
882	0.19319777	0.332321384603728
883	11.780978	11.7223103133333
884	0.5758984	0.560965716054167
885	0.12785695	0.36890432734127
886	0.04903476	0.347138618304286
887	48.850925	47.5606493364865
888	0.08070979	0.653031047647817
889	15.973275	16.6437039017094
890	19.75006	18.2490686
891	0.035938535	0.182154840276667
892	3.7356417	3.68138929219298
893	0.48195985	0.305810209112393
894	0.51303786	0.581347622858824
895	46.04673	45.4473074958333
896	0.19137396	0.200279625025926
897	0.006570595	0.116340279997366
898	0.034073398	0.104774207213426
899	0.24260695	0.299363965709091
900	0.44378203	0.366741780051282
901	0.70553833	0.700209554562963
902	0.05109414	0.0200569799750463
903	0.056136817	0.137786376624286
904	17.955545	17.6159027347619
905	102.96716	105.799717663514
906	0.10784044	0.158662973562929
907	73.67765	66.8044864739584
908	74.0387	73.4877991702703
909	0.1431348	0.161018616605463
910	91.64117	95.6111050044445
911	9.594262	9.44573208645833
912	67.67493	65.7413902211382
913	0.94045925	0.496025214623932
914	40.332565	43.067889446748
915	46.245247	51.965666640625
916	46.465866	41.7744313393518
917	0.3811095	0.181426038812015
918	4.66785	4.74385734065892
919	64.090416	66.3301469314815
920	0.8948181	1.08922636885965
921	0.013717037	0.102136175609091
922	0.009490187	0.274423028208333
923	0.05883997	0.164266289591515
924	9.529563	8.94829713734234
925	0.1416784	0.469950726029293
926	2.4484243	4.257116282875
927	0.0072783465	0.0489688162455556
928	0.22888309	0.705022359101754
929	0.085455455	0.338348101396667
930	31.393364	32.0051063679825
931	0.2282859	0.22043808984086
932	0.006664683	0.173290903690541
933	39.657425	39.0213851847222
934	40.56225	39.01734615
935	121.87803	114.529931971171
936	0.45493522	0.466300070217593
937	19.539713	21.9633021414216
938	0.6382168	0.827973364451754
939	2.0861647	1.81063408539815
940	1.7541486	2.35370076043011
941	0.20427257	0.151566751255172
942	0.611999	0.430784067482716
943	1.3715043	0.927732038583333
944	5.510731	5.33100819195833
945	1.575889	2.17491764583333
946	10.698062	9.2446882453252
947	0.04620902	0.0394182173839912
948	3.1748273	3.70788305073718
949	0.13123013	0.632648397294583
950	32.154232	30.7768422402778
951	0.29569095	0.465207032082752
952	0.036530957	0.0961212042638211
953	0.21955948	0.596647455393519
954	32.391365	32.5098286797297
955	65.557175	67.1487021609757
956	0.21019764	0.6752068155
957	0.77626526	0.53494224044
958	0.13880743	0.529300385189524
959	0.018589906	0.0505714844073874
960	3.442507	3.47765159145833
961	0.1927816	0.242478461500427
962	10.23907	10.0807073785271
963	0.015393177	0.0768850829322222
964	6.8478427	8.44808116617886
965	52.09948	52.4038528416667
966	0.25783184	0.277269911515152
967	2.9213042	2.31623967329457
968	114.923485	109.087497376496
969	37.01147	36.9972014055555
970	0.38104066	0.274562202325287
971	41.052486	41.6376184776316
972	0.038571175	0.278823397764865
973	129.13455	127.831925830093
974	0.27163258	0.145672831391026
975	0.05445966	0.389650074441176
976	0.2291113	0.397643500808333
977	7.8185754	8.42012845890805
978	0.25011468	0.565427861121212
979	0.12032995	0.155991275004524
980	16.485598	17.0025511737374
981	49.54037	47.4925621694444
982	0.25448892	0.130619457916068
983	26.976322	29.0589771556911
984	111.92299	109.877895940351
985	0.23720282	0.259489400828431
986	29.104382	29.3278935512346
987	8.292527	7.43680039100877
988	0.06681498	0.176640591425775
989	67.11357	64.8423758634615
990	0.37751746	0.256800510416296
991	31.134087	33.8289510643519
992	23.223915	25.0943599722222
993	0.41244483	0.370635136472043
994	0.48252302	0.163793212638597
995	72.32285	75.7762807946237
996	0.029858332	0.0394047360412121
997	2.69731	1.88395912272222
998	56.993683	54.9452724135965
999	0.25150865	0.295538820311828
1000	0.073585965	0.162295725261574
1001	59.08285	58.0990200040541
1002	0.39261717	0.304784703071429
1003	0.01597131	0.163557879835057
1004	0.014276318	0.0613253286077132
1005	6.610505	6.27233747539683
1006	85.29527	86.0132709022522
1007	5.843752	5.96167320373874
1008	0.2893972	0.211817953229268
1009	6.959471	7.0622372478125
1010	0.11831696	0.190312220944125
1011	13.732082	11.0135550387838
1012	0.13308853	0.0851228570943023
1013	64.1663	63.9546291388889
1014	15.463217	13.1928559261905
1015	30.5746	32.3050592134921
1016	0.031619735	0.0399329352641892
1017	81.00323	80.6112737529167
1018	2.4918098	2.72905764475
1019	0.06071091	0.0978837085447619
1020	90.533226	86.039341522093
1021	0.18939443	0.188476335092308
1022	94.319855	93.1153913842857
1023	5.7459307	6.44753723208333
1024	0.19324717	0.209756241886992
1025	43.010887	41.2057117704167
1026	0.015844192	0.0406422812776471
1027	0.23538466	0.486858108838889
1028	13.898883	14.4664793649123
1029	0.012744071	0.1532195652
1030	0.37927034	0.277661459602703
1031	0.7936727	0.350928467117895
1032	0.010600472	0.0216332200134188
1033	0.0027783653	0.0518760959309524
1034	0.980392	0.374402772918699
1035	2.5060403	1.85555918106061
1036	0.18460058	0.404414159381579
1037	38.62316	38.7515774970086
1038	0.09296167	0.257577172881171
1039	0.47652063	0.436448520726852
1040	1.3838826	1.46758799217593
1041	0.28149018	0.194444161130463
1042	78.44443	81.3571017180953
1043	0.095934145	0.25752393913964
1044	28.70241	26.050180351626
1045	0.12801115	0.131109152239286
1046	0.12216767	0.222512096802451
1047	6.548701	7.50128223222222
1048	0.31478444	0.411669191462963
1049	0.17144752	0.214138337014583
1050	81.31491	83.4274910059259
1051	0.2944488	0.0667897637145349
1052	90.286934	92.2190466166667
1053	3.1550944	4.27816002573171
1054	33.658627	36.9446725433333
1055	11.046641	9.77278881306451
1056	4.2688384	4.31588886773333
1057	0.020019583	0.0549588179263889
1058	0.117767274	0.17471116254594
1059	0.6330688	0.370093854986111
1060	0.06094286	0.131028226950901
1061	52.451225	50.434576923718
1062	24.619959	25.6267179980392
1063	6.550638	7.15268561333333
1064	4.4378247	4.48136162152381
1065	0.2897941	0.288391397501075
1066	0.040105894	0.150848504227143
1067	48.791508	44.7801654913978
1068	0.15798934	0.0989967641389785
1069	0.08250267	0.156052355501235
1070	0.11653215	0.162034758915054
1071	0.029140834	0.041045028222625
1072	0.009031961	0.0311760098015591
1073	0.41998312	0.285070898103448
1074	43.056713	43.8086751638889
1075	2.2427177	1.85543165176389
1076	0.14639688	0.29659578308375
1077	0.006450521	0.0943239070454762
1078	15.493452	14.763632231713
1079	26.782688	27.31553006
1080	0.016579945	0.0680189603380952
1081	3.2694716	3.11372272775362
1082	0.011791278	0.239227181740244
1083	0.17466657	0.359938499911628
1084	0.391676	0.20841106370381
1085	11.278063	12.0881689012393
1086	0.78021777	1.22727847707071
1087	0.49019378	0.266410967680625
1088	113.13947	115.146020723232
1089	1.2413826	0.577295531178125
1090	0.30186066	0.311685684973333
1091	0.19701995	0.12200755508547
1092	91.59429	87.0465570153509
1093	58.049927	57.8882661277778
1094	0.023357216	0.226639537688726
1095	65.08584	68.4872664973684
1096	3.9856431	3.54130431656061
1097	0.17671974	0.229744555202381
1098	19.086037	19.5633314461539
1099	0.61680055	0.636325708623656
1100	0.04135773	0.330582573257246
1101	100.02041	100.02600277197
1102	7.947369	9.06985192106061
1103	0.01010771	0.0344619361695045
1104	0.083733484	0.195753702682143
1105	43.37749	45.2256999739838
1106	70.343956	62.7889893678161
1107	0.9516821	0.720441948247475
1108	2.5971043	1.33881564655
1109	0.20737246	0.17815275202
1110	0.31092736	0.682701348429167
1111	22.47397	23.1422096047619
1112	0.02988634	0.06721074683475
1113	0.072240226	0.143226980520238
1114	0.15956844	0.116241666134079
1115	11.461854	12.7708474738739
1116	0.15088743	0.18305579516812
1117	0.4031949	0.27333334060136
1118	3.9546347	4.02054752871795
1119	0.01259233	0.048189020019186
1120	7.8649797	9.64979898195833
1121	40.09118	41.519190934188
1122	0.08984306	0.0756671587577778
1123	44.596085	40.1374552887255
1124	0.16496868	0.216529307416667
1125	0.004789168	0.0461225379851894
1126	84.78895	78.915587703252
1127	58.403072	64.6591211904762
1128	0.47189057	0.389489083540123
1129	0.905843	0.786982168757576
1130	16.72723	19.277957502451
1131	0.0064644916	0.0507384584382456
1132	0.25195575	0.453081198727273
1133	6.1246934	4.96765733526042
1134	0.19234096	0.270513157135098
1135	0.21463412	0.14616834965049
1136	0.26060468	0.321843509890278
1137	0.009480778	0.0503149563669524
1138	30.930367	30.2456675465909
1139	6.3889885	5.77404134846154
1140	0.32598343	0.178999510493939
1141	75.02447	74.5332655213542
1142	10.801531	10.2537260645161
1143	0.18446146	0.204498993501111
1144	85.35651	87.7893419638889
1145	71.86436	72.0648601277778
1146	86.13711	90.1629434927928
1147	64.70353	61.7627961964646
1148	0.0120368125	0.0253329773166667
1149	3.0832853	2.83930632252688
1150	45.629524	50.6465067031532
1151	0.4029431	0.192949689502549
1152	0.008271023	0.225065123910345
1153	60.331528	56.0415289689815
1154	2.6764398	2.69435951974167
1155	0.1310182	0.216924051958333
1156	0.27451456	0.98165534672125
1157	18.75243	22.1342171894737
1158	0.42463908	0.350196866561538
1159	11.165245	9.37967627019608
1160	0.2016458	0.231988911094773
1161	3.9547262	4.43620160833333
1162	5.843651	5.71170147052632
1163	0.086501546	0.301146486050686
1164	0.25216419	0.127104983935727
1165	66.27889	57.9633615310185
1166	0.0100701535	0.0426907947547101
1167	0.02883975	0.186141085695044
1168	0.010545156	0.258893971801958
1169	34.805027	35.8395701421569
1170	12.777499	12.2116316418254
1171	16.803146	15.9071842918561
1172	20.785519	22.76785676875
1173	29.290724	29.9587884078431
1174	0.34433094	0.342131838271177
1175	83.327934	83.7921664199187
1176	78.79182	76.7981379891667
1177	5.736573	5.50797135979167
1178	0.3497292	0.281205385613964
1179	5.1783457	4.22559914766667
1180	0.35659724	0.31910728115
1181	0.37716705	0.272301261784946
1182	2.2409775	0.863937159596154
1183	0.5050932	0.887338364282906
1184	0.07578674	0.35435981257193
1185	4.938971	4.61490491188889
1186	24.948652	27.5317951027778
1187	9.945177	7.61051508228572
1188	0.22742872	0.186248871682407
1189	0.71456534	0.956969311418804
1190	0.20703502	0.324117784413248
1191	1.6180142	1.16416224715333
1192	0.31226996	0.460603115686364
1193	7.5375485	5.38803023803703
1194	0.0063282126	0.080877907185
1195	82.184235	83.9274623324324
1196	0.35466313	0.246264342629314
1197	68.79825	67.3167205486487
1198	0.33831304	0.0850291017775887
1199	0.05690489	0.290627465972368
1200	0.01453879	0.215370408583167
1201	0.48467976	0.6304688504225
1202	0.31215066	0.273434275675833
1203	27.099783	29.9854244603448
1204	0.06678923	0.0880919753456863
1205	0.017049719	0.0402311214451042
1206	5.6806736	5.95188986311404
1207	1.7330546	1.45323295297967
1208	21.066126	23.2780972518519
1209	0.015382329	0.10691040715425
1210	0.55847484	0.207597323294222
1211	0.011927622	0.372281954237778
1212	0.2923037	0.243343865653431
1213	0.20822342	0.277694693992188
1214	0.17137176	0.182666302644737
1215	0.6377058	1.07499250538095
1216	2.3726845	2.005918581875
1217	0.015931148	0.305861517257828
1218	0.04688191	0.0342924416076667
1219	0.066895016	0.101889129980208
1220	83.81015	80.9867030918605
1221	26.902588	26.4038707852713
1222	0.102566704	0.205985311020614
1223	5.069289	4.60531157515151
1224	57.54871	57.7941283759804
1225	0.1637332	0.133211551644086
1226	7.304004	6.97975802104167
1227	0.020632358	0.313780832503101
1228	0.011721181	0.169591879473611
1229	60.343624	66.8378019573529
1230	64.71686	62.1017707411111
1231	7.886564	8.35157491705128
1232	47.775608	49.5243348513889
1233	0.44600412	0.312628912681081
1234	14.146486	11.3656242382479
1235	0.0473445	0.0490019822791667
1236	0.29694548	0.0890421791805729
1237	64.42149	62.6249128496032
1238	0.010429663	0.12785138739596
1239	59.25853	65.6093026828431
1240	162.75967	151.130188671717
1241	0.020185035	0.0478479570936275
1242	64.451965	61.5114089161905
1243	0.44112432	0.352405278385811
1244	9.02627	10.6729232186508
1245	35.544872	36.8383616275194
1246	59.105972	61.4631924824074
1247	0.011880768	0.0483048636259375
1248	0.030389179	0.320676415397685
1249	0.39778957	0.243958464061404
1250	0.70182776	0.303070644319048
1251	23.532595	24.9559876162698
1252	81.283356	83.8286879095238
1253	22.45724	22.6459683273148
1254	0.15266491	0.18993951759693
1255	0.3122038	0.269547114201709
1256	0.2613235	0.296990665762281
1257	0.7266801	0.2867686847525
1258	0.10717563	0.213265863493333
1259	0.0059777847	0.074517396240122
1260	9.78335	9.7002980030303
1261	0.1298749	0.122020718745946
1262	0.37480116	0.477351397897895
1263	0.17243974	0.616381770767544
1264	9.744658	9.95445973
1265	0.7265504	0.507803858134259
1266	0.28116766	0.277878695051882
1267	37.848606	32.8829234348039
1268	2.7113645	2.63182428783333
1269	13.478905	10.996055785
1270	8.579975	7.03071482925926
1271	1.1431558	1.36260178416667
1272	0.3438692	0.578888457239048
1273	0.81247044	0.855730020420451
1274	50.61654	51.390972604386
1275	19.512634	19.3559865420455
1276	0.18735377	0.327419076088021
1277	0.027137864	0.0769304099222368
1278	8.05047	8.05163257956989
1279	0.1760474	0.305124690302095
1280	0.5876176	0.469422800371124
1281	0.88659835	0.603356714176558
1282	5.256666	5.15733953166667
1283	62.160507	62.9599536859375
1284	0.1964235	0.196886023625741
1285	30.835737	30.895721969697
1286	6.470767	6.47731450275194
1287	0.33123985	0.147199571958889
1288	2.7356548	2.26105642884058
1289	0.39611635	0.336436626165789
1290	0.18815212	0.247157813332407
1291	0.22359991	0.335496163030263
1292	1.0562185	1.06973502906306
1293	0.19814615	0.398529393957143
1294	14.417014	15.2210516058333
1295	3.4041312	3.19765081352381
1296	0.58266824	0.87016124208135
1297	22.547354	26.5691553878049
1298	1.1543807	0.425913334120855
1299	0.046807516	0.131089649086434
1300	60.732983	66.5369481382353
1301	2.1751304	1.71929500945098
1302	7.024955	6.34099546038095
1303	0.16564438	0.247114664511111
1304	0.22963737	0.288964472445946
1305	0.27772242	0.295199114246032
1306	7.496424	6.44237351010417
1307	0.10848339	0.190624517806944
1308	18.29271	20.0062693141667
1309	0.009143997	0.139311887733532
1310	51.306194	50.7301641752688
1311	3.335582	2.99610969620721
1312	1.5629661	1.25212756377778
1313	0.2850632	0.0968582554390417
1314	0.72622305	0.469442513518095
1315	63.96741	64.6652751924603
1316	32.181984	29.9732213902299
1317	16.038267	15.9847033911616
1318	0.21859019	0.13496536505969
1319	52.410267	52.3601854844445
1320	4.4464784	5.09054334646826
1321	98.66055	103.85261645
1322	55.307613	56.0636927972222
1323	3.6575813	3.74203439486487
1324	111.5942	115.687069687719
1325	3.5094228	2.5481653185122
1326	1.058528	0.462228983205965
1327	0.39998767	0.267769825337963
1328	54.21345	52.062722263426
1329	40.917465	41.3340698893939
1330	37.496445	35.2177154276191
1331	0.057072304	0.131635562397475
1332	0.2928745	0.346015687355365
1333	4.02238	3.3834752627619
1334	37.214607	38.6829147372807
1335	88.557915	91.3617820461111
1336	0.19013508	0.220063636484
1337	0.06914548	0.0908540539461111
1338	6.887365	6.52597818408333
1339	0.74303037	0.848478772642157
1340	31.931156	32.7441470548246
1341	8.638853	9.03693369650538
1342	32.34264	30.7199688144144
1343	0.2767405	0.284321009174806
1344	0.7955509	0.329108807624138
1345	4.0263567	4.20837762824561
1346	0.033378296	0.298528333642188
1347	3.772107	3.81907212291667
1348	0.3836515	0.562427791553174
1349	17.102766	17.75569925375
1350	0.16583657	0.178278837965789
1351	47.818737	48.4511299770833
1352	80.95999	81.9926406756757
1353	21.45829	21.6137953597826
1354	0.07980511	0.0577812652679902
1355	7.9902205	7.8289814503125
1356	94.327065	91.2830840842593
1357	0.44336736	0.188985467590151
1358	6.738897	6.57459884867816
1359	0.005924481	0.027963819264899
1360	2.0589907	0.737765583332828
1361	0.14307506	0.268904937458333
1362	9.838192	9.56249895288288
1363	0.26831484	0.127362532966815
1364	0.44111392	0.625288450504274
1365	0.017267054	0.2365286481075
1366	33.339317	33.5847482196078
1367	14.518464	15.9162255924419
1368	0.2883103	0.161481442234792
1369	0.27492368	0.313943911941667
1370	6.148568	5.44737180514286
1371	0.6631243	0.961800803252273
1372	33.897552	33.6377226432432
1373	0.44197538	0.438632282590811
1374	1.0035284	0.137364177759231
1375	0.6075744	0.506255683888739
1376	66.28014	65.3377536161765
1377	0.013500427	0.194836459065926
1378	0.0066195135	0.205389363397222
1379	1.0183829	0.872970547854167
1380	17.942865	22.7042665114815
1381	0.010898021	0.216932567286364
1382	10.774209	9.83513843689815
1383	110.01586	116.629602671605
1384	0.009287151	0.140041197345299
1385	0.2581869	0.280344538434109
1386	0.34603265	0.077072464207381
1387	9.828748	11.3953695590278
1388	0.025171077	0.168129338822561
1389	14.355204	17.715741453125
1390	1.2001349	1.3916589571125
1391	0.1097891	0.774682978899123
1392	0.21405654	0.163313060710417
1393	58.06338	52.2887923959596
1394	0.3464926	0.174082435135526
1395	110.08684	110.578691369792
1396	0.2392888	0.223425858939545
1397	54.04587	48.3754808021368
1398	0.23387843	0.581310666040404
1399	29.695541	26.5651145924243
1400	59.492123	58.1517084580952
1401	0.5571392	0.435973401827976
1402	42.10939	39.0765901216216
1403	28.763323	28.5356504370833
1404	3.219666	3.19795384888889
1405	0.052257564	0.114565088120877
1406	0.4070265	0.230848379154412
1407	43.283165	41.16896622
1408	40.429974	42.5025232078014
1409	62.40959	67.8759465100776
1410	0.2893287	0.347828522958559
1411	57.757923	63.1913938724806
1412	0.015607738	0.05953698700125
1413	34.292187	34.615983997561
1414	21.935297	21.9638517212644
1415	0.020059852	0.304558152636667
1416	0.00702628	0.0838389610281372
1417	0.026366036	0.447755048242424
1418	0.094056055	0.173184606361458
1419	27.428038	29.3490814297619
1420	24.840023	26.6267946369369
1421	86.89517	84.1684826760684
1422	0.047905456	0.0468605144641892
1423	0.06063695	0.225817494480135
1424	0.77739125	0.597669166858334
1425	0.16606782	0.146603252369444
1426	4.1840386	5.01756044303571
1427	0.15515147	0.166798096610476
1428	1.6550109	1.6256220470977
1429	38.702446	38.2588047813131
1430	24.276865	24.5275654887387
1431	0.11010332	0.333815062319893
1432	0.11212527	0.117309903114872
1433	142.48732	145.292879598291
1434	33.132984	31.8319496689655
1435	0.04771903	0.218554437975859
1436	0.00898666	0.0204226324353704
1437	0.842676	0.486202037902252
1438	44.91764	44.7105296941177
1439	0.13398877	0.437913512233951
1440	79.54119	78.8484598175
1441	0.108555436	0.245428967555556
1442	71.48004	66.649793705
1443	0.015602152	0.097360021144381
1444	62.312088	65.1224117047009
1445	0.007823052	0.528571130531886
1446	17.70485	15.4277166085366
1447	10.973138	10.2587380125238
1448	0.09291024	0.0683294375085417
1449	26.66583	24.1318830515625
1450	0.20360966	0.228385144637374
1451	102.55211	105.131887646875
1452	0.50960225	0.40331028786906
1453	0.109480314	0.260607610256439
1454	8.554375	9.00479472098291
1455	1.1437457	1.81012817783784
1456	0.0055682245	0.0366505877455185
1457	0.2296377	0.243145401383761
1458	0.08983017	0.214562549939103
1459	59.11024	61.8243352713675
1460	61.450817	61.7324433645833
1461	0.33190835	0.565939991910088
1462	0.25945538	0.149833096473404
1463	102.60343	100.972866126126
1464	0.32698038	0.267286490440625
1465	0.019608304	0.0560340750449562
1466	0.9438677	0.683543139496124
1467	51.60646	54.471348250463
1468	0.3457156	0.241295241339167
1469	0.21982896	0.166986805766667
1470	0.014488612	0.113064595892051
1471	67.25782	68.6479613951754
1472	0.07272293	0.171672331020625
1473	82.95523	85.486054131579
1474	122.78479	128.552101661458
1475	0.008011895	0.128109260948283
1476	0.16046043	0.262505378944167
1477	0.008086403	0.101696716680208
1478	46.67308	41.832168372807
1479	0.7081067	0.282096061659804
1480	2.298981	2.80536757328829
1481	82.80722	79.653817833871
1482	0.015280413	0.13185118868053
1483	64.14817	66.9005690532258
1484	9.472078	9.99240362315316
1485	0.48523894	0.55390834942029
1486	0.08066924	0.249808929025161
1487	0.2584618	0.191090396992917
1488	30.252499	30.8556691587963
1489	8.704263	10.0319145107955
1490	56.52461	58.6245917887255
1491	0.11450869	0.213188731506061
1492	0.7251874	0.601160516725521
1493	0.10947997	0.132490350834343
1494	2.0419645	1.71073824768559
1495	60.84596	56.53564653
1496	0.2574469	0.178710333627917
1497	0.04860677	0.133342722997523
1498	48.937447	51.4949016046667
1499	10.909765	12.3236067320312
1500	0.56405336	0.724463563651961
1501	64.31845	60.4591401965812
1502	5.261538	7.76514406041667
1503	0.29267457	0.143631919433333
1504	1.0822394	1.25011206885648
1505	0.59157896	0.468254122891473
1506	116.482185	119.422467777083
1507	32.39207	32.9484316869792
1508	0.0110122375	0.0795364460510753
1509	0.046482593	0.0734573228438889
1510	0.07264382	0.0646490174581081
1511	10.032883	11.2093734819737
1512	0.06761663	0.144468951569697
1513	3.8312602	3.01646800939815
1514	0.36622712	0.277674781591358
1515	0.04293453	0.0718952936701075
1516	45.397274	41.3467755380952
1517	1.2262036	1.25254992100901
1518	25.253513	26.7002726688172
1519	0.13024375	0.300629072099031
1520	107.76757	110.2653429875
1521	89.65415	89.0512900181373
1522	38.76683	39.2044121829167
1523	17.218218	14.6904861820707
1524	47.618225	45.0917658777778
1525	13.5430765	12.8867327028509
1526	3.939608	3.62959878570176
1527	0.02143532	0.0685945028160257
1528	102.21677	102.448983668056
1529	85.505455	83.6459597767442
1530	175.3947	156.866504378049
1531	0.15694992	0.186494089585784
1532	1.5509273	0.604162177760778
1533	36.938778	35.9898159205556
1534	0.020219889	0.276371703383559
1535	0.17340504	0.600024403653704
1536	24.246023	23.8368193337302
1537	72.36028	68.3786586093023
1538	7.819148	8.84258501950355
1539	6.18517	5.45334975964539
1540	29.355469	33.3741442820513
1541	4.3502374	4.72162603433333
1542	111.737564	103.306668543333
1543	30.709118	29.436995624
1544	37.27202	38.1861060957265
1545	84.37661	88.199544008
1546	0.06415884	0.264074941456566
1547	84.11238	80.9940954494624
1548	2.1576707	2.55464409182927
1549	35.97153	36.3484289060606
1550	2.1445816	1.64532700509524
1551	51.152832	48.2653475864865
1552	0.19157971	0.246766549840104
1553	0.0995187	0.231330406687607
1554	0.07452278	0.158961981091667
1555	0.028934874	0.100091930821157
1556	0.34822664	0.416497464633265
1557	0.30328226	0.1990681438
1558	0.049439218	0.258866344835965
1559	0.22273047	0.154942013637681
1560	2.041044	1.19146433729885
1561	97.61032	99.495483972973
1562	2.2543464	1.942075465
1563	24.700855	24.4483747711712
1564	0.48532477	0.470439422924242
1565	39.991024	41.8645748287879
1566	17.873875	17.0088216608333
1567	0.27942368	0.202582188633333
1568	0.3676147	0.538221164254701
1569	42.902824	39.8360003352941
1570	74.54329	72.3787092838542
1571	9.238333	9.23216159877193
1572	0.01787309	0.320305365127917
1573	22.777712	24.297766551282
1574	83.30059	79.7181617448718
1575	0.26922038	0.946390293803419
1576	20.103315	17.4980432386364
1577	35.494102	36.7543344918919
1578	67.156265	62.5280602896396
1579	0.019613918	0.0664270100574762
1580	61.706966	59.860692245935
1581	16.167833	14.734566150969
1582	53.17836	56.13412054375
1583	70.347206	66.5853594431372
1584	8.32347	8.66968593241935
1585	0.486035	0.732936091126667
1586	0.17192815	0.225610075452033
1587	0.23185715	0.0684003255909009
1588	36.73478	36.2991187387387
1589	0.48356953	0.504384390085784
1590	0.24196944	0.143767476894167
1591	0.08700214	0.122487206962054
1592	31.927559	29.7778896868687
1593	0.29496238	0.184822582788034
1594	47.904076	50.5359299657895
1595	65.119286	64.2004993725
1596	0.02503236	0.295328028835
1597	50.336563	46.3191036943089
1598	0.020814082	0.365929589715891
1599	0.031096796	0.241505310385659
1600	0.9918196	0.884864762666667
1601	45.10163	46.4380987553572
1602	19.34374	22.6932510018518
1603	1.2048736	0.51756400101746
1604	33.946976	34.2327446572917
1605	0.21764447	0.163416008601667
1606	94.13082	91.3654370048245
1607	0.007964197	0.0775189027055556
1608	2.9616222	2.05378093076364
1609	1.1929225	1.39020685050303
1610	0.20258887	0.236480917176768
1611	39.42958	41.8955476774194
1612	0.1127822	0.0678098046784722
1613	0.26566696	0.339715308461905
1614	63.135765	62.1425764698925
1615	1.5435101	2.27867003606481
1616	38.99696	45.3057391313953
1617	3.6284838	2.44180667011905
1618	0.9254486	0.315382374787356
1619	8.991279	8.33772262722222
1620	0.668935	0.179256772250631
1621	0.24963407	0.32795018375
1622	0.2581327	0.160105237683333
1623	15.322764	15.6046176371622
1624	0.029496606	0.469135427137821
1625	0.5574962	0.452668697323809
1626	71.242424	72.0246024575269
1627	69.36228	69.3542132
1628	0.19747627	0.191255080672368
1629	5.9114747	5.41055355637255
1630	61.475285	58.3439787171296
1631	0.046194106	0.135491863806992
1632	0.22420385	0.238476853342683
1633	1.8540584	2.36664550571429
1634	0.038005445	0.173802051117222
1635	0.109032646	0.226102498210569
1636	74.27543	72.7122548148649
1637	3.843083	4.15013822730769
1638	17.139866	16.7734877162393
1639	67.73564	64.4343044833333
1640	0.11162988	0.108165850562925
1641	0.14375833	0.424697291593657
1642	0.18588758	0.262757579965812
1643	1.7229065	1.74514448412121
1644	9.668976	7.63926141621951
1645	16.144276	16.8561916125
1646	0.027321786	0.0740220997502564
1647	83.7477	84.1801650620155
1648	0.7042199	0.73921313548374
1649	93.275085	93.7694655856061
1650	37.50463	39.0761543872549
1651	0.028975416	0.264596703673778
1652	0.5908967	0.617515814213542
1653	0.8916974	0.34121491554845
1654	58.86556	59.6860928522522
1655	0.6938608	0.679183810967105
1656	80.20356	75.9681446655914
1657	41.18654	41.0274664273504
1658	3.1055036	3.46549933807046
1659	0.023000423	0.128781059962083
1660	100.00715	99.6855084441667
1661	8.518852	7.4018715154902
1662	0.19463111	0.729258455468992
1663	0.0065457327	0.195760392094271
1664	3.122864	4.81334263654167
1665	53.035175	47.1462671726496
1666	47.558064	48.5305780907895
1667	16.944916	16.9188305247968
1668	0.033531047	0.0259232577452151
1669	21.330524	28.6479067396396
1670	0.20964323	0.279544969031667
1671	0.09424557	0.220560246165789
1672	0.16678582	0.206259080611111
1673	0.22115883	0.241082997402103
1674	0.025395302	0.22973242984495
1675	0.37330383	0.323366971641414
1676	0.14716661	0.13843226637027
1677	0.0240481	0.129973744291429
1678	65.10414	69.4444769617886
1679	75.40709	73.4684070262626
1680	0.0106117865	0.187510612937191
1681	31.058432	27.9485789235043
1682	0.05571278	0.320653668475806
1683	20.976213	19.8821866973684
1684	30.276608	31.3351044460784
1685	4.44873	5.812318089
1686	0.6055734	0.877029018558334
1687	0.62219477	0.162322233781389
1688	0.023239754	0.229952214350794
1689	0.043630693	0.057439023486558
1690	0.8541203	0.875155204527778
1691	0.35171166	0.126185095894129
1692	86.76322	91.1181088358975
1693	1.3821713	1.18582436659553
1694	0.17906079	0.233000833908333
1695	0.65026647	0.211347619912647
1696	30.990007	31.4320698837838
1697	0.02367136	0.0957231414983333
1698	3.0210173	2.63649928827957
1699	99.47013	98.1897572621622
1700	105.09508	113.715426254264
1701	0.1958197	0.549465653394298
1702	0.7437799	0.190413221034568
1703	104.987175	104.135672219444
1704	0.1443851	0.265600122876316
1705	17.487837	19.5153082882114
1706	102.51446	103.545052138426
1707	18.949318	17.1534978760163
1708	4.5261602	3.68798611461905
1709	0.019630088	0.29005966748547
1710	89.84304	83.6093668986486
1711	1.5509672	0.986097168349593
1712	0.12047614	0.219925105011204
1713	25.12118	27.0422982203125
1714	0.026509464	0.0714204507739899
1715	0.12369807	0.362217384865526
1716	0.4365511	0.319731113872868
1717	43.86771	45.3989869722222
1718	29.543066	28.8816351982906
1719	0.14488478	0.176049442719504
1720	47.025887	45.6954492004386
1721	80.412895	77.1181763725807
1722	0.028451059	0.253724169449792
1723	24.568964	24.5803762047619
1724	0.20377143	0.25926240962
1725	0.104455	0.469836120224825
1726	50.40044	50.7643836364583
1727	92.245544	90.0214421063063
1728	5.419535	6.42721999715686
1729	0.009521366	0.0946269028613426
1730	15.093695	15.6146961723485
1731	104.03017	100.40391609596
1732	0.3589036	0.163649225002252
1733	0.5106034	0.320711788641905
1734	0.71003574	0.438259213872619
1735	10.829571	11.2406316387179
1736	39.23606	40.7460463827586
1737	0.14387967	0.288528496997863
1738	104.43925	108.751818351515
1739	15.50491	18.6102366260417
1740	0.016157322	0.0438576739096354
1741	5.649262	5.74888735408333
1742	0.020399429	0.2036313109075
1743	0.17243995	0.142759515013063
1744	0.37708384	0.239705441165625
1745	33.30143	33.025588977957
1746	14.960765	16.6999996866667
1747	0.0091859205	0.0278341074776126
1748	89.89839	95.9711445134058
1749	0.018587256	0.14504377234491
1750	1.1955158	1.16221933283333
1751	57.61419	54.2161074333333
1752	0.18852222	0.264830007053252
1753	46.180264	47.0935364171053
1754	23.729868	22.7339799319728
1755	85.6301	85.8817289877193
1756	0.6662558	0.678025576307292
1757	5.525178	6.70932512709524
1758	1.9061977	1.78709125100781
1759	10.625106	12.3944036472222
1760	31.97316	33.0196632223809
1761	1.4249856	1.40151778267105
1762	0.21320869	0.331383770148958
1763	92.97215	99.8285280477778
1764	0.09226907	0.251896952141935
1765	0.54740924	0.270416276502299
1766	0.00825956	0.0303618674243254
1767	0.22457863	0.550116164850074
1768	98.290955	100.490726171825
1769	17.891615	17.9277459458333
1770	38.47451	36.0377977856589
1771	9.993136	8.6774273141954
1772	0.07949872	0.20234143363964
1773	1.450048	1.09531872424031
1774	0.045658454	0.0563980395744792
1775	0.16420457	0.143404789649275
1776	7.8441725	6.18509472236842
1777	0.41377157	0.283662837116239
1778	0.008021169	0.103930804235
1779	61.147507	63.1522961472973
1780	0.331109	0.512390020012346
1781	1.2908906	1.05120882719583
1782	0.16302708	0.249810365429915
1783	0.32591537	0.265281834059375
1784	0.07675596	0.168571363461798
1785	6.314083	6.18898952495496
1786	9.548535	11.5878752595833
1787	0.6866065	0.42500576066963
1788	0.64305043	0.564835790096429
1789	35.76114	35.0207134814286
1790	0.19336471	0.115297582673256
1791	68.77234	71.2847058355555
1792	35.87567	35.3479029369919
1793	77.18089	82.6379377822917
1794	0.1688858	0.156111300195122
1795	0.095148176	0.0979259964621622
1796	78.90953	75.8040127590909
1797	4.1475835	4.38354829241935
1798	0.31241056	0.351844529438611
1799	0.17840171	0.615290656144444
1800	28.005661	30.5827984865854
1801	33.991062	28.6713994181373
1802	2.2575004	2.52362301703704
1803	39.528698	38.7999455902439
1804	0.17084041	0.310254529599537
1805	15.309198	13.1697975630631
1806	7.521574	6.97273596539216
1807	0.6834927	0.452796176352703
1808	22.261562	25.3945863688889
1809	51.989952	53.8277191481481
1810	0.41817787	0.226374211796053
1811	41.347713	43.10440318
1812	0.6219764	0.886367753438272
1813	0.28356892	0.167940666836905
1814	62.634632	64.1858902390244
1815	10.088291	12.1323919985772
1816	37.297325	39.3687863122807
1817	0.053285535	0.202843150356771
1818	50.73259	54.0757706636364
1819	60.019238	59.7537316622549
1820	0.38449973	0.213235827674667
1821	0.6355852	0.560995147782828
1822	0.55193317	0.23979555435873
1823	0.0074172476	0.156196428345741
1824	52.603508	52.9622999578125
1825	70.72906	74.3058349873016
1826	90.99231	91.3409514674074
1827	0.14360401	0.146753615641667
1828	0.2232786	0.294985040559829
1829	35.21788	34.3878566096774
1830	46.057976	49.242789625
1831	0.09295141	0.206260812506068
1832	3.642199	3.81503435631783
1833	4.670225	4.96849996378205
1834	0.022740664	0.0779755924782843
1835	0.13977395	0.228957656947949
1836	0.36878264	0.297288021394961
1837	0.039343942	0.143481284459524
1838	92.06443	90.3014138825581
1839	0.09904802	0.115938473602273
1840	0.080516994	0.160440194549074
1841	19.205492	19.3514628777778
1842	0.08304146	0.233438548604651
1843	120.3397	123.824779145528
1844	5.760422	7.51456580735043
1845	35.773975	36.3170215358586
1846	7.8333836	6.93056629117424
1847	4.7329235	4.33956064111111
1848	39.316475	41.24788270875
1849	1.2847966	1.72986999986957
1850	69.4829	72.5753915470589
1851	13.373969	13.0661484477941
1852	121.44651	125.074080780488
1853	0.3415314	0.266086791123932
1854	0.23757415	0.145037082502083
1855	47.22003	49.5612398580808
1856	0.54898167	0.574414570147619
1857	0.1598802	0.409555914344144
1858	21.20466	21.1543157633333
1859	0.9647591	0.696140491390351
1860	1.5503584	0.76841804362
1861	0.22490887	0.363445045254902
1862	21.700676	23.7500109564815
1863	51.664486	47.2806509654167
1864	0.6217309	0.743762959729167
1865	0.15295824	0.285821666437607
1866	0.040769305	0.016762677911746
1867	0.018704688	0.147622353988462
1868	16.620132	17.0229109838235
1869	0.33012217	0.258086140968572
1870	57.858997	55.5810694309524
1871	0.12923548	0.0572396821746847
1872	1.5206457	1.33530952413021
1873	0.008494171	0.138809270100667
1874	1.1108463	0.842971398061404
1875	0.20975329	0.27033504856982
1876	0.0069470787	0.0311406462545238
1877	0.095343366	0.187588594702828
1878	0.1669369	0.300841367307456
1879	0.16377154	0.178935849888889
1880	0.25447103	0.176077039710088
1881	0.2848651	0.591160654807018
1882	0.66687113	0.46143264492625
1883	0.65253955	0.584997395795614
1884	45.944782	48.8482602927778
1885	2.7066805	2.12282579659091
1886	60.28631	63.4445441132479
1887	0.26982042	0.208683944258915
1888	2.6793287	2.61384940126744
1889	18.31786	19.0554848188889
1890	0.084170744	0.402705742682456
1891	0.4807395	0.382855440701905
1892	6.4962955	7.15159406893519
1893	4.573794	3.84411352982906
1894	0.22714865	0.105666379793202
1895	11.943832	11.7790875052326
1896	0.75090575	0.514517978008889
1897	0.2460213	0.38906085309009
1898	0.77145845	0.719077899599099
1899	41.953423	41.8348264851852
1900	0.81316704	0.807906130387597
1901	31.75043	34.5080850198925
1902	18.358591	20.1695903842342
1903	0.06334862	0.253018024437121
1904	0.1240113	0.168781094104583
1905	0.5148464	0.643984621156667
1906	84.4857	89.2664246149573
1907	0.058677316	0.576904371729785
1908	0.48904282	0.791198386548649
1909	20.415474	17.9631845382883
1910	47.820312	51.1855082741936
1911	0.1551254	0.304281519202857
1912	28.350714	29.8953217171717
1913	0.026609825	0.14660030778991
1914	0.8023883	0.822501847567376
1915	7.146829	6.81727259861905
1916	0.12689951	0.328282194678431
1917	73.58654	76.2517496904041
1918	57.19893	55.5142484518018
1919	0.80802745	0.163663892087442
1920	0.13922381	0.109770054517167
1921	58.81653	56.5133972483871
1922	0.011559186	0.0994391001623656
1923	29.640419	28.4244312458333
1924	0.3916709	0.63700653659
1925	3.8760002	3.89673384100877
1926	0.013598637	0.123624147933862
1927	87.774284	83.4943370183334
1928	39.24915	38.3677553089744
1929	0.5730423	0.373604210140637
1930	3.5388198	3.68545599080952
1931	89.00231	86.5169407822581
1932	0.2233401	0.115433413997843
1933	0.21111168	0.216013342433333
1934	0.4753774	0.24529384735
1935	48.47631	47.4039330516667
1936	0.09151163	0.154610350719369
1937	93.98094	90.1719621347826
1938	0.85045856	0.605997832752315
1939	0.07808052	0.189057237766111
1940	4.230986	4.23958945470238
1941	89.37414	84.2088837346847
1942	38.085125	39.767075546124
1943	0.31788918	0.880988751314286
1944	48.91925	46.0016769738095
1945	0.3712626	0.296226855141667
1946	3.6940618	4.43162365343435
1947	0.033419695	0.199365360408389
1948	0.6037093	0.314838172076204
1949	0.008651747	0.0683717309815417
1950	21.609745	19.6892043828431
1951	9.607127	9.10819917855856
1952	0.78330946	0.6785758446
1953	102.642624	108.416224291667
1954	13.307991	12.5475147552083
1955	0.6807659	0.390960665591238
1956	54.84397	51.1394229649573
1957	0.9456386	0.597482043814286
1958	0.07372565	0.0606093341906667
1959	4.067189	3.02191783714286
1960	45.224663	45.713664759596
1961	71.92448	70.1627354070707
1962	9.292527	9.06023698427928
1963	0.27972642	0.484366233732162
1964	0.1910701	0.132593772171914
1965	0.16143858	0.204214555441085
1966	4.9791317	5.71968285114286
1967	0.2927184	0.407357640055729
1968	56.980232	58.4491109530702
1969	0.7235207	0.211377148331111
1970	46.041203	45.8785527307018
1971	0.5360012	0.45175427684
1972	0.0096392315	0.209106342635376
1973	0.05273708	0.101393046088889
1974	0.008171843	0.0150120712242064
1975	1.8435625	1.42588072065
1976	63.35998	66.3860606677083
1977	96.410446	89.5179866375
1978	39.94357	38.9319791773504
1979	0.03298951	0.182210353349123
1980	32.24201	30.7532027333333
1981	0.19304048	0.252227008095726
1982	0.0067341723	0.234403950695517
1983	6.449896	5.65609726795699
1984	0.5001469	0.308994016669907
1985	22.377262	22.1636878691667
1986	0.4233181	0.733757608201087
1987	0.24074309	0.415111486215104
1988	56.584988	56.2789878849462
1989	99.525986	97.8754760671053
1990	0.40369934	0.0987031165701613
1991	0.3063677	0.246802754796429
1992	0.2974228	0.248421847406482
1993	0.12023908	0.189161184470476
1994	94.99151	97.3272122556911
1995	0.014255915	0.0295492964933333
1996	0.046371695	0.377086157424123
1997	0.63805145	0.378407162784815
1998	0.39676133	0.236557128822454
1999	0.049337644	0.233012460555556
2000	2.9439542	1.82689700743089
2001	0.7824726	1.01307325432955
2002	0.14918253	0.216445036672716
2003	0.029998949	0.149393279764103
2004	4.7407413	5.4866572895679
2005	0.10451643	0.183045384083871
2006	0.10819217	0.147149136511364
2007	102.22225	97.3770858131313
2008	7.8027525	8.55604711872807
2009	0.24278054	0.334129298594298
2010	12.32643	13.8766429474074
2011	61.912487	58.3150540273333
2012	0.14777923	0.145201364260784
2013	0.27464557	0.253135590085714
2014	48.71344	51.3291856483333
2015	0.046524692	0.204750507268687
2016	4.7785263	5.82524820534314
2017	0.29650226	0.359558087999142
2018	0.02427927	0.162458098481333
2019	2.6669858	1.85396766026423
2020	0.12804167	0.452097775285238
2021	0.49536574	0.646736437834902
2022	0.2160111	0.167579826763725
2023	0.115710504	0.3353936781
2024	0.011608664	0.195460979630342
2025	0.24977389	0.346194976634921
2026	1.4983448	1.01889575850167
2027	0.10993214	0.510709847380081
2028	36.203796	34.7745815192708
2029	0.07459794	0.179214600328889
2030	27.003237	28.6544174214286
2031	98.25361	96.6145263727778
2032	0.2991191	0.272243278832899
2033	89.390656	91.5470902550505
2034	3.3247468	4.16956905820833
2035	9.65625	9.64155556552632
2036	55.521194	51.8972737044118
2037	0.5510007	0.453816428171053
2038	0.1531103	0.225878081543478
2039	1.5637594	2.07031100666667
2040	0.00763561	0.107567172604431
2041	14.286186	16.68580306625
2042	30.704138	29.6463532075758
2043	62.487347	54.3476465759804
2044	0.30212054	0.295765636225225
2045	47.85129	51.6733254680952
2046	0.25751525	0.39594755222193
2047	65.2253	62.1179381597701
2048	34.202007	34.0695178804878
2049	0.41322652	0.332989067547619
2050	28.075691	28.0063700416667
2051	0.06624113	0.0946264901366667
2052	51.37	50.2877650477478
2053	21.174366	24.4097851609649
2054	9.223679	8.23707042715447
2055	0.47898808	0.724663027070652
2056	0.13673289	0.19482953316381
2057	4.738168	5.37766543175
2058	1.8886926	3.15596871691176
2059	22.939577	22.0200086942982
2060	0.0064418493	0.119228719559912
2061	13.032154	12.8858586712366
2062	0.13563237	0.183328692795238
2063	43.41568	43.1774362048148
2064	0.35748646	0.549063957405263
2065	33.71576	34.3205345929825
2066	24.165916	22.7164845088235
2067	6.229217	6.99222028366667
2068	0.07463352	0.188359067179146
2069	16.857468	16.8266000770202
2070	0.011741487	0.0835175709726126
2071	59.138958	60.4867950193548
2072	1.686314	2.0003553875935
2073	0.19515087	0.203891064159302
2074	0.01550061	0.198211969684226
2075	5.3565936	5.19863263878788
2076	1.0038311	1.24835410675926
2077	0.081323214	0.211720628062879
2078	40.45855	41.1482714347518
2079	0.33223552	0.246392808145833
2080	41.43846	42.4114802411765
2081	0.22579944	0.246835880742308
2082	0.42069334	0.255155907512403
2083	41.524155	44.0350668177083
2084	16.012802	16.711585984188
2085	108.51093	106.328321291473
2086	21.012877	21.4212743925926
2087	0.21464957	0.235151067489583
2088	52.8895	55.4347803290476
2089	0.04136392	0.0807250225193903
2090	0.7899645	0.573655258728682
2091	28.607267	30.8930337512821
2092	44.46568	48.5472775152778
2093	7.76873	6.97206387995098
2094	0.12884438	0.21739611088627
2095	2.8627448	3.2353229092451
2096	10.715872	9.76742065788288
2097	42.278316	47.3564575763441
2098	14.548732	14.7101001771429
2099	48.681366	46.0109496301587
2100	24.098188	21.7972756383721
2101	0.23906645	0.208440862529885
2102	27.752455	26.5738941461539
2103	3.9217508	3.6472741495045
2104	36.813354	34.5272014942529
2105	3.562935	4.103750555
2106	45.827465	42.9868118677419
2107	0.017393388	0.14665561908312
2108	21.515999	23.2002983154167
2109	37.20857	44.29418507625
2110	0.013377247	0.230427594736937
2111	0.15240543	0.177919458439543
2112	0.0133076245	0.141768770279333
2113	17.814823	19.3699575028455
2114	2.2156708	1.64708775628509
2115	0.20677811	0.12446007464881
2116	0.108632624	0.312277204962613
2117	0.24714622	0.330942461512778
2118	0.47178927	0.734410946638889
2119	3.694955	2.64831789845588
2120	10.317027	9.31073558436937
2121	0.013708855	0.145176464807544
2122	4.1381226	4.27500220555555
2123	1.152284	2.14710981339375
2124	0.008129894	0.561389287393984
2125	0.022599699	0.0202940429385648
2126	0.015935954	0.19244422340043
2127	25.327118	25.8285728945736
2128	57.51479	63.5094341385057
2129	3.959747	4.39245263671296
2130	0.039621048	0.217588741110101
2131	26.244755	24.3330650550505
2132	0.0081073	0.0911645297360185
2133	0.06747835	0.208082920156667
2134	5.51167	6.26577384496032
2135	0.45973116	0.535659115489583
2136	0.66390437	0.445280036671053
2137	0.33592516	0.237819192583333
2138	3.0042012	2.35954864211806
2139	72.99025	83.4433769352941
2140	28.282303	30.8266557352941
2141	0.056085385	0.177022174861625
2142	83.71391	87.2780742392473
2143	57.13971	57.0050396608108
2144	0.11985276	0.183789595261111
2145	18.481003	18.4014582931034
2146	6.598384	6.80639119092381
2147	1.2336302	0.125883810523504
2148	35.88834	37.1842945964912
2149	12.557191	11.6712509962963
2150	0.17030253	0.347254596855556
2151	61.988094	56.3792285575758
2152	75.79494	74.0481513419048
2153	0.9268042	1.04697276242917
2154	0.19825082	0.243064676133333
2155	0.041402943	0.0981625367103448
2156	42.411438	39.4242494210318
2157	0.37998623	0.178226655872685
2158	0.020721607	0.123476820241476
2159	0.6097265	0.533830258326389
2160	0.25747135	0.218172236768421
2161	91.10184	84.7356076626263
2162	0.16874875	0.0507404300724561
2163	4.811171	4.16722900854167
2164	20.446932	19.1374390064815
2165	0.52366537	0.181649554626157
2166	0.010953516	0.0977080408026316
2167	0.19887845	0.237324871314912
2168	30.903381	34.9082967107843
2169	61.08613	57.9644693443262
2170	0.25486377	0.423022328863248
2171	0.32019803	0.174594787412381
2172	0.12355363	0.215276313746667
2173	0.4414687	0.499447800469697
2174	0.2775833	0.223811310553763
2175	0.0058834217	0.0768076066740651
2176	0.30888948	0.255638086926344
2177	0.2302337	0.228901775197436
2178	36.534447	35.798372731579
2179	0.20642203	1.06222930903846
2180	0.249333	0.379167677789444
2181	0.1474024	0.309445987090709
2182	0.03021706	0.108493818030317
2183	38.906708	41.3417871631313
2184	0.13520366	0.24148815972549
2185	39.4999	40.2259932634146
2186	0.20136128	0.203438246545175
2187	0.035105705	0.158366794920191
2188	0.30595022	0.377700391426587
2189	0.27034965	0.282654589290926
2190	0.34916288	0.228973446334234
2191	97.013435	93.8636462520834
2192	16.00052	17.2000329774775
2193	0.030399423	0.243949434349561
2194	0.011417891	0.0750426522764583
2195	0.10523745	0.276699573516667
2196	0.09849832	0.227817221224118
2197	0.17920761	0.339087862929398
2198	6.7259502	6.14984760526316
2199	0.110291146	0.0374202134033333
2200	3.193792	3.22323937257576
2201	0.86763257	1.281973396775
2202	4.7853017	4.5225144358046
2203	0.042758774	0.113653791872222
2204	0.009204299	0.0322061493795588
2205	49.40293	50.3351433247619
2206	80.14118	80.218112440873
2207	0.20456292	0.243677078364706
2208	5.8666186	5.65590115064103
2209	0.5004168	0.59786863775813
2210	4.3444076	4.79604890735772
2211	25.902802	26.2691364233333
2212	89.96489	86.8184745005556
2213	0.049030792	0.0609186979679167
2214	38.65014	35.5672800043478
2215	85.98497	82.8544742078947
2216	0.07929256	0.139973826777957
2217	0.21505013	0.175561184166667
2218	0.030455168	0.339846434015873
2219	38.48035	31.6896173119048
2220	0.20191595	0.188899348794086
2221	0.024339475	0.259232667429542
2222	50.364845	46.275006103125
2223	0.1568143	0.194686412140196
2224	0.6633185	0.699213991611111
2225	1.9530112	1.74089792488191
2226	1.1780746	1.18810302021146
2227	87.949715	86.5869518247312
2228	84.29375	79.0150398617424
2229	41.591644	41.3907468727273
2230	9.613696	9.16461424485507
2231	6.22294	6.58362688166667
2232	46.50463	48.9958563745614
2233	88.322464	82.4667096178031
2234	0.013134846	0.0920063658919136
2235	63.734062	65.6627241354167
2236	0.14305794	0.138757089040598
2237	34.49166	33.6907524154472
2238	0.038323067	0.267870009774
2239	1.2129221	1.40720066812281
2240	5.79026	4.59629513328947
2241	0.24484837	0.477532739581828
2242	78.87993	74.9754890820513
2243	12.258747	11.6824469825
2244	1.1862807	1.452324057575
2245	29.573492	31.1669520283333
2246	0.06913385	0.119275462940071
2247	58.231194	54.1526569055556
2248	0.007877134	0.0279953119063597
2249	0.102088876	0.181114896923759
2250	39.139473	33.3613491473684
2251	0.98631257	0.109381742831838
2252	0.017452287	0.0455899640707407
2253	0.014738657	0.150469868910484
2254	0.39192742	0.470983737388889
2255	0.099579744	0.119327064717886
2256	8.343519	8.57968513369369
2257	0.39779767	0.18958093910787
2258	0.33792278	0.659239584107017
2259	0.025203796	0.0665402271753472
2260	0.18065001	0.457987482289286
2261	8.244503	7.36371706652381
2262	0.11994912	0.282262204006504
2263	0.17468743	0.162796606498333
2264	0.04144534	0.214783523305397
2265	61.261593	59.4625399437985
2266	0.011628116	0.125721170761261
2267	0.39992914	0.0485069043256579
2268	0.7861629	0.450374862862255
2269	75.52312	74.5617697790698
2270	0.10151456	0.386849808317634
2271	49.998703	51.7659833180952
2272	42.174213	41.6094157287234
2273	66.99181	67.3425765535088
2274	2.432058	2.64375147753788
2275	0.2319614	0.565720600317731
2276	30.94098	27.8374885244792
2277	2.3115897	1.85677283461111
2278	6.225488	6.30822249790476
2279	7.672114	9.3457478765625
2280	10.894401	9.97050554767543
2281	0.5131613	0.148733496573611
2282	8.73896	8.99519004319444
2283	51.521805	54.0242804193182
2284	61.64504	69.7208925280702
2285	55.203182	50.7476465009804
2286	64.57576	62.7819226261905
2287	25.545727	27.8130259114035
2288	27.167906	24.8472429061728
2289	0.830707	0.501950701376429
2290	0.40503287	0.541992426948718
2291	13.048038	14.2228006810345
2292	14.658178	14.8457251497748
2293	0.0738405	0.166587583459375
2294	6.86691	7.97026999661765
2295	71.14805	73.990272531579
2296	0.7263126	0.2962416129925
2297	0.023845503	0.152293524847333
2298	0.36976656	0.43733578374375
2299	0.015313855	0.0493818430833333
2300	45.957737	44.9451043425287
2301	110.334076	107.723257566667
2302	0.24461426	0.234571637845714
2303	1.858229	2.3950274598062
2304	0.027813192	0.0498791861464683
2305	10.242076	7.85098539306667
2306	101.35183	97.8951369245098
2307	63.926853	63.6268288371429
2308	52.405983	51.6277450799145
2309	0.64736265	0.60782580686375
2310	95.67826	94.0266238314815
2311	0.05963232	0.0402029215311966
2312	20.624348	20.0106143119792
2313	4.622372	5.14026050241379
2314	83.17686	80.0892292482456
2315	0.6225862	0.463691489855051
2316	0.23163074	0.162194181868144
2317	19.505629	20.2573870789216
2318	47.63797	50.1020171245833
2319	0.123658076	0.236494658942368
2320	35.090816	38.1489545635965
2321	110.92118	108.855014928968
2322	39.17102	42.1044286876068
2323	0.09908444	0.118492279597059
2324	4.6418505	4.92789558027027
2325	0.096073985	0.317005796058333
2326	16.064873	17.1508219192857
2327	7.583528	8.3622934352451
2328	1.7528179	2.21659321005882
2329	3.791786	3.64358615822917
2330	11.612257	11.6539799596847
2331	0.20194927	0.290642465026111
2332	0.009808834	0.140731702047685
2333	57.85749	55.5150709475
2334	0.014439383	0.185725752143841
2335	64.41985	64.5243659014815
2336	0.13002805	0.2919841650825
2337	0.33964318	0.674173740011111
2338	0.22051424	0.0784026389175806
2339	47.71956	47.0687227324074
2340	0.0064196754	0.107781268561351
2341	0.26992258	0.256476245657658
2342	70.357155	65.3588190866667
2343	73.24475	76.7757662678571
2344	0.011968007	0.0347956380816239
2345	0.17576027	0.0877954650874031
2346	0.5268099	0.521272117808824
2347	12.325969	12.8294161418919
2348	0.071255185	0.121417194388596
2349	0.6558511	0.610692641518519
2350	49.19472	46.2961129661765
2351	0.016637221	0.0628344046709723
2352	18.946526	22.7127191919355
2353	0.21088207	0.210554602290323
2354	21.361496	21.3574189887681
2355	17.780231	19.2991583859375
2356	0.008084844	0.0916615709342983
2357	64.551994	66.2502360761111
2358	24.68342	26.4140883743243
2359	0.141365	0.11786168306553
2360	0.06480483	0.0507051787359375
2361	0.5306458	0.361558357854861
2362	0.04983943	0.113531010986574
2363	1.0366985	0.896795112555556
2364	62.404823	65.1149191155039
2365	0.03294024	0.0780408238093333
2366	44.16136	47.9869986708334
2367	0.1489325	0.297800906294081
2368	50.512432	50.7401041261905
2369	0.048692826	0.0677441000335714
2370	0.39209077	0.587987488756771
2371	0.34501547	0.202998519583784
2372	2.2092664	1.4257404405
2373	0.114305615	0.201870661011574
2374	7.5719132	8.03994919670635
2375	0.23116097	0.610814234456349
2376	85.724846	80.8416788320833
2377	0.02416783	0.156081983004065
2378	0.008415052	0.0257218608980208
2379	0.8753842	0.42950617159321
2380	0.035133295	0.1094640387125
2381	3.030924	3.52881089576191
2382	24.702269	23.4623500155172
2383	0.86595327	0.786355642496581
2384	17.298145	17.5829884292593
2385	0.19009453	0.385351950697161
2386	48.324406	48.2614531257576
2387	39.41927	41.803043010101
2388	47.52111	47.4099250718391
2389	34.869175	35.2502331257576
2390	1.9188635	2.752420419375
2391	87.60106	86.9657099268817
2392	0.3201576	0.237479528984091
2393	1.2169094	1.24140213597364
2394	3.3603601	4.13993740078829
2395	87.16884	85.6356927558824
2396	73.46127	71.2001884944445
2397	18.809595	19.9284523688034
2398	0.0936101	0.207363638252857
2399	0.0066819056	0.38660354821092
2400	3.371095	4.68215795563063
2401	0.5048809	0.100139497312613
2402	29.20606	29.4418441356589
2403	0.22869596	0.276660967075521
2404	87.82805	88.0189076264706
2405	80.4823	78.0627237279167
2406	93.76331	93.4558216710784
2407	5.718692	4.96631045647619
2408	0.098469935	0.198885443762255
2409	0.008209733	0.0473504953698518
2410	0.057315607	0.413865045379012
2411	0.1970179	0.0895960969861905
2412	62.375862	62.7377302396396
2413	23.861603	24.2230451638889
2414	0.24158292	0.222966375280952
2415	1.0760553	0.870431830887879
2416	38.724335	41.6175935144737
2417	42.92333	44.8257619916667
2418	13.379393	12.2601140472222
2419	60.811745	61.6736400516129
2420	0.010928935	0.714517220941176
2421	78.697266	76.1860447121795
2422	1.997493	2.47948924066667
2423	21.310688	20.6959323938095
2424	0.60401875	0.7746578901875
2425	69.63327	70.8814604172839
2426	91.770164	90.7268619690476
2427	57.756496	53.1402101328283
2428	27.777102	29.5858082230769
2429	0.021432497	0.35956828915
2430	0.20722954	0.181271360747312
2431	17.537962	17.6448365804762
2432	0.12780975	0.193401006783854
2433	0.011756925	0.0478093431646237
2434	0.18840066	0.184544287848649
2435	0.17127691	0.263710752851471
2436	2.5455618	2.16418696279833
2437	0.03945758	0.113999620230171
2438	0.16972075	0.194185983388095
2439	0.9948703	0.487919812748264
2440	0.47040355	0.44699766844213
2441	83.74244	80.4642088059259
2442	0.46669823	0.500948586151515
2443	42.48112	44.3612925427778
2444	0.016619515	0.168100055069848
2445	9.011562	7.38078262651515
2446	0.96646893	0.588748433482758
2447	0.89639354	0.671630129833334
2448	111.56047	104.024481618687
2449	46.224277	46.4868957257937
2450	35.152363	33.912336981579
2451	15.112011	13.6502695359127
2452	0.3188943	0.193181091932456
2453	2.3399704	2.57129947039333
2454	51.830986	51.8441169616667
2455	5.4326706	5.16515194760417
2456	5.730629	5.23519723102273
2457	0.70079845	0.712589672575269
2458	0.016284905	0.0845144366729825
2459	137.70837	138.367455982906
2460	0.013442118	0.0330141227876136
2461	61.86459	61.9165822115385
2462	0.09111126	0.402284133457292
2463	0.027611414	0.228207220705882
2464	81.18981	87.2028274942029
2465	7.1963134	5.92321344512195
2466	1.7596816	2.05826261446667
2467	0.34243497	0.322330845123656
2468	23.69802	24.3005431457265
2469	4.450863	4.18718395064103
2470	0.31600976	0.274043632939773
2471	14.909454	16.7183505891667
2472	20.504486	20.57376397
2473	0.4528838	0.409840143505556
2474	96.555725	94.5048705297298
2475	0.05116652	0.021430407702807
2476	0.19006962	0.294624994529762
2477	0.60865647	0.176538507177381
2478	0.45772678	0.47438041605202
2479	0.024932561	0.080163193728
2480	9.998579	9.87912346348958
2481	40.973618	41.5451575418803
2482	0.20595068	0.428031728837607
2483	0.02823071	0.0302106216677477
2484	0.41877225	0.288705793230196
2485	15.232603	13.8538452122024
2486	0.008317099	0.0197854495179293
2487	9.288773	8.69675064015152
2488	0.039297353	0.270216710476282
2489	75.98853	77.5163167944445
2490	0.1651138	0.239346136014706
2491	33.61394	35.6093429183333
2492	17.527405	16.488009684375
2493	76.63048	73.2244313541667
2494	3.9237208	3.81850292462281
2495	0.10511525	0.195626874854762
2496	5.3138313	4.87883160072222
2497	0.1678264	0.19290356647037
2498	0.053531	0.380618459342793
2499	0.06439639	0.22306229454955
2500	0.07016448	0.142951959544017
2501	0.015017666	0.276399107183333
2502	59.328632	58.6182621813131
2503	0.120386906	0.171989635136752
2504	33.47348	34.647563690404
2505	69.3124	72.9348022073171
2506	0.1770737	0.258792834547414
2507	33.94774	38.0031060068628
2508	0.070513114	0.223449134252846
2509	2.093514	3.12780563512121
2510	0.6501558	0.450719482809678
2511	12.217024	14.3389945239035
2512	0.15621907	0.238887743045699
2513	28.34718	29.0776290150407
2514	0.5640181	0.557659669505208
2515	0.043760847	0.0587499199700521
2516	69.45007	64.9179784888889
2517	25.455275	25.3902998009259
2518	0.018524446	0.132393320939103
2519	0.060423937	0.0264068393474747
2520	0.75914806	0.552189173071569
2521	0.82368845	1.55086259652845
2522	0.003803098	0.126523129604079
2523	0.43294668	0.536313307155914
2524	0.028768485	0.0655796640561828
2525	0.30718854	0.184939123039316
2526	0.06012709	0.207062751494952
2527	17.271553	16.929150960101
2528	0.5366462	0.434491520708333
2529	1.1362995	1.57123940369658
2530	23.063932	28.0205984928571
2531	43.505177	43.3178977367647
2532	0.47696212	0.426604443313377
2533	0.007975164	0.173756690227273
2534	0.21872526	0.652841756056481
2535	0.39989194	0.249468892258788
2536	90.30425	89.0813276428105
2537	0.1981269	0.251961874292105
2538	1.6612991	1.67077182684444
2539	8.808148	8.05979091075001
2540	32.98105	31.2177300102151
2541	94.44336	90.6314639246032
2542	0.22295877	0.312271468814815
2543	0.02437643	0.122684047036138
2544	3.086785	3.30027228080645
2545	49.93342	48.7314112682171
2546	0.105277315	0.203884178490196
2547	0.24365689	0.125015298213415
2548	43.25573	47.9779252305556
2549	3.2597246	2.70932409558559
2550	0.049939014	0.260367920518137
2551	29.900404	29.1870990429825
2552	0.16675395	0.12716378143374
2553	0.07421658	0.129942908230185
2554	0.2660646	0.271908545724405
2555	0.008905976	0.0364014621802252
2556	0.010995198	0.164831123131061
2557	0.008043652	0.0707261184083333
2558	76.16866	73.0346381314815
2559	126.65856	127.183128173874
2560	2.1178045	2.14392553452632
2561	17.677738	17.9273815175676
2562	0.18798712	0.188953061781863
2563	56.50492	56.4151994063726
2564	0.0157176	0.087019246448
2565	0.15744497	0.14272184252963
2566	1.4677169	1.87233332679845
2567	0.08602371	0.306349688951389
2568	0.38709244	0.271153984513492
2569	14.3968315	11.8463338541667
2570	46.620026	49.7812437311404
2571	0.22216775	0.245378323116667
2572	11.940306	10.1866427996237
2573	0.41782013	0.258807900995417
2574	22.688835	25.7411848354839
2575	83.760124	82.7543194359649
2576	0.18711627	0.26749961353287
2577	29.949467	33.1854014568376
2578	50.285988	45.9886871531746
2579	0.76235	0.216564879214167
2580	2.862164	3.42112787523256
2581	25.36375	27.5521519563218
2582	116.02505	117.091986478431
2583	89.10857	89.5302240328829
2584	17.161385	16.0040561309211
2585	0.5422367	0.276531973480392
2586	3.238946	2.97535840959596
2587	12.62749	13.8179596014706
2588	0.03705668	0.22908251183162
2589	0.42658222	0.245074172223874
2590	94.6925	91.6167818973118
2591	0.53915125	1.10273004824691
2592	52.165943	49.9246230640152
2593	41.253994	45.066314442381
2594	0.8732242	1.03606644355108
2595	0.26065934	0.342116446894017
2596	0.015928604	0.172300442881163
2597	0.29387906	0.161238013614706
2598	0.42593843	0.771867272096491
2599	1.8972627	2.23335290341085
2600	0.7500279	0.549115058507692
2601	22.22069	19.9778303651316
2602	0.009724881	0.121147397494444
2603	38.051983	38.9716283973958
2604	3.9174206	4.49050098441176
2605	94.20403	99.6441030293103
2606	0.46144903	0.561044293609756
2607	0.2830949	0.265095144195495
2608	37.257347	36.749201944086
2609	5.9174895	7.65045430324074
2610	0.5341217	1.04419938517982
2611	93.6352	94.8238659115079
2612	0.008361506	0.189677255548095
2613	0.23207875	0.57547657881679
2614	42.456993	39.7222479961538
2615	0.22575648	0.259454917297222
2616	45.375454	44.1952983045455
2617	22.918486	23.7452027465278
2618	0.18482	0.211728136938235
2619	0.2668124	0.26034832953596
2620	0.029372705	0.0564266558348039
2621	38.28019	39.8027514114942
2622	58.481327	55.4648747
2623	0.004249694	0.0455962660231081
2624	0.27589682	0.251667429093434
2625	35.094875	37.7980151571429
2626	58.331097	62.7392202435898
2627	0.026616646	0.0943092424426812
2628	3.323777	3.14144519
2629	20.86792	20.3198103200855
2630	10.180688	9.47954616679487
2631	0.9707056	0.733999919325758
2632	0.20941076	0.165603301427027
2633	8.235379	7.35784254700855
2634	0.14446047	0.14416784315991
2635	3.505396	2.918950736
2636	27.759918	29.5067453304762
2637	73.206665	77.1391082985816
2638	0.31797558	0.569042101826577
2639	33.441135	36.5295372321705
2640	3.2817414	4.23196977188597
2641	63.704933	62.4204313029167
2642	2.5899272	1.84763071138889
2643	1.1855487	1.36165904465238
2644	6.375691	6.39519192122807
2645	3.0350354	2.65447238893162
2646	0.3040936	0.286233770683333
2647	0.9265831	1.1637620781
2648	0.162864	0.226639105942157
2649	12.030406	12.8924520032051
2650	0.12542327	0.933900282915
2651	0.9401545	1.38644781195263
2652	0.033206902	0.0507230560486434
2653	0.24068964	0.227911803467105
2654	0.06781605	0.228471357626496
2655	34.797043	33.1231661
2656	37.550247	45.3555149093496
2657	55.823387	58.2746914434959
2658	0.018603055	0.110002866734074
2659	66.89989	62.4842107444444
2660	4.42803	3.97982475428571
2661	0.036088143	0.0668902126921569
2662	0.29578736	0.802866271763158
2663	25.302298	23.6888511828125
2664	0.037518337	0.0419659904856667
2665	93.42268	97.2260217619658
2666	0.115674615	0.22477164147619
2667	0.007361299	0.132048024225543
2668	0.010751561	0.0297037151459921
2669	33.86625	32.666380629798
2670	3.1777542	2.82972081022381
2671	0.81434804	1.23047676246552
2672	82.223885	80.1070207754902
2673	55.873535	52.5267808942983
2674	17.770872	21.1473377833333
2675	36.903103	37.7495629638889
2676	0.03676734	0.165824006052571
2677	0.36325574	0.598644252919753
2678	95.650055	92.6411509416667
2679	0.026851783	0.136857470857353
2680	0.021353887	0.0530621385606306
2681	0.031858668	0.0778990120530833
2682	47.143726	42.92456541
2683	0.015134582	0.0833238849966667
2684	0.94839406	0.79731966707381
2685	93.02882	84.5533666365854
2686	60.98549	58.78331044625
2687	0.12740096	0.160490223081313
2688	0.031754456	0.250829810396396
2689	1.1415966	1.10460434638417
2690	4.0671377	4.67068953483871
2691	0.5827119	0.323369525116129
2692	34.35433	31.7872091170455
2693	0.08642268	0.264873161660326
2694	0.05041311	0.245581406597748
2695	8.693009	9.88874173785088
2696	2.1079502	2.21808656141414
2697	3.5714693	4.05976483216216
2698	0.3541115	0.188846241858838
2699	0.38026702	0.291905968205702
2700	0.1258156	0.105709642245811
2701	0.14424795	0.125975623855441
2702	6.6308393	6.39994344734127
2703	0.30502304	0.213036561681313
2704	0.18938407	0.182241533761539
2705	0.48179176	0.782779691873333
2706	17.246098	15.4409692083333
2707	14.158066	13.9596272534722
2708	24.113386	21.9721706892157
2709	0.17047453	0.265600950710476
2710	0.71729255	0.521124869006482
2711	0.1666856	0.194422683757937
2712	0.07632202	0.291390938973333
2713	0.28302038	0.154688075991905
2714	55.39716	55.4746335695402
2715	0.011339835	0.136567551885294
2716	4.2827296	3.46033308489362
2717	67.75848	68.6066283189815
2718	0.16633311	0.218551181619524
2719	49.402878	44.9940790592593
2720	68.44189	77.7068431026882
2721	29.267784	29.628441931982
2722	5.480514	6.67174524945652
2723	0.76169896	0.637868037197167
2724	10.072905	12.6338856172764
2725	21.300959	21.4625465247126
2726	0.2130503	0.453963799976191
2727	0.2948435	0.2016200744605
2728	0.018970238	0.0351931394932353
2729	44.115623	44.1355772644928
2730	7.1953735	7.20921888276316
2731	112.13682	112.746073107778
2732	0.18720017	0.157090694754412
2733	0.16782624	0.604249388466667
2734	0.15377434	0.105750452327704
2735	0.1933463	0.4470300430375
2736	0.42834905	0.249649668430882
2737	0.3979562	0.487333059908334
2738	0.5071043	0.707142118390476
2739	0.35057554	0.205735028083824
2740	0.2745586	0.139091516753821
2741	0.0058367914	0.027467371421875
2742	18.944302	21.1315964019048
2743	0.120577	0.157276824715686
2744	0.0057855714	0.0211524379546825
2745	66.9847	70.5384833046875
2746	0.19195771	0.731870701745098
2747	19.718151	17.421886214966
2748	2.9941282	3.53152630648551
2749	0.039075408	0.14150455068718
2750	0.057055324	0.17032761635925
2751	0.124222	0.118118899811111
2752	1.7141123	1.59126242067742
2753	0.02213603	0.166647491479487
2754	0.020158516	0.0648837277145833
2755	0.124389954	0.383880571115625
2756	0.004342911	0.0284464747634583
2757	84.329	82.0591080354701
2758	0.7825664	0.902034172164415
2759	4.0519557	5.15564563905405
2760	0.014484759	0.131698932713462
2761	0.008630155	0.143656291276026
2762	5.649801	6.28931364504274
2763	3.5587137	4.25005477902439
2764	0.81535727	1.77395059382701
2765	16.28076	17.6981348580952
2766	0.012596457	0.0782951785009009
2767	0.007437919	0.108284431402524
2768	0.27069798	0.197037960832828
2769	54.733	60.7854539977478
2770	9.381853	10.3819959005051
2771	0.04755776	0.158300271823874
2772	2.3165672	2.12734639634409
2773	0.09440899	0.192025078368229
2774	20.24565	18.6794258331349
2775	18.49022	19.1282175796875
2776	8.23685	7.9857491579902
2777	0.6657493	0.516230003256757
2778	79.32514	72.8051246241228
2779	12.943065	12.4032844943627
2780	100.11959	96.9823461019608
2781	0.0077896775	0.178945061323333
2782	28.071022	31.668213877027
2783	40.413155	42.5578714441176
2784	13.993175	14.0861871683908
2785	2.4810016	2.81875803376984
2786	50.04754	46.7826199479798
2787	0.4381249	0.599869320750476
2788	0.09304892	0.218583981544017
2789	0.069402434	0.0714155235080729
2790	57.189823	61.5919858818628
2791	7.5472283	6.85243645090476
2792	3.7922597	4.56237958873188
2793	0.16665652	0.136231321813415
2794	0.007409636	0.121782592300439
2795	0.0040131495	0.212301758365833
2796	0.03844124	0.027446046425
2797	22.946566	23.0193588373737
2798	0.27513537	0.211780230161852
2799	51.533665	49.9024459225
2800	84.85026	80.70686079
2801	0.48558939	0.467976694655093
2802	0.0115897795	0.0849950834654264
2803	3.0813453	2.17732132117063
2804	0.21528962	0.232810574522549
2805	0.042226043	0.121817284174755
2806	12.031164	14.0291447878968
2807	0.17173527	0.154407854256127
2808	0.3594731	0.297168083475214
2809	17.354855	16.8674243607724
2810	0.16624092	0.180450635404054
2811	54.85026	56.3103964171569
2812	92.21703	88.0122974984496
2813	0.06892516	0.390120603742381
2814	0.12517585	0.276230060720238
2815	0.0049763345	0.0290842823195496
2816	0.91891044	0.290420217306863
2817	61.284683	54.5312807554054
2818	0.13749105	0.16457176092439
2819	48.631004	47.7013231631313
2820	51.937454	49.6202936934959
2821	96.72075	95.9572668803571
2822	0.4434283	0.16303199658443
2823	0.32717824	0.412823459255556
2824	19.689077	21.3707995698198
2825	22.388319	22.6337031162162
2826	0.022224179	0.037453545829625
2827	0.4999864	0.631470353078947
2828	0.044948097	0.405510393703518
2829	0.04103904	0.0538148548907265
2830	8.098491	8.43972144765957
2831	0.14266329	0.192191334967742
2832	35.939743	30.4747820117647
2833	0.09424857	0.211911643774194
2834	0.137225	0.359965246184815
2835	0.441625	0.306149994938667
2836	17.579105	16.4615840112319
2837	0.851828	0.394910405102762
2838	58.11487	63.9045298552381
2839	0.019618984	0.102372089828172
2840	129.2197	119.127178565812
2841	28.197191	25.2492281078947
2842	65.098076	59.3180811269231
2843	0.20501919	0.286570116276191
2844	0.15153708	0.1970793899375
2845	0.011848654	0.118057543393854
2846	0.22621621	0.197899080476829
2847	0.44444078	0.252831150771014
2848	34.42265	34.2950855146341
2849	51.22166	49.4408363726852
2850	0.013046432	0.0837864960533333
2851	17.807796	15.0306772480392
2852	97.32337	101.097820873684
2853	6.083288	6.56872906890351
2854	11.38751	12.5574071323718
2855	0.39351094	0.455761467386111
2856	0.0541361	0.13064669601
2857	0.63725334	0.487274421871795
2858	0.14702027	0.27642532852381
2859	0.9892599	0.405112813685772
2860	0.08219532	0.299865011682927
2861	0.6962338	0.660745516390351
2862	0.11683922	0.181687559061111
2863	0.29964006	0.263407491360648
2864	28.908607	31.8483938792517
2865	26.909698	26.8953456528736
2866	0.16829436	0.149051336052381
2867	0.33489576	0.269115310892157
2868	59.701923	65.1394353217949
2869	11.399409	13.045769872381
2870	61.508797	62.8792235213542
2871	17.020493	18.9974761354839
2872	0.5739219	0.495180675600794
2873	0.030458584	0.111770945282698
2874	15.97604	18.2517134602564
2875	5.1311626	5.1617992233721
2876	0.032875992	0.136302037231966
2877	1.7641473	2.46470028050476
2878	45.93255	43.3829616150538
2879	38.898727	38.2505391785714
2880	54.0981	51.5712681689815
2881	57.900753	61.5375993747127
2882	62.47957	61.84934978
2883	1.0480915	1.37386135987297
2884	0.42775437	0.608688096638889
2885	0.19336277	0.191727348886667
2886	0.31430057	0.648155858570176
2887	73.39168	70.9830140462365
2888	0.24074554	0.386160580755208
2889	0.050032195	0.210235746315185
2890	0.015852047	0.0336110280135859
2891	0.054241665	0.0385990332881429
2892	47.094513	47.9882343318519
2893	53.500477	49.2334806060976
2894	50.257046	52.4445266759259
2895	63.835606	62.5532066050505
2896	0.021889696	0.0657693434016667
2897	0.68024176	0.222899659120753
2898	70.5192	71.4796620161765
2899	25.666414	26.1017449257937
2900	17.690897	16.0717026752525
2901	75.454834	79.7048976489583
2902	0.41212878	0.213617005325269
2903	97.12506	91.3415602315789
2904	0.08313237	0.100305561995946
2905	0.27942893	0.383573102746667
2906	0.00686314	0.0564396354319444
2907	33.24782	33.5122275520833
2908	7.9238706	9.06796308416667
2909	22.352154	24.5965944708333
2910	22.666641	22.1154085731183
2911	0.3021809	0.335353562850505
2912	0.050208922	0.249587281956282
2913	39.81574	45.454826124537
2914	0.17056128	0.228600425193675
2915	0.45634604	0.265908542407843
2916	0.022123603	0.312796694489855
2917	0.08811078	0.11044425121626
2918	123.070076	126.058546696296
2919	0.07797703	0.232078494873563
2920	0.73832774	0.7203927814875
2921	3.8381526	3.45868545705208
2922	0.07767616	0.137277361197531
2923	26.362701	24.7688399694444
2924	52.819668	54.2516177416667
2925	0.072637536	0.0954197919541176
2926	0.043141622	0.158568373387952
2927	0.13688637	0.178274666221078
2928	0.012826709	0.0540056380458854
2929	0.20781326	0.155245138832353
2930	0.6607437	0.255441029448649
2931	0.51973236	0.534486597447619
2932	4.302543	4.25845677865741
2933	0.99690735	0.978856464477477
2934	0.11708932	0.318425585041667
2935	0.4769164	0.423380222681373
2936	0.25455236	0.287225470510811
2937	4.9207225	4.0977809175641
2938	0.3175875	0.186928748931373
2939	38.393303	41.1471300320513
2940	61.562927	63.1235765126263
2941	89.20368	95.4757367635965
2942	0.2496209	0.194855127715897
2943	69.35439	73.3566335020833
2944	0.123244226	0.262603454233333
2945	0.02853801	0.303171643489048
2946	0.04403007	0.359015592195313
2947	65.90827	63.8688447717054
2948	3.3170626	3.02324821356589
2949	0.14359581	0.15296831715045
2950	26.42402	26.1346575991667
2951	0.07544064	0.0496519394820833
2952	0.8366935	1.21380299058642
2953	64.81411	69.286783254902
2954	42.554558	43.9486454821138
2955	31.739832	34.247703907752
2956	0.0072256504	0.180357426809946
2957	47.58937	46.5912251548246
2958	0.2320975	0.212052524596396
2959	0.33878675	0.348231130791667
2960	69.49533	77.1163141235294
2961	69.10487	66.9325741202703
2962	34.288372	35.4619825318627
2963	32.355347	32.0184894683333
2964	0.06438737	0.239837698147101
2965	97.33703	101.666947261333
2966	58.60754	58.8456827259804
2967	11.406566	11.0205460085859
2968	0.09070395	0.201202619080072
2969	0.049401574	0.183282959548333
2970	0.21906307	0.311049807608788
2971	0.23364283	0.582101581521569
2972	2.555607	2.87423413737374
2973	5.971122	5.5659634467094
2974	0.007146394	0.0149818758654167
2975	1.1959925	1.11435130772381
2976	0.008993331	0.0885086239590476
2977	75.71089	73.1540990829167
2978	2.0515518	2.61261743390476
2979	116.56407	113.582824003876
2980	13.33758	14.3728028076577
2981	0.029784128	0.145437022554188
2982	0.2179316	0.323494891741111
2983	0.5526596	0.597449031675676
2984	21.852016	22.0596227204301
2985	0.2600421	0.172864321410088
2986	1.0184203	0.970449911038461
2987	39.21244	37.7120500625
2988	26.705902	24.5464059116667
2989	0.4164315	0.359044251195496
2990	0.15009978	0.219902942383333
2991	22.218002	22.5155722702128
2992	7.255478	7.59860830909524
2993	27.572567	23.406639152381
2994	0.79950047	0.915226429424242
2995	0.019208943	0.189865817946396
2996	0.39073488	0.28740431228125
2997	0.04770721	0.0733828629166667
2998	0.22044882	0.190324473666065
2999	0.31371558	0.372000196301852
3000	0.08518373	0.17479029136027
3001	14.69708	14.7333152377451
3002	86.07709	79.3605152220721
3003	0.20755129	0.272238262434167
3004	16.960728	14.6680041982843
3005	0.11783319	0.183014605709091
3006	0.09197623	0.196189826880142
3007	0.24316429	0.303923084882895
3008	0.010856902	0.070615301079798
3009	3.1740916	2.46974446887097
3010	0.9221804	0.74976093657353
3011	0.5238169	0.616744489038889
3012	7.2075734	7.46793363418919
3013	0.4030457	0.399002103700362
3014	77.160446	87.1808162137255
3015	77.509735	79.457043730303
3016	20.53768	21.1858703129032
3017	0.33334345	0.378651164681863
3018	2.8788989	4.31370535401042
3019	0.18066764	0.11755327576819
3020	3.1225076	2.40010315975238
3021	0.8617635	0.939652744460538
3022	15.189478	18.0099551397163
3023	1.3769644	1.36808173476471
3024	29.762894	32.9899379055556
3025	0.0100039225	0.158218057262333
3026	0.023214152	0.0821111751868333
3027	1.0635382	0.814036752011905
3028	0.12563066	0.311824857444
3029	0.22356708	0.270920851973809
3030	0.30295032	0.174421769261979
3031	2.9625707	3.2835584805
3032	40.638878	42.0514743399225
3033	82.14251	81.9011608523148
3034	67.26076	65.3302193861905
3035	0.7470631	0.648308189352381
3036	0.038352884	0.108068022970476
3037	31.450558	31.6611633406863
3038	0.013018828	0.0496623500718229
3039	37.784325	35.9016062838235
3040	0.2985895	0.243434515511111
3041	27.186995	27.3468080093137
3042	30.127367	29.3524129710318
3043	16.91047	19.6956730241228
3044	91.55923	88.1343305861111
3045	2.465929	2.85234521556911
3046	1.2012725	1.03306335675
3047	49.071545	48.8774617969298
3048	94.54543	94.2932374651515
3049	0.010214897	0.362248799463333
3050	0.012025742	0.0417980581309259
3051	24.582743	22.588490709596
3052	69.78643	65.5833264512821
3053	0.039244954	0.235916565471237
3054	85.32751	84.7484678148148
3055	0.2381046	0.152511872231481
3056	0.17699564	0.209051750201754
3057	0.16741945	0.236497978022963
3058	3.4975798	3.03675417220588
3059	49.38609	48.7120450930108
3060	0.21138392	0.170860874484091
3061	0.33085766	0.29936066210303
3062	0.016962534	0.285106959256571
3063	0.18811499	0.184498174757778
3064	0.13055274	0.309522739996078
3065	0.16367891	0.196044411206173
3066	0.011483507	0.0615210283638889
3067	0.2240502	0.291533935312963
3068	23.32002	23.30343861875
3069	63.032867	65.3921733195833
3070	0.48856005	0.240998271587879
3071	0.48787928	0.401770841539167
3072	89.31062	88.4781875858333
3073	39.519997	42.0198392589744
3074	44.340237	43.8377034631944
3075	34.56072	36.0613443837838
3076	1.3856133	1.74784231940741
3077	34.76814	35.4334709717172
3078	0.009237761	0.0898056558723874
3079	30.101797	27.9295663529915
3080	23.017345	23.25782996625
3081	0.35938156	0.496022595159722
3082	0.013947869	0.137379510676154
3083	0.28962255	0.322529720686937
3084	0.20199141	0.125133175313618
3085	41.70938	42.3737506361111
3086	17.003675	18.238984765991
3087	28.090813	30.2936308952381
3088	2.9759562	3.53787050972917
3089	0.8051798	0.243184729777604
3090	0.19051805	0.175898333912281
3091	22.593893	25.8607883617647
3092	0.65458125	0.483245071084849
3093	0.693605	0.486420372161905
3094	21.005747	19.7055844552288
3095	0.015476375	0.0942176970638506
3096	0.13622586	0.205306099325641
3097	0.56866264	0.424392370429048
3098	0.0060407594	0.0908482806946759
3099	31.458021	31.9417542150407
3100	8.280415	10.0154874610317
3101	0.18732008	0.0881847519645185
3102	0.71944785	0.48568312799596
3103	0.21815671	0.16810780143908
3104	0.24831314	0.217023005185586
3105	59.825073	59.8800907398148
3106	0.32612026	0.438327246766191
3107	0.2716235	0.515821968258915
3108	0.02024951	0.0892540651602564
3109	0.7521421	0.143862799096053
3110	24.195543	20.9445636367647
3111	0.1972907	0.184912566169841
3112	0.23117498	0.446495208710417
3113	6.429648	6.94056215313131
3114	0.032887597	0.347381556599549
3115	0.010164239	0.160703621779462
3116	0.507681	0.591294538713514
3117	0.011959559	0.110496340728954
3118	0.18151945	0.431353872015
3119	0.607814	0.691396213692308
3120	1.4252505	1.67350506370833
3121	0.4470477	0.237044316787879
3122	0.09819096	0.242237908934144
3123	0.015098477	0.0388543695756019
3124	0.09775383	0.273826664283784
3125	2.2415228	2.15908142058333
3126	0.26953113	0.276386178697368
3127	0.25348714	0.286598662733951
3128	0.08435846	0.129006546894444
3129	3.6581252	3.60333418356061
3130	0.12042755	0.308605974841176
3131	0.73200727	0.922473081516129
3132	0.267151	0.235701784046759
3133	0.27810064	0.263453677202381
3134	0.29753816	0.288050195787281
3135	4.0063868	4.86126482406504
3136	31.375015	30.4922376357143
3137	66.417694	64.8488341581481
3138	0.37570515	0.455160393810185
3139	7.2814217	6.21724783408333
3140	51.016293	46.5258842522523
3141	1.510384	1.55876387118211
3142	56.141483	55.7293626504167
3143	0.677593	0.334499941621622
3144	86.64357	89.0559890887255
3145	0.0041927886	0.100714490558833
3146	6.22227	6.18207537509259
3147	0.024070352	0.0184077578894949
3148	7.463454	7.52479266560606
3149	0.008069781	0.029352812894902
3150	62.62078	59.599986682381
3151	4.949458	5.86793422935898
3152	72.98904	70.8634617783784
3153	15.545906	16.0756343995495
3154	2.4944215	2.02484352673611
3155	22.591614	20.6124368599099
3156	0.14841315	0.265648979230556
3157	55.712715	47.8040568018519
3158	0.34971333	0.552791167027027
3159	0.32864767	0.242721665769231
3160	0.089763656	0.180765143155556
3161	0.085681304	0.161592421405405
3162	0.010539066	0.189537344660913
3163	0.26358274	0.292615564387121
3164	0.50880694	0.339041237666757
3165	89.48284	92.4797430255953
3166	7.06514	7.60298054728571
3167	0.01185059	0.0395629058691881
3168	92.88831	96.9820865087963
3169	2.9596505	2.82889710045556
3170	4.1215935	4.98040102474748
3171	11.302833	9.73689839730159
3172	0.054759417	0.159710298528518
3173	75.33749	74.9494707788889
3174	0.16252574	0.233228337965556
3175	0.067795165	0.238544778857724
3176	0.095009916	0.149589196572222
3177	25.072435	26.0120255442308
3178	57.660095	57.267635989899
3179	16.583593	18.2782412201149
3180	7.313575	8.64013456144144
3181	0.2978605	0.469096504060606
3182	1.0557411	0.797788207695528
3183	0.2720873	0.34817871194023
3184	38.682423	40.0442309546296
3185	13.8262	15.0517244155702
3186	0.23275448	0.245115497149445
3187	12.480886	12.5665105120833
3188	61.57131	66.5692380479675
3189	34.27998	34.8163744887681
3190	62.23278	64.2363725474359
3191	69.11432	63.8678953171296
3192	11.968654	12.8806643802941
3193	3.4218726	2.98882478126437
3194	19.734644	19.6237843450407
3195	18.447865	17.2997556757937
3196	12.5858555	12.8875498670833
3197	0.027543519	0.0856294354905285
3198	68.28842	70.1227900098291
3199	0.020590033	0.454132182868333
3200	20.523018	21.4976177
3201	1.0456536	1.28956778215812
3202	0.038991626	0.0923222079990351
3203	61.92929	63.5910091421296
3204	45.61901	47.6839915444444
3205	43.44721	43.8862917991667
3206	3.1416721	4.97895114316239
3207	59.74433	60.286455010101
3208	0.46145537	0.529794286648148
3209	0.4955257	0.473239104604902
3210	7.695233	7.94034513666667
3211	0.03166067	0.0849366841948837
3212	0.030457906	0.0986398420754386
3213	0.0145995915	0.410547284896364
3214	0.0077937366	0.0202271936094444
3215	51.57817	49.7177450542857
3216	0.06778311	0.313804669424848
3217	61.678616	62.625156875
3218	89.56349	91.5173325433333
3219	0.3338463	0.229805602766667
3220	0.01879571	0.0472492316711382
3221	0.9993666	0.32856850572549
3222	0.14178097	0.207412317551111
3223	4.3803253	5.27337613097701
3224	0.37157747	0.359750746015151
3225	0.89136076	1.27437466123889
3226	0.10523543	0.198923306695312
3227	0.013718253	0.0591319932072917
3228	13.9627	11.1985747539815
3229	0.023083027	0.0310164456476496
3230	0.019799462	0.0198995693143694
3231	42.14596	49.317674402381
3232	28.997536	30.57903318125
3233	0.117675886	0.16533022745
3234	0.11759386	0.208549859112745
3235	0.006468188	0.135884716643708
3236	0.024317386	0.174686355254343
3237	3.1395712	2.22012173976852
3238	5.726061	4.99603503342105
3239	42.298393	39.4314746549242
3240	16.475218	14.8609815288462
3241	93.4491	91.0844552328947
3242	43.625572	47.0001460103448
3243	0.7100956	0.227804996448211
3244	0.018727234	0.0492994844263021
3245	0.060716968	0.199471689651285
3246	0.01968314	0.0845482973334146
3247	43.236908	44.1445425838095
3248	0.036787923	0.245041105763218
3249	54.42688	50.4776532603175
3250	64.470856	62.7516253207207
3251	0.039944176	0.117627701075641
3252	47.99024	51.0262247036458
3253	57.67083	59.6672763929825
3254	0.019785054	0.0350839832121138
3255	0.5949579	0.570535418142683
3256	0.6302285	1.01168421473095
3257	2.9434855	3.4781911201626
3258	0.05704467	0.100316920565521
3259	82.40271	85.4101387693694
3260	1.4055661	2.16434742306263
3261	2.877308	2.02834939934343
3262	0.45017767	0.159594009652206
3263	125.62831	118.370313213406
3264	0.120294176	0.212912745813008
3265	28.880785	25.950595462381
3266	0.050268885	1.4952658892046
3267	0.009578394	0.0282711470622807
3268	0.020066315	0.0523996909023333
3269	0.3567389	0.72214888139881
3270	0.7483986	0.649581947777083
3271	11.7528715	10.9795010520202
3272	2.3484762	3.60207973880435
3273	0.050681207	0.523017515566667
3274	0.009687864	0.0671243842017408
3275	61.425167	62.3188438935484
3276	0.18873984	0.218295735872358
3277	26.931454	29.0553909214286
3278	51.220345	50.5693012254386
3279	1.7050594	1.27012486776667
3280	49.88758	49.6680451866667
3281	1.0151064	1.22711143786566
3282	0.993587	1.12194785874123
3283	0.020940911	0.161109824534583
3284	0.20032483	0.292564209861667
3285	1.0891916	1.07399765320463
3286	119.25881	119.305822208108
3287	75.32119	73.0424645114815
3288	0.16028725	0.185730603246667
3289	83.68581	80.75607166875
3290	0.21630841	0.0934107364452992
3291	18.24182	18.5091255263566
3292	110.73808	112.599080934583
3293	19.03884	20.0102458101852
3294	36.94638	37.426672695935
3295	35.848648	35.8154693822222
3296	3.6024368	3.81846614302632
3297	0.060302794	0.0616819490539815
3298	80.292946	77.9918087780303
3299	23.293003	24.1004256729167
3300	0.03285535	0.0430524759227778
3301	0.03185694	0.177434547155278
3302	0.6549507	0.106163915349849
3303	3.1257124	2.18021440057292
3304	2.2841427	1.06375428721857
3305	2.8080244	2.89236707434959
3306	0.183142	0.140707186161176
3307	0.23229447	0.205055056492342
3308	0.20660633	0.0874932465742277
3309	9.484953	11.3940651262857
3310	66.73947	63.9112863833333
3311	7.6339774	6.95887971741936
3312	0.057883535	0.100674794915952
3313	0.15934934	0.152557926224479
3314	5.3278465	5.5992702817619
3315	0.7439504	1.03453083185859
3316	32.27701	36.4996541883838
3317	70.7083	71.0700304861111
3318	3.2841854	3.70665216387097
3319	1.4486512	1.07485535195122
3320	9.164247	10.4459837130392
3321	42.313904	41.3054278708333
3322	0.123817	0.208048286459048
3323	6.8456793	5.86255816109929
3324	42.249237	42.2841247789855
3325	21.221943	22.3798022277778
3326	43.644196	41.0354042038095
3327	1.8320094	1.48685978327083
3328	0.6801206	0.117118968101042
3329	0.64658755	0.425479565120325
3330	0.6117763	1.07725356415576
3331	7.926871	8.88925865708333
3332	0.13909383	0.127824267403676
3333	12.9603615	14.132210571748
3334	40.747894	41.1499586149573
3335	0.06926713	0.0714985318215278
3336	0.69335926	0.433095474286818
3337	0.81898683	1.19915329828646
3338	0.15648432	0.248513788432796
3339	10.345381	10.5245463842553
3340	20.173391	18.8852756795238
3341	0.011117684	0.0274322225034848
3342	0.74293786	0.794397296337398
3343	2.2177446	1.61407622611728
3344	0.25589556	0.254707353272222
3345	5.31772	4.93707620003788
3346	9.255568	8.27573415232323
3347	7.4240375	6.96970158148649
3348	0.017571894	0.0652288103094715
3349	0.007884644	0.155686147400658
3350	13.981398	12.7217151797101
3351	93.16565	93.6325365054054
3352	25.00547	26.5494390361111
3353	7.3083806	6.12005814794118
3354	61.482254	61.3253446809524
3355	26.656126	27.9638497256098
3356	38.80345	38.6172343821429
3357	0.3771814	0.197928714650407
3358	27.388918	29.2000070811404
3359	31.588442	34.5506218759259
3360	0.16363683	0.235154243797475
3361	0.018938746	0.260357182889496
3362	65.768166	63.5383918317073
3363	1.9009486	1.86279140121622
3364	0.066582374	0.199074259317037
3365	11.738388	14.2249035333333
3366	21.542492	23.1295489311966
3367	44.103207	45.0372048820175
3368	0.22054999	0.153112482894
3369	1.1166852	0.2618176922375
3370	26.218657	29.8272901942857
3371	120.95777	120.90285635946
3372	6.220569	6.48110684200981
3373	64.030304	65.1195616200855
3374	0.22624855	0.330623966494792
3375	42.637115	39.2932469916667
3376	0.2779407	0.498005085768939
3377	76.87856	75.0078724188889
3378	0.7131276	0.507097734097849
3379	35.17184	34.8229754132576
3380	3.1692905	2.96755422662393
3381	35.84662	34.5285581580808
3382	2.7508376	2.26018595855238
3383	0.32787845	0.161867460258065
3384	3.5238512	3.35480670948718
3385	98.38604	98.4434892833334
3386	0.21371421	0.226650281836036
3387	5.083136	6.26978229959459
3388	86.92455	83.6875530616279
3389	0.48323807	0.309349560259259
3390	47.20371	43.8340870373188
3391	0.03423556	0.21503505121338
3392	0.027525395	0.250258634129023
3393	66.89607	62.7553830230392
3394	2.1446621	1.51492597726829
3395	0.11079533	0.136608036682137
3396	0.24374841	0.24942490010787
3397	7.9953427	7.7302642821875
3398	37.356285	38.3190750631944
3399	0.121320024	0.110764937265774
3400	93.46799	94.4141150737037
3401	7.5668015	6.94067080256757
3402	68.18883	75.2898188981982
3403	0.66936606	0.401125890019512
3404	65.14232	62.6889711299145
3405	3.912029	4.6274847772963
3406	0.015671043	0.0759389361680208
3407	52.35084	47.1365751151515
3408	0.24894531	0.192743062386905
3409	0.3064899	0.287802625608
3410	0.30962467	0.248567775859915
3411	46.336315	42.9429547484127
3412	0.011148944	0.102130638513772
3413	3.035347	2.54732297614286
3414	0.4889584	0.304538713396324
3415	0.0044225142	0.07212964057125
3416	0.054088943	0.2846035598365
3417	0.008701927	0.0637806283109375
3418	0.17379421	0.166565945030417
3419	51.30044	50.4686245328125
3420	0.007076449	0.0251642882206579
3421	23.85663	22.5426311776423
3422	99.26222	96.7476784969299
3423	5.786248	6.75811279195238
3424	21.217836	19.4862670119792
3425	0.1848142	0.270703483496465
3426	0.6040691	0.252000170044086
3427	0.021249287	0.289285691425581
3428	0.60900337	0.928500524953125
3429	1.9964589	1.86334562112613
3430	0.03543626	0.182065576176016
3431	43.79866	53.1243596606061
3432	60.32871	68.488741170202
3433	4.8706965	4.15490223359848
3434	0.013582739	0.0311945324592157
3435	0.2742378	0.221643915057955
3436	0.10891963	0.210189627247748
3437	1.8185803	1.46062176184286
3438	107.46002	112.436760597024
3439	0.3351462	0.30028662997561
3440	10.770568	12.8051495935484
3441	0.16346003	0.207234286990323
3442	5.6858535	6.49806113533333
3443	21.072947	21.3996615134921
3444	31.141748	33.2628947447917
3445	76.956	75.2098287939815
3446	8.444506	8.75187980192308
3447	84.71954	87.0329177284091
3448	0.50030196	0.338459547845417
3449	36.66383	35.1699600580645
3450	10.569544	9.83025982408602
3451	3.62365	4.4827174559537
3452	0.98107207	1.4513565016381
3453	0.29726535	0.792732165311111
3454	0.046907093	0.132436544963889
3455	72.81786	72.4496825545455
3456	0.25789678	0.297824998599537
3457	0.16816054	0.420128637177083
3458	0.79508835	0.586444085664414
3459	0.19421028	0.226923900535088
3460	0.20221245	0.1399858260625
3461	0.01002594	0.109056746188393
3462	0.24782327	0.245189970502273
3463	0.037699785	0.357661945363248
3464	0.038855948	0.0916189211772341
3465	0.041072894	0.0948184179783784
3466	66.459	70.7223457045045
3467	8.685516	12.3469282137302
3468	0.10280634	0.137142152239912
3469	3.8122923	2.8403578685098
3470	0.17881979	0.268025931705729
3471	41.781033	42.5318415076923
3472	0.025270686	0.46441904687625
3473	0.46419877	0.355996060182917
3474	23.802912	24.8298445139785
3475	80.084305	84.789212490873
3476	50.464466	53.9636819288889
3477	0.12684363	0.163691844482137
3478	0.060050417	0.0811930329859375
3479	0.80784845	0.665763277881667
3480	24.585062	24.8777012963964
3481	48.27674	47.0874235529412
3482	42.64566	42.9291840070833
3483	83.11155	82.8737200137255
3484	12.781809	15.795410577957
3485	57.991386	60.15017908
3486	0.03857428	0.439292312302778
3487	0.2017308	0.352301715974537
3488	12.061967	13.7759656467593
3489	83.717384	83.7259281647619
3490	0.51205033	0.325790165370721
3491	39.177864	40.1992471489584
3492	66.1334	67.1751915890152
3493	40.99147	40.5439756979167
3494	59.087337	59.547819024359
3495	0.2876011	0.301404190738211
3496	52.294716	44.3384526511628
3497	0.37587544	0.271986749742857
3498	0.7559831	0.393522258093137
3499	0.29705706	0.332679828425833
3500	0.7700855	0.630271637376344
3501	0.36399108	0.3298056561235
3502	0.017298838	0.0342659373123333
3503	29.131897	31.4421296133333
3504	0.3233848	0.246956273587917
3505	0.012156578	0.30280949922175
3506	7.478826	6.79409711213542
3507	49.533546	53.6238782622222
3508	0.049469545	0.218359292420833
3509	0.02211166	0.041282655595119
3510	76.18616	70.4258481269608
3511	0.06362314	0.193032556191818
3512	0.080414705	0.234476118528611
3513	4.353756	4.65467525608602
3514	0.69109714	0.371642577838095
3515	0.030887753	0.0457414544550926
3516	0.06466686	0.120020165286111
3517	0.24150872	0.208921297382323
3518	0.33371207	0.239746446125926
3519	91.27474	84.9610086
3520	0.3491219	0.535334908778889
3521	0.175019	0.228819826651351
3522	0.18844907	0.228813148478495
3523	0.073522285	0.277454751278682
3524	33.04677	32.5121990556911
3525	11.339102	10.3363584275238
3526	62.98081	65.8584586342342
3527	0.02679349	0.26814572589693
3528	0.6583372	0.448833480828509
3529	0.87118304	0.36707814266
3530	109.03063	110.7430294875
3531	0.16357403	0.171981180606452
3532	44.141396	46.2541003280952
3533	1.1378423	1.85610705819444
3534	0.093726166	0.142253246892949
3535	47.795055	52.0029666540541
3536	0.045508217	0.326997248293535
3537	1.5040088	0.903832880487619
3538	21.041315	23.9658795035088
3539	24.340996	22.9067638142857
3540	55.356224	56.0123795055556
3541	0.053882748	0.277091488005128
3542	0.0059634764	0.133900047170037
3543	54.5872	54.7506130131313
3544	11.89758	13.4847883200758
3545	16.291265	16.6116340051724
3546	31.031689	29.6642340456989
3547	27.676113	27.2598450207071
3548	112.251595	114.655043601905
3549	0.007625615	0.0529459691204301
3550	0.14528753	0.391211147727315
3551	15.401331	13.2993721152482
3552	1.0710645	0.364262523271296
3553	0.12188804	0.16785510562695
3554	0.012333294	0.0822859791737745
3555	0.031912483	0.0649634812566667
3556	0.014289388	0.658944268084815
3557	49.722683	50.6750219441667
3558	35.351093	36.4273239213542
3559	3.8321667	4.4097359518421
3560	0.16426197	0.178639617030882
3561	18.348808	16.3023991866667
3562	19.962135	18.7209814757937
3563	20.236933	19.8131698537037
3564	0.06831437	0.226404506464912
3565	0.031795055	0.0715517454491414
3566	87.058014	90.8506922588889
3567	1.0948473	0.560504372284553
3568	91.184044	96.9794099485816
3569	3.2659209	2.73073538960572
3570	0.1262401	0.189029271220952
3571	0.9504197	1.45488583133333
3572	0.98320276	0.230672238687393
3573	0.12728713	0.256132589025926
3574	0.34536082	0.243260443245045
3575	32.10524	31.2574049241667
3576	0.42731634	0.652139226394595
3577	70.235985	64.5137870386905
3578	3.3186243	3.65932219276191
3579	0.7488618	0.478733604262626
3580	1.1450129	1.04177065539108
3581	0.066727445	0.180005797110078
3582	0.1678088	0.375058159666204
3583	0.74337333	0.67249188409127
3584	0.07722652	0.209072274233908
3585	0.016090224	0.0214831552024324
3586	38.58986	35.9549048513889
3587	56.270542	50.7538788878049
3588	55.200954	56.0052580319444
3589	37.473434	37.057238558547
3590	0.1053557	0.0873275768364352
3591	0.011391556	0.0285483275384783
3592	0.025320547	0.0978672919743011
3593	0.026270993	0.26879013168125
3594	0.23762837	0.0520154461121481
3595	16.86076	17.6950349036585
3596	24.07006	22.7915942447917
3597	0.056839213	0.0357771823851852
3598	1.8279519	1.57270588255556
3599	0.015555409	0.0471476343480392
3600	0.037126604	0.0579324764244186
3601	0.25615308	0.693800682451754
3602	64.63513	64.6611307141026
3603	50.394615	48.8907793651961
3604	36.176342	34.1846402644444
3605	9.311027	9.59127680757247
3606	3.0479698	2.77723996619048
3607	0.5235477	0.283068951488889
3608	0.14147308	0.496892260531579
3609	14.349469	11.8719114144737
3610	0.09555297	0.0883656064060811
3611	0.11797819	0.130362584481035
3612	0.97527033	0.546929793536232
3613	85.74377	88.5856825244898
3614	6.3917723	5.07877368666667
3615	59.592377	59.1185410727273
3616	11.57429	14.1358678381313
3617	0.38465482	0.32478073408
3618	0.1401172	0.365096760351389
3619	1.0430664	0.562438749439815
3620	14.100765	11.3263795026042
3621	0.13221629	0.243391402368992
3622	0.11237346	0.208466598416667
3623	5.5234575	5.85274841425926
3624	6.603496	6.70953752646826
3625	0.5460394	0.205716751765116
3626	94.99394	96.9835836273504
3627	0.13145743	0.231754302367105
3628	0.1491862	0.193911734197727
3629	78.611755	82.9373208068376
3630	0.19319038	0.0984571602055
3631	0.14821075	0.599055658357143
3632	0.02903745	0.063068087203114
3633	1.2739589	1.12371460339316
3634	0.38714337	0.178501537227143
3635	0.014394247	0.086904534280463
3636	2.262713	1.802214329875
3637	52.524914	53.0163433471545
3638	0.23859842	0.203043154093333
3639	6.7445655	6.4658920097561
3640	0.59808546	0.891542006605834
3641	0.011999706	0.116334005079861
3642	0.37532398	0.336919789872685
3643	64.98481	70.3568452474748
3644	19.89727	24.9865411963964
3645	88.372604	83.2767583106061
3646	0.019316182	0.239912413735303
3647	0.9105744	0.788780912623809
3648	32.712048	32.6129087112903
3649	113.46166	116.383126453947
3650	100.120804	94.2754194421052
3651	0.22781014	0.239154063120808
3652	70.47971	70.3488542910569
3653	0.1706926	0.489782314913492
3654	0.088749796	0.19927256225
3655	0.0040773167	0.0803105569719737
3656	115.26106	113.812794558824
3657	0.009649895	0.0589621967761111
3658	3.4158363	3.26567508589744
3659	21.09988	23.7480820596774
3660	18.215008	20.7533544039683
3661	34.98502	40.5363266540741
3662	0.0034185532	0.184730493101984
3663	5.0406046	6.11552626226496
3664	0.06942428	0.302972631622549
3665	23.731564	25.719180283871
3666	0.457485	0.188970878489352
3667	0.122511216	0.252342874692381
3668	0.009072436	0.0425825194312778
3669	7.2670503	6.53931800935185
3670	52.42943	56.191956040625
3671	0.13135321	0.239040631846154
3672	0.18514462	0.212675539622863
3673	0.14326066	0.160950763471078
3674	2.9823534	2.80868298532227
3675	0.18016307	0.350460055995176
3676	56.35258	58.6449051409524
3677	4.0299025	3.65253584424731
3678	16.355824	19.9466996075758
3679	55.225945	55.9048969907895
3680	8.503695	8.19529349442708
3681	0.4458503	0.269394750435504
3682	31.808317	33.0528439946079
3683	63.68952	59.8224899027778
3684	0.010854283	0.0843706040912255
3685	27.883915	28.4421986683908
3686	27.507929	25.5034644422222
3687	19.324032	18.5406234491453
3688	4.5230327	5.31713733787037
3689	7.064205	7.56827962111111
3690	0.007847443	0.0819587663924333
3691	0.0070179948	0.0401470359162963
3692	69.304756	73.1096495477477
3693	1.2507048	1.25437870839048
3694	87.31037	82.7911142382353
3695	0.3016091	0.433310997893694
3696	5.747114	6.2817578140991
3697	75.66857	75.7553726644144
3698	0.009769407	0.0576086807980953
3699	3.4253519	3.39302527942708
3700	0.44992235	0.227498978946759
3701	0.011550771	0.0885631703575253
3702	37.600704	35.5694152494624
3703	78.573784	77.4272725782828
3704	15.350375	13.5510494554167
3705	0.007957196	0.0242765815748649
3706	0.0081452355	0.121332619203704
3707	42.593666	42.6092386162602
3708	0.023615202	0.0691911886502451
3709	48.631126	47.4427283861111
3710	55.92001	54.1317373934524
3711	0.10551452	0.110231395870482
3712	67.49624	69.2355154950451
3713	0.15244469	0.249979780905128
3714	0.30781052	0.218071968951667
3715	9.182173	8.93357250978723
3716	67.21836	63.9428159794872
3717	0.33914953	0.300693255166357
3718	21.952894	15.9244052675926
3719	0.020558937	0.1036366967
3720	0.012160614	0.167386088319213
3721	96.16827	90.0059023846491
3722	48.757347	48.561478793496
3723	0.29142216	0.175021382135106
3724	46.26996	49.0728778818628
3725	1.7112622	0.845542569761364
3726	74.62143	80.1440795810811
3727	0.20149767	0.189375035791146
3728	140.06206	136.319987205405
3729	0.05595719	0.202951136018803
3730	0.010274428	0.0531244198340476
3731	16.625399	20.6314736854701
3732	1.4813005	1.06600734486179
3733	1.2576076	0.615521878198925
3734	20.049158	22.1904247033333
3735	5.5738454	4.60081506766667
3736	22.998095	23.6417722789116
3737	26.429108	22.0092994429825
3738	0.08077743	0.229113018334286
3739	0.14180887	0.185792169176344
3740	67.82906	68.4417244676191
3741	2.962406	3.46556040070707
3742	0.013839892	0.0958325757807658
3743	23.10712	29.870514776
3744	20.812462	20.1625449968254
3745	49.990032	49.4886603837838
3746	0.66257226	0.889500898945834
3747	0.36157137	0.229376335997674
3748	66.26382	58.9165263859649
3749	5.467125	4.92960148869792
3750	0.50452006	0.152031817
3751	0.038744994	0.310041149708772
3752	0.045990806	0.16043611174951
3753	0.0038033812	0.173861079758952
3754	1.2963485	1.802173022536
3755	0.08167509	0.151731827193902
3756	0.21968813	0.137129829289583
3757	0.18448505	0.224390752150901
3758	80.253914	81.046236524031
3759	0.273051	0.306175602936752
3760	13.7723465	12.6032503945313
3761	89.56283	87.3390766430556
3762	12.325106	13.2127996234849
3763	0.73346317	0.594662525721875
3764	0.74010575	0.478285879846847
3765	18.499346	18.9812472833333
3766	0.78793186	0.238033014988426
3767	40.09117	42.7027550761261
3768	121.51368	121.156129665741
3769	0.9682419	0.195905468960539
3770	0.016438542	0.0241148952032381
3771	0.016281301	0.140675297083824
3772	0.9267455	1.02744836545808
3773	2.5692728	2.17993913993333
3774	0.04777075	0.241897919248387
3775	0.24018952	0.512415007897849
3776	6.3592024	5.94019878540404
3777	118.46393	121.869390564015
3778	0.21635504	0.39481954265812
3779	59.076065	56.075930612381
3780	0.044672944	0.0244996942120417
3781	0.3338573	0.698441700245614
3782	0.1433854	0.214135534526562
3783	53.539104	55.0526701058559
3784	0.48477858	1.07441634048958
3785	93.07303	87.5428223480953
3786	2.8640335	2.33405438626126
3787	4.519946	3.59854182412037
3788	0.80943376	0.503769612693478
3789	0.07117035	0.0776400619071265
3790	2.1479616	2.33131422152381
3791	0.19581152	0.259096548677863
3792	92.95743	89.3698996329167
3793	30.715588	33.8188752892157
3794	60.170105	57.612975325641
3795	47.378525	46.8654215850877
3796	84.232346	82.0643149449612
3797	0.02902648	0.305003580232353
3798	53.505424	51.5504043488889
3799	0.0906033	0.173795876677083
3800	0.14119379	0.33900663167807
3801	1.0113686	0.0985667828026316
3802	18.87881	17.9415020994048
3803	1.8225086	1.59570554824394
3804	0.46114546	0.283489747974324
3805	12.02714	11.8915685043704
3806	0.152168	0.332497437428788
3807	0.52274185	0.295320514903333
3808	0.19992734	0.248864896831982
3809	0.10804788	0.181025409047071
3810	1.9461153	2.07249005271667
3811	1.6021192	1.15152590959402
3812	98.01454	99.8572317873016
3813	0.514482	0.58061366213254
3814	0.10234396	0.287864489247436
3815	0.05142041	0.0926939738081081
3816	0.06388514	0.134470929228419
3817	19.510473	20.4785956777778
3818	0.09708024	0.133728309509804
3819	0.2133135	0.247961926188235
3820	0.7316388	0.289112680668182
3821	0.033373233	0.51180125324359
3822	0.36134788	0.576865197584762
3823	2.5219328	2.03237051615504
3824	0.28457958	0.260878044784
3825	4.943328	5.46056259378378
3826	3.298316	4.17211594653509
3827	0.45876247	0.493275596198246
3828	0.2998343	0.217144400211789
3829	0.6989851	0.719441000994167
3830	0.375537	0.417357235869369
3831	0.078087494	0.0551897141875926
3832	19.300217	19.1806175154167
3833	0.14200406	0.165349556529825
3834	7.439227	7.75530162209402
3835	47.445515	46.5508343798246
3836	0.0150281945	0.0905143110699074
3837	1.4619241	2.10455152794048
3838	0.07802296	0.674210007973039
3839	39.83558	37.8487880443089
3840	0.3308197	0.21902566195812
3841	70.53308	67.6906967009804
3842	69.102325	66.475414339785
3843	2.3488753	2.50869984392708
3844	0.020209365	0.123489320171535
3845	0.009210814	0.174571800325833
3846	0.18358333	0.376140884416667
3847	19.346302	20.5712221203125
3848	4.702399	4.71436513325926
3849	0.024102708	0.216368450022
3850	0.67017144	0.590639678009524
3851	68.219246	69.0571221411111
3852	0.007418385	0.256220879315652
3853	0.029831387	0.137681053142451
3854	29.37065	31.2901029114286
3855	0.076241985	0.10708553156886
3856	15.923823	17.4475757365591
3857	73.85748	72.3496599740741
3858	31.251055	29.5263693439394
3859	34.793186	29.7989910856589
3860	0.17120655	0.178395835568627
3861	0.28477257	0.314731266297674
3862	1.4218479	1.41518074973643
3863	49.11726	48.4805005824324
3864	11.081052	9.92511826931973
3865	0.5034291	0.214122996181373
3866	0.03368711	0.160779978573597
3867	0.006967606	0.0604285268223913
3868	0.0034977517	0.0252106436563235
3869	0.52967733	0.213250662570455
3870	0.37054974	0.90572463125
3871	0.0070131845	0.0857021580389259
3872	0.0768406	0.16640807454009
3873	55.619724	56.9064566795238
3874	69.9242	71.269952737963
3875	3.125501	2.84061542624583
3876	62.05103	66.9183434241935
3877	0.6891706	0.091836913689693
3878	0.011355693	0.0423835158834074
3879	0.32192647	0.221400089694444
3880	35.86939	34.8822481921875
3881	58.80995	59.5176668490741
3882	0.24558532	0.167804604546212
3883	0.068889186	0.531068535875194
3884	0.0069913706	0.103228340977597
3885	87.23925	89.1306306632353
3886	0.014931817	0.0416203318156757
3887	0.0077991155	0.0333062232333838
3888	48.445995	44.9872156181372
3889	0.014061191	0.133325892306711
3890	33.124947	34.4290429451613
3891	102.69526	98.9706016246377
3892	105.01104	98.3814015564103
3893	0.088699505	0.18256838630375
3894	6.2080016	6.62011608935897
3895	0.10739274	0.246964053332381
3896	65.369095	63.8496096274775
3897	17.728722	19.6185137141026
3898	65.58001	61.18047000375
3899	0.32867497	0.235250734611111
3900	0.0056774057	0.582663512512712
3901	0.1799822	0.150000740156522
3902	0.84358674	0.358387570409524
3903	13.3968115	13.7685245378049
3904	0.109959185	0.280255019978682
3905	91.14399	90.2384302065657
3906	52.501232	50.406949749537
3907	0.17563647	0.199855756411167
3908	0.07487667	0.148926043262347
3909	0.99705696	0.585996531698148
3910	7.5239677	7.65375316329268
3911	0.24155958	0.442928889599167
3912	0.21326885	0.246435641259649
3913	0.31008455	0.18337202035037
3914	0.46116236	0.648431952111111
3915	0.04638294	0.0901408845564583
3916	0.19322424	0.217171013389247
3917	7.922657	7.5958580675
3918	0.27293226	0.266016980852713
3919	0.027048582	0.228518768831313
3920	0.5211639	0.288485381788725
3921	10.156232	10.8469025382184
3922	5.4777617	6.12072420465686
3923	0.030163161	0.209092462872342
3924	2.7788625	2.20578358286232
3925	4.171114	3.51551544744681
3926	0.011279449	0.0475508317255093
3927	0.26870942	0.503658330242647
3928	4.952748	6.04198729156566
3929	0.026279606	0.0961875613532051
3930	8.88547	8.01600326611111
3931	0.033025425	0.0330591079679825
3932	0.49911353	0.111521454777677
3933	0.21695548	0.544435477183333
3934	0.44670218	0.170918580736828
3935	0.10463883	0.826351978094203
3936	0.2291812	0.209458053919444
3937	30.029251	31.8355800574074
3938	0.02411765	0.167763864450278
3939	0.2884517	0.250356384904054
3940	23.104174	22.0726164576923
3941	0.016427582	0.220921274838172
3942	0.020952092	0.162894709834596
3943	15.628119	17.6232804522989
3944	0.0128185125	0.0556167401086508
3945	0.511888	0.240419313657197
3946	0.97372085	0.746544960527778
3947	27.411873	28.7174317186275
3948	0.016359856	0.118177326320707
3949	0.025472865	0.278806870711042
3950	0.26556343	0.252284851527778
3951	28.808563	30.7663973743243
3952	83.66709	85.3384323108844
3953	2.6377325	2.95055660829457
3954	0.6815953	0.665520272355856
3955	20.103	16.4283148462963
3956	1.9512975	1.63374732704762
3957	0.09612305	0.225361066691216
3958	0.19906272	0.319931631229348
3959	0.2836647	0.325554584842157
3960	0.03776883	0.0678461751495122
3961	0.0076722414	0.0546987566354701
3962	11.181174	9.09809003269608
3963	0.10863198	0.219158845987597
3964	7.7629724	8.77487277119658
3965	41.543835	44.3036198004505
3966	0.039599337	0.222960455864103
3967	94.52866	87.4000022527027
3968	0.44980913	0.326403955966667
3969	7.4795465	8.15323029427928
3970	66.41872	68.3716719203704
3971	0.23196797	0.201178232141892
3972	1.6773224	0.958579691127273
3973	0.16463809	0.305465904200813
3974	5.6322584	5.96565530996124
3975	0.18429376	0.4412204766875
3976	14.3137	15.822237845
3977	0.15369321	0.281755044573656
3978	8.464583	9.75793510666667
3979	0.36587292	0.312777813490476
3980	96.68117	94.85389156
3981	0.013310863	0.0373465026175521
3982	2.4458275	1.76125839844086
3983	9.47985	11.2737204488258
3984	4.988153	5.46803105958333
3985	41.210068	41.268547818018
3986	58.41589	53.9885683053922
3987	0.29619527	0.326501697861403
3988	53.526382	53.5545697614286
3989	63.56952	59.7459639912281
3990	0.088433504	0.0616040504105417
3991	1.1160818	0.772129746855856
3992	0.42336217	0.729238090033333
3993	48.18293	49.4726597478633
3994	0.38215747	0.444913886025253
3995	38.05549	40.3229847906667
3996	0.15213537	0.183286227803704
3997	0.023836877	0.139647001937549
3998	0.7581585	0.531655656013889
3999	1.0846142	0.314548319605417
4000	2.1470268	1.96429592620614
4001	44.263706	41.86727148
4002	0.18687281	0.183573482021505
4003	0.00896455	0.127362540698604
4004	23.41735	23.1393995952381
4005	0.21536982	0.237176216183333
4006	0.36354625	0.216359490085648
4007	0.22043577	0.137091943236364
4008	44.487267	48.2223168034188
4009	0.084886335	0.0262682721480769
4010	0.27047482	0.124820247595667
4011	0.3095113	0.195483306890196
4012	0.087350786	0.211505050094309
4013	0.3577864	0.203963820339583
4014	0.35769442	0.533744005319697
4015	0.3519595	0.451797221139837
4016	0.009259703	0.268136016500167
4017	25.380415	26.2965815484375
4018	0.09287409	0.17520468717193
4019	0.2936158	0.127482464322462
4020	3.488976	2.67205373217593
4021	56.78909	51.5932386115385
4022	120.13252	116.324085462593
4023	1.8392785	1.85468879880952
4024	114.09548	114.523638174797
4025	10.488137	9.11343802702703
4026	0.058499742	0.0543659616302632
4027	0.022734525	0.0513800183003226
4028	0.02448851	0.171057579171739
4029	23.233686	22.4134401451613
4030	77.156395	79.2528315385714
4031	3.210298	3.3034896615
4032	3.819903	3.48014494242424
4033	0.47342727	0.518726350348889
4034	0.46644327	0.307803377844872
4035	0.22985265	0.293339327835185
4036	1.9706421	2.13963919953488
4037	0.01694083	0.109878824175098
4038	0.008967878	0.0598252265707143
4039	0.006936193	0.180120225597429
4040	37.403526	38.549405697619
4041	0.025968952	0.186775100398437
4042	0.06861258	0.209841606553889
4043	84.11271	81.4569063736559
4044	0.11448133	0.23238601399381
4045	28.679724	29.0453988307292
4046	0.0242194	0.275282194126768
4047	24.284054	24.1429322790598
4048	54.196465	56.6609857478633
4049	15.303115	14.8043254427632
4050	0.31456935	0.253318516607143
4051	0.3435381	0.363309493316296
4052	25.920639	26.7200995875969
4053	44.677025	46.6710113616667
4054	0.48101792	0.263774557363248
4055	95.45055	98.0449795626667
4056	0.93954885	0.786474756565657
4057	0.3303339	0.251382235499187
4058	48.739067	48.3973178609649
4059	61.5778	61.3148398239583
4060	144.85379	136.65516945098
4061	10.59328	10.6217650464286
4062	0.09630254	0.105132767881481
4063	6.211609	7.17532848004167
4064	51.802357	55.5950805162699
4065	0.092884935	0.182539780584109
4066	0.5329238	0.727843212337719
4067	63.410713	66.4771345458333
4068	3.088873	3.25744925677778
4069	64.823296	64.4919552516667
4070	0.083286874	0.0353752893382927
4071	2.060503	1.08183481334056
4072	0.4137831	0.270435863017157
4073	82.21526	79.3869282072072
4074	3.9432817	3.12413245057018
4075	59.965687	64.2837766209302
4076	33.052616	32.3859089108696
4077	56.823174	53.7976489452899
4078	1.2812883	1.51014447344445
4079	84.975975	87.8944479348485
4080	0.2165302	0.220699836823039
4081	94.365776	94.74664936875
4082	0.039010078	0.172321865332381
4083	36.64196	34.5366516508772
4084	0.07153279	0.434268900236842
4085	90.90857	93.0392880392361
4086	35.843395	38.5905446296296
4087	0.2478435	0.236513421677083
4088	1.9966464	2.02757976901163
4089	0.037823185	0.0993319772763158
4090	0.26856774	0.192983799342778
4091	0.08584078	0.33466221321509
4092	0.16135643	0.214979892992063
4093	49.26127	49.1414316418699
4094	0.012887126	0.0696114431382796
4095	144.75555	142.322245214286
4096	0.765836	0.453483997378509
4097	0.0069441856	0.172399670190219
4098	0.5513147	0.406855856998177
4099	55.026726	51.1800797724138
4100	1.4240941	1.28256098996569
4101	86.64464	84.3543392712121
4102	0.019925298	0.0527711874461765
4103	0.27061075	0.234929895263288
4104	1.8133596	2.16678138815789
4105	0.039492536	0.132742207148366
4106	0.5158425	0.13978689076475
4107	2.1577315	1.9394091892735
4108	0.3551618	0.301406182042424
4109	27.14426	27.8727920646465
4110	0.05843692	0.214055397835043
4111	1.0560404	0.841700390720721
4112	0.004791373	0.0243706640101613
4113	0.0579137	0.113038178839912
4114	0.13144426	0.1522434844
4115	0.50160015	0.402403949921875
4116	0.37206265	0.561922163786325
4117	20.221037	16.1573835984127
4118	0.32770914	0.363068718691919
4119	15.360334	16.663428214881
4120	0.17858557	0.169233303579279
4121	0.122242786	0.34039592896748
4122	0.0761866	0.307643965354167
4123	3.7567194	4.15764251686047
4124	0.40109026	0.828457982553191
4125	0.21001008	0.139716171418194
4126	36.743362	34.4207514953125
4127	30.850061	31.0772030548387
4128	0.20267601	0.187658401220741
4129	42.213894	40.7913062130631
4130	0.1893424	0.224003364376667
4131	10.488305	10.5276516901136
4132	33.14466	31.5782186439024
4133	45.84445	44.5658841114942
4134	0.71088773	0.697566771745833
4135	0.4804548	0.446704979306306
4136	0.470978	0.558543001879279
4137	0.32257158	0.529338615978125
4138	40.973717	41.6553081240741
4139	0.2255392	0.223244420918919
4140	0.02740627	0.0841509913916667
4141	0.23391639	0.212529614176512
4142	2.0563757	3.24053064213008
4143	0.14582849	0.13511489213027
4144	0.023136958	0.109808425434167
4145	0.1344005	0.330009444171171
4146	80.05739	81.1938086461539
4147	12.439287	13.4400031885714
4148	0.654856	0.7080674719375
4149	0.4778903	0.52027339103125
4150	1.2543274	1.48784731592593
4151	0.50919694	0.413842780851923
4152	2.3154583	1.60980039930108
4153	0.62761825	1.21197656983333
4154	0.09101685	0.165472750337917
4155	27.269598	28.1422822325581
4156	0.3569474	0.237842131576191
4157	0.128211	0.166903640977778
4158	1.1741018	1.33587578076667
4159	3.7518742	5.090860781625
4160	0.10233932	0.314395500599099
4161	1.6154063	0.976995163459596
4162	0.014141788	0.095984374462875
4163	34.80361	39.0906380245614
4164	6.9340887	6.97819086622807
4165	60.505196	62.1878843097222
4166	1.8678257	1.01655022106171
4167	5.0776043	5.63683250942029
4168	0.022265336	0.0600159925261966
4169	0.010796034	0.04150012706
4170	0.26882496	0.408842146436937
4171	12.983988	13.206424674359
4172	5.0171022	3.98998682699074
4173	75.028824	74.4460330910569
4174	0.02919372	0.139502623859722
4175	27.12396	26.3871319395833
4176	0.76917726	0.185958253697304
4177	0.6214922	0.785820106256098
4178	0.07947668	0.213024073413524
4179	1.5229663	1.57918375604444
4180	8.663182	6.93177817530864
4181	70.74104	71.8290400708333
4182	1.0709002	0.604319289119919
4183	0.19719844	0.19897600974359
4184	0.105613604	0.0693077664522222
4185	35.210377	37.7437293291667
4186	0.1189969	0.0960566684064815
4187	0.013036083	0.020679555627957
4188	0.09339491	2.73026087664524
4189	2.0317264	2.49707830855267
4190	72.00327	71.2523795242857
4191	44.295303	39.6759758337838
4192	28.94666	26.8257993714912
4193	97.6511	93.8375056068376
4194	38.09664	43.2752267685185
4195	0.9472395	1.68924427527928
4196	0.19266044	0.384625134423245
4197	0.5185915	0.357153486779167
4198	0.91580397	0.679631981216667
4199	76.04534	68.8511656503876
4200	0.91047156	1.49735547578958
4201	59.479183	58.048401087037
4202	32.7649	33.4863372810811
4203	5.4733033	4.47344108238095
4204	0.71705157	0.698938379608081
4205	42.210552	39.9236641824324
4206	0.2947973	0.424082744381035
4207	143.5085	144.892326580952
4208	33.630154	32.4436399366667
4209	1.7683349	1.46299327676762
4210	2.8190372	1.97328178666489
4211	63.92953	60.4608370127451
4212	0.2139186	0.284413735862745
4213	0.08956525	0.189286806519893
4214	0.0069524734	0.0667786737295833
4215	0.076887585	0.128464192913333
4216	0.07693125	0.387287980560101
4217	0.15893768	0.186654303147685
4218	27.873411	24.5050997309524
4219	0.059014484	0.202673490888889
4220	0.05630944	0.151272507112162
4221	0.044991672	0.239197215838571
4222	0.41894054	0.350508894705285
4223	0.26198602	0.210083026565942
4224	0.28444284	0.328958678421212
4225	0.024058888	0.184203336244762
4226	0.0675069	0.253626695203623
4227	0.31374773	0.213230259070175
4228	41.496353	45.537510217094
4229	27.007265	26.406146747549
4230	0.0075710313	0.15798349681779
4231	8.55757	10.5954043510294
4232	0.38000175	0.661746169040476
4233	0.19520244	0.171001641922937
4234	99.79058	96.1841822995935
4235	0.07237657	0.28677950922579
4236	0.053070083	0.0893101402102083
4237	6.185299	6.26531011191667
4238	0.4300847	0.229308821481579
4239	32.899082	33.8358025569892
4240	90.16365	84.221519027027
4241	1.3409132	1.38383649478495
4242	20.034298	21.3841879623932
4243	39.480434	42.2191872691057
4244	12.427462	10.6960055666667
4245	0.012914607	0.0920811087980128
4246	0.3276945	0.386884730836585
4247	5.876262	3.86632110451754
4248	22.674536	22.4297939630631
4249	0.08730875	0.121710674643419
4250	0.7040485	0.353638429725595
4251	0.08907205	0.178647146290071
4252	0.009166293	0.185040382356746
4253	50.678673	46.75405096875
4254	0.6466054	0.747067062375
4255	0.06432939	0.231906298197917
4256	1.499902	0.493814560589444
4257	83.84936	82.9819546509804
4258	0.25820863	0.145970300366667
4259	95.23069	92.1991401321429
4260	0.32451293	0.271310551066092
4261	0.091600336	0.160329163098586
4262	0.60113996	0.590164792438597
4263	0.98034626	0.605573044866838
4264	0.3755035	0.644296650687255
4265	3.2921736	3.25394862938597
4266	0.36519045	0.210522581552632
4267	25.550104	28.9864657398374
4268	116.545395	117.519651197826
4269	4.11595	3.53570434015714
4270	0.059343856	0.133004871775
4271	28.702837	29.2915683792793
4272	0.037464075	0.0978075065032323
4273	0.33741888	0.187849751546078
4274	0.06557303	0.219518665795455
4275	6.1078515	6.71660482148148
4276	1.5453097	0.900333080093704
4277	0.06810791	0.0961426001777778
4278	0.0931969	0.219342317705238
4279	0.057234406	0.0413282749863426
4280	4.491199	5.43924847539216
4281	21.893742	21.3746299851852
4282	0.28341922	0.246527512852273
4283	2.877779	3.21434044484848
4284	0.024237636	0.0309601352784849
4285	79.241394	77.5573158574713
4286	0.5498173	0.265536430210606
4287	71.14236	67.2591801252526
4288	0.004941011	0.172942173878431
4289	86.853714	88.4000929621621
4290	1.1053473	0.742325938990476
4291	0.22855665	0.472087330276344
4292	0.012775841	0.389640315052252
4293	0.33447555	0.287517633167105
4294	0.015189683	0.27697472172037
4295	0.18756124	0.182351074708333
4296	6.8544946	6.80049987786458
4297	0.09693886	0.318137057838333
4298	0.55062807	0.705651752016204
4299	0.103476815	0.18445481299058
4300	0.31487426	0.4210358859875
4301	0.018035024	0.079131573943287
4302	0.031007359	0.113008781331061
4303	2.6828337	1.4804053915641
4304	0.07235081	0.331345781715079
4305	20.240892	22.25408371125
4306	0.20018402	0.241203964785714
4307	11.914388	13.2769737128788
4308	14.965514	15.2207205254167
4309	0.33716288	0.358165882867521
4310	0.1059008	0.540983583758586
4311	0.027157683	0.168793497050855
4312	0.23854071	0.584027152214445
4313	3.341703	2.52784419452991
4314	0.08640383	0.0761129840427027
4315	0.20464043	0.369580668737634
4316	114.09997	116.447015683333
4317	43.793144	44.038273822973
4318	0.116410434	0.206654261825417
4319	0.018327966	0.0220049115064583
4320	17.931595	19.2563224064516
4321	9.7784395	8.95627782370371
4322	4.1365247	4.13441559191358
4323	1.5321702	1.61561190081532
4324	26.683443	30.3861063798246
4325	0.14983325	0.132084906033333
4326	92.281425	95.8135306474074
4327	0.01528115	0.0936935968066667
4328	26.133627	26.9139319955285
4329	6.1294484	6.29065703767677
4330	0.28568384	0.608338185
4331	0.051081058	0.186858086629924
4332	49.316364	49.1155566704861
4333	0.19455513	0.189930904440833
4334	0.097080044	0.268985543580556
4335	0.4075019	0.264842604157292
4336	0.13857637	0.189913745148421
4337	5.857881	6.129342617
4338	0.85242444	0.76904020313
4339	0.49982905	0.4288550207375
4340	0.33941737	0.328206030289394
4341	110.44295	104.362685373684
4342	0.45913735	0.360442940405556
4343	0.06812095	0.124989631402255
4344	5.512425	4.77659074670732
4345	30.200956	27.3276689426829
4346	90.02172	93.2604425265766
4347	49.813736	49.1474458829268
4348	47.363365	45.6057678596154
4349	8.148585	8.46675979752136
4350	0.051465515	0.335189330487778
4351	0.1704857	0.190034370438542
4352	61.43936	68.4067440091398
4353	0.06281537	0.099380757995202
4354	0.4934587	0.179919175074621
4355	71.75431	75.0493493631579
4356	0.022017702	0.195619234282292
4357	12.280058	12.2277727619048
4358	0.27469486	0.202109484555882
4359	0.18486056	0.0851372430836274
4360	0.8797639	0.548121654096875
4361	41.412056	39.2365394708333
4362	0.42237878	0.412745296097531
4363	0.4429539	0.359442929214706
4364	34.183933	34.2025258180952
4365	0.3198438	0.257163549641379
4366	0.24560423	0.185379014969697
4367	85.59448	83.5871115609196
4368	0.5781479	0.857410518149225
4369	53.329136	49.8902907019048
4370	0.011330897	0.0914352142825269
4371	0.87999076	0.286963570639316
4372	0.89939374	0.705044282609196
4373	35.137108	37.6214799239316
4374	44.66544	45.2036189763889
4375	1.4635359	0.294826222345045
4376	11.2375965	11.3924870097222
4377	0.47099474	1.00426541898108
4378	25.118322	21.2413378735294
4379	14.274797	12.0745836353333
4380	52.51694	52.4238672442857
4381	41.768116	45.6208739162037
4382	0.47936565	0.499178371802083
4383	0.15941748	0.285969361255856
4384	102.56412	103.005941897143
4385	0.20187011	0.240899370739837
4386	61.061398	61.6099896257576
4387	40.013485	40.5420554465517
4388	3.7885263	3.07812917220085
4389	32.442238	37.8501591837838
4390	1.7428178	1.80528023671591
4391	0.19541225	0.181143129969658
4392	1.6403584	1.38010664374815
4393	28.443445	27.5236991945946
4394	46.91912	43.4769786552083
4395	39.114376	39.0219248509524
4396	0.17746161	0.221649204978231
4397	0.28668317	0.306315726741538
4398	1.6584806	1.09886943927072
4399	4.9683185	5.66148030565657
4400	22.90028	21.3936863903509
4401	0.13180901	0.140044027915306
4402	1.4982255	1.80638105271759
4403	0.15973961	0.482123225471032
4404	0.10397984	0.27125540491875
4405	1.559636	0.945948091145299
4406	80.94257	80.9101050857143
4407	0.4261496	0.242346825007143
4408	83.39718	82.1233285217055
4409	100.51901	96.0584143205556
4410	10.376539	9.86606866272222
4411	12.631234	13.8208171340909
4412	5.1539416	6.48846471867647
4413	103.99182	109.27112899009
4414	43.737564	43.5704034161905
4415	0.3465493	0.114725585802451
4416	0.25650394	0.207384496136937
4417	0.07761306	0.0495452396254264
4418	55.916355	49.8199571804762
4419	36.47403	37.4522938106482
4420	3.2569237	3.07119661776042
4421	0.16756198	0.215198771538889
4422	34.180824	30.7489960465686
4423	7.85507	7.72289269813008
4424	0.31127653	0.166549662536364
4425	0.3042645	0.272375581813492
4426	0.506104	0.229859614287097
4427	81.02746	75.7707467281482
4428	56.3359	59.0830047132353
4429	1.8945984	1.64884710028889
4430	55.150078	56.4179569546875
4431	0.018633328	0.0988263452255555
4432	0.009747658	0.0189298212668518
4433	36.603962	36.0560854083333
4434	0.25806674	0.297212493470417
4435	0.37853444	0.228069970175463
4436	1.1676729	1.2913637880049
4437	10.098919	9.8024995851282
4438	0.37264916	0.522696475540425
4439	0.71405196	0.864856511725926
4440	30.856808	33.0606757157408
4441	0.048257332	0.0736758870613178
4442	2.7995179	2.77172259504386
4443	0.2125266	0.176832170585926
4444	0.008327189	0.0586527242055682
4445	62.86455	63.3768373133333
4446	76.93244	78.878675389394
4447	31.57474	29.6724782611111
4448	38.5276	37.723816972549
4449	0.28508115	0.199829738202439
4450	22.383873	21.9369099786458
4451	0.08267645	1.29075890036
4452	81.658134	84.3047258717172
4453	15.554836	12.9267857164352
4454	0.011265505	0.0762593562685043
4455	4.1446247	4.01993728029762
4456	0.03293701	0.146065715283148
4457	0.0074136844	0.0207743386857619
4458	49.049255	52.1251520252381
4459	0.4135121	0.418099560269768
4460	0.056882907	0.496440234307639
4461	79.58175	76.6496286775194
4462	0.6871992	0.419739569002315
4463	1.1304404	0.910827662227642
4464	0.1403935	0.0733515393019608
4465	88.88963	89.8406764447368
4466	0.7434997	0.493163863542708
4467	80.07621	79.8073706629167
4468	0.036957268	0.151328776800691
4469	0.14780936	0.270372493756579
4470	7.3117766	8.14034796127778
4471	0.15497756	0.389855909323871
4472	0.26918274	0.888096058856481
4473	0.0043584453	0.0256566879975595
4474	0.016019784	0.0716798999387037
4475	2.741276	2.01993875141569
4476	0.20009522	0.164135668492381
4477	14.358368	16.4414166691441
4478	0.2448236	0.200786057018627
4479	0.28036442	0.219771381291398
4480	2.4887264	3.05571994911765
4481	14.958493	13.3267946216667
4482	16.085747	16.5876579388889
4483	0.29199496	0.301744434864865
4484	0.046212014	0.288731484943694
4485	115.29831	108.78963787957
4486	0.14574121	0.120136007102315
4487	0.17410874	0.251739905548387
4488	0.4534819	0.239028380388506
4489	0.009209847	0.199853584037429
4490	0.6249235	0.313197715608148
4491	0.7163645	0.456717192051778
4492	99.27585	103.691025358333
4493	76.162445	75.5141225442857
4494	0.51104724	0.354913881310476
4495	0.015083262	0.0548911323445122
4496	76.24811	74.0209124397059
4497	0.739246	0.354776239604701
4498	57.33034	60.6991827641414
4499	0.21068428	0.140777203624167
4500	76.86039	71.4013588014286
4501	0.24744713	0.183193763518593
4502	0.30385503	0.146547524763178
4503	0.029412923	0.0453870545461261
4504	6.5717196	6.62831876716049
4505	1.2345891	1.46040683035
4506	0.005296685	0.0766234131271053
4507	0.9419277	0.849104192291667
4508	0.0048467135	0.113412787055385
4509	74.60827	78.6624599851852
4510	0.114490815	0.699912820343411
4511	0.35097244	0.335446045085859
4512	0.19797273	0.251327827240404
4513	0.6146905	0.733326662780702
4514	2.9355896	2.71886495722222
4515	0.43346244	0.302832502208333
4516	2.0712764	0.823707612323424
4517	0.12275039	0.262089927291892
4518	0.3360845	0.156200304017154
4519	13.916979	14.4398741203947
4520	0.37683815	0.206836756402857
4521	42.439583	43.1421473133333
4522	1.1226727	1.38393051963095
4523	58.2307	59.3063115154472
4524	0.6027214	0.536779354412879
4525	0.03536722	0.386086292111191
4526	0.36500353	0.230781788962963
4527	0.022667704	0.303120786590991
4528	1.1252918	0.52352655405
4529	43.749863	44.2534922642857
4530	15.79241	15.2865308857143
4531	0.1265435	0.401251261772222
4532	65.10413	66.8390992288618
4533	0.26897502	0.145610794501961
4534	16.0012	14.0367689397287
4535	0.0077604502	0.103617247134417
4536	0.16629617	0.386062533217157
4537	0.0037316699	0.0327796339115079
4538	4.6862454	5.12481895083333
4539	64.93946	70.82850411375
4540	0.025421625	0.0442299815124762
4541	0.1311085	0.28627150006901
4542	0.43863654	0.314636768870635
4543	2.9952636	3.21555171407895
4544	36.954815	37.8102981495727
4545	0.19313796	0.200576581058046
4546	1.2175151	0.581425017192222
4547	0.41749322	0.144349778789596
4548	94.01067	101.811118368889
4549	0.6291999	0.206832283938739
4550	46.97686	49.7986000958333
4551	0.01640877	0.100520738087748
4552	0.24662323	0.257315458903704
4553	0.183104	0.244056500492593
4554	0.06928547	0.0907903015514634
4555	0.7015619	0.346906099671138
4556	6.007791	5.98518714185185
4557	26.355494	26.543065901626
4558	0.1490311	0.199443104801176
4559	6.99976	7.96909611882114
4560	0.19564758	0.338522979933333
4561	0.27664912	0.3193223835
4562	0.08277728	0.114036818894445
4563	64.61964	66.2855615731707
4564	78.24012	79.6537604644144
4565	0.870631	0.907791166671717
4566	12.87726	13.3871304286458
4567	0.14862883	0.16101869985946
4568	101.941154	103.25251034213
4569	0.21957688	0.187144266181667
4570	51.775257	52.0401976148148
4571	16.152664	14.8438076916667
4572	0.17754795	0.224597126917619
4573	0.24575776	0.278364824310077
4574	0.030412026	0.161783618672255
4575	0.530142	0.731639406276191
4576	59.640778	58.3692060842857
4577	2.0167415	1.92883124763889
4578	0.09247056	0.251818053738426
4579	1.2957246	1.21978483333333
4580	7.0721188	8.93552702398551
4581	0.02395193	0.0413785584835317
4582	45.299713	42.2047836138889
4583	0.9614303	0.341126345665278
4584	0.019905148	0.139721957600292
4585	1.2365466	1.16218181273162
4586	62.826206	63.9926284752252
4587	0.44583333	0.171728185666667
4588	0.016174214	0.260015186469444
4589	126.719185	132.023024867949
4590	2.3032303	1.43905954071264
4591	22.302494	21.1672592098039
4592	0.066485405	0.187034434016228
4593	0.5321892	0.311616410467567
4594	0.13484459	0.283206365996491
4595	0.42655697	0.408185710914286
4596	0.6994449	0.255115420225397
4597	6.387616	6.14120276710526
4598	59.13121	58.5308402888889
4599	1.2619759	0.976776459261905
4600	0.20276861	0.446579014575676
4601	0.11718361	0.107156826805039
4602	58.278976	54.8738644311111
4603	0.027040584	0.0892872333128889
4604	11.194709	11.4426658480417
4605	0.39333314	0.273891425584762
4606	0.2590347	0.40235447388718
4607	14.048824	13.6849071847222
4608	48.585438	46.6486718286325
4609	0.32839033	0.199550466474561
4610	76.64639	70.4919658777778
4611	1.1304356	0.974089269575
4612	1.1915829	1.87771091173684
4613	24.053518	23.7935364855073
4614	31.702518	34.6915201803333
4615	36.75635	38.1937651745833
4616	10.271842	10.4102021037121
4617	42.631584	44.581815427957
4618	0.1276539	0.18450026320463
4619	77.39324	81.0464786070834
4620	97.72221	99.7597964038095
4621	1.4710387	1.56287427411616
4622	0.01338579	0.0640021873039286
4623	50.19145	49.5418696559829
4624	0.109968	0.26295609402381
4625	125.614296	115.999549171429
4626	0.5972326	0.142886846902976
4627	93.71281	91.9422802559829
4628	8.516751	10.4415131738739
4629	0.01005943	0.170446277104804
4630	0.11801281	0.165252555761765
4631	0.51615936	0.701722846520081
4632	22.952799	23.4781059760163
4633	46.376686	43.9130542626016
4634	129.82823	129.040604954264
4635	0.17352583	0.22165730444127
4636	109.03256	105.480867492708
4637	20.035854	21.914743530303
4638	66.56633	67.8379839537634
4639	0.58594006	0.0782422021025362
4640	1.0701944	0.705788676987778
4641	0.3226625	0.184317595411111
4642	29.897722	28.4821171864035
4643	80.11589	82.1606936903509
4644	56.029476	60.0945835351351
4645	0.46194455	0.753753216492593
4646	2.3048968	2.59937780890625
4647	4.250485	3.38846976370968
4648	17.942348	19.0699641916667
4649	0.13677335	0.228704027568333
4650	1.0798563	0.274433061457407
4651	0.10449482	0.267408902466667
4652	0.25429276	0.214223524295122
4653	0.08818478	0.338657284484615
4654	0.024062665	0.128429218870256
4655	21.246952	22.8094240854167
4656	0.009390284	0.0432862250011712
4657	0.051619258	0.159500967867742
4658	53.85394	55.9148396422222
4659	33.221897	32.8381821969697
4660	0.2528237	0.203754649128148
4661	0.006097429	0.110541392556989
4662	37.92382	40.8703235277778
4663	70.00534	73.8613963944445
4664	1.1874752	0.968605860083333
4665	96.84429	94.0585410550725
4666	0.07653802	0.122102017576667
4667	34.839252	34.9994999606061
4668	33.794346	34.481155101938
4669	0.086456954	0.13372957096092
4670	2.4278178	2.43765307848485
4671	23.963383	23.5538780186047
4672	0.69833344	0.692276751924419
4673	0.07124621	0.0749822892792929
4674	0.010127805	0.111647994869271
4675	0.17344722	0.250661810971545
4676	0.020233344	0.0599127007218217
4677	0.2342975	0.178388349915
4678	3.7156947	2.606152771475
4679	0.01106079	0.29539755889188
4680	5.7093353	5.40594101282407
4681	0.6701939	0.341924127136525
4682	0.22029619	0.131731102370721
4683	31.402626	34.1369977106482
4684	91.9507	84.4678462536458
4685	2.9033957	2.13135127148726
4686	31.802465	27.1083632637681
4687	7.8774786	9.32392771015625
4688	0.019983783	0.0766970279959259
4689	120.5856	116.860922129167
4690	5.8394113	6.616139588375
4691	1.8363049	1.5893665614187
4692	114.70935	113.102417453704
4693	16.25353	16.5171979617647
4694	0.22848259	0.314405709595
4695	13.60598	13.7961589274775
4696	27.558504	25.2186455339081
4697	0.010281297	0.0921323670305556
4698	0.0580026	0.112738033757731
4699	0.2758042	0.339694920661789
4700	0.7687592	0.660818744335
4701	48.794075	43.4791065957265
4702	0.47892022	0.741881543052032
4703	3.7363014	3.71861204768817
4704	0.08460483	0.181175947598765
4705	63.19151	67.37750931875
4706	3.252088	3.13908755703252
4707	7.499545	6.91889325568966
4708	58.6966	56.5039080671569
4709	61.389534	59.0709182472973
4710	21.428207	23.7059602774194
4711	0.6012197	0.690946780802631
4712	0.486055	0.284441668728985
4713	0.1434586	0.439227925248148
4714	0.1530589	0.188913736145714
4715	0.65177476	0.17599609789037
4716	27.933086	29.4615545742857
4717	0.57849455	0.356614357213333
4718	0.20473559	0.248734422926882
4719	29.054722	27.5201121717593
4720	0.8986488	0.904044265233874
4721	22.61475	23.0427105548387
4722	0.5440427	0.281887034366667
4723	0.43511176	0.435116556158333
4724	20.119501	20.5152632289216
4725	111.362724	113.142189174561
4726	34.309948	35.7622360986487
4727	0.5195767	0.549198937973684
4728	0.111435056	0.359030872197222
4729	0.14626515	0.382091775846667
4730	0.30288967	0.193425328324324
4731	14.55423	14.3108330088889
4732	19.900856	18.2165483660256
4733	5.5472302	7.10533619641667
4734	0.01636694	0.152737914658824
4735	41.509525	41.0249980674797
4736	74.76177	81.5124972814286
4737	111.55321	108.139879433333
4738	0.18069118	0.137833769805
4739	64.347984	63.6674103958333
4740	43.617382	45.1578867245371
4741	0.41673288	0.28737886019697
4742	0.12360186	0.258851786739912
4743	18.129948	21.3500958852381
4744	12.621589	13.1039752884804
4745	0.07980181	0.283661879037429
4746	0.10927278	0.195518564819524
4747	0.36558607	0.526372053557895
4748	33.866966	32.6293873034091
4749	3.3539186	3.62887406837398
4750	39.727234	40.9192064184783
4751	0.027243806	0.356005328039907
4752	0.011725977	0.0837172264788426
4753	0.031489152	0.114055795941667
4754	29.613297	31.6351466561403
4755	18.459795	17.2547785643519
4756	74.61276	69.6599165666667
4757	0.11059451	0.21224592062963
4758	18.454857	19.8703756121951
4759	0.27999485	0.662400731747009
4760	0.7186852	0.311207765126667
4761	12.590377	11.9589548645833
4762	42.57396	40.989348228125
4763	77.94015	73.8503143199187
4764	3.3995705	3.38817823260417
4765	22.920515	24.87074483125
4766	53.393696	53.08129546
4767	0.49610585	0.334733666132716
4768	60.56501	55.5819681128205
4769	0.021032108	0.11649397707735
4770	5.207676	6.66540084254167
4771	0.7036517	0.3564450240575
4772	0.06126697	0.435939877656815
4773	4.105769	3.22205860981482
4774	0.13562693	0.0586616629016162
4775	1.5038135	1.77371053527928
4776	0.06053787	0.134254702003699
4777	2.0169137	1.35960109648148
4778	61.816944	64.8450828329167
4779	93.733635	103.30011147402
4780	14.002548	16.1550685797297
4781	0.009346215	0.0326588685517708
4782	26.75674	24.3923989186992
4783	0.29953888	0.248840085552632
4784	0.17915128	0.174799885599596
4785	35.367176	39.843362807353
4786	103.14752	98.2852581078703
4787	78.47583	81.3119416671053
4788	0.021021206	0.18637137707724
4789	0.020716306	0.0322006186023148
4790	1.4049764	0.344594637295
4791	39.982506	34.0077363611111
4792	0.01194194	0.191910803448148
4793	0.036438737	0.0299508541743841
4794	6.9793763	6.84844734973333
4795	0.18371794	0.23436241026007
4796	68.48624	64.837305202381
4797	0.06449775	0.0937440138791667
4798	0.02971407	0.165662762916667
4799	98.99817	96.7661358916667
4800	0.035772953	0.0609061722924731
4801	0.49874985	1.02475016530952
4802	0.2610428	0.39302663025
4803	0.0903057	0.105076531318485
4804	0.35562542	0.444193101708083
4805	0.29726222	0.247025662004762
4806	78.7586	75.1368270676471
4807	0.4857749	0.177789721526542
4808	3.082864	3.57206407791667
4809	0.16382316	0.540097882784286
4810	0.33238056	0.132433535950775
4811	78.246414	79.1476631593137
4812	0.13963994	0.168409978223415
4813	0.42030317	0.652568473453704
4814	0.12907916	0.183462268100741
4815	7.977709	7.89772967745098
4816	82.49149	82.7009338307692
4817	86.03175	90.413810332381
4818	0.2782111	0.43429537957265
4819	0.06461796	0.225353236377519
4820	0.014096079	0.0487537832502439
4821	0.35582417	0.164836968068803
4822	0.009620924	0.19584620669213
4823	0.35417718	0.23010552708688
4824	0.06512894	0.120519888731629
4825	31.971354	33.4005787264368
4826	33.822247	34.7899668207483
4827	0.066160165	0.104215131471724
4828	0.023482155	0.0509470884604301
4829	0.2701071	0.412311964825185
4830	0.3523273	0.0994290341228333
4831	0.08630918	0.299278228794286
4832	0.05202009	0.192600583979167
4833	0.1340774	0.38652639742125
4834	39.307957	40.6619790715447
4835	66.60066	73.7179977170833
4836	4.35066	4.79058375820513
4837	0.063715965	0.0293439948548611
4838	0.23234537	0.119910859237381
4839	32.356777	36.8760147608974
4840	56.832233	52.3165737898374
4841	0.2350731	0.817537933715909
4842	0.60736084	0.465486129183333
4843	103.011	108.495021362393
4844	0.043091387	0.291596622376705
4845	0.1878316	0.34501452831875
4846	0.32000333	0.338175515745238
4847	0.5066262	0.786698803158333
4848	0.038621828	0.126616403571716
4849	6.8870444	5.53120262475
4850	19.06621	18.9506923626263
4851	0.0957539	0.128702604145455
4852	0.49720386	0.48515334950463
4853	37.823967	38.9417811094017
4854	95.651474	98.8794678619658
4855	0.06455659	0.179747458332281
4856	1.3864406	1.5957023322043
4857	0.019764092	0.0466081062541667
4858	23.957792	21.9217024566667
4859	0.061716612	0.0436586044791304
4860	2.892715	3.04734508911765
4861	51.017723	50.5017197008333
4862	0.0976643	0.239745951964583
4863	71.640045	72.7237790377778
4864	0.07941418	0.407901904802857
4865	0.03122234	0.128540839673698
4866	0.36524555	0.434555989126984
4867	0.7956452	0.498991699088889
4868	61.081726	61.0537415265432
4869	0.0704642	0.209521993232778
4870	0.2365745	0.230174011413248
4871	25.349825	23.4163280545455
4872	0.28424588	0.234745396754472
4873	65.27809	72.8448661459259
4874	0.046105497	0.0997021091375926
4875	0.3572798	0.12640014042735
4876	4.6639132	5.52075979983333
4877	110.41965	109.071477870476
4878	0.35950732	0.274592554784896
4879	82.969826	81.3844566431034
4880	1.9373877	0.580252185555556
4881	2.1530235	2.22799428182353
4882	0.09424432	0.171622989376667
4883	92.958405	95.9773466880208
4884	0.038203746	0.0995602395178431
4885	0.04540208	0.207156560125
4886	0.07563761	1.01554974525545
4887	47.330856	47.6423570820833
4888	0.9212586	0.610466353861333
4889	8.460791	9.63452983236434
4890	42.682106	42.7308201333333
4891	0.15431267	0.17119226269246
4892	72.6698	72.3099100952991
4893	34.419632	32.3834618240196
4894	11.613155	11.5569762595299
4895	9.259425	8.56430755513514
4896	15.2383585	12.208678088172
4897	0.020246537	0.153745642372093
4898	0.21516794	0.172683606803571
4899	31.81606	34.8208565395349
4900	31.121656	30.9127946944444
4901	25.309233	23.625914394086
4902	20.639523	22.005862025
4903	0.8921381	0.885023149696581
4904	0.6244622	0.209701217649037
4905	0.005078155	0.0299369234247549
4906	0.31007582	0.385889881066667
4907	91.24056	91.4562063490476
4908	1.7699418	1.89999693286325
4909	0.24493732	0.143266539710917
4910	3.2011285	3.13178304464912
4911	96.93665	92.610314527381
4912	0.45817065	0.453847023338235
4913	0.12686343	0.191186159028986
4914	0.069070145	0.227428787116239
4915	3.8218577	2.77310994620098
4916	10.429568	9.61906029064394
4917	4.753522	5.06563760188596
4918	0.5168415	0.754619770235043
4919	10.8572235	9.60146417209677
4920	0.47096023	0.137947320435937
4921	11.917913	10.6982301179825
4922	0.21246468	0.237333779014444
4923	12.487165	13.8921270150463
4924	0.3156387	0.199051958650447
4925	0.51090837	0.538266501947917
4926	18.418747	20.3049038538095
4927	1.016188	0.901274466991228
4928	0.488852	0.869279842342342
4929	1.21685	1.26707792380072
4930	0.23614413	0.275594909343798
4931	0.28804561	0.642703688320325
4932	66.534164	69.2519270427928
4933	46.941277	47.5981336358333
4934	0.13835588	0.231227309692063
4935	89.91504	90.1596092166667
4936	8.656801	10.6593950530303
4937	0.42059803	0.203850378789419
4938	0.4745958	0.356586266401961
4939	0.03548328	0.175416504874091
4940	0.0059106527	0.204746214602183
4941	0.61647767	0.434759332651163
4942	0.78985316	0.390605484096552
4943	0.27071297	0.0648951101355128
4944	1.6381024	2.46254476470833
4945	0.4299674	0.861655998346154
4946	51.310326	52.0569805029167
4947	0.06851672	0.111209700235171
4948	0.009128298	0.0521410783669608
4949	2.914112	2.81526304166667
4950	0.09091685	0.0454109424777193
4951	59.62405	59.2320368630631
4952	1.7741733	2.0501071615625
4953	79.45614	81.1908622833333
4954	23.704538	21.8999806009259
4955	36.75351	36.6344007644928
4956	27.923847	28.4573682457143
4957	66.772835	68.8742081553763
4958	0.98370874	0.523279849439394
4959	0.052996613	0.215360747423932
4960	24.295881	23.9244076328829
4961	0.23952067	0.615443401206349
4962	7.7312083	7.84101892290598
4963	24.813063	24.9073259896396
4964	0.005651545	0.0350338207581609
4965	44.572678	41.8516488224806
4966	40.20785	40.9371636414414
4967	0.58225226	0.716871788861789
4968	12.445853	13.8851918053922
4969	0.13673924	0.211295712470238
4970	0.007385004	0.113509066106524
4971	3.1490564	3.338144915
4972	109.07758	100.953206074762
4973	97.27719	95.3576604336805
4974	0.48172757	0.436722306674731
4975	32.820892	34.6775930047619
4976	0.08659977	0.0865946054055556
4977	24.04118	26.5128859076577
4978	0.33927584	0.237291792155039
4979	118.28607	121.4307029625
4980	0.38551718	0.263571866792929
4981	0.048479136	0.20456164843381
4982	0.2756808	0.226367204605556
4983	0.4701846	0.424031062206782
4984	64.78944	65.693301528125
4985	20.976044	20.961799694697
4986	34.419865	33.5543814156566
4987	0.017903319	0.238418114648718
4988	0.23239079	0.220374001890741
4989	69.98403	76.2880950295699
4990	32.140114	30.4821102217593
4991	0.0946909	0.149687373452564
4992	49.417988	46.9730737981061
4993	0.2469621	0.268513294271429
4994	40.692528	41.364488870068
4995	0.05628132	0.0427600311268628
4996	62.14162	54.047317511828
4997	9.355504	10.1600433826126
4998	0.025274161	0.0284788683596875
4999	73.42243	73.0652516254167
5000	65.85975	60.7927473204301
5001	0.22570409	0.145921840830787
5002	9.1931	8.30373886890476
5003	1.298415	1.41320811494048
5004	0.029981678	0.0840480872850794
5005	63.201202	63.8384461300926
5006	12.373608	10.1088090355914
5007	35.223366	32.3968478148649
5008	1.1630932	1.60337934411806
5009	0.039175972	0.0547900526560556
5010	18.524097	18.703840102027
5011	0.4820649	0.567007930228049
5012	1.696244	2.09288419997658
5013	24.373102	23.503387995946
5014	43.846085	44.7831395348485
5015	13.925363	14.6159688788889
5016	26.178513	27.711990631982
5017	1.6597422	0.683862440173737
5018	0.02031937	0.0753272627166013
5019	24.59658	24.2179882410714
5020	0.0092688445	0.0826676488067188
5021	1.3568244	1.87911463446396
5022	1.1390834	0.414169130705263
5023	2.6434505	1.80549663714333
5024	0.14845632	0.183917719661261
5025	37.293888	39.0822231539683
5026	0.54968584	0.385472379712644
5027	54.954487	58.0953907761111
5028	0.006941464	0.191916125967325
5029	17.867695	19.9648643642857
5030	0.17192647	0.324663382785227
5031	57.09325	57.792466018
5032	71.75776	71.9619070918804
5033	0.22787295	0.26620735997549
5034	0.34716058	0.284109318857471
5035	0.27299395	0.155374068778968
5036	116.307236	108.315074557292
5037	0.1167647	0.396879162009677
5038	70.9413	67.3339766368421
5039	82.39842	78.9305112197368
5040	0.21971856	0.210052613978241
5041	1.0533686	1.06217275421198
5042	0.49746588	0.721000462825582
5043	17.244623	17.4234274333333
5044	3.2487879	4.5262332082906
5045	0.16349386	0.258816868461905
5046	0.120505534	0.332964884619531
5047	0.19545273	0.155474328633333
5048	0.2563815	0.376467695952857
5049	73.33676	78.8398381360465
5050	43.152874	42.3510868020202
5051	0.02516419	0.0403327562220968
5052	0.0071084765	0.0248892973514583
5053	3.0684228	3.43953052787037
5054	0.22892508	0.211617739961111
5055	55.12372	51.4152598277778
5056	0.16756542	0.273807394844444
5057	0.338329	0.232428503846377
5058	10.542689	8.409747816
5059	1.0569329	0.692923079099187
5060	0.08465189	0.145034550007143
5061	0.2786595	0.345716143803101
5062	50.67447	56.581499236036
5063	0.24111696	0.120327085638235
5064	0.10825461	0.390276528653125
5065	30.586538	30.2891495041667
5066	0.014381461	0.0832122987550877
5067	35.459675	35.2265965824324
5068	64.0984	60.8675984179167
5069	0.023886077	0.0910161836994298
5070	0.006982392	0.268510222936207
5071	45.1667	46.2658395356589
5072	56.469326	64.8228250034314
5073	1.6611618	0.971296275774747
5074	0.11068175	0.0730959470932017
5075	0.06443952	0.210586564579167
5076	0.13568561	0.345871890120833
5077	95.564896	94.1307482029167
5078	99.17137	100.670620285185
5079	0.11211548	0.115553403754844
5080	0.63523877	0.707428242581982
5081	0.022706676	0.149717911716078
5082	80.92447	81.8747046638889
5083	0.009927126	0.452577330903675
5084	0.73439366	1.10054415732143
5085	0.36883348	0.290926625961979
5086	42.331814	41.5154261886364
5087	11.979167	13.4769232854065
5088	0.4975811	0.472794671788518
5089	0.07898148	0.278686332802564
5090	0.01178477	0.599240627579054
5091	25.153093	30.2228648087719
5092	0.03576952	0.025506064120101
5093	4.81421	5.06740222761111
5094	0.43765235	0.446042091859259
5095	16.132431	16.3867468941667
5096	0.37482953	0.504370189278049
5097	0.06254169	0.0767866098710101
5098	31.504498	29.6028887421569
5099	74.3932	65.5790275851852
5100	0.012122581	0.0430407470378704
5101	56.892746	57.1732000601626
5102	0.085136585	0.0242878626182883
5103	4.5638804	4.37197735662037
5104	0.38188118	0.129997385178295
5105	0.10252294	0.304475654045045
5106	0.34374687	0.497403316505747
5107	0.7637468	0.811896909257317
5108	32.251106	31.0206493018018
5109	0.24375634	0.152169401233333
5110	21.532043	22.5979966284946
5111	32.548065	30.0311082893939
5112	0.5329979	0.345347336091562
5113	100.01932	101.299506798571
5114	9.865324	10.7969724448718
5115	0.026897626	0.105772846037937
5116	3.122369	4.40416031947059
5117	2.8119805	2.81434143671053
5118	104.55306	103.941392807071
5119	3.8685095	3.19049072923077
5120	0.25636017	0.237472419496552
5121	0.76400965	0.764002033971429
5122	35.558056	32.053242265873
5123	0.0134815825	0.178936879567361
5124	0.0634552	0.171425536852393
5125	7.061746	5.83822846083333
5126	0.24316926	0.164128351529167
5127	7.449972	7.52732344595238
5128	0.028627953	0.03699173855
5129	0.63892084	0.540101465310606
5130	0.08248899	0.406389233166667
5131	0.016099168	0.135968088714921
5132	65.793335	67.4302518050505
5133	0.5637684	0.547952557046875
5134	0.022642694	0.26902191173187
5135	0.1907627	0.198214003798718
5136	0.13151695	0.323594483346032
5137	0.061099518	0.320531109148571
5138	98.22866	96.2576477697917
5139	43.41622	40.4760474150538
5140	1.2738645	1.74233648964646
5141	0.566222	0.462422722666667
5142	11.613931	10.8600886647619
5143	0.27616018	0.379595836414646
5144	0.14454536	0.229535129357895
5145	0.78747576	0.219389777428455
5146	0.44069612	0.296285674829293
5147	0.12861608	0.276013820507971
5148	104.22985	98.4010392118279
5149	53.21528	48.4064681416667
5150	0.20561334	0.232960236454286
5151	0.14738615	0.113653537646138
5152	0.027735155	0.179506211570614
5153	0.6277556	0.253141381364583
5154	48.087452	45.9564922183761
5155	0.14017671	0.166873587329487
5156	2.6991274	1.37024490446296
5157	0.51103544	0.57643281761954
5158	80.962425	80.7285103648551
5159	2.591304	1.63554971925351
5160	0.008816851	0.0242987675871212
5161	5.2050047	5.74159001631579
5162	27.154362	24.0550274463964
5163	0.36092675	0.510152258307317
5164	110.115005	105.540571255417
5165	0.024796223	0.0243132417491892
5166	7.071884	6.91457101795455
5167	68.259315	68.1944081936937
5168	0.28959835	0.183832634631532
5169	19.696077	20.0358560806306
5170	14.143301	15.0897924974359
5171	12.446125	11.8810976558095
5172	0.22239299	0.259314083525641
5173	31.706451	31.9077182128571
5174	39.81373	38.4633107533334
5175	84.41464	91.0332844161616
5176	0.023076685	0.0347415376344762
5177	0.7262013	0.759969000895833
5178	56.686146	53.9765612383333
5179	0.30902824	0.166591065110714
5180	1.0413485	0.810911217490991
5181	0.0067870785	0.340728039773214
5182	0.25382307	0.566167595275194
5183	108.25074	104.698954091892
5184	0.36205846	0.268424673370086
5185	0.23339014	0.258658734542982
5186	102.65943	96.7173560051282
5187	89.27365	83.1655095444445
5188	0.17853834	0.218757969556863
5189	6.7530465	7.38325407938095
5190	79.33439	78.1129235933334
5191	0.026823988	0.0672052829310185
5192	17.112423	15.7496671450758
5193	0.22352506	0.385708163675214
5194	0.44512466	0.2791459909225
5195	0.29668662	0.355106077701587
5196	0.044867665	0.260540988143175
5197	0.09970923	0.36137263494
5198	9.295894	10.665633315
5199	11.057765	9.96299967947154
5200	46.81148	47.4503591569893
5201	0.3723356	0.345938402215686
5202	0.46013236	0.600009205447619
5203	29.76041	29.475751652381
5204	0.29439694	0.499404273393694
5205	0.036237486	0.0992865629784946
5206	0.10643221	0.239482821035043
5207	106.279106	104.99111507598
5208	0.012290173	0.0246654563299242
5209	0.1840896	0.147181463405556
5210	7.517634	7.41795949338235
5211	91.2063	91.1451196
5212	0.100882694	0.371360092122549
5213	3.6490893	3.93991582888889
5214	37.850002	36.5104975870833
5215	0.016241608	0.057074221770045
5216	0.00867807	0.175673776821296
5217	43.887512	48.4897568611111
5218	0.47899804	0.509057165636842
5219	0.08812501	0.221795124800439
5220	79.146255	78.6098404903226
5221	6.253678	5.02772229166667
5222	0.3066158	0.383306184926852
5223	0.5644741	0.691153165904286
5224	83.61402	85.9130748446237
5225	6.680908	7.46206923472222
5226	0.015321845	0.0440177257760684
5227	5.4037156	7.07439279107143
5228	0.670697	0.559763236645833
5229	0.06861124	0.214423131338095
5230	0.016323205	0.141642753532009
5231	1.9672842	1.93880534623125
5232	0.19151199	0.186609541469907
5233	10.621003	10.8232262114583
5234	0.1352609	0.141424952208838
5235	57.465755	56.6417042425926
5236	0.04539789	0.0711759895391667
5237	0.26931894	0.246628189591167
5238	0.20991613	0.207014744993148
5239	35.62701	35.8679512698582
5240	6.8226557	5.67514310860465
5241	0.021526989	0.151788006851905
5242	1.3351369	0.954022507110101
5243	2.3261495	2.74362421520833
5244	0.19429822	0.13076589990935
5245	0.03177168	0.0713457005502917
5246	66.00629	65.12175226
5247	18.352959	17.7108587600877
5248	0.39943707	0.661343358256097
5249	0.19782342	0.262338396226852
5250	30.743078	27.809893309375
5251	0.03092837	0.106210175508529
5252	0.0833612	0.282979654199333
5253	0.056879934	0.221343171349612
5254	29.769045	26.6222274846491
5255	5.3203006	5.73349806162162
5256	2.8634138	2.1436015590625
5257	27.271791	31.1791790347619
5258	0.20192184	0.420750802540541
5259	7.776013	7.81317326676768
5260	53.665146	53.7377795049549
5261	7.578434	7.25529602845833
5262	91.06513	97.2281445671053
5263	1.5757114	1.852364643775
5264	40.842705	41.8630642590476
5265	0.33473074	0.266529526735632
5266	0.51114327	0.250407528131624
5267	52.946297	53.0815729434344
5268	60.961796	61.253822005814
5269	61.10459	56.4179278986111
5270	27.838348	28.7296080954545
5271	6.753153	6.51887976596774
5272	0.2622185	0.109856698159333
5273	28.205778	29.0567199614035
5274	0.01861389	0.0428955115986486
5275	11.311658	14.1898772175676
5276	4.3828306	3.68046002311966
5277	23.009409	20.6359035865741
5278	19.50975	20.1379904122222
5279	0.25395033	0.16156309451
5280	0.010201928	0.028598336199246
5281	0.544916	0.543789479336992
5282	0.06552717	0.165966774683333
5283	0.04340958	0.108769050273039
5284	0.010699638	0.0483938678223577
5285	0.06882602	0.372194784644211
5286	0.33521473	0.334326288081301
5287	20.979395	22.507292478125
5288	30.053905	33.0734264033333
5289	0.020445222	0.0432643173815853
5290	18.112398	17.704303775
5291	6.544392	6.69283608621795
5292	0.06282557	0.416056249395833
5293	0.05600697	0.281556556058333
5294	40.940235	39.6251723827381
5295	118.22665	118.705408347619
5296	0.63512963	0.668043605380833
5297	84.898026	86.1852800178295
5298	43.574192	40.8143530508547
5299	0.36479026	0.545320435365384
5300	2.7416236	2.96613266935898
5301	33.294582	31.3117988020833
5302	0.024175579	0.182892610418817
5303	0.0117906695	0.100859054170811
5304	9.687541	10.2139213104504
5305	39.980198	37.6312014593137
5306	2.4026587	2.40965911030303
5307	0.31730893	0.368316906192593
5308	59.766113	62.6823775242857
5309	89.37233	89.8738792013513
5310	0.40218005	0.155510949274737
5311	0.5730941	0.591499910618279
5312	13.271888	12.7519878186937
5313	144.00363	151.728018305051
5314	77.17077	75.8647025788618
5315	26.874397	28.6124982837719
5316	104.84665	100.468571438384
5317	0.2901488	0.310334172179487
5318	43.37607	41.6937328995833
5319	0.113525085	0.25953494926036
5320	0.0077457475	0.0518930381915447
5321	0.26339185	0.136148773778205
5322	0.12448359	0.26365943489951
5323	2.580686	2.8128703672807
5324	0.07934245	0.0435262869498333
5325	0.108163476	0.229236604244286
5326	0.1819736	0.232586980852688
5327	0.36281973	0.158968560372713
5328	8.129605	7.59591828378495
5329	0.009350132	0.150004461032778
5330	0.15287842	0.203703722680208
5331	113.17214	114.246524736111
5332	27.592619	25.4038099387387
5333	0.014027987	0.0333839240908824
5334	0.044954665	0.841041520082432
5335	0.05069151	0.392869515050185
5336	0.29007116	0.194603841193694
5337	0.3291452	1.46900543160417
5338	0.009225067	0.118050684469643
5339	70.72682	68.0083641617647
5340	4.901198	5.4506410679798
5341	5.4052515	6.58378318635803
5342	0.37886864	0.445119570295045
5343	0.18633847	0.272827694915714
5344	0.19421539	0.308732454563232
5345	88.37697	88.3735861871429
5346	18.863825	19.4589401464286
5347	0.29332888	0.216349546841905
5348	0.03343952	0.107043368336275
5349	13.705012	14.5254789739316
5350	0.21763276	0.177431519094318
5351	0.006910634	0.0196492775711111
5352	36.134624	32.7066478901042
5353	12.536709	13.3395876865854
5354	1.2947098	1.84187585285426
5355	0.023642953	0.116917445471774
5356	5.134533	6.17305552529167
5357	1.1716522	0.65917946707735
5358	0.5230103	0.313536920343243
5359	19.323503	19.1459428735043
5360	0.01441027	0.0366760557023737
5361	0.16715002	0.331256931962963
5362	0.83965695	1.23678520986905
5363	55.05271	58.375441616129
5364	1.0842991	1.04471767212185
5365	92.864395	92.4336539171171
5366	0.62902844	0.883264894081197
5367	0.03650795	0.228653650272973
5368	0.013132045	0.0933706943431373
5369	0.19742996	0.171832617819298
5370	69.21372	71.8281888078947
5371	34.072685	33.6898728577519
5372	95.15955	89.6404234863333
5373	31.366302	34.7028724568627
5374	0.4804861	0.206092414055556
5375	84.24163	85.769514052439
5376	0.1628625	0.355669112666667
5377	0.18850087	0.251762430047826
5378	4.721207	5.16724185583333
5379	0.064460285	0.174155280272988
5380	0.02514354	0.184058548684314
5381	28.472414	30.3353154837963
5382	0.83553135	0.468969607048889
5383	0.10923901	0.34183322980049
5384	0.10432733	0.125335989655357
5385	0.7661755	0.505029299134583
5386	0.005227546	0.0719277158286325
5387	2.1116085	3.08300118342857
5388	54.95407	54.4043838273148
5389	84.77209	88.0436653923611
5390	45.198444	44.5462602495496
5391	0.30322528	0.244366002241944
5392	23.566187	24.4863603505051
5393	0.739703	0.422498569603125
5394	66.8419	68.467931639394
5395	3.099914	3.53629926536036
5396	0.0060976255	0.0990616961157778
5397	0.45476508	0.480576137354167
5398	0.11340867	0.180790886513158
5399	19.064962	20.1724560765766
5400	80.143585	80.4576186325397
5401	1.4835747	1.89056686554264
5402	50.88354	54.2101640763158
5403	39.95556	41.6828509693182
5404	0.023892742	0.0393101810753968
5405	38.153423	40.1909072953125
5406	71.89759	70.2097147960784
5407	0.18286163	0.229800252661111
5408	0.021380141	0.121038192644504
5409	49.937836	46.1059483304878
5410	18.393663	17.3952957429825
5411	9.313806	9.9700591982906
5412	4.966768	4.85721265716667
5413	1.4338094	0.530184954892647
5414	23.270256	24.332455747807
5415	2.3594465	2.07292164565891
5416	32.50747	34.7405555232323
5417	0.16956575	0.201685362203101
5418	10.947266	10.9029795694762
5419	39.253677	40.2354150777778
5420	44.005726	44.2507703685185
5421	0.18836245	0.489495856786111
5422	35.87101	34.3698784489899
5423	0.113095306	0.164724071485043
5424	36.981594	36.322633349187
5425	0.17376585	0.225369898560952
5426	78.11649	86.8021759145161
5427	0.04182847	0.061775062185606
5428	92.23103	93.885012815873
5429	0.021560317	0.117727737271354
5430	0.3948809	0.248617471600926
5431	0.010952973	0.583765231948413
5432	0.050649494	0.131366840724194
5433	51.178608	48.6998000983333
5434	0.56996953	0.443931808643678
5435	0.022752827	0.169167213936593
5436	0.29728732	0.287312396685185
5437	33.92104	32.244454720614
5438	10.207877	10.9950216284314
5439	0.036365103	0.0245589966163333
5440	0.06610466	0.167336118067568
5441	0.23983745	0.234203138219231
5442	0.20605548	0.657361724075269
5443	0.46985838	0.374632622793651
5444	0.05464219	0.153850063458065
5445	3.115986	3.73609362802083
5446	0.41646078	0.643537457219167
5447	78.429565	77.3638492238096
5448	6.146146	5.90384347541667
5449	45.733463	40.8243230627778
5450	10.193595	10.8182770180556
5451	1.5574814	1.39167208242929
5452	17.756788	20.9805029779279
5453	86.27421	83.2566604202703
5454	129.20062	123.964773785
5455	0.2487604	0.200491161476016
5456	36.610756	38.5231855214286
5457	0.21423343	0.429977124662222
5458	87.58566	89.1986157600877
5459	0.044398136	0.0583620969828295
5460	37.179893	34.4499825837963
5461	0.15221293	0.616539356632778
5462	0.0065693916	0.127625485432308
5463	0.00955441	0.062608032486746
5464	0.16550678	0.152123766767816
5465	11.515694	12.5002087265766
5466	5.2037215	5.87459050427351
5467	44.778786	44.7624802829365
5468	0.43860912	0.546455354508547
5469	0.02882417	0.31155255713587
5470	0.0049086125	0.0485396023573077
5471	35.544212	34.2456680208333
5472	0.058582015	0.285722611656944
5473	3.373409	3.10324940149573
5474	0.13279222	0.084649192041
5475	0.21760863	0.383944381482083
5476	0.27813214	0.0468456764104701
5477	0.07167095	0.391904512150513
5478	0.061292205	0.133926968674778
5479	91.67629	92.8287150626126
5480	0.40690216	0.76891427177963
5481	0.5594169	0.491485587991919
5482	0.5408153	0.527227261410965
5483	3.5927804	3.8492591651626
5484	35.961666	35.6673724833333
5485	10.451539	9.93192694420635
5486	0.010593842	0.195430421338258
5487	73.10677	77.0252793479798
5488	116.98117	118.750895479167
5489	22.440865	22.06439015625
5490	0.3333355	0.387469338839506
5491	28.350525	27.0297066472222
5492	0.21809874	0.288810558139837
5493	21.717802	21.5446862112903
5494	12.250356	10.7106303458333
5495	51.164497	55.4374110865741
5496	0.8815615	0.805922408470086
5497	19.932257	19.8085948130081
5498	39.446686	42.912266667094
5499	0.23816986	0.170601455500219
5500	47.232773	50.1087417212963
5501	0.45239022	0.515717468733333
5502	0.90194166	0.896124675015238
5503	1.2262114	0.931596640005376
5504	0.51478416	0.185544789393687
5505	0.12127615	0.200096397568981
5506	0.012949417	0.0564571744040541
5507	0.014763142	0.145982524210307
5508	85.10828	83.2886867028986
5509	0.21100369	0.425953162569271
5510	128.23988	124.663880854348
5511	49.76855	51.8344769927778
5512	0.16013886	0.232590417447619
5513	0.43130398	0.238237101925926
5514	0.15858513	0.239367568765873
5515	0.27099952	0.320141991639048
5516	0.32937047	0.286382791972917
5517	0.093554854	0.351043264649099
5518	0.2644926	0.0740691871881081
5519	0.023578063	0.56620752252596
5520	98.75174	96.826976492381
5521	28.381462	32.8172447038462
5522	0.24516997	0.349143909236869
5523	0.1260198	0.663935980178333
5524	0.16116706	0.192479605788636
5525	0.04994501	0.322479773952778
5526	0.111481205	0.159565093768229
5527	61.967155	56.1390739864865
5528	74.640594	75.2821725156863
5529	0.2671669	0.220843004227132
5530	40.408245	40.4921185828572
5531	0.22726817	0.270040699388889
5532	1.0922005	1.09507070557222
5533	44.054535	45.3212178646465
5534	101.17909	105.178227104839
5535	0.3072366	0.192602329464414
5536	0.3419055	0.345504375167361
5537	80.54556	75.1623905955882
5538	28.314333	27.3380868903509
5539	67.7845	74.2508122230769
5540	0.6976939	0.293941807272368
5541	0.5243047	0.58621128033871
5542	0.11311151	0.393971791427696
5543	0.03231653	0.0365882632161111
5544	0.3172895	0.592179129590244
5545	54.20915	56.8770788612613
5546	0.12158742	0.0243439813350901
5547	0.028445732	0.0569669637552326
5548	1.7588211	1.96418710671875
5549	0.08401672	0.178079857934167
5550	0.016125005	0.251011497204472
5551	28.178808	28.3073199717949
5552	0.09487161	0.38263565971383
5553	26.058723	26.2724056630952
5554	59.781097	58.9314665810811
5555	3.3696213	3.14926686598291
5556	0.45818496	0.473647834875877
5557	0.015354848	0.0419486702793333
5558	0.15399493	0.159167949964286
5559	48.594326	53.7371489023148
5560	10.090545	11.6157566136752
5561	11.38998	9.7668656010101
5562	0.18673751	0.25464697850625
5563	11.845001	11.9277456829268
5564	0.014194448	0.0464658504255682
5565	68.40962	67.4635601375969
5566	4.4578085	4.52837860731707
5567	0.48670444	0.319243143693809
5568	0.6237289	0.654123214767857
5569	89.86142	93.6525598865248
5570	1.7839577	0.648362543165152
5571	0.2582606	0.222988364866667
5572	0.007954008	0.144789208152564
5573	0.44654816	0.417577970194771
5574	59.86438	60.911342891453
5575	112.28313	109.281439254286
5576	0.47584558	0.43993595365
5577	0.60180306	0.556575235259259
5578	0.09846923	0.153225082252991
5579	1.7240844	2.01747415940104
5580	0.10207349	0.103065447049352
5581	6.705389	7.05849160758064
5582	0.045917686	0.122638314064844
5583	0.10178017	0.207048652692636
5584	0.0035777953	0.851806225576481
5585	0.0687115	0.216635764436923
5586	83.88113	85.705917525
5587	65.592964	63.9287042918804
5588	9.531847	9.06620464095238
5589	0.03866426	0.318428091827778
5590	0.42275488	0.33633612718881
5591	0.26825365	0.113006229225253
5592	0.20902698	0.231334260352991
5593	0.07190006	0.115004190491667
5594	0.014119392	0.105392737298922
5595	104.048515	100.90798650914
5596	22.503416	23.2328702444444
5597	29.733011	31.4068809807018
5598	0.17180328	0.195670985484375
5599	0.23896644	0.192644917432613
5600	0.010512056	0.0742869266148649
5601	10.806384	9.46506531552083
5602	2.2931464	1.68270156624775
5603	2.5563743	3.08887480028455
5604	0.16582456	0.134820858782308
5605	17.205667	20.0523582809028
5606	0.18102576	0.10998225422906
5607	0.5796908	0.340972727274405
5608	2.6853645	3.14705566258772
5609	47.621525	42.6729471583333
5610	0.15887846	0.209528565611458
5611	53.81012	46.8124933636364
5612	9.074998	8.31656453242424
5613	31.89673	31.9335667769231
5614	0.097547665	0.872145660061458
5615	0.111634135	0.202319620778455
5616	1.1883752	0.678459680684762
5617	0.08695353	0.263962232500505
5618	0.2580216	0.500804899150476
5619	0.272929	0.561861227052845
5620	0.0073193386	0.442328169417549
5621	0.21016324	0.196511175931379
5622	0.52564627	0.464013424410527
5623	0.01755789	0.209478335642857
5624	93.96377	98.0764531292593
5625	0.4082643	0.258700044124074
5626	0.14729987	0.302160681172619
5627	47.029263	49.6780162197917
5628	0.1441718	0.127916378553646
5629	1.6568314	2.2866970485
5630	0.112162456	0.162664455703175
5631	0.03461927	0.187308020018919
5632	18.759403	18.3619369368687
5633	35.305626	38.8339721114943
5634	0.32057846	0.289830423595278
5635	28.031921	30.5689893401709
5636	0.031988617	0.161257514508651
5637	0.07082996	0.182948892081372
5638	3.6678483	3.72673548848039
5639	0.1367181	0.281667460418687
5640	0.30236197	0.22612012132088
5641	1.5393785	1.87462439128049
5642	0.9502286	0.380466861755039
5643	2.2284513	3.20527593744444
5644	0.18535818	0.209952608137097
5645	55.64463	54.8892832995496
5646	76.64652	79.085081645
5647	27.982632	27.9800782353535
5648	29.92947	29.1342868295238
5649	0.3245811	0.188282261035185
5650	0.053555	0.107282141886381
5651	0.013799642	0.182689047583063
5652	0.8228868	0.316820150802151
5653	24.98023	26.5122730674797
5654	0.08588218	0.555230015692982
5655	0.24417564	0.238186272487037
5656	38.36817	43.5985246759259
5657	0.21135685	0.248306923821905
5658	0.1669473	0.354149460429787
5659	0.06488159	0.422249514331111
5660	0.10749774	0.177233387875225
5661	1.680206	2.16341671445652
5662	0.37039036	0.279841497489744
5663	52.611275	51.1210816290323
5664	5.937341	5.36429216679824
5665	58.146717	60.1803805977778
5666	0.19257292	0.200537848701316
5667	0.2214309	0.181902932183854
5668	0.1935717	0.1666449354775
5669	55.23381	54.5055686691919
5670	0.12344985	0.299911239577236
5671	125.85328	115.45678386087
5672	23.932915	21.6534962418605
5673	0.1474416	0.174053437480556
5674	6.6915636	7.06480745607408
5675	20.547022	19.3374567573529
5676	21.384241	18.8479943114943
5677	0.06083157	0.271662722595333
5678	0.14894322	0.20810623960787
5679	46.579556	50.5571153410853
5680	0.24599846	0.219823725948529
5681	0.09759895	0.11713131917093
5682	25.413086	25.3704831272727
5683	33.139523	33.813733177027
5684	0.1387967	0.502081219632114
5685	0.05129565	0.0173058323871296
5686	1.1153972	0.55219355362225
5687	121.91915	117.561621200926
5688	69.355606	68.6772750004902
5689	0.033871662	0.134308662697719
5690	0.04559047	0.242836564319024
5691	0.40292144	0.480657376322523
5692	10.761311	10.3387979322581
5693	0.023328293	0.134034106106429
5694	12.641168	12.3746509089286
5695	132.05496	131.515905124797
5696	103.7647	94.4931907729167
5697	8.434585	7.65286786673333
5698	10.702076	12.1474442098485
5699	6.638186	6.66868498635965
5700	0.84715706	0.654072405703704
5701	3.2105982	3.62121182391892
5702	0.18091512	0.340508913413726
5703	0.036849283	0.274268672785257
5704	98.29311	105.341941879845
5705	0.43738475	0.315568822111053
5706	21.417873	22.3568756590909
5707	0.006058722	0.0672649072253087
5708	7.3284473	6.80771607705556
5709	1.1567963	1.1312784445873
5710	0.06627231	0.370371831267241
5711	14.18123	11.8700677581019
5712	0.2303313	0.300540879942982
5713	10.945228	12.1715595068056
5714	0.082981996	0.134917031293974
5715	0.013507261	0.0923291742344643
5716	0.014468757	0.160289601060784
5717	62.227028	60.025413654386
5718	0.19314998	0.208651592220325
5719	0.06619536	0.227948330757471
5720	33.203194	32.0354701188172
5721	2.4489987	2.82315705955637
5722	0.45072037	0.340518909485
5723	9.794396	8.72006568465909
5724	72.442665	79.329806375
5725	0.18108034	0.0902373884401786
5726	62.756054	61.913496075
5727	0.05906854	0.346653903617968
5728	0.23355438	0.170709664010965
5729	26.715546	25.7372309479675
5730	82.33886	80.5802388952991
5731	0.13615702	0.326308151030407
5732	34.4206	30.837595229386
5733	0.027946014	0.620531175908642
5734	0.24303728	0.130831660257176
5735	0.44552898	0.679033611689815
5736	0.014919441	0.0545539631879167
5737	8.605338	8.84596389505051
5738	34.97223	35.9041499926471
5739	0.045366876	0.133338788552451
5740	0.029192632	0.18391745483
5741	41.095352	41.7502926155914
5742	0.1345708	0.141004986480702
5743	4.8389177	5.67068257436508
5744	12.130897	13.3791628245614
5745	0.20390773	0.194932074822222
5746	2.5137239	2.11417783671354
5747	5.0731077	3.39791587398291
5748	12.953657	11.1681535808559
5749	0.31568447	0.499864154784946
5750	0.006527347	0.040764251968018
5751	49.050846	45.6693367319048
5752	16.242987	15.9933522255208
5753	69.65329	69.4472857261261
5754	0.2454601	0.537924578735088
5755	0.23872353	0.19705366710303
5756	0.032010097	0.0931061478150406
5757	27.135433	26.5154738279167
5758	8.63945	8.55149321289683
5759	3.374253	3.31661497184959
5760	1.6042625	1.91564334992857
5761	0.1832317	0.313774777609677
5762	0.07608336	0.0551557303481197
5763	91.723366	91.0019348218254
5764	57.969093	57.7837227416667
5765	0.022641959	0.432720799014649
5766	0.18484622	0.185538976615635
5767	0.07237311	0.157311091692917
5768	0.15535519	0.3563425538
5769	0.014992329	0.14724428986828
5770	0.0077889953	0.107506700583333
5771	51.966053	53.1597210625
5772	0.23472713	0.633859783464368
5773	0.87130255	0.469155415120702
5774	26.439537	24.1903824860465
5775	51.939148	54.7860245716667
5776	80.739006	88.7178603944444
5777	48.863018	49.543850606746
5778	0.8012719	0.173572489839722
5779	1.4352468	1.1455603189902
5780	0.041320257	0.0365651189888021
5781	0.045151178	0.0651935399016129
5782	0.5091686	0.254987158298177
5783	0.48338646	0.130598395251765
5784	0.35301712	0.465571471525
5785	0.027498173	0.195582260336524
5786	0.04803057	0.166622713066667
5787	99.81098	93.919059717094
5788	0.041167088	0.0988852004594253
5789	30.001007	30.7274801893519
5790	22.486063	22.9831725188034
5791	0.6182045	0.186620251423939
5792	2.0046818	2.0532572527037
5793	47.356457	50.7297537183761
5794	72.40981	70.5581253808943
5795	37.632103	38.1995081122222
5796	0.023417994	0.274586688131068
5797	0.43656024	0.999174730168376
5798	0.36360136	0.851874510510417
5799	1.3869847	1.05466909514286
5800	0.07200982	0.076854329996125
5801	0.06101186	0.230497940184343
5802	49.38335	48.7565248828704
5803	2.5562751	1.93209633559524
5804	24.548344	23.472702955814
5805	99.35786	101.665175426882
5806	0.07651941	0.168536241618939
5807	0.14863728	0.059517027035691
5808	3.1312933	3.63126034626042
5809	1.0019494	1.2825565045783
5810	0.08232232	0.193006050104815
5811	0.40190288	0.203532190460937
5812	0.45945212	0.299641728632937
5813	38.492863	42.7146869887597
5814	0.3520665	0.227257550836752
5815	18.697014	20.9070144111111
5816	0.13967863	0.112339856968452
5817	0.14353284	0.235058194385294
5818	0.03388046	0.360034599117857
5819	34.113308	33.7354667175926
5820	113.52418	112.041484039837
5821	0.04452054	0.0700491677022381
5822	0.2396543	0.326083781070833
5823	1.1061049	1.47577209458333
5824	0.2168655	0.28596637125812
5825	68.42931	64.4559443847222
5826	1.8378365	2.43479036116162
5827	13.674222	11.9523397714912
5828	90.88811	92.1871553681159
5829	4.1165733	3.20625391427907
5830	0.024329092	0.181714284830324
5831	59.428696	55.8133127337037
5832	0.2522416	0.158596423509667
5833	7.8348193	7.76088240350427
5834	61.500603	62.2938364809524
5835	0.22017245	0.156699489048
5836	0.19539943	0.151325547493548
5837	3.076542	2.67746205517241
5838	19.802181	19.9523879303419
5839	91.07396	97.3000950572464
5840	0.40080217	0.42894601629693
5841	0.20846303	0.246384739503968
5842	84.58018	90.7200960098039
5843	12.970599	15.7605280609756
5844	0.019198637	0.0763843269493116
5845	6.8487725	7.10608835363095
5846	78.74503	73.7688444677778
5847	0.19688597	0.356119194657719
5848	6.556961	5.47593278842342
5849	0.13129601	0.0805596157989899
5850	74.605286	74.7732256509009
5851	0.1453451	0.243911755
5852	0.25198367	0.410446583349383
5853	0.3234457	0.2969775161625
5854	0.0054272427	0.0632262795139248
5855	6.323552	5.40872139295238
5856	47.892628	48.6048991651515
5857	0.020391861	0.300107244771463
5858	0.047871705	0.0241084831874561
5859	110.12214	108.00297450814
5860	6.0183415	5.79396740642857
5861	0.24231905	0.209362941424762
5862	3.0279884	3.86822622768817
5863	0.0069674766	0.0757902232702439
5864	0.19255781	0.204364168959032
5865	0.015941305	0.185154855283333
5866	2.490758	1.47726527636719
5867	67.73888	68.3604829063726
5868	16.1891	17.6148727153846
5869	70.09021	65.5938493441177
5870	0.2565517	0.200171464414286
5871	66.64116	64.8411889130952
5872	2.1901178	2.04486755979798
5873	27.49593	29.5421033295238
5874	63.75689	57.4192799184684
5875	0.018334752	0.109992968755203
5876	1.3184594	0.846910447480952
5877	0.9000672	1.20176810871078
5878	0.33105043	0.234784909286937
5879	0.19009915	0.195059210051984
5880	0.3743955	0.199564604830342
5881	0.7094372	0.281773193438235
5882	0.009212194	0.0801221863440789
5883	2.6109743	2.13855052020325
5884	60.42536	63.7301372600877
5885	36.509594	35.5731898283333
5886	0.92524564	1.20645626865
5887	0.11501621	0.317851617648947
5888	53.732735	52.1935819761905
5889	40.295937	36.0223971519231
5890	46.555656	47.5735875022222
5891	85.00657	83.2221023106838
5892	0.084230036	0.419931747173198
5893	0.013995969	0.055647600599596
5894	70.7335	71.7658979258772
5895	0.049554795	0.211437244482479
5896	146.78952	149.660517813889
5897	43.572983	40.991049395045
5898	2.5664537	1.11143635998246
5899	1.0829257	0.462116045836458
5900	0.0434006	0.459495089950894
5901	12.445754	12.790643617619
5902	0.03856452	0.0621137637246899
5903	0.10899025	0.196628385549561
5904	0.80954003	0.4995686872025
5905	30.138184	28.4759735577519
5906	4.736056	3.41823894675926
5907	3.0357695	4.36214583604167
5908	0.39096543	0.326531354208333
5909	5.331741	5.27502117186274
5910	1.5252737	1.44939908428153
5911	17.193197	18.5191272605691
5912	7.7798467	7.59893992638889
5913	0.37086555	0.261593074264414
5914	11.513829	12.4489517266667
5915	0.073910326	0.14501905964114
5916	66.90937	72.9940851509009
5917	0.04979815	0.283591416231532
5918	30.24863	33.9569922304598
5919	82.834335	74.4313033091667
5920	72.608864	69.5588415444445
5921	0.2151614	0.385406707966228
5922	89.84458	89.6713799918919
5923	0.17061533	0.199262779550427
5924	93.769684	92.5823367135417
5925	48.626328	51.5977524377193
5926	0.11468803	0.251928202547748
5927	0.037114874	0.0486168602767886
5928	4.0591025	3.13567239995496
5929	0.015545038	0.0610401131009783
5930	13.6029215	13.8441102414773
5931	17.72406	15.7902615041667
5932	21.867256	19.46586667875
5933	0.6470929	0.495609941026404
5934	104.63421	101.754163404412
5935	22.185564	21.4399973416667
5936	82.203735	75.5492864307018
5937	1.4439098	1.2999969147451
5938	4.187194	5.16591261390351
5939	0.045526218	0.185771806206515
5940	0.2907743	0.316769535356667
5941	13.997433	17.6993511279279
5942	21.44365	22.0853047324324
5943	28.714783	25.7531620645299
5944	0.13208558	0.365801891775862
5945	0.018446814	0.0797983744163266
5946	0.71216685	0.600739164185965
5947	0.087924056	0.0443642239671429
5948	0.5659836	0.848564712157143
5949	30.381954	26.5626569608974
5950	20.98187	17.7451674856589
5951	19.200659	19.011066292735
5952	0.05920355	0.14124098786954
5953	2.6121128	2.97170115018981
5954	0.17544736	0.280777731945977
5955	0.031116784	0.312111290499394
5956	59.58959	59.2900972436275
5957	0.015377827	0.0890149044687698
5958	0.15673757	0.192892317916204
5959	0.6200201	0.0449521417340476
5960	0.88731015	0.851450174557748
5961	0.0048626065	0.0847054645082895
5962	0.008686161	0.260638178834405
5963	11.030666	11.7608844682171
5964	0.74263096	0.529429685471491
5965	68.57162	63.1772367003876
5966	41.573517	41.2922649734375
5967	0.00978783	0.0590322614088889
5968	5.494218	6.05911935444445
5969	11.721525	12.8366619324324
5970	0.4979612	0.26083264930787
5971	84.148476	86.2883373648148
5972	0.05892477	0.227838696439535
5973	0.012714451	0.0476955816083333
5974	0.1144579	0.314396045858108
5975	0.3611148	0.321841563575463
5976	2.981277	4.03680192594444
5977	13.058668	13.2523783402778
5978	2.3359468	2.44819121083333
5979	6.9926085	6.54591497968468
5980	69.78707	72.9576657989899
5981	72.026436	77.3191639925926
5982	0.2509578	0.32034355404023
5983	0.59755963	0.221840718458333
5984	0.0603483	0.0486150940271318
5985	65.78059	68.8216728405406
5986	80.856895	77.0583167884921
5987	0.98652995	1.00947429425714
5988	0.32329085	0.696843115847619
5989	23.093708	24.5442548671171
5990	59.120785	56.8370238233333
5991	18.141499	18.1627758127451
5992	0.4636176	0.470815201625
5993	0.015351032	0.0609582602384091
5994	0.0046610576	0.0456002751652778
5995	44.090157	45.8610649267677
5996	0.41091016	0.403347703616162
5997	0.01236146	0.222380830504286
5998	0.011555996	0.0335726989494872
5999	0.44025654	0.444307544293103
6000	0.21206956	0.304002751828829
6001	77.262474	80.4894409042857
6002	0.00984527	0.0718599850442917
6003	13.073081	15.7711650753968
6004	0.6054265	0.383064270736111
6005	0.036821965	0.113905515742193
6006	0.15698701	0.275775095455333
6007	0.3086189	0.296352567386275
6008	78.03122	81.0847839341881
6009	27.571877	25.3035887365591
6010	42.862606	42.7959042421875
6011	0.82435274	0.409845993687255
6012	0.030649723	0.119031688718636
6013	76.87096	82.0500633285714
6014	54.66767	53.1855328188172
6015	0.23763132	0.302552292496667
6016	41.165977	38.7294465484127
6017	35.17843	34.1446770179825
6018	1.1413927	0.924800668778632
6019	78.5988	72.4804287773148
6020	0.04532103	0.235836642911719
6021	0.34859464	0.244747557966176
6022	83.764496	86.5157339283784
6023	0.0707386	0.141701764624826
6024	1.9910165	2.32203107014706
6025	0.005260691	0.11054595887127
6026	49.52428	48.3558677466667
6027	99.58103	100.885203917742
6028	0.016488647	0.0416260760355285
6029	0.07828751	0.288899220903333
6030	0.020024735	0.09766957841875
6031	0.12759767	1.63359722166667
6032	21.390348	20.9298167896396
6033	4.2352424	3.74841658402778
6034	74.194336	72.2814791810185
6035	69.22158	70.006784102381
6036	0.17037973	0.177388961452593
6037	47.49432	41.8367256045455
6038	8.784882	8.95370464308511
6039	1.8903652	0.59352761738252
6040	0.84682447	0.450616832973333
6041	9.181014	11.35529537
6042	0.02707565	0.120802932780625
6043	2.8752408	2.37170561308824
6044	81.24573	82.1307576723958
6045	11.15942	11.9862714513566
6046	0.04838589	0.102708780781019
6047	0.019590436	0.358454568555856
6048	39.43794	37.2547220811403
6049	11.356554	9.59022530441442
6050	0.36811236	0.12803869889902
6051	15.34314	16.7205235514286
6052	0.6604148	0.747967780923077
6053	0.04140598	0.161375180048095
6054	0.23929673	0.430525365141861
6055	15.569482	16.9252381707207
6056	0.30123	0.250635818941177
6057	43.90721	43.0180460684685
6058	6.416745	6.49177440296875
6059	17.156626	15.3079578129032
6060	0.064768046	0.310567272794574
6061	0.21920615	0.349330256808333
6062	0.19672509	0.175700732809375
6063	16.909409	14.5518077304878
6064	0.5650127	0.889165419876191
6065	46.421055	45.6969825060976
6066	0.97778547	1.05717163642685
6067	45.961376	41.722663902381
6068	30.724525	27.2646537811966
6069	0.69223994	0.745682213482456
6070	1.0563138	0.841601458647059
6071	0.26149753	0.210623189449573
6072	30.704369	31.9061942081301
6073	0.23316598	0.387795217540404
6074	0.4932091	0.203385517515351
6075	2.8550162	2.88637012952992
6076	85.472626	80.8427368494624
6077	0.38876265	0.187654679082544
6078	57.99423	52.8528299715447
6079	56.499138	56.4342763868421
6080	0.4879053	0.137215611316032
6081	19.550503	22.8692397482906
6082	0.23940141	0.220094024959459
6083	0.516728	0.41689888301381
6084	0.347897	0.559171068099167
6085	0.34355778	0.254406251352941
6086	66.810265	69.9199219741667
6087	0.34269568	0.144956092405376
6088	28.245827	29.7363505984496
6089	0.5137473	0.74371863987037
6090	0.017032605	0.137641712079674
6091	0.33133745	0.274168849917273
6092	3.0367117	3.12321849204762
6093	28.135729	25.818504077451
6094	0.075414576	0.0290248923550813
6095	3.2563646	3.2597989647549
6096	10.728176	12.7880301722222
6097	51.39187	50.8131601890625
6098	81.14784	85.1765090004762
6099	58.337086	56.4471033150794
6100	50.089314	47.7949477752252
6101	0.03938603	0.2380368556725
6102	0.008840114	0.0524243397195699
6103	23.823683	24.4939406143519
6104	24.328363	27.3872238666667
6105	74.44563	69.9302810248062
6106	0.21721095	0.152531269092045
6107	10.848543	10.9865505523413
6108	75.20048	78.4664441873874
6109	4.6705656	4.25959115952525
6110	0.3285166	0.310352813970833
6111	0.2252777	0.286914743332609
6112	0.39823776	0.249691802259804
6113	35.19034	31.7446322833333
6114	21.54594	24.6573983166667
6115	19.249794	17.9361760057143
6116	6.944084	6.32760461909722
6117	39.27367	38.6449987125
6118	17.665342	18.9569018592593
6119	0.9565856	0.961493084604762
6120	79.4476	73.3337068386179
6121	0.011331021	0.0439448515361261
6122	89.0504	93.0402273574074
6123	31.921291	37.0388345258621
6124	0.049185637	0.172260162486191
6125	0.012321216	0.140360412881429
6126	0.029992135	0.16480398216828
6127	0.013771913	0.0441061833087963
6128	0.00718354	0.0912552193880631
6129	60.441902	64.1399945275194
6130	30.17958	34.9715899289216
6131	3.3886855	3.37394922901709
6132	0.36323565	0.189917624346491
6133	2.8704329	4.40719014724806
6134	49.749794	45.2812798853535
6135	0.38089558	0.220626213654264
6136	37.380497	39.8320796033333
6137	9.642181	9.41115862370371
6138	0.086624645	0.22000451261748
6139	0.023512518	0.359136037944651
6140	54.668003	55.3701464760684
6141	0.07643161	0.194665405206863
6142	86.60037	82.3067194603704
6143	10.353147	10.4350317
6144	9.347208	9.1454891996
6145	1.8348241	0.936519319545833
6146	81.578606	82.3625338115741
6147	0.21331054	0.208161517307692
6148	14.1413	14.608221667803
6149	38.470844	41.05738300625
6150	13.965706	14.9691934635417
6151	0.027945466	0.108527305261083
6152	0.20260537	0.250097544136559
6153	0.32604828	0.507142142159048
6154	59.82524	56.6545007964647
6155	71.87389	70.9213164693694
6156	2.7450645	1.15670624369271
6157	29.603298	29.7728582116162
6158	0.17154405	0.212265551820175
6159	1.3786166	0.662990716734804
6160	69.0778	67.0263360183761
6161	0.088280946	0.218175257563889
6162	59.613674	64.0287293269608
6163	0.32470936	0.23512130217963
6164	0.038255323	0.100720998799359
6165	86.76219	86.6304092325758
6166	0.0063789813	0.141223822902549
6167	72.1651	69.7985974856589
6168	1.4046421	0.811355168147561
6169	0.6940111	0.561147879707843
6170	0.008306107	0.0849489758978379
6171	0.073327444	0.0795145929715517
6172	62.42056	63.2771155328572
6173	5.264876	4.33362090918699
6174	0.077189244	0.188918655541698
6175	0.10003461	0.113945292098944
6176	60.561844	64.0059138305555
6177	0.1803353	0.220888449715789
6178	61.98179	57.9811010644144
6179	0.25485784	0.246063827605882
6180	41.479992	42.0355789930556
6181	0.013918764	0.169981927797436
6182	0.31334615	0.4463559621675
6183	48.216164	50.8600582329365
6184	0.17383616	0.235712103592857
6185	0.0047125956	0.0281034434666667
6186	0.21833602	0.2102185176175
6187	2.2788546	3.35497710585714
6188	31.934872	30.4772652871795
6189	83.66213	82.5604315763441
6190	0.08073106	0.0703347196388158
6191	38.10388	38.9727205948718
6192	69.68574	65.8214348707317
6193	0.27060142	0.228077200028947
6194	34.841324	35.1340136816092
6195	59.0327	61.3069051446079
6196	0.03520208	0.165251771365417
6197	0.16410434	0.322369383689431
6198	28.374537	28.3910515017544
6199	28.11132	26.2294810513889
6200	0.010440534	0.0292820991483796
6201	0.12417404	0.202036493945455
6202	0.08697317	0.139908342443089
6203	62.06751	61.5301286323232
6204	0.06493966	0.0462021664865591
6205	0.40862966	0.146070238057952
6206	40.072773	36.536869154902
6207	0.04527017	0.0197401023683333
6208	54.72954	57.9063080702703
6209	0.7789949	0.433103532717593
6210	0.009739921	0.0593354813171545
6211	0.028525488	0.185558003437195
6212	35.547462	38.3056663481482
6213	1.9889808	1.63128494881863
6214	18.934437	18.7282758787037
6215	0.03592129	0.0985806969751111
6216	44.32226	45.3462791416667
6217	0.2000376	0.234453519035417
6218	8.087006	7.68276677918919
6219	0.30848616	0.255845558805556
6220	0.19565114	0.376449472964912
6221	64.719894	63.8742159433333
6222	1.0769324	0.980325614514912
6223	0.7368527	0.408383138317262
6224	1.2618601	0.149514267697619
6225	12.787564	13.3377036977941
6226	53.265804	51.2339127359649
6227	1.1920463	0.178038938027576
6228	57.2963	52.9653355561905
6229	2.567085	2.03192749231481
6230	48.757694	44.1909375864865
6231	0.3835705	0.314346935468919
6232	0.72851247	0.151206813523417
6233	0.43045652	0.22147616234951
6234	29.467112	29.9843118383838
6235	0.1331234	0.103574793526402
6236	45.21749	42.2281645857143
6237	92.84408	95.5670601227273
6238	0.34499055	0.157306143725714
6239	0.042084232	0.155896955310882
6240	47.8415	47.4494471235043
6241	25.394032	22.8693355085185
6242	0.026395002	0.051331669374951
6243	0.7500366	1.11214868646354
6244	45.6299	49.5527128458333
6245	28.300386	30.4857973844961
6246	1.1092002	1.20044691117162
6247	47.72209	50.6168567342593
6248	0.04927657	0.0891188707452381
6249	0.11948014	0.11689044135075
6250	0.09678933	0.260433233410417
6251	61.203228	64.6247853547619
6252	2.63513	1.83996128608974
6253	0.018500926	0.774727716645238
6254	0.6377376	0.384754570130729
6255	0.41203657	0.243429020118468
6256	0.24726138	0.239503385217647
6257	0.4572962	0.394237411091398
6258	0.27636334	0.205262104116078
6259	34.18763	27.2167209029915
6260	0.13097994	0.213370267521015
6261	84.57907	90.8700960205426
6262	0.011859716	0.0289866948278912
6263	72.95585	67.06729385625
6264	121.86307	118.490781063889
6265	13.669452	13.4848633805556
6266	6.367107	5.42424800354167
6267	94.9767	90.3515097675676
6268	0.06159601	0.158005473472222
6269	81.852005	85.5768413874074
6270	0.007062049	0.0215769560509524
6271	0.4274522	0.405966371476191
6272	0.008901117	0.275604542859524
6273	0.82342964	0.609402565381081
6274	1.2504637	1.44576997708781
6275	0.05644826	0.134360009351389
6276	0.3653621	0.324511881117204
6277	117.11597	113.246570865873
6278	0.16072091	0.213479805876984
6279	19.132643	16.5979854036822
6280	0.06234493	0.258944956185859
6281	44.465626	48.102787627619
6282	11.518973	13.2908061626263
6283	0.23616645	0.278137593158537
6284	70.149086	70.2891324162037
6285	124.564606	120.841386451613
6286	0.34690368	0.426879359530769
6287	23.72618	25.3127523783951
6288	0.5349997	1.16890196518409
6289	0.046979647	0.0444784755558621
6290	0.007821623	0.10819689402265
6291	0.01124081	0.0488387903941228
6292	87.58004	86.0352837772222
6293	2.7744455	3.09295509215686
6294	2.6315215	2.66273256946236
6295	0.14351363	0.239754663203125
6296	52.767204	56.8030890717593
6297	35.089725	33.32917544125
6298	0.1080164	0.158713176126452
6299	0.21046507	0.152053247902299
6300	58.57128	62.1771729552381
6301	1.6896152	3.08447184784314
6302	3.1263027	2.8764547682451
6303	0.37908357	0.541193213819697
6304	0.14421117	0.650130811519231
6305	0.27135834	0.225793266094086
6306	0.046732496	0.308947350643678
6307	8.380982	8.14366851843434
6308	59.45615	61.3862030122549
6309	0.3120651	0.153030145281171
6310	109.90203	100.719428308712
6311	51.887794	50.5392902430894
6312	28.665226	29.3194676720588
6313	0.44212174	0.265367473231481
6314	65.08358	66.192120222381
6315	0.49901003	0.961637063077381
6316	0.087208085	0.657854438791176
6317	39.921284	36.3327861577778
6318	1.0797017	1.22043512786364
6319	31.845007	31.6459357175926
6320	0.061720576	0.0766625915944445
6321	38.585102	39.0541440526042
6322	6.2098484	10.0545161246739
6323	85.46051	82.2659860732323
6324	46.63618	46.6968938279412
6325	31.730843	34.743352800463
6326	4.5763426	4.13378968091667
6327	46.138668	44.9524640061905
6328	0.03297385	0.0768945409793137
6329	0.6707105	0.776526773799145
6330	44.71908	45.1716049754902
6331	0.007367491	0.0730712122036667
6332	0.43666884	0.509056968161765
6333	29.739954	27.8279114514286
6334	0.15792252	0.0962013640703704
6335	3.3485494	3.12944027185714
6336	0.023246553	0.0633567807448611
6337	59.868923	60.6396750758333
6338	0.55170816	0.305567655576515
6339	0.27631402	0.234729336471264
6340	1.3053159	0.227516023630583
6341	7.790641	8.4894964595098
6342	0.19471346	0.579285231646847
6343	16.228863	15.873694917284
6344	7.488268	7.98021023714912
6345	0.68793887	0.267046208239837
6346	0.48443225	0.435457218065315
6347	0.026838802	0.0721067287087963
6348	81.39153	87.0843548361111
6349	9.59526	9.59683580569767
6350	0.21339636	0.663674285017241
6351	71.26872	77.5195617209678
6352	10.440352	11.3320050631944
6353	0.27775532	0.207348732981373
6354	0.06471456	0.166888038087687
6355	1.934543	1.61597977651282
6356	2.4602976	2.53754962321705
6357	5.461186	4.43351109959596
6358	0.38753012	0.354088663069893
6359	0.14835025	0.505396684653846
6360	40.765976	40.890415962963
6361	0.18616718	0.172742465483604
6362	0.11346157	0.0379363147907207
6363	5.2181616	6.44428166712121
6364	2.351402	2.0619055859
6365	0.5110413	0.586300624366667
6366	11.5900135	9.8933302567619
6367	0.18804911	0.196161373994186
6368	0.04323755	0.0495029916009804
6369	0.004333094	0.0887771147750641
6370	13.058322	12.7560574299145
6371	0.07377785	0.170801428421717
6372	0.0070239035	0.208973369446905
6373	102.02222	102.001148737931
6374	22.481546	24.0597544269231
6375	0.16003403	0.355698140724194
6376	0.2006834	0.254597700054688
6377	0.010609058	0.053114793208447
6378	0.63161534	0.606850618066667
6379	26.164883	25.9441032397059
6380	93.5466	89.4480532272728
6381	53.551468	57.9879097083333
6382	0.07962096	0.238126172405914
6383	0.033104435	0.0829249634226471
6384	0.024743956	0.35940929065675
6385	0.08603453	0.118312620923932
6386	29.061954	31.096514770614
6387	73.601524	74.7874706391892
6388	0.6459797	1.20862648482708
6389	0.27365834	0.403783087149167
6390	15.238375	15.8856733686274
6391	0.14069732	0.247310019532353
6392	1.0585809	0.466792157036111
6393	43.956497	41.6177256214912
6394	35.965874	34.1452412625
6395	48.30632	47.9525041932433
6396	135.8811	125.796899896512
6397	13.785	13.9227708368687
6398	46.758766	43.9502394264706
6399	8.576826	6.88825181282408
6400	6.0940714	6.54031337611111
6401	0.13079931	0.1812652238125
6402	34.703148	31.2322717175
6403	36.139034	34.1676703920635
6404	44.4371	45.3085462587719
6405	0.6573831	0.52101218595
6406	0.017522983	0.246424171835417
6407	0.49229464	0.366281449788889
6408	0.6882689	0.148295590116954
6409	0.018866641	0.175074644399123
6410	13.419459	12.3732624138258
6411	66.58142	65.49501846875
6412	26.338215	24.7469347384259
6413	48.78198	49.5494246727778
6414	0.13000444	0.106465394675194
6415	2.4435406	2.36176305611111
6416	22.08805	24.5257168066667
6417	0.4643686	0.460661833729167
6418	0.15217398	0.193547732580128
6419	30.6013	27.2491759891473
6420	28.404474	27.5097349296296
6421	0.007572644	0.0511014524563063
6422	0.38715422	0.151026480734234
6423	0.15019853	0.166940755645726
6424	12.046298	12.9652254885185
6425	57.99759	57.5497121244048
6426	24.051088	25.55332064
6427	0.7849442	0.40011227976969
6428	23.26551	24.4745049420635
6429	0.17985761	0.289077149809573
6430	0.018145321	0.140960624069192
6431	26.767052	26.2733079045977
6432	79.54104	84.4089868004273
6433	70.92049	63.8885883921875
6434	0.25362802	0.214249363796354
6435	0.16390216	0.403218015588235
6436	88.42923	85.2740935495833
6437	39.428783	43.9269620367816
6438	0.45470467	0.738685391320202
6439	0.26369947	0.294642419995635
6440	0.5086243	0.478125658405702
6441	1.0621585	0.760908258664103
6442	29.97242	32.2860277617424
6443	0.008846539	0.0943319067741379
6444	12.086225	11.7054443502252
6445	0.10699633	0.104662197673548
6446	13.677828	15.2022204977778
6447	59.50061	58.6335072882114
6448	22.094246	20.7493049758064
6449	46.688457	51.0662548071429
6450	91.46601	89.2925287355856
6451	0.15406185	0.153575450252874
6452	0.9786846	0.480161445801709
6453	12.145195	12.6882013790323
6454	38.440987	39.8861643929825
6455	0.005750391	0.0231813087413235
6456	0.1464611	0.235149352719352
6457	6.5159907	8.96627353928571
6458	106.203835	106.345622321171
6459	40.986614	38.1890889704167
6460	0.6213451	0.492936251827778
6461	34.0038	33.2911940564815
6462	3.670648	3.07120969375362
6463	4.7842574	3.57634527268293
6464	120.8571	117.218284977941
6465	3.9680138	4.67117559692983
6466	0.15420966	0.271160882948529
6467	0.12182515	0.0501339142473529
6468	0.20934126	0.253902011699621
6469	115.048744	115.195794911828
6470	0.11104746	0.0289602735889796
6471	14.6859665	12.196060129386
6472	0.31945726	0.137910749467886
6473	0.1803229	0.535707407518519
6474	0.30311534	0.263308522034649
6475	7.125088	6.52169068820513
6476	0.191777	0.143817646004741
6477	0.16511674	0.0230556080828632
6478	0.017230554	0.111879712465044
6479	0.16359687	0.168918393347222
6480	8.015851	8.84262893149123
6481	0.016647978	0.159015137927546
6482	0.045575913	0.483126626638158
6483	7.1348834	6.21903191741935
6484	38.78514	39.5146223930556
6485	5.8844132	5.76638449925287
6486	0.15829101	0.264754383076068
6487	0.2965189	0.209206161078049
6488	0.29626507	0.6414960541
6489	75.60053	79.4971842271318
6490	0.24485159	0.260792583569106
6491	24.904535	23.5563007422764
6492	31.44683	30.1398714390476
6493	97.99388	94.7872784388889
6494	0.6945605	0.726878404836022
6495	76.870026	76.7221730462121
6496	9.9638605	12.2646722012879
6497	56.804783	56.38390693125
6498	14.519658	14.357529620471
6499	12.503455	14.1874315494949
6500	0.15207249	0.16009855627381
6501	32.36476	31.9197126320175
6502	0.13347846	0.199680292863636
6503	0.01891476	0.131830915247009
6504	0.18662387	0.14353451441119
6505	0.26571947	0.253455214361275
6506	2.6003907	3.16011416875
6507	48.815277	50.1219485216312
6508	13.70141	12.6641556507407
6509	11.943548	10.3279498133333
6510	1.3728191	1.02839661161574
6511	2.9833548	3.22020622407407
6512	0.025503112	0.0342495551228736
6513	46.03686	48.2578033979675
6514	16.08241	15.57462701375
6515	0.26694283	0.2484446733
6516	2.7804794	3.02230912277778
6517	12.521915	12.7863904823958
6518	0.119034246	0.227556807494144
6519	54.919186	52.062168904955
6520	55.13857	59.0709657695238
6521	4.37404	3.94134432577519
6522	0.21439134	0.29795913187451
6523	9.017744	7.221967428375
6524	8.614582	10.4322429547967
6525	2.6238928	1.43674834997652
6526	6.7770224	9.13005357390351
6527	0.15330662	0.220330830599074
6528	0.028370164	0.0271200486886111
6529	0.24082701	0.179319555994792
6530	0.025697961	0.111599048936228
6531	0.44152817	0.360392051775238
6532	90.2568	91.3506425941667
6533	0.004420757	0.0516849727775
6534	66.222244	67.3455906105691
6535	0.045469802	0.157124131062917
6536	0.14142461	0.235060938187805
6537	23.023998	21.9590579689189
6538	104.49368	102.043715853535
6539	36.261555	37.5392720318627
6540	1.0442498	0.579816970773171
6541	59.36038	56.6116702324074
6542	0.5151194	0.745854943276042
6543	0.28991947	0.21635517469881
6544	0.25303257	0.148263950881795
6545	0.30520883	0.199384674677315
6546	0.079577	0.221488046538889
6547	0.4676958	0.286840236746212
6548	86.29107	80.2849877599099
6549	43.48003	43.6301217361111
6550	0.3854907	0.461431802738095
6551	0.018771214	0.143935955516667
6552	0.121044755	0.278970982539216
6553	0.13524164	0.109409003409756
6554	0.073677056	0.0912013603906141
6555	96.893135	94.9782970550505
6556	2.9447906	2.62419290348837
6557	0.04298912	0.118192051893333
6558	0.042609684	0.0245718947591489
6559	46.309093	40.7192421383721
6560	17.887747	17.1148927537037
6561	0.0086737955	0.278905074674074
6562	23.747372	24.7265995179012
6563	0.24408838	0.167161223443553
6564	0.010825226	0.185682900766111
6565	11.903023	12.3686806006579
6566	0.2938901	0.0919809217478632
6567	0.34119946	0.319671897276429
6568	0.59228444	0.302577905432973
6569	30.410263	28.8729557306306
6570	17.95178	20.3877563672043
6571	0.30642366	0.218394098038095
6572	10.034296	10.3108461797436
6573	0.06111128	0.185367178223889
6574	33.558178	33.8367513973684
6575	0.2080938	0.176481846878095
6576	0.3729163	0.233725325959211
6577	62.608852	66.9604469689655
6578	16.928228	16.1125340646341
6579	89.87877	95.9731290884921
6580	40.868126	43.6381236572072
6581	25.949587	28.3624527161765
6582	0.19452406	0.320726330056667
6583	1.1094213	0.545048688632883
6584	0.0847798	0.137280783648529
6585	0.29060498	0.14631660350307
6586	35.53171	36.5136942936782
6587	74.095406	67.0023404191919
6588	7.7241993	9.7266369281746
6589	1.0754976	0.611472136060606
6590	0.5072158	0.251999982659375
6591	0.1732443	0.261469920583333
6592	0.13440126	0.236063884824074
6593	6.697105	6.79934499406863
6594	25.90876	26.3242592986111
6595	29.28869	30.3429428285088
6596	16.040976	14.6500953356589
6597	1.9846506	2.0273052067713
6598	0.32246348	0.281415135933333
6599	0.009146501	0.0612049721543243
6600	0.1897485	0.166852906194781
6601	0.25898644	0.202790776123333
6602	0.25700516	0.401076862782828
6603	0.28813943	0.244620365909259
6604	0.2605532	0.129716425406963
6605	0.05512446	0.288755395346667
6606	0.19898039	0.454911789387387
6607	116.30378	119.420644996191
6608	51.698914	50.8189857135135
6609	0.02585181	0.124809562962828
6610	0.11406808	0.435577043756579
6611	67.25825	69.4611183220834
6612	57.33114	60.3622288965686
6613	0.08362876	0.151913290747833
6614	0.78154355	0.781397925550407
6615	67.43807	64.9087311863636
6616	88.86491	94.20402124375
6617	0.0066274954	0.109683930645083
6618	0.019324116	0.327228432283951
6619	86.75648	89.3366041757576
6620	0.0792747	0.0543908184062745
6621	6.4000554	5.40850935902778
6622	0.2603541	0.287746297997475
6623	0.49901173	0.607361354330952
6624	54.46019	53.2651625088889
6625	67.26936	67.5217346077778
6626	0.62890434	0.240126172208642
6627	57.33369	58.5109219570707
6628	0.18657324	0.159984660457752
6629	55.676094	57.3445461884616
6630	0.5653879	0.226187356485495
6631	39.33845	37.9582552693694
6632	63.067142	63.7460292887097
6633	0.10044587	0.318991692647675
6634	42.904877	45.7538244402439
6635	0.06768167	0.201464358808824
6636	0.0091610225	0.0172378179874074
6637	83.969215	85.3473020904762
6638	1.012231	1.00917103388725
6639	3.7263865	4.24675224632222
6640	49.727848	53.3965608297297
6641	3.9720075	4.21513317777778
6642	2.2546618	1.80154848707619
6643	56.425285	57.4069880268116
6644	95.21386	90.8043708875887
6645	0.5080741	0.298261350959896
6646	0.52157104	0.585902663802941
6647	1.2714379	0.814893451826263
6648	0.03699026	1.89806766106943
6649	45.13702	52.171301405914
6650	0.31063348	0.157676297523118
6651	122.698135	112.562519335417
6652	11.826359	11.9046826619792
6653	0.28798968	0.194407730548387
6654	0.109239236	0.160602211243488
6655	0.0058171484	0.190684947957402
6656	0.04042812	0.0738837594673656
6657	54.758472	52.8578504995238
6658	0.11040861	0.176652964556589
6659	6.6838083	9.60904311967592
6660	10.030728	10.8915586233333
6661	0.27575696	0.226939639577059
6662	35.30785	32.8834853671171
6663	0.008845596	0.170203943313889
6664	0.0122707775	0.196051978239444
6665	0.08270199	0.278697363132323
6666	0.0076919883	0.0864792773796759
6667	79.28102	73.8214345470588
6668	49.362133	47.9426848078125
6669	0.58312523	0.286510178280107
6670	34.143955	36.8240677682927
6671	1.3612907	1.6058957962971
6672	0.37354866	0.669833616631579
6673	2.3095546	2.31681008861111
6674	24.00109	24.5978641671171
6675	50.890625	53.6359698356322
6676	7.2920494	8.00857688666667
6677	0.01413582	0.0633757341140805
6678	0.015578927	0.0246716505786325
6679	3.3957841	3.22044653446512
6680	0.012720748	0.06533612845
6681	19.806202	23.7072494726852
6682	0.12145881	0.204962232573611
6683	5.3595624	6.79500077753968
6684	0.25275278	0.309984763989035
6685	0.36567032	0.230118280284861
6686	99.1953	93.541897666092
6687	0.061198063	0.106612958837634
6688	19.667301	22.0558889683761
6689	9.042802	8.1148405017094
6690	0.012877014	0.101623979956302
6691	37.714794	39.2534692337838
6692	3.418796	5.00599599766667
6693	60.573513	61.528290979798
6694	4.3264914	3.67668412707207
6695	0.01419621	0.0590446883778049
6696	3.0286367	2.34547920879845
6697	0.08857362	0.0703452522032408
6698	0.112366654	0.190593928538235
6699	44.76371	43.3351689005208
6700	0.16110821	0.802736564984186
6701	0.5165176	0.50001798169213
6702	1.1365832	2.00837847097917
6703	61.9426	65.4431111563063
6704	0.108726315	0.183181765012602
6705	23.279442	20.2461168041667
6706	106.04297	107.728653046899
6707	0.22149421	0.20653139224539
6708	0.4950347	0.744578460195588
6709	45.73173	53.5858348212121
6710	2.7042563	3.91715672752874
6711	25.493998	24.4620105193548
6712	51.842327	52.1767929942982
6713	70.57303	70.0436538444445
6714	6.122455	6.13890694782051
6715	90.073135	93.6047552373738
6716	0.40287948	0.237450623350463
6717	85.96164	85.6019990557143
6718	0.6248471	0.963369476863636
6719	26.51978	32.5304846380952
6720	0.11712231	0.212099421540952
6721	99.43459	95.6535834628205
6722	0.47740066	0.188087271097222
6723	25.197138	20.7043801025253
6724	18.170189	21.4814622321138
6725	0.88149285	0.591925258284314
6726	0.08533311	0.110043178816667
6727	0.43923822	0.165716708546581
6728	2.5717018	2.4067500752381
6729	0.112405606	0.307776735599583
6730	0.02602738	0.105524025366389
6731	0.015001568	0.163243010747154
6732	0.1111738	0.25591484015265
6733	46.82383	53.979089996124
6734	111.48594	107.059266636667
6735	63.816883	66.7742184981482
6736	0.28049794	0.316080224956803
6737	2.6319776	2.30074722672043
6738	0.2811258	0.334687349824167
6739	33.96239	32.4614255289474
6740	0.02172801	0.0402671621308333
6741	0.021740668	0.0142318195643011
6742	0.19666278	0.300715590397863
6743	15.903289	17.3993123166667
6744	0.14788626	0.0723102749226852
6745	0.33155888	0.297169157861616
6746	19.108885	18.5012984991667
6747	0.045173705	0.120134171866316
6748	51.527657	58.8108519309524
6749	3.8018887	3.80518006885417
6750	0.017351553	0.21219188660125
6751	36.73084	40.3870381923333
6752	0.24207339	0.183468189180159
6753	55.16025	53.76436571
6754	23.535662	24.3952239876068
6755	5.993635	5.8865720031579
6756	51.89781	56.3331488921986
6757	32.325706	33.2703392523148
6758	26.54609	24.2438109697674
6759	1.3771502	1.70890617733333
6760	0.20545945	0.279487186773684
6761	129.82677	123.387149862791
6762	1.3940071	0.996786523641667
6763	0.9494527	0.943556802420238
6764	0.06371786	0.131602461937
6765	18.355824	18.1446005589744
6766	67.18834	68.3921782617284
6767	2.2660172	2.06773578503252
6768	0.30424094	0.650454293107527
6769	0.5847955	0.613787020702703
6770	15.888587	14.2836878126126
6771	0.2610901	0.246668020454054
6772	40.79634	43.5688886225
6773	81.932915	76.4201086776316
6774	0.4658384	0.253325093848062
6775	0.14473018	0.206506690844444
6776	10.865095	11.2417929193333
6777	0.62943745	0.770597091611111
6778	0.0054349685	0.0653368345484375
6779	33.840324	34.640691853125
6780	0.072528586	0.114047921954144
6781	0.031357966	0.305372612203026
6782	10.487355	10.8161968662037
6783	77.50916	83.3567773682927
6784	0.013719165	0.250790277333492
6785	2.4256525	2.30811250864912
6786	4.7588067	5.16354609555556
6787	0.009643707	0.386430335992157
6788	53.523144	52.3026186072464
6789	0.33043477	0.162715700289474
6790	51.997143	48.80008746
6791	0.05242582	0.263816405745727
6792	41.518383	41.7141484266667
6793	0.10743592	0.205455233778495
6794	82.84871	82.2352512713675
6795	36.786263	34.0343464364865
6796	69.63162	65.9100245419192
6797	17.001678	17.2833713034722
6798	44.581562	40.9678913845238
6799	0.056790486	0.197188216337917
6800	0.347055	0.292206800479167
6801	0.93070513	0.624090357575269
6802	0.23941937	0.244489738522222
6803	18.352646	18.5103664179825
6804	97.571884	88.627093044186
6805	0.31351924	0.450838982804878
6806	1.8081435	1.28698876096869
6807	0.24603559	0.174063093588235
6808	24.049526	23.6168484160256
6809	32.287216	35.1371740296748
6810	0.86589015	1.73335409156863
6811	0.54186	0.587365382665
6812	0.66622597	0.270759410654546
6813	0.53581333	0.163409547009756
6814	0.17037584	0.214011848732269
6815	6.6737714	7.01658876566667
6816	0.021032749	0.0586770323563636
6817	0.13844955	0.304412912931111
6818	0.039502338	0.191141727381081
6819	35.526665	35.2907542976191
6820	1.1027776	1.00782603920513
6821	0.04377547	0.207753022088452
6822	46.85596	41.1765079122549
6823	61.508133	63.6272633421297
6824	5.6449876	5.96334222143939
6825	0.0025104615	0.0146227268884804
6826	112.67391	108.313927417105
6827	92.6751	93.1829117061404
6828	8.5503645	9.1840775127451
6829	4.5044017	4.42530512609375
6830	8.010088	9.20742503378378
6831	9.535596	9.0469622909829
6832	5.448246	5.01431104318182
6833	83.43341	81.8621671283333
6834	0.028808342	0.155187174430159
6835	0.07986144	0.133017916453556
6836	0.6110962	0.434614488112319
6837	0.25800234	0.317459492120833
6838	0.3161909	0.24937770182197
6839	22.253439	21.5202367638889
6840	70.253654	69.3414476557823
6841	6.146644	6.80590404455284
6842	4.76523	6.0550182245045
6843	0.18433237	0.198733501630894
6844	0.0074157696	0.165273563935175
6845	2.7870045	2.75162624087778
6846	29.764212	29.9389640388889
6847	0.40601858	0.297081790554065
6848	3.5042496	3.73436372641975
6849	74.07535	71.7369396570833
6850	7.0683193	8.15415799333333
6851	0.10906069	0.165137251363597
6852	0.3344037	0.672862143938095
6853	40.691372	42.5957716015152
6854	65.042915	62.5654965347222
6855	0.6137502	0.785139989352252
6856	0.5447449	1.10779687944275
6857	26.140394	23.9916892377451
6858	34.96101	34.7776931044716
6859	31.502295	31.1127835741228
6860	0.035406254	0.156040901010256
6861	1.0038702	0.136683155639583
6862	103.18826	100.365367946429
6863	15.196073	17.9304965391204
6864	85.91992	84.8490028442983
6865	0.01730097	0.0465839724463248
6866	7.8591337	8.10211033254167
6867	0.21799096	0.0869389694031301
6868	41.74344	41.1590037861789
6869	77.06934	81.9211869759259
6870	2.7249868	2.15307232445833
6871	0.10396952	0.109389977297009
6872	0.17582333	0.206633088623524
6873	37.20425	41.2088459960784
6874	0.5116843	0.100885793235855
6875	4.959315	5.00436682409091
6876	0.25413308	0.197409099173077
6877	7.3045826	7.16905495619792
6878	14.238413	14.969947673125
6879	41.794765	46.0567225257936
6880	0.012931744	0.10787341583307
6881	0.19340654	0.28141683317037
6882	0.13184048	0.515809671824187
6883	0.020735309	0.115146602877708
6884	0.20012686	0.209286949777917
6885	0.23858437	0.155563934118958
6886	0.9401034	0.800567529703704
6887	43.759113	39.372821975
6888	0.25121775	0.393411957958333
6889	2.4412022	2.43561469292857
6890	59.764484	66.2717533829167
6891	0.15728116	0.189995633612381
6892	0.0065338924	0.239505996631539
6893	0.2110336	0.258528145838384
6894	21.257635	22.4547675555556
6895	44.51849	47.5263975065657
6896	0.32435694	0.248335762786364
6897	0.08674901	0.0893904737609649
6898	0.14828183	0.191521679664634
6899	93.51522	96.1519995921875
6900	72.56841	79.1965030680953
6901	25.925785	24.8227591703125
6902	0.43776542	0.471200649198485
6903	0.010415605	0.172997042102604
6904	0.008952845	0.156415931194797
6905	1.3871354	0.384976620272222
6906	72.791954	74.9611542474747
6907	110.7616	111.42443945101
6908	17.239424	17.3773057764368
6909	0.14368722	0.192027818880128
6910	0.15240449	0.288999728874748
6911	64.53016	59.2301075031532
6912	0.12031728	0.154575693130952
6913	0.101109244	0.0999094279002778
6914	0.04369084	0.0841827899749495
6915	1.6857104	1.89400885451961
6916	69.238434	70.9849866885965
6917	0.021160552	0.218106849417523
6918	0.6967889	0.556293403050714
6919	0.010433483	0.144063669700625
6920	32.009995	27.1881003014286
6921	34.75958	30.3310318464912
6922	76.792496	72.0926940484375
6923	0.03647308	0.123737405212821
6924	22.513329	22.6212871931624
6925	0.034007188	0.232784408163294
6926	0.60346925	0.458122882329268
6927	0.36123702	0.234791713534167
6928	0.060874276	0.0393571842654167
6929	6.011798	7.01330631302469
6930	19.443092	18.6615067310345
6931	23.600136	26.2623927605691
6932	0.9102878	0.684348660488829
6933	0.025824185	0.131899463807745
6934	1.3080573	0.799391579822222
6935	26.467724	23.818623420202
6936	4.3555746	4.55781365197368
6937	58.4225	59.49472931
6938	0.015483354	0.093494865512402
6939	0.99072695	1.56548068414216
6940	25.270927	24.2638304296875
6941	20.941216	18.714203619697
6942	1.8018762	2.24014386873563
6943	0.054742083	0.105070277153333
6944	0.34528747	0.190091784230476
6945	2.1668775	2.53650418934109
6946	48.604336	50.9386024429078
6947	60.815933	59.1051856070707
6948	31.416027	29.7351605456989
6949	0.2271067	0.244724637080645
6950	0.086242765	0.0675835009152381
6951	0.36466798	0.148127750172759
6952	0.0053081843	0.123377205986979
6953	64.37503	59.7555589632353
6954	0.18163015	0.177352358054472
6955	13.982515	13.4834357111111
6956	38.23616	35.5333503141667
6957	0.08290962	0.143225667646552
6958	1.5412626	1.40959907709946
6959	0.10183804	0.192609655442473
6960	62.49702	58.1028698797619
6961	53.250504	50.7678936657143
6962	0.43950036	0.190822130250463
6963	4.1660414	3.77531914925439
6964	1.4796776	1.3728772657037
6965	0.018016044	0.0290208798756019
6966	0.03848904	0.259074047867949
6967	0.30729985	0.161488487429048
6968	0.33954772	0.256218834193798
6969	0.1274582	0.0860971212405092
6970	63.95949	64.8439272672043
6971	0.6886966	1.12587386865812
6972	2.7790265	2.50217506710526
6973	0.19916388	0.352656164570098
6974	0.017455922	0.140513641681197
6975	0.031069776	0.0549294627496124
6976	2.9240909	1.75084434484685
6977	70.1357	74.2074752456349
6978	0.46768653	0.204046807564815
6979	0.13379724	0.244637687306452
6980	0.774901	0.850996358279412
6981	0.91374	0.885760073520417
6982	30.015543	30.5813294833333
6983	0.7703769	0.934158016867522
6984	1.1694989	1.66607785795238
6985	6.7884655	6.5734909258547
6986	74.178535	71.1213643354701
6987	0.18752173	0.255013441463333
6988	1.7471184	1.41686668820588
6989	2.7706742	3.33397957790095
6990	0.018981567	0.0189216454246154
6991	2.3144357	2.26294927166667
6992	2.1246297	1.01803143799716
6993	41.36267	45.0042101675214
6994	67.06864	66.2924970571429
6995	0.34574878	0.279393523217593
6996	0.15740539	0.236686930402857
6997	0.6855197	0.340216997965714
6998	0.14075898	0.202077547338384
6999	41.553707	41.4140158908602
7000	0.3537093	0.183417476989474
7001	29.500063	29.5883806878378
7002	32.086094	33.7214173675
7003	49.769318	50.6319246
7004	0.23474611	0.288802554945833
7005	0.34551153	0.208167847861905
7006	2.7950115	2.38367930122807
7007	0.27707693	0.621515520781771
7008	47.73845	50.7137606944444
7009	0.14175944	0.356198602611111
7010	62.36417	63.6729687738095
7011	0.04197328	0.0675584598779167
7012	9.879942	11.9061533578431
7013	0.32721537	0.343404680305556
7014	0.04917411	0.0653242364601852
7015	0.2832092	0.218744584191919
7016	0.12023831	0.133041791085185
7017	0.018449944	0.098363789822973
7018	0.28306678	0.573740037760185
7019	80.79122	86.4497108019608
7020	2.7502348	3.81613102535088
7021	0.12203185	0.176888315764865
7022	0.48962608	0.675656624659722
7023	12.057959	10.9499218715789
7024	0.18746433	0.27729994411381
7025	1.0770483	1.13981689745833
7026	7.4113336	5.5233698831746
7027	48.319794	52.9597598980392
7028	0.37943137	0.244786249288793
7029	0.22463773	0.217748957534167
7030	6.4329147	6.1994635802193
7031	1.0169666	0.228947216294595
7032	0.23422295	0.113193138290909
7033	109.748634	100.685468226984
7034	0.1084457	0.154827511154412
7035	60.527645	59.2467021982906
7036	33.04595	33.3081325166667
7037	7.8608546	8.74012789305556
7038	0.11629001	0.212617449917593
7039	0.3757652	0.211516132957708
7040	32.490772	30.4303856726852
7041	0.12959862	0.209686254542105
7042	0.077059895	0.160996022429167
7043	0.065146	0.382352440111111
7044	56.388515	49.3470922905406
7045	19.112337	19.6670338020833
7046	24.767496	25.7643914356482
7047	0.046268854	0.172584444636029
7048	0.11209008	0.216632441770115
7049	90.6969	89.0025086443089
7050	0.22363319	0.185415686780894
7051	49.703503	52.9670671290698
7052	0.08428963	0.0978414921142157
7053	0.1652719	0.206901756757917
7054	0.00944622	0.296606333913238
7055	0.02987117	0.107942194730505
7056	100.66317	104.712433880952
7057	0.119023904	0.11694690364596
7058	9.404383	8.88743095986842
7059	2.4441617	2.81070210907407
7060	0.36001328	0.21364017781282
7061	0.024111204	0.115159544859722
7062	0.029053083	0.167767377546569
7063	18.14443	16.4785357662037
7064	0.25504464	0.325677231758974
7065	101.90483	105.531442360417
7066	1.883878	2.59936496648485
7067	58.481895	55.1432403166667
7068	67.58966	63.0703222108108
7069	9.101026	7.26851373378788
7070	0.017869977	0.202873474575439
7071	0.31362715	0.144887842564007
7072	0.11479693	0.197709804827317
7073	1.0628034	0.39627660655034
7074	0.036009658	0.0242107614334583
7075	17.010342	17.3287778362745
7076	2.3906865	3.15962806170833
7077	113.07486	114.359722221491
7078	7.4973307	8.52291317662162
7079	0.02146161	0.0453747076689493
7080	72.904236	70.8297327101626
7081	0.11226481	0.232364929975
7082	0.0509068	0.177374692611765
7083	0.15130706	0.172529743239063
7084	20.674314	17.3152711212121
7085	48.220165	46.9337578130081
7086	0.035044804	0.351488159365104
7087	8.15852	8.28575095954167
7088	104.78514	104.441882570567
7089	0.030566031	0.0329368928687745
7090	0.06863816	0.137692214900811
7091	2.6653411	3.50548912708333
7092	1.6864414	1.52431682012381
7093	68.93873	70.2652873189923
7094	0.15013015	0.149947746775285
7095	45.754257	46.4144028816667
7096	7.574965	7.09551698308333
7097	0.71397823	0.908918389113441
7098	26.519958	29.3962036099291
7099	27.813133	26.6076195598958
7100	0.3525911	0.382515632449594
7101	17.461012	14.4255891626016
7102	27.820278	28.6068801495496
7103	0.2751028	0.18600756744065
7104	18.099865	18.4653896888889
7105	0.21735606	0.20802064476037
7106	75.46321	72.8262148758772
7107	117.754974	116.610350756439
7108	22.694477	23.5193886806306
7109	0.018812628	0.0853321866391228
7110	0.609777	0.19979221372931
7111	0.08957654	0.16290941444246
7112	0.5347507	0.186687250793519
7113	0.0072193653	0.127760677354264
7114	77.92948	81.1087058142857
7115	0.3061821	0.21669377655
7116	1.8982018	1.63115362809524
7117	0.050520547	0.369811056537037
7118	87.30724	83.5483147259259
7119	71.010704	68.3386769550926
7120	75.43796	76.1369334878788
7121	75.27623	78.2200856742857
7122	1.301486	1.10113072575758
7123	56.655247	59.7032381863636
7124	0.36524394	0.261309679084091
7125	27.286732	29.6465768545833
7126	0.10567842	0.222917922761905
7127	95.483376	95.3777305723958
7128	0.33068886	0.244807414505556
7129	0.039576564	0.892133821256838
7130	0.02658619	0.217939876
7131	0.018330906	0.0295217692619192
7132	0.47232014	0.221418644229032
7133	0.2617599	0.142972148019872
7134	98.49122	100.084766391667
7135	0.034873985	0.0654005655236111
7136	0.09621333	0.100060768462101
7137	56.365112	55.3434726352564
7138	0.08811521	0.206066682790417
7139	0.71492714	0.432923440473265
7140	46.566246	46.9906632087719
7141	1.1461146	1.55196722714634
7142	51.18519	49.7741615166667
7143	0.025462274	0.155275879237531
7144	67.58728	63.1998553421296
7145	0.021092463	0.156274869749524
7146	22.107452	22.2092637538462
7147	0.281025	0.234678468101167
7148	0.2782424	0.188148788254762
7149	1.085463	0.928617919626667
7150	1.0742459	0.876277399296296
7151	0.3453257	0.235641453669853
7152	35.964916	33.9106388828431
7153	0.020069214	0.170734891997368
7154	0.033263847	0.239254567434065
7155	0.056600362	0.0803445264606349
7156	0.0077151456	0.232775970706207
7157	61.985928	58.5157377631313
7158	89.34142	87.8831944009804
7159	3.1509156	2.78347138135135
7160	0.27292973	0.295778259185185
7161	82.63834	80.7737561411459
7162	118.77505	123.593626668469
7163	0.26953897	0.275129214754472
7164	0.13860719	0.22010291541453
7165	46.662773	53.3921296888889
7166	0.50437987	0.761919380472368
7167	0.11749809	0.164710448594595
7168	0.28453252	0.158330780631034
7169	58.872047	57.1865716520833
7170	3.1218333	2.18429508817117
7171	5.5940056	5.59329748578947
7172	0.31025112	0.0915555165186179
7173	22.319178	23.0038455476191
7174	68.2217	61.327525839899
7175	3.062982	4.03931735484375
7176	0.9129658	1.77443028011927
7177	42.354866	39.5524284633333
7178	46.646744	48.2232704380208
7179	46.412563	45.6213617940171
7180	19.003563	18.2274415210648
7181	6.559977	6.04251437591954
7182	14.8768635	15.7805531443182
7183	111.04857	105.487747239583
7184	7.950931	6.87689009689655
7185	2.5330205	3.52697610527778
7186	4.1230674	4.26585444098958
7187	28.79775	29.6839714563218
7188	16.40179	15.0996316533333
7189	0.33323088	0.72360325025
7190	39.211315	38.4476801344086
7191	0.4721822	0.65249593358547
7192	0.008298503	0.110075020646204
7193	69.72124	63.1394971773148
7194	24.51302	22.1366581115741
7195	0.79082775	0.532543078918919
7196	0.14517872	0.481786438116667
7197	19.141027	18.486966712037
7198	0.2133982	0.116481512162069
7199	0.3393338	0.124369935524561
7200	0.008802143	0.0304985230886992
7201	0.13863124	0.358143861666667
7202	112.97875	124.323310734722
7203	0.12013243	0.233484227292659
7204	42.399284	40.661067409009
7205	20.795929	23.2080263797101
7206	0.093613654	0.129783329940991
7207	38.489872	35.6436278038889
7208	0.033305537	0.037306022772963
7209	31.491116	28.7198721511494
7210	25.93199	22.3382045744186
7211	36.461384	37.5460517864583
7212	57.254482	55.0026839439024
7213	0.6067152	0.216993203447619
7214	62.22792	61.4062117716667
7215	80.00338	75.4605714484375
7216	0.013080002	0.226897049978175
7217	19.297081	21.4395264189815
7218	9.1083765	8.25971627197917
7219	42.516903	45.81726396
7220	46.1245	43.5476276555556
7221	2.3939478	1.62076619743333
7222	9.164157	8.2712077958547
7223	52.356678	46.2020516511364
7224	62.578945	62.9662731798611
7225	10.611139	8.84625283454955
7226	0.09712963	0.382933571162791
7227	0.13038278	0.197641204431746
7228	2.8641758	2.62157189435484
7229	0.1832415	0.219550694335
7230	3.6741817	3.07888873890244
7231	15.964444	15.9540978902778
7232	36.919647	37.1461068482456
7233	0.080089115	0.095121144677
7234	1.02773	0.636078044291453
7235	58.575222	59.4359770103175
7236	1.8955268	1.61094405270313
7237	52.3967	53.0649552715909
7238	14.334034	13.7864300010163
7239	22.813595	24.0995773850877
7240	5.1856728	5.04515056842593
7241	32.03326	33.4071878427351
7242	5.1853495	6.18242035698198
7243	51.638145	54.1260678558558
7244	2.7658272	1.99332090743827
7245	26.605244	27.1807992382114
7246	14.464474	16.0994713681373
7247	0.1575817	0.222192061889236
7248	0.12893832	0.162356864206159
7249	0.07087936	0.0368094174921717
7250	0.1279703	0.0563118015961111
7251	0.012778169	0.137000330224065
7252	0.013038838	0.0680558152155702
7253	0.04561295	0.134131675768056
7254	0.49469325	0.488824043607692
7255	12.873218	14.6655234051075
7256	41.03102	38.158216742735
7257	0.5114748	0.193110389102222
7258	6.860862	6.07331831545045
7259	99.86578	96.0393747828947
7260	0.0886316	0.132914414735602
7261	8.404841	9.51631379085586
7262	72.53497	72.8763528442857
7263	0.07890676	0.319209673336765
7264	45.624355	41.6456336585859
7265	72.540405	71.9246411666667
7266	0.07247631	0.158937324266667
7267	2.2823904	2.54123016337398
7268	45.235798	47.1445144704167
7269	0.38555786	0.191483093705882
7270	0.019422868	0.198899692036742
7271	0.5577443	0.696183300906667
7272	0.25407237	0.501773473376069
7273	3.2894523	2.29163275494815
7274	0.4138194	0.216723996710859
7275	110.4217	108.815877690476
7276	1.60031	1.66197392287963
7277	0.38769078	0.269430799848413
7278	0.55687916	0.49344559734188
7279	0.28332072	0.293711105697607
7280	12.187543	10.823921610101
7281	31.17103	29.4212006609524
7282	1.0378479	1.08404849039238
7283	78.38472	74.8754313916667
7284	38.564346	39.9022496203704
7285	0.008994641	0.0374827556683333
7286	56.906067	60.904559592381
7287	1.9660907	2.35456219318378
7288	0.008514719	0.148279693624009
7289	133.09396	123.070281805051
7290	19.395777	17.8929100342593
7291	0.121596135	0.209653941155285
7292	73.24429	76.1188330777778
7293	0.013533113	0.107025970462083
7294	0.46258983	0.458274138054286
7295	3.3743849	2.74903211074713
7296	0.09882628	0.219627409278604
7297	0.39196655	0.545009712545977
7298	0.06772412	0.0866755140596296
7299	0.06296862	0.191431574343011
7300	0.73703814	0.693276974370371
7301	5.0761456	5.52741074589431
7302	26.54888	24.2578700120155
7303	6.6101503	6.26226511324324
7304	6.430779	6.7666587034188
7305	0.3899408	0.782993985829412
7306	2.4328432	2.91338706810811
7307	0.39132988	0.180890197332083
7308	45.348503	46.7817035333334
7309	42.713657	43.4598021921053
7310	30.547651	29.5521891790698
7311	66.309105	65.8760930222222
7312	90.105896	99.5888201212121
7313	2.627673	2.81973178109402
7314	1.9880745	2.3781893823748
7315	0.14571224	0.214713942126667
7316	52.410103	55.6196902677778
7317	2.0235453	2.3618234482381
7318	37.01284	38.5283939956989
7319	0.2783387	0.396437030865833
7320	0.18087476	0.189044661451894
7321	49.235687	47.7322873932432
7322	91.073975	84.4218807307292
7323	0.2869826	0.487570248438889
7324	0.3078306	0.201010590882917
7325	2.566314	3.16227370403101
7326	16.902922	18.0545740824561
7327	21.480097	21.3519413848039
7328	1.6511984	1.72004027275
7329	2.9002016	2.2914520231579
7330	48.424232	52.8951111388889
7331	0.103404686	0.101953131012121
7332	0.2572257	0.254780244677778
7333	0.004420955	0.281094831167805
7334	59.80498	58.5085071720721
7335	4.6357713	3.34539907981905
7336	17.280863	14.9096769382114
7337	24.630133	26.5247099512821
7338	54.082737	56.5145004465686
7339	53.010834	49.6733406900901
7340	0.23664436	0.2449268631775
7341	0.080330625	0.136474635980313
7342	40.292377	40.887794290625
7343	17.047482	17.9474046191176
7344	0.12370395	0.2086433513975
7345	8.852665	7.85805292747863
7346	30.461254	31.6836857900901
7347	0.00448172	0.028723354605
7348	0.5804586	0.3117611568555
7349	0.03356704	0.048293660129
7350	2.729729	3.18903938489899
7351	0.0060421317	0.0892315620780808
7352	0.020151468	0.0666524461135354
7353	3.251144	3.26811809643678
7354	0.03755162	0.255024562948571
7355	50.755844	49.8800992890476
7356	0.31572506	0.310956145713415
7357	4.0751743	3.9340433717197
7358	0.6518903	0.547944405880952
7359	12.131821	15.5590892529412
7360	55.579914	54.5718509880953
7361	0.13988775	0.0872710656763415
7362	0.9608545	0.183300435684917
7363	0.44376907	0.300700607764815
7364	59.028633	59.646168039785
7365	58.983616	60.7282097171569
7366	3.0135944	1.98347428965686
7367	64.1015	69.4742381507937
7368	45.68716	44.3937141425
7369	0.13680883	0.155973751459615
7370	0.1441228	0.241218361563492
7371	0.16814354	0.370413523651515
7372	55.72209	52.6823917392857
7373	0.17521116	0.311491750037719
7374	93.489944	88.2301942833333
7375	0.085279346	0.129003780768137
7376	4.167219	3.70976289837209
7377	11.817061	10.6434720799603
7378	0.116343394	0.207725736170455
7379	0.059805248	0.125756871538542
7380	0.3641521	0.257862932513158
7381	0.14225487	0.189339281552846
7382	0.9968496	0.674305281080808
7383	0.13443983	0.814496161030128
7384	1.1228182	0.229224669322396
7385	47.802185	46.8957595934211
7386	0.6890114	0.390583557519608
7387	2.650101	2.81020046695652
7388	0.19938752	0.108435495721768
7389	19.2655	19.3796262508547
7390	0.1456088	0.190543855798286
7391	0.05622091	0.442086502189815
7392	0.6792262	0.493922555816667
7393	0.22674406	0.131450617556897
7394	0.30748934	0.905780135855208
7395	0.022502845	0.294735742244445
7396	0.19102648	0.230527853399123
7397	31.861643	33.1672851880208
7398	0.10016993	0.121872205860588
7399	121.601	117.482935380894
7400	0.3723159	0.300311494623577
7401	0.16373722	0.272481255694444
7402	0.008387701	0.155785461657374
7403	39.052948	38.22974176875
7404	0.012089134	0.109642410558565
7405	1.8481641	1.05600952493434
7406	0.36372983	0.77080968032906
7407	42.05922	40.8524172348837
7408	0.48345485	0.250860252469444
7409	12.644794	11.8324338204167
7410	0.32388535	0.1843570787625
7411	1.1749281	1.72442428727027
7412	0.36666018	0.148324350899561
7413	0.13430145	0.207157625795194
7414	106.23504	95.7632921946079
7415	0.009157587	0.0345217515066204
7416	0.015389812	0.134151064278495
7417	32.34407	32.6153734259259
7418	0.24042346	0.173273047883838
7419	5.1172547	4.80930215741379
7420	3.916396	3.92093032069444
7421	0.18744157	0.274139337024206
7422	0.007901142	0.048279048854537
7423	6.646901	6.93902595554348
7424	0.1135331	0.22461031492058
7425	18.830671	15.4717214916667
7426	0.019261423	0.227036968008611
7427	5.4922147	8.02826177739583
7428	10.633669	9.64475587738739
7429	0.02196553	0.139339418585897
7430	86.214066	100.011747042857
7431	43.012	43.5246189633333
7432	0.08758405	0.186824400001577
7433	0.7380796	0.393398814205983
7434	0.69964665	0.420744820178
7435	0.23890007	0.154668393675238
7436	48.78889	54.0747550844444
7437	0.5880339	1.09140127256099
7438	8.940883	10.0646451331034
7439	0.23914018	0.147817946697748
7440	0.29745317	0.148426271242121
7441	14.353117	17.2341646069444
7442	0.25063863	0.119087402581306
7443	0.12580226	0.102773544795556
7444	61.57094	69.5924577743903
7445	55.68733	51.6077029892473
7446	9.132184	12.6395654487179
7447	0.25530934	0.267511949499206
7448	39.02903	41.5921091407407
7449	0.26618424	0.148869249598333
7450	72.44036	69.5675673321138
7451	0.011270349	0.062622815482907
7452	0.15752307	0.241504974693333
7453	0.21820849	0.293227351876667
7454	0.5046296	0.349941765452632
7455	7.7394266	6.80762871144737
7456	0.056589298	0.0397222438582099
7457	9.809172	9.39272839268817
7458	0.8747563	0.525952632482857
7459	2.486319	1.77103441153431
7460	35.697704	41.3494737684211
7461	0.24190533	0.142469992500758
7462	0.27066323	0.124536253622685
7463	0.29705027	0.133316152016473
7464	0.34190226	0.251741801812593
7465	56.938522	55.6839691210526
7466	0.17102729	0.458273216930081
7467	44.20892	43.9448588921875
7468	0.15436922	1.57135439119192
7469	0.005949432	0.17844155531151
7470	25.356745	26.0393363098039
7471	43.86061	47.0598147103604
7472	0.021433719	0.142733286479167
7473	0.6002848	0.528926789850575
7474	9.110654	9.80513439444444
7475	0.3754082	0.221040640221212
7476	0.062236555	0.0760755306604598
7477	0.17931078	0.209188474232381
7478	1.1320567	0.508056510409524
7479	0.0076431064	0.477329052885447
7480	0.33504978	0.320047453228476
7481	0.3417237	0.405057780334228
7482	0.020015314	0.264439692148387
7483	0.8349023	0.496999386140833
7484	0.11589847	0.11747343591619
7485	54.94299	48.6678729387387
7486	0.05430061	0.313002580627778
7487	10.066031	11.7245236777778
7488	0.12222584	0.170409222247436
7489	4.5212216	5.18095670997475
7490	70.871544	66.6500415994048
7491	28.503141	28.6050212563063
7492	2.0122015	1.82332360921875
7493	0.006470857	0.040610885909697
7494	0.34874776	0.753789777026334
7495	93.14423	94.0814180908333
7496	109.91778	105.819016924242
7497	0.010067585	0.0342642650514647
7498	18.448217	20.8318349625
7499	41.980736	39.2350726833333
7500	8.650929	9.59810939468254
7501	0.011372125	0.435156714542157
7502	0.008681486	0.0210721770742593
7503	0.13227488	0.476080239776577
7504	0.055436146	0.195860070775198
7505	0.45066947	0.232429066257692
7506	82.56358	77.7305267922764
7507	75.53636	68.6617402868421
7508	17.059961	17.2626198496032
7509	0.43618774	0.686659013359524
7510	8.90643	9.16434865243903
7511	0.18659206	0.226953438756746
7512	6.111383	5.17252228089744
7513	0.9403684	0.74587920882193
7514	0.19543907	0.468960945577305
7515	0.8280209	0.522657312693137
7516	52.705433	50.2504221488506
7517	0.0954816	0.218243861446491
7518	58.12206	56.8790357733333
7519	0.016291153	0.163074719368796
7520	21.968407	21.4159137376344
7521	64.328224	66.731250329386
7522	0.23162304	0.344874084304505
7523	25.669012	24.7869349078704
7524	81.98034	80.7835617837209
7525	0.7885047	0.478324933158081
7526	13.241235	11.9290507485185
7527	0.31037894	0.219774796158854
7528	0.012908772	0.142803525056757
7529	61.8661	61.6881146459596
7530	0.18748753	0.160856983922727
7531	0.18768562	0.22815387815
7532	0.029772267	0.0429664972538461
7533	19.456347	20.2261114740196
7534	1.8380587	1.90569940770115
7535	32.3988	32.4718130238095
7536	0.061361246	0.0683176888872727
7537	0.20932792	0.176129808593421
7538	0.06617824	0.0338913044217241
7539	0.081288405	0.16926669020545
7540	0.60653317	0.319146986852032
7541	0.01729769	0.0933400986349603
7542	74.18384	73.0719057972222
7543	0.23806462	0.410016964463333
7544	50.00207	52.98319937125
7545	2.7054381	3.16921305882883
7546	0.11367402	0.22514844086381
7547	0.09503012	0.111087650498148
7548	0.15746406	0.16997074998374
7549	0.30039552	0.172568493284009
7550	79.125374	73.3681026644737
7551	0.037879765	0.341446152881042
7552	0.109174415	0.185790639828846
7553	0.012610987	0.169302586494024
7554	0.1446948	0.18262770905754
7555	35.640305	36.442894597561
7556	0.19761363	0.278119715534553
7557	27.55516	26.0358105166667
7558	5.541414	4.98770266333333
7559	0.27364847	0.335306397374537
7560	0.88074476	0.72313502839023
7561	4.657823	4.19935660070833
7562	0.056413073	0.0214756475468468
7563	0.061026547	0.332475026545977
7564	14.623499	14.8290808589286
7565	132.65437	134.077146895652
7566	13.486028	13.8558519856838
7567	0.8756586	0.499357841161616
7568	67.98407	60.85773852875
7569	0.017554207	0.0600730507411616
7570	0.065138265	0.273906365677236
7571	0.2199535	0.590096026347222
7572	8.941234	8.75742672354167
7573	0.029774128	0.0753285959981982
7574	0.1672709	0.145620236727778
7575	2.6846833	2.76998159614583
7576	0.26412305	0.113749913347849
7577	27.905422	26.6275551981884
7578	45.64193	48.7199129153846
7579	0.1459919	0.229243306376577
7580	0.62255704	1.05479176362366
7581	0.10440114	0.206134316776488
7582	43.636177	41.1182396927083
7583	0.20864397	0.188083692810556
7584	0.040877685	0.128556701610214
7585	15.468286	16.1101484347222
7586	37.090836	40.6647250873016
7587	0.15268393	0.186715434019048
7588	1.7365866	0.638803994086207
7589	5.506941	6.06278940308081
7590	6.445792	7.06696936198925
7591	3.8217144	3.68796818679825
7592	0.03144606	0.0875953790153101
7593	41.529476	39.8691587557692
7594	0.8750271	0.983801521763158
7595	6.4060225	6.27363028568627
7596	17.017645	16.0663320109375
7597	4.5026636	3.97085797696429
7598	1.2076153	0.887063913430108
7599	78.91974	82.9049069203704
7600	32.624065	34.07889056125
7601	1.4964162	2.67166937236905
7602	1.3741024	1.03239810412346
7603	0.9674785	0.6199808575
7604	90.21321	87.4583965537037
7605	26.006945	27.6851920097222
7606	0.06092951	0.255400106153728
7607	91.041916	93.1585621440476
7608	0.12699023	0.189130837401754
7609	52.417675	55.6833819367647
7610	92.820526	90.4175206307692
7611	1.7379528	0.877540823192308
7612	0.441064	0.380785071427273
7613	0.2376681	0.436378560237121
7614	34.79881	36.0617557958333
7615	0.7392394	0.595527814254386
7616	41.45547	44.4753665
7617	74.45174	70.9498166973684
7618	0.010078143	0.0672153017727478
7619	92.68561	96.5667371508547
7620	6.54573	4.71022939924603
7621	0.090515494	0.197932994918376
7622	115.19888	118.103845001316
7623	60.65588	57.4111640370833
7624	0.50905323	1.04734116392292
7625	25.39618	23.4945101379167
7626	59.80916	57.3391514555556
7627	1.0724527	0.596562197569445
7628	37.982887	39.1038689985714
7629	0.44876462	0.233049634311667
7630	0.031411696	0.267297568138597
7631	35.822132	35.7444251117886
7632	57.82098	54.47332744375
7633	0.12349716	0.256263106055556
7634	0.01882835	0.168390354316556
7635	41.318478	40.1966452351852
7636	0.008252138	0.251599626269841
7637	50.563015	49.9443268615079
7638	27.064499	28.3557221416667
7639	0.22503565	0.355806470618018
7640	0.10962228	0.141458578695098
7641	0.34930238	0.610150213849594
7642	2.0523252	1.39586205905417
7643	2.5365381	1.28543250108018
7644	1.4151943	1.78250817925727
7645	18.004896	21.19142878
7646	0.6597234	0.277468854905714
7647	23.13694	24.919015399187
7648	0.09302684	0.130539855473438
7649	2.0000768	2.10705276916667
7650	6.934283	6.65992013129032
7651	5.035329	5.625861965
7652	39.60006	37.7855216369369
7653	0.1654138	0.253850808837838
7654	0.22342163	0.237833590895161
7655	0.11966733	0.154632180225926
7656	0.23356777	0.20080397202439
7657	38.88154	40.9209912593137
7658	0.049770012	0.226899333777381
7659	0.20925233	0.173339609917982
7660	0.5664553	0.974874115207207
7661	3.1758192	3.39923806723725
7662	0.16729198	0.29734388118
7663	0.549252	0.316838467993104
7664	23.992708	22.8859072520325
7665	119.690926	117.913884230263
7666	1.05926	0.221623921212128
7667	0.23857065	0.689513994692929
7668	0.057818078	0.363692298553026
7669	21.226181	20.2364774058559
7670	0.7017144	0.777617796189584
7671	0.6599767	0.616037646906838
7672	0.17175822	0.205978890053419
7673	0.03351992	0.184613162018929
7674	0.033772115	0.0369294239840909
7675	0.093922295	0.231175535906707
7676	1.3526156	0.9034603778
7677	63.031696	59.9398043538095
7678	1.3403865	1.20025768917886
7679	8.169324	8.6284434724
7680	0.8505818	1.24838753085526
7681	0.43369162	0.479677799970115
7682	41.802372	44.9609776718254
7683	9.2895565	9.1881124285
7684	56.45397	54.1110807810811
7685	0.2747083	0.331355694245684
7686	2.5627728	1.18480369724364
7687	0.36201364	0.573307023526263
7688	0.06776258	0.191782845044432
7689	0.4484846	0.239104518306977
7690	0.010899028	0.124145677776429
7691	0.014965208	0.0978118370695455
7692	0.18570748	0.198469436652222
7693	25.99918	25.2430991516667
7694	15.19686	12.34857634375
7695	2.6060605	3.58854785677083
7696	31.145555	28.9592365120155
7697	0.34665078	0.615244797401197
7698	0.09246337	0.163352277842593
7699	0.09033911	0.667656363891783
7700	0.042275775	0.550486769617647
7701	0.009072061	0.1057475569825
7702	70.35358	63.7879113050505
7703	0.29622304	0.469639273885965
7704	0.010447946	0.102662729596274
7705	61.136158	63.0630101575758
7706	0.09396779	0.967596689069293
7707	49.614994	55.4625016066667
7708	50.444965	50.4388492705556
7709	64.19616	62.3322890366667
7710	0.83207136	1.40935184461125
7711	0.32814434	0.0468354147509259
7712	14.350517	15.3672963402778
7713	0.3215788	0.105408758397568
7714	0.2796592	0.320798428271053
7715	0.39135775	0.49700526310049
7716	22.704617	23.5759704920833
7717	36.66113	35.8673213424731
7718	0.33935574	0.490112403407895
7719	0.20599957	0.198100431909524
7720	0.061563328	0.499100376907207
7721	73.53132	76.0886272026316
7722	0.18416744	0.273830929840365
7723	1.2655724	0.982105536507247
7724	46.068596	46.6067151530702
7725	34.698673	40.614910870155
7726	12.318903	13.6460967233871
7727	24.274446	23.7716818614815
7728	42.69999	44.6288755434211
7729	0.17742714	0.31800728005625
7730	0.197883	0.242620201963235
7731	0.010630849	0.109690474126131
7732	29.716	36.6468740671053
7733	0.2835874	0.203305968850476
7734	0.02976467	0.14960332538018
7735	0.041494038	0.11057399511037
7736	64.43134	68.6611613068628
7737	0.07919222	0.330815344604386
7738	0.38081437	0.526814137352033
7739	0.44204178	0.497043514126316
7740	0.44015637	0.20377378494442
7741	0.20791668	0.17603326340101
7742	93.36227	82.9035160747312
7743	0.30167022	0.248989232555556
7744	11.443117	12.4807282013889
7745	74.92356	71.9200577981481
7746	0.22856341	0.369327268383784
7747	1.6877451	2.34444246220721
7748	0.07723517	0.0332614001442982
7749	0.16937734	0.185224275827879
7750	102.25564	104.033020281081
7751	0.21172675	0.210749905728369
7752	133.13245	124.322188069792
7753	0.0711389	0.154847994066458
7754	0.12570141	0.130083558841429
7755	0.018321376	0.0637029807897475
7756	0.16895442	0.159581640767524
7757	0.22133626	0.235352208665079
7758	19.957441	21.6601692127451
7759	1.142965	1.01422024551316
7760	2.4802299	2.86949009619048
7761	80.420494	83.6944124109375
7762	103.47538	106.560413455093
7763	15.122666	19.5246980941667
7764	0.3226075	0.169837897606838
7765	2.0802186	1.12172452773246
7766	104.99415	111.424097484568
7767	21.246397	19.0019182657658
7768	0.09607005	0.160449451097764
7769	0.502379	0.504001996240991
7770	0.608377	0.575825745282114
7771	0.19400063	0.144039375425905
7772	0.42786285	0.247239014573925
7773	25.562565	24.8867116147619
7774	1.5389078	1.00016741981579
7775	115.11937	111.131007011966
7776	0.025773328	0.0498170751407407
7777	66.498795	64.7548215612903
7778	62.264236	65.7286868692308
7779	41.392033	44.6440295294872
7780	47.933884	52.077074520098
7781	0.34058073	0.214640770526923
7782	2.0353358	2.48750065044927
7783	61.39125	61.4598524004505
7784	0.29696614	0.0949699048931862
7785	0.18166476	0.477471129447436
7786	0.25822413	0.630021488915447
7787	105.38024	111.404359736869
7788	23.911657	24.7416834295238
7789	0.55567634	0.603369646436559
7790	1.2684139	1.14407865448148
7791	0.6827383	0.334794905197863
7792	66.519875	65.2385740408333
7793	95.96747	91.1056801290476
7794	59.15428	62.8509280111111
7795	0.1152977	0.203005570341905
7796	0.22159117	0.350217830198851
7797	0.21558553	0.6204219945
7798	102.73566	99.4914783779279
7799	69.6945	66.5222695708333
7800	0.025793023	0.169656634806771
7801	0.111770496	1.79300661601772
7802	41.74287	42.3266929258772
7803	48.30959	48.0129341587963
7804	0.10358561	0.304069633865854
7805	9.10846	8.8550416629798
7806	11.414712	11.1649816252381
7807	1.464559	1.74249021417117
7808	46.48547	45.7892973194444
7809	0.014869084	0.0548156624700397
7810	35.354446	36.2737542190476
7811	0.06500667	0.331953162135965
7812	20.314304	24.2852490083333
7813	22.20052	25.779261329902
7814	10.634812	11.3618951207143
7815	0.019911252	0.218741753279141
7816	0.006091948	0.204139873851075
7817	62.282036	63.4163611435606
7818	6.36715	6.06646201758621
7819	89.46945	87.670737975
7820	38.47142	40.5806528574561
7821	41.373497	40.0428710189923
7822	0.16750838	0.209334789486822
7823	2.0781152	1.91230590809048
7824	12.544358	14.1668716290323
7825	66.42981	66.3536272392857
7826	1.1532304	0.920515938281609
7827	0.0043476354	0.102999804435342
7828	47.75243	45.5778306116162
7829	0.06350419	0.216564231343434
7830	6.2260523	5.74630117842342
7831	127.743416	124.545479274775
7832	1.3410665	1.45915263829825
7833	0.026796155	0.106842183062121
7834	0.24033819	0.2054704620675
7835	0.052871093	0.245356220474731
7836	0.74969155	0.269348650247778
7837	5.2425995	4.06936924192708
7838	47.378643	48.3395956871795
7839	6.003563	8.11710880960527
7840	18.477331	17.8132578428862
7841	0.014474605	0.161624949709028
7842	36.803253	40.3294525329167
7843	9.784888	11.4095717648571
7844	73.044235	70.0107770416667
7845	49.225014	48.3798738524692
7846	0.34645772	0.248969914536434
7847	0.1885258	0.247177859154412
7848	0.17204303	0.464490251523148
7849	0.18444479	0.200535877906863
7850	3.1861312	3.42304991503788
7851	0.32753918	0.131967894020098
7852	35.50388	33.5149111133333
7853	0.28456876	0.860998856617117
7854	29.417377	26.5802297222222
7855	26.368277	26.6909314390351
7856	4.348437	3.80985048369792
7857	1.6805594	2.3685329270625
7858	40.900845	36.9436750277778
7859	1.0994153	0.685679422700855
7860	25.258326	25.9228345125926
7861	72.225624	79.3617915740741
7862	26.498188	27.409109834188
7863	0.04896797	0.200577903627143
7864	0.34914201	0.447795287582408
7865	0.2351163	0.242302427145161
7866	66.59116	72.9592957295238
7867	1.0109026	0.589232640470238
7868	0.11640558	0.231043706165116
7869	0.021659588	0.194510305228829
7870	0.4908658	0.54980889392619
7871	0.15898904	0.352756086399259
7872	0.4389386	0.332984498585859
7873	13.955436	12.0575930571759
7874	0.21044113	0.250098016172549
7875	84.02138	87.6947106903101
7876	0.5011319	0.36374560777027
7877	1.4147632	1.0605728340991
7878	16.89226	18.9538348901709
7879	33.522236	32.4033207533333
7880	17.95515	17.6615470184685
7881	20.343998	20.7059074608333
7882	11.47257	10.285569712803
7883	0.15406469	0.208159525817157
7884	45.55552	43.2793714745098
7885	0.16204926	0.209759573246528
7886	0.14884272	0.386559317882018
7887	50.53365	50.9452467011905
7888	0.27115986	0.246872495191441
7889	13.896513	15.6908465938034
7890	0.02085588	0.300533783189902
7891	5.677801	5.69629463305556
7892	0.017780475	0.0423741104335185
7893	11.082715	12.0737100255376
7894	22.867931	22.9666884265958
7895	0.41085103	0.607418675637273
7896	0.0068257907	0.0592689324976754
7897	17.078312	17.3925227109649
7898	54.882256	57.9800048434959
7899	65.298035	61.2749601990991
7900	42.677757	44.3471627148148
7901	7.4294834	7.94906921458333
7902	0.20363055	0.14157834154819
7903	0.032901216	0.272338416960417
7904	0.09585769	0.261034485856593
7905	0.6978863	0.300094871508333
7906	30.339066	33.1835456018519
7907	0.06398165	0.228037010239048
7908	0.03068937	0.164446870256589
7909	0.22550698	0.225186963467593
7910	0.10102557	0.153052537758333
7911	1.5308571	0.35477709261938
7912	26.799696	30.1212590402439
7913	0.26054323	0.235552493721545
7914	14.642057	16.9045699207317
7915	8.045204	10.7040345405914
7916	40.629627	39.9705969943089
7917	0.15071765	0.139063330831197
7918	0.06116049	0.0661615238712381
7919	0.042349428	0.110888135080714
7920	0.13909896	0.228111377519753
7921	1.114506	0.427746197065171
7922	0.26952103	0.494054072247685
7923	48.72524	49.0207117846154
7924	16.193731	16.4476245960526
7925	35.145206	32.1754337190476
7926	5.486832	6.31870075039682
7927	66.135155	69.6661475273148
7928	0.028482815	0.115564433166548
7929	0.47174534	0.152955164091966
7930	18.53244	20.601334454386
7931	1.0806048	1.31552848016216
7932	64.25157	62.8549325252381
7933	49.43357	52.6420374864035
7934	3.1777937	3.49960865440972
7935	0.189985	0.130956595035043
7936	9.886405	11.1221621578922
7937	0.1122814	0.191800541715942
7938	1.3427211	1.48178099638889
7939	111.61911	102.079031066667
7940	62.880424	63.1697409591398
7941	83.16901	86.4573193377778
7942	0.53915244	0.273942960256579
7943	0.8482855	0.773159275387719
7944	0.106430404	0.127450360848781
7945	0.09003748	0.505239063570175
7946	9.289845	6.96230552226191
7947	22.995096	21.4486917004902
7948	114.71656	109.249913162037
7949	16.760244	17.3785391928571
7950	52.099796	56.3756031009804
7951	0.5420556	0.204173518402
7952	1.2075958	1.20354365777907
7953	35.382504	35.3004542474747
7954	1.4886298	2.14463609325
7955	4.2743545	4.84891474824324
7956	0.10015358	0.421716172123438
7957	10.997096	12.1482796218254
7958	0.3207053	0.305257063949495
7959	79.72873	80.1707386427928
7960	25.669218	26.4014503031532
7961	1.6174446	1.67864865869893
7962	19.999723	17.7783393441176
7963	0.049461387	0.140050408545679
7964	20.811005	19.0429276744186
7965	1.8473909	2.14629946865854
7966	4.099894	3.00517546185714
7967	0.40835974	0.120803193464343
7968	0.0071484735	0.100450639630513
7969	0.32748535	0.45843394839693
7970	60.327587	58.0807506930233
7971	22.296848	22.1442534520833
7972	0.31266645	0.396841640421053
7973	0.070342354	0.191987520097748
7974	0.18048976	0.223059065416667
7975	0.14357013	0.0883463505478633
7976	0.04143664	0.208272056035862
7977	0.18433248	0.20751050869187
7978	0.010853765	0.176008412767658
7979	3.4378426	3.92993975214286
7980	7.8265386	7.90155770777778
7981	35.11285	36.9819269580952
7982	62.99577	59.92045915
7983	0.033890218	0.204469900226667
7984	34.2208	35.6543411019048
7985	16.564188	17.4645947134409
7986	0.5192619	0.283628378392276
7987	0.22912806	0.209459057171839
7988	0.7123425	0.399599389447368
7989	0.014363778	0.0286785071072973
7990	93.65219	88.5198077171171
7991	0.043545038	0.0350598509645588
7992	38.43034	38.3800466571429
7993	0.012409975	0.150507795813434
7994	1.2377796	1.16418327457895
7995	37.103584	36.8217930646342
7996	40.37858	37.0241548477778
7997	26.020058	24.2081049742857
7998	70.33325	65.9807947941442
7999	16.65947	14.1900143291667
8000	60.967407	63.0132394085859
8001	0.04257883	0.0966087708565686
8002	0.095470235	0.0870512900371717
8003	0.1841015	0.120568408350556
8004	0.18692222	0.169518947449561
8005	67.33304	62.4124297947619
8006	12.234403	14.3011078530303
8007	15.452207	16.4341973083333
8008	0.30939513	0.287506567170732
8009	13.590534	12.68171877625
8010	0.6025293	0.735446115880342
8011	0.2086272	0.19502075196358
8012	0.23979627	0.214751844643137
8013	12.942807	15.0730461714286
8014	0.007164812	0.128474715329893
8015	90.69259	90.9352194805556
8016	0.6988972	0.348125637391892
8017	26.501154	24.8680592856061
8018	0.006293589	0.325317136185816
8019	0.039082773	0.0659539836098684
8020	0.24716434	0.247651133665417
8021	0.09877919	0.161717963397708
8022	0.114089094	0.206903392970595
8023	0.035220884	0.124277602130556
8024	34.80153	30.64244851875
8025	0.2073465	0.209381049537917
8026	0.21037562	0.193712186695833
8027	0.020620149	0.175150462006008
8028	0.26397136	0.483736743664865
8029	29.60561	32.3144446119658
8030	37.756462	36.1888774028572
8031	0.12494797	0.210210889086585
8032	76.6992	82.4106445840909
8033	3.4244823	2.93751670142857
8034	36.890144	35.8391305626016
8035	0.39879277	0.172110799711382
8036	51.771896	48.7460273555556
8037	0.034798093	0.435885398745238
8038	87.913635	92.5029422121212
8039	38.889515	40.6770346117117
8040	67.36836	64.5379187979675
8041	62.03943	65.6365615161111
8042	1.7385627	3.47699034777778
8043	0.10866607	0.209786523594737
8044	0.16868185	0.279515959417094
8045	0.753421	0.515135769336015
8046	0.10010294	0.167106142534959
8047	0.41787058	0.179082002188739
8048	0.60690314	0.646393783027619
8049	0.28152287	0.179309559176587
8050	41.206203	41.2208880779279
8051	80.89946	85.9409505157895
8052	0.046528712	0.0933191278540476
8053	113.97169	115.070355992473
8054	68.12128	67.9849017803419
8055	42.786407	44.1925005644144
8056	5.1988764	5.6743914194
8057	0.0043780906	0.0321899242132813
8058	10.166168	8.15056921804762
8059	25.717215	26.2318415893939
8060	39.34296	39.897372732906
8061	0.12186028	0.1432903023475
8062	6.430239	6.69387941009009
8063	0.35303906	0.345799421236
8064	9.378079	12.279787020155
8065	0.23331612	0.193692982610667
8066	0.039152354	0.0246890039718982
8067	0.011964425	0.0226517960768376
8068	88.03208	88.9930942329269
8069	13.163097	13.2164243666667
8070	45.825092	44.9061326134146
8071	0.3789687	0.227470684732843
8072	0.13935101	0.272899345665625
8073	76.02435	74.2368292078947
8074	91.57725	93.2472535733333
8075	0.08139123	0.180428340921627
8076	0.59481055	0.433562168592105
8077	0.15047225	0.384009015463195
8078	1.8345823	2.27644220125
8079	0.16582416	0.226235202884804
8080	50.65103	52.0840432478633
8081	57.22628	60.3935780963542
8082	95.391556	92.558783540625
8083	19.45961	20.2865964813726
8084	21.414776	20.9749756671171
8085	34.32783	38.5633732324562
8086	56.76736	54.0592723901961
8087	0.41012904	0.334153089328829
8088	34.527496	35.88839831
8089	0.17835307	0.170209485717778
8090	0.2628195	0.384773159228571
8091	0.15167744	0.22925104533027
8092	0.8287986	0.556663750228283
8093	48.54043	51.3157756235294
8094	39.383244	41.0192624773809
8095	0.3982191	0.49362699384009
8096	47.1592	47.095295882381
8097	38.976665	38.2762616976191
8098	7.9020534	8.31234945252032
8099	2.5213869	3.26222187625214
8100	0.7689064	0.459898708832302
8101	0.202743	0.411324756263542
8102	0.80052626	0.573549039719048
8103	17.339712	18.4016837472868
8104	0.37039837	0.406626285049048
8105	2.7760859	3.51192102135417
8106	0.40891764	0.484065733619445
8107	26.204008	23.6368065108333
8108	6.434352	6.83682006033333
8109	0.12793194	0.164600562817083
8110	0.11733069	0.263444416194444
8111	0.487628	0.262230727622083
8112	0.15207876	0.200729729690854
8113	170.5103	158.740946225225
8114	0.024387086	0.128248997080583
8115	9.566176	9.0143360609009
8116	0.13196634	0.137003730309259
8117	0.2808812	0.24696019471954
8118	87.05183	90.5365983382353
8119	11.155618	12.387285987069
8120	0.900879	1.22541817311828
8121	1.4609843	0.945560654949074
8122	0.7210995	0.25197760257037
8123	2.4747179	2.96601930755208
8124	0.37461108	0.224449181403788
8125	0.022510212	0.177638868556373
8126	2.1078334	1.81480289773809
8127	0.19314028	0.196026798357207
8128	0.2109971	0.227743255770833
8129	0.34017533	0.349151804948333
8130	0.27155656	0.168068481031863
8131	3.895063	4.0865348575
8132	2.5961423	2.83956832989189
8133	69.28738	72.5263875561905
8134	0.10157272	0.210314910133333
8135	0.24964947	0.326244954083333
8136	107.29781	103.810623410078
8137	6.2878947	6.27152197691667
8138	6.0516233	6.83571571071429
8139	0.7624214	0.373889447625417
8140	0.6841228	0.249096340275
8141	0.22057378	0.166710640052857
8142	0.0134297	0.148507833253137
8143	0.49341515	0.176400395255778
8144	0.51908994	0.210088404342843
8145	4.3931665	3.373198728375
8146	0.23209333	0.259302197658065
8147	0.21691433	0.347534842206504
8148	0.39626926	0.27651863222093
8149	0.32488796	0.27173171240619
8150	7.0244274	9.23239901736111
8151	50.29505	51.0798828231707
8152	0.75676656	0.560331549858065
8153	0.13175307	0.186731838977778
8154	0.055584736	0.193597024381609
8155	10.475871	11.777229261875
8156	0.27413225	0.408841654577778
8157	34.067585	28.5652692425926
8158	64.11852	65.6660671517241
8159	7.5547924	7.5885732163964
8160	101.63937	101.994036584188
8161	0.20471643	0.235731374133796
8162	3.2837174	2.21554763436275
8163	24.092506	23.6982829808642
8164	0.012747781	0.14441989511408
8165	63.67601	63.79999437625
8166	70.10141	73.6248797980392
8167	1.9741157	1.40836320018775
8168	0.2721732	0.299853968876191
8169	1.8102812	0.864526205811905
8170	0.77555025	0.849640267671717
8171	79.46326	72.5897944488889
8172	59.57849	57.2676978641026
8173	12.966746	14.7353117225
8174	0.5236275	0.209055569182883
8175	0.2090319	0.550898597017949
8176	1.6931112	0.996603880280952
8177	21.564207	19.9975272722222
8178	74.45057	67.115139355
8179	43.386093	42.0318571619048
8180	0.027122766	0.0352996865335586
8181	0.008576488	0.0497050738149603
8182	75.02203	73.7601007891892
8183	0.04555904	0.322466058167793
8184	0.1438004	0.197669163061261
8185	0.009922713	0.258511629786364
8186	0.025943158	0.382354851093958
8187	0.0089484	0.126363170500417
8188	0.044222314	0.0511675945560976
8189	0.18148622	0.234762123633761
8190	32.293583	30.6740789066667
8191	23.44443	22.0080056737374
8192	30.064262	27.2846683453125
8193	18.66877	18.6980083662037
8194	0.17999545	0.149903831054731
8195	0.6028972	0.63153039451626
8196	3.5420406	4.29411714457364
8197	0.055472672	0.0400223560990625
8198	0.54123294	0.301664831011404
8199	0.15563865	0.381848507281373
8200	94.36674	98.7004344574074
8201	0.16454723	0.211479187147475
8202	0.08022565	0.0752340331676754
8203	0.2929538	0.547790011078704
8204	0.0076606087	0.182804284575856
8205	0.023822049	0.0562529403220833
8206	74.44224	74.8191863286325
8207	0.07460984	0.154542888329065
8208	102.42426	106.101844832917
8209	0.14643507	0.293774369201282
8210	0.010274411	0.0602616110670588
8211	0.24259752	0.252972656924286
8212	6.025501	6.55187001583333
8213	67.87089	65.3314887199074
8214	14.15225	13.0967161947368
8215	0.0025713153	0.301432703447143
8216	0.05630252	0.119247293792381
8217	69.51763	76.5431137223958
8218	11.932659	12.4798969799145
8219	0.026814679	0.0314964807841667
8220	0.21392328	0.215327008838211
8221	0.40256566	0.338705369953704
8222	51.105938	52.4732692202381
8223	0.05955291	0.0424737853127478
8224	64.089096	67.6044564135417
8225	0.16717345	0.236819818185185
8226	49.688168	51.5998197905406
8227	3.0393944	4.55956051547619
8228	127.24665	125.245918347154
8229	0.009093643	0.0456862008248095
8230	12.558416	10.458487345873
8231	0.4318158	0.321439946563333
8232	96.60282	103.873674397059
8233	104.76575	105.333609091057
8234	118.6293	119.573594823874
8235	0.15452248	0.108864545693604
8236	0.011612119	0.128302611059457
8237	0.18496832	0.173337160440152
8238	76.72381	74.4518490385965
8239	0.3448704	0.295208406388472
8240	0.4050413	0.491245955602273
8241	21.445366	20.2445955135965
8242	0.12593389	0.23351468397906
8243	0.0033790786	0.415974576218366
8244	2.8953977	2.99075690212699
8245	0.0039606607	0.0385408624645833
8246	11.319747	9.67943044032521
8247	10.845956	12.7638547373984
8248	28.568672	28.8225253291667
8249	2.0349643	2.45698163837719
8250	24.471619	21.2772424692708
8251	0.015129573	0.0331033826047917
8252	1.3861475	1.74457613132479
8253	0.075492226	0.256175184119074
8254	1.6863924	1.74679624998039
8255	0.16071914	0.0941129238259259
8256	9.098812	10.2747553814815
8257	1.2489932	0.823811027046504
8258	79.482445	80.2690690157658
8259	0.05341322	0.0772380314856667
8260	0.43704146	0.528020915069919
8261	12.307821	12.5943706914815
8262	0.3021515	0.315596861970732
8263	30.001568	27.3342271650407
8264	0.20112424	0.163293655199074
8265	0.11977492	0.220201781232353
8266	2.2673216	1.43368875650943
8267	40.55034	40.7580269792683
8268	2.2836776	3.05223044086021
8269	41.03802	40.2423502469388
8270	10.259614	9.90261837363248
8271	0.37294295	0.627597132601429
8272	82.641624	83.2975159966667
8273	0.41252175	0.276922204448333
8274	0.14578985	0.113554520816463
8275	0.20066378	1.08369192122375
8276	1.5062019	0.5391844465
8277	0.03325254	0.153895189317083
8278	0.010536944	0.0726070039573611
8279	52.752117	53.8347604642157
8280	43.890266	43.1977212075397
8281	32.37027	31.3294487747619
8282	0.0062644626	0.0717453428563236
8283	66.36189	63.0868812975695
8284	1.5754226	1.83639406395833
8285	7.524236	9.49692053738095
8286	73.883835	71.9992564350877
8287	0.08411082	0.617843258491111
8288	0.109544255	0.215709354902381
8289	14.879986	16.8337958113095
8290	0.20919682	0.159614551829785
8291	56.418526	58.4552147072917
8292	0.69324476	0.35594574295461
8293	20.600452	21.1755895808081
8294	34.416363	35.430577575
8295	0.40551814	0.266543808693229
8296	4.182419	3.66375662204167
8297	0.011509088	0.0319444788570085
8298	2.1843245	1.96917617837963
8299	0.071615756	0.155539156145404
8300	0.17477949	0.197634641348291
8301	30.232452	31.7128786692708
8302	76.19767	76.4177385421875
8303	40.134167	39.2264293009804
8304	0.41248354	0.224827273744231
8305	0.32922977	0.236924647037696
8306	20.892176	19.2921380598958
8307	0.008742972	0.053759437279065
8308	0.058536023	0.170015710605702
8309	0.41038385	0.171173217944731
8310	18.553339	21.0406860569106
8311	0.05973124	0.106879976392917
8312	18.340029	20.9044525929825
8313	38.007034	36.8626816640625
8314	0.07436503	0.170059151866286
8315	0.024727058	0.200846807091364
8316	0.18822472	0.289466565970588
8317	15.18694	16.6194412121212
8318	18.662199	19.6988582166667
8319	0.35494298	0.558272365839474
8320	0.18156445	0.175690920094907
8321	0.012464283	0.100175436795708
8322	0.20087184	0.174369620046899
8323	1.3416874	0.814043640063131
8324	0.41775486	0.246774286057471
8325	0.33422753	0.206361704309596
8326	0.06537202	0.0573163191572222
8327	76.939255	78.1482968950451
8328	0.18258256	0.131959561891447
8329	0.15338607	0.330357714788288
8330	23.076923	21.4745919518518
8331	44.389423	42.0123858644737
8332	0.061023887	0.0414753188595238
8333	59.860695	59.7378851208333
8334	59.792366	58.318626275463
8335	8.004407	9.94885074675676
8336	6.9961195	7.6045976818018
8337	14.226161	14.0449568579279
8338	20.157387	25.1164378078947
8339	0.0151137775	0.0537461844508537
8340	13.933429	15.9882308436782
8341	0.06410439	0.189296633277193
8342	0.4787189	0.215577549875427
8343	0.14036459	0.363453041719048
8344	1.3434122	1.22654751582963
8345	0.013401217	0.143898727337326
8346	0.1404162	0.196534848182889
8347	30.466516	30.1652779534188
8348	60.285553	64.985321925
8349	0.36911255	0.496201409333333
8350	6.632987	6.49085246780142
8351	0.27492604	0.5038832033875
8352	6.1347218	5.6735643072381
8353	0.36124375	0.109373879681373
8354	32.34	33.7210029228572
8355	0.052448597	0.390944667231373
8356	0.16835098	0.124457253885238
8357	0.01181691	0.0586536238722807
8358	8.658976	10.232993769246
8359	1.2460938	0.745538199372685
8360	2.0459328	2.69453961845556
8361	0.49073318	0.346351174093726
8362	0.23976	0.198334051895833
8363	0.014346341	0.107648477865675
8364	4.823884	3.45851903117284
8365	0.27736104	0.21612935381625
8366	18.709185	19.0818562303419
8367	0.9690323	0.559064552630463
8368	0.14814635	0.369892273995496
8369	0.007865434	0.288538401100351
8370	0.06315676	0.475405773528583
8371	0.049184296	0.130256166327292
8372	17.96678	17.1781509642276
8373	46.73178	44.8990153671171
8374	0.59510934	0.500038589131818
8375	6.8424907	6.36550902375
8376	55.71177	52.7486524814286
8377	0.18957336	0.169641488501042
8378	6.9668555	6.59246898329167
8379	1.427461	1.40528824882963
8380	0.05137059	0.0828357308468687
8381	0.10990598	0.271796843128704
8382	73.95867	73.2089559817461
8383	0.10616839	0.152895034304878
8384	80.304054	83.2581320092593
8385	30.154245	30.0463494553571
8386	72.564	69.5947173193878
8387	0.94260925	1.34211569070513
8388	0.022800827	0.281019487181982
8389	0.12261492	0.232062093493434
8390	0.2655332	0.254046831855238
8391	0.08591621	0.158430583993025
8392	0.005828259	0.0307099555989837
8393	0.22373113	0.359797028619608
8394	2.9904242	3.28592331587059
8395	56.40328	62.4445176393519
8396	47.42633	46.9308569329457
8397	39.285072	38.5215900614035
8398	0.018462608	0.0756529323941667
8399	0.4676308	0.38921754606125
8400	18.989822	20.9591770113475
8401	0.5439729	0.360103148972072
8402	0.26443484	0.175720454074797
8403	0.12232994	0.335019883905405
8404	70.16855	71.3237829585859
8405	22.222174	23.4557594141667
8406	0.24667548	0.35198298472381
8407	0.40437672	0.312669435684685
8408	38.69841	43.6019769495833
8409	11.910063	14.0318747247475
8410	1.0263958	1.7451245410787
8411	38.108227	39.2845113843434
8412	80.65705	71.9141085619658
8413	0.67663157	0.749135847823424
8414	0.33644313	0.251591150364228
8415	7.3266945	6.46682348788462
8416	0.115258254	0.285190127364035
8417	0.032253373	0.0924192219963235
8418	20.482939	21.6507265036458
8419	0.02354765	0.199058150009921
8420	0.5800128	0.674418581376068
8421	0.36237365	0.251293313113475
8422	0.09900756	0.529358243569369
8423	9.231524	9.65108808139535
8424	8.316932	7.30160176942983
8425	0.04380674	0.170826364951961
8426	66.36345	68.2651620503704
8427	1.0092281	1.14691317021136
8428	65.50736	69.9161420214286
8429	0.34962884	0.292000933786434
8430	67.45037	69.8845540816667
8431	36.035675	33.0339213083333
8432	90.52025	90.7745453708333
8433	0.37249115	0.261470614689535
8434	27.195684	31.5273925885417
8435	0.15414879	0.235259662076577
8436	3.1318133	3.13812566155556
8437	75.13146	74.3109141852941
8438	0.2520956	0.374651279154286
8439	94.98893	95.0470294141414
8440	0.6876981	0.495179685341085
8441	3.58586	2.8049594617094
8442	0.35431823	0.475653710332
8443	6.026546	6.21630956469298
8444	0.08680909	0.179364760299792
8445	69.55146	71.1412853545455
8446	16.964254	21.6301275868217
8447	0.0055521172	0.0597983534323889
8448	0.1629305	0.196275534149621
8449	0.31176457	0.280111394060101
8450	0.04095126	0.0429697820598214
8451	0.19588722	0.200049768032114
8452	0.28654584	0.233616092756098
8453	0.43364486	0.45579737327625
8454	0.043586414	0.113083229899356
8455	29.387142	30.670677425
8456	0.5592831	0.158038086739238
8457	0.10441133	0.225002116695833
8458	0.7963043	0.547930672107143
8459	23.520214	26.3254070518519
8460	0.119491786	0.153380192229773
8461	0.18135773	0.276180238327778
8462	6.9190826	5.70095224385965
8463	53.39356	54.7130899083333
8464	104.46153	101.632999267094
8465	0.059781335	0.163589380364167
8466	19.960941	17.9966395365741
8467	57.151127	56.2755424370371
8468	42.602547	36.2775123948718
8469	1.1584681	1.26808320596036
8470	0.19132155	0.199173318138426
8471	15.035071	13.7210730692982
8472	0.018691476	0.0707779747785938
8473	73.92643	73.1912663585859
8474	11.450253	11.1935151417064
8475	0.020547375	0.150284293693333
8476	0.08322885	0.261758239794737
8477	0.016547034	0.058378975521886
8478	0.3307173	0.223224997180729
8479	50.436592	49.1168937974359
8480	70.603165	65.9177592768519
8481	59.635513	59.3042683545139
8482	0.049498033	0.0745350496146237
8483	0.57609147	0.613787006719298
8484	43.156616	46.2006156460784
8485	0.8288512	0.5530672155
8486	14.665287	14.5164600856322
8487	21.853563	22.5288153261905
8488	54.746346	53.5322339227642
8489	78.0243	71.1356835705128
8490	0.008618894	0.107147090505429
8491	49.48257	45.6797599324074
8492	74.22828	67.0968706991228
8493	0.8038434	0.876939841337209
8494	28.21088	25.7201915362069
8495	0.5328212	0.809684613369369
8496	0.8455862	0.783968344655556
8497	0.6666479	0.445639597394792
8498	0.017580269	0.01706600285
8499	0.7419875	0.837144817488889
8500	0.00875091	0.0541436592554167
8501	50.801525	51.145879822381
8502	0.43266872	0.861078589656863
8503	32.128494	31.6708040220833
8504	2.459543	2.2659889352957
8505	88.216064	84.3652347574562
8506	6.4845324	6.35791828637255
8507	70.966354	63.7905816073171
8508	36.172974	34.1965100523809
8509	48.082455	45.0340542888889
8510	33.10559	34.1437760609524
8511	0.60118157	0.262964137925676
8512	0.11318947	0.16622346728375
8513	0.068281375	0.0648621095157576
8514	0.1569355	0.242336885629825
8515	6.683189	6.26949305429078
8516	0.23945321	0.148995231700926
8517	85.17383	81.916470591453
8518	0.1925607	0.113304502782051
8519	64.17521	63.7225785372549
8520	129.06856	126.557602580702
8521	2.766102	2.88860315930392
8522	0.022308275	0.159268947404778
8523	51.725735	49.5312465004504
8524	43.131023	46.0340031791667
8525	0.060082074	0.160524564831482
8526	53.63251	55.2548212114286
8527	0.8468826	1.03249316682143
8528	0.18793686	0.18892730688151
8529	0.61107105	0.238585110204106
8530	0.007758552	0.163408827913618
8531	0.046975654	0.0428546122804301
8532	78.260376	80.0350528711382
8533	0.17912795	0.209093722708333
8534	0.01415841	0.0898698885895238
8535	23.705418	26.8075193376068
8536	0.09675436	0.27969428304902
8537	0.32246646	0.132365997880303
8538	68.98735	70.4504160151515
8539	59.039234	57.5211299
8540	0.03663735	0.0755080562392544
8541	0.22623561	0.334691302936036
8542	0.5094479	0.492189173421875
8543	0.11670588	0.498141954867521
8544	0.017887691	0.120127225826111
8545	0.69972146	0.442545819594595
8546	0.19855507	0.1336866038
8547	0.1230681	0.162003043376768
8548	22.402597	22.1597095768293
8549	0.07666379	0.405535273172917
8550	13.806331	11.51172014
8551	0.81952477	0.695937398247748
8552	0.0837984	0.181514621885859
8553	5.526616	5.24486466779167
8554	0.69745725	0.460941327507724
8555	0.0073842006	0.208369449354054
8556	0.059902187	0.310662367985859
8557	69.89037	70.9875552685185
8558	123.35234	119.99841355812
8559	3.6986725	2.7720162316579
8560	0.76451087	1.10446156384615
8561	56.612133	56.9177340352941
8562	22.141275	22.874376845679
8563	0.29387587	0.164478832422667
8564	0.37420323	0.302610956710784
8565	0.078581505	0.464011285841842
8566	0.009042324	0.0404056123347083
8567	0.017782385	0.390194833767857
8568	67.44456	66.36696714625
8569	2.065664	2.08496863893981
8570	1.9104965	1.61854027127193
8571	2.1940374	2.0438304184375
8572	58.098576	56.5016485954167
8573	0.008240185	0.0259457154246667
8574	0.0068801944	0.0414741740879798
8575	140.8989	139.574694102593
8576	20.903156	19.2479762467949
8577	0.0066581285	0.150820076811435
8578	0.02115876	0.124502498559254
8579	0.011058095	0.182141182738772
8580	94.56983	95.2280922301802
8581	65.59135	68.6835696012821
8582	44.62047	47.8660741490476
8583	0.8135508	0.540430455886979
8584	83.96914	79.962986095
8585	0.13690843	0.374290245071429
8586	43.59654	44.5651150936937
8587	2.6033075	2.66651673235043
8588	30.576485	32.1646725790598
8589	0.22703214	0.19354904370991
8590	104.557045	104.903077050439
8591	5.7356277	3.80677702224138
8592	15.411539	16.2991637796748
8593	22.714344	22.9777603692708
8594	0.04550792	0.24555234134127
8595	0.2764977	0.146627735438125
8596	0.2933156	0.287590853216216
8597	0.0486471	0.0590288474996396
8598	50.71936	50.933693695614
8599	1.1080068	1.27795703425676
8600	117.65634	114.834432925
8601	23.904802	24.0742865851852
8602	14.549337	12.1975877078704
8603	0.006391901	0.0206267540691026
8604	17.285696	19.586208882906
8605	0.6575863	0.595553427574713
8606	16.788788	14.8556655710648
8607	0.006381553	0.081927537688421
8608	49.66802	49.6102556205883
8609	29.499304	29.9244773372807
8610	62.450573	67.8666303051282
8611	83.97652	81.1359169421053
8612	0.15689017	0.138430897425101
8613	0.008518998	0.0330466753975714
8614	8.222377	8.5479749425
8615	44.605145	49.2556385099099
8616	0.53094816	0.318744030409009
8617	2.723977	1.45759374728205
8618	33.12466	34.0420656318628
8619	90.89151	90.0957054703704
8620	58.25146	57.7136488333333
8621	0.07636125	0.108444489616349
8622	5.326427	5.315759566375
8623	0.61698776	0.444283936237791
8624	6.670883	8.52925585010753
8625	0.33762437	0.168149927013034
8626	25.56742	26.8522689080952
8627	7.6366963	7.41250073507752
8628	23.528364	26.0969228944444
8629	73.16048	69.0885933567568
8630	32.705803	36.8656757436508
8631	65.58297	58.950240787037
8632	0.22569333	0.127352099287613
8633	0.17530492	0.191536872542276
8634	0.05752515	0.161039818852451
8635	2.2534974	2.67116105345679
8636	0.45401958	0.403813864029167
8637	0.014960251	0.181845111767071
8638	64.0262	61.6882742732456
8639	0.12356965	0.0694223889646397
8640	42.94312	44.8791637638298
8641	0.12158332	0.187143827177778
8642	21.36565	23.0546087919048
8643	1.5310229	0.882348122150476
8644	0.075545296	0.163867299939837
8645	0.24818137	0.583656566176577
8646	5.7380853	6.8717968857265
8647	0.4887332	0.683064768627907
8648	0.14138341	0.240450605384615
8649	21.39161	23.1659002785185
8650	62.228462	61.4287270290476
8651	0.006504727	0.236469013735684
8652	42.13303	43.033624079902
8653	0.15990175	0.159274464836937
8654	1.3808196	0.999688317729167
8655	95.49506	92.2738300776423
8656	0.069631055	0.335801123075614
8657	0.786096	0.54464924208642
8658	0.010195085	0.0282400564627083
8659	0.62414044	0.618726237735833
8660	0.1017904	0.143437486124792
8661	0.1562455	0.218291478181746
8662	55.75727	48.5547978352273
8663	5.483013	4.7477706152381
8664	34.442112	34.7410550984848
8665	38.15259	42.0261127464912
8666	0.43848148	0.235255076226316
8667	0.030777292	0.293107901630769
8668	0.30560997	0.29580126203125
8669	1.2806654	1.53006254783636
8670	0.008068441	0.159162941193889
8671	56.784878	58.1368625853333
8672	64.14045	66.0145387480769
8673	41.084072	41.1926549109195
8674	21.664146	19.4557526511628
8675	0.037399627	0.197485510818333
8676	0.31413114	0.303732379665041
8677	29.766163	31.216148525969
8678	15.891451	19.1964854230769
8679	0.20404038	0.206855488994872
8680	0.09806148	0.156948715415926
8681	4.233674	3.59237356555856
8682	1.796947	1.65700191037393
8683	60.475563	57.7829376291667
8684	5.4746842	8.26427856058333
8685	25.822887	27.8891860741667
8686	58.719837	64.7724368677083
8687	5.381694	5.92896431641026
8688	3.0182369	2.55370028914762
8689	47.203903	47.554749794086
8690	0.011327613	0.335450621167094
8691	0.0070852432	0.0335338804182895
8692	71.25801	75.8607138122807
8693	0.012271993	0.0366942976528829
8694	0.114884	0.333823731679365
8695	0.12518878	0.462119420933334
8696	2.2509782	2.11177027428922
8697	4.1256566	4.11290987454955
8698	0.9090451	1.44658985392593
8699	1.6086061	1.99162583009259
8700	68.272606	71.7869707705128
8701	0.3112419	0.248644634610541
8702	7.037003	7.9486023959009
8703	5.387105	5.02859764958333
8704	0.46761814	0.215135377620833
8705	8.030048	10.4697542482906
8706	17.182545	17.9628286718254
8707	16.34636	16.4119601602273
8708	0.036962256	0.0325084607457937
8709	31.844376	32.3442456063726
8710	0.4008421	0.170698662620833
8711	42.68795	43.7390236723958
8712	0.03107003	0.229901363243519
8713	57.550743	58.8694338353659
8714	0.013966092	0.326840413490278
8715	0.8671458	0.488626023666216
8716	0.07843491	0.145404751446296
8717	0.0852418	0.168172558309524
8718	5.9383373	5.87117145741936
8719	0.054140702	0.259005335731306
8720	0.04232443	0.0598983239713889
8721	47.248055	45.0856233654472
8722	30.516634	31.5332350738095
8723	1.8306087	0.884754484025
8724	0.08193783	0.37587309520202
8725	4.863173	3.44263307905405
8726	49.954403	53.519567929845
8727	17.381731	18.0719129367188
8728	79.5007	75.3126687833333
8729	0.07354525	0.171922620210526
8730	0.3056805	0.385003579968687
8731	27.716702	26.0238277887387
8732	86.72288	84.5859113854167
8733	29.58286	27.5877623211712
8734	17.396164	16.1048091059524
8735	0.19279177	0.181490335365185
8736	0.77501464	0.980413034399167
8737	4.382014	5.03634894538889
8738	0.021300232	0.0414054485736111
8739	72.725266	71.3658339678572
8740	3.1035638	2.717447131
8741	0.122564144	0.0560663622162162
8742	46.713436	44.9566695094444
8743	1.1089885	1.13359207310811
8744	0.08697505	0.198568919550625
8745	6.5341034	5.26230427698413
8746	0.04848463	0.142990817265238
8747	36.33892	37.5375937995727
8748	0.2621306	0.213685034983333
8749	0.07442528	0.0255048791312366
8750	0.3130476	0.29124415172957
8751	42.205948	37.7334157661905
8752	0.7091367	0.262975661411429
8753	46.58101	45.4034635121212
8754	0.14249042	0.263221970654524
8755	0.0057468163	0.0396654309399074
8756	0.52900606	0.0354486681545238
8757	0.009130209	0.0746574875213542
8758	22.524841	18.6934902894737
8759	0.1766866	0.361417858413426
8760	76.85422	79.2568022523148
8761	0.2952009	0.168771914095238
8762	0.6770827	0.374559882789744
8763	1.5116479	0.889981115217593
8764	0.00755415	0.0785239707631111
8765	16.161713	15.763163347807
8766	0.18960193	0.543891426859649
8767	58.758583	62.9496923913979
8768	0.058097724	0.0381903784151042
8769	0.87935305	0.169764669064646
8770	0.13002181	0.142380516817374
8771	3.0396605	3.33207296429825
8772	5.715842	5.99461810157143
8773	0.014142351	0.0288881536870155
8774	2.2088304	2.30555792851852
8775	60.448143	57.1912191377451
8776	0.1667905	0.263440961273856
8777	45.967976	46.1394612465686
8778	42.385983	44.2270025693182
8779	0.039732926	0.114562005132479
8780	0.013676492	0.0466802155493056
8781	18.910723	20.983110145935
8782	29.679945	33.7628368675439
8783	12.736489	14.4192950427083
8784	0.063905306	0.284928737051282
8785	0.17798097	0.244609264969106
8786	0.6240501	0.683048768843137
8787	56.260323	59.2564107083334
8788	0.70516354	0.30075932142197
8789	2.3066843	2.10487809465686
8790	69.08646	65.0005020180952
8791	0.34436566	0.471138385677236
8792	1.04401	0.748954509250427
8793	42.278423	45.1314526055556
8794	0.37280425	0.149663240579815
8795	0.62840885	0.652719066676471
8796	0.07090091	0.295040777620614
8797	0.63479483	0.591129195583333
8798	53.491215	59.0798261089744
8799	0.13205403	0.37762382070625
8800	0.2933075	0.477653121568571
8801	22.417675	22.940410761828
8802	62.839714	64.8429910354839
8803	97.61931	105.774931301626
8804	6.7100024	5.69924379348485
8805	0.23307142	0.203328932377143
8806	12.994817	14.7579338358586
8807	83.769424	90.636160677619
8808	0.55275977	0.570531496344203
8809	35.424038	35.8590993380952
8810	4.129666	4.36834767960317
8811	81.73858	81.1073336107143
8812	50.977142	52.0639760383333
8813	0.26996693	0.488134584481982
8814	0.68318915	0.898073055757246
8815	0.6703026	0.727093937970085
8816	13.871851	13.4512863514583
8817	35.98059	35.3901438346491
8818	0.2836182	0.200435970917172
8819	0.05404635	0.109136950989074
8820	32.51919	32.1186403857143
8821	0.0100872135	0.136498899780238
8822	18.190697	21.6221628011111
8823	59.868855	58.1004893782407
8824	0.60135204	0.317846082877604
8825	4.7106004	5.34842638979798
8826	23.267078	23.1989940318182
8827	0.9417952	0.216394012802963
8828	28.86107	30.0334948166667
8829	0.054967307	0.163561970791532
8830	0.26190302	0.244246349016667
8831	23.218382	23.901586727193
8832	76.90102	75.9221604296748
8833	0.25063616	0.175633944452632
8834	0.57051826	0.741028041438739
8835	1.5352188	0.818307590522523
8836	0.52125055	0.503939409564516
8837	42.465786	41.1854325666667
8838	7.478909	8.21319797089431
8839	0.06824937	0.189158325487451
8840	0.012366622	0.151601449795732
8841	37.419453	36.3952944382353
8842	0.04338761	0.311548028122424
8843	51.57806	52.6849253135135
8844	78.00599	72.5751928178572
8845	46.863422	51.7532888372549
8846	0.05731488	0.232580818968116
8847	0.004190917	0.0554860915084259
8848	0.019623816	0.143787412115484
8849	0.2142581	0.279469373833333
8850	0.058178443	0.235729276175214
8851	3.898093	3.79021116047619
8852	0.8192871	0.842508751391892
8853	1.8185389	1.51103554455556
8854	16.730295	16.3069070875969
8855	0.26947457	0.284036314135541
8856	20.65241	19.1420840924731
8857	0.6689134	0.173699446447778
8858	0.2054585	0.118370906078578
8859	2.78132	3.02402945667593
8860	40.077065	36.5649073768519
8861	9.612896	8.73488016311111
8862	0.88980156	0.693493062532323
8863	75.22202	74.6766727850575
8864	56.706657	62.0622285902439
8865	93.66196	98.3919359651515
8866	0.026697548	0.239330860220614
8867	0.51858926	0.300172113410233
8868	44.35223	47.4390785109849
8869	58.92549	57.3970100430556
8870	54.54643	59.5606390381721
8871	0.22805107	0.221261701048387
8872	43.173374	41.0000218132576
8873	5.010575	3.98361471006945
8874	69.61039	64.3297934416667
8875	0.8927982	0.340769452804301
8876	0.006894044	0.0301226888111429
8877	0.038273826	0.0542107387288889
8878	0.12737711	0.172099332034483
8879	0.14787965	0.264273722074074
8880	0.15767165	0.339625594653846
8881	19.608042	20.2091189237374
8882	3.1438882	2.96741965647619
8883	0.007000707	0.0383281101412281
8884	1.5399376	2.44605946338235
8885	1.6310078	1.31061258749537
8886	38.13222	40.8238055743903
8887	17.487516	18.6872241780488
8888	69.5288	70.6599676576923
8889	0.56172997	0.201977582415686
8890	32.16417	32.5135730256098
8891	4.138253	4.05081029972973
8892	31.510588	32.378983236036
8893	46.895416	48.7806575789683
8894	26.542044	24.698631563964
8895	0.009664475	0.207208095591453
8896	22.088179	19.8126120316239
8897	95.83691	90.2358338794872
8898	86.124016	88.9841727412698
8899	0.141592	0.222884408103226
8900	0.3857584	0.186074584097093
8901	1.2277693	0.527938751096833
8902	0.0069126533	0.0643041506297872
8903	0.3889113	0.264552891698529
8904	0.19860016	0.343131307408559
8905	1.0028042	1.53244840553419
8906	55.781067	53.5924090342857
8907	0.031676203	0.253193835010909
8908	0.023015128	0.0393017943610088
8909	0.34703374	0.254285067006306
8910	1.748746	2.0943690118964
8911	0.06537273	0.260563164454505
8912	0.056198232	0.044285447996982
8913	0.20175767	0.257004136783908
8914	0.05725514	0.124596832739697
8915	43.49441	42.7689267454955
8916	33.260628	32.5088774489899
8917	29.531685	32.1151796893162
8918	0.3514978	0.337673513979386
8919	0.114590555	0.32579553585
8920	44.73958	49.5714161671053
8921	0.9601378	0.343252582294286
8922	65.20821	64.378197640625
8923	0.09835496	0.208105180833838
8924	1.3568991	1.2057201103373
8925	8.1380625	7.73951448885965
8926	40.825424	39.2829380803922
8927	0.29608896	0.28859736564838
8928	0.2172967	0.233888236984314
8929	0.024842257	0.0387069967394444
8930	0.33761388	0.317102087354286
8931	44.547234	47.0882141523256
8932	0.6144222	0.232596501453604
8933	0.024783706	0.186090476916092
8934	0.80004567	0.945964013085185
8935	0.01734652	0.086833252644693
8936	3.8515782	4.09832815471545
8937	11.466057	12.0686023563953
8938	8.015524	6.98528901098958
8939	68.6756	66.578648222973
8940	35.742954	36.8404795926471
8941	0.01770618	0.0595845857297059
8942	0.1581217	0.961214510185859
8943	88.141365	92.2450689723577
8944	0.015592209	0.166382430636667
8945	0.23545763	0.404900430217187
8946	5.213893	4.59728777541667
8947	0.030686758	0.0964610804197369
8948	0.115351036	0.94164787260101
8949	1.1838442	0.664628965617949
8950	47.203136	44.9362544096491
8951	0.16419356	0.162301225762745
8952	20.021925	23.1234857428571
8953	3.2163866	2.57216525619048
8954	0.6511169	1.56348989652604
8955	99.59924	96.0020543648649
8956	0.8128831	0.827052351959596
8957	0.019523194	0.0453856379388596
8958	78.956566	82.6631201686869
8959	0.21383467	0.175279477144054
8960	9.049594	9.23761176333334
8961	0.17874008	0.167398708432143
8962	9.701245	11.3403544695062
8963	19.524872	15.7370856063889
8964	51.86627	52.9709764657143
8965	70.405624	63.920780875
8966	0.017144967	0.151792574888288
8967	4.791169	5.62924042380435
8968	78.33808	78.580505855814
8969	0.024867197	0.380767692151667
8970	0.009413356	0.127743172743235
8971	0.12084311	0.355147608350427
8972	0.32481086	0.157528293150855
8973	37.989346	40.9564174546296
8974	42.919945	41.8916485969697
8975	0.11742111	0.0312880603471951
8976	34.39944	35.850948555914
8977	0.1063117	0.199159585502326
8978	0.19285992	0.136418174330488
8979	0.044266455	0.172705031305427
8980	0.36856565	0.5391842457
8981	1.0389745	0.646727848706452
8982	1.4052111	1.02749917402193
8983	0.6893333	0.495690098386667
8984	0.009522248	0.0951954420957576
8985	0.0961216	0.180944435003546
8986	0.35877985	0.331655126794118
8987	19.467577	23.2260216626126
8988	10.411528	10.5158162559259
8989	16.860317	18.4171218491228
8990	0.029307367	0.149466996554965
8991	39.946102	42.1400667833333
8992	39.05818	37.4630129324074
8993	0.051778305	0.518848882732895
8994	66.58565	68.6482028150407
8995	68.45371	65.0671644042636
8996	49.342083	51.7405984041667
8997	0.018917732	0.187716912524444
8998	29.443783	27.0759306105263
8999	41.167328	40.7623449207207
9000	57.24587	55.0226983337963
9001	54.22815	57.1652067786459
9002	2.2545815	1.67943520928413
9003	0.14980751	0.049213327585625
9004	3.302373	3.77164438401042
9005	0.17471176	0.0539446008010853
9006	0.18537822	0.0937417742158333
9007	15.298956	17.1926137895238
9008	5.863646	6.93587864588542
9009	0.010915651	0.04239659651175
9010	111.75075	103.407293801163
9011	0.051327765	0.0727359388808824
9012	0.032965094	0.177057766960808
9013	0.2149308	0.139255347378912
9014	1.6321521	1.61447938808854
9015	0.04877706	0.0766777897818376
9016	3.6519523	2.81037734020855
9017	50.437992	51.4017268371795
9018	36.988007	35.6583351372222
9019	0.93182284	0.516987820316049
9020	57.493164	59.7399075850427
9021	0.95435435	0.479922245445238
9022	0.2068185	0.28835758514065
9023	2.0959318	2.9001486137963
9024	71.026405	75.4055627652778
9025	4.0649147	2.7626114490614
9026	0.28740662	0.591713159123334
9027	0.019462328	0.163668169487333
9028	0.834268	0.415980500001667
9029	0.006009457	0.103481999843125
9030	88.24903	85.7258796220238
9031	5.4134393	6.8813069381626
9032	0.6715926	0.258285837041667
9033	0.28674215	0.567028265399537
9034	0.047461558	0.314595999297417
9035	6.1522326	6.31300966512821
9036	50.26609	49.9681300829167
9037	0.012306267	0.172479995493137
9038	0.03607539	0.110504512577569
9039	0.31069013	0.530176610707317
9040	58.442856	60.1907727873189
9041	16.777426	16.6712109352941
9042	39.39558	43.4333258546875
9043	48.50445	54.0540372324561
9044	0.17485245	0.166186852492137
9045	0.70178676	0.595701839361905
9046	14.3556595	15.5917970300813
9047	38.046864	38.0393450974748
9048	0.16820934	0.241701052486111
9049	8.975107	9.43204443
9050	0.008681588	0.079395968442381
9051	28.719007	28.5780905531531
9052	2.5227776	3.10135131520833
9053	55.136585	53.1734420118421
9054	3.7497017	2.51213997641026
9055	18.358433	15.1149400902381
9056	31.423685	24.9374452345238
9057	65.6807	66.560285401282
9058	0.015829101	0.146928686451852
9059	0.107783355	0.135912580374301
9060	45.353672	44.0485499085586
9061	0.595152	0.858394515472222
9062	0.16193585	0.225665247201149
9063	1.1568422	0.2981963733175
9064	76.83082	74.1114430259259
9065	1.0902137	1.61600965566833
9066	0.2408836	0.200842598451667
9067	0.21041182	0.109152548583086
9068	71.54462	65.697654704386
9069	0.3224353	0.226927513628495
9070	0.13439377	0.254216635555882
9071	14.980394	16.4703041064516
9072	77.638725	80.4439572929825
9073	0.3013374	0.195030704312791
9074	37.55366	37.3492981578704
9075	45.25253	42.2588304323529
9076	2.0846162	2.85027132414286
9077	0.006697518	0.0436765048863131
9078	43.288387	37.1237794476191
9079	0.012292301	0.116457025199583
9080	0.22987139	0.2343974941525
9081	64.4011	63.9344152404762
9082	45.571693	46.8404315309524
9083	4.732658	5.25805697141414
9084	0.24509172	0.16123840706687
9085	3.1449556	2.50678663128623
9086	1.1118029	0.637128731187963
9087	0.52088225	0.192158204792083
9088	56.20487	53.1788141978632
9089	0.61282384	0.547704966956349
9090	0.024666501	0.19740204318019
9091	0.012400972	0.079021453330471
9092	1.2639446	1.87447482178571
9093	0.059950914	0.0771846755934211
9094	0.0096053025	0.0622364515075
9095	39.84905	40.919829369697
9096	0.13626704	0.359549356131197
9097	0.05510101	0.3085110573375
9098	27.416355	30.6938632751938
9099	0.004799847	0.0575408486007407
9100	19.185452	19.913006689899
9101	0.22711451	0.208006733108025
9102	62.11803	59.6898858013158
9103	4.6532	4.80136822777778
9104	1.0726255	0.956417155628333
9105	0.24681942	0.198236109911628
9106	41.699425	45.9474228317204
9107	0.5138619	0.215055564179247
9108	0.005851186	0.129132263523423
9109	18.459663	19.0261749933333
9110	10.335208	10.1198925744737
9111	0.07025105	0.128502855407805
9112	0.17754376	0.164523112118519
9113	0.6294572	0.692557720033333
9114	0.120156	0.156470888315278
9115	3.6591783	2.87651079449561
9116	5.590531	5.78567604146465
9117	56.153862	56.8077990083333
9118	0.039714143	0.305502879904167
9119	24.117195	22.3308768432433
9120	73.72844	71.7960914100877
9121	0.008802244	0.0349057938262698
9122	0.011597677	0.07810661364175
9123	0.13785669	0.13420244684065
9124	73.39079	68.1423826464647
9125	0.28120056	0.22706487538876
9126	0.6645716	0.80242404589394
9127	0.21562482	0.197242975161702
9128	2.3728597	2.3496072781938
9129	45.301647	46.4739358395833
9130	17.264236	15.6489626822917
9131	0.021636138	0.0519355863027273
9132	56.353935	54.9428695305556
9133	0.040942688	0.244536172491398
9134	59.973408	55.9145180166667
9135	0.056916106	0.198468078713158
9136	0.09138631	0.0352826842225877
9137	27.239452	26.0932688427928
9138	63.091347	64.9779145973118
9139	6.193808	6.4726249606579
9140	0.09030181	0.555621842189837
9141	0.11510308	0.230420715820833
9142	0.35625273	0.424446836388889
9143	33.71147	35.5753800022222
9144	44.119614	42.4155656237374
9145	58.20727	52.6820473421296
9146	24.970646	26.0967194842342
9147	81.522064	80.3980036393519
9148	85.08507	83.9315117861111
9149	0.07418603	0.112412993781171
9150	6.5994806	6.68527783970588
9151	48.738743	51.6536525844444
9152	15.893544	18.23845099375
9153	12.195535	12.3888607400538
9154	0.012539871	0.163390783384619
9155	75.954475	74.4904889679825
9156	7.9400973	8.67236979344444
9157	0.029639373	0.146598950641452
9158	0.11428229	0.0922056093618368
9159	94.39811	88.6245454408602
9160	15.427751	13.0395011100877
9161	41.723648	40.99671764
9162	0.09429964	0.244608377192793
9163	3.5353742	3.81859071863636
9164	7.3328805	6.61537921328572
9165	8.766777	9.77131708640351
9166	0.049987227	0.216887734383333
9167	14.979044	16.8664282902174
9168	34.922775	34.7141681059524
9169	0.27798915	0.472355731143561
9170	50.03152	50.692522030303
9171	0.1538694	0.201359231146491
9172	0.03990657	0.2466394994
9173	79.89522	81.0717298094017
9174	0.1242009	0.204904073756863
9175	0.015691098	0.151143263365196
9176	1.346568	1.7720002747973
9177	30.421125	29.0850893176768
9178	7.489262	7.42885825245614
9179	2.1726654	2.32528046638889
9180	0.15597999	0.12432854975697
9181	104.14838	100.171893702778
9182	20.72871	19.7316104833333
9183	0.9159707	1.90046206597297
9184	0.6452257	0.440251143550427
9185	35.26569	31.1558551666667
9186	6.1563168	6.51344154125
9187	59.259655	50.221043683871
9188	0.2162653	0.285837410268108
9189	12.7021	14.0626647548611
9190	5.146276	6.08766096342857
9191	152.85301	143.486545248374
9192	8.477101	9.09988319319048
9193	9.911548	13.2751927837607
9194	72.34157	66.7078046731481
9195	0.5226741	0.184801851712346
9196	0.4595297	0.247523910258333
9197	0.045887	0.202406683287917
9198	23.997938	21.0353855292793
9199	0.20325255	0.222800904953241
9200	81.81909	82.4494983859649
9201	62.318592	65.7913078333333
9202	32.445374	28.7337397852941
9203	33.20833	35.8902009561225
9204	0.012664438	0.0609169560707071
9205	9.920444	10.9691413544309
9206	0.06463005	0.032341455334309
9207	0.13288411	0.300832089169608
9208	33.937996	34.4227639603175
9209	0.88458437	0.490843452596748
9210	3.8931015	2.5671973069697
9211	0.18301938	0.281651432784286
9212	0.08163063	0.673797589078922
9213	1.4719615	1.57801659463809
9214	29.180117	27.7264318903509
9215	0.004064585	0.0739232144915766
9216	0.5390117	0.956016808274074
9217	0.041915618	0.0359267289815278
9218	20.18789	18.4355156186992
9219	6.822962	6.16975872028736
9220	14.39589	16.0946728826577
9221	0.62875205	0.142896060159147
9222	30.332571	29.8997610671569
9223	0.01249077	0.043827594012248
9224	0.5423581	0.771208324147576
9225	11.914718	12.2308065209459
9226	0.08366685	0.166258538258915
9227	59.228294	59.4122832382114
9228	39.508156	44.7714133631579
9229	0.21226259	0.157961094144643
9230	0.043752447	0.0454166474653333
9231	0.6380772	1.44620379626882
9232	0.012006307	0.327882839432456
9233	58.21953	63.1685929621212
9234	0.1421422	0.2098832208875
9235	3.7941666	3.76325495012195
9236	13.025522	12.7714459702991
9237	0.294373	0.249566483277236
9238	78.56845	79.6607997688596
9239	5.727772	8.45213716527778
9240	57.46934	57.2252098333333
9241	28.067871	26.2726922768293
9242	110.35013	106.728309209009
9243	0.56303424	0.468262241848246
9244	0.18057862	0.176642564477778
9245	0.03633481	0.0883907391411905
9246	0.07019077	0.331609038796768
9247	0.13788055	0.246691020468333
9248	0.498971	0.451996139707207
9249	0.50169104	1.13415465399811
9250	93.88629	97.8498898538462
9251	0.09365458	0.259410241018452
9252	0.47900763	0.572641486048649
9253	0.014304841	0.02735521988875
9254	73.65808	71.5932750772727
9255	0.29025868	0.085184820267
9256	50.095192	48.1768091184685
9257	2.7124193	4.19930160244792
9258	0.16338	0.0556985609458148
9259	0.25508192	0.213262578523611
9260	0.11976138	0.149507636358333
9261	49.71794	54.4291324995371
9262	38.23298	36.6164295141975
9263	36.075226	37.673568492381
9264	0.36739075	0.496171103
9265	0.025212482	0.139533620758739
9266	0.0044742865	0.0535431621059596
9267	0.42339304	0.200144803338021
9268	0.2774885	0.649086294701852
9269	17.99275	18.405682242381
9270	0.18699285	0.209349687791453
9271	70.134865	66.0200403711712
9272	0.30922213	0.285202560350451
9273	24.073267	24.6032687596774
9274	0.20920599	0.41015648494853
9275	77.35932	76.9274672296875
9276	0.04210989	0.0758014914048387
9277	0.17402105	0.184479812199145
9278	0.007033041	0.28104313756187
9279	0.0102965925	0.0818772378691304
9280	8.705329	9.65995317985294
9281	2.4626658	1.02129444781905
9282	19.33824	17.3601051952381
9283	0.1031999	0.217089953139535
9284	56.00514	54.0322339529167
9285	10.895536	9.96889627447154
9286	0.17881012	0.110390485981481
9287	0.5965635	0.783349011723959
9288	2.165272	1.98083011550392
9289	25.05945	27.1555010464646
9290	0.046527892	0.136690990078632
9291	41.794796	42.3103883529412
9292	0.14984141	0.137957881269583
9293	36.981857	36.7358787493827
9294	0.2897296	0.2172494458125
9295	0.01129632	0.240623824107857
9296	21.185627	24.2309588594595
9297	103.99511	103.241232877928
9298	0.01245792	0.269324236418803
9299	0.014324115	0.152690734787319
9300	0.05445915	0.129672812056566
9301	0.16764139	0.167922640015714
9302	0.35930613	0.384637662281624
9303	40.97158	39.4711456407407
9304	28.083715	26.7799705275
9305	81.19482	86.2413999660256
9306	5.4833455	5.52100891230392
9307	0.19788535	0.429682134276577
9308	2.6455476	1.68943250527941
9309	9.880542	10.3475739947863
9310	0.12614198	0.171307419684459
9311	24.375137	25.9055541460318
9312	0.12849888	0.250894484501852
9313	44.15804	46.4781290741935
9314	56.477085	55.4974174195122
9315	0.19198668	0.622810519180556
9316	0.02504894	0.151743815085
9317	0.019833926	0.0424327443222222
9318	0.48218295	0.186997149189682
9319	0.007285394	0.0242175812022727
9320	0.5799907	0.544985462833333
9321	31.356283	30.2437496536585
9322	73.062515	73.8660881817073
9323	79.35663	78.1413390912037
9324	49.806328	51.3115472704546
9325	0.10156518	0.268156428835088
9326	0.5344523	0.418329703485714
9327	0.016575102	0.0851086936982323
9328	25.846098	25.7614099118421
9329	6.3394885	6.55338581614286
9330	0.017503327	0.121022466659737
9331	26.30048	23.7051409539216
9332	0.08929144	0.368000133091905
9333	0.16875888	1.14560144975397
9334	13.061858	12.4494006861111
9335	25.216995	23.10034537625
9336	0.07100066	0.265700922977642
9337	65.38339	63.9146782264368
9338	0.3644705	0.392898259443627
9339	24.690214	27.1845225229885
9340	0.02079485	0.0200889073200521
9341	0.1949607	0.1241437288
9342	2.035411	2.42861987935667
9343	16.845228	18.0004492166667
9344	1.3559386	0.631490561833333
9345	0.78645223	0.795064363512195
9346	13.739938	14.6030766286765
9347	0.20157468	0.319861553232143
9348	30.453375	30.6510426858974
9349	0.16685027	0.694069038026191
9350	84.21835	87.5544476555556
9351	0.69008154	0.709415354389785
9352	60.9259	61.7124309072072
9353	0.9594468	0.484774899572727
9354	6.0178843	5.89632171630208
9355	0.1124242	0.113272567402632
9356	29.808363	28.878746114966
9357	0.20354252	0.191097018742105
9358	0.011619152	0.122673367500598
9359	0.00764682	0.290131425212308
9360	0.14358526	0.343316940251163
9361	0.13224599	0.0934435738143116
9362	100.63956	97.3152313151163
9363	5.8852944	6.42063809828947
9364	0.13154079	0.355858026852992
9365	0.040285476	0.034863393277963
9366	0.29321223	0.270877226504902
9367	0.025081806	0.0444137351425252
9368	5.3090763	6.43468705981481
9369	21.092049	23.7759700010101
9370	21.530556	24.2478401041667
9371	0.0073538288	0.0784315475755747
9372	14.293428	17.4076666440476
9373	0.06440117	0.272505733409009
9374	0.5784713	0.385401734963426
9375	65.34959	63.7449122634259
9376	0.0688454	0.0372512123382184
9377	0.29220855	0.163105098864865
9378	0.4348753	0.663392940448925
9379	0.018985126	0.155896939282368
9380	57.966297	53.5157863642157
9381	124.52278	119.459337485965
9382	15.220709	14.0724642058081
9383	0.38097543	0.089054435126748
9384	71.42359	66.7185876480769
9385	0.12808791	0.127749743848571
9386	39.349907	42.8401669309524
9387	0.35599518	0.391662379340909
9388	30.434668	40.3848329474359
9389	0.124714024	0.473790847473504
9390	0.09314742	0.280531231984615
9391	0.14997247	0.204627345018519
9392	0.01953489	0.124399589974206
9393	1.3353964	0.983562424387097
9394	0.7606844	0.584347885797298
9395	20.067492	23.0165745428571
9396	12.552978	13.8372091513441
9397	52.182644	49.5732223257576
9398	0.58993065	0.480390616885057
9399	0.26294053	0.19178829674188
9400	0.028302854	0.173698824148597
9401	0.05269526	0.427218244113158
9402	57.272297	60.5853677907895
9403	0.12868452	0.229886538351351
9404	0.5938287	0.572928992263248
9405	108.32628	105.977172209677
9406	27.125849	31.2280014947155
9407	0.3222931	0.201502570856768
9408	32.15671	31.8646897864583
9409	28.076641	26.3418681743243
9410	0.103450105	0.187156342864737
9411	0.6944585	0.641650924228682
9412	0.061806206	0.14345553504565
9413	0.039500974	0.0205343599477941
9414	0.2756286	0.301877299954762
9415	0.2396116	0.250353327169192
9416	22.835629	25.1277625190476
9417	19.703909	18.764047974537
9418	1.1627195	0.627330546393162
9419	0.02715933	0.31757333797963
9420	0.9946704	0.987635614794573
9421	0.15322635	0.362771506247928
9422	0.0747745	0.181788586473437
9423	34.22117	31.3598576533333
9424	0.041341893	0.158971904742708
9425	0.006696804	0.0672187696594167
9426	65.84199	63.7329342858586
9427	115.420166	116.849295405833
9428	0.016019601	0.0557267867852941
9429	0.042177927	0.080502061358547
9430	13.135348	10.8361922828829
9431	75.537735	70.7381541473684
9432	49.445602	51.9066500154167
9433	95.10585	94.2722032592592
9434	0.01541871	0.118251147984054
9435	0.13987623	0.306454457871111
9436	0.050472442	0.362945778499099
9437	0.011628042	0.150188802069907
9438	0.040566817	0.0422722549799099
9439	0.013727827	0.0684043812071078
9440	0.010362096	0.072095431739386
9441	0.06309958	0.180551364088333
9442	0.016027052	0.229863919811149
9443	0.011939718	0.19594571906453
9444	0.75667465	0.601394032683333
9445	28.302734	29.3183436479798
9446	0.18312323	0.0949403628843333
9447	0.32007763	0.200174310974123
9448	41.05582	39.3855357780952
9449	0.014472408	0.0263946460968182
9450	0.22867121	0.34157016184375
9451	0.11349072	0.0827461714697222
9452	0.21898405	0.263973504012745
9453	0.7461336	1.08083865376373
9454	68.9363	66.6410928388889
9455	123.84003	124.589125946296
9456	0.32910746	0.250056747557353
9457	0.7868064	1.0172735903404
9458	0.3468393	0.336313344714141
9459	0.5108003	0.376141372542544
9460	19.834553	21.9008289807971
9461	0.25835332	0.404691303171667
9462	0.32998762	0.3808511304525
9463	66.67438	74.2187197676768
9464	0.011194918	0.0280370091983333
9465	0.16206154	0.169583433778922
9466	0.14591964	0.193741189514583
9467	1.3129035	1.2206085255787
9468	0.82308376	0.470877203054688
9469	13.931918	15.3496900331081
9470	0.1966459	0.250544343182292
9471	30.253704	31.5828916742424
9472	0.22361623	0.434544970451802
9473	0.12291704	0.298470897342988
9474	0.026453517	0.0366791825638889
9475	26.743526	29.2612414522222
9476	15.810913	12.9028057281111
9477	0.17077184	0.24920220098619
9478	0.12766467	0.226459870565152
9479	0.71216625	0.943210523127451
9480	4.6285563	3.61208965030303
9481	0.0710218	0.0758398298340952
9482	0.06471303	0.270102367744865
9483	5.4316664	5.70897084367424
9484	48.57849	45.036215443254
9485	0.12793866	0.172050558970833
9486	0.0075708646	0.0516711517168095
9487	94.109634	89.4252004830303
9488	0.019278696	0.0293490963143137
9489	12.5252695	12.9912803561403
9490	0.2882612	0.288613668028509
9491	98.287025	99.1266025688172
9492	0.19764833	0.197626089293651
9493	11.2514	11.1486461047917
9494	9.234832	8.79721181925
9495	0.7332711	1.11996762645098
9496	38.730762	35.7678439645833
9497	0.14109875	0.203797586884946
9498	56.61905	60.8138567522523
9499	22.619726	22.1130944175439
9500	0.4487365	0.227364138021622
9501	0.32938522	0.0988954963780476
9502	32.491978	32.961708824537
9503	8.990183	10.2526685862745
9504	10.22215	9.973392634625
9505	24.796322	19.7581808662162
9506	0.114120655	0.328644121364715
9507	0.042277496	0.0389874300878646
9508	59.344143	61.5578730833333
9509	38.841087	37.4874905816239
9510	0.012747867	0.0433478020415385
9511	25.326466	23.6216363696078
9512	125.318245	139.832909375556
9513	31.236483	27.3936039829268
9514	56.06368	61.2377594211111
9515	0.5836144	0.411015958786735
9516	57.13545	55.465097203252
9517	0.27172953	0.253486628892593
9518	0.23901124	0.197093667183333
9519	13.566556	14.1232515840909
9520	0.19443183	0.189652862194608
9521	61.063004	65.9831564591954
9522	0.3393705	0.254487093205976
9523	0.031744782	0.204979845100952
9524	1.0228758	0.944424901083333
9525	87.40373	86.732268467029
9526	0.05747411	0.0311063750400952
9527	0.47740707	0.154959364207917
9528	0.48109853	0.0695448723163008
9529	1.4651458	1.36193570443131
9530	103.05641	112.845839558081
9531	140.52975	140.744384323232
9532	41.334244	39.1003321746032
9533	0.009888184	0.0877598753329167
9534	0.032645907	0.301691869736738
9535	0.32335913	0.248902249171569
9536	33.602856	34.4582486199074
9537	80.62082	91.3386623504167
9538	7.7546773	8.33292034504167
9539	0.18140124	0.173243534682883
9540	1.6343852	1.86656698894309
9541	0.1554917	0.278570483909649
9542	3.8640103	4.4143423475
9543	0.27200067	0.322652604050505
9544	0.29370096	0.149507111416538
9545	0.9441828	0.164922570924691
9546	0.5367841	0.447965323696581
9547	6.6790543	8.088835147
9548	0.19589327	0.19150977800625
9549	0.20204331	0.257131665360606
9550	0.12553027	0.267226012908796
9551	0.0047911652	0.0188401253867442
9552	15.774284	15.1254104752033
9553	60.5339	67.1742792009524
9554	0.13053663	0.162312925662143
9555	8.161646	8.55908470682927
9556	0.119316116	0.163658206931619
9557	0.009069256	0.198194478548148
9558	0.17518897	0.17822032225125
9559	0.68846035	0.360794050376389
9560	0.6604137	0.317168139211917
9561	5.775405	5.63078564004505
9562	0.9404994	0.376882969465
9563	0.76844555	0.364695826257051
9564	65.26997	62.6031068472973
9565	0.058333065	0.178305926389667
9566	74.85496	76.6069379416667
9567	0.6613499	0.507182011189899
9568	0.4585392	0.442092149785354
9569	28.917294	26.8685234833333
9570	0.008466292	0.0687193924849573
9571	0.055779044	0.223876493141228
9572	0.24484473	0.181623187844445
9573	0.27981287	0.368372521268095
9574	43.483128	45.6863736771429
9575	0.14548853	0.292809563302151
9576	0.01007893	0.0873937336323889
9577	0.17008434	0.526898485361905
9578	0.15708712	0.250876016897436
9579	85.70647	80.3595250536459
9580	55.696617	56.9370743366667
9581	64.14903	61.5580912166667
9582	0.26013416	0.193530986113095
9583	51.62116	47.9012376623932
9584	33.151566	35.9631543111111
9585	66.81918	67.1581622213542
9586	0.7325252	0.388679309932143
9587	0.38860354	0.167636475872593
9588	0.1553074	0.081619129789899
9589	23.380615	23.9866238893519
9590	2.9968715	1.94475134101852
9591	63.099026	65.4006622511905
9592	0.010432251	0.072082536341125
9593	0.720245	0.746475998557971
9594	59.01745	57.868928862037
9595	0.0527064	0.0969501841694309
9596	66.36635	67.4685898507752
9597	47.201817	44.6662717285088
9598	7.4949784	6.87616396984127
9599	43.09162	45.350488599495
9600	0.0055706175	0.0353375849053704
9601	0.004457497	0.0328892751054762
9602	4.537544	4.83005932926829
9603	43.37924	42.3177040274775
9604	42.256943	47.144589597549
9605	83.5259	91.0483845078704
9606	25.533773	27.8722099933333
9607	46.87094	47.638808044086
9608	94.12991	93.0721116018116
9609	101.15171	104.286566980108
9610	0.040736634	0.0573123280793421
9611	3.1442845	2.98032446008064
9612	0.08158835	0.348631230840404
9613	78.02219	85.0703391806452
9614	7.6897464	7.87857827410256
9615	30.663311	31.5252791022727
9616	0.12694237	0.11856107244086
9617	2.7953982	2.85220233038462
9618	4.883635	5.60434557036036
9619	0.23498264	0.340500785206667
9620	0.047277264	0.0656789132156667
9621	0.70727396	0.9090478716125
9622	1.1634263	0.992430656242424
9623	0.029308744	0.141315848541098
9624	0.42529175	0.373386171816667
9625	0.14590678	0.104560265006008
9626	0.8190262	0.928516955368421
9627	119.70908	118.462273298851
9628	72.22987	72.2699757041667
9629	4.380869	5.10535634602941
9630	0.030580707	0.134192310972807
9631	1.1397362	1.83443746821296
9632	0.06523052	0.176522494848276
9633	21.930578	22.0995392620833
9634	0.014134299	0.167593042902976
9635	0.18864618	0.234271222211111
9636	15.5303	15.9257060072072
9637	85.636154	78.9850669909091
9638	0.026156276	0.159529021490625
9639	29.205502	28.1961528346154
9640	23.468924	23.6604678608527
9641	0.21446516	0.226961589962963
9642	23.611162	19.9497719851351
9643	1.8463178	1.85524376343137
9644	0.04537007	0.120267085788095
9645	47.664818	50.0132532541667
9646	25.240423	24.2291702648148
9647	22.462807	23.7810667695035
9648	0.3702988	0.0812155783355814
9649	0.3043249	0.2280692928325
9650	1.1429385	1.67229234835135
9651	3.9884453	3.90155854666667
9652	0.016136529	0.0566645945046296
9653	0.68479	0.350655016047163
9654	28.331907	26.3283940712121
9655	15.628814	12.7809334060606
9656	12.394068	11.4994159003889
9657	11.737637	10.653878867381
9658	0.60118645	0.239076189097436
9659	0.33841637	0.44982114039058
9660	0.106441274	0.396294119535859
9661	0.0059808455	0.0524437657844318
9662	0.2264889	0.453701780567073
9663	107.54936	105.881187931944
9664	0.4075034	0.356318014616667
9665	2.3583775	2.73191691930894
9666	68.1933	69.0374777056667
9667	0.004592672	0.196229572170946
9668	0.30197415	0.167749695383761
9669	1.3473347	0.679234394061111
9670	0.01254625	0.15894524690122
9671	34.7303	34.7359219
9672	18.258352	18.8283270633333
9673	0.99195826	0.951822754125
9674	0.09668778	0.0859011332095098
9675	111.418465	112.995276615504
9676	0.34913325	0.20145483225
9677	1.6242076	0.707993956756757
9678	0.61213535	0.21494491915
9679	2.008455	1.57969202353846
9680	0.19125214	0.257697664331008
9681	0.03057686	0.108595241194608
9682	0.021749856	0.0513163719384884
9683	78.50066	81.2473160616162
9684	7.4889064	9.033735437125
9685	0.25445357	0.204213263483929
9686	71.1936	70.3049318321705
9687	0.010398642	0.08068771996
9688	35.108246	33.625866538172
9689	1.0869035	1.45134369786992
9690	59.10353	65.2739833142857
9691	0.1447197	0.242735961675
9692	24.656933	24.6349054587302
9693	89.95539	90.02643423125
9694	60.622307	60.5323345924731
9695	0.2541789	0.146431432218803
9696	62.731155	65.7854294872807
9697	7.0571914	6.54194792106482
9698	61.195915	60.8396218043011
9699	13.469267	13.2376506252874
9700	36.909664	35.0824204215686
9701	62.235962	64.7192628893162
9702	0.2460633	0.116512434001473
9703	1.1545259	1.08838906077976
9704	16.981426	18.2920374154167
9705	0.10915612	0.2015670303175
9706	0.1720851	0.244909270237963
9707	18.74728	19.3002784661905
9708	0.3293927	0.426362227226905
9709	8.412714	7.89142123366667
9710	0.065030344	0.158563731567949
9711	0.14270532	0.193690574214222
9712	0.5132157	0.306570543996099
9713	32.830208	32.5704419011905
9714	0.2858449	0.152123504363514
9715	13.238695	12.0181654318182
9716	5.3117795	5.39814370281609
9717	26.303965	23.4735015851852
9718	18.14571	18.2516469923423
9719	1.2108489	1.0438668728175
9720	15.943884	15.9668144398649
9721	11.88404	13.2277634846591
9722	101.322945	97.4268277166667
9723	0.27257162	0.485238414604386
9724	0.012206992	0.134072194845833
9725	0.07833615	0.0652108124868518
9726	21.352003	23.4446561472868
9727	5.9191813	5.68129869421667
9728	6.1297574	6.2541284962963
9729	0.12702397	0.200436274587879
9730	0.52292293	0.12270789374031
9731	30.263723	30.1663241227778
9732	0.14807154	0.319864317823737
9733	43.570827	45.6795072191177
9734	0.20654169	0.341981219294872
9735	1.0380639	1.28494565666613
9736	82.346596	83.2131191175214
9737	4.1343503	4.6398803675641
9738	121.981125	115.793444094444
9739	53.901154	53.3940443921053
9740	0.4515088	0.485882072987037
9741	69.618904	67.1087480385965
9742	48.567036	48.6342157395349
9743	0.09725698	0.570157158258333
9744	0.55239797	0.557452257241667
9745	52.73239	52.5109066307018
9746	45.65488	42.7768787795238
9747	0.3783179	0.309188202949495
9748	65.12371	69.0254805943089
9749	0.68929875	0.956716216961905
9750	0.0063564833	0.0422457312415417
9751	70.45005	67.5719977030702
9752	21.056627	22.3050172366667
9753	0.12591006	0.213560783853659
9754	0.15445416	0.181965645144253
9755	0.0040028556	0.134609263589615
9756	76.15998	70.1859245953704
9757	0.14788933	0.296910547358681
9758	0.32335934	0.612170507345833
9759	0.03487397	0.0988483980653333
9760	0.58748907	0.273095132113704
9761	2.1415875	1.19699480127838
9762	32.61417	36.5406977242064
9763	63.673	64.3862480948276
9764	41.623146	44.588565275
9765	0.105005816	0.0572125516981667
9766	3.0534062	3.6917164548062
9767	13.45799	12.8218663402778
9768	2.0079517	1.8919211387619
9769	0.20552312	0.184088396372368
9770	0.45978653	0.460810911560833
9771	0.073396675	0.0540230923208586
9772	0.21318005	0.10508963213912
9773	0.011697739	0.21439975856131
9774	0.0045503606	0.0335576273796667
9775	25.235214	25.3825891921296
9776	29.873663	29.8430539061905
9777	121.03724	117.235435505051
9778	113.282394	104.332781288571
9779	94.207664	92.9665970647287
9780	0.071661346	0.236388909367521
9781	0.54514956	0.735691702626437
9782	0.028928189	0.209298868334959
9783	115.94328	115.754542175
9784	42.283474	44.6889609581081
9785	106.46724	101.888406625641
9786	23.572712	24.3748475361789
9787	0.16493125	0.315439422439815
9788	14.792801	12.3667761772857
9789	72.260895	69.3833762078947
9790	0.03959093	0.431560385604878
9791	68.74901	66.432263925
9792	44.386307	45.565642825
9793	49.51242	54.5087860912879
9794	21.819569	22.4374266603604
9795	60.647938	63.9860344054264
9796	49.371986	49.6486514211539
9797	4.016754	3.16851727085965
9798	1.0022389	0.970666812874286
9799	0.029000249	0.0526535894113542
9800	0.81329083	0.462783678787879
9801	0.021001134	0.152989891280159
9802	31.892004	31.3095261981482
9803	0.032677144	0.286308485059188
9804	0.11366766	0.277877848255952
9805	10.206953	11.0248379181373
9806	35.235504	37.6349234273148
9807	0.6688698	0.351911223409028
9808	3.5867074	2.56308492109402
9809	71.34788	72.5790601240741
9810	36.66672	34.3716642363248
9811	0.7811911	1.33994011803226
9812	0.47379145	0.433039568087083
9813	19.814651	17.3638183923423
9814	80.73608	77.3738149399225
9815	0.03319346	0.115593347464211
9816	69.82445	67.6179751438889
9817	0.04768383	0.169129135444298
9818	40.20769	42.1813575072917
9819	103.51009	110.693134477477
9820	0.039604038	0.223405529141026
9821	0.08990673	0.180747952385714
9822	0.008268261	0.0967337102770155
9823	1.285031	0.836271689953764
9824	12.315353	13.2542732191892
9825	0.35031784	0.253906547192222
9826	50.379368	50.8256678634409
9827	0.008004629	0.0840309348842593
9828	0.42680082	0.381881307936508
9829	2.993301	4.27377021979798
9830	0.07911251	0.313753947018095
9831	20.945412	21.5959362829457
9832	0.43754718	0.604755699029824
9833	5.4422464	5.42622133436508
9834	0.28010947	0.262484307552632
9835	87.883194	86.9107728548246
9836	0.0830792	0.185072965966204
9837	56.57526	56.39575521375
9838	0.22640792	0.381998113044445
9839	0.1159385	0.377892630187941
9840	0.18110587	0.203851525564815
9841	31.714975	35.5315823630081
9842	0.12037663	0.212526555985294
9843	8.396116	7.79053558881579
9844	0.18679866	0.290929919848571
9845	0.019181604	0.116806087567172
9846	3.726596	3.06591322675
9847	74.32324	74.4407400800926
9848	0.4174275	0.398042070297297
9849	47.743385	47.1333885305556
9850	51.61893	53.9355781380953
9851	0.0076561286	0.08223021480625
9852	1.7914978	1.65736970906159
9853	0.30756354	0.243426247925714
9854	0.1863236	0.15480464129697
9855	0.18804699	0.260603663441177
9856	0.4165303	0.350829257530093
9857	43.922234	44.8243558381579
9858	0.040125035	0.107294217344086
9859	0.42729673	0.754422410564912
9860	0.5885409	1.05290334076471
9861	0.0087672	0.0423579687166667
9862	51.524254	49.194230592735
9863	0.48604247	0.810572942183784
9864	0.47781625	0.331156626297642
9865	1.8588153	1.37243080712963
9866	25.813662	24.8725032973958
9867	4.488772	3.93751802287879
9868	0.038187828	0.382654768928413
9869	0.32565632	0.362782187262222
9870	0.42314288	0.501747963209402
9871	3.5035028	2.72365743107143
9872	0.18754935	0.196280821743376
9873	43.3257	47.1029875528571
9874	115.90936	120.629142626389
9875	0.19249406	0.224954615795496
9876	54.376217	56.6253926623016
9877	5.361831	4.43110240588889
9878	2.1763802	1.49748354410606
9879	0.13448487	0.11789697424697
9880	24.239151	24.188288565
9881	40.861576	39.4114790720588
9882	0.4394706	0.342731409684445
9883	7.7502055	8.88509441561905
9884	0.36868322	0.404861777036487
9885	19.220192	20.0183478419355
9886	33.952297	33.6724021564815
9887	18.758528	18.1417100304762
9888	64.50537	64.2268153338235
9889	5.6292806	5.37263531596491
9890	0.017822118	0.0920039723549048
9891	0.06597678	0.0861402403241852
9892	42.88465	44.5214344039474
9893	25.39928	24.8600117290598
9894	0.32039985	0.327727181369565
9895	0.52984715	0.137813487186292
9896	31.26595	32.522473181624
9897	0.028786147	0.031788914583
9898	0.6818858	0.568753910268571
9899	0.28305605	0.23236664384596
9900	8.246624	7.72027901994949
9901	6.6675096	6.61065580588889
9902	0.32011458	0.570385032757143
9903	1.2952878	1.25948707992683
9904	64.762596	74.0124564103604
9905	0.014423416	0.0236676131933333
9906	1.8160055	1.43910046209402
9907	0.0099238595	0.0912465774991666
9908	0.010386808	0.0567343891446296
9909	27.355394	29.3042040925439
9910	0.12048311	0.395110312436992
9911	96.28651	95.0048714096491
9912	82.61979	92.1573493276042
9913	81.34271	76.3414098463542
9914	3.5636415	3.32310805015152
9915	46.32176	46.2005908630952
9916	0.028844558	0.0579819839030864
9917	25.253233	25.8075330052632
9918	60.530457	61.1465152675926
9919	56.93063	56.7590369421053
9920	0.5552355	0.524914572583333
9921	0.026198836	0.0899520549868627
9922	17.229939	19.6118264505376
9923	0.40482312	0.389805130308333
9924	0.13173616	0.21155718231713
9925	12.626209	12.4984787021429
9926	0.017318474	0.221409250383081
9927	20.279865	20.1152111777778
9928	4.347259	5.05691776086022
9929	0.021044942	0.140779658161966
9930	0.41948277	0.504753785592592
9931	21.00938	23.6678471602941
9932	34.868546	32.5288534792929
9933	36.1439	35.9493310308081
9934	80.645226	78.7409047172619
9935	78.93313	81.0531437900901
9936	124.55388	121.763300883908
9937	0.13166167	0.227060169920175
9938	19.195463	20.4153334068627
9939	0.9451611	0.157736479632018
9940	30.787292	30.0875304125
9941	0.23249017	0.25018667582401
9942	0.47639358	0.190842839320952
9943	0.3133885	0.115862752402479
9944	77.60079	78.1946407657658
9945	0.23572655	0.402514585110877
9946	26.942812	25.6456150171171
9947	10.989142	11.1155652873874
9948	0.12543449	0.202658793729825
9949	0.0064916224	0.0507320462910985
9950	58.12706	59.9527950357723
9951	67.147415	64.0675031794574
9952	4.5486245	3.86589539620238
9953	0.08313035	0.164157649715741
9954	19.341711	21.9894410059829
9955	13.103067	13.9423882358974
9956	82.46204	83.2069791287356
9957	29.605694	28.7453564357843
9958	0.24972104	0.198543183833796
9959	37.96024	41.4566866059524
9960	0.46900955	0.6351945570375
9961	0.019990463	0.603054901760635
9962	0.88291407	0.648214123653061
9963	75.10362	73.5269999684685
9964	15.296035	18.3296089333333
9965	4.7319965	4.22217332627451
9966	9.473237	10.1101759313492
9967	0.40721852	0.228321378609524
9968	0.0059599387	0.0818151454815316
9969	112.1749	106.471583204321
9970	0.46057588	0.140584312620098
9971	1.3882118	1.31938584693982
9972	133.07462	121.680013707692
9973	53.43359	53.0425131260417
9974	0.19486919	0.0280958857067204
9975	1.3151342	0.742838558768817
9976	0.073316306	0.0282595302645455
9977	0.18158886	0.204507101915854
9978	0.0074624247	0.241878709948837
9979	0.1211184	0.237917895558095
9980	0.46628663	0.595651769304065
9981	0.1991933	0.317528943967593
9982	0.004692205	0.0405510309960185
9983	0.116392545	0.183153427337037
9984	48.68575	44.8103222828704
9985	13.839274	14.7107065455285
9986	24.508333	23.9325179156566
9987	0.08189476	0.165178171569417
9988	4.518634	5.09690233871795
9989	20.799759	19.7584347483871
9990	0.0077250125	0.0800540291834553
9991	2.4284692	1.69564245792683
9992	6.0959826	5.78093769509524
9993	78.95137	83.2721938174796
9994	0.0074243993	0.0589800589044444
9995	0.005770075	0.190934300154422
9996	0.085811585	0.226175444862456
9997	32.05535	34.7168689410714
9998	60.736317	58.2267611313954
9999	0.050922215	0.158751215723106
10000	0.036261518	0.130011321115125
10001	38.38361	35.45067361875
10002	33.016365	29.6594134857143
10003	79.386536	82.7362061591667
10004	73.012245	72.1069859460785
10005	63.77018	68.2594555311966
10006	54.967	56.2961644515152
10007	0.05705548	0.422825772844298
10008	12.5351515	13.2201767622549
10009	82.671524	80.98938786875
10010	0.30617937	0.367900137953125
10011	0.09802735	0.161936563153252
10012	0.2837575	0.13601266877807
10013	0.48833343	0.352960317355729
10014	0.3984329	0.571045224457576
10015	0.47072494	0.601442467797297
10016	0.19230558	0.198680521380952
10017	0.2572372	0.327448312495727
10018	0.0073412615	0.0258604639311347
10019	59.415302	62.2317627820988
10020	0.034285057	0.0564580600386404
10021	0.03405609	0.122383743424359
10022	45.703297	44.6452751828947
10023	14.554786	14.9060369303922
10024	0.70544076	0.865091599990196
10025	0.882866	1.33099624916146
10026	3.7648835	3.42948246530303
10027	68.62987	68.0268612484849
10028	0.22908606	0.174197324421264
10029	60.35184	58.4963177466667
10030	0.007608701	0.0951785306699537
10031	0.2679914	0.184700567470175
10032	1.7170575	1.81001267387097
10033	3.03322	2.11718890157658
10034	0.17260742	0.307633921688406
10035	31.337164	31.24075959
10036	0.330682	0.202317966797297
10037	0.23099624	0.231828166131982
10038	0.14013079	0.161396272738492
10039	0.10251715	0.216916101013291
10040	3.8815506	5.03536638058823
10041	9.026344	8.577067365
10042	0.17582735	0.284046055055914
10043	0.2622137	0.570368127731707
10044	2.1807437	2.52815468324561
10045	36.67283	33.3109765782828
10046	83.40245	78.3801843755319
10047	24.000196	23.1089695037037
10048	8.989982	10.9893631373333
10049	36.686092	36.7510072605263
10050	0.10225955	0.180165551673423
10051	47.463818	45.0868368995614
10052	0.0044552987	0.347675481753162
10053	0.0804566	0.0296222851649462
10054	0.020446457	0.0784373387279914
10055	0.1668466	0.386613229286765
10056	0.03104073	0.0486208466639855
10057	0.92135864	1.08161993953509
10058	2.718262	2.71092671582292
10059	45.969578	50.72327082125
10060	2.1437085	3.25309924093137
10061	0.103059344	0.256399987747222
10062	0.027338378	0.203891564204054
