index	observed	oob_prediction
1	0	0.0263452270045339
2	0	0.00853046394633874
3	0.0156791503633315	0.0189198021473821
4	0.0602012297372834	0.0423639077740369
5	0.0646730016769145	0.0124222920023236
6	0	0.0444571178221262
7	0.0619060927892677	0.017292093658779
8	0.0177473448854108	0.0375865792905965
9	0.0126607043040805	0.0284688580419436
10	0.013806595863611	0.0245287471053262
11	0.0192006707657909	0.01586302869387
12	0	0.0342988284889137
13	0	0.0219849051818728
14	0	0.0126374138252282
15	0.0415315818893236	0.0173634819624199
16	0	0.0347696924527556
17	0.0357741755170486	0.0461489467223446
18	0.0585243152599217	0.0234326801647931
19	0.0710732252655115	0.0389670304884626
20	0.00106204583566238	0.0193554193617078
21	0.0695360536612633	0.00826921096760907
22	0.0578256008943544	0.0484478642630892
23	0.0460592509782001	0.0624116359232346
24	0	0.0215479783864356
25	0	0.00268512437115707
26	0.0745388485187255	0.0468394154755251
27	0.0641140301844606	0.025400852431526
28	0.00248742314141979	0.0279470408594528
29	0.0301844605925098	0.0163940127942364
30	0.0737003912800447	0.0420637514153445
31	0.052012297372834	0.0322905450462377
32	0.0622694242593628	0.0142012031195933
33	0.0825600894354388	0.0256997589082553
34	0.0629401900503074	0.0238617888821004
35	0.0779485746226942	0.0436842432147071
36	0.00469536053661263	0.0319876205559548
37	0.0339854667411962	0.0483598215319848
38	0	0.0206492570337246
39	0.0163499161542761	0.0441361490816494
40	0.103745108999441	0.0577285488395047
41	0	0.0444536203922417
42	0.0362213527110117	0.0253731026384321
43	0.0315259921743991	0.0416586130642425
44	0	0.0414484405604257
45	0.0494969256567915	0.0172796352956175
46	0.0761319172722191	0.0265301844605925
47	0.0555338177752935	0.0334166511396808
48	0	0.0313838724780592
49	0	0.0313724240730389
50	0	0.0368518925177673
51	0.0365008384572387	0.0460006000723375
52	0	0.0337160583875263
53	0.0432643935159307	0.0571167052623173
54	0.0321408608160984	0.0178858039418851
55	0	0.0277998119823162
56	0	0.0139866090837304
57	0.0195081050866406	0.0193183501706454
58	0.0213527110117384	0.0500001225814676
59	0	0.0198272269932415
60	0	0.0221924634282676
61	0	0.00930141872288323
62	0.0477361654555618	0.0570941983417179
63	0	0.0192246037406115
64	0.059418669647848	0.0528166815035643
65	0.0784237003912801	0.0315008985617002
66	0	0.0359674017988719
67	0.0785354946897708	0.0206083805797333
68	0.0445220793739519	0.0276558740612924
69	0.0268026830631638	0.0040498260977579
70	0.0608999441028508	0.0237986446024586
71	0.0564840693124651	0.0339889748695733
72	0.00933482392397988	0.0286575509143983
73	0.0339016210173281	0.0193722772321151
74	0.0765511458915595	0.0560146565613389
75	0.0711291224147568	0.0266451135316423
76	0.0200111794298491	0.0262926603937644
77	0.0437954164337619	0.0392430846161981
78	0.0877305757406372	0.0393108073301987
79	0.0411403018446059	0.0473775822379295
80	0	0.0197430834790867
81	0	0.0131427525205474
82	0.0507825600894354	0.0433038475871064
83	0.0450531022917831	0.0360706433495701
84	0.07769703745109	0.0218723992298615
85	0.0375069871436557	0.0312252875761231
86	0.0380380100614869	0.0294386749433674
87	0.0247903856903298	0.0283435214248518
88	0	0.0262011783376059
89	0	0.0166384252974527
90	0	0.0256592137134339
91	0.0315259921743991	0.0192052223908009
92	0.0445779765231973	0.0454799656437034
93	0.0324203465623253	0.0227776983373848
94	0.0326998323085523	0.0248285714890662
95	0.0269983230855226	0.0402171808749949
96	0.0907490217998882	0.0325820422047364
97	0.0266629401900503	0.0129447058153738
98	0.013806595863611	0.0563900952162551
99	0	0.00646327509519237
100	0.0105366126327557	0.0200560608120698
101	0.040497484628284	0.023100278283657
102	0.0872275013974287	0.0470168696615771
103	0.0936836221352711	0.043225876239571
104	0.0739798770262717	0.0247931208286155
105	0.0825321408608161	0.0328236529633958
106	0.0592789267747345	0.0483398017345055
107	0	0.0146668322878496
108	0	0.0107917080719624
109	0	0.0175599668539712
110	0.043236444941308	0.0238470402864526
111	0.0436836221352711	0.0304603945407118
112	0.000279485746226942	0.0147434130291173
113	0.0455002794857462	0.0590086061466721
114	0	0.0344344458827337
115	0.0378144214645053	0.0182046943533808
116	0	0.0431730948388299
117	0.0451648965902739	0.013858424029198
118	0.0126607043040805	0.0313955218231787
119	0.0566797093348239	0.0533971891719237
120	0.0230016769144774	0.00780558367198949
121	0.0819731693683622	0.0223647706610641
122	0	0.00842114441052395
123	0.090497484628284	0.0460501000739285
124	0	0.0235559562275332
125	0	0.0251687867297146
126	0.0197037451089994	0.0520522948885162
127	0	0.0358457972683797
128	0.084740078256009	0.0282396810920538
129	0.00310229178311906	0.0283845457691182
130	0.0352990497484628	0.0135576863357747
131	0	0.0314294660787115
132	0.12012297372834	0.0217703630448181
133	0.0391559530463946	0.0173313769331097
134	0	0.0408773393992092
135	0.026048071548351	0.0406178187690206
136	0.0308831749580771	0.0431408652523801
137	0.0332588038010061	0.0309372340479104
138	0.0728898826159866	0.0257280971433615
139	0.00614868641699273	0.0318217812558226
140	0.067551704863052	0.0314981424078685
141	0.106987143655674	0.0398386032762779
142	0.0512856344326439	0.0250914927644246
143	0	0.0163016731033081
144	0.030715483510341	0.0328061357002106
145	0.00916713247624371	0.0309538309160268
146	0	0.0100583631999474
147	0.0297652319731694	0.0588274439895457
148	0.0661542761319173	0.0393951402922895
149	0.0305757406372275	0.00405490819968182
150	0.0110117384013415	0.0159806699858307
151	0.0527110117384013	0.00927844931991802
152	0.0612353269983231	0.00785996890721073
153	0.025684740078256	0.0364642607602012
154	0	0.0444397385733328
155	0.0370598099496926	0.025843962260955
156	0.0371436556735607	0.0228258005270303
157	0.0438233650083846	0.0520501832184336
158	0	0.0200059692634688
159	0	0.0105745295323272
160	0.0782560089435439	0.0349039101386782
161	0.0370318613750699	0.0394731910339239
162	0	0.0270581933164546
163	0.0134432643935159	0.0268096812975237
164	0	0.0281231866698608
165	0.0368082727780883	0.010463899757779
166	0.00452766908887647	0.0164877957890814
167	0.0282280603689212	0.043047450468915
168	0.0148127445500279	0.0286016529585563
169	0	0.0211172980178011
170	0	0.0257919162075115
171	0	0.0222726371510608
172	0	0.0270696045402585
173	0.028339854667412	0.0535117384013415
174	0	0.0255853755405843
175	0.000391280044717719	0.0468310776256794
176	0	0.0218185205887833
177	0.0399664617104528	0.0218195215838318
178	0.083733929569592	0.0508651727879525
179	0.0693963107881498	0.0502369078395752
180	0.0265790944661822	0.0360780185963204
181	0	0.010903192180442
182	0	0.0159187741021168
183	0.0485746226942426	0.0122003935522866
184	0.0482112912241476	0.0416578939196323
185	0	0.0177461156656936
186	0	0.0398270648673108
187	0.0347680268306316	0.0383773756288429
188	0.0306316377864729	0.0234130514667826
189	0	0.0192337173674513
190	0.0200111794298491	0.0115049825562345
191	0.0215483510340973	0.025655038588646
192	0	0.0206273247348336
193	0	0.0239758049490014
194	0	0.00806384031160443
195	0.0133314700950252	0.0176205980994969
196	0.0988541084404695	0.0517672149910831
197	0.0972051425377306	0.0582532708921276
198	0.00413638904415875	0.0168846218790758
199	0.0596981553940749	0.0099629614842024
200	0.0380380100614869	0.0401983326289384
201	0.0272219116825042	0.0360625664463661
202	0.0768865287870319	0.0168428897845508
203	0	0.00493984402033592
204	0	0.0234383611348102
205	0.0657070989379542	0.00847418527686834
206	0.0503912800447177	0.0481013846802585
207	0.0885690329793181	0.0478390891194984
208	0.0588596981553941	0.0477961333754587
209	0.0136668529904975	0.0640488007812751
210	0	0.0375367108304504
211	0.0352990497484628	0.0267839280986143
212	0.0518446059250978	0.0277442803487198
213	0	0.00265140142138465
214	0	0.0172394261226011
215	0.00326998323085523	0.0211314403719379
216	0	0.0226794431579228
217	0.0450531022917831	0.00940223147303698
218	0.065539407490218	0.0648477558049945
219	0.049636668529905	0.0614272923006853
220	0.0250698714365567	0.0264871835822087
221	0.06690888764673	0.0493752390338619
222	0.0262716601453326	0.0212747325063727
223	0.00877585243152599	0.0286934776852696
224	0	0.0238645997425344
225	0.0735606484069313	0.0245145547577074
226	0.0087199552822806	0.018913676169182
227	0.0785354946897708	0.05139312775604
228	0.041587479038569	0.0250269393205391
229	0.0314700950251537	0.00566098378982672
230	0	0.0375956074156885
231	0.0289547233091112	0.0176138086101753
232	0	0.0226802283797812
233	0.0269144773616546	0.0463867025214147
234	0.0944382336500838	0.0330851499906838
235	0	0.0223769353819866
236	0	0.0167290493184848
237	0.0418949133594187	0.0268090762996087
238	0.00245947456679709	0.0177636948015651
239	0.095248742314142	0.0548460917382103
240	0.0233929569591951	0.0121469030317549
241	0.0129681386249301	0.0192837098438061
242	0.0178870877585243	0.0322958528237867
243	0.015176076020123	0.00779056927410428
244	0	0.031995242731868
245	0.00326998323085523	0.0291330264812745
246	0.00592509782001118	0.0011334988582249
247	0.0100614868641699	0.0364626703028045
248	0	0.0148152628330538
249	0	0.0612862513155973
250	0.0128283957518167	0.00704460544734441
251	0.0375908328675238	0.0457394616128546
252	0.0450251537171604	0.0110461941946011
253	0.00925097820011179	0.0374425350038855
254	0.0550586920067077	0.0314678018087744
255	0.0944102850754611	0.0210534940495813
256	0.0366405813303522	0.0385201121409475
257	0.0657629960871996	0.0318083892304826
258	0.0460033538289547	0.0448596809939886
259	0.044885410844047	0.0218035499865433
260	0.0836780324203466	0.0100900206867228
261	0	0.0118099904509037
262	0.00150922302962549	0.0315867878372612
263	0.0129122414756847	0.017494953729582
264	0.0432643935159307	0.0281845890048797
265	0	0.0397733782243772
266	0.0583286752375629	0.0277764025304551
267	0.0234209055338178	0.0158686146522656
268	0	0.0125594722377492
269	0.0218557853549469	0.054505206715939
270	0.020290665176076	0.0500060688333466
271	0.0477361654555618	0.0176071362027203
272	0.0450251537171604	0.0413323112923202
273	0	0.0175115210235389
274	0	0.0105734361056358
275	0.000838457238680827	0.0141083110779869
276	0.0595584125209614	0.0105875514978366
277	0.0305477920626048	0.0373417062604807
278	0.0287590832867524	0.0515543184324627
279	0.0319172722191168	0.0323589262423807
280	0.0211011738401342	0.0208507614282403
281	0	0.0191432802858427
282	0.0462828395751817	0.0242452154702015
283	0.0588596981553941	0.0563405223278057
284	0.0441028507546115	0.0330021944806741
285	0.0252655114589156	0.0243124021170416
286	0.0425377305757406	0.0238823675548103
287	0.0632196757965344	0.0460715886372678
288	0.0501956400223589	0.037553064523439
289	0.0417831190609279	0.0277606943062164
290	0.0273057574063723	0.0264567750893911
291	0.0446338736724427	0.00756452627166015
292	0.0105366126327557	0.00312396745543755
293	0	0.053425108652792
294	0.046618222470654	0.0502302929276797
295	0.0401341531581889	0.0371803925222036
296	0.0616825041922862	0.0555783802248307
297	0.0753773057574064	0.0502885690329793
298	0	0.0170345555169479
299	0.0337059809949693	0.0206405280949719
300	0.0329234209055338	0.00346614552455805
301	0	0.0151271779583686
302	0	0.0121640697782746
303	0	0.0521523064228486
304	0	0.00976222309509062
305	0.0795136948015651	0.0154918319661193
306	0.0507546115148127	0.0149660114278616
307	0.00120178870877585	0.0324433305875085
308	0	0.00520707943894862
309	0.0390441587479039	0.0291035253753783
310	0.0551145891559531	0.0362904239106028
311	0.0385410844046954	0.0333295162826326
312	0	0.0303551243489757
313	0.0160424818334265	0.0261125628842929
314	0	0.0165504712707928
315	0.0289547233091112	0.0156551301161419
316	0.00860816098378983	0.0430511797686197
317	0	0.0121053604801509
318	0.0748183342649525	0.019847571579405
319	0	0.0386205566942012
320	0.0105366126327557	0.0440674792789869
321	0.0219675796534377	0.0170400751506118
322	0.0266629401900503	0.0185821255556443
323	0.0176914477361655	0.0129542516769145
324	0.0186137506987144	0.0297742626685179
325	0.00620458356623812	0.0405264639304814
326	0.0386808272778088	0.0247495177500849
327	0	0.0351679942239613
328	0	0.0306833759216375
329	0.0617104527669089	0.0290295116245368
330	0.0205422023476803	0.00565936571445383
331	0.0828675237562884	0.030156723749513
332	0.0659865846841811	0.0324023991933274
333	0.0783957518166574	0.0287217089183354
334	0	0.00651402086826905
335	0.0571827836780324	0.0261549399105646
336	0.00835662381218558	0.033921185019564
337	0.018194522079374	0.0235183552861026
338	0	0.0110443695880282
339	0	0.0449008357954697
340	0.000670765790944662	0.0279300198745419
341	0.0233650083845724	0.00120090884624143
342	0.0386249301285634	0.0115963915284765
343	0.00572945779765232	0.0454501734825938
344	0.0472330911123533	0.0505801011324348
345	0.037479038569033	0.0188357825110568
346	0	0.0264351179015796
347	0	0.017058069292852
348	0.0467020681945221	0.0725125985241419
349	0	0.00980171619355521
350	0.0646730016769145	0.0292535530919405
351	0	0.0226310218826988
352	0.0612073784237004	0.0311108711486017
353	0.090860816098379	0.0343111044099909
354	0.0899385131358301	0.0492964440379197
355	0.0304639463387367	0.0476987984385154
356	0.0450251537171604	0.0496962193730203
357	0.0903856903297932	0.0180214220648821
358	0.0230296254891001	0.0414903266877834
359	0.03381777529346	0.0203113699364598
360	0.0818893236444941	0.0385226405635852
361	0.0386249301285634	0.037050159330763
362	0.052655114589156	0.0497307247997019
363	0.00913918390162102	0.0307065228050563
364	5.58971492453885e-05	0.0224995633035215
365	0.0888205701509223	0.016998402938593
366	0.0563722750139743	0.0425130587305565
367	0.0128563443264394	0.0305539157543616
368	0.0247065399664617	0.0100096073225266
369	0.0320290665176076	0.0386918786100242
370	0.0281721632196758	0.0270862702059106
371	0.0431525992174399	0.0465925166828837
372	0.0132196757965344	0.0281958677514854
373	0.0770262716601453	0.052633021906359
374	0.0333985466741196	0.0182843214318986
375	0	0.0228031514605718
376	0.102068194522079	0.0575997190809935
377	0.0173840134153158	0.0260042007554584
378	0.0226103968697596	0.0184956457895251
379	0.0812465064281722	0.0616046423299078
380	0.0721632196757965	0.0400800089239308
381	0.0427054220234768	0.0271072624220896
382	0.0228898826159866	0.0303731735756745
383	0.0185858021240917	0.0186018662597757
384	0	0.0237223976351981
385	0	0.0111769659615781
386	0	0.0182662819331349
387	0	0.00500882376427374
388	0	0.0243124650642817
389	0.0711570709893795	0.0377324515683934
390	0	0.0092884833841216
391	0.0391280044717719	0.0121094712610517
392	0	0.0121843742473199
393	0.0053661263275573	0.0232354842090553
394	0.0486864169927334	0.0242708262325776
395	0	0.00706902733314136
396	0.0439910564561207	0.0302425497868236
397	0.0478200111794298	0.0426383454443823
398	0	0.0141293353562778
399	0	0.0116513550550857
400	0.0109558412520961	0.0138951279141329
401	0.0205980994969257	0.0405370510417694
402	0.0119899385131358	0.0413951544843762
403	0.0689770821688094	0.00442135490305681
404	0.0352152040245947	0.0263085041802653
405	0.0629122414756847	0.0438001430309407
406	0	0.0239029203808851
407	0	0.026773223447718
408	0	0.021011152812159
409	0	0.039405313064541
410	0.00760201229737283	0.0173328802276538
411	0.0472889882615987	0.0471506211516546
412	0.0170206819452208	0.0103623066890255
413	0	0.0188713801692605
414	0.0933202906651761	0.0492161554053673
415	0	0.00965752644763265
416	0.079429849077697	0.0386551654047462
417	0	0.0518150637913958
418	0.0513415315818893	0.021373805531156
419	0	0.0268821542275257
420	0	0.0147386083680103
421	0.0712129681386249	0.0432379934434155
422	0.0250978200111794	0.0314508075973542
423	0.0620178870877585	0.0279990114485643
424	0.0719675796534377	0.0182276781661913
425	0.0522358859698155	0.0405116427877968
426	0	0.0344793300756715
427	0.0215204024594746	0.016471555401125
428	0.0193683622135271	0.0387685192578988
429	0	0.0115581330352152
430	0	0.0371722588994808
431	0.0421185019564002	0.0310241122147215
432	0	0.00802576052855539
433	0	0.0292616785115388
434	0.0227221911682504	0.0304704676728154
435	0.00461151481274455	0.0379256335010248
436	0.0465623253214086	0.0495252858770869
437	0.0350754611514813	0.0512644460688061
438	0	0.0256081726290293
439	0.104946897708217	0.0484386921047728
440	0.0147568474007826	0.0251201788708776
441	0.0169368362213527	0.0265466795997326
442	0	0.0110311471337184
443	0.0587199552822806	0.0203335954866302
444	0	0.043652731605425
445	0.0915595304639463	0.0201081493385504
446	0.0569871436556736	0.020299662655801
447	0.0213527110117384	0.03916591249878
448	0.0256008943543879	0.0266949745801059
449	0.0609558412520962	0.034523219381601
450	0.0443264393515931	0.0577939937736787
451	0	0.00857385473791287
452	0.061794298490777	0.017429301751444
453	0.0249860257126887	0.0141016421676008
454	0	0.0208112708979115
455	0.042230296254891	0.0340571371664643
456	0.136836221352711	0.0564783631451463
457	0	0.047227212274243
458	0.0687534935718278	0.0257397169695565
459	0	0.0250873760701362
460	0.0418390162101733	0.00275519514681222
461	0.0112912241475685	0.00295373261166933
462	0	0.0199588340786287
463	0	0.00822303452874781
464	0.0727780883174958	0.0176493655183235
465	0	0.0509406411501084
466	0.0846562325321409	0.0663162545621938
467	0.00634432643935159	0.0251873330849016
468	0.0410005589714925	0.0493224683249488
469	0	0.0103505829974601
470	0	0.033700263182411
471	0.0464505310229178	0.022458542947643
472	0	0.0477204298257872
473	0	0.00500714241351469
474	0.0123812185578535	0.0140292927679736
475	0.0605366126327557	0.0601257952034923
476	0.0797652319731694	0.043336334013632
477	0.0357182783678032	0.0439506215970023
478	0	0.00799927023166263
479	0.0572945779765232	0.0567331404333673
480	0.040497484628284	0.0296053483812008
481	0.0339295695919508	0.0521378105146745
482	0.00751816657350475	0.0438149933751527
483	0.0470933482392398	0.035143201156337
484	0.0534656232532141	0.0499054292946507
485	0.0082727780883175	0.0399697445589005
486	0.0115707098937954	0.0201097940573658
487	0.0361654555617664	0.0469739033713321
488	0.041866964784796	0.0531717855362349
489	0.00111794298490777	0.0210305038728739
490	0.0274734488541084	0.0199296627538662
491	0.0449413079932923	0.0592896662733164
492	0.0334264952487423	0.0221608025017751
493	0.0624091671324763	0.0313277764990848
494	0.03848518725545	0.00941049210193984
495	0.0217719396310788	0.0473110971746945
496	0.0277249860257127	0.0301020122973728
497	0.00315818893236445	0.0320738507812292
498	0.00620458356623812	0.00862725917644867
499	0.0125768585802124	0.0534981664041195
500	0.0463666852990498	0.0345396590273896
501	0.064169927333706	0.0410396071228939
502	0.00788149804359978	0.0180892794938473
503	0.0941866964784796	0.0311245465206765
504	0.00575740637227501	0.0338873280182009
505	0	0.00191776320758993
506	0.04387926215763	0.0410779480570565
507	0.0805757406372275	0.0160089176655694
508	0	0.0210105798493166
509	0.0441028507546115	0.0201354483360373
510	0	0.0144895952850264
511	0	0.00322397557724556
512	0	0.0216489057982774
513	0	0.024254156665461
514	0	0.0294245181458709
515	0	0.0151463958490291
516	0.0108999441028508	0.019141608851478
517	0	0.0212327909239592
518	0.00589714924538849	0.0238419308472411
519	0.0409167132476244	0.0566122983283408
520	0.0380100614868642	0.0352474200159878
521	0	0.017598852893285
522	0.00790944661822247	0.0291208398768488
523	0.0195919508105087	0.0347327999813676
524	0	0.0157408190068485
525	0	0.015443964302265
526	0.0384572386808273	0.0347097507253321
527	0	0.0273960011617839
528	0	0.0201894514094067
529	0.0733929569591951	0.0389541229323231
530	0.0453046394633874	0.0229773077187099
531	0	0.0194295721098404
532	0	0.00623735272834419
533	0.063806595863611	0.0326646573907614
534	0.0554220234768027	0.0357176740742979
535	0	0.0163225804869917
536	0.0241475684740078	0.0165101546487796
537	0.0187255449972051	0.0558139365447918
538	0.00617663499161543	0.0120972299857152
539	0.0103968697596423	0.0407278921599073
540	0	0.0271644668433738
541	0.00958636109558413	0.0232004223340165
542	0	0.00738884452607203
543	0.0139742873113471	0.0228458695828735
544	0.0208496366685299	0.0216723245488464
545	0	0.0279657319421154
546	0.0231973169368362	0.00358184274268679
547	0.045612073784237	0.0640791650433909
548	0	0.0484009274786245
549	0.0423979877026272	0.0410969563750447
550	0	0.0508301027185248
551	0	0.0269843271326496
552	0.0124091671324762	0.0167375133920253
553	0.0256008943543879	0.0221555278458576
554	0.0326998323085523	0.0400175144400969
555	0.059418669647848	0.0140944935827881
556	0.0730016769144774	0.0456215674270454
557	0.00410844046953605	0.0150155005569893
558	0.0408049189491336	0.0123361483339124
559	0.0145612073784237	0.00928550782798966
560	0	0.0212248237436665
561	0.0332588038010061	0.024220500944928
562	0	0.0250947985436527
563	0.0242314141978759	0.0316458254446228
564	0	0.00939375480739371
565	0	0.0233732506262551
566	0.0659865846841811	0.0242059809949693
567	0.0624371157070989	0.0251881125395938
568	0.017272219116825	0.0446141366552211
569	0	0.0455957363654128
570	0.0152599217439911	0.0141468115334451
571	0	0.0428440887158433
572	0.0157629960871996	0.0349388857834917
573	0.0168809390721073	0.0167907005133543
574	0	0.0180710825414571
575	0.0591950810508664	0.0489497449692566
576	0.0866685299049749	0.046731889918295
577	0.0116545556176635	0.0340466139525495
578	0.0333985466741196	0.0129590929034662
579	0.0420346562325321	0.0117688201184568
580	0.00989379541643376	0.0162711148072912
581	0.0288988261598658	0.042294827130483
582	0	0.0122291317309484
583	0	0.0229099369440931
584	0.0439910564561207	0.0608278532206622
585	0.0496087199552823	0.0139981716974101
586	0	0.00684859370952569
587	0	0.0127542094475989
588	0.0294577976523197	0.0160528693869946
589	0.0277808831749581	0.00948137926215763
590	0	0.0170170868507928
591	0.0325600894354388	0.0111699546006081
592	0	0.0359500040758338
593	0.04927333705981	0.0396635819721342
594	0.004387926215763	0.011873416247438
595	0	0.00738349941854115
596	0.0487143655673561	0.0642282990963294
597	0	0.0261426708190263
598	0.0731973169368362	0.0340040010591039
599	0.0209055338177753	0.0284179942239613
600	0	0.00157200251537172
601	0	0.0187120365194708
602	0	0.028318352296291
603	0	0.0204213009966424
604	0.0277249860257127	0.011042632536525
605	0.0271939631078815	0.0193955033848829
606	0.0523476802683063	0.0362751400168787
607	0.0111794298490777	0.0339139579133989
608	0	0.00572541107695174
609	0	0.0380786201873402
610	0.0209055338177753	0.0299024569566772
611	0	0.0292601003043289
612	0.0544158747903857	0.0186063091066908
613	0	0.0459062265602232
614	0.0261039686975964	0.0299586436632272
615	0	0.0523270914850009
616	0	0.00462289919880753
617	0.0514253773057574	0.0173077213602647
618	0.0580771380659586	0.0137456563256941
619	0.0243991056456121	0.0132286400430615
620	0.0315818893236445	0.0508431586655747
621	0.0248742314141979	0.0142404475764593
622	0	0.00233558005208401
623	0.0704863051984349	0.0101879056425067
624	0.0183901621017328	0.037439279780759
625	0.0200391280044718	0.0230232022201955
626	0.0481553940749022	0.031051718496503
627	0	0.017035774175517
628	0	0.0527055255367161
629	0.0459195081050866	0.0124133723578246
630	0.00114589155953046	0.0289296028640634
631	0	0.0112443284536633
632	0.0290385690329793	0.0603288266256754
633	0.0743711570709894	0.0166980139259811
634	0.0326159865846842	0.0150414958698218
635	0	0.0278051808096526
636	0.00276690888764673	0.0348465217162814
637	0	0.0311498434278777
638	0.0423700391280045	0.0311815700552425
639	0	0.00736794298490777
640	0.00670765790944662	0.0233369152483568
641	0	0.03364281204066
642	0.0185858021240917	0.0205471344490843
643	0.0141419787590833	0.0309660092097208
644	0.0873113471212968	0.0220920323271847
645	0.013806595863611	0.0233210670144712
646	0.0217439910564561	0.0127835705379026
647	0.134712129681386	0.0364473158007153
648	0.0574902179988821	0.0524148215431754
649	0.0921464505310229	0.0212882648867261
650	0.00335382895472331	0.00595581119986537
651	0.0256567915036333	0.0167254408750644
652	0.0225265511458916	0.00579331363624265
653	0	0.0214256829932923
654	0	0.0348844442891746
655	0	0.0164074727501397
656	0	0.0407595760642523
657	0.0114030184460593	0.00983553428358487
658	0.0715204024594746	0.0162929253651542
659	0	0.0462815585988448
660	0	0.0193179199395919
661	0.0252655114589156	0.0167111893960075
662	0	0.0198503974908391
663	0.0117663499161543	0.0185925351897962
664	0.00628842929010621	0.0191671657483564
665	0.0248742314141979	0.0455611094389742
666	0	0.0481196248026439
667	0.0461430967020682	0.00953630985653065
668	0.0263834544438234	0.0663133501024781
669	0	0.0297224551270107
670	0	0.0440028450215706
671	0.030435997764114	0.00536122238784341
672	0.0160145332588038	0.0112273287070489
673	0.0147009502515372	0.0550542138828193
674	0	0.0382120209924849
675	0.00888764673001677	0.00619977476736922
676	0.00933482392397988	0.0294997593317185
677	0.0387367244270542	0.0160666203245857
678	0.0336221352711012	0.0146877005569012
679	0.0375628842929011	0.0603202699625282
680	0.00122973728339855	0.00286967655190126
681	0	0.0591804498526131
682	0	0.0407708837960375
683	0	0.012503633314701
684	0.0126886528787032	0.0658036717815564
685	0.0239798770262717	0.0372679475438951
686	0.0565679150363332	0.0142861800952913
687	0.0341811067635551	0.0378064168946682
688	0.0210732252655115	0.0299351176291763
689	0.0444941307993292	0.048337770782462
690	0.00553381777529346	0.0465738858681844
691	0.0408887646730017	0.035869806223216
692	0	0.0311894913359419
693	0.0127445500279486	0.00370721906779246
694	0.0460592509782001	0.0463135710634313
695	0	0.0378050813852938
696	0.0716042481833427	0.0361928502006758
697	0.0332029066517608	0.0497965077590567
698	0.020933482392398	0.0136652847649214
699	0.0823365008384572	0.051223180117814
700	0.0668529904974846	0.0620204866057207
701	0	0.0182033485736672
702	0	0.0429212425607471
703	0.0792901062045836	0.0207835897737637
704	0	0.0205359557218137
705	0	0.0384126305636844
706	0.0400782560089436	0.0374213466828878
707	0	0.0164078362479704
708	0	0.0190066192735282
709	0.00648406931246506	0.031266261531773
710	0.0117384013415316	0.055845056207689
711	0.0920626048071548	0.0117286484535122
712	0	0.037672170385977
713	0.0795695919508105	0.027770381286312
714	0.00830072666294019	0.0270446923116012
715	0.0291503633314701	0.0478339355585722
716	0.0375069871436557	0.0047769703745109
717	0.0221073225265511	0.0462901192039206
718	0	0.0471025479783864
719	0	0.00680949552822806
720	0.0759083286752376	0.0440712712540549
721	0.0100335382895472	0.0039968350127657
722	0.0249021799888206	0.0473586966648034
723	0.0481833426495249	0.0436593318700096
724	0.0304918949133594	0.0390582591919757
725	0	0.0450223071030785
726	0	0.0212652785541271
727	0.028339854667412	0.0463573439286128
728	0.0344885410844047	0.0463081649063968
729	0.0354108440469536	0.0132181522110428
730	0.0927333705980995	0.043272259345834
731	0.0427892677473449	0.0134267344482549
732	0.0430128563443264	0.0455529026591072
733	0.0287311347121297	0.0439804836619999
734	0.046981553940749	0.0528108946205648
735	0	0.0315137258555369
736	0.035466741196199	0.0559785671132792
737	0	0.0408529766223057
738	0	0.0249103462129681
739	0.0150363331470095	0.00672154485746227
740	0.114980435997764	0.035719073652447
741	0	0.0179771753307248
742	0	0.00756796452860071
743	0	0.0276436346369991
744	0.0499441028507546	0.013311656146187
745	0.0227780883174958	0.013326044042925
746	0	0.0268442824462249
747	0	0.011716373056372
748	0.0339016210173281	0.0116377465463547
749	0	0.020648639836035
750	0.0345164896590274	0.0295444382336501
751	0	0.00813939214590252
752	0.0645891559530464	0.0414262959857566
753	0.101928451648966	0.0578767623128998
754	0.0721632196757965	0.0469247355236735
755	0.018557853549469	0.0123599889334937
756	0.0522917831190609	0.0321741662008571
757	0	0.00140607532140861
758	0.0645891559530464	0.0210392211663872
759	0.0311067635550587	0.00744790486405914
760	0.0250978200111794	0.0320419345071735
761	0.0314141978759083	0.00197092904611071
762	0.00567356064840693	0.0158650200298118
763	0.0831470095025154	0.0683989117681124
764	0.0695360536612633	0.0226459148500093
765	0.0463107881498044	0.0346913235202783
766	0	0.0110667305491229
767	0.0647009502515372	0.0627699433043201
768	0	0.0106159588343264
769	0	0.00299773870623507
770	0.0362213527110117	0.0163846067096192
771	0	0.00396033890234561
772	0	0.013118462029865
773	0.0672442705422024	0.0585091182224706
774	0.0826439351593069	0.0596159501300216
775	0.00894354387926216	0.0240692072822566
776	0.0236444941307993	0.0189289485125148
777	0	0.00198788603968698
778	0.00167691447736165	0.0383743911203386
779	0.0711011738401342	0.054601398384238
780	0.00598099496925657	0.0161111993326219
781	0	0.0126998448980003
782	0.029709334823924	0.0346984741058908
783	0.0390441587479039	0.0418972424073039
784	0.0376746785913918	0.0325831711031013
785	0.0364169927333706	0.038031195932817
786	0	0.00700837775566129
787	0.0634432643935159	0.052378220655191
788	0.0289267747344885	0.0384979193838892
789	0	0.0327396590273896
790	0.0429010620458357	0.0268493553560795
791	0.0464505310229178	0.015646803679679
792	0.0593627724986026	0.0467345147428731
793	0	0.00919285081107328
794	0.086193404136389	0.0418514834665001
795	0	0.0140927283541873
796	0	0.0406516270931052
797	0.0194522079373952	0.0425025852431526
798	0.00760201229737283	0.00842709414676994
799	0.0166014533258804	0.0118956045607265
800	0.0124091671324762	0.0223555234944279
801	0	0.020717080571748
802	0.0655673560648407	0.0414862887580969
803	0	0.0292571814203329
804	0.045975405254332	0.0176608328032742
805	0.0718278367803242	0.0198960422626289
806	0.0687534935718278	0.0084515441587479
807	0.0341252096143097	0.0254648779578908
808	0.0202068194522079	0.0167210382895472
809	0.042593627724986	0.0266474949251272
810	0.0399105645612074	0.0160647242407304
811	0.0512297372833985	0.068738559434479
812	0.0607602012297373	0.0679653437674679
813	0.0777249860257127	0.0441461155917556
814	0.0735326998323086	0.0581165488833879
815	0.0664337618781442	0.0371524672380598
816	0.0744270542202348	0.0345875750235728
817	0.00600894354387926	0.0180012887398298
818	0	0.0167402890961333
819	0.00458356623812186	0.0557737299600619
820	0	0.0197433106921648
821	0	0.008673276259402
822	0	0.0215859374306831
823	0.0309390721073225	0.0405590180734116
824	0.0757126886528787	0.0162048532454669
825	0	0.0123419886575368
826	0	0.0409921366307616
827	0.0478479597540525	0.032089610117384
828	0	0.00715863095592054
829	0.0468977082168809	0.0287547118430293
830	0.031805477920626	0.043741271133578
831	0	0.0183932957297966
832	0.031078814980436	0.0197834917085895
833	0.0518446059250978	0.0446843275040592
834	0	0.0192776248966858
835	0	0.0273577327395013
836	0.037115707098938	0.0345717825147674
837	0.0155114589155953	0.0323290478852245
838	0.0470933482392398	0.0207185480470321
839	0.00517048630519844	0.0271653648514803
840	0.00852431525992174	0.0220143824252265
841	0	0.0259754318720221
842	0	0.031360268772126
843	0	0.023644869783684
844	0.054751257685858	0.0459639152847649
845	0.02842370039128	0.0320074928797679
846	0.0303521520402459	0.0266076358893575
847	0.0122135271101174	0.0354497779641016
848	0	0.0552086581742226
849	0.0436556735606484	0.0204499498700169
850	0.0249860257126887	0.0586960227415789
851	0.063527110117384	0.0546376800021294
852	0.0482112912241476	0.0301947084032048
853	0.0231134712129681	0.0352319590539266
854	0.0534935718278368	0.0472845262961765
855	0	0.0336692357856416
856	0	0.0167201392173444
857	0.124958077138066	0.0157044038968298
858	0.0792062604807155	0.0333867151108627
859	0.079066517607602	0.0299096629942841
860	0.0121296813862493	0.0353483841583339
861	0.0636389044158748	0.0412171856037144
862	0.0286752375628843	0.0646864195805644
863	0	0.014131198594586
864	0	0.0245057760387554
865	0.0118222470653997	0.021591183333777
866	0.0576020122973728	0.00657042586356551
867	0.0164337618781442	0.0445217882429663
868	0	0.0119936649897522
869	0.0578814980435998	0.0244589505310229
870	0.00251537171604248	0.0228501380988393
871	0.0181106763555059	0.0466198727674413
872	0	0.0151284131821105
873	0	0.0100154249514227
874	0.0149245388485187	0.0111743059437302
875	0.0655953046394634	0.0512628097633687
876	0	0.00751718171897043
877	0	0.028646703399079
878	0.0201229737283399	0.0299763947849471
879	0.0395192845164897	0.0244888516241227
880	0	0.0330666844324273
881	0.0503074343208496	0.0286468897229098
882	0.052655114589156	0.0208323692158367
883	0.0429010620458357	0.0397635522356037
884	0.0217160424818334	0.0435079769890069
885	0	0.0284925789179489
886	0.043599776411403	0.0227094331615014
887	0.118082727780883	0.0282428587808688
888	0.0455282280603689	0.0398005649996164
889	0.0393515930687535	0.0534096394417218
890	0.0525712688652879	0.0734768026830632
891	0	0.0431232164396458
892	0.0444941307993292	0.053971379530351
893	0	0.00836792345095777
894	0.0609278926774735	0.0129333810103136
895	0.0314980435997764	0.0585997008747148
896	0	0.00482862171901574
897	0.0437674678591392	0.0402263834544438
898	0.0385410844046954	0.0501668995714552
899	0.0774734488541084	0.0103626793366872
900	0.0237562884292901	0.0513802603210093
901	0.0242314141978759	0.0141831076274201
902	0.0354108440469536	0.0131447086855136
903	0.0634432643935159	0.0166566184886476
904	0.0619899385131358	0.0151932400904076
905	0.0420905533817775	0.0344834171790572
906	0	0.0289064849359349
907	0.033454443823365	0.0112893609092603
908	0.0666852990497485	0.0501847345981433
909	0.0437954164337619	0.0482865015550874
910	0.0317495807713807	0.0245088154462456
911	0.0867523756288429	0.0451725330442491
912	0.0112912241475685	0.0274059181106764
913	0.118166573504751	0.0379422085584746
914	0.0433761878144215	0.0508675783684457
915	0.0493012856344326	0.0290685361157692
916	0.000838457238680827	0.0133965987431611
917	0.0667970933482392	0.00369312465064282
918	0.0743711570709894	0.0248566238121856
919	0	0.00502222402008375
920	0.0844046953605366	0.0397558560624519
921	0	0.0315118830474734
922	0	0.0240469669142112
923	0.00215204024594746	0.0281512683329341
924	0.0304918949133594	0.0113828576253028
925	0.0212409167132476	0.0520910424818334
926	0	0.032379809483883
927	0.0768026830631638	0.0238730937095946
928	0.0380380100614869	0.0237527090504349
929	0	0.030318419663375
930	0.0424818334264953	0.0382194137786473
931	0.0279206260480715	0.0408188454611037
932	0	0.0238306183289414
933	0.0100335382895472	0.0338661489122641
934	0	0.0275057305410757
935	0.0446618222470654	0.0350225718012191
936	0.0265231973169368	0.0332460716725669
937	0	0.0288273057574064
938	0.0272219116825042	0.0198927031732876
939	0	0.0271598259203066
940	0.0521799888205702	0.0672668056541729
941	0	0.00842080035101006
942	0.0726383454443823	0.0510127077888397
943	0.0257406372275014	0.0485073864090074
944	0.07230296254891	0.0280690844635345
945	0.0155673560648407	0.0134530589840819
946	0.0194801565120179	0.0158513236545657
947	0.0554220234768027	0.0243409272238227
948	0.0662940190050308	0.0262523174026458
949	0.0267747344885411	0.022037249658826
950	0.105058692006708	0.0619640261918071
951	0.0449413079932923	0.0093998736019418
952	0	0.0536846443285096
953	0.0162381218557854	0.0189726103968698
954	0.0582168809390721	0.00968228537011279
955	0.0390162101732812	0.0283492444078335
956	0	0.0162299847447364
957	0	0.0538073904799483
958	0	0.0585376030910143
959	0.0459474566797093	0.038224910608924
960	0	0.0202869095863611
961	0.0474566797093348	0.0140232904788522
962	0	0.0153335462748543
963	0	0.0513102148457095
964	0.0437674678591392	0.0495537660704304
965	0	0.00835891792435252
966	0.0758524315259922	0.0119641006381591
967	0.042873113471213	0.0231182426137708
968	0.0430408049189491	0.0469153701633439
969	0	0.0280498464022779
970	0	0.0115209545300844
971	0.0379541643376188	0.0301604159457709
972	0	0.0236798134569647
973	0.018921185019564	0.0465546169242143
974	0	0.0254931935339985
975	0	0.0364041432057697
976	0	0.00662414276011708
977	0	0.00925826479278128
978	0	0.00268987562884293
979	0.00586920067076579	0.0207355133221539
980	0.0613471212968139	0.0134020868269052
981	0.0360257126886529	0.0271045409779339
982	0	0.0176077018286353
983	0.0257685858021241	0.0225595915010633
984	0	0.0265878154565969
985	0.00927892677473449	0.0235677403577418
986	0	0.00281052560258821
987	0	0.0262891805958756
988	0.0148127445500279	0.0041354300244413
989	0	0.0447382948707711
990	0	0.0114174294298491
991	0.00939072107322527	0.0210014608581204
992	0.0362772498602571	0.0344190458786602
993	0.0673281162660704	0.0194209735168371
994	0	0.0194848275469433
995	0	0.026741085875673
996	0.0374510899944103	0.0392461537437781
997	0.0759921743991056	0.0155468438073944
998	0.0442705422023477	0.0168676097519027
999	0.0666014533258804	0.0180973948106424
1000	0	0.00589604601217969
1001	0.0420067076579095	0.0285106873438343
1002	0.0450531022917831	0.0339048040494379
1003	0.0449133594186697	0.0227068631218558
1004	0	0.00763934556494481
1005	0.034097261039687	0.02671185019564
1006	0.0390441587479039	0.043000293601188
1007	0.0276690888764673	0.0308189480375717
1008	0.0783678032420347	0.0108560347000734
1009	0.0102012297372834	0.0296375727484957
1010	0.0719116825041923	0.00643991295332827
1011	0.136221352711012	0.0125540222656978
1012	0	0.0678262478521003
1013	0.0232252655114589	0.0417725339398495
1014	0	0.0159400143130579
1015	0.0646171045276691	0.0242757437426247
1016	0.0281162660704304	0.0159398941242232
1017	0.0674119619899385	0.030315709290983
1018	0	0.0236360873770041
1019	0.0322526551145892	0.0257999988354761
1020	0	0.00969140115520775
1021	0	0.0253138427313944
1022	0.0312465064281722	0.0362086464608823
1023	0.0426495248742314	0.0137692933291033
1024	0.0426495248742314	0.0382775848467189
1025	0.0315259921743991	0.00872531838714063
1026	0	0.0440509210179706
1027	0.120458356623812	0.0534174895969195
1028	0	0.014921312265107
1029	0	0.0271753954205743
1030	0	0.00707846751167042
1031	0.0441028507546115	0.0507189188559717
1032	0	0.0155062591807818
1033	0.0173560648406931	0.0558159976633985
1034	0	0.0364947208247935
1035	0.0394074902179989	0.0195004062894644
1036	0	0.0448345168347032
1037	0	0.0161050596726584
1038	0.00544997205142538	0.0241833310042854
1039	0.00830072666294019	0.0226481924421854
1040	0	0.0402860282534682
1041	0	0.00527245625624608
1042	0.0717719396310788	0.0327393186280833
1043	0.0211291224147569	0.0158239524460178
1044	0.0151201788708776	0.0166899067877268
1045	0.00628842929010621	0.0242281852905805
1046	0.0813303521520403	0.0256801466782601
1047	0	0.0507907001117943
1048	0.0251257685858021	0.00969566728926093
1049	0.0343487982112912	0.02624088262962
1050	0.0168250419228619	0.00984255636295882
1051	0.0426215762996087	0.0259133023194312
1052	0.0781721632196758	0.05465699335445
1053	0.0386808272778088	0.017962479038569
1054	0	0.0497568939817403
1055	0.0967859139183902	0.038811793317839
1056	0.0370598099496926	0.0198949051392497
1057	0	0.0072808712819476
1058	0.0412520961430967	0.0503929471526777
1059	0.0789826718837339	0.0129027868002155
1060	0.0136948015651202	0.0451993437765568
1061	0	0.0376403357216661
1062	0.03921185019564	0.0194596220731632
1063	0	0.0232542155766723
1064	0.0253773057574064	0.0261996925656792
1065	0	0.0235985860091506
1066	0.039575181665735	0.0235354015278554
1067	0.0356903297931806	0.0409808635870682
1068	0.0721632196757965	0.0218340475746848
1069	0.00531022917831191	0.0644088753885833
1070	0.0304639463387367	0.0314008127007091
1071	0	0.039564312775604
1072	0.0280044717719396	0.0330823301385613
1073	0.004387926215763	0.00636791193093597
1074	0	0.0137673591702379
1075	0.0575740637227501	0.0309146403950065
1076	0.0461151481274455	0.0489363942438936
1077	0.0129401900503074	0.03061160797466
1078	0.00128563443264394	0.0348168272339679
1079	0.00908328675237563	0.0364801616876799
1080	0.0773616545556177	0.0508287417817882
1081	0.0195360536612633	0.0221922861934041
1082	0	0.00866611060648407
1083	0	0.0443937925051239
1084	0.0491335941866965	0.0139885980166863
1085	0.0472889882615987	0.0215078416632936
1086	0.00718278367803242	0.0441232008105087
1087	0.0391839016210173	0.0207372801860668
1088	0.0232252655114589	0.00542801475170743
1089	0.0658188932364449	0.0394974761590189
1090	0	0.0102905202575409
1091	0.048351034097261	0.041483448233029
1092	0	0.0389582518166573
1093	0.0254611514812745	0.0329407062176766
1094	0.0278647288988262	0.0254219236604647
1095	0.0605645612073784	0.069031992897774
1096	0.0268026830631638	0.0243639684961653
1097	0.0713527110117384	0.0243356084453728
1098	0	0.000152023307417382
1099	0.050642817216322	0.0186140301844606
1100	0	0.0143911065708063
1101	0.00461151481274455	0.0333938030214881
1102	0.0696478479597541	0.020981874831791
1103	0	0.0153691411506532
1104	0.0211570709893795	0.0150032606670393
1105	0	0.0187868300105584
1106	0	0.0365696851127259
1107	0	0.0325454543484949
1108	0.0194522079373952	0.00818176896852135
1109	0	0.0222970541221696
1110	0	0.0486065169499885
1111	0.017915036333147	0.00793022417698803
1112	0	0.0106242624681697
1113	0	0.0300585076237501
1114	0.00508664058133035	0.0213841710739419
1115	0.0440469536053661	0.0157967483973633
1116	0.0664617104527669	0.0513648220607416
1117	0.0470653996646171	0.0164887022293395
1118	0	0.0636944951114511
1119	0.0602850754611515	0.0326849718469236
1120	0	0.0153397881231867
1121	0.0415315818893236	0.0428595833279169
1122	0.0171604248183343	0.040359798134035
1123	0.0363051984348798	0.0126072998655447
1124	0.014169927333706	0.0565316826049079
1125	0.0328675237562884	0.00583480839699398
1126	0	0.00536320816755993
1127	0	0.0187128633314701
1128	0	0.0286179284283585
1129	0.0447736165455562	0.0596960239623739
1130	0.108999441028508	0.0417704441371736
1131	0	0.0114564394496582
1132	0.0442146450531023	0.0109849284723516
1133	0.0381218557853549	0.0531645006521334
1134	0.0237842370039128	0.00443487491787042
1135	0	0.0325747939107358
1136	0	0.0292554527951398
1137	0.0494130799329234	0.0218775525105877
1138	0	0.0158657847338675
1139	0.0549748462828396	0.031124818334265
1140	0.0265511458915595	0.0139933078690765
1141	0	0.0296859511831563
1142	0.0730575740637228	0.0402777061147659
1143	0.054751257685858	0.0399612809990593
1144	0	0.034405264683353
1145	0	0.0191672182832711
1146	0.0200670765790945	0.00149449337543245
1147	0	0.0186272009502515
1148	0.0401341531581889	0.0393912014393516
1149	0	0.027891657128661
1150	0	0.0219349478041485
1151	0.0169647847959754	0.0106979338197896
1152	0	0.0356901180615546
1153	0.0705142537730576	0.0586811533445128
1154	0	0.0494040698448189
1155	0	0.0160167140945509
1156	0.0571827836780324	0.0470074554048621
1157	0	0.0139647876190638
1158	0.0448015651201789	0.0499282653251351
1159	0	0.0769251719692908
1160	0.00150922302962549	0.0343492433182204
1161	0.00790944661822247	0.0591697410098752
1162	0.0347680268306316	0.0258369916426945
1163	0.0413638904415875	0.0422282816284703
1164	0.0385690329793181	0.0284322953292823
1165	0	0.0394486706959195
1166	0	0.0149119852804174
1167	0	0.000605004438891264
1168	0	0.0482964412148314
1169	0	0.010016014976887
1170	0.0762437115707099	0.0455510643748835
1171	0.0465623253214086	0.0304903622495898
1172	0.0258524315259922	0.0155232267364891
1173	0	0.0555107191003847
1174	0	0.0171501628921976
1175	0.0997764114030185	0.0232467703869325
1176	0.0707378423700391	0.0205698617991172
1177	0.00349357182783678	0.023872403111608
1178	0.03381777529346	0.006529534778814
1179	0.0220793739519285	0.0140215140505107
1180	0.0406931246506428	0.0118805100369706
1181	0.0439910564561207	0.035977412671795
1182	0.0352990497484628	0.0328920354115994
1183	0	0.0385916247438047
1184	0.0288149804359978	0.0285674169052753
1185	0.0585522638345444	0.0173150245653261
1186	0	0.0171960792142458
1187	0.0344046953605366	0.0554175317415955
1188	0.0369200670765791	0.0391697410098752
1189	0.0230575740637228	0.0366374073255597
1190	0	0.0134845484308872
1191	0	0.0323027239635169
1192	0.0782560089435439	0.0259555799442846
1193	0	0.00966971439218504
1194	0.0575740637227501	0.0563287218185206
1195	0.0264114030184461	0.0437443481771319
1196	0.0555058692006708	0.0195522766844638
1197	0.0552543320290665	0.0445247457322205
1198	0.0373951928451649	0.0554621693614613
1199	0.0762716601453326	0.0102431274203214
1200	0.0385690329793181	0.0218751990960289
1201	0	0.0395693222715817
1202	0.0787590832867524	0.0700790773047768
1203	0.044242593627725	0.015758914124327
1204	0	0.00887862166946152
1205	0.0198155394074902	0.0358321843363766
1206	0	0.0420509058204698
1207	0	0.0167654938336884
1208	0	0.00971967853659071
1209	0.0635550586920067	0.0534981196002863
1210	0.0407490217998882	0.0195178704517022
1211	0.00799329234209055	0.0270440479607612
1212	0.0145612073784237	0.0433862596526096
1213	0.0262716601453326	0.0628703312031987
1214	0.0452766908887647	0.00752420915885142
1215	0	0.0211399948337483
1216	0.042873113471213	0.0350466861405122
1217	0.0178032420346562	0.0263579384303252
1218	0	0.0274199420434821
1219	0.0126886528787032	0.0346292052253483
1220	0.00153717160424818	0.0488418809390721
1221	0	0.0428180314887274
1222	0	0.00779226445562388
1223	0	0.00787178073825642
1224	0	0.0310693047015713
1225	0.00528228060368921	0.001358921806099
1226	0.0373113471212968	0.0227633208949587
1227	0.046618222470654	0.0420517802798407
1228	0.0368082727780883	0.0544722503386561
1229	0.0515930687534936	0.0353466821049269
1230	0	0.0229214165128084
1231	0	0.0169888163355184
1232	0.0441587479038569	0.0210678194227884
1233	0	0.0101577861440831
1234	0.0604807154835103	0.022404749454552
1235	0.026048071548351	0.01880258707816
1236	0.00667970933482392	0.0343186301910367
1237	0.0410844046953605	0.030505838146699
1238	0.094242593627725	0.038137121030637
1239	0	0.0246861241981421
1240	0	0.0181650412364057
1241	0.0363051984348798	0.0292025194475499
1242	0	0.0227163118960212
1243	0.0803521520402459	0.0408784237003913
1244	0.0500558971492454	0.0628609092602944
1245	0.0427333705980995	0.012377831996334
1246	0.0063163778647289	0.0287761290059624
1247	0.00760201229737283	0.0210633677277053
1248	0.0764673001676915	0.030913376751119
1249	0	0.00750436308303832
1250	0	0.0139562640638661
1251	0.0389882615986585	0.0261948519229123
1252	0.0475405254332029	0.0199375349357183
1253	0.0520961430967021	0.0269854320762975
1254	0.0393236444941308	0.0420417910719074
1255	0.0124091671324762	0.0176933242833187
1256	0	0.00664735348497227
1257	0	0.0166983999441028
1258	0.0383733929569592	0.0284257586196437
1259	0.0121017328116266	0.0150304328923669
1260	0.0694242593627725	0.0237661170113658
1261	0.101648965902739	0.0185080358123958
1262	0	0.0253933702158968
1263	0	0.0179527785541271
1264	0.0640581330352152	0.0122221257031207
1265	0.0706819452207937	0.0461043945806383
1266	0	0.0209539657556412
1267	0.0325600894354388	0.0433891010910295
1268	0.0700111794298491	0.032003518653882
1269	0.023672442705422	0.00215120178870878
1270	0.0349077697037451	0.0197421002930366
1271	0.0896590273896031	0.0259430913785302
1272	0.0302124091671325	0.0292655945492726
1273	0.0513415315818893	0.0353314235140675
1274	0	0.0224445065523881
1275	0.104918949133594	0.0403925480818997
1276	0.0814980435997764	0.0117726007801559
1277	0.0220793739519285	0.0614511338353117
1278	0	0.0178229690702441
1279	0.106763555058692	0.0505097820011179
1280	0.0854387926215763	0.0294852048806772
1281	0	0.0225871729351327
1282	0.0411682504192286	0.0189882341980951
1283	0.0252934600335383	0.0303364076765418
1284	0	0.0301186766349916
1285	0	0.00941169620447396
1286	0.0420067076579095	0.0401774460482908
1287	0.0518166573504751	0.0250883535584846
1288	0.0147568474007826	0.0197811118451141
1289	0.0155114589155953	0.0164340192992263
1290	0.0656232532140861	0.0443386362076236
1291	0	0.0288664302128528
1292	0.0664896590273896	0.0472660762530278
1293	0	0.0243200696764465
1294	0	0.00721333880411815
1295	0.0363051984348798	0.0589741961746908
1296	0.00321408608160984	0.0344107641938833
1297	0.0131917272219117	0.028241030254332
1298	0	0.0266635923234582
1299	0.0380939072107323	0.0209352503514745
1300	0	0.0138696312298884
1301	0.000223588596981554	0.0648455841252096
1302	0.00427613191727222	0.00394458030557108
1303	0.0330352152040246	0.0436822474289584
1304	0	0.00622151907157497
1305	0.0449133594186697	0.0512173996243309
1306	0.00159306875349357	0.0101296264446069
1307	0.0572945779765232	0.0156724819314917
1308	0.0389882615986585	0.039345550853097
1309	0.0356344326439352	0.00805342685587551
1310	0.00170486305198435	0.0328787431126727
1311	0	0.0361587431263228
1312	0.0112632755729458	0.00994376125706478
1313	0.0347121296813863	0.0507198646382548
1314	0	0.0187145078980602
1315	0	0.0062467456276847
1316	0	0.0113510492045987
1317	0.0389882615986585	0.0277719995208816
1318	0.0762157629960872	0.0504653578829096
1319	0.0567076579094466	0.0458718713123409
1320	0	0.00260648623586864
1321	0.0413918390162102	0.00844367197689585
1322	0.0247065399664617	0.0200220975518866
1323	0.0410285075461151	0.0171708228901831
1324	0.0301006148686417	0.0231330806600408
1325	0.0425656791503633	0.0216644540711757
1326	0.0218557853549469	0.0353549003167505
1327	0.101704863051984	0.0594458002154085
1328	0.000531022917831191	0.0194730835613349
1329	0	0.00839216296559785
1330	0.0436556735606484	0.034210576069444
1331	0	0.021468663512795
1332	0.0811626607043041	0.0413413257590529
1333	0.0189770821688094	0.0312473695459179
1334	0.0963666852990498	0.0139592083898959
1335	0.0155114589155953	0.0714989938513136
1336	0.0360536612632756	0.0395606600521707
1337	0.000111794298490777	0.0238831190609279
1338	0.0183063163778647	0.0253352745676637
1339	0.048993851313583	0.0503336703602626
1340	0.0436277249860257	0.0486441509026899
1341	0	0.00924761235026476
1342	0.0704863051984349	0.0120126411846647
1343	0	0.00919189621329312
1344	0	0.0234642681708081
1345	0.0488541084404695	0.0572586440948654
1346	0	0.0366233690984199
1347	0.025964225824483	0.0255686370411776
1348	0.0196478479597541	0.0473242616918204
1349	0.0740916713247624	0.0520027835651089
1350	0	0.0466825041922862
1351	0.105505869200671	0.0522865039438544
1352	0.0300447177193963	0.0181589552642493
1353	0.0648686416992733	0.025270977871305
1354	0.0542481833426495	0.0273505319318146
1355	0.0369200670765791	0.0574962861128317
1356	0.0713247624371157	0.0403675065040819
1357	0.0841531581889324	0.037257399017387
1358	0	0.025939305012111
1359	0.0407210732252655	0.0131054359977641
1360	0.0154555617663499	0.0134518872870817
1361	0.0941307993292342	0.0338793527317144
1362	0.06690888764673	0.0490174431986322
1363	0.0433202906651761	0.0429377678405068
1364	0.0272498602571269	0.0121028802937554
1365	0.0337898267188373	0.0637007337870866
1366	0.0314141978759083	0.0235266949392827
1367	0.0553661263275573	0.0153117254151351
1368	0	0.0210137051528891
1369	0.0700670765790945	0.0544481043768355
1370	0.0848518725544997	0.0224675796534377
1371	0.00273896031302404	0.0124133594186696
1372	0.087842370039128	0.0194015731774256
1373	0.0380659586361096	0.0201612233490378
1374	0.0111235326998323	0.0178294653886232
1375	0.0328954723309111	0.0544198674439032
1376	0.0801565120178871	0.0466465436929383
1377	0.0583286752375629	0.0485491550619324
1378	0	0.014360106140334
1379	0	0.0113624431046874
1380	0.0492174399105646	0.0247708944708403
1381	0	0.0329778500488394
1382	0.0615427613191727	0.0776002503220162
1383	0	0.00807776449952777
1384	0	0.0109783483239324
1385	0.0686975964225825	0.0261809068062732
1386	0	0.0172989909093584
1387	0	0.0413004201301863
1388	0.0403018446059251	0.0264385893592154
1389	0	0.000602577620814066
1390	0	0.0205307970707635
1391	0.0174678591391839	0.0440317415954643
1392	0	0.035048471596576
1393	0.0150922302962549	0.0663040518266902
1394	0	0.0356451223765366
1395	0.0644773616545556	0.057002883116119
1396	0.0298490776970375	0.016071003712144
1397	0.0321129122414757	0.0412537701462642
1398	0.114114030184461	0.0351941594133461
1399	0.087199552822806	0.0499563562304619
1400	0	0.0508245361867497
1401	0.0176076020122974	0.0281095497462963
1402	0.039575181665735	0.018541770179906
1403	0.0250978200111794	0.0152245684033333
1404	0	0.0161738852124993
1405	0	0.0249412576355002
1406	0.0707937395192845	0.0305151853922117
1407	0.0410564561207378	0.0399828497382997
1408	0	0.0465737660590692
1409	0	0.0183738986930714
1410	0.0783678032420347	0.0481332119015953
1411	0	0.0254816471026644
1412	0	0.0205803728546881
1413	0.0413918390162102	0.0328046394633874
1414	0.0251816657350475	0.00724680661656626
1415	0.0447736165455562	0.00987473957010011
1416	0.0126886528787032	0.0163732782961402
1417	0.0846003353828955	0.0302407099392403
1418	0.0427892677473449	0.0317338717449548
1419	0.0402738960313024	0.0225959026089669
1420	0.090581330352152	0.00557680534483218
1421	0.0514533258803801	0.054491144840502
1422	0.0616545556176635	0.0483778370321132
1423	0.0294019005030743	0.0360265555821732
1424	0.0309670206819452	0.03293718968862
1425	0	0.0374249772575324
1426	0.0140581330352152	0.0362281360629774
1427	0	0.0158209619789783
1428	0.00461151481274455	0.0388329216177717
1429	0	0.0141645307593378
1430	0.0120178870877585	0.0471459148500093
1431	0.019284516489659	0.007492033461849
1432	0.0557853549468977	0.0143979411216695
1433	0.0150922302962549	0.0500125468063494
1434	0.0891559530463946	0.0473655008118396
1435	0.0446618222470654	0.0274593581144028
1436	0	0.010104428007505
1437	0	0.0207630659586361
1438	0.014169927333706	0.0207714080601497
1439	0.0457797652319732	0.0481705746895797
1440	0	0.0146197942023236
1441	0	0.0144754148094003
1442	0	0.00804988223378386
1443	0	0.0307253302072335
1444	0.0160704304080492	0.0251851102742883
1445	0	0.00814287693549851
1446	0.0477641140301845	0.0180092962282733
1447	0	0.0561047539194549
1448	0.0359977641140302	0.00844178227213443
1449	0.00860816098378983	0.0169571041136161
1450	0.0749860257126887	0.0392231659599994
1451	0.0581609837898267	0.0429449775376271
1452	0.0510899944102851	0.0470880173074136
1453	0.0258803801006149	0.00903113063629588
1454	0.0951089994410285	0.0251690259292272
1455	0.100754611514813	0.0315678067085245
1456	0.0305198434879821	0.0181612100401927
1457	0.0844326439351593	0.0369912821946081
1458	0.0478759083286752	0.0183416143924808
1459	0.0405254332029067	0.022820811156747
1460	0	0.00287232517808258
1461	0.0585802124091671	0.0224289150069136
1462	0	0.02442881159273
1463	0	0.022969317705422
1464	0.00329793180547792	0.0359027530757548
1465	0.053661263275573	0.0442972883382947
1466	0.0732811626607043	0.0364920107976932
1467	0.0193963107881498	0.053763563278861
1468	0.0290106204583566	0.0174313635004615
1469	0.0873392956959195	0.0474995977099107
1470	0.017188373392957	0.0450534516489659
1471	0.0308272778088318	0.0450011127673229
1472	0	0.00592428598046262
1473	0.0152599217439911	0.0154363799668439
1474	0.0314141978759083	0.0371335059280398
1475	0	0.00654912016153843
1476	0.00332588038010061	0.0155882908781176
1477	0.0393515930687535	0.0182038589735627
1478	0.0438513135830073	0.0231330113275334
1479	0.0323085522638345	0.0205024488274908
1480	0.040581330352152	0.0498423291387749
1481	0	0.00184994903495216
1482	0.0328675237562884	0.0328779100509117
1483	0	0.0620502528221635
1484	0	0.0176986532280604
1485	0.0743711570709894	0.0533703319225958
1486	0.0979597540525433	0.0416038082520754
1487	0.00830072666294019	0.0457552857128848
1488	0.0588876467300168	0.0314351456065937
1489	0.0408887646730017	0.052423555472745
1490	0	0.0211280843248423
1491	0.0657909446618223	0.0670071864066414
1492	0	0.0383013089249115
1493	0.0177752934600335	0.045850580877132
1494	0.0631078814980436	0.0182393950686293
1495	8.38457238680827e-05	0.0224756942951465
1496	0.0067915036333147	0.0109843088716761
1497	0.0160145332588038	0.0306408763430843
1498	0.0288708775852432	0.0433374131827323
1499	0.0092230296254891	0.0058168461259353
1500	0.00885969815539408	0.0439716580750678
1501	0	0.0404265949103263
1502	0	0.0190668485775646
1503	0.0438233650083846	0.0257098671777263
1504	0.0291783119060928	0.0257032339774095
1505	0.0180268306316378	0.0222639975777902
1506	0.0344885410844047	0.0245421205469741
1507	0.0596702068194522	0.0332355019609447
1508	0.0392956959195081	0.036944577532895
1509	0.10497484628284	0.0410131987773128
1510	0	0.00443281332046005
1511	0	0.00350126365777568
1512	0.0715204024594746	0.0198472595370754
1513	0.0392397987702627	0.0205772399618036
1514	0	0.0202476422106728
1515	0	0.01495322405224
1516	0	0.0315183553489649
1517	0	0.0122135141709625
1518	0.0822247065399665	0.0594807178722774
1519	0	0.00563069452207937
1520	0.00665176076020123	0.0531068402766361
1521	0.0341252096143097	0.0497487358891823
1522	0.0233370598099497	0.0226236391705928
1523	0.00352152040245947	0.0550949436370412
1524	0.106623812185579	0.0345486305198435
1525	0	0.0128197653354864
1526	0	0.0183313148251661
1527	0.0825600894354388	0.0220295323271847
1528	0.0126048071548351	0.0162153903484256
1529	0.0888764673001677	0.0379261381280666
1530	0	0.00384497857275946
1531	0.0400782560089436	0.0460478515827174
1532	0.0383174958077138	0.03414464657757
1533	0	0.004729402404081
1534	0.0425656791503633	0.0215359126594454
1535	0	0.0213430698367717
1536	0	0.0113039986223329
1537	0.0416992733370598	0.0129954883015252
1538	0.0398826159865847	0.0176428815424064
1539	0	0.0357887450054862
1540	0.0377864728898826	0.0708744320706311
1541	0	0.0188712481155885
1542	0.0730016769144774	0.0388669496774583
1543	0.0414197875908329	0.0374443300749385
1544	0.113471212968139	0.0334249955691284
1545	0.0687814421464505	0.0140398909250223
1546	0	0.0121221352711012
1547	0	0.0316988541084405
1548	0	0.0214717008423798
1549	0.0759362772498603	0.0376362738175792
1550	0	0.0450478650814034
1551	0.00346562325321409	0.0341062999636225
1552	0	0.0374984321531309
1553	0	0.0285241638718092
1554	0.0167970933482392	0.0104445724628588
1555	0	0.0054898806016749
1556	0.00525433202906652	0.0220367797761922
1557	0.0489379541643376	0.0462537486580248
1558	0.0225544997205143	0.020715160031468
1559	0	0.02863162188078
1560	0.0413359418669648	0.00421654156352312
1561	0.0442705422023477	0.0434182181708733
1562	0.0292621576299609	0.0356196461758228
1563	0.0396031302403577	0.0422096971202617
1564	0.0356903297931806	0.0104292972725058
1565	0.0396869759642258	0.0452910378237377
1566	0.0727780883174958	0.0350367860174316
1567	0.00156512017887088	0.0236457518166574
1568	0.0334823923979877	0.0390555452042316
1569	0.023309111235327	0.0391813680713666
1570	0.0467300167691448	0.0338363785634433
1571	0.0461430967020682	0.0517044573468689
1572	0.0408049189491336	0.0389813132724675
1573	0.0436836221352711	0.031962780731516
1574	0.0299329234209055	0.0450511509273387
1575	0.065902738960313	0.0811206796161729
1576	0.0234768026830632	0.014109074488127
1577	0.0724427054220235	0.0247768082037693
1578	0.072945779765232	0.0621223937202859
1579	0.0381498043599776	0.0166491740304223
1580	0	0.0220900534885729
1581	0.00444382336500838	0.0437116569709266
1582	0.0350475125768586	0.0297091120454306
1583	0.0168809390721073	0.0298487251924927
1584	0	0.0219631596381177
1585	0.0755449972051425	0.0202823786688633
1586	0.0628563443264394	0.0612345351220421
1587	0	0.0151559151993665
1588	0.0202068194522079	0.0290175939017306
1589	0	0.0327094046953605
1590	0	0.00583411785472625
1591	0.0607322526551146	0.0157271287497671
1592	0.0385131358300727	0.0143365364591896
1593	0.123197316936836	0.0245759321367203
1594	0.00206819452207937	0.03506902562443
1595	0.0265231973169368	0.0127706575456715
1596	0.0636389044158748	0.039982182783678
1597	0	0.0387841879713257
1598	0.0288149804359978	0.0200771290502894
1599	0.0330352152040246	0.0484437797573033
1600	0.0139463387367244	0.0212866635468258
1601	0.0316377864728899	0.0164627472547287
1602	0	0.0241960739607543
1603	0.0114030184460593	0.0331571059250978
1604	0	0.0350074529532327
1605	0	0.00929417871117145
1606	0.0520402459474567	0.016947032275428
1607	0.00939072107322527	0.0315478348667281
1608	0.0455841252096143	0.0237361152914535
1609	0.0389044158747904	0.0308895132955362
1610	0.0214924538848519	0.045899979038569
1611	0.0299608719955282	0.0268619793633768
1612	0.0435159306875349	0.0482421511086268
1613	0.0532699832308552	0.0587597637551207
1614	0.0216042481833427	0.0507059602923214
1615	0.0453046394633874	0.05444987888951
1616	0.0723588596981554	0.0142772241604184
1617	0.00153717160424818	0.0346722503711451
1618	0	0.0273211690489499
1619	0.014896590273896	0.0521807610838163
1620	0	0.0264585333925748
1621	0.0441866964784796	0.0418008078810203
1622	0	0.0296205515185392
1623	0.0665176076020123	0.0484573350552225
1624	0.0316936836221353	0.0154762170938806
1625	0	0.0175664674434937
1626	0	0.0533316253648842
1627	0.0662101732811627	0.0516803643795416
1628	0	0.00677954785417055
1629	0	0.0152886705555794
1630	0.0124371157070989	0.00692861468231787
1631	0.0251257685858021	0.0473978324327682
1632	0.0914756847400782	0.0412576631356029
1633	0	0.0178898070792984
1634	0	0.0191263408661396
1635	0	0.00903406164030733
1636	0.0332029066517608	0.0569991548883388
1637	0.0608999441028508	0.0110241035282958
1638	0.0525712688652879	0.0239147946944289
1639	0	0.02739388354257
1640	0.10902738960313	0.039866335941867
1641	0.0485187255449972	0.0660811656938829
1642	0	0.0262595199832309
1643	0.0445779765231973	0.0528380306551734
1644	0.0540525433202907	0.0218113728211355
1645	0.0048630519843488	0.0182665170595907
1646	0.0467579653437675	0.018033375853387
1647	0.06151481274455	0.0471064790335333
1648	0.0824203465623253	0.0462082102265165
1649	0	0.00984447135788667
1650	0.0621017328116266	0.0215796933642099
1651	0.0230575740637228	0.0440999228086987
1652	0.0520681945220794	0.0501409669773508
1653	0.0408328675237563	0.0597799238590183
1654	0.0970933482392398	0.0615634290875803
1655	0.00125768585802124	0.0258899524874231
1656	0	0.0151848275939947
1657	0.0353828954723309	0.0369299655300913
1658	0.0160704304080492	0.0128759441601812
1659	0.0678311906092789	0.0398189586480026
1660	0	0.0193590293859299
1661	0.0572107322526551	0.0205650140778006
1662	0.0435438792621576	0.0528423434214379
1663	0	0.0609283584870505
1664	0.026690888764673	0.0223686416992733
1665	0.00245947456679709	0.00880655219396311
1666	0	0.0177398789930232
1667	0.0296254891000559	0.0182952846437352
1668	0	0.0412947862208047
1669	0.0241196198993851	0.0284539513960978
1670	0.0241196198993851	0.0254596298366561
1671	0.02230296254891	0.0106949633726575
1672	0.028060368921185	0.029153905935885
1673	0.0154276131917272	0.0374891734561942
1674	0.0697037451089994	0.0243949466315313
1675	0.0360816098378983	0.0546269156418856
1676	0.042593627724986	0.0261907201859689
1677	0	0.0191015636492013
1678	0.0441587479038569	0.033975363109656
1679	0.0761319172722191	0.0462292455955117
1680	0.000810508664058133	0.0285480335230794
1681	0.0151481274455003	0.0287481307897742
1682	0.0367803242034656	0.0235985342525309
1683	0.00978200111794299	0.0148864383651728
1684	0.0279485746226942	0.0408478363774619
1685	0.0266349916154276	0.0320952228387572
1686	0.00709893795416434	0.0119807656476186
1687	0.0314700950251537	0.0132593225434897
1688	0.0522917831190609	0.0330247207882594
1689	0.0671045276690889	0.0572549142910378
1690	0.0342370039128005	0.00954899826424642
1691	0.0230575740637228	0.0241151735352406
1692	0.0251537171604248	0.0224598967067263
1693	0.0798770262716601	0.0487869583124945
1694	0.000419228619340414	0.0330846511236529
1695	0.00681945220793739	0.0247324478515088
1696	0	0.00526739987611983
1697	0.0194522079373952	0.0045874686872451
1698	0.0982112912241476	0.0154032177692271
1699	0	0.0262062540557558
1700	0.0257126886528787	0.0320738279066518
1701	0	0.0166774400061152
1702	0.00310229178311906	0.0271382877727204
1703	0.0576579094466182	0.0159023064228486
1704	0.00449972051425377	0.0260645819100263
1705	0.0400223588596982	0.0323498309210344
1706	0	0.0276293717598834
1707	0.0648406931246506	0.0124838161031565
1708	0.00399664617104528	0.0399870806343779
1709	0.0726383454443823	0.0442474467135509
1710	0.00349357182783678	0.0100326794531396
1711	0.0429569591950811	0.028296079153751
1712	0	0.0165907526447633
1713	0	0.00735355192060643
1714	0	0.0101522786308486
1715	0.0218278367803242	0.0291739310779277
1716	0.058412520961431	0.0453457058367443
1717	0	0.0147396971390823
1718	0.0908328675237563	0.0202812264030675
1719	0.0691168250419229	0.0277629339792559
1720	0.0485746226942426	0.0212821597449881
1721	0	0.0581757889807079
1722	0.0337898267188373	0.0174740776970374
1723	0	0.0287162787138332
1724	0.0675237562884293	0.0196544997205143
1725	0.02842370039128	0.0327880741103037
1726	0.0731973169368362	0.0343916800929427
1727	0	0.018725970880247
1728	0.0116545556176635	0.0119663153131571
1729	0.0586081609837898	0.0349688240304506
1730	0.0183901621017328	0.0148204821646689
1731	0	0.0306694933355147
1732	0	0.0260389670884361
1733	0.0486025712688653	0.0341618849887635
1734	0.0423700391280045	0.0290000772562225
1735	0.113583007266629	0.0204691657947667
1736	0	0.0275895777694967
1737	0	0.00237337067910986
1738	0	0.0377162485672827
1739	0.0646171045276691	0.0263547386534267
1740	0.0454164337618781	0.0573339388857835
1741	0	0.0298172163219676
1742	0	0.00399962957047921
1743	0.0685019564002236	0.0431494120992812
1744	0	0.0160575354356115
1745	0.0201229737283399	0.0121372807367777
1746	0.0323644494130799	0.00741621556686574
1747	0.00687534935718278	0.0339286097419133
1748	0	0.0210231706992467
1749	0.124119619899385	0.0519164404163007
1750	0.0410285075461151	0.0205113363341277
1751	0.0849636668529905	0.0586835214196869
1752	0.00721073225265512	0.0171016829034576
1753	0.0976523197316937	0.0111441583145926
1754	0.0307993292342091	0.0675578302589901
1755	0	0.049986869992547
1756	0.00955841252096143	0.0252327002867569
1757	0.0205142537730576	0.0280240716056814
1758	0.0992174399105646	0.00695029811812931
1759	0.0747065399664617	0.0252700789806016
1760	0.0605645612073784	0.0192301644648643
1761	0.0752375628842929	0.0242615637227501
1762	0.0474846282839575	0.00996795230109931
1763	0.0616266070430408	0.0369031263177508
1764	0.037115707098938	0.0157477020060866
1765	0.0651481274455003	0.0071582464735475
1766	0.0425377305757406	0.0388464225824483
1767	0.0735047512576859	0.0364545602757593
1768	0.0307434320849637	0.0119769191354574
1769	0.0300167691447736	0.0165688333466422
1770	0.0675796534376747	0.014778450893599
1771	0	0.0304090972610397
1772	0	0.0203116783636627
1773	0.031805477920626	0.0351892033809306
1774	0.0399944102850755	0.0478159025000836
1775	0.0707937395192845	0.0597390447410099
1776	0.0589714924538849	0.0529972323147631
1777	0.00961430967020682	0.0312634211384386
1778	0	0.0428152245844657
1779	0.0113191727221912	0.0456406279113099
1780	0.0316098378982672	0.040630751245665
1781	0	0.0475571237811316
1782	0	0.00725109706186594
1783	0.0464225824482951	0.0174607788336128
1784	0	0.0311332747744151
1785	0	0.00687225235296784
1786	0.0147288988261599	0.0421038677721881
1787	0	0.0274538394070358
1788	0.0422861934041364	0.057124836966648
1789	0.0224986025712689	0.0320894958681432
1790	0	0.00619571593206771
1791	0	0.0155245974857243
1792	0.00978200111794299	0.00932141425433768
1793	0.0244829513694802	0.0245932475236556
1794	0.0413079932923421	0.0395620293953244
1795	0.0825600894354388	0.0343855454112581
1796	0	0.0582303649005129
1797	0.0314141978759083	0.0480243256112457
1798	0.0435159306875349	0.0408027661535208
1799	0.104220234768027	0.0122186510154649
1800	0.0515930687534936	0.0141893283025899
1801	0	0.00887715231425158
1802	0	0.0328594719050281
1803	0.0561486864169927	0.030753181587739
1804	0.057406372275014	0.0116560172959915
1805	0.00662381218557854	0.0348967067262903
1806	0.0336500838457239	0.0379336413156654
1807	0.0220514253773058	0.0341134690956519
1808	0.0569032979318055	0.0277552848213832
1809	0	0.0450166643376188
1810	0.0366964784795975	0.0521828088569285
1811	0	0.0164951624812814
1812	0.00544997205142538	0.023677236036231
1813	0.0310229178311906	0.0525010575136344
1814	0.0576299608719955	0.0411907934362014
1815	0.0524035774175517	0.0407202701053051
1816	0.0952207937395193	0.01071733538744
1817	0.0722191168250419	0.0377022983592543
1818	0	0.00934958343314967
1819	0.0160145332588038	0.0203367444926975
1820	0.044885410844047	0.0640951478547765
1821	0.0337059809949693	0.0180462165302119
1822	0.0164337618781442	0.0272765045649339
1823	0.0335941866964785	0.0152513689625903
1824	0	0.00977029765231973
1825	0.0588596981553941	0.0217574995341904
1826	0.0533258803801006	0.0421338850336519
1827	0.0763555058692007	0.0583656139370225
1828	0.0228060368921185	0.00694065907236432
1829	0.0427613191727222	0.0558249043981297
1830	0.0378982671883734	0.0250991873876798
1831	0	0.0121511219356384
1832	0	0.00532615986584684
1833	0.025321408608161	0.0454937482408255
1834	0.0290385690329793	0.0331856184620299
1835	0	0.0165071686899524
1836	0.0320570150922303	0.00758927531675051
1837	0.03381777529346	0.0318138095601064
1838	0.0714924538848519	0.028777044356032
1839	0.0367244270542202	0.0277790915996618
1840	0.0359418669647848	0.0451133399393601
1841	0.0386808272778088	0.0269203270633198
1842	0.0114868641699273	0.0393591440871603
1843	0	0.00884994720824794
1844	0.0471212968138625	0.0241095998178167
1845	0	0.0408070339764023
1846	0	0.0057378282545974
1847	0	0.0138611887460406
1848	0.0265511458915595	0.0390333854084553
1849	0.0257126886528787	0.011541696611568
1850	0	0.0577468014409043
1851	0.0342649524874231	0.0102180425517049
1852	0.0357741755170486	0.0550277231828919
1853	0.0305477920626048	0.0279569291428503
1854	0.0144773616545556	0.054496125046581
1855	0	0.00469232611993931
1856	0.043963107881498	0.0665200830471932
1857	0.0877864728898826	0.0465099934070029
1858	0.130100614868642	0.068438414493802
1859	0.0334823923979877	0.0158605341610034
1860	0.0251816657350475	0.0408070362653929
1861	0.0798770262716601	0.0246279897619958
1862	0.0353269983230855	0.0317328938282971
1863	0.0386249301285634	0.0492684331200961
1864	0.0114868641699273	0.014205455900537
1865	0.0171045276690889	0.00608621890108166
1866	0.0846282839575182	0.0435973808192925
1867	0	0.00926318996469919
1868	0.00925097820011179	0.0231693816710586
1869	0.0212409167132476	0.052407065308775
1870	0	0.00716150782560089
1871	0.091224147568474	0.0597714945241496
1872	0.00754611514812745	0.0176504114150393
1873	0.0792901062045836	0.0534294704195892
1874	0	0.00710985536612633
1875	0.0110396869759642	0.0124447893069734
1876	0	0.036741822632563
1877	0	0.00410531680531352
1878	0.0420067076579095	0.0204700406807031
1879	0.0989100055897149	0.0546567689189266
1880	0.036193404136389	0.0459421942904335
1881	0	0.0343399611381724
1882	0.0634712129681386	0.0431754716620563
1883	0	0.0226457518166574
1884	0	0.0226399447239302
1885	0.00248742314141979	0.0353457931978802
1886	0	0.0293653233605721
1887	0.0535215204024595	0.038432069436681
1888	0.0431246506428172	0.0309088509465815
1889	0	0.0201630074736559
1890	0	0.0156892031839709
1891	0.0431525992174399	0.071428805186491
1892	0	0.0317940190050307
1893	0	0.0401782211958067
1894	0.0378144214645053	0.0219719307383505
1895	0.0185299049748463	0.0214816873316734
1896	0	0.00848161148193207
1897	0.0184460592509782	0.0250521595819248
1898	0.0217439910564561	0.0091902499401102
1899	0.0328675237562884	0.0412690155490242
1900	0.0519564002235886	0.069135095128667
1901	0.0406931246506428	0.0394375903892394
1902	0.0399664617104528	0.0321682853549469
1903	0	0.0259201823031587
1904	0	0.0391561916317878
1905	0.0994969256567915	0.0137707414653334
1906	0.0500838457238681	0.0244497800814179
1907	0	0.058938090498848
1908	0	0.00859887584622073
1909	0.0271101173840134	0.0181905259235288
1910	0	0.0448292075913652
1911	0.0133873672442705	0.0212382321791062
1912	0	0.0327589590708652
1913	0.013890441587479	0.0302095793739519
1914	0.0196757965343767	0.0252200135084777
1915	0	0.0310707098937954
1916	0	0.027733186725898
1917	0	0.0205758112144361
1918	0.0716321967579653	0.0507616335941867
1919	0.0365287870318614	0.0146684565046779
1920	0	0.0214938390554362
1921	0.0435718278367803	0.00668243064340561
1922	0	0.0475684012250792
1923	0	0.00327143101737847
1924	0.0448295136948016	0.0165180835378845
1925	0.0239239798770263	0.00477647269375227
1926	0.00363331470095025	0.0232003097633687
1927	0.037115707098938	0.0204891998722351
1928	0.0135550586920067	0.0388408212222843
1929	0.0139742873113471	0.0163537055781326
1930	0.0235885969815539	0.0279100854427853
1931	0.0202347680268306	0.0269663516100073
1932	0.0368641699273337	0.0188284268057885
1933	0.0501117942984908	0.0156698906335575
1934	0.0173840134153158	0.0110508198248556
1935	0	0.0390845556819131
1936	0.0198434879821129	0.0447505589714924
1937	0	0.033096306130054
1938	0.0217719396310788	0.0414609858600915
1939	0.0277249860257127	0.0241107934050919
1940	0	0.0643107648593255
1941	0	0.0110358508970944
1942	0	0.0227344338590906
1943	0	0.0282949557998468
1944	0.0386249301285634	0.0141265933427591
1945	0	0.0383970560834731
1946	0	0.0256172106287394
1947	0.120346562325321	0.0519946409717232
1948	0.00318613750698714	0.0128218422929396
1949	0	0.0312877681410291
1950	0.0271101173840134	0.0399692856810136
1951	0	0.0454533920743726
1952	0.0883174958077138	0.049536608196474
1953	0	0.0150577477981055
1954	0.00472330911123533	0.0150331476105471
1955	0	0.0215807883191897
1956	0.00156512017887088	0.0102302938032616
1957	0.0665735047512577	0.0036714699854229
1958	0	0.0289924538848519
1959	0	0.0121378270819299
1960	0.0325600894354388	0.0543566073718476
1961	0	0.0353574396084178
1962	0.00869200670765791	0.00803051052729644
1963	0.0309949692565679	0.0382237410437522
1964	0	0.0402346628440229
1965	0.0764393515930688	0.0200564080371686
1966	0	0.0198867007782603
1967	0	0.0395001385484896
1968	0.153521520402459	0.0416364223162714
1969	0	0.018771271970685
1970	0.0444661822247065	0.0337978037078442
1971	0.0360536612632756	0.0286462554732625
1972	0.0303521520402459	0.00641559530463946
1973	0	0.00671105341610034
1974	0.0535215204024595	0.0311393314079871
1975	0	0.051617328619844
1976	0.0567356064840693	0.0799698353010259
1977	0	0.0362280422541043
1978	0	0.0321927815421251
1979	0.0233370598099497	0.0230712378113161
1980	0.0242314141978759	0.0273326811999255
1981	0.0422861934041364	0.0174956792146129
1982	0.030072666294019	0.0478860733287787
1983	0	0.00293494025047966
1984	0.0477082168809391	0.0485734931060183
1985	0	0.0268857774812624
1986	0.0333985466741196	0.0115277904160221
1987	0.0191168250419229	0.0245125132358087
1988	0	0.0267755884727657
1989	0.0166573504751258	0.0121421075417311
1990	0.00595304639463387	0.0531894887481109
1991	0	0.0288547565233593
1992	0.0545556176634992	0.034810482046368
1993	0.0841531581889324	0.0419394044687505
1994	0	0.00622763572391141
1995	0.0318893236444941	0.0531618029721864
1996	0.00911123532699832	0.0193104922237201
1997	0.0124371157070989	0.0397460539274402
1998	0	0.0355875588916394
1999	0	0.0100200580426964
2000	0.0273896031302404	0.0544739802220704
2001	0.0991056456120738	0.0483063300781464
2002	0.0514812744550028	0.0278888897060987
2003	0	0.0119253876570813
2004	0	0.0374349373623122
2005	0	0.034183114181018
2006	0.013527110117384	0.0249465483510341
2007	0.028339854667412	0.0239756000474279
2008	0.0373113471212968	0.0307085998799246
2009	0	0.0165095377658262
2010	0.0325600894354388	0.0277627466536841
2011	0	0.0167809630280284
2012	0.0234209055338178	0.020911002017158
2013	0.0746226942425936	0.0257483367858043
2014	0.0987143655673561	0.0441566517607602
2015	0	0.0242346748649152
2016	0	0.0197344179638758
2017	0.040581330352152	0.0189842138740579
2018	0.0505589714924539	0.0152803625642543
2019	0.00595304639463387	0.0409831926349534
2020	0.0124930128563443	0.0284511277028046
2021	0.0275293460033538	0.0179848171956193
2022	0.0114030184460593	0.0191089208356624
2023	0.0426215762996087	0.0577975125768586
2024	0.0378703186137507	0.0421891227387983
2025	0	0.0549977508051851
2026	0.0403297931805478	0.0352179882954757
2027	0.0997205142537731	0.016968553618917
2028	0.028060368921185	0.030614907459164
2029	0	0.0271390089389994
2030	0.0684460592509782	0.0175861747717533
2031	0.111347121296814	0.0497099607555431
2032	0.0131917272219117	0.0400365934523614
2033	0	0.0222171138438606
2034	0.11078814980436	0.0457675912357299
2035	0.0689770821688094	0.0428611376572483
2036	0	0.0261116230819976
2037	0	0.0387217060837943
2038	0	0.00150874527621314
2039	0.0220514253773058	0.0190824749128271
2040	0.0840134153158189	0.0339945566823711
2041	0.0497484628283958	0.049148300460486
2042	0.00287870318613751	0.0365633501024781
2043	0	0.0171786357546559
2044	0	0.0406772186236149
2045	0.0243711570709894	0.0210495785793356
2046	0.00240357741755171	0.0564804383865312
2047	0.0742873113471213	0.0494942860691883
2048	0.0241475684740078	0.0207027350377061
2049	0.00894354387926216	0.0172871400494059
2050	0	0.0241082287379101
2051	0.0360536612632756	0.0209485346961591
2052	0	0.0302196550938865
2053	0.0376187814421465	0.0167888640457115
2054	0	0.00794343907210732
2055	0	0.0169202534004099
2056	0	0.0152512689782114
2057	0.0182224706539966	0.00758124620590586
2058	0.0340134153158189	0.0489006672167656
2059	0.0679988820570151	0.0592076579094466
2060	0.0804080491894913	0.0334082234924298
2061	0	0.0353542598285821
2062	0.0437674678591392	0.0421055628014823
2063	0.138205701509223	0.0259756907505244
2064	0.0373392956959195	0.0676658411485829
2065	0.0811067635550587	0.0260474586410128
2066	0.0220234768026831	0.0141020078610911
2067	0	0.0556338115644991
2068	0	0.029726809740784
2069	0	0.0193626932118661
2070	0.0227501397428731	0.0382435097198932
2071	0	0.0136227434113823
2072	0.0490217998882057	0.0469100658709543
2073	0	0.00317569789234867
2074	0.0785354946897708	0.021062078334005
2075	0	0.0234414435015329
2076	0.118781442146451	0.0141404216242115
2077	0.0498043599776411	0.0534487609465251
2078	0	0.0372802310415502
2079	0	0.0133578108753013
2080	0	0.0123304876602808
2081	0.00844046953605366	0.00759940376374138
2082	0.00598099496925657	0.0480756759414529
2083	0.029429849077697	0.00847973602445375
2084	0	0.0103738798030978
2085	0	0.0174724861809825
2086	0.0504471771939631	0.0423189997072054
2087	0.036109558412521	0.0359344551123971
2088	0.00670765790944662	0.00561263549578579
2089	0	0.0290066399037892
2090	0.0327836780324204	0.0466350137968361
2091	0.00363331470095025	0.00921617771687192
2092	0.0373672442705422	0.00402616518938487
2093	0	0.0159950170319092
2094	0.0174678591391839	0.00481064840693125
2095	0.00273896031302404	0.0519069422067318
2096	0.106232532140861	0.0211897389505065
2097	0	0.0189698498622184
2098	0.0955282280603689	0.00111336709082739
2099	0.0642817216321968	0.0424603203789238
2100	0.0211850195640022	0.0526914910672889
2101	0	0.0366353875535681
2102	0.0311067635550587	0.0228159779501652
2103	0.0255729457797652	0.0263780618021814
2104	0.0181665735047513	0.0282122073163158
2105	0.0422861934041364	0.0166126435885103
2106	0.00217998882057015	0.0146151791814173
2107	0	0.0248352288199968
2108	0.0424538848518726	0.00800034935718279
2109	0	0.0265303038989456
2110	0.0955561766349916	0.0373204092348866
2111	0	0.0386970241422449
2112	0.0159586361095584	0.0159819676892557
2113	0	0.0246444320228557
2114	0.0410285075461151	0.0431453015340662
2115	0	0.0150441645705236
2116	0.041587479038569	0.0297288865680131
2117	0.017915036333147	0.0336548502693029
2118	0.0641978759083287	0.0544734621629535
2119	0.00944661822247065	0.00590640044024421
2120	0.110201229737283	0.0140671813862493
2121	0	0.0375404432315128
2122	0.00614868641699273	0.00571955558761127
2123	0.027333705980995	0.0288442216321968
2124	0.0470933482392398	0.0615863429176494
2125	0.0509782001117943	0.00714929046683135
2126	0	0.00956067804935888
2127	0.0777249860257127	0.0324185997764114
2128	0	0.0279217229544949
2129	0.0422582448295137	0.00854543196074778
2130	0.0424538848518726	0.0320944716623374
2131	0.0999441028507546	0.0551282658427013
2132	0.0492174399105646	0.0182863732282987
2133	0	0.0357384552773774
2134	0.087479038569033	0.0394241712366363
2135	0.0934320849636669	0.0225253749767095
2136	0.0366126327557295	0.0316637553568101
2137	0.0238121855785355	0.0327308357273779
2138	0.0474846282839575	0.0208825743088857
2139	0.0436277249860257	0.0418689102247942
2140	0.0198434879821129	0.0414251129273488
2141	0	0.0402812694560707
2142	0.0589155953046395	0.0382081949604884
2143	0.0671324762437116	0.0604117074988525
2144	0	0.025734993765318
2145	0.0614589155953046	0.0600056885230166
2146	0.0593627724986026	0.0218795998695733
2147	0.00832867523756289	0.0464876146409126
2148	0.0334823923979877	0.0132018786582114
2149	0	0.0192712608799808
2150	0.018278367803242	0.0541715139975778
2151	0.0694801565120179	0.0392502484317744
2152	0	0.0229480311781877
2153	0.111291224147568	0.0480594921031576
2154	0	0.0123685711220647
2155	0.0349077697037451	0.0229452989295395
2156	0.0786752375628843	0.0129631928232444
2157	0	0.0330984229757986
2158	0.0480994969256568	0.045033297871701
2159	0.0316377864728899	0.0437618907336627
2160	0	0.0159046021986212
2161	0.0424538848518726	0.0125404322712875
2162	0	0.0274210120045782
2163	0.0359139183901621	0.029325532911335
2164	0.060424818334265	0.0604137408002609
2165	0	0.0305760608813117
2166	0	0.0365991998146833
2167	0.0585802124091671	0.0482310333300453
2168	0.0425097820011179	0.0455397981692181
2169	0	0.0246990611349192
2170	0.0593907210732253	0.0150923583938886
2171	0.0111235326998323	0.0430937341957465
2172	0.0789826718837339	0.0665336837130249
2173	0.0877864728898826	0.00902766007320723
2174	0.068557853549469	0.0260453543258183
2175	0.072582448295137	0.0383956106622401
2176	0.0298211291224148	0.0197725765985935
2177	0	0.0148475966614592
2178	0.000139742873113471	0.0432092602943917
2179	0.0831749580771381	0.0393355415225175
2180	0	0.0188842178539635
2181	0.0590832867523756	0.0528274760764979
2182	0.041587479038569	0.0488951503147253
2183	0.0411961989938513	0.037154951555804
2184	0.0486864169927334	0.0358986631265139
2185	0.0347680268306316	0.0307464777629674
2186	0	0.0222832889444207
2187	0.146031302403577	0.0275
2188	0	0.0134991125101743
2189	0.00139742873113471	0.0118023520932011
2190	0.0242034656232532	0.0469105068895455
2191	0.0268585802124092	0.0150922036785648
2192	0.0399105645612074	0.0307977506573091
2193	0	0.00688439507864669
2194	0.0460592509782001	0.0438339621762624
2195	0	0.036515388877448
2196	0	0.0411701872064174
2197	0	0.031770005815562
2198	0.0639742873113471	0.0553379269323931
2199	0	0.0358483373049729
2200	0.01618222470654	0.0109172566921309
2201	0	0.0241578040265561
2202	0.0220514253773058	0.0217905927168085
2203	0	0.0307442434951947
2204	0	0.0161717969239629
2205	0.0234768026830632	0.0522858606830099
2206	0	0.00952119951141751
2207	0.0316936836221353	0.0194003771798629
2208	0	0.0388153907920537
2209	0.0384013415315819	0.0385842701281494
2210	0	0.0175799018694491
2211	0.127557294577977	0.042364604682939
2212	0.00704304080491895	0.0200705644703177
2213	0.0841252096143097	0.0173627906765373
2214	0.0304918949133594	0.00870969140918641
2215	0.0452766908887647	0.0174110426289312
2216	0.0614589155953046	0.0331970941583429
2217	0	0.0271933998032767
2218	0.0363331470095025	0.0181357846278295
2219	0.0294577976523197	0.0255097820011179
2220	0.0372833985466741	0.026500853013788
2221	0.0206819452207937	0.0502978441236752
2222	0.0640860816098379	0.0659771626268272
2223	0.0451648965902739	0.0195708562910911
2224	0.034460592509782	0.00514929765004749
2225	0.0903297931805478	0.0281921049053525
2226	0.0220234768026831	0.0310248244006223
2227	0	0.043199927922097
2228	0	0.0503619585576574
2229	0.0280044717719396	0.0394682854255241
2230	0	0.0170612325573198
2231	0.00475125768585802	0.017595089403314
2232	0	0.0181802949240065
2233	0	0.034400147588087
2234	0.055757406372275	0.0325638613568919
2235	0.0137786472889883	0.0410470493551125
2236	0.0592789267747345	0.0490184784633955
2237	0.109698155394075	0.0321127924618702
2238	0	0.0266595886333374
2239	0.0170765790944662	0.0247308914560172
2240	0.00978200111794299	0.0185737662056654
2241	0	0.0201840358837778
2242	0.0582168809390721	0.0285348396450531
2243	0.0164058133035215	0.0388011083995692
2244	0.0590832867523756	0.0350877736316529
2245	0	0.0166883542125626
2246	0.0122973728339855	0.00814259136925431
2247	0.0806316377864729	0.0305962628763076
2248	0.0359418669647848	0.0362406554054361
2249	0.018278367803242	0.0520733960623564
2250	0	0.0518031206418574
2251	0.0961989938513136	0.0412421729875615
2252	0	0.0715787958702995
2253	0.0687255449972051	0.0553552924983622
2254	0.0373951928451649	0.0444101059179315
2255	0.00226383454443823	0.0174907633369235
2256	0.0140301844605925	0.0509415617791998
2257	0.0796534376746786	0.038098136271366
2258	0.0194801565120179	0.0514666480342836
2259	0.0563443264393516	0.0319743630054034
2260	0	0.0047951154491121
2261	0	0.00971451048589114
2262	0	0.00910182407227843
2263	0.0352431525992174	0.0584496869195025
2264	0.0570709893795416	0.00418992131401299
2265	0.0204583566238122	0.0417696882181231
2266	0.0586081609837898	0.0400830274097463
2267	0.0934320849636669	0.0536383720620725
2268	0.0451648965902739	0.0545626513881125
2269	0.0179429849077697	0.00529222981850148
2270	0	0.00723182891866063
2271	0	0.0318230150217294
2272	0.0709893795416434	0.0313585447221557
2273	0	0.0710458932035643
2274	0.0435718278367803	0.0146394633873672
2275	0	0.00789890120696437
2276	0	0.0363876777839886
2277	0	0.00948425289623955
2278	0.0323644494130799	0.0297819123923093
2279	0.0116545556176635	0.00696919207120437
2280	0	0.0542603747036487
2281	0.0765511458915595	0.0232530827038932
2282	0.0750698714365567	0.0354741235722231
2283	0.0871436556735607	0.0215236631265139
2284	0.082811626607043	0.033896974865393
2285	0	0.0140017289755477
2286	0.0594466182224707	0.0408713433948202
2287	0.0250139742873113	0.0158864149224686
2288	0	0.0446210838723416
2289	0.000223588596981554	0.0215780369525479
2290	0	0.0143487265482794
2291	0	0.0119033087645863
2292	0.0222191168250419	0.0182312374291133
2293	0.0292342090553382	0.0160628515603362
2294	0.0602291783119061	0.0585358052294888
2295	0.00877585243152599	0.0186572641299359
2296	0	0.0401774875642959
2297	0.0443264393515931	0.0159942634844815
2298	0.0228898826159866	0.00869407956027576
2299	0	0.0293439260949043
2300	0	0.0175784112788026
2301	0	0.00705872306067946
2302	0	0.0128700857089622
2303	0.0463946338736724	0.0213520302131258
2304	0.0665176076020123	0.0467290952762858
2305	0	0.0147550370953809
2306	0.0646450531022918	0.057782953439745
2307	0.0782280603689212	0.0515562076889634
2308	0	0.0281023965902739
2309	0	0.0435318347573798
2310	0.0401621017328116	0.0233186085750367
2311	0.0163499161542761	0.0108865767795337
2312	0.0277808831749581	0.0257820610077457
2313	0.0510620458356624	0.030230762064468
2314	0.00676355505869201	0.0380688381862222
2315	0.0340693124650643	0.0490413280589357
2316	0	0.0135016422495786
2317	0.0180827277808832	0.0249124161542761
2318	0.0461430967020682	0.0272294905302172
2319	0.0762437115707099	0.0711948533217398
2320	0.0164337618781442	0.0341694982985692
2321	0.0173001676914477	0.0234822787858957
2322	0.039491335941867	0.0229593532396514
2323	0.0270262716601453	0.0148809802366746
2324	0.0268585802124092	0.0110946192339429
2325	0	0.0410164342654561
2326	0.0596143096702068	0.0247448748357077
2327	0.0620737842370039	0.039606793769734
2328	0.0279485746226942	0.0142788697368271
2329	0	0.0191774558236269
2330	0	0.0378745375176342
2331	0	0.0199825476678467
2332	0.0234768026830632	0.017030589840819
2333	0.0771101173840134	0.0171294601267002
2334	0.0622414756847401	0.0435151232842681
2335	0.0307713806595864	0.0398318427426868
2336	0.0390441587479039	0.0038882574581289
2337	0.01690888764673	0.0135185217533073
2338	0.0618222470653997	0.0318772429743764
2339	0.02769703745109	0.0611663354243008
2340	0	0.00689103580942597
2341	0	0.023718684892525
2342	0.00349357182783678	0.0336035611142165
2343	0	0.0123425430541138
2344	0.0390162101732812	0.0131709081216488
2345	0.0332029066517608	0.012002943412949
2346	0.0290106204583566	0.0288712008000517
2347	0.0157909446618222	0.0237098581746841
2348	0	0.0197278169458519
2349	0.00310229178311906	0.0364528600708031
2350	0	0.00753758639658584
2351	0	0.0412191930484273
2352	0.0288988261598658	0.0190455118138181
2353	0.0205142537730576	0.0340456278396468
2354	0.0337618781442146	0.0282217856399128
2355	0	0.0226033532643371
2356	0	0.00335784962686201
2357	0	0.0106941080264166
2358	0	0.02184315369524
2359	0	0.018820273726646
2360	0.104387926215763	0.0512194594204728
2361	0.0416992733370598	0.0177376848820393
2362	0	0.0242962016556203
2363	0.0321408608160984	0.0161488775183577
2364	0	0.0277153410274115
2365	0.00363331470095025	0.0147675480818997
2366	0.000335382895472331	0.0192352072187176
2367	0.0363331470095025	0.04455660408378
2368	0.120737842370039	0.037118388651368
2369	0	0.0374690673327744
2370	0.0153717160424818	0.036383381661077
2371	0.0216880939072107	0.0197238913732066
2372	0	0.0056680175144401
2373	0.0272219116825042	0.0201310865784734
2374	0.0856903297931805	0.0388222175262557
2375	0.0391280044717719	0.0191362696058057
2376	0	0.015877744041872
2377	0.0323644494130799	0.00368898953198841
2378	0.0877026271660145	0.0571893897047614
2379	0	0.00927703530554285
2380	0.0696478479597541	0.0582788180858332
2381	0.0167970933482392	0.0241282307221379
2382	0	0.0371613032021081
2383	0.0405533817775294	0.0433537771981036
2384	0	0.0281075520229769
2385	0	0.01297230639483
2386	0.0437115707098938	0.0101308259469243
2387	0	0.055809421775045
2388	0.0591950810508664	0.0379573318427427
2389	0.000279485746226942	0.0166626447986112
2390	0.0100055897149245	0.0113141486331816
2391	0.0330631637786473	0.0104279908751681
2392	0.0152599217439911	0.0163587068170634
2393	0	0.0126116345923501
2394	0.030715483510341	0.0327322378339008
2395	0.0325600894354388	0.0729090473528707
2396	0.0711011738401342	0.0498980808645426
2397	0	0.0265537078442333
2398	0	0.0145406535308366
2399	0.0992174399105646	0.0353172629029253
2400	0	0.0104122587278913
2401	0.00749021799888206	0.0221355272964412
2402	0.021939631078815	0.0206363608789285
2403	0	0.0110300938165667
2404	0	0.0083793669647848
2405	0	0.00970698786028579
2406	0.0123532699832309	0.0189581923646455
2407	0.0597540525433203	0.0204907666190506
2408	0	0.00781610120207102
2409	0	0.010430019874542
2410	0.104024594745668	0.0547454868227646
2411	0.0640581330352152	0.0337483046697952
2412	0.0401062045835662	0.0173680122268719
2413	0.0435438792621576	0.0533065027016956
2414	0.0371436556735607	0.0344452207937395
2415	0	0.017247371503101
2416	0.0464225824482951	0.0258450977333489
2417	0.0410005589714925	0.0166245765910383
2418	0	0.000606484069312465
2419	0.0392677473448854	0.0320143491531138
2420	0.0464225824482951	0.0400082209095624
2421	0.0396869759642258	0.0190616054338804
2422	0.0354387926215763	0.0622689713889406
2423	0.0351872554499721	0.0184762890981449
2424	0.0278367803242035	0.0430461560484806
2425	0.0436277249860257	0.0302122658411088
2426	0.015902738960313	0.0398837668102456
2427	0	0.0082541457052357
2428	0.0332867523756288	0.0280964962453581
2429	0.131414197875908	0.0505913940055724
2430	0.0480715483510341	0.0180228783079538
2431	0.0978759083286752	0.0129544466464534
2432	0	0.0222068460698981
2433	0.040860816098379	0.0490702931168054
2434	0	0.00546412748690558
2435	0.0258524315259922	0.0451956682532423
2436	0.0142537730575741	0.0111483165093874
2437	0.06078814980436	0.0333565250040935
2438	0.0297372833985467	0.072924580013086
2439	0.0082727780883175	0.0160143779889448
2440	0.0416433761878144	0.0211994596608906
2441	0	0.0363060524191044
2442	0.0144494130799329	0.0246045276690889
2443	0.0458077138065959	0.0400251330145126
2444	0	0.00371827836780324
2445	0.00967020681945221	0.0273765945457107
2446	0	0.0103092393329607
2447	0.08921185019564	0.0521869626553808
2448	0.0684740078256009	0.0387523955921105
2449	0.00645612073784237	0.0331000081800706
2450	0	0.0235540882553879
2451	0	0.0103519370512104
2452	0	0.0232176528520855
2453	0.0321408608160984	0.0391779774787041
2454	0.023951928451649	0.0560862546248237
2455	0	0.0116751218162621
2456	0.0838736724427054	0.0540043320290665
2457	0.0130240357741755	0.0214833997111981
2458	0.0143096702068195	0.0112666560195906
2459	0.0218837339295696	0.0115769983230855
2460	0	0.0390620864447024
2461	0.0349916154276132	0.0141582719679847
2462	0.00181665735047513	0.0202868312049419
2463	0	0.0409752977598142
2464	0	0.0401587973961245
2465	0	0.0144469859668736
2466	0.052012297372834	0.0274737050493758
2467	0.0473169368362214	0.0112455241775423
2468	0.0286752375628843	0.0254548164710266
2469	0.0380939072107323	0.046257544703604
2470	0.0473169368362214	0.0366732492914791
2471	0.0465902738960313	0.0267443869945966
2472	0	0.00526225079187628
2473	0.0420067076579095	0.0330473395618728
2474	0.0461989938513136	0.0267292182384413
2475	0.00860816098378983	0.0140251692441463
2476	0	0.0168246043441683
2477	0	0.0173634155430431
2478	0	0.0206037872770243
2479	0	0.000548490776970374
2480	0.0199832308552264	0.0362674678591392
2481	0	0.0116083321417274
2482	0.0394354387926216	0.0528562822184957
2483	0.0156512017887088	0.00353777470506899
2484	0.0428451648965903	0.00481639117357396
2485	0	0.0232981758009707
2486	0	0.0441270728526178
2487	0.0237562884292901	0.00510727104233474
2488	0.0504471771939631	0.0202406294640084
2489	0	0.0283818388200798
2490	0.0100614868641699	0.0428844890314103
2491	0.0309390721073225	0.0764564193337251
2492	0.109167132476244	0.0256710985120711
2493	0.0191168250419229	0.0076398884386063
2494	0	0.0171811912592458
2495	0	0.00363452157121805
2496	0.0375069871436557	0.0355734115893423
2497	0.0473448854108441	0.0669281455455296
2498	0	0.0371272016352656
2499	0	0.023684442847383
2500	0.00980994969256568	0.0415815194160392
2501	0.034097261039687	0.0545679805014629
2502	0	0.00661223752336106
2503	0.109726103968698	0.0468677217253587
2504	0	0.0263552341469474
2505	0	0.0471641936412758
2506	0.01690888764673	0.0135028480928425
2507	0.0515930687534936	0.0322459866827494
2508	0.00072666294019005	0.0116983550267508
2509	0	0.0248642830525167
2510	0.0368921185019564	0.0451057970001863
2511	0.0400223588596982	0.0145846817294774
2512	0.0565399664617105	0.0125806095731223
2513	0	0.0216570222911056
2514	0	0.0320053938360255
2515	0	0.0232972168419411
2516	0.0624650642817216	0.0249585852939682
2517	0	0.0252632509124388
2518	0	0.0204208522984375
2519	0.0429290106204584	0.0309406824775746
2520	0.0058412520961431	0.0377763325737054
2521	0.00100614868641699	0.0228685389822897
2522	0.0346841811067636	0.0254496195468806
2523	0	0.0109594457309661
2524	0.0875908328675238	0.0210289196084333
2525	0.00162101732811627	0.00939764692614712
2526	0.0449972051425377	0.0386297518871583
2527	0	0.0350036548136045
2528	0.00930687534935718	0.0138264295450757
2529	0.0352152040245947	0.0542059864750819
2530	0	0.0314129356822157
2531	0.000950251537171604	0.00504158409133255
2532	0.0666014533258804	0.0335546664313102
2533	0.0278367803242035	0.0374426536654038
2534	0.0867803242034656	0.0528440628592983
2535	0	0.0211503678759538
2536	0.0224147568474008	0.0259711626103465
2537	0.00771380659586361	0.0342600614868642
2538	0.0102850754611515	0.0124418275501283
2539	0.0533258803801006	0.0159409790152786
2540	0.0687255449972051	0.0330595537544252
2541	0.0431246506428172	0.0220818042627652
2542	0.0650363331470095	0.0245226510493419
2543	0	0.0154914424126274
2544	0.0628283957518167	0.0377395216732835
2545	0.0160983789826719	0.0438341229914735
2546	0.0230855226383454	0.0293723345340869
2547	0.0451369480156512	0.0274884676841077
2548	0.00634432643935159	0.0361145359205728
2549	0.0156232532140861	0.0264545680392522
2550	0.0404415874790386	0.012676076020123
2551	0.0933482392397988	0.0431825462654093
2552	0.0479597540525433	0.0269655361017448
2553	0	0.0123976529019937
2554	0	0.0316622551759664
2555	0.026048071548351	0.0272652785541271
2556	0.0430408049189491	0.0445771762862316
2557	0.0745947456679709	0.00946557941231272
2558	0.00860816098378983	0.00742446121358922
2559	0	0.0209565336717377
2560	0	0.0449922651093917
2561	0	0.0147158561580026
2562	0.0385131358300727	0.0205122507918763
2563	0.0781721632196758	0.0376360985981872
2564	0.074315259921744	0.0204624876192718
2565	0.00855226383454444	0.0262942519098193
2566	0.0180268306316378	0.0454763039928101
2567	0.0582448295136948	0.0353556892817216
2568	0	0.0212028090535637
2569	0.0394074902179989	0.0599580170336044
2570	0.0308272778088318	0.028408520479181
2571	0	0.0270159040698448
2572	0	0.0179454572816786
2573	0.0145053102291783	0.0449882033724613
2574	0.0311626607043041	0.0681996119010938
2575	0	0.0414167655091867
2576	0	0.0203052100801192
2577	0.0415595304639463	0.0193179685181735
2578	0.0048351034097261	0.0243233650083846
2579	0	0.0151150549655301
2580	0.0280324203465623	0.0295950643797868
2581	0.0722470653996646	0.017421936739847
2582	0	0.0157046404985198
2583	0	0.0126849861212634
2584	0.0323085522638345	0.0431366653174251
2585	0	0.0225555966269376
2586	0.124566797093348	0.0619801565120179
2587	0.0411403018446059	0.0354412880300248
2588	0	0.0263432722387299
2589	0.0103968697596423	0.0265953046394634
2590	0	0.00754461022487853
2591	0.0114589155953046	0.0394831316828648
2592	0	0.0312235547199214
2593	0.036109558412521	0.0101892584311533
2594	0.0437954164337619	0.0283460999661857
2595	0	0.028699016573732
2596	0	0.0180381059634586
2597	0	0.0169746352985017
2598	0.145360536612633	0.0438337398580551
2599	0.0216321967579653	0.00964166746195131
2600	0.0400223588596982	0.0345897531448118
2601	0.0322806036892119	0.0161940069487829
2602	0	0.0167334555398459
2603	0.0666294019005031	0.0488288946188476
2604	0	0.0248169262496401
2605	0.0814980435997764	0.028230717208731
2606	0.0897987702627166	0.0499149221346701
2607	0.0419787590832868	0.0130852298437542
2608	0	0.00425410186433433
2609	0	0.0234104747265032
2610	0.0389044158747904	0.00674832567335362
2611	0.0341811067635551	0.0304385759659591
2612	0	0.0364148691897105
2613	0.0323644494130799	0.0558114136655221
2614	0.0479318054779206	0.0117305757406372
2615	0.0271101173840134	0.013924589012627
2616	0.0389044158747904	0.0800312662795694
2617	0	0.0232763492950748
2618	0.0740916713247624	0.0497815211929242
2619	0	0.0156007299510078
2620	0.0295416433761878	0.0277509654962142
2621	0.00614868641699273	0.0296911682504192
2622	0.0641419787590833	0.00890431706669829
2623	0	0.011154638428255
2624	0	0.0153999632129873
2625	0.0358021240916713	0.00716285368255743
2626	0.0544717719396311	0.0426472623705715
2627	0.0979318054779206	0.0564572686257287
2628	0.029429849077697	0.0403170345426204
2629	0	0.0170809663707151
2630	0.0262996087199553	0.0529026266882611
2631	0.0434879821129122	0.0389439593310471
2632	0	0.04297470773435
2633	0	0.0120859164591697
2634	0.0487702627166015	0.0521020979056194
2635	0	0.029905693523916
2636	0.0743432084963667	0.0445743863810913
2637	0.0766070430408049	0.030583387677784
2638	0	0.0508590547559158
2639	0.0211850195640022	0.00285107015993797
2640	0	0.0262006687836225
2641	0	0.0148344671820111
2642	0.0643096702068195	0.0540995184245603
2643	0.0691168250419229	0.0521370110369469
2644	0	0.0399913287755658
2645	0.0812465064281722	0.029221871755969
2646	0.0562884292901062	0.0472755574187939
2647	0.0799329234209055	0.0512937195560169
2648	0	0.0510739765712809
2649	0.0159865846841811	0.0252087735801897
2650	0	0.0400814519802083
2651	0.00600894354387926	0.0248552067704196
2652	0.00508664058133035	0.0298894528690865
2653	0.046981553940749	0.0350173543927037
2654	0.0407769703745109	0.0472582951873058
2655	0.0654835103409726	0.00599963961048513
2656	0.0917551704863052	0.0628874654419652
2657	0	0.00282601190280472
2658	0	0.0198113665300292
2659	0.0236444941307993	0.00479413956750951
2660	0.0713806595863611	0.0584749036132491
2661	0.0290944661822247	0.0434957944049615
2662	0	0.0169135205636044
2663	0	0.0240373746494484
2664	0.0368921185019564	0.0490305812613433
2665	0.0214645053102292	0.0216945819691767
2666	0.0393236444941308	0.0375262489991389
2667	0.11732811626607	0.0342170468837339
2668	0.0233370598099497	0.0270493125981527
2669	0.0277529346003354	0.0265598955579392
2670	0	0.0196909141724681
2671	0.0678591391839016	0.049493100372083
2672	0.10466741196199	0.0500817883982361
2673	0	0.0278041177566611
2674	0.038205701509223	0.0157856937174992
2675	0	0.0129503912800447
2676	0.0338736724427054	0.0166502775244427
2677	0.00617663499161543	0.012974628905037
2678	0.107769703745109	0.0603041736538103
2679	0.0912800447177194	0.0600011725551422
2680	0.0463946338736724	0.0303003140887434
2681	0	0.00896522519775734
2682	0.0502794857462269	0.0496830897814688
2683	0.0783678032420347	0.025068951761238
2684	0.0575461151481274	0.0331085361493411
2685	0	0.0178565036823473
2686	0.035466741196199	0.0498568282508333
2687	0.031442146450531	0.0308035744533089
2688	0	0.0236770878620376
2689	0.00810508664058133	0.0317392482680353
2690	0.00782560089435439	0.00546690940521293
2691	0.0538010061486864	0.0146795562831058
2692	0	0.0272036903078727
2693	0.0555058692006708	0.0503261960954806
2694	0.0485746226942426	0.0111497942884192
2695	0.124930128563443	0.0319049975072893
2696	0	0.0145957422838102
2697	0	0.0205468330428874
2698	0.0540804918949134	0.0415241516585093
2699	0.0518725544997205	0.00774230567271372
2700	0.0647847959754053	0.049476536506162
2701	0.00531022917831191	0.0222775293460033
2702	0	0.0584236758749865
2703	0.017272219116825	0.0377166562544526
2704	0.0359977641140302	0.0277738960313024
2705	0.0385690329793181	0.00565787081850696
2706	0.0217439910564561	0.0209212891417048
2707	0.0787870318613751	0.0171381953501853
2708	0.0779765231973169	0.0131133608896473
2709	0.0120458356623812	0.0119719363430112
2710	0.0306316377864729	0.0170335609505537
2711	0.043599776411403	0.0473126927934083
2712	0.0700391280044718	0.0332247651974688
2713	0	0.0496488617805982
2714	0.0306316377864729	0.0224609223533203
2715	0	0.0343546523046243
2716	0	0.0331504564933855
2717	0.0278647288988262	0.0194489371440607
2718	0.00503074343208496	0.0489183337003348
2719	0.032448295136948	0.0123019089320095
2720	0	0.00840489639414355
2721	0	0.00529460830830961
2722	0.0235047512576859	0.00875551207999503
2723	0.0448574622694243	0.0611778293751463
2724	0.036109558412521	0.0333727408235513
2725	0	0.0169893845774226
2726	0.090497484628284	0.0270088662876567
2727	0	0.0245900397968592
2728	0	0.0213872119744115
2729	0.0308552263834544	0.0345669190910946
2730	0.0778647288988262	0.0497791497987138
2731	0.0260760201229737	0.032258655837964
2732	0.0397708216880939	0.0169368071082541
2733	0	0.012232544292415
2734	0	0.040734510039988
2735	0	0.0129692716752527
2736	0.0310229178311906	0.0153080134354589
2737	0.0420067076579095	0.0449471800170515
2738	0	0.051241109853804
2739	0.00877585243152599	0.0302247653790709
2740	0.0675237562884293	0.040136241270086
2741	0.045891559530464	0.0256665122140174
2742	0.0197316936836221	0.0151948342976851
2743	0.0174119619899385	0.0324154284798142
2744	0.0428172163219676	0.0270558559846781
2745	0.0496646171045277	0.0555679660535726
2746	0.0297652319731694	0.0227425004658096
2747	0.0501397428731135	0.0357260224520216
2748	0.0370318613750699	0.0351942288933461
2749	0	0.00794392711350509
2750	0.037842370039128	0.0130705160162958
2751	0	0.0593152488310398
2752	0.0410844046953605	0.0785837343840179
2753	0	0.0272793885337935
2754	0.0346562325321409	0.0328739752189305
2755	0.0063163778647289	0.0101957247150092
2756	0.00092230296254891	0.0311856309390721
2757	0.0538010061486864	0.0442589957710137
2758	0	0.0215372802931495
2759	0.00760201229737283	0.0338607761718438
2760	0.0687534935718278	0.0404472630009905
2761	0.0472889882615987	0.024103407138273
2762	0.0765511458915595	0.0487683477216736
2763	0.00712688652878703	0.0229196278846922
2764	0.0531302403577418	0.0263515089225073
2765	0	0.0217646061161992
2766	0.0773616545556177	0.031260713620272
2767	0	0.00895355310456403
2768	0	0.0253979717969343
2769	0.0160424818334265	0.00702585908594852
2770	0	0.00385247810694988
2771	0.039575181665735	0.017995900875722
2772	0.0702627166014533	0.0458593393829113
2773	0.0231414197875908	0.0316642828176547
2774	0	0.0184109274023516
2775	0	0.0074176827138066
2776	0	0.0231391589069608
2777	0.044885410844047	0.0218179905296094
2778	0.0401341531581889	0.027598255441871
2779	0	0.0136620304913469
2780	0	0.0136021544918753
2781	0	0.0272008427570194
2782	0.0463387367244271	0.00529594813835226
2783	0.0582448295136948	0.0362225397741274
2784	0	0.0134922675610211
2785	0	0.011796846743169
2786	0.00793739519284517	0.0164269610583194
2787	0.0531861375069871	0.0493095385649825
2788	0	0.0339353859169399
2789	0	0.0186682743068992
2790	0.047987702627166	0.0250036954226446
2791	0.0324203465623253	0.0297021702290009
2792	0	0.0121537068091009
2793	0.0422023476802683	0.0245855588679792
2794	0.0418949133594187	0.0257926845975953
2795	0	0.0150694315052895
2796	0.102850754611515	0.0434439442237095
2797	0	0.0418523725868212
2798	0.08381777529346	0.0277789070131161
2799	0.0433482392397988	0.00811517195956339
2800	0.0634153158188932	0.0381399356966128
2801	0.0886808272778088	0.0622991029838431
2802	0	0.0331699376850299
2803	0.0910844046953605	0.0407200018632383
2804	0.046254891000559	0.059033095770449
2805	0	0.00539100347028135
2806	0.0525992174399106	0.0503700413461453
2807	0.0143935159306875	0.0345382080305571
2808	0	0.0166633904726415
2809	0	0.0333868367389189
2810	0	0.0159451830853452
2811	0	0.0242630588702295
2812	0.0140301844605925	0.0241270935552657
2813	0.0178311906092789	0.00627700239891932
2814	0	0.0420247754233221
2815	0.0127166014533259	0.023348436855983
2816	0	0.0308653105313251
2817	0.0451648965902739	0.0101960428846958
2818	0.0437115707098938	0.0371542099379247
2819	0	0.0321739332960686
2820	0.0400223588596982	0.042760688959765
2821	0.0224147568474008	0.0119549604485323
2822	0	0.0269524408421837
2823	0	0.0447470749059825
2824	0.0588596981553941	0.0239951928451649
2825	0.0691447736165456	0.0312228978354624
2826	0.00858021240916713	0.0352354521846469
2827	0.00508664058133035	0.0357686704947745
2828	0.0142537730575741	0.0188999906838085
2829	0.00226383454443823	0.00918142436099395
2830	0	0.0243433454991835
2831	0	0.0328560267290005
2832	0	0.00276046740663845
2833	0	0.0141349755530284
2834	0.00234768026830632	0.0252497751962476
2835	0	0.0145259389390189
2836	0	0.0154527669088876
2837	0	0.0111648344823303
2838	0.106204583566238	0.0667531870390739
2839	0.0120178870877585	0.0780474327237882
2840	0.0222470653996646	0.0450920540439825
2841	0.0205142537730576	0.0265772053495642
2842	0	0.00891384537136354
2843	0.0802124091671325	0.0353386568713567
2844	0	0.0164807635670796
2845	0	0.0170898213952993
2846	0.00810508664058133	0.00770031006196462
2847	0.0330631637786473	0.0378917117706672
2848	0.0545276690888765	0.04206314615342
2849	0	0.0273146477148713
2850	0	0.0254336154808486
2851	0.0140860816098379	0.0472374427544546
2852	0	0.0186454128107985
2853	0.0454164337618781	0.031907082634619
2854	0	0.00630941290248165
2855	0.0163499161542761	0.00226159865846842
2856	0.0212409167132476	0.0446048692627787
2857	0.0478759083286752	0.0455676407262489
2858	0.0220514253773058	0.0241820931838359
2859	0.0143096702068195	0.0229721627021096
2860	0.0559250978200112	0.0256997893107452
2861	0	0.0231090072045215
2862	0.0165735047512577	0.0274327431075209
2863	0.0425097820011179	0.0112829748102202
2864	0	0.0280752482099603
2865	0	0.0199774729312879
2866	0.00416433761878144	0.0607669088876467
2867	0.0228339854667412	0.0340090639726967
2868	0.0938513135830073	0.0274052479070694
2869	0.000782560089435439	0.0303798617381625
2870	0	0.0503494062153707
2871	0	0.0162361222829668
2872	0.0627166014533259	0.0264096174150674
2873	0.0546394633873672	0.0274455002794858
2874	0	0.0188585802124092
2875	0.0245388485187255	0.0147825863658731
2876	0.0860257126886529	0.0362424206127392
2877	0	0.00497302081287548
2878	0.0287311347121297	0.0667063217714493
2879	0.0385690329793181	0.0309750757792653
2880	0	0.0213162314674332
2881	0	0.024744303814315
2882	0.0194801565120179	0.0254021699172621
2883	0	0.00782617630618486
2884	0.0392956959195081	0.0220270751816657
2885	0.0305477920626048	0.000315885437461737
2886	0	0.0424021533711305
2887	0.0435438792621576	0.0145025058653981
2888	0.045975405254332	0.0188883895074504
2889	0	0.045269029547037
2890	0	0.016719195654355
2891	0	0.0223339451805075
2892	0.0717998882057015	0.0339580172482632
2893	0	0.0198465351530961
2894	0.0229737283398547	0.0680485592783788
2895	0	0.0157643444833436
2896	0	0.0407771631233014
2897	0.030715483510341	0.0351151505162126
2898	0.0754052543320291	0.0251885131358301
2899	0.0224986025712689	0.0292937319656157
2900	0	0.00582187159464968
2901	0.00992174399105646	0.0291416379228074
2902	0	0.0112279805158508
2903	0	0.0554837731053494
2904	0.0485187255449972	0.0408166833491492
2905	0	0.0237409600443711
2906	0	0.0259564482160905
2907	0	0.00873595251404083
2908	0.00335382895472331	0.0223132621162247
2909	0	0.0395936023171909
2910	0	0.0046228595298629
2911	0.0264952487423141	0.0341110929962942
2912	0	0.015102266375324
2913	0	0.0119220406382082
2914	0.00698714365567356	0.00629029252841438
2915	0.0142537730575741	0.0348095320701863
2916	0.00975405254332029	0.0146386828415895
2917	0	0.0317149518057506
2918	0.0440749021799888	0.0621188790403435
2919	0	0.0662452995579044
2920	0.140693124650643	0.0566315491690412
2921	0	0.0324400730562741
2922	0.0114030184460593	0.0266349916154276
2923	0.101676914477362	0.0236512017887088
2924	0.00955841252096143	0.0420525003224836
2925	0	0.0456071301922742
2926	0.0277808831749581	0.0405864986203164
2927	0.0779206260480716	0.00744630600415955
2928	0	0.012279322712875
2929	0	0.0234467288522452
2930	0	0.0292709924849388
2931	0.0259921743991056	0.0125153000530306
2932	0.00184460592509782	0.0274615952261873
2933	0.0419508105086641	0.0509096359472764
2934	0.0460871995528228	0.00526005697902955
2935	0.0567915036333147	0.0258428824296628
2936	0.0243432084963667	0.0501989604085747
2937	0	0.0285479078855267
2938	0.0236444941307993	0.0147846971673132
2939	0.0268865287870319	0.00742794443409312
2940	0.0262716601453326	0.0216506697851392
2941	0.00251537171604248	0.0129693766977533
2942	0.0410005589714925	0.0383396476409333
2943	0.04387926215763	0.0663925589037384
2944	0.030072666294019	0.0152233298138832
2945	0.0217998882057015	0.0355304950003105
2946	0.0895472330911124	0.0399588654311963
2947	0.0152319731693684	0.0262938082816507
2948	0.0728060368921185	0.0289373072065917
2949	0.0265790944661822	0.0160671598301678
2950	0	0.00648455841252096
2951	0.0593627724986026	0.0218707171397222
2952	0.0365567356064841	0.0380559752038232
2953	0.00612073784237004	0.0381631265138811
2954	0.0825321408608161	0.0367040161254806
2955	0.0407210732252655	0.0787556673498541
2956	0	0.027312785650873
2957	0.0235885969815539	0.023539483930764
2958	0	0.0237035260526037
2959	0	0.0207730664466271
2960	0	0.0468898013979065
2961	0.0679988820570151	0.0198369666480343
2962	0.0683901621017328	0.0485041819348695
2963	0.0446618222470654	0.0569410285075461
2964	0.0626607043040805	0.0357453862129454
2965	0	0.00471779294519137
2966	0.0102850754611515	0.0273469003080843
2967	0.0602012297372834	0.0396574458035974
2968	0.0355785354946898	0.00783119060927893
2969	0	0.0220654474399583
2970	0.0442984907769704	0.0434755011563038
2971	0.0194522079373952	0.0251694344771212
2972	0.046981553940749	0.0381001652611369
2973	0.0493292342090553	0.0347081832391363
2974	0	0.0188273064740365
2975	0.0514812744550028	0.0210974228472243
2976	0.0391280044717719	0.0167181934260568
2977	0.123420905533818	0.0274212240175751
2978	0.0276131917272219	0.0353043853854363
2979	0	0.0198958057525031
2980	0.0128563443264394	0.0441745687934201
2981	0	0.0404333645140561
2982	0	0.032026394241613
2983	0	0.0053326139163199
2984	0.0494410285075461	0.027831231710124
2985	0	0.0148201975032607
2986	0.00908328675237563	0.0134433702593289
2987	0.100055897149245	0.0407661014843799
2988	0.0780044717719396	0.0482405019924629
2989	0.0249301285634433	0.0307213183882008
2990	0.055030743432085	0.0493812615556607
2991	0.0447177193963108	0.0225994949434884
2992	0	0.00491619863894878
2993	0	0.0145482195113932
2994	0.0631358300726663	0.0583256940562698
2995	0.0128563443264394	0.0298426628337193
2996	0	0.00791724279956459
2997	0.0508105086640581	0.0523437009236339
2998	0.0119619899385131	0.0467396435004037
2999	0.0366685299049748	0.0130421025313423
3000	0.0243711570709894	0.00993351512496286
3001	0.086836221352711	0.0160903271314115
3002	0	0.0235758694198753
3003	0.0637227501397429	0.0517756544624558
3004	0	0.0379685443300456
3005	0.0958636109558413	0.034714797499873
3006	0	0.0354764037589638
3007	0	0.0494931758896963
3008	0.0159306875349357	0.0403969830646745
3009	0	0.0242359070063771
3010	0.0411403018446059	0.02368934668981
3011	0	0.0111300540339109
3012	0.0790385690329793	0.0493515656681902
3013	0	0.0175664510633767
3014	0.013527110117384	0.0535411863005403
3015	0.0406372275013974	0.0477183249487609
3016	0.0704583566238122	0.0641355410318518
3017	0.0135830072666294	0.0126979061230039
3018	0.0371716042481833	0.038699718443989
3019	0.0192006707657909	0.0535404404914565
3020	0.102235885969816	0.0312463297417809
3021	0.0350195640022359	0.0356552476776065
3022	0	0.0278735443450717
3023	0.107378423700391	0.0301518824410703
3024	0	0.00735039292407852
3025	0	0.0028947516443957
3026	0.0386249301285634	0.0383848484221132
3027	0.0144773616545556	0.048400223588597
3028	0	7.37014264124382e-05
3029	0.0432084963666853	0.012826765418297
3030	0.0711011738401342	0.0043928417326155
3031	0.0248183342649525	0.0101703226423741
3032	0.0738960313024036	0.0480280097121297
3033	0.093963107881498	0.00329869010013823
3034	0.0618222470653997	0.0386628114074025
3035	0.0819172722191168	0.0553842792007804
3036	0.040581330352152	0.0339903422147693
3037	0.0137227501397429	0.0220165307598724
3038	0.0475405254332029	0.0216849419290727
3039	0	0.0325672429396577
3040	0.0413638904415875	0.0635827390732366
3041	0.0146730016769145	0.032838907521272
3042	0	0.025430256661077
3043	0.0277249860257127	0.0324371286462539
3044	0.0475125768585802	0.0409406938147389
3045	0	0.00921127478380955
3046	0.0211570709893795	0.00952976523197317
3047	0.00899944102850755	0.0408859565066944
3048	0	0.055075997538267
3049	0.0568474007825601	0.0658661166901178
3050	0.0903856903297932	0.0409200021455471
3051	0.0256008943543879	0.00740506800819825
3052	0	0.0556121870892693
3053	0.00955841252096143	0.0187473172818804
3054	0	0.0162047616698999
3055	0	0.0454897288988262
3056	0	0.0135471536294786
3057	0.0488820570150922	0.00787273432388282
3058	0.0169927333705981	0.0346137896967255
3059	0.026690888764673	0.0220561338308683
3060	0.0534376746785914	0.0227287005584937
3061	0.108188932364449	0.027679945822763
3062	0.0926495248742314	0.0549119619899385
3063	0	0.00807271952939924
3064	0.0150363331470095	0.00549583804559301
3065	0.0303801006148686	0.0411630100614869
3066	0.13527110117384	0.0228813049030434
3067	0.0143096702068195	0.0679476202811218
3068	0.0195919508105087	0.018151873102511
3069	0	0.0047089526211941
3070	0	0.00324870625146505
3071	0.037199552822806	0.0608230596443285
3072	0.0188652878703186	0.0610673250108689
3073	0.0328954723309111	0.00941516151947084
3074	0.0283957518166574	0.0380056362958823
3075	0.012157629960872	0.0621466393727433
3076	0.0594745667970934	0.0412359209055338
3077	0.0257965343767468	0.00970901541164258
3078	0	0.0223416370019515
3079	0.0209614309670207	0.0117278559302735
3080	0.108999441028508	0.0561323132103596
3081	0	0.00284471103084854
3082	0.0752096143096702	0.00732895260599285
3083	0	0.00535635763528441
3084	0.101732811626607	0.0213964804759243
3085	0.0430967020681945	0.0166837592903132
3086	0	0.00960389247421109
3087	0.0742873113471213	0.0400854649666835
3088	0	0.0272675477122095
3089	0.0424259362772499	0.0263464176270273
3090	0	0.0547001977899127
3091	0.0554779206260481	0.0654382452953233
3092	0	0.0619793869135862
3093	0.0112353269983231	0.0528020516324038
3094	0.0275852431525992	0.0625717483751466
3095	0.0742593627724986	0.053823604970894
3096	0.0280044717719396	0.0288122814805072
3097	0.052655114589156	0.0362420579467114
3098	0.0529066517607602	0.0502099539624868
3099	0.00377305757406372	0.0269347083185121
3100	0	0.0172015713309732
3101	0.0400782560089436	0.0530351056017712
3102	0.0471771939631079	0.00805768053448322
3103	0.0744550027948575	0.0337726668950636
3104	0.0287590832867524	0.00797552863092271
3105	0.0156791503633315	0.0131980682426057
3106	0.0132476243711571	0.0585779714874181
3107	0.0422582448295137	0.0300224209676418
3108	0	0.00463670903508559
3109	0.109949692565679	0.056087487258738
3110	0	0.0206004893025818
3111	0	0.0457147362741445
3112	0.036836221352711	0.0153896367720431
3113	0	0.00899623682323515
3114	0	0.0132635844782442
3115	0.0844885410844047	0.0499913132808605
3116	0	0.00964884033667906
3117	0	0.0126323481460779
3118	0	0.0339878423700391
3119	0.0168250419228619	0.0431537171604248
3120	0.0286752375628843	0.0206685531954537
3121	0.0197596422582448	0.0406554665341697
3122	0.0215483510340973	0.0399335142037837
3123	0.0222191168250419	0.0188516990805883
3124	0	0.0110722121296814
3125	0.0217160424818334	0.0209259407135315
3126	0.0417831190609279	0.0543492252034035
3127	0.0633873672442706	0.0128366109389027
3128	0.0707378423700391	0.0327857666624594
3129	0.0506987143655674	0.0429426355505869
3130	0.0791783119060928	0.0441825441188214
3131	0.0364449413079933	0.00340983359848648
3132	0.0756288429290106	0.0412727013667401
3133	0.0448574622694243	0.046385798517824
3134	0	0.0282241656832909
3135	0.0803242034656233	0.020426965602803
3136	0	0.00975540339109372
3137	0	0.014286181758897
3138	0.0155953046394634	0.0436759261509547
3139	0.10508664058133	0.0197178910103655
3140	0	0.0261798050845703
3141	0.0751257685858021	0.0461355872870686
3142	0	0.0137286335172269
3143	0	0.0614880675113347
3144	0.0763834544438234	0.0313113520245555
3145	0	0.0334202933269451
3146	0.0463107881498044	0.0227040656955907
3147	0.0131358300726663	0.0441808370843262
3148	0.0321967579653438	0.0236206661793582
3149	0	0.0103098685515426
3150	0.073309111235327	0.0754787447506844
3151	0.0299049748462828	0.0361884782001118
3152	0.0856064840693125	0.0502890658965282
3153	0	0.0116723647093998
3154	0	0.0122471634648387
3155	0.0562325321408608	0.0288627924618702
3156	0	0.0153755405842723
3157	0.0530463946338737	0.0275685243656177
3158	0	0.0412714338949666
3159	0	0.00876962869801048
3160	0.103912800447177	0.0266314074695154
3161	0.0261878144214645	0.0182900629508371
3162	0	0.0254553288615614
3163	0	0.0197091654386232
3164	0.0164896590273896	0.0258454573214914
3165	0.0399944102850755	0.0382969710732253
3166	0.0419508105086641	0.0358900290132822
3167	0.0408049189491336	0.0410074076312198
3168	0	0.0240480016769145
3169	0.0475964225824483	0.0444567924842851
3170	0	0.0595300306351043
3171	0.00514253773057574	0.0129509036705795
3172	0.0764393515930688	0.0527772602115811
3173	0.00894354387926216	0.0395529159679523
3174	0.0372554499720514	0.0232721689527167
3175	0	0.00403786280555606
3176	0.0325880380100615	0.0120034743914335
3177	0.0447177193963108	0.02369855627262
3178	0.0589155953046395	0.0496599212404132
3179	0	0.0216096364670987
3180	0	0.0167633084536218
3181	0.0169368362213527	0.0321080545130294
3182	0.112437115707099	0.0476789460081622
3183	0	0.012154197679778
3184	0.0588038010061487	0.0661749425501522
3185	0	0.0166896172304222
3186	0.00335382895472331	0.011481285545707
3187	0	0.0448833587640184
3188	0.045975405254332	0.0445859916604023
3189	0.032084963666853	0.0296152812158961
3190	0.0313862493012856	0.0495338798832371
3191	0.0498602571268865	0.0541506221145685
3192	0.0436556735606484	0.0571624113591775
3193	0.0467020681945221	0.0125239612446432
3194	0.00762996087199553	0.0105506241848332
3195	0.0241475684740078	0.0295705119247252
3196	0.105673560648407	0.015939930177596
3197	0.00301844605925098	0.0193268248491741
3198	0.0743432084963667	0.0341826934274269
3199	0.0291224147568474	0.0159117756661077
3200	0.0441028507546115	0.0141237772498603
3201	0	0.0184564577647716
3202	0	0.0263318358418042
3203	0.0596422582448295	0.0487134762945272
3204	0.0072945779765232	0.0128932866090496
3205	0.0310229178311906	0.0329194085912225
3206	0	0.0143959079258129
3207	0.0188932364449413	0.035188760373221
3208	0	0.0232136319172722
3209	0.0337898267188373	0.0335817429263489
3210	0.0345444382336501	0.0399637172107826
3211	0.0455002794857462	0.0120137272999077
3212	0.0686416992733371	0.0511705426926735
3213	0	0.0153187370532338
3214	0.0180827277808832	0.0457834576249619
3215	0	0.00736148734192334
3216	0.027333705980995	0.0134287613493874
3217	0.0266070430408049	0.0267153848683129
3218	0.0163499161542761	0.0522156585418184
3219	0.0407490217998882	0.033341479320327
3220	0	0.0367157363783971
3221	0.0400782560089436	0.00898795105894044
3222	0.0419787590832868	0.0351217115346472
3223	0.0552543320290665	0.0508776917139131
3224	0.0296813862493013	0.0366509714717512
3225	0.0216321967579653	0.0273133580553245
3226	0.0413638904415875	0.0339882745378134
3227	0	0.0160464582566452
3228	0.0341531581889324	0.0368297000186324
3229	0.0686137506987144	0.0291946152412894
3230	0.0360816098378983	0.0212165057735209
3231	0.0686416992733371	0.0561478299284156
3232	0.0863331470095025	0.0432008396217626
3233	0.153046394633874	0.0061289449634894
3234	0.0204024594745668	0.0176429936293107
3235	0	0.0153434819716668
3236	0.018278367803242	0.018800062585697
3237	0.0302124091671325	0.021050386039687
3238	0	0.0388251153231589
3239	0	0.0177818488777398
3240	0	0.00707472997159973
3241	0.0521799888205702	0.0306075260117874
3242	0.0274175517048631	0.0478971267580296
3243	0	0.0289138395608491
3244	0.0646450531022918	0.0470781676245623
3245	0.063163778647289	0.0325717497009803
3246	0.0144494130799329	0.0417406702849553
3247	0.0266349916154276	0.0324535188586335
3248	0	0.0238302251130647
3249	0.0561486864169927	0.0162514049417888
3250	0.0521520402459475	0.0304620313438089
3251	0.0285075461151481	0.018886308766338
3252	0.0513974287311347	0.0559273714143753
3253	0	0.0133034227123104
3254	0.0401900503074343	0.0105887833053848
3255	0	0.0187585545299352
3256	0.0324203465623253	0.0186919290727284
3257	0.0367803242034656	0.0309228643228084
3258	0	0.0197508953895203
3259	0.144270542202348	0.0553792078131793
3260	0.0476802683063164	0.0226143251971927
3261	0.0683622135271101	0.0380811923344996
3262	0	0.0285953512204211
3263	0.084097261039687	0.0636746214921534
3264	0.0595584125209614	0.022354667411962
3265	0	0.0577337000731662
3266	0	0.0182387739891932
3267	0	0.00523836511189781
3268	0	0.00941142372109393
3269	0	0.0210437811969835
3270	0	0.0121247355845636
3271	0.037842370039128	0.0227637348828543
3272	0.0158188932364449	0.0543601258532785
3273	0	0.0171127072852618
3274	0	0.00248491231418742
3275	0	0.00540307554529773
3276	0.0376467300167691	0.0400197233581438
3277	0.0551704863051984	0.0169059668947875
3278	0	0.0226416551440087
3279	0.0846003353828955	0.0071225813190598
3280	0	0.0354293211601764
3281	0.0421464505310229	0.0281109092602944
3282	0	0.0271085522638346
3283	0.0578535494689771	0.0157144405019402
3284	0.0363051984348798	0.0218774384425586
3285	0	0.0116174106311054
3286	0.0164337618781442	0.00551614706359653
3287	0.0755449972051425	0.0330709131561563
3288	0.0431805477920626	0.0565338643562512
3289	0.00287870318613751	0.0604599746991851
3290	0.00648406931246506	0.0415746360030876
3291	0.0698155394074902	0.0200381549800219
3292	0.0451089994410285	0.031269067138687
3293	0.000782560089435439	0.0088915624417738
3294	0	0.00808380357919207
3295	0	0.0297590599962735
3296	0	0.025502407102463
3297	0	0.0141274539695445
3298	0.0451089994410285	0.0308700324735819
3299	0.0141140301844606	0.0814105204318791
3300	0.0664058133035215	0.0547416697720639
3301	0	0.00548583938885784
3302	0	0.00458800695608969
3303	0.0754332029066518	0.0395920417001823
3304	0.0255729457797652	0.00537357928079001
3305	0.0130799329234209	0.0216033404518592
3306	0.0458356623812186	0.0501128323884053
3307	0.0495807713806596	0.0174654797335066
3308	0	0.0203501180050929
3309	0.0405254332029067	0.0742007872181852
3310	0	0.0156290635756524
3311	0.0897987702627166	0.0549132490953488
3312	0.035830072666294	0.0350312211854973
3313	0.0350475125768586	0.00610738463449475
3314	0.0352711011738401	0.0221140715897563
3315	0.0358859698155394	0.0285142368345275
3316	0.0152319731693684	0.00117820403440126
3317	0	0.0369434972983045
3318	0	0.0175699964098579
3319	0.0675796534376747	0.013205080429787
3320	0	0.0357115241289361
3321	0.0606763555058692	0.058193085833178
3322	0	0.0437274747797386
3323	0.0691168250419229	0.0433350568287684
3324	0.0681665735047513	0.00990987878599673
3325	0.0576299608719955	0.0680603811793318
3326	0.0570150922302963	0.036840447722532
3327	0.0440469536053661	0.06024970569304
3328	0.0525992174399106	0.0526778875018115
3329	0.035830072666294	0.034163665986368
3330	0.0591112353269983	0.0548924592784364
3331	0.0700391280044718	0.0595479384599005
3332	0	0.00651816213722307
3333	0	0.0457878681520576
3334	0.0407490217998882	0.063627153993641
3335	0	0.0156150083845724
3336	0.0604807154835103	0.0660475579634327
3337	0.0158468418110676	0.0395775943204674
3338	0.0463666852990498	0.0387867057946711
3339	0	0.0536013069285847
3340	0	0.0294476969393859
3341	0.0410844046953605	0.0223103080076249
3342	0	0.041353067219062
3343	0.0422861934041364	0.0630013042668157
3344	0.028703186137507	0.0345691383993802
3345	0	0.00532846000141349
3346	0.0775013974287311	0.0853382267855217
3347	0	0.0161652097178229
3348	0.020570150922303	0.0418214957596302
3349	0	0.0163024682731921
3350	0.0591950810508664	0.0272172168122934
3351	0.0801844605925098	0.0243222881662447
3352	0.0509782001117943	0.0325690234242498
3353	0.0620737842370039	0.0315068779193411
3354	0	0.0156165248535288
3355	0.0495528228060369	0.00783869109410114
3356	0	0.00841379135118655
3357	0.0203745108999441	0.0338717969462505
3358	0.00992174399105646	0.0602380286938699
3359	0.00343767467859139	0.0250978054546302
3360	0.0279206260480715	0.0125807109513091
3361	0.00799329234209055	0.0311979823790891
3362	0.0298770262716602	0.0358991988075275
3363	0	0.047630162303164
3364	0.0129681386249301	0.048060524191044
3365	0	0.0106098778248024
3366	0.037479038569033	0.0152961750379302
3367	0	0.0248084686569874
3368	0.0563163778647289	0.0174659027389603
3369	0	0.0272536595164897
3370	0.0602850754611515	0.00274382145399474
3371	0.0404695360536613	0.0221691452069278
3372	0	0.0373979552042846
3373	0.0679429849077697	0.052758200836387
3374	0.0528507546115148	0.0406100846514485
3375	0.00503074343208496	0.0460414149792339
3376	0.0401900503074343	0.043232337347765
3377	0.0343208496366685	0.0240665497324004
3378	0	0.0152722358381945
3379	0.0410285075461151	0.0160329844937167
3380	0	0.0161150594018118
3381	0	0.0353698877398919
3382	0	0.018784139508885
3383	0	0.0501400689398174
3384	0.0368921185019564	0.0407497572886941
3385	0	0.022576032143866
3386	0	0.0335357275945594
3387	0	0.026114915222657
3388	0.0420905533817775	0.0429044424924805
3389	0.00670765790944662	0.0148887413825228
3390	0.0179709334823924	0.0130361080057139
3391	0.00598099496925657	0.020167702280517
3392	0.033733929569592	0.0468369598313088
3393	0.0207657909446618	0.0383658934227688
3394	0.0652599217439911	0.0268591081299298
3395	0.0103968697596423	0.0150684285629888
3396	0.0603130240357742	0.04031939980436
3397	0.0347959754052543	0.0573610599050938
3398	0	0.0305398215431754
3399	0.0455841252096143	0.00209699708092665
3400	0	0.017980475521001
3401	0.0702627166014533	0.00276023729241422
3402	0	0.0334495140053413
3403	0.0677473448854109	0.0461766660455873
3404	0	0.0259639152847649
3405	0.0423141419787591	0.0365341817567304
3406	0.00927892677473449	0.0342064528803234
3407	0	0.0063086394153038
3408	0.0391000558971492	0.0164727834118555
3409	0	0.00410868631347949
3410	0.0921185019564002	0.0440042721392638
3411	0	0.00728581077484096
3412	0.131218557853549	0.0377099157158671
3413	0.0366126327557295	0.0309617773382446
3414	0	0.0192464564388517
3415	0	0.0032831811688715
3416	0	0.00945297831477261
3417	0	0.0194672213383784
3418	0.0446897708216881	0.0406645969614108
3419	0.0246226942425936	0.0294464851340201
3420	0.03381777529346	0.0233160091814041
3421	0	0.0251371809204397
3422	0.0160983789826719	0.0325548657137534
3423	0.0224427054220235	0.0193631279848587
3424	0.00301844605925098	0.0168424049748463
3425	0.018921185019564	0.0639108207564748
3426	0.0981274455002795	0.0454836704630147
3427	0	0.00692039765111764
3428	0.00391280044717719	0.0182716060513172
3429	0.0048630519843488	0.00326613345170377
3430	0	0.00966825888849366
