index	observed	oob_prediction
1	0.0032769118	0.0160759805919259
2	0.21748307	0.261354389986202
3	0.5160499	0.637956276931481
4	0.25634912	0.2412776591625
5	0.024299977	0.0215799394711742
6	0.1564231	0.0179948011497727
7	0.25323686	0.309523508479902
8	0.10011384	0.193089968344048
9	0.15819675	0.258013652676754
10	0.012885338	0.0774949468555556
11	0.30212015	0.160746499274359
12	0.010561344	0.0687305001447222
13	0.080109954	0.0957849266927778
14	0.10069371	0.0764015195331019
15	0.1457987	0.11831853596131
16	0.26334262	0.365825535063131
17	0.07422519	0.0214364854206373
18	0.34559482	0.26187542775991
19	0.0060312063	0.0295211726872973
20	0.038627233	0.44471961455
21	0.027837599	0.0866426462912037
22	0.63437784	0.423940814880093
23	0.028485345	0.327648616835897
24	0.06408549	0.353155782274561
25	0.018320154	0.0683759188510753
26	0.02378835	0.0876820124680953
27	0.05761926	0.0175497106814352
28	0.0871179	0.0266395040930631
29	0.09323155	0.180719891568153
30	0.40800038	0.397938499804264
31	0.0328719	0.0629987356723016
32	0.0045788772	0.0219084078688462
33	0.22028227	0.291863292758915
34	0.03560095	0.432931202274444
35	0.28701624	0.215905552259259
36	0.4285337	0.25153699935122
37	0.008722642	0.0158336328482407
38	1.3932382	0.822845508068469
39	0.7826103	0.159880645416667
40	0.0069070584	0.0267781819945614
41	0.015752876	0.202182333356239
42	0.17384368	0.401315236254762
43	0.0073195877	0.0573292041955556
44	0.29329318	0.297821128421795
45	0.0820043	0.114675937958095
46	0.02025257	0.0187248995272396
47	0.5450765	0.391618435384259
48	0.008680121	0.0124170428337963
49	0.06467317	0.434780562725
50	0.0041185245	0.0144127038529048
51	0.6131059	0.85517861318217
52	0.045240365	0.0763601780113821
53	0.64126605	0.406634175110606
54	0.6747127	0.562787469027027
55	0.5664196	0.7976191064125
56	0.16252741	0.414852355732323
57	0.043299817	0.0826399922416667
58	0.04005761	0.219204097273333
59	0.34287724	0.42526386049963
60	0.011421096	0.0628474045261363
61	0.060602274	0.205265911964583
62	0.011954969	0.0449520253557471
63	0.08829388	0.258162190262255
64	0.022114558	0.0130363983179268
65	0.021688396	0.0102160476362222
66	0.11510264	0.390711395264167
67	0.9137833	0.787941118670732
68	0.2767485	0.0565078872594595
69	0.3345035	0.385620706868229
70	0.013907593	0.171228402650538
71	0.20921001	0.535585285123864
72	0.013445213	0.138779676260741
73	0.2352315	0.167107921588889
74	0.01182405	0.0234749129212821
75	1.3104982	0.306976047676364
76	0.32325602	0.232036273955238
77	0.01987201	0.0349155865722222
78	0.08990931	0.0881504189731482
79	2.7793622	0.249939619991026
80	0.4054474	0.492712327608696
81	0.010661298	0.105794502722917
82	0.43747708	0.703152044743056
83	0.015133196	0.0413624976071622
84	0.12307274	0.0744416729850758
85	0.21890475	0.183057590371545
86	0.19600406	0.0635923940385965
87	0.04928398	0.0790653539740196
88	0.005781319	0.0131532311310526
89	0.40801722	0.46994766376875
90	0.004131112	0.019625768779693
91	0.036926612	0.173053249718919
92	0.006375343	0.012940758067125
93	0.042675387	0.0718542123921297
94	0.005826693	0.017766903152907
95	0.010783433	0.0261551131455238
96	0.2918957	0.463236252882381
97	0.12121939	0.11852488723718
98	0.0078546675	0.0409922398774194
99	0.08665136	0.443309673575
100	0.4940036	0.490748887268468
101	0.56174535	0.44356922300641
102	0.043501426	0.193347256900901
103	0.057014562	0.269929354515591
104	0.008398535	0.0324457497042342
105	0.09864663	0.170061273403333
106	0.007191014	0.271978565323158
107	0.28239202	0.372940173443411
108	0.014374929	0.242393531577315
109	0.29376256	1.16400895581395
110	0.035851132	0.0449086427481771
111	0.026393516	0.0118296454362195
112	0.18001804	0.145521198272963
113	0.07126081	0.21184556934375
114	0.004687493	0.0274673484167172
115	0.038409755	0.183479704624074
116	0.01733996	0.0839429701888889
117	0.18566898	0.207781757168919
118	0.22033784	0.273927273059211
119	1.079189	0.282637656697619
120	0.0019594256	0.0130224192943103
121	0.948947	0.604742401037634
122	0.06646689	0.0535407037900926
123	0.08764864	0.301814781806373
124	0.15552266	0.0619954914177928
125	0.11327845	0.118038003100625
126	1.2456541	0.557715968058511
127	0.347302	0.308251730192342
128	0.022342633	0.0565708672349537
129	0.19159366	0.396378039107619
130	0.039991666	0.0200351337893056
131	0.0071177864	0.0170551088724537
132	0.0065085767	0.0136530326625225
133	0.008400453	0.0142299305586937
134	0.03238055	0.170899378115238
135	0.003674586	0.0154271470844253
136	0.04296501	0.154139558137838
137	0.060549915	0.0634756543204839
138	0.0048396294	0.0142124551771852
139	0.0031818934	0.0253634524550877
140	0.021020833	0.0854657105125
141	0.72959745	0.693808238333333
142	0.060875032	0.139314964190853
143	0.2419142	0.178911990852137
144	0.5574098	0.404125175927778
145	0.84053326	0.49500175207197
146	0.15499789	0.319416693364167
147	0.19216539	0.354869660782407
148	0.19053608	0.0964072183171795
149	0.009424395	0.0174945651641667
150	0.0027857074	0.0163759331050538
151	0.02954128	0.128796007868106
152	2.516563	0.485711394279798
153	1.5889535	0.697809312631313
154	0.80988324	0.559358547388889
155	0.115409076	0.208874022074123
156	0.016194863	0.0655232915765657
157	0.07941616	0.649063720069767
158	0.003154701	0.0172203825635
159	0.065041006	0.0927497480745834
160	0.05613533	0.191553847822072
161	0.049902182	0.197414202097222
162	0.02311633	0.126788417367
163	0.035785224	0.0179407889829412
164	0.017166438	0.0262073239926241
165	0.045413304	0.394856122320417
166	0.3004249	0.100964397005128
167	0.3547208	0.379041607943137
168	0.40622765	0.27914179936783
169	0.084753945	0.393598407333854
170	0.024615949	0.0130337240713235
171	0.3998111	0.6573652323
172	0.013089445	0.127085702462937
173	0.0051467153	0.0267107997593981
174	0.13260235	0.085677684008018
175	0.0054676454	0.0123596974186822
176	0.038569693	0.0897302249287879
177	0.09338002	0.243170415344841
178	0.2732658	0.447328782153153
179	0.0067945533	0.014387112713547
180	0.47925037	0.192698645324479
181	0.011036252	0.0628284006847619
182	0.04181245	0.111446970237157
183	0.045422595	0.247102080362602
184	0.22230017	0.0775224662061111
185	0.010319187	0.0162211928031313
186	0.5159101	0.867668271901042
187	0.35781562	0.434860379589024
188	0.03709942	0.0335177644903333
189	0.007263951	0.0122239152029915
190	0.3895103	0.141779152993293
191	0.091925964	0.400428146999074
192	0.005718793	0.117541481261068
193	0.169001	0.383676378673656
194	0.0031223516	0.0152635043691398
195	0.011992178	0.060708595775
196	2.8692722	0.846922627384921
197	0.40326986	0.378219278237838
198	0.03760754	0.0934963878018817
199	0.0025753549	0.0156162515279762
200	0.04353725	0.324261788894792
201	0.060646094	0.290824782994118
202	0.17173146	0.097370026054054
203	1.1966213	0.438171251011429
204	0.022040192	0.333722063929889
205	0.35123667	0.520876108622807
206	0.0043234047	0.0308823753182353
207	1.5940928	0.428226484201453
208	0.3485126	0.28664028958908
209	0.008524458	0.0716459237068889
210	0.006385904	0.0156980920798684
211	0.03694695	0.0157953256822857
212	0.01572686	0.075356691201982
213	0.0673926	0.15904519020125
214	0.015337218	0.0835780693965517
215	0.00728471	0.0173272668166667
216	0.36147448	0.48327546685
217	0.24794322	0.117638049533333
218	0.0051849033	0.079186895940463
219	0.06558338	0.0820214004919118
220	0.014328625	0.143889624425362
221	0.13062172	0.345020544762719
222	0.004316928	0.0312841450947685
223	0.009701383	0.0409183299302252
224	0.3276915	0.191032622137097
225	0.012162552	0.0197124717648039
226	0.09923452	0.172991452450439
227	0.0019760227	0.00786658998475309
228	0.04186157	0.307422022171429
229	0.043504726	0.0826556728096124
230	0.021194782	0.0305223698205856
231	0.13151047	0.705910575197619
232	0.029401204	0.063979329870122
233	0.0043533896	0.0183167412102604
234	0.02389056	0.0749746524484375
235	0.36444387	0.948433705383838
236	0.34351155	0.246284887980833
237	0.0077559804	0.121061243081477
238	0.060252458	0.107169765148932
239	0.008118538	0.0226614023655093
240	0.23263568	0.496114172785714
241	1.2281263	1.04768259758824
242	0.19079694	0.0808517108268919
243	0.018598657	0.102929779291379
244	0.040346064	0.395279930301626
245	0.0031336038	0.00956522331273148
246	0.04952616	0.157926179908333
247	0.01991189	0.00845043496337302
248	0.004176951	0.017125815445875
249	0.010598869	0.203599614450926
250	0.06461606	0.285244136080882
251	0.021019686	0.0167196757071491
252	0.27813	0.479188437037037
253	0.13818878	0.466462055486842
254	0.07083401	0.490405209511494
255	0.25717843	0.238858844394298
256	0.2828945	0.471212421766667
257	0.20128688	0.145838972968788
258	0.092279695	0.123162143169444
259	0.055075962	0.552081561791667
260	1.1528988	0.143389373520428
261	0.003913534	0.156344183366061
262	0.0197907	0.420985135638667
263	0.020341855	0.26737241475625
264	0.0062684105	0.0311012586303333
265	0.43968087	0.770923757008547
266	0.0055172513	0.0192386692313063
267	0.016150773	0.142041273864634
268	0.010852567	0.337835922102083
269	0.37185133	0.280548040689015
270	0.082087345	0.0344155658345185
271	0.09474517	0.0826356124039216
272	0.044716153	0.143653169289259
273	0.4558615	0.364447246259459
274	0.29488662	0.40484239670787
275	0.0060380385	0.0333150898471354
276	0.2348308	0.555731968551724
277	0.07470389	0.249078480457843
278	0.0043762373	0.0210379745839815
279	0.0067742085	0.025054224246553
280	0.058549125	0.030033157145
281	0.2786038	0.389642148928947
282	0.03458251	0.181516021358333
283	0.49909902	0.315564300971085
284	0.015430197	0.0189598000877778
285	0.5766877	0.522349017081081
286	0.011745389	0.148785691168167
287	0.7273169	0.262959138982407
288	0.0038185427	0.0147611152977619
289	0.0052981535	0.00665275127277778
290	0.5714077	0.290919078515652
291	0.019774126	0.0377559441531429
292	0.0034425377	0.0163340598589744
293	0.030566927	0.0370033222608108
294	0.21156898	0.247523361340476
295	0.061260276	0.553213727853922
296	0.61556894	0.190696065565054
297	0.24188891	0.280578485265556
298	0.18156102	0.166646755711111
299	0.083159074	0.0254936930298291
300	0.6942538	0.213781365516667
301	0.079566	0.0233203030642917
302	0.022256937	0.149690680493519
303	0.04872625	0.0837335955772727
304	1.1820251	0.381780700530952
305	0.84978527	0.627787409629167
306	0.011271335	0.0436540586024786
307	2.3328903	0.791190731479167
308	0.28932008	0.277736918949074
309	0.03496978	0.49034410442561
310	0.01186204	0.0792693883499145
311	0.025942747	0.0194863681106019
312	0.037556503	0.104563146164286
313	0.15057912	0.634401500121138
314	0.03873907	0.0780933254025641
315	0.91537666	0.33021812245
316	0.013315281	0.131844802405583
317	0.012717904	0.0715232592520833
318	0.2141698	0.400186540896748
319	0.024700586	0.0642862570490476
320	0.13904838	0.120773277194278
321	0.0032643464	0.0146508032052917
322	0.12501244	0.188642799314323
323	0.0037877557	0.0100041343821667
324	0.0044010333	0.0141205890911667
325	0.015130224	0.0646990776431708
326	0.035759002	0.178709598673252
327	0.010931275	0.0560112570281746
328	0.04638272	0.142657374429279
329	1.9393924	0.78505462954386
330	0.040758885	0.0137316708491441
331	0.25809038	0.168925446575614
332	1.1163102	0.710625222383333
333	1.1504318	0.47901265788018
334	0.008971291	0.100243815396847
335	0.076648876	0.71363221686036
336	0.01947249	0.137157147823611
337	0.043665655	0.0411121328587963
338	0.017194707	0.0549685380462963
339	0.599241	0.516259313316667
340	0.14297499	0.168057844453704
341	0.020723356	0.0387644018738095
342	0.26348326	0.338632387485366
343	0.050731026	0.13122077423374
344	1.808553	0.858353882775362
345	0.41249532	0.235564264612903
346	0.023150068	0.0304967798963979
347	0.05232097	0.0209286470836364
348	0.005744626	0.0203443008030247
349	0.010557478	0.0354665137601563
350	0.70409846	0.189968337191919
351	0.015588214	0.119469133143708
352	0.59073114	0.352488939037805
353	0.023416352	0.15101800970625
354	0.07570361	0.268568941479167
355	0.49503016	0.626695862150406
356	0.061371945	0.117935021191379
357	0.49592164	0.125910590284259
358	0.19269082	0.540690799392754
359	0.121463254	0.0888205290772728
360	0.06943238	0.246407726929032
361	0.063782096	0.0851712611573171
362	0.16936153	0.395398240311966
363	0.47402686	0.273702393281771
364	0.0084211705	0.104562185798288
365	0.010204622	0.0965596120103604
366	0.012524399	0.0121480950666667
367	0.014453412	0.0338725501738889
368	0.015681166	0.205910149807037
369	0.009144324	0.0133091409078333
370	0.12863341	0.069731411181746
371	0.05688427	0.183038942834773
372	0.31486687	0.352295665282796
373	0.0341735	0.0198204340966162
374	0.046999723	0.140969187853333
375	0.025835544	0.0472407664788889
376	0.12180966	0.150635848540897
377	0.5082838	0.469517858974806
378	0.705607	0.664203704914352
379	0.012536217	0.0526103888716667
380	0.68240035	0.512771541414286
381	0.079001464	0.0892255685332479
382	0.0029133046	0.0175203969887374
383	0.21303536	0.500182677440476
384	0.024178345	0.0393973086844907
385	0.013476367	0.0259450853301482
386	0.7970279	0.076283552152957
387	0.11600054	0.09964922441325
388	0.08459573	0.09288104135
389	0.25193393	0.255421210506061
390	0.082190864	0.113499231096061
391	0.6594496	0.397115902810507
392	0.010889699	0.0637424580082955
393	0.16646348	0.234285339165385
394	0.20206839	0.427311173241228
395	0.72397596	0.668556698989247
396	0.021945333	0.0288733356496847
397	0.39811122	0.431110503914414
398	1.1698927	0.861594724349206
399	0.004209623	0.00989822946078948
400	0.13109271	0.0970916360764762
401	0.10563792	0.191576207095797
402	0.2559762	0.505759379358974
403	0.1078503	0.367649165730952
404	0.07388639	0.177008366059756
405	0.64453155	0.599050963840686
406	0.52434844	0.969147667671428
407	0.014472458	0.0560220125593137
408	0.22564049	0.300326767537143
409	0.30740163	0.359908757621622
410	0.07445564	0.236453314652451
411	0.37781057	0.617675486539682
412	0.009982295	0.0949626473092592
413	0.03991491	0.120705712765
414	0.11819369	0.291195249289247
415	0.23457712	0.255699661069697
416	0.022255568	0.289635375519106
417	0.012662325	0.0442612243449276
418	0.037407253	0.0186158105335898
419	0.006220646	0.119299375664211
420	0.30726215	0.403534715022523
421	0.007009386	0.360892668049658
422	0.014800156	0.0403122598447279
423	0.80116963	0.327770700702083
424	0.47482413	0.446420765972619
425	0.050684985	0.221815063864524
426	0.01696451	0.353623300708333
427	0.012117861	0.108168525938965
428	0.055911925	0.108327929563226
429	0.06755103	0.0256795161729762
430	0.56098455	0.231942728243421
431	0.011316807	0.0329136932872093
432	0.03911634	0.0363401830145529
433	0.014941521	0.0648330707450417
434	2.5741432	0.55029161386036
435	0.17750324	0.105886206501984
436	0.0061036963	0.0349729666010294
437	0.0050124214	0.0706230665087838
438	0.036239408	0.0865576577198198
439	0.042671207	0.0771626082675676
440	0.4934963	0.496252902513889
441	0.031894393	0.0289951102328431
442	0.029402627	0.179434124085938
443	0.0073487437	0.0335506937269608
444	0.09634761	0.166201271119091
445	0.00893499	0.0331316863459167
446	0.70321697	0.295821763626357
447	0.44106033	0.276223528365766
448	0.28808796	0.163857122675417
449	0.0055288984	0.096467095281129
450	0.5625486	0.319487492252703
451	0.0028478722	0.0161848526052381
452	0.0713038	0.193084955977143
453	0.10908872	0.0568391646703125
454	0.007439041	0.0265050516384815
455	0.13057117	0.0534556262353175
456	0.13503863	0.116164176933232
457	0.22033586	0.535355199700833
458	0.060793884	0.156618380104815
459	0.059824523	0.05380118425
460	0.0043831063	0.02597620301
461	0.014019955	0.286821969935632
462	0.002928614	0.015468769693018
463	0.0044053462	0.0124013335451429
464	0.019623801	0.044368916852094
465	1.1653974	0.683032282131783
466	0.012593545	0.0958798161222222
467	0.097191244	0.11362650222402
468	0.4218154	0.0305156192114035
469	0.009504228	0.0164632025473529
470	0.7658004	0.41847843482963
471	0.01062719	0.0664494118766026
472	0.42582905	0.705054913092105
473	0.028559357	0.0433757401824713
474	0.0171191	0.322762370432237
475	0.020468757	0.162828067393981
476	1.0089841	0.0881049113022358
477	0.007935867	0.0760971560346667
478	0.03179753	0.0817224973662393
479	0.122441985	0.333707100348333
480	0.16165772	0.363267425090278
481	0.015259961	0.0118472658557619
482	0.017592493	0.122446314960976
483	0.010003948	0.126507290553088
484	0.49017107	0.5297832055375
485	0.10022651	0.0759880755433908
486	0.40870738	0.378491418994047
487	0.0069468813	0.0106502507168468
488	0.91290164	0.584244482022727
489	0.12659802	0.0953505252449074
490	0.0034510326	0.0255232439650617
491	1.4373999	0.756574882448718
492	0.0036482771	0.0372442185416667
493	0.035942703	0.299311080543243
494	0.01716728	0.146131946121
495	0.18956286	0.604689839238426
496	0.36254865	0.447785691766239
497	0.07454218	0.194846233539912
498	0.09233585	0.155001638219737
499	0.030201938	0.297333558952162
500	0.2551382	0.225697195081061
501	0.5104293	0.615875888643518
502	0.448734	0.637918854925439
503	0.17803952	0.180143122396491
504	0.017845424	0.0426726064929279
505	0.3156015	0.702849598954546
506	0.03173792	0.0632551870425926
507	0.2434934	0.440574736719444
508	0.009490204	0.139500133430285
509	0.023649685	0.112297544212644
510	0.0041612154	0.00940778385653153
511	0.029080685	0.207842331673597
512	0.16976163	0.112428717085772
513	0.3398631	0.227863303106863
514	0.018508306	0.0576848249815116
515	0.67289615	0.672015408879167
516	0.060708106	0.228338521425439
517	0.020423746	0.0460603952264352
518	0.15944962	0.109972225287607
519	0.3753145	0.880440392194444
520	0.059905488	0.0948489172357143
521	0.17763563	0.192122605235833
522	0.024977999	0.0556392549517886
523	0.00894428	0.017595475291
524	0.17418128	0.41148058402381
525	0.046510383	0.116828425084409
526	0.3238617	0.120676958999861
527	0.01878935	0.0178401388476016
528	0.06864011	0.107625041736765
529	0.72696584	0.371636756183908
530	1.245436	0.354806312727083
531	0.24123374	0.4302540419375
532	0.034447014	0.0324332302924114
533	0.00764027	0.0794628595075463
534	0.40977865	0.647404183096491
535	1.3347698	0.431799403665151
536	0.5940032	0.377578517472727
537	0.27090907	0.46068080756982
538	0.03009025	0.16303745784386
539	0.24233255	0.251513710221171
540	0.08374573	0.426709500060417
541	0.3747876	0.915481757623932
542	0.0679489	0.344466845032456
543	0.008144417	0.0741893624731481
544	0.09463823	0.19298500489127
545	0.013346792	0.011776411327
546	0.4725458	0.166741999020625
547	0.5408905	0.563999469428571
548	0.010280605	0.0994560501484375
549	0.48069957	0.302544396210784
550	0.015620793	0.0358146707126786
551	0.012186925	0.0722237083613889
552	0.40561342	0.101790047747985
553	0.0063787056	0.0183871407160256
554	0.78475225	0.567996819813131
555	0.007294265	0.139901129889583
556	0.03149657	0.113302453448889
557	0.15968448	0.158085412522151
558	0.06463149	0.349070584996465
559	0.009268051	0.057085891135119
560	0.01986829	0.0210527780429048
561	0.048779014	0.195237066662381
562	0.6160159	0.697429561593137
563	0.21296202	0.514423517994048
564	0.31943992	0.267607086647059
565	0.0153137455	0.0320268932649123
566	0.12754665	0.36518898262381
567	0.32644364	0.113148600565447
568	0.20049004	0.119885519598246
569	0.049907237	0.338603680331624
570	0.020563751	0.0638005038015151
571	0.031159762	0.0139771796410163
572	0.009090672	0.0110274464727778
573	0.12593807	0.148521854670098
574	0.045185633	0.10244255598964
575	0.031450726	0.0390603427953764
576	0.049316626	0.408229817237037
577	0.022936925	0.0340596039517143
578	0.49365956	0.115227075287407
579	0.5063433	0.616548496625
580	0.06899816	0.137789319099187
581	0.1455558	0.106269431181313
582	0.13536023	0.0790205613720741
583	0.6545797	0.2675624654
584	0.14080161	0.0719561974304762
585	0.5956725	0.360704942221138
586	0.060084254	0.376415013179675
587	0.012434148	0.117507637046078
588	0.012647349	0.0690604086525
589	0.016222578	0.160363249266204
590	0.041240092	0.0384336160885648
591	0.28536245	0.482236643184127
592	0.03869952	0.0879920604988636
593	0.0059270486	0.0131609993391667
594	0.031718902	0.0515908395572581
595	0.015229571	0.0190554078071717
596	0.007959014	0.0840274808043333
597	0.67771	0.0911907197237037
598	0.0028770578	0.014740187595098
599	0.0023197795	0.011038213385307
600	0.36081415	0.204456301082843
601	0.13144928	0.222818853051852
602	1.1746745	0.595141353005377
603	0.0061097415	0.00847325275866666
604	0.09759068	0.0912734973254545
605	0.10801192	0.349590112314286
606	0.304712	0.494082673374074
607	0.30067098	0.410858705518519
608	0.028493037	0.0152707483923958
609	0.16928928	0.194807910185
610	0.30702817	0.505552112745185
611	0.7320863	0.477224579218095
612	0.28361723	0.136214441653846
613	0.011345985	0.271741738361136
614	0.0073624924	0.0155676142912613
615	0.38442245	0.397545433638889
616	0.23571965	0.537310731166667
617	0.020623777	0.0185824971382796
618	0.19296846	0.0901681343211111
619	0.4263841	0.563314033835714
620	0.020305313	0.0685823927079412
621	0.075960964	0.339353831998246
622	0.13947129	0.0582491229115196
623	0.024609093	0.0608344247333333
624	0.34885436	0.176356352771482
625	0.008218376	0.20956867641561
626	0.1331645	0.219152925916667
627	0.07717718	0.36925147075
628	0.014097029	0.0463660081142793
629	0.011160356	0.138646830373704
630	0.02618341	0.0542932183692308
631	0.027083723	0.183742215674419
632	0.14959231	0.253057662748781
633	0.01969919	0.122274058712778
634	0.01639269	0.1768622055975
635	0.15313393	0.175632851895894
636	0.0036779568	0.0185910721984615
637	0.07869539	0.568463434973737
638	0.0049317954	0.0352845489496569
639	0.3352815	0.231089115119524
640	0.08376526	0.158944826670325
641	0.18252648	0.674953514658537
642	0.017541574	0.105892770667619
643	0.035932124	0.138434173933908
644	0.101019844	0.12293947096531
645	0.029368559	0.170304276839368
646	0.074991755	0.171543162335037
647	0.014008314	0.0732578713161765
648	0.005750164	0.0124001299231197
649	0.4297037	0.260896831772963
650	0.800302	0.572619579361111
651	0.062206265	0.20076228721625
652	0.5000689	0.567616803489815
653	0.16753718	0.320050642562057
654	0.07584116	0.0374245973012346
655	0.006540965	0.114669351105417
656	0.015767504	0.113478034760676
657	0.11602438	0.0633512373438095
658	0.024699816	0.320866152566667
659	0.08096899	0.24551527190122
660	0.0049566207	0.0154221927590741
661	0.6458872	0.396687557104762
662	1.1656775	0.631430182229167
663	0.462185	0.885664053097222
664	0.05013329	0.0951735575925926
665	0.029304313	0.124698105145098
666	0.009396539	0.225337388257639
667	0.8107407	0.755207593114942
668	0.032729942	0.027813608011619
669	0.5608323	0.0951530827666666
670	0.00471698	0.0143180742679762
671	0.09221228	0.40411129761125
672	0.020470668	0.0668625443570076
673	0.02969194	0.163345419181624
674	0.03213593	0.021757370263
675	0.010258662	0.0854972731074797
676	0.08723329	0.122619919410648
677	0.0963454	0.125711657983243
678	0.004946965	0.0253825483402451
679	1.0648847	0.535804509474747
680	0.111469865	0.132522454668056
681	0.0055453097	0.0177983028578333
682	0.11194933	0.4024887877375
683	0.06263894	0.0702720888501428
684	0.024791006	0.0354026574294715
685	0.0720812	0.502066101992635
686	0.10448732	0.105871017374912
687	0.00262684	0.0113533641522059
688	0.37675077	0.316392204781301
689	0.29823676	0.0898070691637387
690	0.69214696	0.5691171350325
691	0.08365911	0.0573179974151984
692	0.025074232	0.0546805407632576
693	0.02432516	0.0950379335816239
694	0.061390694	0.300696682505284
695	0.0033805314	0.0211645296254545
696	0.0211207	0.153628963273246
697	0.34276375	0.427386278437886
698	0.1680001	0.214639194100758
699	0.16369447	0.32931750720463
700	0.0174431	0.0120115520354902
701	0.039723065	0.130651315655392
702	0.009432002	0.0150030458167593
703	0.13010903	0.0783936088696581
704	0.17492665	0.097442309069375
705	0.008398501	0.0638222821694286
706	0.0056511112	0.120662126936176
707	0.012415197	0.509100866534896
708	0.0034396225	0.0312265972158108
709	0.019238189	0.0298865345814815
710	0.5018001	0.66394398697549
711	0.6809621	0.4438402099
712	0.092178226	0.453942374662857
713	0.015679125	0.0150064485026577
714	0.32658508	0.266723246188158
715	0.30127725	0.299150069321429
716	0.10918517	0.472487478006008
717	0.36115468	0.271056390953535
718	0.32796732	0.624689588371429
719	0.0046042264	0.0147127613958537
720	0.008690636	0.158214857634074
721	0.011947713	0.0181163730340351
722	0.010731685	0.0835320120830357
723	0.09858411	0.146807109622222
724	0.9458425	0.332764986320721
725	0.009810099	0.0876899362083721
726	0.45420787	0.197568996429
727	0.7517703	0.386713256509524
728	0.08449468	0.175083890930556
729	0.06874464	0.196389269835784
730	0.009554622	0.0539144658926667
731	0.40039876	1.1122472762963
732	0.005300464	0.0166456090928646
733	0.0032532113	0.024710499260045
734	1.5749649	0.721073745674242
735	0.8393437	0.673031976946429
736	0.07138257	0.307375282124762
737	0.021011129	0.0261611985567544
738	0.14403556	0.192372569332828
739	0.0063914554	0.0281309492614729
740	0.49226427	0.783239876901042
741	0.037000515	0.317719682883333
742	0.17583984	0.0392600657361765
743	0.2497585	0.220080388867983
744	0.17925489	0.114531932738739
745	0.7580009	0.590703588931818
746	0.14203547	0.351188437945238
747	0.06636764	0.292011068235965
748	0.0028694712	0.02479985553875
749	0.7400969	0.449981901684849
750	0.0039407723	0.0170259814345714
751	0.033275608	0.0216765771701754
752	0.018118657	0.548564377466239
753	0.009372286	0.0120270432707778
754	0.010298712	0.0188318307784615
755	0.08267103	0.218002329896491
756	0.72140324	0.314833477907843
757	0.22317117	0.0825368944284553
758	0.0143079525	0.0661801863087745
759	0.015242671	0.0410524047782857
760	0.005824232	0.0120288517145313
761	0.19210534	0.186417321337222
762	0.006002935	0.0137169104428829
763	0.14680696	0.293614266084058
764	0.026425289	0.0117804897916667
765	0.017209865	0.0310413319051282
766	0.08576664	0.2599104792225
767	0.67920125	0.272349694460976
768	0.0059732404	0.0102853132503333
769	0.034578197	0.0257702072654255
770	0.23938558	0.121248409076852
771	0.030403456	0.141486982577476
772	0.26125845	0.483033702872059
773	0.24005908	0.347139428003101
774	0.013737914	0.133603498853922
775	1.3092276	0.552253677863118
776	0.062245023	0.0465107190686487
777	0.081646234	0.174378818472523
778	1.314996	0.371124503977381
779	0.07291664	0.185647223270707
780	0.11562051	0.23349922828619
781	0.03594493	0.124494451221746
782	0.005062714	0.0376228730779032
783	0.8757017	0.215468620725
784	0.15380648	0.112860409984649
785	0.0051199407	0.0269334373982432
786	0.0066746427	0.0369281937175287
787	0.024589969	0.0856356025959524
788	0.095057875	0.443779312274194
789	0.44635102	0.241095744888889
790	0.1889794	0.308933293122414
791	0.15599528	0.686599556764706
792	0.7446418	0.766772425833333
793	0.10325697	0.146722987621705
794	0.98312396	0.463158656782353
795	0.5248748	0.322520864529032
796	0.09172451	0.0297187847939706
797	0.30436048	0.219500880838889
798	0.20867276	0.126381197202105
799	0.0147526665	0.0309067375657407
800	0.87083733	0.430804958178378
801	0.11168904	0.431907563999074
802	0.050665904	0.388836020895528
803	0.04518428	0.0372390726530417
804	0.084993415	0.062609730549495
805	0.27893808	0.222448718905556
806	0.010874896	0.112353525736712
807	0.2763683	0.337364886123404
808	0.79420567	0.296654515352252
809	0.0046793534	0.0154676931647436
810	0.090769276	0.437860269372839
811	1.261874	0.506568473316667
812	0.026863534	0.0248040387855051
813	0.007831804	0.0850358150238095
814	0.039659373	0.0644871937131081
815	0.15932417	0.155834251546078
816	0.5523189	0.312922968733333
817	0.03991825	0.0643036900745098
818	0.062645935	0.174512596692829
819	0.034708675	0.0143259825538095
820	0.0031251248	0.026427343799963
821	0.003298534	0.0284669206829268
822	0.13785446	0.0159820907256202
823	0.010386983	0.0766074876872357
824	0.13764761	0.63796360456092
825	0.0074776295	0.0140661836729268
826	0.5654525	0.572830682151042
827	0.0046370393	0.0073209836922807
828	0.15080917	0.479562219144584
829	0.25663364	0.522777513223684
830	0.030878268	0.128764561561075
831	0.235879	0.605941416960526
832	0.035111725	0.0222909942636559
833	0.0071037896	0.00803428236102564
834	1.2016894	0.254945212883824
835	0.4924184	0.119728508228632
836	0.0033183468	0.0215313469269512
837	0.08852521	0.140007784442342
838	0.006647997	0.0198180768287302
839	0.75436234	0.190624376829457
840	0.004254516	0.0116479191162037
841	0.04834255	0.165286118967204
842	0.64695007	0.778726071137681
843	0.17884676	0.353765938766667
844	0.0025339841	0.00973927629627451
845	0.6132237	0.500164990351852
846	0.023255896	0.0170275113664706
847	0.09655665	0.136025709565812
848	0.0564526	0.41211251185125
849	0.3377724	0.196403020942188
850	0.15215002	0.350498301485417
851	0.0043479097	0.0603830678378829
852	0.19092825	0.0333865306054286
853	0.003811371	0.00939491285411458
854	0.16102006	0.327221232775439
855	0.094279565	0.110157372729412
856	0.040191494	0.0734103974031633
857	0.56091017	0.650135182925532
858	0.03977598	0.225910416230556
859	0.111930765	0.291062837925
860	0.06459563	0.0326575518232323
861	0.012368998	0.0200428133346875
862	0.14864007	0.0702914061364583
863	0.018892316	0.219384939269697
864	0.0046850173	0.0213027259225969
865	0.030097071	0.481956775341453
866	0.010686414	0.0589974091622222
867	0.0056686914	0.0667127591316667
868	0.9714882	0.503229878295238
869	0.04997329	0.0164891652211765
870	0.015413458	0.0788868185664352
871	0.01877314	0.227566523648333
872	0.02068103	0.375744004433333
873	0.03758708	0.0266144394422619
874	0.18740658	0.217400741499524
875	0.011362649	0.0643737371999187
876	0.12551486	0.147990951996667
877	0.035883658	0.0445189834675214
878	0.75752044	0.610277705678161
879	1.6597939	0.89372097941358
880	0.27686697	0.473229300681818
881	0.04615216	0.0777159847011111
882	0.28136048	0.317089680692929
883	1.0309991	0.627240831478333
884	0.0033217485	0.0924401351463333
885	0.006784683	0.0234291014762255
886	0.06278462	0.0378285925424074
887	0.32456714	0.386969197321622
888	0.21056765	0.165962495484722
889	0.040152032	0.215553364080357
890	0.037068125	0.0907918856367677
891	0.061121058	0.212018045157895
892	0.067170046	0.0336482695068137
893	0.25827008	0.250944629954762
894	0.3028362	0.151258929507273
895	0.38795823	0.518075789912037
896	2.354776	0.901970149711382
897	0.19480182	0.231889268894949
898	0.34312925	0.204941095425
899	0.003460717	0.0280846773727193
900	0.051063575	0.0201029034669106
901	0.007430061	0.0198128085317677
902	0.39163464	0.543530455725877
903	0.7943847	0.521477244230233
904	0.025344245	0.222411795314902
905	2.0633643	0.445851510998148
906	0.09974368	0.0372223467735897
907	1.0227027	0.586650402897222
908	0.15984598	0.281650015165926
909	0.025528071	0.304923294864762
910	1.2223082	0.582280341854286
911	0.009494492	0.0259977722595833
912	0.070981964	0.726311906109649
913	0.45127273	0.213158374822475
914	0.09787765	0.5241623362275
915	0.7664998	0.245414367150269
916	0.023322789	0.363056885112745
917	0.2253268	0.502002894649123
918	0.10928069	0.581971174722549
919	0.011361053	0.0326391627859596
920	0.24400873	0.11493194723374
921	0.22053741	0.0979674292925225
922	0.00496588	0.0448254646013514
923	0.1056761	0.35779318976
924	0.037955645	0.167745755974537
925	0.37794256	0.292278891516049
926	0.00850409	0.0808582843637097
927	0.04110221	0.251947788391865
928	0.12530547	0.22788521095814
929	0.0058707157	0.114520516839583
930	0.13069995	0.138180696730263
931	0.42614385	0.283871474414359
932	0.0058523924	0.0163226075771138
933	0.109728396	0.0244419800878788
934	0.015665771	0.141712458873438
935	0.00570852	0.0173224299190625
936	0.77825195	0.547683753618699
937	0.023696568	0.0481286609041892
938	0.013935274	0.0523357428022523
939	0.14145416	0.227754608811712
940	0.20661604	0.235679750187209
941	0.01985794	0.268282349804359
942	0.0037343309	0.0283998715342647
943	0.0031518554	0.00942172714893939
944	0.019531399	0.123369113886036
945	0.647749	0.54415995759375
946	0.929303	0.760919356337963
947	0.045310963	0.0158758277149524
948	0.55156535	0.667763011171717
949	0.7515418	0.643786695631313
950	0.035167072	0.0637242688736111
951	0.638547	0.149797211223016
952	0.00794208	0.0190323711943561
953	0.01794915	0.279778031603048
954	0.37711442	0.482178705691177
955	0.2733058	0.314672591763725
956	0.5357686	0.0853837861419355
957	0.053874813	0.384738913036296
958	0.02609824	0.00893436869594697
959	0.45940042	0.680864725945455
960	0.08177741	0.057473393384058
961	0.07124208	0.0785510680017442
962	0.02392093	0.0598292327388289
963	0.016763456	0.106727701472868
964	0.047437783	0.120367522376923
965	2.0327287	0.344948670004701
966	0.0388067	0.070769330734127
967	0.56484854	0.5004751339
968	0.54999495	0.406960492677778
969	0.029374523	0.0930060652241057
970	0.8195496	1.00549127325725
971	0.041191168	0.0468485965405555
972	0.0903317	0.278452486759302
973	0.9951381	0.041921451056
974	0.02753745	0.0217119651397024
975	0.0036381725	0.0350725902126882
976	0.037356958	0.0830854780480342
977	0.042864285	0.3330503133
978	0.019723726	0.130990620959524
979	0.064286694	0.0675763323471969
980	1.7184863	0.201470457025714
981	0.010910392	0.0151455502535586
982	0.06779924	0.357951139583761
983	0.07245562	0.162760135375833
984	0.8441796	0.433082354019608
985	0.013943332	0.0755284795322222
986	1.8922017	0.54398676488172
987	0.39344674	0.447929544385417
988	0.005960144	0.0260017708845402
989	0.0862289	0.0710100657894271
990	0.07145054	0.0316732637512963
991	1.6266713	0.253346359902451
992	0.05361991	0.179292337661765
993	0.41588464	0.383104403396667
994	0.011872472	0.160438541944445
995	0.054291815	0.221293994489035
996	0.13822235	0.114926107544298
997	0.0021686123	0.0357025520252381
998	0.012506099	0.0738048205986111
999	0.026721884	0.0597639227710145
1000	0.08971778	0.391449842905556
1001	0.033049084	0.013318310408018
1002	0.019084245	0.103834411477778
1003	0.3278255	0.960717110945833
1004	0.019107642	0.0480587475914815
1005	0.07883607	0.104792049363978
1006	0.08141848	0.0439204481827027
1007	0.0069249957	0.0366670676042857
1008	0.38125378	0.251154808294048
1009	0.020442711	0.106559325447451
1010	1.0817394	0.540825608184211
1011	0.03462678	0.165035021724603
1012	0.21877155	0.353912147694271
1013	0.0024028148	0.010116925592561
1014	0.017082939	0.0276139451239899
1015	0.02813276	0.101090738304948
1016	0.0065128556	0.0367512055576316
1017	0.009306285	0.0314552813975877
1018	0.0052150227	0.0192814292275
1019	1.9428788	0.591189103125
1020	0.1806689	0.141557335386207
1021	0.8798179	0.617050168271429
1022	0.52203804	0.120796061396905
1023	0.16790912	0.41981379675641
1024	0.0290009	0.0308021494759524
1025	0.008130758	0.187494373796823
1026	0.8158166	0.731594365696078
1027	0.37773296	0.4521377905075
1028	1.3052208	0.491349876109677
1029	0.009533842	0.0700048091843333
1030	0.03499692	0.0480141619948413
1031	0.048914168	0.298997236047475
1032	0.11656338	0.44703645124902
1033	0.76774627	0.366685550551894
1034	0.025296826	0.015459056985
1035	0.025003139	0.26609313581037
1036	0.2174896	0.298146859855556
1037	0.061744317	0.310360099106863
1038	0.3805993	0.543123083444574
1039	0.06922606	0.404014605153153
1040	0.018989211	0.12367300274951
1041	0.069809705	0.155272942489912
1042	0.03308109	0.111502222889456
1043	0.7550889	0.778169289682292
1044	0.08388019	0.0833940431352222
1045	0.098555155	0.486634537882408
1046	0.041448154	0.0489699582659167
1047	0.0036748766	0.0411265118207895
1048	0.03892124	0.0365458476458559
1049	0.08778995	0.319005769981111
1050	0.059044443	0.0312487554423504
1051	0.11619396	0.207599127090556
1052	0.004912625	0.0224659549093333
1053	0.11266549	0.14258857468018
1054	0.289183	0.119256699502963
1055	0.6963995	0.372787260388889
1056	0.01712059	0.305633463524444
1057	0.018401217	0.0664246117515432
1058	0.0071489303	0.0969441825235898
1059	0.3150007	0.337487784511261
1060	0.24254596	0.457421546007658
1061	0.08936789	0.237615634338034
1062	0.18242928	0.165738926569524
1063	0.08127534	0.265072040987879
1064	0.04829409	0.273237058189216
1065	0.11651386	0.194718917482917
1066	0.8942351	0.92021993774031
1067	0.02582226	0.200907431105172
1068	0.014176684	0.019959086610381
1069	0.43062133	0.813041728458333
1070	0.6613386	0.705859309897436
1071	0.5302887	0.335036927579487
1072	0.07617097	0.278723860814035
1073	0.053436857	0.0636940580116162
1074	0.016793676	0.0521000462164583
1075	0.029298484	0.389970017357658
1076	0.5800965	0.70261672667284
1077	0.049284533	0.0310156806493333
1078	0.6450792	0.637240450852273
1079	0.027038597	0.135871142514144
1080	0.03065968	0.0581536762990991
1081	0.22684143	0.604731945032828
1082	0.67639595	0.568902941316667
1083	0.053921755	0.0392204323626894
1084	0.29735237	0.428724722853646
1085	1.0972803	1.01464828265873
1086	0.013355325	0.0154589301661789
1087	0.004581948	0.0161127649040991
1088	0.14245857	0.23130436606129
1089	0.027148841	0.442876555932619
1090	0.15911241	0.339509469647009
1091	0.014191028	0.120509356287607
1092	0.06062449	0.380405777131818
1093	0.013076382	0.119597006193478
1094	0.002997192	0.00877393891611111
1095	0.015332019	0.130518515452632
1096	0.45431295	0.31319093839875
1097	0.18193483	0.222324982519697
1098	0.9776284	0.719983817560284
1099	0.021538658	0.02616947008
1100	0.017153127	0.0269959845701042
1101	0.02861087	0.188806905675806
1102	0.014800407	0.0923261513979798
1103	0.12575696	0.283988666134259
1104	0.0035130016	0.0123482760737681
1105	0.18843433	0.320788292966667
1106	0.115225956	0.174773610720202
1107	0.3167817	0.541466561264957
1108	0.009614949	0.122082744303014
1109	0.28784013	0.264369443057917
1110	0.0045345007	0.0240477135656589
1111	0.8487755	0.525365032573333
1112	0.0031580846	0.0232112829874242
1113	0.25757265	0.483891224814184
1114	0.12036057	0.282273218887564
1115	0.16542709	0.187837005730303
1116	0.499356	0.634263987970834
1117	0.08010729	0.143677904300505
1118	0.27194256	0.311644154594608
1119	0.09812009	0.341983505655238
1120	0.14648926	0.191757496845727
1121	0.014220834	0.0489663141070707
1122	0.06934958	0.107960708347928
1123	0.19765726	0.534035866103659
1124	0.523343	0.746888224662602
1125	0.6950122	0.815293750384921
1126	0.198502	0.368845405115104
1127	0.021922192	0.155674320840541
1128	0.041784793	0.220992786067829
1129	0.01573857	0.0107137859965
1130	0.9418183	0.833631161295699
1131	0.017986046	0.0118264102159009
1132	0.017488189	0.209360046319907
1133	0.0035033482	0.011086862693125
1134	0.50135267	0.319298456737985
1135	0.0111028245	0.156005907170098
1136	0.015646543	0.0553110496286574
1137	0.14370881	0.147109438145252
1138	1.2495168	0.79679488465
1139	0.5336849	0.198838518798333
1140	0.46201432	0.353933451828161
1141	0.014039348	0.0802674833677778
1142	0.0060486654	0.0162274734842929
1143	0.12167862	0.157867896871667
1144	0.07151597	0.138898875418162
1145	1.560358	0.469264102514957
1146	0.095001474	0.319021333770721
1147	0.039011184	0.115598188053986
1148	0.1306481	0.282521064974286
1149	0.09737103	0.311093596161616
1150	0.01820701	0.349083861344363
1151	0.5513825	0.439481863864912
1152	0.12442364	0.120330610190606
1153	0.09885229	0.109126214852033
1154	0.020459259	0.0125402786328947
1155	0.44176036	0.26072417545098
1156	0.26761577	0.357526586743243
1157	0.15947987	0.580836078914216
1158	0.00635795	0.0232508532226852
1159	0.21372814	0.619114260682576
1160	0.30675286	0.389741744557353
1161	0.25440043	0.379868769315476
1162	0.22327296	0.162674054061905
1163	0.15788898	0.039199908866627
1164	0.017774975	0.0383775026202564
1165	0.10786044	0.253986159404412
1166	0.009706125	0.00960161937186275
1167	0.30662322	0.207202188028646
1168	0.089409955	0.0836569223007143
1169	0.1250989	0.132363096082292
1170	0.20217606	0.104460796252698
1171	0.21417674	0.442015915563406
1172	0.011790635	0.0944133346952137
1173	0.036599208	0.0302473568305952
1174	0.08063923	0.183001657096765
1175	1.8302262	0.691508028764706
1176	0.0036879384	0.0245386284311828
1177	0.077460326	0.0711906758084445
1178	0.002501979	0.0169682380412015
1179	0.0046897335	0.0145919095864198
1180	0.012370443	0.0357652683801587
1181	0.014979888	0.0901488408052992
1182	0.8970126	1.14895380969048
1183	0.0053120963	0.0416167191783333
1184	0.12986849	0.0706936246407895
1185	0.020542523	0.0345346684189394
1186	0.029208234	0.0135521042696667
1187	0.12715146	0.148396948296748
1188	0.03753805	0.0197407752062037
1189	0.56418395	0.526684801606322
1190	0.07674498	0.241392534646939
1191	0.011470788	0.012055533778114
1192	0.0070609907	0.153121803076037
1193	0.85269564	0.821512884984849
1194	0.15690519	0.337308455397475
1195	0.8932916	0.966332122982456
1196	0.009111806	0.0703157569731183
1197	0.3567381	0.728799784
1198	0.01010182	0.08753124870175
1199	0.09190779	0.0121494598044444
1200	0.29668984	0.401501038645833
1201	0.048449475	0.225242402144886
1202	0.07441888	0.140872655602941
1203	0.013975185	0.0949857634476136
1204	0.043711286	0.145078110242677
1205	0.005518379	0.0516618087450833
1206	0.0039647385	0.0121245654926563
1207	0.013866664	0.0983067431339286
1208	0.028080791	0.126441800174306
1209	0.0029883792	0.0230186498089147
1210	0.25012577	0.412073634893162
1211	0.0041423803	0.0118584221549524
1212	0.22374777	0.240737017088333
1213	0.0050173556	0.118777144760815
1214	0.0985714	0.0877961066741936
1215	0.124740936	0.32671179019058
1216	0.016112318	0.12709990020875
1217	0.009553246	0.0414120755717442
1218	0.21905948	0.277239286528409
1219	0.023864163	0.020498235850307
1220	0.065853015	0.1006626022875
1221	0.046879046	0.092770474415
1222	0.3532931	0.575838568555556
1223	0.50654167	0.221439420472778
1224	0.10050913	0.195278084975
1225	0.071502894	0.0956923333256061
1226	0.43402755	0.499242135181818
1227	0.041761547	0.264913023231313
1228	0.1097606	0.126531497304167
1229	0.01620039	0.136290155154167
1230	0.32888657	0.356828025494309
1231	0.009063178	0.0153615685458796
1232	0.0054710666	0.0697162334571986
1233	0.17372212	0.0775393509601905
1234	0.32260165	0.579514198776191
1235	0.0031139	0.0111198579296396
1236	0.02133284	0.152826459936404
1237	0.061700523	0.175287052809877
1238	0.03138828	0.0898784076212613
1239	0.006187318	0.0378936467923809
1240	0.016706351	0.216852910058148
1241	0.047102384	0.0493469597204412
1242	0.0035469832	0.0131473485087879
1243	0.28251463	0.400756840182796
1244	0.30597258	0.214042455797685
1245	0.035809334	0.517854860424775
1246	0.05739327	0.304578593997619
1247	0.34201184	0.598049303551282
1248	0.13428603	0.406837235476563
1249	1.0046843	0.759751406470588
1250	0.007114591	0.0210033367277632
1251	0.011985226	0.0874464118404386
1252	0.035476156	0.311945141629902
1253	0.011548458	0.0129910626516667
1254	0.08595636	0.0916630802520202
1255	0.110814504	0.270149400724561
1256	0.018453805	0.0323191432104762
1257	0.07381668	0.0539492820193519
1258	0.091740124	0.254544686986992
1259	0.007104311	0.0722458952039394
1260	0.0875101	0.102350843270714
1261	0.037480447	0.386182247006127
1262	0.03271281	0.0451954197621569
1263	0.06552298	0.359049812049145
1264	0.020050302	0.118471940455161
1265	0.07798419	0.458971289095726
1266	0.020855179	0.046705462370098
1267	0.11925677	0.158894827746296
1268	0.0042054113	0.0275496988116667
1269	0.0036515202	0.0108230628579032
1270	0.6525451	0.442573012335714
1271	0.006273215	0.0250015695484722
1272	0.034998298	0.0171816135036667
1273	0.0033362897	0.0291177534748333
1274	0.014709786	0.108014201106306
1275	0.0059403195	0.199757379581944
1276	0.009358832	0.0290502371789899
1277	0.18312053	0.103057491159608
1278	0.18559569	0.08139479316
1279	0.15660542	0.20229722830813
1280	0.029283263	0.136178877478205
1281	0.003628884	0.0113129137023932
1282	1.8775809	0.322386515816667
1283	0.58234286	0.168605140900355
1284	0.7596407	0.572796403596078
1285	0.009030262	0.0639346188866667
1286	0.1929233	0.212421631497727
1287	0.07235021	0.0500594697035484
1288	0.014430301	0.141676057466312
1289	0.16530585	0.371037692061429
1290	0.02471382	0.0174302132557724
1291	0.8138685	0.616391156279167
1292	0.092582114	0.293727063348837
1293	0.3641098	0.508662285912381
1294	0.9620943	0.637560514551724
1295	0.27113912	0.414535116650538
1296	0.031600304	0.106517653033333
1297	0.005532805	0.0186556382958823
1298	0.008981218	0.0633160412658772
1299	0.01827674	0.00925736381495495
1300	0.92227995	0.321018687726562
1301	0.02179248	0.15371636113125
1302	0.0031378637	0.018909478896875
1303	0.034808606	0.129340940775714
1304	0.81554055	0.657200508700981
1305	0.003258141	0.017334884963018
1306	0.16554838	0.377093431776961
1307	0.32367724	0.25043072060754
1308	0.047339614	0.0184966589430108
1309	0.012535442	0.0490749476629386
1310	0.013580431	0.0632030702222222
1311	0.5661567	0.604157070151515
1312	0.0040350137	0.0118057579598529
1313	0.030202312	0.01926195149875
1314	0.0409458	0.0988068716903175
1315	0.58243793	0.224902414968095
1316	0.6039862	0.461385199041667
1317	0.11771196	0.0985846553441667
1318	0.01629551	0.0209105564972222
1319	0.038945634	0.110364914167949
1320	0.10529225	0.345515991170946
1321	0.9099974	0.670278577116162
1322	0.3139796	0.159560648632828
1323	0.3398058	0.415755818371825
1324	0.8862404	0.690129076644144
1325	0.022698585	0.138900479254583
1326	0.87625587	0.284825188125926
1327	1.0667471	0.542209428463415
1328	0.021075161	0.0861888469731982
1329	0.40410653	0.53421604197093
1330	0.014016964	0.0417569634480392
1331	0.17950828	0.311771097065417
1332	0.021581512	0.0146391526737963
1333	0.060704324	0.144449648868376
1334	0.6258976	0.679774435
1335	0.7502718	0.413022934004878
1336	0.017596455	0.0583472804482051
1337	0.36726478	0.538486870357143
1338	0.051227104	0.198387935690116
1339	0.059873108	0.116487883911979
1340	0.77977866	0.512364494911111
1341	0.012209204	0.02126708443625
1342	0.16227114	0.14609778264951
1343	0.0076372046	0.0103071057210811
1344	0.32944942	0.505182333157812
1345	0.0042602094	0.0550355389314474
1346	0.04210234	0.103256862503431
1347	0.449273	0.412269077355
1348	0.016224686	0.0470898892170833
1349	0.015757145	0.0903828127860185
1350	0.16955905	0.344730769816279
1351	0.088871695	0.0928570698895833
1352	0.18177038	0.845696697431035
1353	0.0057494696	0.0240543776317117
1354	1.1455669	0.628694315442635
1355	0.33344424	0.319420682419192
1356	0.06529766	0.182406748235238
1357	0.014757169	0.0194735958232456
1358	0.46952632	0.369770248608333
1359	0.8838494	0.885196482008547
1360	1.0227005	0.863133063294872
1361	0.047328625	0.36773639418381
1362	0.56595165	0.420571759944792
1363	0.009269256	0.156338783683177
1364	0.011710433	0.047695087232197
1365	0.029451106	0.0899817702094595
1366	0.0072619542	0.0688593070899405
1367	0.005725673	0.0125559463957658
1368	0.32369027	0.4470583145625
1369	0.0024816736	0.0300766513332883
1370	0.0037999363	0.0129839819367241
1371	0.049393527	0.46912649584596
1372	0.004271253	0.0391956010491667
1373	0.038305514	0.0305660724211538
1374	0.054514423	0.0554011275637931
1375	0.565069	0.316954102142157
1376	0.012440069	0.108725132005
1377	0.0935291	0.055036705124
1378	0.0025145435	0.00799160287359649
1379	0.15437247	0.128348090798485
1380	0.07721698	0.330799022923077
1381	0.016166681	0.0229141906176667
1382	0.015088967	0.129350857141583
1383	0.35569254	0.0699645171403604
1384	1.0348274	0.38758347690873
1385	0.8970388	0.516788344509524
1386	0.11041815	0.0671872057722222
1387	0.00297699	0.0186453099284783
1388	0.6221145	0.373961697976768
1389	0.009037844	0.10579079041915
1390	0.30012155	0.727670621821706
1391	0.0039810846	0.0157145580279457
1392	0.24477619	0.50101073824386
1393	0.20909223	0.448070314929167
1394	1.1152425	0.718526596992248
1395	0.64898926	0.411297839601626
1396	0.11500537	0.166328170899187
1397	0.04997737	0.0932738379424242
1398	0.04024376	0.0666905988436508
1399	0.07023793	0.267288291128241
1400	0.4782189	0.786467548713675
1401	0.009611647	0.0217897222509375
1402	0.006307722	0.0288756917866667
1403	0.035652347	0.115962445586842
1404	0.030649386	0.107340203498214
1405	0.13882136	0.309150167803431
1406	0.0037949618	0.0179022851217568
1407	0.23186246	0.516390298778788
1408	0.38886616	0.20272045835619
1409	0.08107806	0.396587415500709
1410	0.027594153	0.0182709609709596
1411	0.009592702	0.161165640505238
1412	0.003089361	0.0329861848235145
1413	0.0089901965	0.0933342507372481
1414	0.3647515	0.356180572717204
1415	0.008172518	0.041162016688876
1416	0.03168572	0.197644713331532
1417	0.008367473	0.139905966110185
1418	0.010860668	0.0133678034947748
1419	0.02637659	0.0545055724358334
1420	0.02552282	0.00909629087181372
1421	0.5230234	0.823226176703125
1422	0.019560635	0.0559663161539474
1423	0.12970835	0.400432074146667
1424	0.03176291	0.0870691866986487
1425	0.0056352424	0.0110748564376423
1426	0.010866105	0.10913524949359
1427	0.22475468	0.682922605869048
1428	0.6969842	0.739346446342857
1429	0.15715845	0.220044397997101
1430	0.03506667	0.179433786038988
1431	1.3902203	0.712264965138889
1432	0.008562845	0.028293846192094
1433	0.009249571	0.0125862288853226
1434	0.0031635205	0.0170456413061404
1435	0.009987079	0.0762225142518519
1436	0.03987242	0.0772616635653846
1437	0.005166543	0.0478439295710256
1438	0.019033628	0.0852259861126016
1439	0.3784246	0.619793704553764
1440	0.9343978	0.61376751850813
1441	0.0046045156	0.0347616446285667
1442	0.2874553	0.458814672220371
1443	0.009308686	0.0553011344247475
1444	0.6207824	0.587106275180556
1445	0.71602	0.877098835055556
1446	0.070283726	0.33258825102906
1447	0.19053963	0.436333079218137
1448	0.40479967	0.313146480572917
1449	0.3306174	0.461787669988288
1450	0.45234442	0.140643746536623
1451	0.20304745	0.147560379730877
1452	0.5660257	0.776921639150538
1453	0.1039034	0.312857932620417
1454	0.014168999	0.162994329637549
1455	0.83851796	0.839374421991667
1456	0.0038045384	0.01358097613875
1457	0.019033153	0.0143338125258854
1458	0.7660211	0.379546626747083
1459	0.08522112	0.447153405175214
1460	0.020800628	0.032117400246
1461	0.011606308	0.0488050337821429
1462	0.49431953	0.330931500043496
1463	0.00719467	0.179246312733559
1464	0.09951119	0.068883126890202
1465	0.0038430223	0.023114607355307
1466	0.11061895	0.10135651623435
1467	0.29764277	0.460890409481373
1468	0.46703002	0.278337297452
1469	0.027500777	0.0777235979953704
1470	0.0028313561	0.0111372086835937
1471	0.18150781	0.339560246009048
1472	0.13637349	0.302279189083333
1473	0.02120627	0.167613902753095
1474	0.0069050947	0.013951653374537
1475	0.32395303	0.236542039626829
1476	1.6890332	0.625956077614912
1477	0.005621335	0.0113856947231429
1478	0.024194207	0.02618979452225
1479	0.18200487	0.150674440039474
1480	0.011272011	0.100388599812222
1481	0.62905127	0.222385274604762
1482	0.0180777	0.0602662657705983
1483	0.03848245	0.140491848832558
1484	0.032060705	0.0140846132746528
1485	0.02237679	0.112282012708102
1486	0.020264367	0.0106648170174405
1487	0.03352473	0.0741787774222222
1488	0.011976187	0.0695472766900463
1489	0.0069850464	0.0222754506596429
1490	0.7145059	0.305178156100901
1491	0.014444188	0.0274871621918333
1492	0.33417863	0.832065991426667
1493	0.332439	0.504841742367886
1494	0.03202309	0.0361896244262879
1495	0.0598889	0.215131538352895
1496	0.009248205	0.0836807075907738
1497	0.6021795	0.392133273061765
1498	0.014252987	0.0384389382887097
1499	0.15167455	0.0913059284815104
1500	0.3161683	0.293414260669841
1501	0.9374955	0.664413808395833
1502	0.04998233	0.239121650353687
1503	0.08046797	0.0529732922416279
1504	0.5064593	0.333846477712698
1505	0.92842597	0.386622538094445
1506	0.08023451	0.264078789289286
1507	0.41163018	0.108853184832895
1508	0.014205701	0.0076720148727957
1509	0.017924901	0.078231745154955
1510	0.14673121	0.0765374479583333
1511	0.10457765	0.16346984556129
1512	0.036898926	0.127570298247059
1513	0.0059160925	0.0702757913673611
1514	0.0057240003	0.0236443174826577
1515	0.06026698	0.207796072885648
1516	0.46711645	0.325080188617593
1517	0.6555142	0.352542958506482
1518	0.06227315	0.131690269594595
1519	0.051879596	0.0213896776958
1520	0.21976455	0.416714489244355
1521	0.11776027	0.146867323906746
1522	0.14983846	0.288252728477895
1523	0.013908277	0.0867031475893333
1524	0.013363184	0.0905756111302632
1525	0.1027378	0.0519675037752193
1526	0.0018829798	0.0143208327125309
1527	0.007730254	0.0342411485842647
1528	0.2549345	0.0573335543640686
1529	0.0042786375	0.0110392730758547
1530	0.034531772	0.135884398994213
1531	0.76797956	0.463648314943229
1532	0.059588782	0.178629002989141
1533	0.32084367	0.537900145131944
1534	0.04277248	0.165104669992308
1535	0.07716042	0.174810698546581
1536	0.20491216	0.18382673080303
1537	0.039515886	0.152674426445614
1538	0.32972914	0.67151561112037
1539	0.071077324	0.128437779201984
1540	0.011735621	0.0150519980396748
1541	0.007455737	0.0199542046368217
1542	0.37662324	0.0899657429269444
1543	0.42573962	0.410908239613333
1544	0.15777677	0.163930970831197
1545	0.13094147	0.153013600436574
1546	0.57070166	0.397803351302032
1547	0.531299	0.504424088973958
1548	0.3588865	0.143013834074479
1549	0.39548934	0.150529550784343
1550	0.09061711	0.270932928915686
1551	0.02078807	0.0113108573144949
1552	0.38710445	0.670589721514141
1553	0.03933939	0.0414463141952381
1554	0.17621446	0.151526625722967
1555	0.09886843	0.223359574400952
1556	0.010808098	0.106706815764
1557	0.14507924	0.213304127606944
1558	0.14907202	0.154344730496814
1559	0.30099097	0.267315093382456
1560	0.027890645	0.192120724829612
1561	0.1658401	0.0865658482537097
1562	0.0044723237	0.0104616143430303
1563	0.40703434	0.275337711051042
1564	0.19497097	0.302330919734884
1565	0.14379475	0.0294267580096774
1566	0.00808765	0.0189266427119048
1567	0.002742805	0.0123992899743137
1568	0.07729404	0.302742776012366
1569	0.0091727795	0.0904428314806306
1570	0.03703453	0.0212185560025595
1571	1.450583	0.77705845539785
1572	0.7305445	0.698397958589744
1573	0.104585305	0.1387802347
1574	0.02684343	0.0528913372575926
1575	0.0058710203	0.0168328900158333
1576	0.057282884	0.288307978969106
1577	0.08174212	0.17042548303837
1578	0.020389538	0.340264353383333
1579	0.007062546	0.00824362054162162
1580	0.19805309	0.221342698266667
1581	0.73224735	0.1949456782375
1582	0.03552006	0.0132501506272685
1583	0.26413	0.214812642246465
1584	0.013663237	0.388165837105
1585	0.09991341	0.525208030356863
1586	0.44853652	0.586215656548148
1587	0.13895042	0.163764728325214
1588	0.0053180438	0.0112989226655405
1589	0.6710964	0.813318281595833
1590	0.8507625	0.733905516410256
1591	0.09318788	0.0540372141970667
1592	0.08841648	0.0238341166009048
1593	0.091020755	0.509137282004273
1594	0.21158655	0.483268499956897
1595	0.057682894	0.0895236412182716
1596	0.006820306	0.0130901250251667
1597	0.04855956	0.047918638318375
1598	0.12973972	0.1015006612625
1599	0.013339626	0.0343628683855238
1600	0.20168442	0.289282717102536
1601	0.041003507	0.0203358797248571
1602	1.0558516	0.374674148177778
1603	0.25636917	0.168965268496667
1604	0.38025525	0.351492577125225
1605	0.19902632	0.368558264763889
1606	0.0094573675	0.0591284832407408
1607	0.25890192	0.328016845705285
1608	0.78094244	0.551024593499048
1609	0.21666057	0.268838390839216
1610	0.06124236	0.0192359634505952
1611	0.007676749	0.024278020334213
1612	0.8972484	0.218502058745447
1613	0.2714887	0.2257254928
1614	0.15984559	0.136349828223684
1615	0.3237373	0.389320334794595
1616	0.08323492	0.477595459482456
1617	0.11704767	0.285756972735294
1618	0.117857225	0.129415025358958
1619	0.07761817	0.0726649452784375
1620	0.2633565	0.476915683777519
1621	0.026958453	0.101980568042094
1622	0.111930646	0.436599241028571
1623	0.42059195	0.424655940065079
1624	0.2170063	0.767845558877451
1625	0.29428247	0.108274547575294
1626	0.1256582	0.319317422217054
1627	0.028374821	0.159576106372424
1628	0.0038514896	0.0163549940044608
1629	0.04844486	0.0781719467466667
1630	0.036809664	0.218116308499603
1631	0.6885629	0.287551715242248
1632	0.102890514	0.149942631037692
1633	0.005278418	0.121851166675484
1634	0.44964933	0.500850387313333
1635	0.013315689	0.0998521351157143
1636	0.22593448	0.411938641183006
1637	0.09472499	0.11850060947188
1638	0.07740387	0.131678527421622
1639	0.010268593	0.0233155932027193
1640	0.13765526	0.177320710562613
1641	0.07887758	0.141542156739247
1642	0.061810438	0.0942876566726923
1643	0.47309288	0.14012399495049
1644	0.0036683003	0.00890926210643519
1645	1.0493507	0.616796710252252
1646	0.18561679	0.166966829504054
1647	0.01724171	0.0720048901201163
1648	0.10079546	0.2629090313675
1649	2.502842	0.586856367967073
1650	0.35662997	0.0468127373557937
1651	0.011527911	0.086101192369697
1652	0.019003341	0.0253656359146396
1653	0.019152893	0.054127034349386
1654	0.68609947	0.565871656140351
1655	0.0086877085	0.0883006236623016
1656	0.0391466	0.0870763776618254
1657	0.19992396	0.208868987975758
1658	0.5193727	0.412213315905128
1659	0.004661511	0.0142118399449583
1660	0.019295815	0.0352656723394144
1661	0.13934699	0.272013318316146
1662	0.5676207	0.331109526462857
1663	0.09760731	0.475591261255238
1664	0.013782683	0.124179546872456
1665	0.22339115	0.0678684918695513
1666	0.12708786	0.350450622204762
1667	0.35145512	0.339958824446552
1668	0.057941254	0.0587678149716129
1669	0.045518935	0.076112683880641
1670	0.0053200144	0.0160484763400538
1671	1.1289144	0.469666899511404
1672	1.4132942	0.495571468910784
1673	0.0035187774	0.011143630235947
1674	0.041887064	0.1466431722
1675	0.007658779	0.0629389693645834
1676	0.0034836046	0.0167724393856202
1677	0.20600462	0.314396627830702
1678	0.045405965	0.142532476750215
1679	0.014613611	0.0175814645070721
1680	0.032980338	0.407057504488021
1681	0.54007924	0.757611707846847
1682	0.036207505	0.0158661572518687
1683	0.56297016	0.277775183025253
1684	0.012457769	0.0746454306628572
1685	0.09068001	0.132094993523246
1686	0.027585013	0.167060207602315
1687	0.40177372	0.730761847630435
1688	1.4428324	0.249381358706202
1689	0.7708879	0.375985967739394
1690	0.004808842	0.00961199895708334
1691	0.020816687	0.0277291973373077
1692	0.012073833	0.0481079860627451
1693	0.40974143	0.371608966979167
1694	0.9993027	0.700665068341085
1695	0.04094878	0.114509876200122
1696	0.23985685	0.354390756486667
1697	0.04199701	0.12716693965
1698	0.02601164	0.0517730464214912
1699	0.013010474	0.0774186123747748
1700	0.26884797	0.316465508824583
1701	0.021302082	0.0388182794391398
1702	0.009013329	0.0587817947935317
1703	0.043087196	0.0440466296125676
1704	0.18100658	0.222927724342857
1705	0.09590564	0.0918243039933333
1706	0.08299632	0.172410578857828
1707	0.4812233	0.560537951138095
1708	1.6614869	0.75679962775
1709	0.69366264	0.614581646333333
1710	0.030914629	0.0455872203092593
1711	0.3351764	0.613688204829167
1712	0.105374984	0.246562142012963
1713	1.3388045	0.369755235907843
1714	0.071307875	0.0761246864225877
1715	0.009037877	0.00556679093063726
1716	0.23321939	0.220589288888889
1717	0.16652371	0.226484548506098
1718	0.006773967	0.0120494961130702
1719	0.07538122	0.269044812059091
1720	0.019942027	0.0853930287422222
1721	0.020410644	0.266932869616381
1722	0.94813085	0.2609371245
1723	0.07671692	0.205624197036111
1724	0.61320573	0.427139657059091
1725	1.1651006	0.556180077297222
1726	0.00570662	0.0465295143234397
1727	0.39430138	0.436532399439683
1728	0.085126966	0.0794241526263889
1729	0.010000509	0.0493270606507752
1730	0.07993922	0.0233712719660318
1731	0.022117365	0.215843621378952
1732	0.28553003	0.277806677165591
1733	0.09748043	0.120110305115278
1734	0.0070679006	0.0959504195583333
1735	0.16702779	0.183475118292157
1736	0.0067304354	0.0844737419828704
1737	0.45435023	0.631794775311828
1738	0.14972128	0.265550987305556
1739	0.35934478	0.491761940376016
1740	0.07940107	0.119628395513175
1741	0.7826008	0.485850598727478
1742	0.008307097	0.0644688006986275
1743	0.003189266	0.0217265795453333
1744	0.20052916	0.140041209836992
1745	0.11226754	0.199694024590952
1746	0.016167978	0.0394906089814815
1747	0.021036867	0.122252504369667
1748	0.013814561	0.116550619379279
1749	0.067367196	0.125858106184146
1750	0.052666094	0.0907172135864394
1751	0.057320826	0.129933740247143
1752	0.18790793	0.331519621174806
1753	0.0044464385	0.0190938174546748
1754	0.008378211	0.0502063591380556
1755	0.34886548	0.261684309041458
1756	0.09143265	0.44674484454963
1757	0.06070537	0.0111995422077407
1758	0.004951112	0.00944030773341463
1759	0.19229434	0.397195129590598
1760	0.006816355	0.0444376134136667
1761	0.0037003832	0.024232821165307
1762	0.008516594	0.0790189890724
1763	0.004898985	0.0416836719823232
1764	0.00679081	0.016977173347561
1765	0.013313097	0.0732486233574324
1766	0.10018791	0.152407057018981
1767	0.031152941	0.0582431717503704
1768	0.12675117	0.257149526343434
1769	0.17865308	0.19135608780101
1770	0.51330626	0.238356697124286
1771	0.18871044	0.608310137575758
1772	0.011684738	0.0216704770763964
1773	0.2731949	0.701998740847222
1774	0.015083636	0.00902914068918803
1775	0.119127214	0.0238541743470588
1776	0.009209464	0.0312256154235417
1777	0.020285636	0.0383005424770085
1778	0.6244269	0.474762358061905
1779	0.32834572	0.219880842050952
1780	0.13749957	0.287574464239583
1781	0.2486826	0.124457081053419
1782	0.3108253	0.151054511566667
1783	0.00735304	0.0136550664044309
1784	0.012624829	0.210562419655072
1785	0.49486473	0.331994232631429
1786	0.024579322	0.20406933540873
1787	0.8960721	0.573893331346569
1788	0.79371417	0.643089124402439
1789	0.06649485	0.190385171300855
1790	0.0895941	0.0545781729716667
1791	0.011985912	0.055292880439
1792	0.16808078	0.452305938853922
1793	0.011347572	0.16884047913908
1794	0.009579017	0.028104584244187
1795	0.076536134	0.0616667919697369
1796	0.1033886	0.413402219293333
1797	0.019558923	0.0935332026870115
1798	0.22787988	0.418133565130556
1799	0.043942343	0.0895620658110417
1800	0.013594734	0.174716584925227
1801	0.07584381	0.288280465436487
1802	0.013862799	0.0178187357455556
1803	0.01941587	0.0147639697906579
1804	0.3847657	0.430377466381197
1805	0.24689542	0.0544636383688172
1806	0.65933	0.88501533348125
1807	0.05382025	0.114977802419643
1808	0.013033883	0.0941261149021951
1809	0.26749253	0.0826618871258547
1810	0.067158826	0.0659603074462963
1811	0.005227356	0.0344884118106191
1812	0.68225116	0.505716017528495
1813	1.0834588	0.463759735510417
1814	0.19711012	0.488053632105185
1815	0.050999187	0.167468013953646
1816	0.012978879	0.152304012159394
1817	0.16145784	0.0891698423765307
1818	0.91767204	0.862555510716216
1819	0.07839033	0.7221548281625
1820	0.07416537	0.11317100966724
1821	0.036868975	0.0963438927873874
1822	0.13026786	0.256927332218919
1823	0.0869044	0.136082510860741
1824	0.003458877	0.00984471828859375
1825	0.72529817	0.964321422838235
1826	0.02446601	0.0162770122367593
1827	0.011401145	0.0122700628243798
1828	0.0062200553	0.0138929371142381
1829	0.039652605	0.105778639937677
1830	0.20479971	0.21562506702402
1831	0.15397319	0.756040585619048
1832	0.15704122	0.211484475121622
1833	0.021625772	0.129167805987302
1834	1.2225788	0.423340334313333
1835	0.2549696	0.0852781741544762
1836	0.45729923	0.171600264603535
1837	0.4109443	0.812816499184616
1838	0.011917284	0.0513146917106838
1839	0.012850279	0.232884448028646
1840	0.0762993	0.353993106795161
1841	0.890615	0.455499741854545
1842	0.015047224	0.122180511442188
1843	0.07587888	0.263460116587356
1844	0.18841097	0.139140649941171
1845	0.07151819	0.741643048816667
1846	0.16578707	0.098593766868018
1847	0.014269813	0.034063814344009
1848	0.05888736	0.13477658010562
1849	0.057758737	0.0690491062255882
1850	0.037020996	0.00997040680266667
1851	0.01775342	0.128342319541961
1852	0.87495023	0.638038814855856
1853	0.01529388	0.082959382412037
1854	0.0046755513	0.0138256902771264
1855	0.03139238	0.0625193600395556
1856	0.7157007	0.0896409302774194
1857	0.31846833	0.499577980143411
1858	0.86072135	0.560075332727642
1859	0.13169669	0.218676872648485
1860	0.20692597	0.302645010299479
1861	0.37615228	0.26413519139537
1862	0.87558305	0.247327776302393
1863	0.1712681	0.501762306005556
1864	0.044580873	0.0335266722691861
1865	0.010767861	0.125196437446581
1866	0.00515215	0.0261952974497748
1867	0.11950738	0.0986667497634804
1868	0.298867	0.365771608154965
1869	0.025278544	0.0538657447851709
1870	0.010089556	0.0270873491380342
1871	0.20428368	0.305058923263726
1872	0.49004868	0.494599383710965
1873	0.007429319	0.109598166954457
1874	0.006211531	0.0571855477680894
1875	0.01333203	0.0134639450238384
1876	0.6502422	0.497449349367187
1877	0.18393391	0.21156356641557
1878	0.16781862	0.138059368599074
1879	0.14681953	0.213575583691176
1880	0.6194416	0.30973045063
1881	0.02551458	0.0884951086694253
1882	0.5141356	0.510963382235294
1883	0.09465707	0.311812070168182
1884	0.90734696	0.840016233055556
1885	0.008787194	0.0820618993863219
1886	0.26707977	0.220526020894841
1887	0.62466705	0.381050672629845
1888	1.5410548	0.719062692757143
1889	0.043209385	0.0783719089818182
1890	0.029264942	0.148281874639216
1891	0.032053314	0.110970141281097
1892	0.16532798	0.0806765880313008
1893	0.09219907	0.153164275158333
1894	0.0070543443	0.0142610177155952
1895	0.8780865	0.367876261440476
1896	0.9128123	0.30353412508
1897	0.008935028	0.0875907964151754
1898	0.8993364	0.538379687551351
1899	0.009914839	0.161825009921354
1900	0.013243064	0.168581949632895
1901	0.032823067	0.0370271147419841
1902	0.08735224	0.486597305204504
1903	0.00921684	0.0447417162986842
1904	0.8004653	0.359798081286487
1905	0.0016026513	0.0169187012198571
1906	0.19907507	0.29838724567619
1907	0.20577206	0.416792751812903
1908	0.06066302	0.412326768438889
1909	0.061529573	0.291721629856667
1910	0.24982108	0.0956894837069231
1911	0.40833014	0.281619218618519
1912	0.12670226	0.33184070439086
1913	0.014243963	0.0100216238237255
1914	0.0041606915	0.0227684869271622
1915	0.017118497	0.04678784472
1916	0.081576526	0.341168612855128
1917	0.04800229	0.344659456428829
1918	0.23687114	1.03509982115657
1919	0.028031811	0.0291487610049524
1920	0.03822587	0.270123702936667
1921	0.05225153	0.167897729148485
1922	0.004674086	0.0135841656984343
1923	0.46200815	0.604331789972222
1924	0.70173943	0.724092388144299
1925	0.21022011	0.0720548025504274
1926	0.023275074	0.0725479268346847
1927	0.006288957	0.0999771137200741
1928	0.007521077	0.0780710829512121
1929	0.30566022	0.331581359104167
1930	0.06486387	0.128411901606197
1931	0.33154154	0.201061887238889
1932	0.10569878	0.348850423154409
1933	0.276201	0.520463657252688
1934	0.5331669	0.505257458507619
1935	0.044430304	0.185460843485238
1936	0.024601456	0.159598504876923
1937	0.048288617	0.0521856043905702
1938	0.20085858	0.346177905558108
1939	0.06375959	0.21558694516875
1940	0.16470762	0.610827137477778
1941	0.16379611	0.179248256588542
1942	0.6133538	0.5721246436875
1943	0.34504515	0.390395174701626
1944	0.46937847	0.236697024195085
1945	0.6822279	0.671839856751852
1946	0.013821409	0.00828398136699074
1947	0.26882416	0.164525831303333
1948	0.25137234	0.543241710011111
1949	0.04002638	0.0126600111457317
1950	0.21372953	0.17485145097037
1951	0.024864178	0.0514764633560185
1952	0.004978212	0.0127113456591398
1953	0.8584222	0.313417734977431
1954	0.073646605	0.0282362601536111
1955	0.09011779	0.156230294187083
1956	0.03836145	0.121238380059375
1957	0.014986992	0.0617866381711667
1958	0.041366447	0.122307023753226
1959	0.009379181	0.0309276865989015
1960	0.5034335	0.574667562753191
1961	0.11714145	0.0524873141175
1962	0.3146346	0.875141959972222
1963	0.025746487	0.0231746622838739
1964	0.007891972	0.0213544629044118
1965	0.0150070125	0.0750345038066667
1966	0.14384799	0.1456529587225
1967	0.08566738	0.309728903873333
1968	0.019080307	0.0126481530831183
1969	0.7025999	0.709623224078431
1970	0.25803626	0.101423746961458
1971	0.056407347	0.208808826242424
1972	0.048054162	0.161950470247917
1973	0.4623102	0.589190588635417
1974	0.12765393	0.0851296253730392
1975	0.0080857575	0.0142777083212821
1976	0.011086941	0.0957709573504386
1977	0.009472518	0.0457554505591667
1978	0.036420032	0.0554355307466667
1979	0.63277656	0.365428604016129
1980	0.18869922	0.164532618064141
1981	0.086959414	0.09473391069
1982	0.47840196	0.349921698504955
1983	0.03477182	0.128889167321667
1984	0.4112136	0.422517388086957
1985	0.0061054155	0.0185599848786782
1986	0.037674945	0.129508893537048
1987	0.25211248	1.06789354788288
1988	0.4144645	0.205407257265625
1989	0.26398557	0.240044334517105
1990	0.26340103	0.215399838372593
1991	0.007049486	0.0375424426017803
1992	0.690539	0.49613476545
1993	0.023865877	0.0394276192487075
1994	0.062251728	0.126124357013103
1995	0.058391627	0.117773577322159
1996	0.61439425	0.794997285709402
1997	0.020743772	0.0411636491097475
1998	0.8423995	0.32238029739697
1999	0.1772034	0.0628794302695238
2000	0.018733196	0.256260740643902
2001	0.010969119	0.153143474091441
2002	0.0141821625	0.0273667726386905
2003	0.06515592	0.149110745735897
2004	0.008629864	0.231820847464737
2005	0.83960104	0.385557751669187
2006	0.0078186365	0.0112876120178723
2007	0.36329523	0.235534484392593
2008	0.089511104	0.402446708382456
2009	0.078044206	0.0617586241324074
2010	0.03792284	0.126243634842793
2011	0.012898298	0.0573831918102632
2012	0.102233276	0.108748660909649
2013	0.0124952905	0.0873138582154762
2014	0.0731778	0.300301084541176
2015	0.010822965	0.0359644803919892
2016	0.14073464	0.0911189004707071
2017	0.04282446	0.0389209803407576
2018	0.48671573	0.284084108644253
2019	0.0050093224	0.0319079571501786
2020	0.11262178	0.145619667528571
2021	0.7188033	0.672604344785714
2022	0.036773376	0.00959803296794445
2023	0.37553102	0.607108672319048
2024	0.10978808	0.200355731076471
2025	0.027437268	0.0330081394713889
2026	0.40021008	0.444072224610606
2027	0.32463038	0.474021236604167
2028	0.042605877	0.507277086571296
2029	0.008349647	0.0167845735306944
2030	0.48694745	0.144877803598803
2031	0.99320984	0.7407890374125
2032	0.44917953	0.216036544226863
2033	0.5517927	0.230411507980952
2034	0.026462639	0.171992764215104
2035	0.91915333	0.543571960059048
2036	0.009464435	0.100976892465104
2037	0.16638146	0.308963572167982
2038	0.057498865	0.0131101834982917
2039	1.6334771	0.434052494478947
2040	0.7047285	0.36929919794951
2041	0.031045094	0.214066433018992
2042	0.006587245	0.0415926544133333
2043	0.003849699	0.0180684620788597
2044	0.09095972	0.206785405377652
2045	0.13787816	0.086250194840155
2046	0.04096352	0.120412207533826
2047	1.0377386	0.527554806083333
2048	0.022967942	0.118998890580244
2049	0.096035756	0.195290808955128
2050	0.019174539	0.135223528182161
2051	0.015131853	0.0897579690210684
2052	0.01463496	0.0465809003644737
2053	0.009839168	0.0312139450719298
2054	0.009450279	0.252052393334405
2055	0.2804129	0.235859427512613
2056	0.039703358	0.210739509708095
2057	0.0027679675	0.0117783728156018
2058	0.5320485	0.659394351906863
2059	0.30268002	0.294886835842982
2060	0.12126951	0.398000299267544
2061	0.09093698	0.253224170543434
2062	0.42011735	0.662743251514706
2063	0.06678391	0.324980646419167
2064	0.014820435	0.0635285724612745
2065	0.017878847	0.0616103018902381
2066	0.02729334	0.110138092733333
2067	0.006615968	0.0207447999845714
2068	0.48256823	0.587274463474359
2069	0.01631462	0.145404700007143
2070	0.14898556	0.391489347400439
2071	0.18317528	0.0630084457057017
2072	0.22302417	0.539356405877778
2073	0.008939595	0.0173355088098062
2074	0.010551159	0.0245579684244737
2075	0.44588965	0.622993379046296
2076	0.020389186	0.0608137460628379
2077	0.011120418	0.0291431991102778
2078	0.10412699	0.352806826196569
2079	0.13259941	0.200316556243056
2080	0.13044065	0.0861320442795652
2081	0.24630901	0.133402383209677
2082	0.26440078	0.479295930809524
2083	0.021620294	0.0398340981734127
2084	0.022907041	0.0595492871022368
2085	0.020023132	0.254317889544444
2086	0.019871812	0.0444541397293651
2087	0.10635535	0.171744214619444
2088	0.48268285	0.470314487914957
2089	0.2073286	0.51146019675
2090	0.20547561	0.210234664122849
2091	0.068986565	0.110716767446373
2092	0.02439133	0.139058294207607
2093	0.44683585	0.554405107733333
2094	0.46052	0.313069939693694
2095	0.009678055	0.0581617093171667
2096	1.0105966	0.514262459445455
2097	0.42267266	0.456603254318859
2098	0.8975689	0.286674505409583
2099	0.0034157136	0.0115651412474444
2100	0.67232656	0.806228546601626
2101	0.064859524	0.112559497144596
2102	1.2225885	0.548326495444961
2103	0.5142388	0.548486969165789
2104	0.034948222	0.0217106354251515
2105	0.014727828	0.0780728571670543
2106	0.0070104706	0.0106868692284649
2107	0.08398275	0.166041775567824
2108	0.027950762	0.0266275355164286
2109	0.07816747	0.235280262217284
2110	0.0150153525	0.032431413838875
2111	0.37638977	0.410222264571631
2112	0.019577479	0.185453129076577
2113	0.9074227	0.547696785226984
2114	0.011568902	0.092923974709375
2115	0.0055931406	0.0561709443953333
2116	0.011621603	0.106723440700926
2117	0.44823924	0.348091330070588
2118	0.037532642	0.11423307578
2119	0.008374582	0.0987177882287037
2120	0.11143189	0.0801224893285586
2121	0.014948013	0.0501156767375
2122	0.029877655	0.0649317480736979
2123	0.0137429135	0.0547437638758772
2124	0.34390813	0.588390659542857
2125	0.17754507	0.296498557399242
2126	2.478989	0.72514168330754
2127	0.029235395	0.0337760891384259
2128	1.8504483	0.400148561601149
2129	0.92938334	0.396249507615741
2130	0.3629632	0.0911783078607954
2131	0.06431612	0.142694139909804
2132	0.018024344	0.109633342764762
2133	0.004840956	0.0476420932405128
2134	0.015824119	0.0893465490923889
2135	0.6828988	0.253670172792197
2136	0.16826561	0.145188063013039
2137	0.8182467	0.631244198599206
2138	0.15088755	0.0955429599632857
2139	0.013437723	0.0105208899193243
2140	0.29272765	0.248951663423684
2141	0.033628307	0.0775561193085715
2142	0.25878498	0.446235016049573
2143	0.4824364	0.41024481665122
2144	0.0230018	0.0110150816363636
2145	0.12215207	0.191797668999206
2146	0.043672152	0.0458072599082353
2147	0.3396085	0.187623497906159
2148	0.019517308	0.0258279808976563
2149	0.38065368	0.326700937256757
2150	1.2149651	0.722988967922222
2151	0.46114835	0.25480519605122
2152	0.7361237	0.719219015775
2153	0.009551981	0.722743912824787
2154	0.006462582	0.0402734371044444
2155	0.017454963	0.155257246296667
2156	0.1185132	0.0636857270693694
2157	0.027135612	0.0222476499966667
2158	0.0070134737	0.105215878602083
2159	0.012173071	0.0189186310183908
2160	0.021017209	0.0467998820752991
2161	0.004958557	0.0196890552028283
2162	0.92388225	0.302154447229167
2163	0.10411191	0.395024766134259
2164	0.033637047	0.0263877340089167
2165	0.074215904	0.245071147529032
2166	0.03668001	0.0794980245971265
2167	0.008104331	0.0502766464218518
2168	0.008575818	0.107228431217451
2169	0.018781241	0.0983712510331982
2170	1.0243534	0.430370935612745
2171	0.17663711	0.188195735203175
2172	0.008731012	0.0638459107575
2173	0.030788407	0.0604806683289352
2174	0.022427104	0.0290508560219512
2175	0.022068866	0.0808777679995098
2176	0.8186425	0.798871978071428
2177	0.020415502	0.0596643711171717
2178	0.0068193944	0.0628838513738739
2179	0.122186765	0.0834314466715447
2180	0.020154582	0.25266418890812
2181	0.2995262	0.142092992270046
2182	0.060326416	0.273543732905556
2183	0.012876839	0.238327657064474
2184	0.3535879	0.266022412242083
2185	0.011711762	0.136358890079065
2186	0.015298317	0.0225966971117391
2187	0.03627449	0.131301621436036
2188	0.0065491097	0.46071303649951
2189	0.037082255	0.0402889119011111
2190	0.9029531	0.201414141287613
2191	0.080668464	0.8286346423725
2192	0.2307927	0.220709366982018
2193	0.39790523	0.792200415882716
2194	0.012671282	0.0227729382749167
2195	0.032925032	0.064722000507037
2196	0.4660128	0.503699025718182
2197	0.012314084	0.0454740493084849
2198	0.3583198	0.24033548514381
2199	0.01610973	0.0714228466471111
2200	0.033317376	0.031146323443114
2201	0.19868626	0.0995376277798039
2202	0.10472509	0.121126663089899
2203	0.42007247	1.13429639245333
2204	0.023058599	0.067831674716954
2205	0.1752995	0.399764048704301
2206	0.20289576	0.224102543375
2207	0.2067874	0.363523050340476
2208	0.6281306	0.502805709471296
2209	0.63403034	0.467397291600775
2210	0.23413031	0.161065595863333
2211	0.0057207043	0.0300648823495833
2212	0.11113365	0.0633675474402084
2213	0.039667442	0.223634578979762
2214	0.06518801	0.262274052876829
2215	0.44307834	0.355918512603419
2216	0.28768915	0.145580177192204
2217	0.5467125	0.526607355721367
2218	0.019431118	0.08260553801375
2219	0.023588179	0.135170997637745
2220	0.050116234	0.185981106060101
2221	0.06308329	0.106771739544273
2222	0.0069610984	0.0190947630026667
2223	0.58344567	0.724601979496032
2224	0.05564403	0.124553129465789
2225	1.5989115	0.867363476391304
2226	0.02803359	0.121239963185714
2227	0.33174667	0.193260812359677
2228	0.3561416	0.0959090283301802
2229	0.005497296	0.0141969716876531
2230	0.5875919	0.12921670287549
2231	0.0035983466	0.0584116823624562
2232	0.08544015	0.309000398025806
2233	0.055906452	0.357000671540278
2234	0.0029695106	0.0368790600617105
2235	0.018408071	0.225717860581183
2236	0.008927054	0.0351315502072549
2237	0.033479415	0.0570893033202439
2238	0.060384437	0.0344997462125969
2239	0.08101491	0.194558449118333
2240	0.03243002	0.114706710282685
2241	0.030223947	0.0488270597071429
2242	0.016373152	0.0336784767816162
2243	0.5317684	0.636010993626126
2244	1.1115055	0.30879359255119
2245	0.26037943	0.436275137462381
2246	0.050945714	0.170895731351709
2247	0.20042177	0.417908622075
2248	0.09415405	0.0778316303651961
2249	0.3836069	0.298719924063726
2250	0.042027958	0.0718008928885135
2251	0.024589889	0.0837696483048387
2252	0.010744793	0.11549616386964
2253	0.011031685	0.0782359477714286
2254	0.0034511518	0.0130539941560088
2255	0.0072775804	0.0165867805495417
2256	0.32223812	0.655113914093137
2257	0.049656138	0.0170085121574479
2258	0.006363702	0.0791344789150388
2259	0.36501113	0.32094117704086
2260	0.007271848	0.00911392577356589
2261	0.30650258	0.405352957807143
2262	0.29010808	0.268193741046667
2263	0.038261726	0.0907231515605
2264	0.0064378623	0.0164671569408889
2265	0.4126813	0.531837158084314
2266	0.13171059	0.843632222578431
2267	0.13981897	0.226865432047222
2268	0.0069543743	0.0148243281347287
2269	0.09798015	0.0529790258297712
2270	0.22235408	0.259159954233772
2271	0.005943486	0.00651670570963964
2272	0.7550498	0.410936271478912
2273	1.0665934	0.470084879688034
2274	0.05386554	0.0512762287439899
2275	0.012932853	0.0295150095731579
2276	0.02172089	0.279933179277778
2277	0.10325288	0.025029451633287
2278	0.0071867183	0.173980131328922
2279	0.006771491	0.03300325194525
2280	0.003041068	0.0151279054156818
2281	0.17224027	0.0789270548744253
2282	0.03413563	0.0688854459931034
2283	0.020215455	0.0608768291275758
2284	0.019853933	0.12573530468
2285	0.00384778	0.0141077854744444
2286	0.06524524	0.348340896825877
2287	0.005442257	0.0169847311886486
2288	0.0159683	0.0154882299707018
2289	0.02667056	0.0213174895644444
2290	0.010617387	0.0197464122990909
2291	0.03167402	0.383253575829032
2292	0.007232873	0.10905718378179
2293	0.0062713586	0.0144626609067593
2294	0.35579202	0.109822505581095
2295	0.043386467	0.187804703668571
2296	0.10884399	0.118518684004861
2297	0.005757675	0.0234878222459211
2298	0.05883312	0.0357510655276423
2299	0.013282053	0.209241337318182
2300	0.007009146	0.0480966243062745
2301	0.24077815	0.773403692364865
2302	0.0037967807	0.0193073867536842
2303	0.6373422	0.643045451126263
2304	0.09889942	0.179642078792683
2305	0.18844496	0.333829179854412
2306	0.3720195	0.404445449304444
2307	0.002493351	0.0103278936249074
2308	1.1875633	0.486382109148095
2309	0.85333526	0.19637737291117
2310	0.0025172767	0.0282563830926577
2311	0.006543446	0.0171117600217105
2312	0.02947309	0.0537993926803419
2313	0.09368902	0.317826058755051
2314	0.016405193	0.0820985422035648
2315	0.77868754	0.291278956256818
2316	0.34061614	0.312716122923148
2317	0.047209013	0.201463557211538
2318	0.029615197	0.012046927794697
2319	1.0354414	0.402192902536111
2320	0.027401993	0.06866716464
2321	0.011365999	0.0569522828297368
2322	0.037306663	0.0615357204925439
2323	0.6045482	0.551778171833333
2324	0.67560107	0.474021644261905
2325	0.20077513	0.0715523329809009
2326	0.5193968	0.607632799946237
2327	0.17570287	0.283059657839583
2328	0.0022010286	0.0159591059004505
2329	0.16334967	0.475366643722369
2330	0.0049922927	0.0244864230839236
2331	0.008505696	0.0616593380419203
2332	0.033854235	0.196051563131707
2333	0.07620054	0.131895898858333
2334	0.0967677	0.206025898109211
2335	0.0030645332	0.0215557226868687
2336	0.13848864	0.343576061858065
2337	0.42121816	0.664828015986111
2338	0.67603046	0.613221469454701
2339	0.08840643	0.021985222345381
2340	0.017115781	0.0472876970974748
2341	0.11189544	0.118045685707407
2342	0.052873645	0.0320240487664865
2343	0.8903305	0.400584291352941
2344	0.029103199	0.0893125321429915
2345	0.05825716	0.260393350665417
2346	0.066523366	0.1307421930775
2347	0.22924009	0.0621489186932433
2348	0.8181512	0.279594720363793
2349	0.048257012	0.441189326217647
2350	0.030965267	0.201503456640385
2351	0.035329733	0.0668864369470833
2352	0.018637074	0.0172361634946212
2353	0.12873039	0.642868344112903
2354	0.6817005	0.67021932464
2355	0.11527676	0.5765417335
2356	0.018651167	0.132993373250833
2357	0.0243651	0.0595198770508334
2358	0.012047978	0.0681272122935135
2359	0.44562677	0.701835589640625
2360	0.33528426	0.399846910517143
2361	0.78640866	0.596505994525362
2362	0.0086107375	0.0192381471604878
2363	0.026623255	0.0475218595435556
2364	0.3783134	0.312826704713636
2365	0.29131347	0.51168128461748
2366	0.4559662	0.584668477311966
2367	0.00911398	0.0686084798994298
2368	0.020854583	0.0512061782989899
2369	0.05090409	0.172098442665714
2370	0.005635553	0.0204404423325758
2371	0.056061797	0.0460682118884146
2372	0.04640583	0.120971468415586
2373	0.00924459	0.0423680885057778
2374	0.011386702	0.12338063244075
2375	0.46001923	0.203087181721296
2376	0.011200568	0.193644315047807
2377	0.011079189	0.0198351871761382
2378	0.018318474	0.301901606865119
2379	0.5747571	0.764048522230769
2380	0.009049281	0.0121444726606667
2381	0.0145085575	0.0214179067270325
2382	0.0056918226	0.0329437837747685
2383	0.04596119	0.0611848367640278
2384	0.05277809	0.180904602941414
2385	0.99182844	0.220698251812037
2386	0.032302856	0.0947644210991453
2387	0.069333255	0.423018303005208
2388	0.17860594	0.27839649546369
2389	0.07423906	0.148471407603409
2390	0.3743182	0.345412255528509
2391	0.06316458	0.210265996930435
2392	0.5600941	0.114272574681623
2393	0.34438598	0.15698949464375
2394	0.6491147	0.33646172672027
2395	0.007818201	0.0212666207558712
2396	0.123508304	0.39206665175
2397	0.01790812	0.0226725295538158
2398	0.006125825	0.0125554015459722
2399	0.0065456796	0.0195767764757364
2400	0.07044704	0.40068846642
2401	2.2571466	0.49133053527451
2402	0.036732335	0.0880131012037634
2403	0.5913107	0.210340338097778
2404	0.0043987692	0.0126549364680263
2405	0.7072592	0.538131286237121
2406	0.007244174	0.0133811769431609
2407	1.2045476	0.211911008619444
2408	0.3531085	0.155607121099206
2409	0.013942675	0.0295629824608929
2410	0.088647395	0.104271527787523
2411	0.033029072	0.0102896878459756
2412	0.65051585	0.584259990098039
2413	0.018002337	0.0633509290240741
2414	0.06286567	0.12685081010625
2415	0.61871755	0.548843190411966
2416	0.0030964876	0.0142072764297312
2417	0.004307103	0.0145943436135366
2418	0.06177164	0.175062518960163
2419	0.0054528723	0.0631810185094286
2420	0.07846863	0.115557611945799
2421	0.17847309	0.121838728857083
2422	0.70308256	0.678296931346154
2423	0.016723245	0.0973964045541667
2424	0.0403744	0.0665330794903572
2425	0.013277172	0.0707396620074243
2426	0.0097337905	0.016312564571
2427	0.025707148	0.116102747552083
2428	0.2157699	0.142272583972188
2429	0.75697994	0.421967923027027
2430	0.08187476	0.664424004783688
2431	0.013129128	0.136293338821626
2432	0.06773808	0.173519928840741
2433	0.20197892	0.115191579280833
2434	0.15287302	0.577098057166667
2435	0.49378717	0.366578980101191
2436	0.052316085	0.030794885282973
2437	0.49257484	0.612587963789683
2438	0.0109762335	0.0530404503685897
2439	0.252808	0.61363514267197
2440	1.6468691	0.283469166248039
2441	0.042050257	0.119076644119167
2442	0.17743179	0.441341034907936
2443	0.048256893	0.531149489942983
2444	0.012361768	0.0130056567604688
2445	0.24904521	0.0933503234422765
2446	0.5225491	0.0685542004921053
2447	0.0043455637	0.0142163273638492
2448	0.0042473623	0.00835855590788618
2449	0.01643134	0.0157565161386364
2450	0.0036823065	0.0190998638965657
2451	0.04404077	0.135273374358694
2452	0.033371318	0.0367225229059375
2453	0.41089192	0.483288078414141
2454	0.5163039	0.644750528096032
2455	0.06340382	0.346105834276667
2456	0.77927125	0.3715817634
2457	0.0038354532	0.0302721530020968
2458	0.022106338	0.1474931844
2459	0.019695953	0.0317600237987654
2460	0.32295668	0.119659932352412
2461	1.2685755	0.349833029347872
2462	0.11208068	0.168148076014394
2463	0.28424707	0.631298484238095
2464	0.9454676	0.507378032832143
2465	0.0034901663	0.0110761792984921
2466	1.0349581	0.616241253392276
2467	0.014641857	0.0109483492909302
2468	0.00796555	0.0515975186606771
2469	0.09928204	0.238092397689899
2470	0.011697889	0.0148501983477928
2471	0.010436572	0.0718103455001709
2472	0.4444696	0.399192558934108
2473	0.12068594	0.110328830964414
2474	0.118347466	0.13055884641
2475	0.82966214	0.15014016408086
2476	1.9300005	0.466558254872917
2477	0.6567645	0.0650349975770325
2478	0.019656451	0.0397655099713415
2479	0.23181146	0.276504929236325
2480	0.0043274565	0.0278870179682813
2481	0.0983803	0.0327571085962162
2482	0.20644742	0.0592784071431944
2483	0.47456816	0.150109518057315
2484	0.017575404	0.359959401308519
2485	0.003038238	0.0144991164687719
2486	0.9124274	0.619951401149425
2487	0.34166127	0.46783543886
2488	0.011224495	0.0105730454088426
2489	0.044302646	0.0530138866307471
2490	0.2361395	0.610207565111111
2491	0.18873523	0.239988322726587
2492	0.03367191	0.0620922545115504
2493	0.036288027	0.203708150811574
2494	0.016399208	0.0347466067605714
2495	0.1882537	0.190513306568791
2496	1.2997551	0.399841004393333
2497	0.13761002	0.129102319561667
2498	0.0056445817	0.0157185698858333
2499	0.00513237	0.070048304485
2500	0.13785872	0.769024434155039
2501	0.30548766	0.183404178234048
2502	0.46898988	0.246989702166667
2503	0.53986925	0.346317865138739
2504	0.0067703985	0.232042282898208
2505	0.03220276	0.0964612941463158
2506	0.6642483	0.291947666887083
2507	0.0040769954	0.0625443699452703
2508	0.37663212	0.197317591893519
2509	0.01691319	0.0431327022145299
2510	0.022270361	0.00878312548211711
2511	0.005230409	0.0467324626183333
2512	0.1797255	0.449200902780952
2513	0.0074646114	0.0154691827690404
2514	0.46094617	0.194424470693229
2515	0.05569135	0.152117351326762
2516	0.020010537	0.0103699580466204
2517	0.026408585	0.46918099975
2518	0.32966697	0.296006310622059
2519	0.013268336	0.0582521682255128
2520	0.031158319	0.193569462057812
2521	0.55830026	0.366407866863008
2522	0.010191435	0.104436938131609
2523	0.00603122	0.02302149594975
2524	0.25717002	0.404456442256757
2525	0.111358084	0.120521026513492
2526	0.7929895	0.72899435258631
2527	0.019961378	0.0927397736897436
2528	0.004022361	0.0439422846410985
2529	0.11895661	0.235411917053922
2530	0.01371425	0.145279390102432
2531	0.2058231	0.15545224771092
2532	0.047264226	0.0537208757378378
2533	1.0210344	0.289413006477478
2534	0.18546586	0.420933359018229
2535	0.15321176	0.298138277541667
2536	0.6712476	0.427191620527652
2537	0.14656849	0.300656655614444
2538	0.050626814	0.129894234657204
2539	0.008229795	0.014041064865122
2540	0.0589692	0.0364007748370952
2541	0.08188449	0.394335769615315
2542	0.012636787	0.0367156263615873
2543	0.21023755	0.1054003941625
2544	0.013589357	0.131633160940657
2545	0.20827231	0.726779199333333
2546	0.026821822	0.334047813511667
2547	0.82019156	0.328399615024731
2548	0.02895601	0.0831147181738739
2549	0.06260318	0.0716969355503241
2550	0.19171603	0.145540229174583
2551	0.010589591	0.0233017518632083
2552	0.5720881	0.882210020193798
2553	0.023548255	0.14041245742875
2554	0.10575502	0.0781177389731183
2555	0.020619102	0.187006795253333
2556	0.065593794	0.0988795131083334
2557	0.017317435	0.014387374577375
2558	0.21906082	0.50304899975
2559	0.38294274	0.140770240233333
2560	0.018287556	0.039198239216
2561	2.7595983	0.742872645916667
2562	0.11015277	0.0978442132910256
2563	0.12137968	0.141556808439655
2564	0.32302395	0.386799511260163
2565	0.31903872	0.0400033723937985
2566	0.008879815	0.258255120725833
2567	0.42612058	0.48900898197549
2568	0.72135717	0.497271497773148
2569	0.53529257	0.382813241898374
2570	0.005438061	0.0237156274560465
2571	0.00592414	0.0542394263874762
2572	0.104195826	0.145028532262963
2573	0.009429102	0.0138636918022917
2574	0.20315193	0.0860017038436992
2575	0.5038673	0.401618086795635
2576	0.1542443	0.501383895260606
2577	0.014699929	0.0244673399951429
2578	0.0034161354	0.0113083565777778
2579	0.028791254	0.0599279949435185
2580	1.391723	0.802009537333334
2581	0.24739644	0.173153945807813
2582	0.07144009	0.0927845423315789
2583	0.108356796	0.287861266741709
2584	0.5337722	0.686868076696078
2585	0.010018795	0.138406317856489
2586	0.038100682	0.0187098430673932
2587	0.06832116	0.171186562582602
2588	0.15300229	0.498161182830729
2589	0.45729113	0.52416581237931
2590	0.0039140605	0.038261986181886
2591	0.0063515985	0.0195426554979583
2592	0.22595976	0.168211750090991
2593	0.29513517	0.252684449140816
2594	1.177252	0.237035575573643
2595	0.12464069	0.285365327158696
2596	0.022457967	0.0240688490689286
2597	0.011756047	0.0339288258006757
2598	0.05756641	0.148316646062626
2599	0.0033679777	0.0253459024426923
2600	0.095326476	0.0232479409471171
2601	0.011700854	0.132125978426042
2602	0.1857849	0.244089116419524
2603	0.07592669	0.37375818284
2604	0.012269812	0.0297313726271111
2605	0.19022807	0.483827955405128
2606	0.009160827	0.026241906044798
2607	0.010609102	0.0728368561078161
2608	0.518426	0.335359242239024
2609	0.059059367	0.0551687889563725
2610	0.004470542	0.107269767548932
2611	0.007868115	0.0249506840097826
2612	0.018167937	0.0110316016802778
2613	0.73135096	0.119822238459583
2614	0.27909747	0.38789281332549
2615	0.19856486	0.710376788129167
2616	0.0024341668	0.026746790421381
2617	0.47601676	0.488606635490909
2618	0.1327836	0.24077882209058
2619	0.008467311	0.0446661761805284
2620	0.31068555	0.533123417403333
2621	0.4279113	0.441295718094908
2622	0.8747644	0.45167782469375
2623	0.005067555	0.0307072372084722
2624	0.012361045	0.05777738030125
2625	0.25163883	0.366386387115517
2626	0.018527672	0.216117811635238
2627	0.15292884	0.325996649892544
2628	0.12111493	0.134977545490104
2629	0.013072529	0.0698196228303409
2630	0.010792001	0.336919903536171
2631	0.16715346	1.03105356082828
2632	0.01180743	0.0913635740104762
2633	0.65292984	0.44429105539058
2634	0.00767245	0.029612194128125
2635	0.11057368	0.671780848711482
2636	0.0046819737	0.0226195628381944
2637	0.009483511	0.0281562128341667
2638	0.14885536	0.323601066396237
2639	0.16456185	0.5676001077
2640	0.022970928	0.136691606800625
2641	0.017579686	0.0732101049794872
2642	0.034340568	0.299012123760684
2643	0.08064414	0.184938841451667
2644	0.8264892	0.852988223088542
2645	0.41124013	0.12135789664375
2646	0.26176944	0.22454281147381
2647	0.33672354	0.245287426478889
2648	0.013358069	0.0604294890154762
2649	0.026636353	0.425596642664216
2650	0.04253715	0.0331141824636036
2651	0.047795225	0.211337885009091
2652	0.3713212	0.212580916655405
2653	0.075455025	0.0282564316757143
2654	0.41190618	0.529539331707207
2655	0.8282313	0.647393034807017
2656	0.1992765	0.259445739140833
2657	0.22992848	0.191310134487647
2658	0.004785472	0.0133824255261828
2659	0.49100044	0.431867008383333
2660	1.285483	0.485326887922481
2661	0.15037799	0.138816598712255
2662	0.0611464	0.0965152895538461
2663	0.27007076	0.772615519085586
2664	0.19820087	0.13527634587735
2665	0.0066731386	0.00695140779216667
2666	0.026813073	0.300852893313333
2667	0.12968831	0.516315169082883
2668	0.0030406362	0.0398260407301163
2669	0.0107673	0.0787630046260985
2670	0.007546792	0.0258056897586574
2671	0.039781753	0.252645580121505
2672	0.028871968	0.0246836746559896
2673	0.010336979	0.0214133676983761
2674	1.1389806	0.578664663655747
2675	0.15640183	0.315503181485417
2676	0.11060703	0.283466403071667
2677	0.003674329	0.0902956772927928
2678	0.010424581	0.0566881023166667
2679	0.04486836	0.0219458232618333
2680	0.016907156	0.174608313036869
2681	0.28821102	0.455435705576191
2682	0.18316038	0.199534539328687
2683	0.02364309	0.155309780090794
2684	0.16598421	0.221839011445833
2685	1.6034883	0.572816183513513
2686	0.01232218	0.0362222566170417
2687	0.017511122	0.0195619566535714
2688	0.091483936	0.0979083962535354
2689	0.1258017	0.293163483837963
2690	1.02997	0.424450181669697
2691	0.0039649443	0.0257530569531111
2692	0.008335566	0.0998011530820175
2693	0.39670593	0.326558048757619
2694	0.0070973793	0.0521965673327778
2695	0.45043504	0.330420332391177
2696	0.028268915	0.0420674627233871
2697	0.3912843	0.413077393567778
2698	0.05457187	0.104021323541667
2699	0.07354039	0.326226683365625
2700	0.09518488	0.226137230429902
2701	0.17995647	0.154321775202222
2702	0.03410545	0.054132985915812
2703	0.09728247	0.441892035279798
2704	0.015049957	0.0134100887530072
2705	0.5969507	0.46386798982598
2706	0.01741994	0.0190547749607143
2707	0.16697122	0.0652663669174074
2708	0.007676994	0.0151660264163235
2709	0.37914324	0.53844276439037
2710	1.0292726	0.233040765050225
2711	0.16033004	0.452382793537374
2712	0.03257828	0.0608834411870968
2713	0.026027935	0.0727000503346847
2714	0.3638089	0.491660104775758
2715	0.050094135	0.461556890861111
2716	0.18184297	0.424111672575
2717	1.0574993	0.41312467420202
2718	0.016601909	0.0463324616762366
2719	0.040765222	0.152870600832265
2720	0.6208443	0.351370723876068
2721	0.051893678	0.0199232506140625
2722	0.5539363	0.602741901677083
2723	0.5542347	0.450120218841667
2724	0.007955211	0.0306003914457207
2725	0.005459857	0.140249239051417
2726	0.35033926	0.19552429936124
2727	0.011721606	0.08191218105
2728	0.010627166	0.462307508694445
2729	0.016333004	0.074686843597381
2730	0.17449304	0.0861577048109524
2731	0.0091178985	0.050053077022973
2732	0.04455627	0.152800211425
2733	0.24918438	0.170423336898693
2734	0.50287586	0.345661788859375
2735	0.05934444	0.17597772812807
2736	0.06196857	0.320798187706863
2737	1.1537479	0.0684554501300476
2738	0.62113905	0.577713012357143
2739	0.02374758	0.271535737418687
2740	0.14171913	0.260189585188384
2741	0.01241393	0.0847702209014706
2742	0.16324852	0.568415920152688
2743	0.0043485775	0.0170005398494583
2744	0.003179655	0.0264463589428378
2745	0.03110768	0.131813342910088
2746	0.33773363	0.266208025367157
2747	0.016131504	0.0241862302514646
2748	0.024193835	0.0232823031103704
2749	0.042884257	0.0730592221541319
2750	0.0061149127	0.0131870454209167
2751	0.6831782	0.471303837451389
2752	0.008208206	0.020332882440202
2753	0.15386392	0.31911229367963
2754	0.010558727	0.00968941445929488
2755	0.30517617	0.0869171712021296
2756	0.120002896	0.699366758941667
2757	0.1810664	0.105144279643919
2758	0.07304301	0.13205871981018
2759	0.09199018	0.221509991713441
2760	0.7614832	0.659209990934343
2761	0.13606302	0.0491762367936937
2762	0.10033513	0.804267025470588
2763	0.18381065	0.0917149897324787
2764	0.37297118	0.387562602998106
2765	0.003720228	0.0197077643524537
2766	0.117098324	0.444989283732946
2767	0.06951432	0.0833074302713158
2768	0.35361254	0.111800832093229
2769	0.13272108	0.15237419297547
2770	0.068986975	0.271223999155833
2771	0.017861873	0.0299862902136111
2772	0.0038513334	0.0119483810587281
2773	0.020509876	0.0197188011366176
2774	0.05705613	0.0627806823005405
2775	0.03271504	0.0242864416546296
2776	0.01151103	0.0134538173178395
2777	0.009985618	0.107363516352903
2778	0.18251248	0.161774619935714
2779	0.052714515	0.118607255702424
2780	0.013397328	0.0763550559238462
2781	0.0056955223	0.0182251766939837
2782	0.64084214	0.308214081114634
2783	0.13991496	0.102893327087745
2784	0.14461248	0.351066898083333
2785	0.017316576	0.189174462023333
2786	0.048441064	0.101094709733046
2787	0.31492472	0.153225425888021
2788	0.021009361	0.0135275047331944
2789	0.07582786	0.142931001449524
2790	0.11538567	0.283178978392929
2791	0.0036565228	0.0104461271556098
2792	1.3364404	0.125413831974375
2793	0.04467414	0.117116830940789
2794	0.014816905	0.016036547695381
2795	0.0016612398	0.015096931443172
2796	0.20404293	0.463583544346875
2797	0.009779654	0.0570883453350428
2798	0.006773189	0.0494763609012381
2799	0.27024168	0.302866155912255
2800	0.030185042	0.0540643488892391
2801	0.13286163	0.411866212926389
2802	0.0103477035	0.066509671080787
2803	0.09057688	0.493679035715603
2804	0.04138643	0.195850926127027
2805	1.9228593	0.459256394955882
2806	0.1417419	0.172249977176423
2807	0.25108463	0.373479567970833
2808	0.003719536	0.0125670503255405
2809	0.044903945	0.014190339316748
2810	0.076268524	0.252121089919271
2811	0.24564281	0.467580888241667
2812	0.2581918	0.818639262803571
2813	0.1439229	0.4953835466375
2814	0.029459737	0.0153584288860465
2815	0.090251796	0.101492535386232
2816	0.048589587	0.0864644825
2817	0.009462514	0.0342806390840351
2818	0.121285655	0.362416759820748
2819	0.01323172	0.0389340832519737
2820	0.09968448	0.295898417568919
2821	0.17541397	0.204348770896808
2822	0.50481164	0.528612970486487
2823	1.0702981	0.346505738092886
2824	0.090441905	0.343100182972072
2825	0.15449068	0.272136516933889
2826	0.045223717	0.041273381004188
2827	0.032423563	0.0207044842657037
2828	0.0055717593	0.0583600524609375
2829	0.56785685	0.106929225895405
2830	0.60226005	0.142454192461458
2831	0.5019775	0.903901701275
2832	0.04732621	0.085475892126746
2833	0.038273435	0.143902064821759
2834	1.1786697	0.282953054667593
2835	0.007508664	0.0157534618578829
2836	0.0057376786	0.0667227385035417
2837	0.059742887	0.244842940794309
2838	1.5741212	0.557224924638211
2839	0.02387106	0.0823586525492647
2840	0.05345946	0.0840291466136752
2841	0.049446333	0.0684508447843496
2842	0.006887745	0.0225553453607083
2843	0.2021978	0.0849646469506667
2844	0.0033480749	0.023831603067561
2845	0.018458175	0.0139489972998246
2846	0.27950776	0.119546867943287
2847	0.02288242	0.0170726052446237
2848	0.8379791	0.448890035545699
2849	0.042187706	0.057102502375625
2850	0.056976937	0.399389763155208
2851	0.26011094	0.266066435105556
2852	1.1837493	0.182538071613675
2853	0.077119	0.23080612572871
2854	0.010535368	0.0177355086507752
2855	0.02389157	0.0753196545997312
2856	0.6968475	0.541706540402564
2857	0.25372046	0.293671861348925
2858	0.012418243	0.0104182906692857
2859	0.3415202	0.228623695672917
2860	0.35472435	0.572122856983334
2861	0.15700121	0.13820963764186
2862	0.0121807875	0.0148792240608796
2863	0.013362114	0.0149214986759649
2864	0.05518917	0.175381220912083
2865	0.6663763	0.737514824857143
2866	0.4661737	0.551519659673644
2867	1.0179839	0.568608266979167
2868	0.17502974	0.543983169905556
2869	0.015033722	0.0959429366531915
2870	0.05756349	0.276216775734286
2871	0.13123314	0.224422885270833
2872	0.024581611	0.103224463344167
2873	0.0857527	0.293155139556566
2874	0.19522718	0.216582239896171
2875	1.3497493	0.604914468810101
2876	0.0047468543	0.0408044163157292
2877	0.9591462	0.798843782850695
2878	0.18188287	0.240240299976852
2879	0.32649344	0.24562777292963
2880	0.0093310755	0.0805274202685714
2881	0.032058965	0.103568578948095
2882	0.16781111	0.387109159833333
2883	0.0034458125	0.00829891598193694
2884	0.055691622	0.222181593832018
2885	0.35896924	0.497629353283784
2886	0.11014225	0.0134567616263131
2887	0.12945415	0.221381834412255
2888	0.03065121	0.0369204358197222
2889	0.19472978	0.106658849878862
2890	0.17159021	0.308534753103604
2891	0.1421159	0.120804582089394
2892	0.41242304	0.5500340326
2893	0.21782608	0.31196063697598
2894	0.26484016	0.221999026115789
2895	0.114823215	0.13445140160404
2896	0.12949002	0.217845014860163
2897	0.45109957	0.583828136563492
2898	0.20334071	0.413572887607692
2899	0.40988353	0.442631104145455
2900	0.030379483	0.0257106583389583
2901	0.10434688	0.0366884929611111
2902	0.012081019	0.0483089775166667
2903	0.02791321	0.066468567851087
2904	1.309443	0.286580627399781
2905	0.010102089	0.0751806078374748
2906	0.1765307	0.235519859397917
2907	0.052148577	0.200794512538739
2908	0.20173116	0.314387134794186
2909	0.07409955	0.129495831893434
2910	0.005814578	0.0267668870652083
2911	0.0033790544	0.00813674428369792
2912	1.2307427	0.864891151541667
2913	0.011923253	0.502939625915531
2914	0.15409976	0.0651022321923424
2915	0.018068228	0.0813483587845833
2916	0.019537902	0.0170414101655303
2917	0.020632358	0.0626117409828432
2918	0.23780404	0.175819416615151
2919	0.20914294	0.51348354314186
2920	0.3579547	0.589787568418421
2921	0.09097992	0.222309782218182
2922	0.00856729	0.0445145138522522
2923	0.17003548	0.182865352892105
2924	0.11499773	0.2379688921688
2925	0.38455653	0.712425857439815
2926	0.95256037	0.329741115528175
2927	0.25348985	0.517173882115385
2928	0.2682659	0.134438801240404
2929	0.033532362	0.0766157209145299
2930	0.18818596	0.174916093561905
2931	0.027964212	0.0319679771539524
2932	0.015227306	0.213354300174564
2933	0.024579626	0.323600250975417
2934	0.01096891	0.0609401410914035
2935	0.018926641	0.11530871625202
2936	0.01005853	0.0595231347923423
2937	0.56147707	0.240537032286795
2938	0.1317548	0.0737658473791146
2939	0.006871045	0.0153268628218217
2940	0.02635125	0.0473090077337083
2941	0.00348223	0.0139040051621905
2942	0.12039775	0.411146979975877
2943	0.11691794	0.221936135387222
2944	0.3501129	0.465244853365854
2945	0.030475793	0.359955394817568
2946	0.0030461617	0.00690991208833333
2947	0.36697385	0.587957024692708
2948	0.014566639	0.136185936982946
2949	0.122577034	0.218843087208333
2950	0.19613494	0.574592679218254
2951	0.051891055	0.096889389472973
2952	0.20391113	0.107011834622807
2953	0.8869418	0.444211872592262
2954	0.27898192	0.121656249248684
2955	1.0767227	0.535428041552632
2956	0.022359833	0.216526650111616
2957	0.6788137	0.429569552568817
2958	0.019081974	0.045823225180787
2959	0.08169366	0.261061359119583
2960	0.01731762	0.113713168913333
2961	0.007928841	0.00625436561392857
2962	0.009044097	0.0199507648644286
2963	0.017717285	0.0494283623331396
2964	0.016769098	0.0347962056393162
2965	0.061184827	0.176965581595614
2966	0.13194896	0.458541929953704
2967	0.0034253658	0.019412467142197
2968	1.6968125	0.61448093804955
2969	0.5644278	0.404285327304023
2970	0.329467	0.574300559575203
2971	0.21351005	0.563940069287255
2972	0.0029587862	0.01097072399
2973	0.03876545	0.152373269315
2974	0.011416886	0.135580160218537
2975	0.11915228	0.318059647716667
2976	0.005542614	0.0209705896200397
2977	1.8393523	0.653254311021368
2978	0.2870497	0.11027702927803
2979	0.07704788	0.165838209160256
2980	0.305046	0.11240533717098
2981	0.018658463	0.121858280349043
2982	0.015864179	0.404024922439837
2983	0.01879983	0.0517949325418055
2984	0.0041948957	0.0162528804513063
2985	0.10093087	0.0809887117425439
2986	0.016307034	0.0221217102313889
2987	0.4512715	0.195410701494298
2988	0.005740889	0.0135420562571569
2989	0.029796591	0.066238693236875
2990	0.8372779	0.630679884650388
2991	0.24489579	0.0595651451586765
2992	0.07170575	0.275639731097778
2993	0.008429284	0.0181004194446296
2994	0.0603591	0.257549977342473
2995	0.46833795	0.466769155546354
2996	0.7422442	0.498993170010965
2997	0.021417953	0.12147093698172
2998	0.14903596	0.308499304173148
2999	0.7002288	0.548935654313008
3000	0.13913491	0.374250943585859
3001	0.32580477	0.412008618526316
3002	0.0044707633	0.0203403892920238
3003	0.047737323	0.0679592724384722
3004	0.85738426	0.46768915680303
3005	0.32073122	0.420894637263636
3006	0.050729364	0.0359064305154065
3007	0.8393634	0.662994493817204
3008	0.93650913	0.831770981310345
3009	0.22535107	0.107505904239216
3010	0.0025753658	0.0186108648477083
3011	0.009791216	0.0918331503
3012	0.022785548	0.0792292883123577
3013	0.005011012	0.0111405091970175
3014	0.12987179	0.432235362510684
3015	0.038064092	0.242798941644444
3016	0.021053847	0.105060772026618
3017	0.7683681	0.611363217583333
3018	0.15401761	0.154896488409352
3019	0.024875144	0.182109131818605
3020	0.015305673	0.155684494668915
3021	0.48191023	0.406608602184685
3022	0.32764965	0.291460061901111
3023	0.12819031	0.475807010844697
3024	0.08355238	0.103892103213131
3025	0.06481828	0.03675131551125
3026	0.85320187	0.403025685513131
3027	0.021505704	0.197510567118468
3028	0.13571003	0.550307039418982
3029	0.02862328	0.0487230495665854
3030	0.18246683	0.1934087657
3031	0.2108177	0.452731286759259
3032	0.012774308	0.100282466331569
3033	0.48021302	0.652022552028736
3034	0.021025049	0.121180642351163
3035	0.030545073	0.104275916887162
3036	0.012850775	0.0134494089028571
3037	0.873194	0.445739468276389
3038	0.08412057	0.250566299116667
3039	0.7197356	0.129827740576869
3040	0.13003147	0.155592040179896
3041	0.71527255	0.733633624504505
3042	0.014986742	0.0631065577563954
3043	0.006312143	0.0347551938392857
3044	0.16427475	0.0859419066821429
3045	0.025282742	0.0642181775060215
3046	0.015692268	0.122156795338515
3047	0.5138978	0.636878450657143
3048	0.0028735783	0.0133574261905856
3049	0.02339733	0.104424845131746
3050	0.064829886	0.0983422550983333
3051	0.021696856	0.0101719937172222
3052	0.046754442	0.103385611248542
3053	0.15794206	0.657051481739316
3054	0.61108136	0.221296222863514
3055	0.039677847	0.112141297313101
3056	0.51051015	0.254691676620732
3057	0.03017132	0.0685566899386232
3058	0.81242216	0.415347349421212
3059	1.2741842	0.326401646908527
3060	0.25596318	0.128238871873106
3061	0.061233	0.346670058410937
3062	0.088861726	0.125382160543694
3063	0.11374691	0.303675277552148
3064	0.046411544	0.16018513939364
3065	0.35940504	0.403322861082292
3066	0.042002477	0.0199583302091667
3067	0.01651999	0.120101902934103
3068	0.13662438	0.269057585303636
3069	0.10175893	0.129998045940686
3070	0.040478036	0.0728277382355073
3071	1.2424227	0.665106401655285
3072	0.051523846	0.0393721547281019
3073	0.2303247	0.252900796128378
3074	0.28944662	0.769658899947368
3075	0.0606169	0.085730257699009
3076	0.06815727	0.0986927189298148
3077	0.07789149	0.439982373645833
3078	0.12120836	0.0683425758477632
3079	0.3163748	0.118248129085366
3080	0.010876247	0.0431210581147396
3081	0.044352178	0.219334357686364
3082	0.07779622	0.233334517991667
3083	0.030428745	0.060899216422
3084	1.8116894	0.595762576525714
3085	0.11098682	0.130744057994259
3086	0.0509433	0.115311671016667
3087	0.34241274	0.368089762778704
3088	0.02044057	0.390565929373504
3089	0.05080723	0.0256788714798387
3090	0.19849388	0.592234486695238
3091	0.0059802355	0.0281851605221545
3092	0.50069296	0.504863418809524
3093	0.052687127	0.0916890266044715
3094	0.53910434	0.624468254688034
3095	0.2311712	0.225605188506522
3096	0.07309371	0.0621447859294218
3097	0.050383903	0.0417640284574583
3098	0.005276983	0.0319904603081081
3099	0.33499646	0.392795655640351
3100	0.00392834	0.0168736050693333
3101	0.021125214	0.0643211835132576
3102	0.19218685	0.348682109581982
3103	0.7361778	0.632352460208333
3104	0.024741411	0.150627872707407
3105	0.011974232	0.0535086019632184
3106	0.07085696	0.128932869510101
3107	0.06625003	0.334282860968056
3108	0.06081449	0.0276240902861667
3109	0.081249915	0.118078588702906
3110	0.24305023	0.342209198730081
3111	0.54852104	0.758620982256757
3112	0.06939339	0.461791706833721
3113	0.018002115	0.040991323476
3114	0.17444743	0.371285759801515
3115	0.16649616	0.41107846518037
3116	0.3368011	0.631842147824562
3117	0.4824232	0.216384939744186
3118	0.091710284	0.123439832110417
3119	0.026130624	0.024923572951
3120	0.09817647	0.138414591632381
3121	0.06866746	0.0594929922126437
3122	0.0638643	0.204576788975887
3123	0.043307938	0.193920398661154
3124	0.3275824	0.0427779353758889
3125	0.010507952	0.0873175824781183
3126	0.00676833	0.0342185677865315
3127	0.13216013	0.608201753609649
3128	0.35363406	0.31615552230098
3129	0.08569073	0.517766573539682
3130	0.034282826	0.0429782748824324
3131	0.4379847	0.435998348166667
3132	0.019406669	0.0907224753294444
3133	0.32667074	0.167351040850388
3134	0.0035612574	0.0128885406172396
3135	0.006948384	0.124000429384234
3136	0.0062012547	0.021583051850991
3137	0.19455315	0.250858191650083
3138	0.4083321	0.696428205767901
3139	0.025211388	0.0637500722111966
3140	0.39811414	0.635173005220953
3141	0.07781116	0.288333873948542
3142	0.0139668835	0.0961709007311111
3143	0.009157704	0.0602998334572072
3144	0.00578315	0.0545503149935833
3145	0.022731517	0.085732401342598
3146	2.130858	0.567775503349573
3147	0.004923004	0.0193113496598062
3148	0.40013167	0.656457449368687
3149	0.31678936	0.478865022153101
3150	0.03395312	0.154011448080093
3151	1.4113353	0.310809139403889
3152	1.8411534	0.418713508609722
3153	0.020321583	0.0581810005743827
3154	0.0027651696	0.0111740493191204
3155	1.2714713	0.786309930738739
3156	0.003291886	0.0133183071707812
3157	0.005252393	0.0303660288144118
3158	0.7185961	0.510729902448718
3159	0.21391205	0.463698501494792
3160	0.025964333	0.107008179121705
3161	0.027414994	0.130767226762302
3162	0.035436567	0.2913258637
3163	0.07518686	0.207588373327957
3164	0.319499	0.0837211530240625
3165	0.084228605	0.316185372879032
3166	0.031217387	0.09366890643425
3167	0.18443868	0.448684586644737
3168	0.008516016	0.00951821244107143
3169	0.022211924	0.013673837495
3170	0.50401855	0.410789647915555
3171	0.1119207	0.106370573918056
3172	0.063474745	0.141573310183854
3173	0.18465894	0.35347329870307
3174	0.008062165	0.00932246762533333
3175	0.04657991	0.103068327554032
3176	0.12145495	0.314512500306667
3177	0.02347843	0.107431452305315
3178	0.014763233	0.0252004937831349
3179	0.010646369	0.0142090006951667
3180	0.018522218	0.103491972097222
3181	0.10828524	0.155018975963278
3182	0.1520855	0.142216647791036
3183	0.0068760333	0.0638317422397222
3184	0.09392703	0.250813055759402
3185	0.16087557	0.364848316263021
3186	0.06624827	0.0649806668698214
3187	0.06968965	0.167695557077941
3188	0.76129735	0.88921499361828
3189	0.13577607	0.15544048651248
3190	0.48960352	0.417229157017105
3191	0.06588537	0.148120620865315
3192	0.057437304	0.169718949941026
3193	0.06571793	0.183134085624194
3194	0.41976216	0.464450295248485
3195	0.21298553	0.0197491419886434
3196	1.1860307	0.794678723524306
3197	0.15632236	0.228966461815766
3198	0.1972581	0.367173901285784
3199	0.730568	0.510434105568628
3200	0.06136255	0.301517414376016
3201	0.11272349	0.530670359573148
3202	0.73830074	0.126006097896875
3203	0.029207332	0.0303813190179167
3204	0.008609603	0.0521533021370833
3205	0.023312816	0.0235036997070202
3206	1.5440607	0.501595136820707
3207	0.15239061	0.383602715479279
3208	0.6723045	0.433369587839815
3209	0.0030146432	0.0140372404929487
3210	0.0049635377	0.0120966253725417
3211	0.07801721	0.521976708535088
3212	0.02890761	0.240001175227941
3213	0.8884567	0.56074130174359
3214	0.02621858	0.00931497588747863
3215	0.012515618	0.0134726004859756
3216	0.46745014	0.351994420257143
3217	0.03468467	0.387389726588288
3218	0.011581112	0.11522834496025
3219	0.3128204	0.506902892048649
3220	0.5827971	0.281717842750833
3221	0.033009432	0.104740764111591
3222	0.801592	0.935280694623016
3223	0.04045575	0.141188397224806
3224	0.078099824	0.120335871234286
3225	0.012096964	0.0918663996098291
3226	0.01273891	0.0852948987085366
3227	1.0800005	0.885640714392157
3228	0.06954661	0.12731031525812
3229	0.24751976	0.187611103962281
3230	0.024362255	0.50982630437037
3231	0.012151619	0.0188427541105882
3232	0.22643901	0.149171964542248
3233	0.0054763495	0.0135894679787963
3234	0.043508593	0.172552388080631
3235	0.20586695	0.0906919946485714
3236	0.007821353	0.0124272002230208
3237	0.07847284	0.0735421662941919
3238	0.10798148	0.247734658501905
3239	0.03238856	0.00885100473525926
3240	0.006609045	0.0445498140707407
3241	0.008857123	0.0741987174857018
3242	0.008275218	0.343728706193687
3243	0.0692055	0.134638537583694
3244	0.06386864	0.00672982295710784
3245	0.012861708	0.149683842873246
3246	0.1253381	0.388183312857143
3247	0.04651962	0.167848374260556
3248	0.06182274	0.0688656465530488
3249	0.047956496	0.0680018117157051
3250	0.006512063	0.117612816836404
3251	0.0049999766	0.0125735237
3252	0.052957978	0.22717560903375
3253	1.783505	0.795801572779279
3254	0.39401117	0.28687564640914
3255	0.014920614	0.0351491583855747
3256	0.6440451	0.370859777155417
3257	0.002899457	0.00873415342310811
3258	0.02665412	0.0248799280012195
3259	0.5834266	0.519689889393496
3260	0.48376065	0.801908181152778
3261	0.02077695	0.171986558316239
3262	0.56221944	0.41267228375
3263	0.74043083	0.310619390428646
3264	0.084218465	0.306177595915833
3265	0.72631925	0.305667777964368
3266	0.1613491	0.268356178806504
3267	0.010174891	0.069947586505
3268	0.4636951	0.32489915294697
3269	0.014953822	0.0177176640197619
3270	0.77901745	0.639291502599099
3271	0.1022212	0.246753803193254
3272	0.0073229447	0.0815173242650407
3273	0.04339547	0.0800044434872396
3274	0.052707933	0.0459874091042187
3275	0.25890967	0.355184600164706
3276	0.40684184	0.291335853684615
3277	1.0897907	0.876398365775862
3278	0.35032228	0.628568884528455
3279	0.09630067	0.098170854039899
3280	0.4331441	0.143351330057143
3281	0.33571067	0.307711292734259
3282	0.0037291306	0.0181175914051389
3283	0.06597349	0.339136343149524
3284	0.40552717	0.351320883503333
3285	0.17385302	0.456288976295833
3286	0.11187041	0.694336659432323
3287	0.19254275	0.388640394080488
3288	0.013750911	0.0827191850952381
3289	0.17560925	0.199198082912963
3290	0.22609292	0.175544011480392
3291	0.16912392	0.18835132038381
3292	0.16161455	0.0760496443710606
3293	0.48963174	0.209796175662719
3294	0.0027770407	0.0134431909836364
3295	0.050638348	0.134885922515766
3296	0.03770959	0.146070424617117
3297	0.028379709	0.131345736922059
3298	0.12872729	0.441634130393011
3299	0.014674977	0.0130540523428241
3300	0.049991127	0.111593287173551
3301	0.03927973	0.191067658969333
3302	1.5920153	0.189062798661429
3303	0.013022132	0.138053109048578
3304	0.03566638	0.320623720443137
3305	0.35215953	0.242889542106897
3306	0.008308629	0.0165504765443333
3307	0.25364166	0.503506079386752
3308	0.16022824	0.414759504905392
3309	0.072480515	0.328105878513726
3310	1.4843487	0.468537014486667
3311	0.08188395	0.0830361320422481
3312	0.64975125	0.69036916999899
3313	0.27070558	0.0807728543680808
3314	0.06642778	0.240604001828509
3315	0.003650162	0.0145899873442083
3316	0.01882251	0.350810755423809
3317	0.16434668	0.327338654400439
3318	0.009435204	0.0915632594541666
3319	0.23938034	0.268756971421795
3320	0.046954397	0.0307266984945238
3321	0.09948123	0.345950931667619
3322	0.013174452	0.0382598477771368
3323	0.01528075	0.063805526007027
3324	0.27861893	0.399233987379524
3325	0.27222788	0.212682620609009
3326	0.90379274	0.808552949810811
3327	0.012212759	0.0207389500022973
3328	0.90342534	0.658957176425
3329	0.48505732	0.722813134561404
3330	0.25840634	0.330654534227941
3331	0.20036998	0.247544995730729
3332	1.0322531	0.538390167790476
3333	0.031740572	0.175216580540171
3334	0.124236	0.408147493761111
3335	0.29548386	0.514818314077334
3336	0.41939253	0.581189139711905
3337	0.12244704	0.595786477693799
3338	1.4577235	0.724752507711712
3339	0.19110905	0.271387263324324
3340	0.03767924	0.0564359613125
3341	0.088433735	0.0298264731010494
3342	0.007603719	0.0325096357007456
3343	0.12569235	0.415362928013978
3344	0.0111118145	0.0121889693732828
3345	0.17456666	0.576067395175926
3346	0.009590174	0.125189099794115
3347	0.18622665	0.146769170541481
3348	0.4310355	1.00081422577917
3349	0.3802264	0.406260808377778
3350	0.17952865	0.333441445779032
3351	0.012227056	0.0188164171295833
3352	0.008776676	0.0542324048134685
3353	0.0048573175	0.0104270218612963
3354	1.972264	0.184030615358158
3355	0.04996297	0.0649407493094907
3356	0.032760914	0.134332857572381
3357	0.01401814	0.00569075932893939
3358	0.30448014	0.380799791074806
3359	0.005952008	0.013863100974386
3360	0.032174613	0.130005316525926
3361	0.023522032	0.0189765868626191
3362	0.013242945	0.0412699050114773
3363	0.268653	0.779186210552381
3364	0.3817332	0.632538732572917
3365	0.055862263	0.0834689927714912
3366	0.95698524	0.510184324963675
3367	0.007219383	0.0104526564626263
3368	0.009424932	0.023816707487
3369	0.12358248	0.061514213615
3370	0.7996576	0.665660271945833
3371	0.62584656	0.406536627691667
3372	0.7127205	0.189777045327708
3373	0.16069691	0.0415048894921505
3374	0.46317062	0.587996930359596
3375	1.0649532	0.203348736341398
3376	0.14488427	0.249930069969097
3377	0.19379397	0.102799888820098
3378	0.042609435	0.0474888759423864
3379	0.041648433	0.0459868081519608
3380	0.056341458	0.15575434838
3381	1.3367553	0.127086029340583
3382	1.0992786	0.5333517088375
3383	0.01850657	0.105251632067204
3384	0.017323302	0.060800512514693
3385	0.16759017	0.496568861624
3386	0.14372838	0.198882633219762
3387	0.024187068	0.225796895112037
3388	0.09671064	0.161122551927174
3389	0.058684193	0.166240052263939
3390	0.043367192	0.0182100373339922
3391	0.05521416	0.413405358268605
3392	0.10108516	0.0840304374333333
3393	0.22817883	0.0595057004323931
3394	0.13426948	0.439352123962333
3395	0.5107698	0.741841203039216
3396	0.23587294	0.0990710010295727
3397	0.06969103	0.130248581590451
3398	0.095615365	0.210676720228205
3399	0.24654973	0.15818826090375
3400	0.012008368	0.0789428219707265
3401	0.07857437	0.20599737404023
3402	0.02527459	0.115054561335965
3403	0.2691472	0.303364007907207
3404	0.05505325	0.0243548875121296
3405	0.019746257	0.0304135781688288
3406	0.01017542	0.0120880053441667
3407	0.005857786	0.0138068435638288
3408	0.008352405	0.0826333327052381
3409	0.31273475	0.373983692786957
3410	0.010882029	0.0166527986936742
3411	0.118653595	0.290649509587121
3412	0.022371534	0.0685265725588542
3413	0.13861245	0.281021918948837
3414	0.22812337	0.241364314671212
3415	0.18608108	0.063723529642619
3416	0.092856996	0.0287709715520588
3417	0.28725415	0.403755576025521
3418	0.06050503	0.0373738654618628
3419	0.12332234	0.636721940515625
3420	0.12090248	0.246871154401389
3421	0.07504869	0.0926442139877193
3422	0.11795907	0.0972392674369048
3423	0.024892136	0.0752664368746341
3424	0.071160235	0.318059640199583
3425	0.3319292	0.439107923020833
3426	1.3818771	0.404817354327236
3427	0.0059840735	0.0158971439901613
3428	0.011225581	0.080074350154798
3429	0.08253029	0.115455801122381
3430	0.06334699	0.154542156627333
3431	0.0407547	0.0218376193649099
3432	0.018179372	0.0152065651159596
3433	0.100214705	0.0327629865051333
3434	0.009470221	0.106077269035648
3435	0.00623703	0.129058465502703
3436	0.08029171	0.104388187451905
3437	0.06875224	0.187058374102632
3438	0.06739205	0.197077779115741
3439	0.3447758	0.257829969287407
3440	0.23426792	0.320494718484649
3441	0.19168489	0.21960566987963
3442	0.013267956	0.030632567460991
3443	0.004852491	0.0286712071466667
3444	0.017491883	0.0895821986556746
3445	0.14613272	0.375755494014286
3446	0.04379949	0.0383433975797155
3447	0.22569247	0.285085564116667
3448	0.74666315	0.376357234283333
3449	0.27866814	0.417118323733333
3450	0.23607312	0.263493597911275
3451	0.7191865	0.494108748015315
3452	0.11734467	0.397395641619841
3453	0.01191612	0.12289128738399
3454	0.018250009	0.0561343071677519
3455	0.4272198	0.919066927827381
3456	0.15167724	0.288527692742544
3457	0.035934385	0.0616534425564815
3458	0.5341439	0.735721874100833
3459	0.1608031	0.119634292971712
3460	0.34694743	0.749632383188596
3461	0.495006	0.131190759
3462	0.008043932	0.0355257099824797
3463	0.72402036	0.542406471327161
3464	0.013463579	0.108153382209461
3465	0.01062868	0.0343513177195238
3466	0.011158971	0.00747718922395833
3467	0.016326131	0.0151175921955417
3468	0.04799579	0.367137107889167
3469	0.0036035946	0.0160236837098188
3470	1.0971321	0.541338783468992
3471	0.03294336	0.0451010109713514
3472	0.021493193	0.317906408729583
3473	0.011183575	0.180566988868
3474	0.02476342	0.1457562212825
3475	0.061839066	0.132827262856944
3476	0.045071878	0.394353716986309
3477	0.52179873	0.102383384577632
3478	0.57578003	0.435871527204065
3479	0.31042743	0.535058239136111
3480	0.13548449	0.146802296271226
3481	0.00970027	0.0143538112903763
3482	0.004509079	0.0293212773469271
3483	0.33614552	0.342328693675238
3484	0.004928096	0.0208635473338597
3485	0.25240895	0.184690549464198
3486	0.26378062	0.568881051481905
3487	0.09462349	0.407514888175926
3488	0.1731328	0.230605333398826
3489	0.0536332	0.0446839589315196
3490	0.051934544	0.125036139302151
3491	0.019447183	0.0699875887357143
3492	0.025146278	0.0276181948612698
3493	0.3526158	0.981183843711382
3494	0.23524508	0.0891139369229333
3495	0.05792387	0.428089927111789
3496	0.011317889	0.0108280919041463
3497	0.008829035	0.0128434017860417
3498	0.03574177	0.185375456495455
3499	0.024366787	0.0458511217201111
3500	0.005769795	0.04836981215
3501	0.10776904	0.268603927102315
3502	0.9469073	0.431653180051471
3503	0.018057356	0.113402800729902
3504	0.112042576	0.439975576240476
3505	1.2843163	0.282849914024286
3506	0.8407868	0.814928367269841
3507	0.30970138	0.738030255747619
3508	0.23254897	0.226511883522222
3509	0.18961835	0.360003252837398
3510	0.032150015	0.0395887271046377
3511	0.23933503	0.275776106885586
3512	0.00708967	0.0710130606775439
3513	0.61400074	0.401062326245946
3514	0.5673633	0.314871042056863
3515	0.17203347	0.6736102648075
3516	0.015216461	0.029817593704
3517	0.010947559	0.0135923469597368
3518	0.5225696	0.132894512135897
3519	0.24083228	0.426748028954301
3520	1.776691	0.804034921387255
3521	0.022420462	0.0224639337366177
3522	0.036700625	0.223046217263513
3523	0.020087438	0.0682680688993496
3524	0.43667376	0.424563022515625
3525	0.22462536	0.122405842175926
3526	0.2924708	0.285109214476087
3527	0.1325298	0.544758705645299
3528	0.03576715	0.0549203640744792
3529	0.2180194	0.248420099608333
3530	0.13658462	0.10709903169798
3531	0.022749836	0.364158594953604
3532	0.038325172	0.0252500191085833
3533	0.27433798	0.387634790392647
3534	0.16427098	0.153335054079
3535	0.026561711	0.0230526250551852
3536	0.0042602774	0.0384523203747436
3537	0.8084519	0.431711946940071
3538	0.0046790605	0.0371987043689706
3539	0.018872865	0.115830989200397
3540	0.006302383	0.0275320432119907
3541	0.02462338	0.00962689356253788
3542	0.020344324	0.0544888405054762
3543	0.011687154	0.0513177774384553
3544	0.012245499	0.156367329188111
3545	0.022467976	0.175631772559959
3546	0.1095683	0.175663116611905
3547	0.0065477295	0.0375695968549048
3548	0.061054256	0.122081181786937
3549	0.013642307	0.0225884003649479
3550	0.062467847	0.207064237014706
3551	0.006936535	0.159825748180556
3552	0.03862036	0.0915234556868421
3553	0.0640359	0.1072526934426
3554	0.05984959	0.087332871659
3555	0.421554	0.446119778695714
3556	0.012879917	0.0111222575005208
3557	0.3722157	0.725774842211712
3558	0.1240288	0.18360000599186
3559	0.060832623	0.0866859059264493
3560	0.010456834	0.0628240252522764
3561	0.010006093	0.0290527976002564
3562	0.008118557	0.0259576921787037
3563	0.38578054	0.603827286589147
3564	0.0031322625	0.0202933797443182
3565	0.14639954	0.0374135689129688
3566	0.023670632	0.0445431729925926
3567	0.56188035	0.409445376135784
3568	0.31703612	0.24777081579902
3569	0.3996223	0.418323596798333
3570	0.018482378	0.0408910051967619
3571	0.0482959	0.202803490851905
3572	0.05751166	0.0784961257518293
3573	0.0038195383	0.0148719032315812
3574	0.72655237	0.365626130024114
3575	0.021264695	0.0345557783257843
3576	0.025105288	0.0119624147239773
3577	0.7828612	0.620056900276316
3578	0.12888056	0.297752445847368
3579	0.25833288	0.21224663421886
3580	0.24390204	0.190068366016111
3581	0.7769339	0.349615774482946
3582	0.013415106	0.0668754513773551
3583	0.5081354	0.788603258166667
3584	0.18685366	0.213824784336403
3585	0.77700955	0.748188579414035
3586	0.63160414	0.539765441131373
3587	0.11468786	0.141723171329487
3588	0.05407633	0.111808892451368
3589	0.38058847	0.756386329215447
3590	0.013687112	0.0327940164594792
3591	0.48721474	0.488733711144309
3592	0.033004332	0.153509353287719
3593	0.0077900933	0.121965537624806
3594	0.005251424	0.0260270513550379
3595	0.021061365	0.107444949012381
3596	0.012606772	0.15411539624125
3597	0.59610534	0.425695518912121
3598	0.017801818	0.0744623438984058
3599	0.06547001	0.516711392279279
3600	0.039735593	0.23467593281537
3601	0.028371947	0.0297178300574359
3602	0.26150146	0.6512533765
3603	0.021199124	0.172687176179537
3604	0.6462138	0.403434630891228
3605	0.24219888	0.267792831982353
3606	0.36566016	0.469811366731081
3607	0.012738055	0.193104185184343
3608	0.06108944	0.0400949808453153
3609	0.2384823	0.907491075094594
3610	0.012876396	0.0439171487926829
3611	0.023171907	0.133236847829427
3612	0.0043574716	0.023654640629
3613	0.0046313982	0.0326782964453535
3614	0.22308555	0.509509089203947
3615	0.04483011	0.200688530586574
3616	0.018637361	0.0644491210958333
3617	0.023564365	0.0309404581096774
3618	0.09587209	0.636938901054255
3619	0.0040341276	0.0254319946800952
3620	0.08289876	0.309245896128646
3621	0.0051032505	0.0596881138289899
3622	0.057232104	0.205427356027619
3623	0.04855136	0.11559299142451
3624	0.038708262	0.187946624422917
3625	0.0058058836	0.0210014634284314
3626	0.15077256	0.167957396783761
3627	0.13876921	0.128912100753646
3628	1.4017397	0.756703699904762
3629	0.017205814	0.0122876563151961
3630	0.008862462	0.0162435419788462
3631	0.046388127	0.112474046878472
3632	0.039149124	0.139619947694961
3633	0.004187744	0.1185989031375
3634	0.013787721	0.0325460601331197
3635	0.1814332	0.504189890402299
3636	0.020894203	0.0159757429303876
3637	0.009282083	0.0238500652153333
3638	0.2464545	0.298694475616129
3639	0.16966052	0.0506811736747685
3640	0.19361474	0.191983016400521
3641	0.9901903	0.665827792156566
3642	0.14966893	0.200643773003535
3643	1.5183818	0.525859374538739
3644	0.15414724	0.262526815809804
3645	0.012625534	0.0233561103390625
3646	0.0031911666	0.0346674935417949
3647	0.22597347	0.145084670415714
3648	0.0035187325	0.00920108292492424
3649	0.32706478	0.402730880405463
3650	0.003401927	0.0106847347520238
3651	0.067431994	0.264023272310101
3652	0.026124062	0.269046579107176
3653	0.0059078992	0.0292493971845635
3654	0.6276224	0.315816930402315
3655	0.004557706	0.0121215722008527
3656	0.12263894	0.610253804397059
3657	0.022467995	0.24168616012625
3658	0.2710746	0.115261427564675
3659	0.26312524	0.405282213793421
3660	0.033522815	0.0113551151864762
3661	0.043255813	0.0345258559577778
3662	0.011199391	0.0589291109373958
3663	0.016891912	0.0297967293444445
3664	0.790031	0.39396554775375
3665	0.027115215	0.272888184904806
3666	0.09199959	0.22859742686
3667	0.123420045	0.153682428168519
3668	0.8811025	0.376182900065891
3669	0.10953461	0.382546304093694
3670	0.43326008	0.254399691484167
3671	0.61672175	0.487695029494872
3672	0.13803981	0.8126957152
3673	0.3088237	0.356702544004167
3674	0.6128505	0.838753278678571
3675	0.019272223	0.08202803699375
3676	0.011389874	0.0238622048162195
3677	0.8061273	0.256259054619504
3678	0.40036428	0.273861587653535
3679	0.02679301	0.0758473051212121
3680	0.0057165395	0.0630099545862281
3681	0.02284707	0.134143246055238
3682	0.029392712	0.0640487351142857
3683	0.026124623	0.213104473983796
3684	0.055186443	0.0349236667735461
3685	0.038424168	0.0272218726778205
3686	1.0879284	0.181404140596396
3687	0.0551618	0.0712331028032323
3688	0.32814068	0.4800472403375
3689	0.112513445	0.233638953145833
3690	0.6124656	0.39273043219619
3691	0.008676617	0.0969036318623529
3692	0.03271353	0.109917101713021
3693	0.17341177	0.0141941734761111
3694	0.092692725	0.133429887438172
3695	0.014561163	0.016810747122907
3696	0.02486297	0.0273942722439035
3697	0.018221388	0.068959310124899
3698	0.13287444	0.419699294825757
3699	0.084034	0.108145876313514
3700	0.0064315987	0.0187203462750538
3701	0.037987825	0.317158383732716
3702	0.01966769	0.0588001488208333
3703	0.005840887	0.0175972232041667
3704	0.048313327	0.125531852440833
3705	0.011811565	0.0260583222848246
3706	0.5949736	0.641157789930233
3707	0.049390703	0.258599251453535
3708	0.00579579	0.084988011249053
3709	0.021817226	0.144034872517593
3710	0.0024885177	0.00880431411180181
3711	0.4783684	0.492717390423333
3712	0.14494064	0.181203693188049
3713	0.28930858	0.287799173649123
3714	0.22967863	0.404097064999259
3715	0.03315588	0.0701771752351191
3716	0.01869994	0.14300374134057
3717	0.013339892	0.115007671438333
3718	0.3379725	0.202909578515152
3719	0.027731795	0.226312847458333
3720	0.25955105	0.241070273577778
3721	0.023383608	0.265099549411852
3722	0.10682198	0.312297532106504
3723	0.055641863	0.189851507572727
3724	0.086882666	0.0257249923405172
3725	0.076128736	0.358942287813248
3726	0.02985983	0.238445363890179
3727	0.05348195	0.0430862054936047
3728	0.05759559	0.171497785456863
3729	0.7138163	0.237971309025
3730	0.39561236	0.464972715356667
3731	0.0666338	0.618983409661966
3732	0.16411957	0.181123095706609
3733	0.0040925303	0.0118157720880263
3734	0.2753228	0.410491433240741
3735	1.3325857	0.455199221882353
3736	0.009340734	0.0295387313871181
3737	0.102330245	0.072101088282094
3738	0.14372931	0.259751665127478
3739	0.3989901	0.12734357877549
3740	0.0138387345	0.0686772854935317
3741	0.023787074	0.119906371741667
3742	0.017250245	0.0591028646895833
3743	0.0053260564	0.066459539093018
3744	0.7475211	0.577482559586869
3745	0.22175594	0.207350658583761
3746	0.037535075	0.190834196138095
3747	1.1875762	0.513997728983871
3748	0.021449175	0.00604357489557292
3749	0.3680457	0.261346305603125
3750	0.17300718	0.0617394648
3751	0.28018162	0.413622313222963
3752	0.004325765	0.0120685528458586
3753	0.024516962	0.104539935855865
3754	0.080643766	0.361143642584343
3755	0.009631207	0.0362202978765385
3756	0.007255437	0.0575133103977315
3757	0.019565461	0.0228744491278161
3758	0.11947495	0.062348367852439
3759	0.20422289	0.0923734535875676
3760	0.42034867	0.112956867670115
3761	1.007153	0.593105249396396
3762	0.018502604	0.133841062721212
3763	0.27231887	0.374853248807692
3764	0.0017137609	0.0142345761209596
3765	0.040155336	0.0410170318388426
3766	0.17919035	0.605374399155556
3767	0.01665046	0.0410182553743243
3768	0.23451911	0.172506807038889
3769	0.025713876	0.353192618296875
3770	0.74760365	0.921336044244792
3771	0.09361101	0.0231964630616667
3772	0.23063563	0.656643660085417
3773	0.025267784	0.0199247051898958
3774	0.25849673	0.179805343351802
3775	0.012274008	0.0201692388858333
3776	1.1492164	0.82216829082381
3777	0.003894356	0.0151761725851626
3778	0.06881869	0.0882527289333333
3779	0.006547114	0.0299449546285648
3780	0.018484773	0.124289008369785
3781	0.0050953003	0.0465480975965104
3782	0.41863674	0.342772935072222
3783	0.014643258	0.0452415178147748
3784	0.46714318	0.425180616117105
3785	0.0029760948	0.01905677871
3786	0.022193823	0.0139991599318182
3787	0.16045892	0.567340372746512
3788	0.01397549	0.0991968738623485
3789	0.08560769	0.383581572282456
3790	0.014636071	0.132040097505376
3791	0.027147552	0.239010323474286
3792	0.16778852	0.278806918792903
3793	0.13918833	0.213528084149145
3794	0.10199951	0.0545599534333333
3795	0.005092938	0.0112909998357083
3796	0.9385644	0.489605803933334
3797	0.03387976	0.152336948553535
3798	0.61775917	0.538077007175926
3799	1.0719285	0.690688568581081
3800	1.307425	0.39247192903631
3801	0.008939423	0.0125059024562821
3802	0.014116692	0.0501380212184108
3803	0.18709074	0.350167088304412
3804	0.21668899	0.484393221975379
3805	0.10467067	0.117037331548925
3806	0.004282241	0.0479038649271706
3807	0.2101918	0.839902980601852
3808	0.51255655	0.304793478560476
3809	0.011826877	0.165458704757895
3810	1.0015193	0.730322233236559
3811	0.3508815	0.12687751839187
3812	0.035763755	0.0896517070718992
3813	0.01120464	0.0633357128316176
3814	0.12545466	0.197660839993333
3815	0.21639796	0.131900100757456
3816	0.10868278	0.317935900468421
3817	0.031784147	0.148550497330914
3818	0.74340296	0.456604883900813
3819	0.034013715	0.250347021181667
3820	0.36071402	0.224932169810088
3821	0.06572322	0.188626751682051
3822	0.22362341	0.578191967662281
3823	0.034824703	0.0956397593036191
3824	0.32491273	0.399155763991319
3825	0.022094596	0.0187119890111275
3826	0.12936297	0.335625987757724
3827	0.20570287	0.676971224174797
3828	0.017395066	0.305674527631313
3829	0.03511771	0.0320029331380556
3830	0.110763066	0.382760034095833
3831	0.005473302	0.0226516397798198
3832	0.05428339	0.159078743691532
3833	0.023323188	0.0719579168889048
3834	0.5877647	0.374650981736842
3835	0.26487097	0.225210594886842
3836	0.023182653	0.198990536650325
3837	0.005399163	0.193242679521825
3838	0.88581127	0.508272721535417
3839	0.42363438	0.444435050443089
3840	0.12359584	0.145010538710417
3841	0.122425266	0.358108075129524
3842	0.43569496	0.377104388816176
3843	0.043969985	0.0383100376147083
3844	0.007694678	0.118962649319524
3845	0.009333226	0.027321436907029
3846	0.18325268	0.285752277385556
3847	0.58338225	0.608626745508333
3848	0.030711697	0.118013725956783
3849	0.20012513	0.338273825430263
3850	0.02036628	0.0306499558360101
3851	0.087137304	0.386449923959402
3852	0.03529935	0.0323115162727222
3853	0.013538446	0.0257266140285366
3854	0.67235535	0.567927120034314
3855	0.3100601	1.07233308160976
3856	0.013638137	0.314114233271505
3857	0.26987484	0.157315875566026
3858	0.030501105	0.0305614582304688
3859	0.07186001	0.18395067705
3860	0.010170096	0.0113821561578829
3861	0.60200757	0.222749175449206
3862	0.8483649	0.250815195334524
3863	0.012679113	0.0503195615623656
3864	0.014856201	0.0699146677260417
3865	0.2835111	0.383566566803419
3866	0.5738868	0.711692184280488
3867	0.24624904	0.147760053855682
3868	0.012774028	0.0372286771162037
3869	0.019388758	0.00880095709398148
3870	0.32857636	0.370181156512698
3871	0.8690557	0.597126114437037
3872	0.005982332	0.272532950031532
3873	0.0061451895	0.0662984630516667
3874	0.13407081	0.128264491772973
3875	0.04749508	0.079837745253125
3876	0.3612017	0.757690579566667
3877	0.7259755	0.606359573271429
3878	0.26490286	0.267466708446078
3879	2.0515811	0.678915537175926
3880	0.8042001	0.407104250700813
3881	0.03428066	0.24683804085162
3882	0.30211085	0.526350090081019
3883	0.04349826	0.0222570913913333
3884	1.1243869	0.571491338302469
3885	1.5335956	0.345542617576923
3886	0.19035201	0.181612232064368
3887	0.4909396	0.279236757647464
3888	1.262934	1.08756790113726
3889	0.07674857	0.121350624592154
3890	0.14835583	0.409785894694086
3891	1.4496379	0.422701954045614
3892	0.015703846	0.0367494649381313
3893	0.04647059	0.088865800437963
3894	0.068868324	0.327345915108089
3895	0.016162222	0.0634528483436869
3896	0.016434979	0.100107814890686
3897	0.024897622	0.0771579551566667
3898	0.17154382	0.287500121362255
3899	0.4576734	0.667553365463768
3900	0.006363852	0.0146376074311616
3901	0.006407117	0.0164987684366667
3902	0.17452921	0.18222640913
3903	0.43225077	0.495192307750371
3904	1.9600259	0.713415004465278
3905	0.009280342	0.0150809748530108
3906	0.024241798	0.0497469087259196
3907	0.005207897	0.013615013160045
3908	0.29176822	0.0963961508128947
3909	0.32743606	0.245644513834752
3910	0.06443177	0.428567505177315
3911	0.55115765	0.424232892359333
3912	0.5647726	0.453277867882796
3913	0.2126308	0.324249190192983
3914	0.14129803	0.153665291848291
3915	0.23064162	0.275339835834649
3916	0.030974297	0.0212223267581197
3917	0.026390286	0.0484479599981481
3918	0.020979822	0.103378155995045
3919	0.14097533	0.0376613126976344
3920	0.08281118	0.327969094655556
3921	0.016549533	0.346504040019118
3922	0.3520522	0.0951123297472222
3923	0.0073758573	0.0198024527359896
3924	0.019539747	0.0273565080689583
3925	0.013791755	0.131871530404902
3926	0.20180978	0.48929450997094
3927	0.019048706	0.0311299766002874
3928	0.00921948	0.0137019376761616
3929	0.1047362	0.0891468942333333
3930	0.59773016	0.364691511412319
3931	0.17285582	0.21253225755641
3932	0.010664493	0.0749887969330952
3933	0.007358311	0.0529734971104167
3934	0.010347085	0.0487803574904167
3935	0.025093567	0.0221151840326786
3936	1.6341891	0.467844897629386
3937	0.049250912	0.364701327016304
3938	0.21873598	0.195471734135714
3939	0.029623484	0.148992464859314
3940	1.0588846	0.663476120994815
3941	0.06057733	0.295015762139362
3942	1.404175	0.698401142270834
3943	0.0102921715	0.0163584176319608
3944	0.0044901837	0.0164515331670098
3945	0.20354931	0.442187148813131
3946	0.24873237	0.372503555090991
3947	0.11720636	0.111610287218333
3948	0.10972245	0.247926040337879
3949	0.011390075	0.141237705411278
3950	0.026428934	0.117164070931226
3951	0.20180196	0.51816502513964
3952	0.014166712	0.0349330409007738
3953	0.45926958	0.487631429166667
3954	0.45304975	0.762341951363636
3955	0.15575604	0.281407011747172
3956	0.008796476	0.07845465043875
3957	0.03464427	0.0825217903211712
3958	0.16234863	0.39315587242125
3959	0.0642631	0.114837483510625
3960	0.2270365	0.692843150142276
3961	0.56477624	0.541021946420513
3962	0.018030595	0.0205777793926587
3963	0.07804689	0.095723481325
3964	0.10042336	0.257087429674783
3965	0.35925722	0.182152215344271
3966	0.0038920466	0.0140796415643162
3967	0.6830598	0.182069275288462
3968	0.25465366	0.347269344618687
3969	0.29803732	0.520554625865958
3970	0.033919662	0.0271644716057407
3971	0.013838591	0.191601508538111
3972	0.7180015	0.412962908417778
3973	0.032406237	0.0517779431024325
3974	0.79494935	0.983766907806452
3975	0.0059307576	0.0929254453722222
3976	0.020984866	0.0716933406825806
3977	0.017232915	0.124724213281111
3978	0.014093644	0.0714263450063218
3979	0.34127462	0.13189111609545
3980	0.3282901	0.33944997685
3981	0.009650108	0.0972236884638889
3982	0.003616456	0.022105731230787
3983	0.11645231	0.106923586931111
3984	0.012974431	0.0180565670804167
3985	0.2887038	0.103185436684677
3986	0.0074470965	0.416376202566022
3987	0.47528106	0.777200273969524
3988	0.031013088	0.124829473708065
3989	0.016402248	0.0105091461712963
3990	0.022408053	0.106810821401786
3991	1.0003732	0.480616754019608
3992	0.0058618356	0.0340584679506757
3993	0.32940608	0.148622698703252
3994	0.84686667	0.444748571155814
3995	0.4972383	0.349384711425185
3996	0.38500547	0.338178350782222
3997	0.26998875	0.275017492361788
3998	0.009899017	0.0775875003339362
3999	0.058519326	0.248123055178649
4000	0.357058	0.172207715255921
4001	0.005036504	0.0233213112310784
4002	0.017953744	0.0587881685990741
4003	0.0016889179	0.00759679679419355
4004	0.101842605	0.403140687511429
4005	0.22175002	0.200823669423611
4006	0.03253088	0.326928380983333
4007	0.08191755	0.277428558778682
4008	0.012647535	0.204471258682237
4009	0.109879255	0.227809632364706
4010	0.11957862	0.16818924163547
4011	0.052322865	0.193524291266577
4012	0.014974543	0.00757754333371428
4013	0.14732715	0.279463251515054
4014	0.24136099	0.215721797139837
4015	0.28006253	0.384004966975807
4016	0.047900394	0.0161045505492105
4017	0.22292358	0.4601722013325
4018	0.06730328	0.239460086191892
4019	0.0046051773	0.0219469433691667
4020	0.0293519	0.0578940430671569
4021	0.17367366	0.382681763309915
4022	0.12056111	0.0559974698649123
4023	0.32026827	0.674815406763889
4024	0.5873931	0.62998063597549
4025	0.0018489168	0.027466103351553
4026	0.32599378	0.265712543733333
4027	0.1598584	0.159577402950762
4028	0.20188393	0.0884250455544643
4029	0.07804512	0.0695462157229885
4030	0.02254281	0.112250499126009
4031	0.14529751	0.638989313478632
4032	0.0677979	0.15927543536375
4033	0.008095272	0.0499065547626812
4034	0.027237594	0.0221993561854167
4035	0.0064753606	0.0293070624989524
4036	0.08672769	0.0475333469446809
4037	0.044698223	0.396064484311842
4038	0.026829557	0.391849136471429
4039	0.1983177	0.200900524451894
4040	0.54158205	0.492804964767544
4041	0.0056249406	0.0131745573260417
4042	0.08736949	0.189551627598485
4043	0.036571622	0.0251703973573889
4044	0.91770655	0.756571807815476
4045	0.011372211	0.0670548001895496
4046	0.027138878	0.135559150135294
4047	0.02826882	0.0195756420642064
4048	0.28562704	0.584927304464865
4049	0.4009843	0.480303540138095
4050	0.19399872	0.142237016436574
4051	0.005790486	0.0114853863574242
4052	0.028963905	0.00783677963430895
4053	0.12260609	0.469556635828431
4054	0.2817641	0.178984847495175
4055	0.011217842	0.109382065591905
4056	0.06138512	0.0715095577852564
4057	0.016495334	0.108803790952778
4058	0.29611418	0.317639415832857
4059	0.015815724	0.0817532737565417
4060	0.0055468087	0.0203833308308081
4061	0.03942946	0.245880169732323
4062	0.019535568	0.0477897068714815
4063	0.5952479	0.722539511170543
4064	0.35489014	0.606418296784553
4065	0.12618196	0.176959795609375
4066	0.026707165	0.0773450215515504
4067	0.39859605	0.304512593151042
4068	0.036841452	0.104057719496324
4069	0.5057496	0.597719774106482
4070	0.047365364	0.0868591491204762
4071	0.018832013	0.114972781193889
4072	0.025183968	0.222541920138794
4073	0.06328886	0.619297181222481
4074	0.04566818	0.167104430633333
4075	0.6426317	0.336912154643694
4076	0.0098241	0.00677107315611111
4077	0.08957479	0.176446835616146
4078	0.005700424	0.0196323567201075
4079	0.19903979	0.463479738117117
4080	0.08720251	0.381588242353704
4081	0.008245613	0.0709802342419697
4082	0.04102736	0.158938819610875
4083	0.015675278	0.0767853471995528
4084	0.5697618	0.470486476311111
4085	0.015370797	0.0877496733361111
4086	1.2958535	0.542807614033333
4087	0.31916666	0.0965340742592982
4088	0.7116072	0.445971565063333
4089	0.0028903782	0.00862169118696428
4090	0.06467024	0.186502841322929
4091	0.34928387	0.41166454103619
4092	0.021167273	0.0332172904856838
4093	0.029175911	0.01768024682
4094	0.018925458	0.104869762944706
4095	0.21725515	0.150090817746875
4096	0.06813152	0.1297327463525
4097	0.004599003	0.0267461123773874
4098	0.07770203	0.18270840475303
4099	0.7518719	0.982091754891666
4100	0.6179184	0.501409218504386
4101	0.5197831	0.524110247924074
4102	0.0029275266	0.0124143604905556
4103	1.3826311	0.297754556425
4104	0.006456196	0.122032284660753
4105	0.7655436	0.472973155291111
4106	0.1745175	0.197955898344035
4107	0.06981822	0.0876913847545045
4108	0.25733608	0.264600496975758
4109	0.156425	0.157979468117708
4110	0.0052776206	0.0252763730347549
4111	0.3519188	0.349109813167816
4112	0.028453754	0.283867248593434
4113	0.39282328	0.315724991889394
4114	0.12007482	0.483382009413978
4115	0.24055347	0.625743277969907
4116	0.35732138	0.40300401569187
4117	0.88042253	0.508269424732407
4118	0.008438659	0.0492179012558586
4119	0.9884292	0.332698924618055
4120	0.003560656	0.158962257198571
4121	0.18830962	0.15407228711
4122	0.15421325	0.180927896264815
4123	0.01880177	0.129155823524259
4124	0.022742769	0.460574292285043
4125	0.010329855	0.0335077171431313
4126	0.024354437	0.032375444074
4127	0.005260331	0.0200336416564415
4128	0.038882393	0.0259203640373333
4129	0.022895824	0.111804758317544
4130	0.020443091	0.0364015298397619
4131	0.85021675	0.705267910344444
4132	0.089873046	0.520889268048571
4133	0.066839844	0.175253047018376
4134	0.06260248	0.0163574016023016
4135	0.071527444	0.124730554723077
4136	0.29653472	0.588958186920635
4137	0.06354533	0.396401526269504
4138	0.24640572	0.212393538137398
4139	0.021140909	0.105398200662252
4140	0.54669636	0.376614616851351
4141	1.3015604	0.437834175110155
4142	0.54707927	0.637769456916667
4143	0.11549556	0.10286774758037
4144	0.7943983	0.640450312616667
4145	0.008653085	0.0506507413405914
4146	0.44558504	0.467546218386752
4147	0.05188382	0.526341938765517
4148	0.0675689	0.0730731113
4149	0.06995042	0.0369205698497561
4150	0.2665098	0.412043841645098
4151	0.116322234	0.224949354621277
4152	0.38839757	0.634780919807017
4153	0.24021274	0.281700383108796
4154	0.31798458	0.385481255710101
4155	0.24736743	0.416831563164035
4156	0.75591564	0.488394828911309
4157	0.724861	0.503312259798851
4158	0.009963659	0.0314262252052439
4159	0.08067459	0.0896135357134959
4160	0.04127511	0.134175499363535
4161	0.14009753	0.288078381619658
4162	0.025157664	0.0342089821485318
4163	0.011891699	0.0112346484651754
4164	0.2013104	0.406167586251429
4165	0.021128302	0.0769346124229629
4166	0.7917494	0.736903182226316
4167	0.39384183	0.288012794830769
4168	0.5021567	0.504820657483333
4169	0.08676075	0.228779791310088
4170	0.062530585	0.105950689289259
4171	0.008401092	0.103909575769167
4172	0.3430603	0.428111960313725
4173	0.034005575	0.0549559765294444
4174	1.1987783	0.219830665885354
4175	0.0059671532	0.212799763764912
4176	0.020152634	0.0298509666565812
4177	0.48246175	0.550759867869792
4178	0.044860557	0.0677223109439024
4179	0.037467156	0.244820498711979
4180	0.41327596	0.45113604438254
4181	0.18243045	0.322966060069792
4182	0.11520023	0.159525515522222
4183	0.03070024	0.00991104001583333
4184	0.050196912	0.0211953751798413
4185	0.0288682	0.0338065652681746
4186	0.007614852	0.0381690854806838
4187	0.09200418	0.144214290783333
4188	0.009906959	0.10473153594825
4189	0.10996057	0.259624149418687
4190	0.43803963	0.818504259680953
4191	0.42432305	0.396626452127619
4192	0.022886999	0.317508720469744
4193	0.721302	0.397268201871667
4194	0.016638707	0.0163986212354878
4195	0.3034223	0.527446100832895
4196	0.021701632	0.0123491678344762
4197	0.028294154	0.045455255536129
4198	0.018218366	0.0731268079385926
4199	0.17522658	0.173867570319643
4200	0.010693861	0.0502637581905556
4201	0.06504334	0.0860479057179825
4202	0.9397286	0.227915698675
4203	0.017050965	0.0780122985417647
4204	0.03706538	0.133802623920098
4205	0.010381995	0.024539502344878
4206	0.01902235	0.0114742964418519
4207	1.9158714	1.26889342950833
4208	0.024167882	0.0641605227583333
4209	0.25209248	0.322910496500439
4210	0.0025093802	0.031850537378964
4211	0.034225326	0.0196161330124786
4212	0.015872603	0.0298909560206897
4213	0.024337783	0.110175924947561
4214	0.041600972	0.192738242175625
4215	0.62525564	0.743986770183333
4216	0.37880108	0.337547305028431
4217	0.19829597	0.433167482576496
4218	0.17078163	0.211773837320635
4219	0.015402838	0.0248513953988492
4220	0.39211062	0.403930806634752
4221	0.05916071	0.289615453931667
4222	0.5223735	0.324977699004472
4223	0.06620449	0.141141273158108
4224	0.03791844	0.13924617026125
4225	0.9234436	0.362664551733333
4226	0.0061906944	0.0111248087035897
4227	2.0134115	0.326410249646847
4228	0.4075495	0.406209771632222
4229	0.0032994335	0.00659552723720834
4230	0.33945358	0.596156113244841
4231	0.011790871	0.0749407569469907
4232	0.11255287	0.0697164240390244
4233	0.01747573	0.119597209461842
4234	0.14122565	0.423765541111789
4235	0.27297267	0.274122832373529
4236	0.412016	0.662330587741844
4237	0.19109467	0.515263178663964
4238	0.012861642	0.0138120890823984
4239	0.028669383	0.0236597547977027
4240	0.018254988	0.00975141330238095
4241	0.051915444	0.356766079695833
4242	0.59633213	0.58967478913964
4243	0.013442155	0.108614285011566
4244	0.6094893	0.643669772849463
4245	0.028634172	0.0397549430509259
4246	1.002442	0.356990522278633
4247	0.0037027413	0.0606404043301984
4248	0.004556378	0.0162196782903604
4249	0.17005241	0.10874096397907
4250	0.61048883	0.304528873153571
4251	0.03736338	0.267182766919697
4252	0.005946175	0.0320524479609877
4253	0.06523706	0.120464642877644
4254	0.07963069	0.514500910711403
4255	0.008827016	0.0258189613009848
4256	0.104866974	0.0761040861843137
4257	0.144611	0.550876923890351
4258	0.5733244	0.534840705060606
4259	0.5623687	0.423218279284314
4260	0.21243326	0.123170930911111
4261	0.014440394	0.262500724837634
4262	0.18315451	0.299575422941912
4263	0.045109294	0.0202099968030303
4264	0.00891168	0.159196136468605
4265	0.036468208	0.122804726213964
4266	0.09641734	0.224356217619907
4267	0.03752365	0.0242866375014368
4268	1.216307	0.476093538859756
4269	0.12379767	0.230498644727941
4270	0.016965047	0.0517971519968182
4271	0.0048766364	0.0303525782850926
4272	0.11946885	0.369615628433333
4273	0.35327315	0.327843966841429
4274	0.18701735	0.0555831948997369
4275	0.0049667023	0.0208433346055769
4276	0.010999635	0.0419947394895238
4277	0.6677865	0.237900369379268
4278	0.004309808	0.0100885301398387
4279	0.032460023	0.00998234552827957
4280	0.16424428	0.182809953131429
4281	0.11769703	0.156395195626068
4282	0.091336854	0.159349243532576
4283	0.3623652	0.432155631505747
4284	0.0063452707	0.0828951267772396
4285	1.2075853	0.385983463717949
4286	0.016811613	0.324912184078667
4287	0.6009547	0.57873366401282
4288	0.0057371687	0.0203814665707364
4289	0.1884595	0.350277163151754
4290	0.09127109	0.311344964287879
4291	0.46198002	0.564887176333333
4292	0.008748253	0.0312218347333333
4293	0.0038969398	0.00707156047933333
4294	0.03363051	0.0799144835227642
4295	0.02461914	0.157269027755324
4296	0.04422397	0.017295684486553
4297	0.08515123	0.283290795577143
4298	0.010104275	0.0538779476380952
4299	0.16289465	0.408101941962963
4300	0.3047688	0.256324419903009
4301	0.018228114	0.0390805858774167
4302	0.08455643	0.146601367041404
4303	0.012553306	0.018874118238447
4304	0.60559344	0.629200974491667
4305	0.09238848	0.202774315279386
4306	0.018826697	0.0154282029470635
4307	0.16906169	0.380752038013636
4308	0.02198037	0.0717268176708547
4309	0.023626793	0.0982027560921568
4310	0.38080943	0.329804249465833
4311	0.008324155	0.0105825617392793
4312	0.023515632	0.227256016624242
4313	0.018937511	0.159735815515859
4314	0.30438778	0.411394831796296
4315	0.024128547	0.0615506517328947
4316	0.4386602	0.60047112074
4317	0.016516749	0.110905259016667
4318	0.31941733	0.440790026524123
4319	0.022601904	0.0757997570591667
4320	0.5423261	0.482116986493627
4321	0.040836588	0.0936862746186047
4322	0.9656117	0.479743659507895
4323	0.01901709	0.0801827756153968
4324	0.013717239	0.0497156299615476
4325	0.74380624	0.673825067983333
4326	0.012255049	0.102486622754365
4327	0.14464223	0.20494930375
4328	0.0053957817	0.0796618185308333
4329	0.0051279115	0.0134936572727451
4330	0.07986999	0.195575803185938
4331	0.19577089	0.657941823025253
4332	0.004453941	0.0220466807100521
4333	0.0018852613	0.00989213464724638
4334	0.005676554	0.0163585174442857
4335	0.095819525	0.0691749277714583
4336	0.0075341756	0.0714910413263158
4337	0.07812219	0.0552964884138258
4338	0.049423076	0.399671141982946
4339	0.057538744	0.128185621456162
4340	0.01624204	0.207921499702941
4341	0.30416358	0.578521138814516
4342	0.004870381	0.0455679275820513
4343	0.842384	0.6027505517
4344	0.15093832	0.627999739512593
4345	0.14799948	0.556612155342593
4346	0.10934901	0.194953863164865
4347	0.20130205	0.219087810021905
4348	0.0994913	0.147501142416667
4349	0.007940595	0.0119967578701389
4350	0.043115173	0.034862048095037
4351	0.0878677	0.081106475759188
4352	0.0054962644	0.0145733972045745
4353	0.010857194	0.0608647724383721
4354	0.048093177	0.1955693853
4355	0.046611242	0.4216933252
4356	0.26948956	0.221859234070513
4357	0.34739667	0.510841050228572
4358	0.14699733	0.129393501334868
4359	0.037763815	0.0247868914411429
4360	0.22786957	0.715758658148148
4361	0.0050410107	0.0104998879387097
4362	0.0036232036	0.0229869425297396
4363	0.0356494	0.013246337682439
4364	0.36325234	0.248159399180392
4365	0.030645562	0.069536456929
4366	0.48935935	0.502328331166667
4367	0.01164615	0.0515523500937037
4368	0.22726832	0.462210847036586
4369	0.18539909	0.0831155951307017
4370	0.08943023	0.12318972436453
4371	0.48987502	0.261969375884848
4372	0.002828944	0.0207417024278495
4373	0.26138067	0.593776740059009
4374	0.020079039	0.0891755427707265
4375	0.38682196	0.19510503146036
4376	1.3632894	0.438227981482381
4377	0.053149812	0.0335252531025397
4378	0.14739498	0.120886289798925
4379	0.005692219	0.0107390126136508
4380	1.7293171	0.486582380949167
4381	0.050824903	0.0678814833997436
4382	0.020046717	0.225615702666667
4383	0.046978682	0.0836077279424019
4384	0.024871606	0.0811680747325
4385	0.11125313	0.0554630932796296
4386	0.011523473	0.146335797072222
4387	1.5586737	0.845521168190476
4388	0.87873644	0.906787646025253
4389	0.08941877	0.295239795588506
4390	0.03954793	0.114251637162302
4391	0.04316703	0.109972178316667
4392	0.07292203	0.182934380243791
4393	0.010695498	0.0298096187988384
4394	0.055609886	0.037618752919375
4395	0.9200416	0.365917696602941
4396	0.009675724	0.0240934365140476
4397	0.011734673	0.0724877136568301
4398	0.07443573	0.199809923898333
4399	0.5942136	0.395875763473704
4400	0.036279935	0.0194886835986458
4401	0.39069188	0.450696564483333
4402	0.008062389	0.0127954811636275
4403	1.3474365	0.567997248684946
4404	0.8052489	0.585179035175556
4405	0.002824359	0.00988214035166667
4406	0.0071928864	0.0386573801283333
4407	0.69203377	0.400423794914063
4408	0.9774848	0.295253153762302
4409	0.011615738	0.0207090265538095
4410	0.024146015	0.0608273701694444
4411	0.0064573106	0.0934213635149549
4412	0.008625303	0.0835423450040625
4413	0.017509252	0.0293270093562162
4414	0.18029273	0.924949037452991
4415	0.24664721	0.422808520748148
4416	0.15407805	0.201512878311616
4417	0.030678961	0.10957663492193
4418	0.007071603	0.108798990891667
4419	0.0071452972	0.0178588386627478
4420	0.15622722	0.379109772938889
4421	0.0055944594	0.0350022958452252
4422	0.06035122	0.0327898645930631
4423	0.092157364	0.32551350909951
4424	0.4346487	0.0689723956036036
4425	0.011446331	0.0257905267672222
4426	0.5490894	0.521534912515741
4427	0.24938065	0.148258550319192
4428	0.029269313	0.0232870410842793
4429	0.19659427	0.626002233127193
4430	0.58248377	0.629062753472973
4431	0.026321666	0.157585314817204
4432	0.013616647	0.0433947273599259
4433	0.009051616	0.0267504175885965
4434	1.1347227	0.31246642182125
4435	0.17725939	0.222153916410256
4436	0.09800088	0.0602661482588571
4437	0.4266494	0.462156641650794
4438	0.2837	0.353215649912121
4439	0.14703691	0.362011372541583
4440	0.033301566	0.073347415113426
4441	0.81797725	0.238905859871078
4442	0.44647175	0.681394583212766
4443	0.012853865	0.0479640252664414
4444	0.091116294	0.224785389404286
4445	0.11331982	0.375984982698982
4446	0.0843596	0.286002012848485
4447	0.006268461	0.0667755739750538
4448	0.0072368714	0.143520061426042
4449	0.083886236	0.035824404691453
4450	0.6667019	0.356872537514
4451	0.062596284	0.222808702671839
4452	0.0037510933	0.0306363337007843
4453	0.41683748	0.683844514057018
4454	0.65415114	0.35341593988
4455	0.008412927	0.0764395256169768
4456	0.3460465	0.2085801595125
4457	0.020723129	0.0544609459872989
4458	0.0072006145	0.0416952107625
4459	0.01734701	0.019638337945
4460	0.12634042	0.0633734113639706
4461	0.027098352	0.148311704871078
4462	0.41452438	0.486589349986036
4463	0.90914613	0.489465336680952
4464	0.14867151	0.0895085759258586
4465	0.14131983	0.378852844713021
4466	0.008982579	0.044173642445098
4467	0.0055975327	0.0195325265115447
4468	0.050332814	0.155664235070931
4469	0.053897887	0.0289239360739189
4470	0.09295294	0.0929934002375833
4471	0.31235492	0.385679989066667
4472	0.040322553	0.0913404235632353
4473	0.0705576	0.170006188029032
4474	0.32746732	0.170160853785965
4475	0.12247386	0.28158493671358
4476	0.28050256	0.655959689755209
4477	1.2818221	0.55590204897094
4478	0.008362811	0.0286145493663889
4479	0.4317293	0.609954731171053
4480	0.867853	0.201655166076667
4481	0.0039474634	0.0141582546482828
4482	0.16951098	0.345679722547009
4483	0.023865769	0.0118609864280342
4484	0.014131594	0.0137013865494444
4485	0.26038557	0.0688787480668982
4486	0.13106059	0.224614963386021
4487	1.3734039	0.430718726472593
4488	0.15757696	0.24689418680202
4489	1.2684366	0.255690428023874
4490	0.06303739	0.324709167388889
4491	0.12826538	0.328478461471667
4492	0.046237092	0.199159340920366
4493	0.14120573	0.402753846055556
4494	0.0052068033	0.0231240548684188
4495	0.01855619	0.048490671275125
4496	0.34337214	0.48600014589845
4497	0.016197484	0.0354403674644595
4498	0.400358	0.550776537494017
4499	0.4676681	0.578198664202632
4500	0.6370688	0.815132645527027
4501	0.010228844	0.0169524172504688
4502	0.912651	0.523445134227273
4503	0.21321814	0.135531390132051
4504	0.2492115	0.156385485066228
4505	0.013476695	0.172088013917778
4506	0.016140027	0.127718107334848
4507	0.056077227	0.217639099846667
4508	0.35942957	0.275462142099445
4509	0.92511976	0.276385417290741
4510	0.0077942535	0.00972914507672043
4511	0.11017519	0.148364541325
4512	0.11950077	0.149688556216927
4513	0.021198245	0.0943046558814286
4514	0.7181186	0.290777074346465
4515	0.08100554	0.250326164037607
4516	0.055154286	0.152521531822685
4517	0.9063414	0.734642310392857
4518	0.007127048	0.0115189429799187
4519	0.025223127	0.0655941429459596
4520	0.01868181	0.0949911991395556
4521	0.013604212	0.39238491060787
4522	0.027025027	0.130131423497163
4523	0.03031458	0.12550491917807
4524	0.024154434	0.0796529019272381
4525	0.02209967	0.292206386983333
4526	0.01996028	0.205915394669444
4527	0.59734523	0.248239709929845
4528	0.0861882	0.0263410763856884
4529	0.78689057	0.313431486868571
4530	0.10241893	0.0285956030888542
4531	0.26314545	0.329901477467521
4532	0.1315934	0.206675803474603
4533	1.021206	0.50148120602193
4534	0.029238576	0.0857540110652846
4535	0.05148879	0.0844299339354701
4536	0.15113579	0.145890014770513
4537	0.009710571	0.0102625980742544
4538	0.073865935	0.314875028500362
4539	0.011842965	0.101502157158611
4540	0.0760255	0.525219722535965
4541	0.00862856	0.0407294157896667
4542	0.009235673	0.0778880491910714
4543	0.0066404548	0.0769473282529487
4544	0.17819433	0.41888704822265
4545	0.21942882	0.229399447032051
4546	0.5161316	0.633186437013158
4547	0.7755181	0.269135218268687
4548	0.41242754	0.262459341190741
4549	0.039649438	0.356295976527941
4550	0.8357015	0.496072068882883
4551	0.48785466	0.532141804040404
4552	0.054367177	0.188913495164667
4553	0.007979036	0.0105999148935586
4554	0.004981292	0.0164370821319697
4555	0.17814142	0.463039352838889
4556	0.51309013	0.612477463448649
4557	0.022371046	0.0955351694228682
4558	0.017586164	0.018559444810614
4559	0.7542705	0.480674355752713
4560	0.09112955	0.086136856008625
4561	1.2542362	0.849218490289855
4562	0.11703972	0.523669187965278
4563	0.06843404	0.352453006488492
4564	0.7025113	0.0844307633294326
4565	0.014704968	0.0216914458432
4566	0.007813227	0.0133918782389431
4567	0.25319016	0.121732133087674
4568	0.004684125	0.0220714554347155
4569	0.02435022	0.0107331762122059
4570	0.010161954	0.0235990732217593
4571	0.15511502	0.0990282592004938
4572	0.01706894	0.00426666092892857
4573	0.11104328	0.269225217863597
4574	0.013535913	0.106073338345417
4575	0.17080756	0.19131840522093
4576	0.19090706	0.196290519029048
4577	1.1723942	0.482353570185606
4578	0.0033514497	0.00935658645412281
4579	0.105737664	0.180264404293162
4580	0.07107707	0.168527608471097
4581	0.15864187	0.339672702312411
4582	0.68247616	0.264976896064683
4583	0.4837205	0.409043491310476
4584	0.01384401	0.0160376209389394
4585	0.43233666	0.478095851688889
4586	0.5245068	0.347248614711261
4587	0.018486345	0.0632739991831852
4588	0.23798119	0.359249396016204
4589	0.28198823	0.998239606540541
4590	0.045582455	0.0926875935715686
4591	0.0050586406	0.0174231269702381
4592	0.3641258	0.515282588925
4593	0.12020775	0.0800361453976068
4594	0.012814187	0.078072816250813
4595	0.83838916	0.44181808054079
4596	0.4450034	0.431318272951754
4597	0.6501786	0.527523882636111
4598	0.005593864	0.0160234370428241
4599	0.03508794	0.0968876766881863
4600	0.16538677	0.28811866979955
4601	0.022070853	0.0847631674828922
4602	0.23946227	0.341736049751482
4603	0.015181726	0.00700419097485714
4604	0.23465513	0.138154575522593
4605	0.066647224	0.0559545246796569
4606	0.059819464	0.155200917556538
4607	0.040501464	0.059463652699375
4608	0.0066912374	0.0192276883578241
4609	0.024130408	0.0788632216714286
4610	0.27179757	0.222135653939035
4611	0.013620983	0.0300076055737838
4612	0.41518587	0.059114829729058
4613	2.123014	0.719542902579167
4614	0.037025	0.062611879215625
4615	0.17144433	0.119724441858025
4616	0.23991637	0.446287243783772
4617	0.03955767	0.38733040664375
4618	0.31408286	0.0609002327152525
4619	0.22981805	0.121086167076587
4620	1.0495199	0.337362167787879
4621	0.15359378	0.179845250096581
4622	0.04592534	0.224325914787879
4623	0.028181076	0.151257540037857
4624	0.061819807	0.0771554886168561
4625	0.004792965	0.0222173770559849
4626	0.092027485	0.458653404966667
4627	0.20373218	0.655158498508333
4628	0.006205194	0.0239975458531532
4629	0.040500157	0.203598569431579
4630	0.72910225	0.493830182747619
4631	0.10196821	0.170447248288739
4632	0.010594563	0.0116829589309091
4633	0.19736274	0.0782982389482143
4634	0.003407836	0.0200929035068095
4635	0.5204817	0.48067129977381
4636	0.36823383	0.138870334794615
4637	0.012394866	0.0139852500144444
4638	0.033956345	0.192114225378095
4639	0.05682903	0.14069188182549
4640	0.31911448	0.133110632414474
4641	0.4446984	0.386881929863964
4642	0.21327816	0.0729876816203704
4643	1.784543	0.773168194188889
4644	0.048634592	0.0927180249466667
4645	0.5505398	0.385514239961111
4646	0.0028702526	0.0236230708731482
4647	0.006914021	0.0114008315915476
4648	0.8939842	0.354197548647358
4649	0.32714242	0.4567948256
4650	0.91997737	0.722664184801802
4651	0.11583137	0.724444066097279
4652	0.030975498	0.0123997519494167
4653	0.008122563	0.0160470146070513
4654	0.0048277625	0.0167694265548413
4655	0.029655783	0.0139630315528455
4656	0.7083178	0.746264559068965
4657	0.10302875	0.536650104265152
4658	0.491266	0.149709924751471
4659	0.47423086	0.475440167733871
4660	0.0066728056	0.114849340713235
4661	0.06370175	0.167004636502222
4662	0.06896189	0.100476690666486
4663	0.5637288	0.698456441252252
4664	0.0045441748	0.0345126803464865
4665	0.071705624	0.128324666488172
4666	0.036433715	0.0288435356970238
4667	0.009568612	0.0106971550559211
4668	0.01908406	0.263737650785965
4669	0.029816313	0.20649499042619
4670	0.145532	0.0852264622534722
4671	0.51421905	0.347704047941919
4672	0.043830734	0.0931203470890476
4673	0.09116089	0.205618106226263
4674	0.45013258	0.905488544094595
4675	0.78710085	0.400611886886905
4676	0.075242855	0.369812500623563
4677	0.016082654	0.110976237226882
4678	1.1535063	0.4616742251875
4679	0.03248931	0.0397442816104762
4680	0.015978673	0.0889446162932292
4681	0.0100500425	0.0774840417352137
4682	0.2646608	0.763213491614815
4683	0.008672192	0.116487078833571
4684	0.35165572	0.395468573570707
4685	0.7465756	0.425038234947369
4686	1.9858696	0.200542118985806
4687	0.009107518	0.123388018172677
4688	0.00877038	0.273255167108578
4689	0.021172093	0.140586620775463
4690	0.032572243	0.10109705426994
4691	0.018216213	0.020613447762094
4692	0.004526708	0.0187783146325
4693	0.26478907	0.574903407807471
4694	0.41258964	0.669500790885185
4695	0.008735203	0.0263100495736822
4696	0.06102352	0.528997833397059
4697	0.34042183	0.225919711266216
4698	0.22818965	0.220406743162366
4699	0.08468993	0.295600971684921
4700	0.06073935	0.272679570867284
4701	0.016477037	0.0325234471889744
4702	0.21205011	0.583339500310185
4703	0.02181222	0.0118500205355405
4704	0.119290255	0.33843908739845
4705	0.5655732	0.380766491870968
4706	0.15212178	0.352498910134849
4707	0.14823	0.131880988302326
4708	0.3551013	0.23321899535914
4709	0.3447611	0.293795783074583
4710	0.05956478	0.248361268284849
4711	0.3409685	0.152782226748198
4712	0.008962015	0.0201515542701667
4713	0.012614902	0.0965050979815151
4714	0.027121313	0.200965419049206
4715	0.005431684	0.13009567062141
4716	0.020292606	0.0433836758697518
4717	0.046138637	0.110089423698571
4718	0.008625331	0.0243031467612963
4719	0.17098056	0.44639805403617
4720	0.48166218	0.482982072274775
4721	0.020904955	0.11141713312561
4722	0.05103858	0.194261652561111
4723	0.121413246	0.0170008234910606
4724	0.032724824	0.0408977761218699
4725	0.286456	0.819962209688618
4726	0.03081411	0.0173870046598958
4727	0.22993052	0.387800972026068
4728	0.1127367	0.106531797960684
4729	0.007766876	0.136115113567982
4730	0.37710667	0.214314034652564
4731	0.0184012	0.0452029996422778
4732	0.020822205	0.0702193617106482
4733	0.022954376	0.0165054040392735
4734	1.1351229	0.794282227259259
4735	0.024012964	0.0389177300007143
4736	0.0031865444	0.0256054544334146
4737	0.7374143	0.352496615752381
4738	0.14827615	0.0815150127951588
4739	0.17692618	0.313997369542908
4740	0.03458055	0.0448405233956944
4741	0.0053460957	0.014329136339246
4742	0.027673895	0.124434047858139
4743	0.0150912125	0.0696986139678333
4744	0.013638386	0.379067733452846
4745	0.0780816	0.217597232898095
4746	0.19786818	0.50874615819596
4747	0.023108196	0.0231635846452963
4748	0.36413676	0.689372548747807
4749	0.18110397	0.393965009378378
4750	0.43859547	0.0663243404259459
4751	0.014233102	0.031319320460101
4752	0.15228607	0.421506004477833
4753	0.106083564	0.198570838782051
4754	0.021539904	0.0461228354960784
4755	0.09887844	0.041702531472549
4756	0.008112385	0.0123332180889706
4757	0.009571923	0.0190051071750813
4758	0.36383456	0.493892336650794
4759	0.008514693	0.0323126618583333
4760	0.057109185	0.125198445914815
4761	0.011721317	0.027627942857598
4762	0.077781714	0.549878530981863
4763	0.05165353	0.13267627240579
4764	0.12200556	0.0386759420133824
4765	0.067729086	0.0745778098188172
4766	0.4535908	0.489242581772917
4767	0.03323479	0.158311350457906
4768	0.28819174	0.384840732361111
4769	0.049217578	0.21125117814693
4770	0.102731846	0.698935336846492
4771	0.04644796	0.107910015106
4772	0.024292193	0.193475647321032
4773	0.003009661	0.0200758882976068
4774	0.13904567	0.145745677829412
4775	2.3619816	0.598178883519608
4776	0.084221154	0.0377723408983761
4777	0.49259624	0.0842861398948199
4778	0.545847	0.105029107485057
4779	1.3696412	0.422715910154167
4780	0.09992738	0.17141002494875
4781	0.09788548	0.498918794016239
4782	0.124664925	0.127314395084649
4783	0.10018067	0.0129907225768293
4784	0.3856297	0.127249377976754
4785	0.04133287	0.0426383138925725
4786	0.27715975	0.0286799754361979
4787	0.032781888	0.0392757329414815
4788	0.17680877	0.226621213204924
4789	0.6753238	0.522443874151042
4790	0.022490136	0.11804394646581
4791	0.42151332	0.168388458821717
4792	0.017505683	0.0246883865523106
4793	0.48110244	0.272073406482408
4794	0.13247958	0.286616936895
4795	0.60532916	0.703774753408333
4796	0.016953174	0.0117559022055159
4797	0.111141995	0.318726964571905
4798	0.4933213	0.759008178747312
4799	0.023391252	0.0266775053795455
4800	0.0834632	0.112911238710494
4801	0.03946786	0.44795496569902
4802	0.009325471	0.0207867667229825
4803	0.060920816	0.348230665991667
4804	0.25250846	0.18341886509
4805	0.13860591	0.375705767480303
4806	0.079285264	0.286799605542342
4807	0.018506704	0.0595691801906373
4808	0.7938079	0.497025993746667
4809	0.00931453	0.0175169607929545
4810	1.1538335	0.669848758846154
4811	0.41051885	0.634255023027027
4812	0.14921111	0.178521123829167
4813	0.14015378	0.35892139145
4814	0.26573938	0.584667338666666
4815	0.013246625	0.0396750403832258
4816	0.016563425	0.0231223838553846
4817	0.27967006	0.320920119157527
4818	1.6051024	0.276569529338333
4819	0.012609672	0.0367534995693548
4820	0.19347353	0.122600656580342
4821	0.048988774	0.0207485509469792
4822	0.111214764	0.0425978173739048
4823	0.27366236	0.147757272952525
4824	0.020397728	0.0622295970102874
4825	1.2472395	0.555480490525641
4826	0.06124329	0.251872584852381
4827	0.33447462	0.362662120901389
4828	0.08594579	0.243554059224444
4829	0.06353064	0.122207313963566
4830	0.004540432	0.0169313582143548
4831	0.0041183475	0.0537806325264583
4832	0.330456	0.296026532195556
4833	0.08073104	0.320590564203333
4834	0.030668693	0.141120211461746
4835	0.90875137	0.545940133924603
4836	0.03179192	0.0132568163435043
4837	0.13667005	0.192003079761789
4838	0.1317525	0.218309830990741
4839	0.008596825	0.0277504391846296
4840	0.007637262	0.0716699009397917
4841	0.005681785	0.0216006255631771
4842	0.8830719	0.440116046233333
4843	0.43594733	0.156020156902604
4844	0.15923715	0.500625621475714
4845	0.009916312	0.0751515384506061
4846	0.059499238	0.219994085538889
4847	0.0026679381	0.0143471390839899
4848	0.009847555	0.0149423683765766
4849	0.007889329	0.0556141472341442
4850	0.09272841	0.0594722608346296
4851	0.014202073	0.0151555553791228
4852	0.20110662	0.372502019494167
4853	0.021028597	0.046844085104386
4854	0.10069439	0.451151486065
4855	0.03128444	0.0186736466635
4856	0.021651579	0.0297482095375833
4857	1.4186027	1.06576735805405
4858	0.3375108	0.667532501735294
4859	0.066021934	0.299467898736667
4860	0.9822318	0.758336333182796
4861	0.022390174	0.0896496361142857
4862	0.007116157	0.0590232453363636
4863	0.04268318	0.158831859223772
4864	0.100367494	0.144702200910385
4865	0.49790946	0.697126309792929
4866	0.3219199	0.331949238231481
4867	1.1943257	0.727497395191057
4868	0.029418385	0.0834249319065657
4869	1.8494343	0.551066955864865
4870	0.46230835	0.375509831528455
4871	0.0061409003	0.0683412241086207
4872	0.4876028	0.512640927745098
4873	0.4277534	0.224256918444872
4874	0.15266696	0.302861882199074
4875	0.039079607	0.0266779032276961
4876	0.007953775	0.0324666961735714
4877	0.46075282	0.547452274130702
4878	0.25639817	0.0509049534171138
4879	0.016008737	0.0693783534021875
4880	0.008313129	0.0597837405754386
4881	1.8559391	0.855979146838095
4882	0.41362065	0.757407224778432
4883	0.012793975	0.0782712757367647
4884	0.0044905087	0.0154405712661111
4885	0.34408095	0.188150145476111
4886	0.142785	0.068184436925463
4887	0.01665783	0.0741875524630894
4888	0.1024478	0.237324088342342
4889	0.16113125	0.118697023274253
4890	0.2784528	0.868463101063063
4891	0.4942911	0.382904366614035
4892	1.2677734	0.562007945722059
4893	0.4725909	0.79113924704902
4894	0.59404486	0.165126564467143
4895	1.0554944	0.11800671791453
4896	0.20617594	0.423346382264706
4897	0.39474374	0.0662631725537281
4898	0.009538716	0.0245221092571717
4899	0.34428796	0.346375534557292
4900	0.14124055	0.122429767338095
4901	1.1344626	1.35810331838333
4902	0.0369186	0.0201084599689147
4903	0.0051367376	0.0154220959034722
4904	0.012434909	0.127260844010155
4905	0.10525056	0.482614598860606
4906	0.58742446	0.235860031451961
4907	0.05030682	0.243717181483919
4908	0.17194086	0.156787400204825
4909	0.27234572	0.551472430208333
4910	0.7836249	0.605464713490196
4911	0.14613262	0.348032486392593
4912	0.07742561	0.0749056700756579
4913	0.03898528	0.0107102951994608
4914	0.0155126555	0.101292325502957
4915	0.009869911	0.0507232416357143
4916	0.3202323	0.195441189369444
4917	0.80542576	0.613897891587963
4918	0.0072897864	0.0638944574095833
4919	0.107498504	0.483003474332258
4920	0.029052343	0.0115980812438333
4921	1.0372102	0.664258931195238
4922	0.33608097	0.756309098111111
4923	0.009184621	0.305585787769146
4924	0.031388886	0.0237328508764368
4925	0.15576547	0.30658385545
4926	0.007951152	0.0382716530563636
4927	0.010199155	0.0166546435565238
4928	0.011337269	0.0417118389248649
4929	0.031315126	0.142911014350575
4930	0.31480372	0.265240454313725
4931	0.011247437	0.0198287704241176
4932	0.72775275	0.25778829818
4933	0.21768	0.0744230469303419
4934	0.724759	0.47986957871875
4935	0.018483946	0.0523218007334722
4936	0.021639425	0.11284588892973
4937	0.39978158	0.776518913272358
4938	0.101180665	0.17123167134009
4939	0.09177816	0.292603751742544
4940	0.006959939	0.0858197737135965
4941	0.027185928	0.0311130449318376
4942	0.09803878	0.650734150803252
4943	0.2879926	0.214343738539216
4944	0.029060384	0.0958502767717172
4945	0.43832847	0.355624401642636
4946	0.9807147	0.853724493254386
4947	0.008266438	0.0846383003060318
4948	0.02196957	0.12583070270625
4949	0.7717047	0.490658012647154
4950	0.3377393	0.211752604690171
4951	0.043733157	0.113438494057576
4952	0.60557956	0.639760781510417
4953	0.0246629	0.0432457558635526
4954	0.00716394	0.0440258583617105
4955	0.023062862	0.14877034793062
4956	0.0034959684	0.0242572018486667
4957	0.05189457	0.272396472658796
4958	0.4215912	0.466092426116667
4959	0.036224887	0.126307726284091
4960	0.53480965	0.230599658283784
4961	0.014565386	0.0631587034805714
4962	0.13128038	0.225881685085417
4963	0.01575148	0.062292099587381
4964	0.05298438	0.0391673275658621
4965	0.43679422	0.144146606506857
4966	0.14444605	0.227877115151852
4967	0.015514464	0.103598049434079
4968	0.0030941493	0.0195080147007778
4969	0.7226497	0.465565993071111
4970	0.010403838	0.0405803235417143
4971	0.009599919	0.012164819072549
4972	0.10155216	0.171220769542187
4973	0.022036888	0.0580360776666667
4974	0.09772511	0.0990408300625
4975	0.041966397	0.133005354918
4976	0.49533662	0.821996738434959
4977	0.29006284	0.225932896973437
4978	0.07837992	0.0925179831968518
4979	0.013460172	0.0296363831627778
4980	0.80902964	0.196250349393954
4981	0.2337731	0.427009316960753
4982	0.03465514	0.238845253759804
4983	0.008879193	0.0230159484108547
4984	1.4772623	0.57111621357439
4985	0.014294336	0.0138177374704167
4986	0.34978572	0.763709856802632
4987	0.03503437	0.0748308439532895
4988	0.5838841	0.650317362886364
4989	0.006230446	0.142583385362325
4990	0.009673484	0.103952602622756
4991	0.005444562	0.0420931504421759
4992	0.12549025	0.30970851028287
4993	0.0056508626	0.0161140477736667
4994	0.03657034	0.0530761072554286
4995	0.9222048	0.589854730806504
4996	0.019894814	0.079736291031746
4997	0.124333456	0.297609125048837
4998	0.06519216	0.152704249992105
4999	0.0078096953	0.053022038992037
5000	0.47299537	0.270912500534896
5001	0.0076154745	0.115551066066667
5002	0.19202185	0.493297770609649
5003	0.8904379	0.950255909032407
5004	0.08868257	0.321535694474333
5005	0.029258253	0.0239435440818376
5006	0.43251017	0.0509964097190991
5007	0.0032117877	0.0107249900277083
5008	0.38638365	0.726595911763158
5009	0.29113284	0.298052946111508
5010	0.008648959	0.0625195990689189
5011	0.13923384	0.108684609489394
5012	0.03150205	0.025986746845
5013	0.020671126	0.0129720091519697
5014	0.104178175	0.180185189384444
5015	0.01006526	0.0444787149861905
5016	0.03181051	0.0454003188171717
5017	0.013703687	0.0800209891956989
5018	0.058712352	0.0965386897179012
5019	0.24014853	0.207181696757658
5020	0.043514855	0.144756880901619
5021	0.3796831	0.238508976243939
5022	0.032109804	0.0359473538204167
5023	0.069963336	0.118183048292667
5024	0.0027912	0.0165680799553488
5025	0.0269604	0.100612529658698
5026	0.5823132	0.57140551525
5027	0.057748675	0.111815664941912
5028	0.11635947	0.141063461371212
5029	0.045723367	0.0788734716104167
5030	0.01473319	0.013736467381579
5031	0.019175537	0.0818306827561765
5032	0.055724744	0.08894977719875
5033	0.023034232	0.235282070211628
5034	0.068862535	0.432249421714015
5035	1.0975928	0.972770750404762
5036	0.0042760796	0.0264717348436111
5037	0.0067885085	0.0339922294584583
5038	0.14580163	0.0706323845131439
5039	0.42142135	0.623988670166667
5040	0.18921053	0.232593792744286
5041	0.51223886	0.390968592651389
5042	0.040611435	0.101485344785333
5043	0.03754753	0.163344683852137
5044	0.051841546	0.222556912163889
5045	0.06443125	0.424042563948485
5046	0.0065287785	0.0709315364869298
5047	0.06832224	0.0936778461434109
5048	0.026975136	0.112288287921154
5049	0.26553723	0.643175768903226
5050	0.5701261	0.575279524482828
5051	0.116937384	0.132535310209649
5052	0.10789653	0.176395628963008
5053	0.4590109	0.480230610827236
5054	0.2757095	0.826805260210784
5055	0.6600517	0.744124973905983
5056	0.34571037	0.711471755752688
5057	0.023699794	0.0374354900792683
5058	0.4188466	0.262574971175
5059	1.0820122	0.664127970460526
5060	0.004128229	0.0129664296360937
5061	0.07491347	0.292047668089912
5062	0.019804519	0.0116907894882407
5063	0.02204398	0.196037669892342
5064	0.1659092	0.653114769636232
5065	0.0048939628	0.0286418306717222
5066	0.008532648	0.0210810032229798
5067	0.02117273	0.100663758897619
5068	0.04266421	0.151933702758515
5069	0.009911683	0.0155883270856019
5070	0.020695448	0.048127933971375
5071	0.01254054	0.0267856937317886
5072	0.0054782373	0.0347574864405376
5073	0.14537841	0.223618585802439
5074	0.5921586	0.77535807604023
5075	0.13744356	0.384650037187083
5076	0.04879491	0.0864833131746748
5077	0.1351538	0.0707725749012255
5078	0.015709309	0.0733141912536036
5079	0.86795616	0.529209470490476
5080	0.38497767	0.563465690962963
5081	0.028281914	0.172369014364762
5082	0.010687758	0.0407327258003431
5083	0.17917353	0.391712262106061
5084	0.0051458483	0.0180555569653419
5085	0.0126516465	0.0552261080825463
5086	0.0052742753	0.0239461918315926
5087	0.2793001	0.233884661799225
5088	0.007812504	0.0953607298065476
5089	0.1587157	0.0543141530909302
5090	0.043619093	0.0857346396126263
5091	0.06389033	0.241141926962791
5092	0.026930103	0.0363316164592222
5093	0.03576244	0.038583359649009
5094	0.0766776	0.288927123008095
5095	0.122978754	0.48553949517963
5096	0.018822094	0.208471974655882
5097	0.22798313	0.158689311934804
5098	0.3357711	0.510801974538889
5099	0.28566247	0.206413741011956
5100	0.0038691543	0.0123612057460606
5101	0.28941718	0.480520428228572
5102	1.0692043	0.335640656595076
5103	0.492941	0.5988565725
5104	0.007153731	0.0111355751443434
5105	0.035533395	0.189673092670833
5106	0.089701526	0.18164007757
5107	0.014213032	0.0565314449307619
5108	0.11504972	0.422675922302632
5109	0.1330574	0.953386672097222
5110	0.06152515	0.150244228851282
5111	0.0074127493	0.0122945828512037
5112	0.013008686	0.147460573056036
5113	0.23536709	0.320473367736559
5114	0.53805643	0.422632403816239
5115	0.013428578	0.0113029792260507
5116	0.10564571	0.264697657163265
5117	0.037648164	0.0220381227687619
5118	0.024330026	0.0528136128153175
5119	0.69943565	0.387045968811966
5120	0.30039102	0.205158455316279
5121	0.019777192	0.0633488964484553
5122	0.48563677	0.565226662004274
5123	0.0125563415	0.0396957450045635
5124	0.6303116	0.899161753491228
5125	0.0077629117	0.0184654855772581
5126	0.95233375	0.170132443847238
5127	0.01699832	0.0587919336709302
5128	0.043862574	0.0802205574278495
5129	0.00460185	0.0113374166716667
5130	0.4631362	0.498315332237719
5131	0.06250755	0.188387898509921
5132	0.006601632	0.050302307950963
5133	0.784602	0.220947417428704
5134	0.0046111685	0.0120569642171171
5135	0.059333846	0.309583486544907
5136	0.44489354	0.837398205333333
5137	0.8178829	0.255809176236434
5138	0.017344318	0.23326565607
5139	0.25658658	0.318762566722807
5140	0.029561223	0.0815978628705914
5141	0.0032316304	0.00984387351054054
5142	0.004274243	0.015148471210375
5143	0.008089172	0.32469099915625
5144	0.05735511	0.103047925872024
5145	0.67403525	0.719621321209524
5146	0.65531087	0.373889874329845
5147	1.3072342	0.428929989130208
5148	0.6584541	0.837754055518518
5149	0.0023736355	0.0143862741485057
5150	0.0025199484	0.0166253059444286
5151	0.008925963	0.123266800496304
5152	0.09316002	0.228303096978261
5153	0.048484705	0.0642424454708572
5154	0.16060305	0.100396546090686
5155	0.06401533	0.602924695624445
5156	0.007583714	0.0557324945658064
5157	0.26364222	0.268517635880081
5158	0.026898788	0.015451119896746
5159	1.3468874	0.742144035320175
5160	0.028301202	0.226737373828283
5161	0.12727006	0.024152680452027
5162	0.46726114	0.139109753633135
5163	0.030007554	0.113532413075581
5164	0.67004246	0.540106647397917
5165	0.6367512	0.571415538976852
5166	0.043635998	0.232360895774762
5167	0.7397068	0.555514592594624
5168	0.11469614	0.0853796878157083
5169	0.336203	0.68360493471875
5170	0.037120342	0.0215676617482292
5171	0.0052805566	0.0194597497204825
5172	0.018527642	0.143280501428125
5173	0.18036067	0.391271519000926
5174	0.006301652	0.0103658152557317
5175	1.1005062	0.638486061338095
5176	0.012932633	0.0184656617856191
5177	0.009859803	0.100054607662439
5178	0.012946676	0.0134738984897059
5179	0.081055686	0.217734944023643
5180	0.07342113	0.118797954443476
5181	0.010493228	0.0112513542220833
5182	0.06334316	0.217084572958333
5183	0.016294744	0.0445233592445556
5184	1.9305041	0.676623493065476
5185	0.690985	0.789444562569608
5186	0.61631083	0.429128138528571
5187	0.008155245	0.185626215954594
5188	0.09261086	0.475668779184211
5189	0.048805516	0.0250398136737398
5190	0.018891482	0.113174221551111
5191	0.50927347	0.145863625523775
5192	0.025394155	0.0119547146644792
5193	0.4105162	0.402198540490196
5194	0.013843049	0.0133454622230488
5195	0.0063744043	0.0333386754248246
5196	0.09858261	0.246706495371318
5197	0.03891479	0.302054055638618
5198	0.0035234424	0.0227241813679386
5199	0.12778142	0.0822743574106944
5200	0.041709088	0.058744855436
5201	0.82748306	0.519907762745833
5202	1.3944013	0.704405845472973
5203	0.19144846	0.259447703680417
5204	0.15736043	0.148919362450439
5205	0.028526613	0.0335465258779524
5206	0.40454432	0.116326173330833
5207	0.0035267412	0.008975438265
5208	0.0030331032	0.013201069096619
5209	0.66249055	0.413839889404286
5210	0.9145858	0.129648789090735
5211	0.020435344	0.0744091405661616
5212	0.10384191	0.360904869667143
5213	0.025095247	0.151508167674479
5214	0.27986836	0.54396044842
5215	0.0038184042	0.0286638130637387
5216	0.010848827	0.231896044275758
5217	0.1785329	0.101045837447748
5218	0.020696597	0.20563854280693
5219	0.011847166	0.049319653439845
5220	0.025801105	0.0839359471989524
5221	0.012484985	0.135972527956818
5222	1.3226106	0.253681477252179
5223	0.94918567	0.935404742213675
5224	0.019124387	0.0442706890027273
5225	0.015844686	0.0385406512295714
5226	0.0032970603	0.0182236538814912
5227	0.023235776	0.0341854140441228
5228	0.21506815	0.435168832083333
5229	0.35665804	0.0868249816943678
5230	0.27133873	0.0578062231025253
5231	0.018566743	0.0392722229247312
5232	0.12421609	0.261436481422581
5233	0.013438949	0.0791587536161828
5234	0.013928392	0.0794210948073232
5235	0.0131464945	0.0748003972351894
5236	0.17678934	0.476815170678571
5237	0.61294097	0.29628324977619
5238	0.09455924	0.0279714121714103
5239	0.797372	0.981739679478632
5240	0.026798548	0.0749601917376984
5241	0.10726872	0.0469178992001626
5242	0.0032767812	0.0127437565630702
5243	0.0033866428	0.037801777434596
5244	0.10533142	0.215897226730476
5245	0.5335131	0.395068899805
5246	0.9241514	0.362438086187097
5247	0.019926809	0.133051413437143
5248	0.014153156	0.0125937140544907
5249	0.041221343	0.275233477175877
5250	0.04153004	0.0409530935622072
5251	0.51887274	0.153305574234286
5252	1.0289646	0.738437296182927
5253	0.3174942	0.618428675472973
5254	0.21521339	0.39720647099798
5255	0.7777409	0.230898720136179
5256	0.66156214	0.620485632634483
5257	0.17913817	0.202434778549286
5258	0.143999	0.111229535929675
5259	0.0069618663	0.0761843118693694
5260	0.019755539	0.0326365377311667
5261	1.0935403	0.584177649359048
5262	0.033331424	0.0221117338655983
5263	0.5388697	0.266874458272381
5264	0.39424986	0.455326159609195
5265	0.06576222	0.240773297919259
5266	0.17143641	0.0955491773108696
5267	0.024817923	0.0592703762933333
5268	0.34746122	0.499654897860185
5269	0.011689249	0.149828061385746
5270	1.6478397	0.168106712462857
5271	0.48162985	0.629816910385714
5272	0.44485316	0.338268351202941
5273	0.060956452	0.18358994717451
5274	0.13830926	0.0789529096339506
5275	0.38979426	0.258868296227381
5276	0.21076845	0.1929833314625
5277	0.045690276	0.406357469325463
5278	0.00865865	0.0807421273533784
