stratum_value	n_pairs	n_datasets	n_positive	n_negative	n_zero	delta_median	delta_q25	delta_q75	sample_equal_mean_left	sample_equal_mean_right	PValue	p_reason	comparison	scale	MP	stratum	FDR
"ALL"	28	4	3	25	0	-23.5257701718292	-31.0970354425876	-10.8934871552316	19.6771983568738	39.4529276945907	0.000113500174714927	"evaluated"	"r04_C8_vs_rest"	"usage_raw"	"EpiMP01"	"ALL"	0.000317800489201795
"CNP0000460"	10	1	1	9	0	-27.4784661690256	-30.5015473859895	-16.044645848472	17.0003167760634	36.5498173140405	0.0665457213437161	"evaluated"	"r04_C8_vs_rest"	"usage_raw"	"EpiMP01"	"dataset"	0.116455012351503
"HRA003620"	8	1	2	6	0	-12.819924505309	-23.0872626443921	-0.900170361671391	30.1068996890814	41.597819158224	0.107327557761612	"evaluated"	"r04_C8_vs_rest"	"usage_raw"	"EpiMP01"	"dataset"	0.166953978740285
"InhouseData"	4	1	0	4	0	-25.4413038132414	-37.8007408632249	-16.1907885819311	14.7803094476475	43.3305350795621	0.100348246462291	"evaluated"	"r04_C8_vs_rest"	"usage_raw"	"EpiMP01"	"dataset"	0.234145908412012
"PRJNA662018"	6	1	0	6	0	-28.0461777231577	-31.2143108414498	-18.89917333311	13.4969918214317	38.8465181206823	0.0360316862182336	"evaluated"	"r04_C8_vs_rest"	"usage_raw"	"EpiMP01"	"dataset"	0.100888721411054
"Normal"	9	3	1	8	0	-22.9225849421894	-29.0122955729273	-13.5694462670766	19.8418292558773	40.6552649210779	0.0128512401874965	"evaluated"	"r04_C8_vs_rest"	"usage_raw"	"EpiMP01"	"source"	0.0449793406562378
"MIBC"	12	4	0	12	0	-24.4995756147373	-32.209257700288	-17.4172587041513	13.399104629602	39.1998268599561	0.00252617426850217	"evaluated"	"r04_C8_vs_rest"	"usage_raw"	"EpiMP01"	"source"	0.0114230091558458
"NMIBC"	7	3	2	5	0	-8.11275223360395	-28.7531001926077	4.32299391060689	30.2279764477636	38.3409526913379	0.554113130069446	"evaluated"	"r04_C8_vs_rest"	"usage_raw"	"EpiMP01"	"source"	0.554113130069446
"ALL"	28	4	7	21	0	-3.14757012598391	-10.0561264078395	-0.0166872758658774	5.20404769899104	11.3439282966408	0.0023658991287412	"evaluated"	"r04_C8_vs_rest"	"usage_raw"	"EpiMP02"	"ALL"	0.0041403234752971
"CNP0000460"	10	1	3	7	0	-0.817973503508229	-4.78428872556	0.444647681235453	5.4103268772723	6.9641345500928	0.262192602406773	"evaluated"	"r04_C8_vs_rest"	"usage_raw"	"EpiMP02"	"dataset"	0.359407101558399
"HRA003620"	8	1	2	6	0	-0.194835925714518	-4.09748275677678	-0.0570327712684754	4.65105682257052	9.11355212373324	0.23395283347059	"evaluated"	"r04_C8_vs_rest"	"usage_raw"	"EpiMP02"	"dataset"	0.272944972382355
"InhouseData"	4	1	1	3	0	-11.3895328953499	-15.4713539289155	-5.88546879331118	5.51315249248804	15.4804423193648	0.201242620957724	"evaluated"	"r04_C8_vs_rest"	"usage_raw"	"EpiMP02"	"dataset"	0.402485241915448
"PRJNA662018"	6	1	1	5	0	-16.5337675019944	-19.7798089208223	-8.45733401657139	5.39150037475163	18.8597434229481	0.0591720678258594	"evaluated"	"r04_C8_vs_rest"	"usage_raw"	"EpiMP02"	"dataset"	0.103551118695254
"Normal"	9	3	3	6	0	-0.185692234987942	-2.52843415220164	0.274048114295188	3.52541441288476	6.16224013255141	0.286320596793059	"evaluated"	"r04_C8_vs_rest"	"usage_raw"	"EpiMP02"	"source"	0.501061044387854
"MIBC"	12	4	2	10	0	-8.62399470602257	-15.4713539289155	-3.93747020145316	6.07008006952947	15.9771422918409	0.0085899572511856	"evaluated"	"r04_C8_vs_rest"	"usage_raw"	"EpiMP02"	"source"	0.0200432335860997
"NMIBC"	7	3	2	5	0	-0.203979616441094	-6.84856377243033	0.231668433026492	5.87766357449037	10.0634462301269	0.271898710819648	"evaluated"	"r04_C8_vs_rest"	"usage_raw"	"EpiMP02"	"source"	0.346052904679553
"ALL"	28	4	26	2	0	11.8391759777223	2.37990496763462	26.1726478779679	25.0203437787557	5.37762647451725	9.46526560203835e-06	"evaluated"	"r04_C8_vs_rest"	"usage_raw"	"EpiMP03"	"ALL"	4.4171239476179e-05
"CNP0000460"	10	1	10	0	0	9.61072179897214	3.87558037418484	19.5282530222939	19.0318079645641	4.22930549182311	0.00592153702414871	"evaluated"	"r04_C8_vs_rest"	"usage_raw"	"EpiMP03"	"dataset"	0.0225266649623727
"HRA003620"	8	1	7	1	0	23.0659018958891	0.943975283347115	46.7926431814786	30.2863200925196	4.72777158164546	0.0299739735865559	"evaluated"	"r04_C8_vs_rest"	"usage_raw"	"EpiMP03"	"dataset"	0.136983953006145
"InhouseData"	4	1	4	0	0	20.1305933545991	12.4601288799463	33.730144597116	32.9526069982031	6.89292687573987	0.100348246462291	"evaluated"	"r04_C8_vs_rest"	"usage_raw"	"EpiMP03"	"dataset"	0.234145908412012
"PRJNA662018"	6	1	5	1	0	4.04224065989279	0.899340239454701	10.0215721863554	22.6917595710916	7.14776770202146	0.0934924836898357	"evaluated"	"r04_C8_vs_rest"	"usage_raw"	"EpiMP03"	"dataset"	0.145432752406411
"Normal"	9	3	8	1	0	2.56679040882842	0.797400044716809	12.4046665988814	9.28678039247719	2.80772850304483	0.0243902414330541	"evaluated"	"r04_C8_vs_rest"	"usage_raw"	"EpiMP03"	"source"	0.0682926760125514
"MIBC"	12	4	12	0	0	11.0741501589774	5.66041089757661	30.1831390904447	26.243703316195	6.00156883307861	0.00252617426850217	"evaluated"	"r04_C8_vs_rest"	"usage_raw"	"EpiMP03"	"source"	0.0114230091558458
"NMIBC"	7	3	6	1	0	29.2923214307255	14.0718081628929	59.0149927631971	43.1520232112179	7.61216553744803	0.0346105575157073	"evaluated"	"r04_C8_vs_rest"	"usage_raw"	"EpiMP03"	"source"	0.121136951304976
"ALL"	28	4	28	0	0	40.8382624340076	21.2481070512183	61.9773865375161	56.7927635430131	10.6892151043962	4.0032562049053e-06	"evaluated"	"r04_C8_vs_rest"	"usage_raw"	"EpiMP04"	"ALL"	4.4171239476179e-05
"CNP0000460"	10	1	10	0	0	74.7943070748247	48.7911807744543	95.226654003658	79.3456666491347	9.78115763314915	0.00592153702414871	"evaluated"	"r04_C8_vs_rest"	"usage_raw"	"EpiMP04"	"dataset"	0.0225266649623727
"HRA003620"	8	1	8	0	0	22.0632673626514	13.6843915918462	51.353782221452	38.5868782958151	8.05256421990423	0.0142661867014469	"evaluated"	"r04_C8_vs_rest"	"usage_raw"	"EpiMP04"	"dataset"	0.0998633069101285
"InhouseData"	4	1	4	0	0	35.8890408934508	31.016819504685	42.3492194870868	52.0088322342252	14.5318341359042	0.100348246462291	"evaluated"	"r04_C8_vs_rest"	"usage_raw"	"EpiMP04"	"dataset"	0.234145908412012
"PRJNA662018"	6	1	6	0	0	28.979521387546	18.9599707427784	39.6455646933079	46.6683929015998	13.1564327147919	0.0360316862182336	"evaluated"	"r04_C8_vs_rest"	"usage_raw"	"EpiMP04"	"dataset"	0.100888721411054
"Normal"	9	3	9	0	0	72.5154798733502	14.2925241738098	79.949486620669	68.9521901634985	9.34253458141646	0.00915168885265007	"evaluated"	"r04_C8_vs_rest"	"usage_raw"	"EpiMP04"	"source"	0.0449793406562378
"MIBC"	12	4	12	0	0	33.3367774448663	26.6607050856528	42.5995214378642	47.8676267590706	12.3153548978227	0.00252617426850217	"evaluated"	"r04_C8_vs_rest"	"usage_raw"	"EpiMP04"	"source"	0.0114230091558458
"NMIBC"	7	3	7	0	0	51.1321660014797	24.2997792805707	57.9791102654821	56.4594495177191	9.6329932737819	0.0224942712224497	"evaluated"	"r04_C8_vs_rest"	"usage_raw"	"EpiMP04"	"source"	0.104973265704765
"ALL"	28	4	12	16	0	-2.92642583452787	-13.7168908267204	5.64064667865258	39.2721574427632	42.7752393699675	0.279411362565351	"evaluated"	"r04_C8_vs_rest"	"usage_raw"	"EpiMP05"	"ALL"	0.300155602014099
"CNP0000460"	10	1	2	8	0	-16.4668472232182	-30.1032888978514	-9.35627468238953	41.618484842478	57.4204667713709	0.0323129112432441	"evaluated"	"r04_C8_vs_rest"	"usage_raw"	"EpiMP05"	"dataset"	0.0753967929009029
"HRA003620"	8	1	5	3	0	3.22324515584072	-1.20918718103448	15.7350899505898	42.6295194409605	32.8712363711163	0.183430618982178	"evaluated"	"r04_C8_vs_rest"	"usage_raw"	"EpiMP05"	"dataset"	0.233457151431863
"InhouseData"	4	1	3	1	0	3.70673088314413	-4.57805090234513	5.64064667865258	37.0488987903806	39.6930338972172	0.855132140584706	"evaluated"	"r04_C8_vs_rest"	"usage_raw"	"EpiMP05"	"dataset"	0.855132140584706
"PRJNA662018"	6	1	2	4	0	-3.95081966474134	-5.01989715758426	0.50586258921463	32.3673015472305	33.6266680145967	0.529368106184798	"evaluated"	"r04_C8_vs_rest"	"usage_raw"	"EpiMP05"	"dataset"	0.570088729737475
"Normal"	9	3	3	6	0	-12.4443310723754	-32.7092832272778	3.04806187149555	43.7232027623619	51.1654449667796	0.47719661998877	"evaluated"	"r04_C8_vs_rest"	"usage_raw"	"EpiMP05"	"source"	0.668075267984278
"MIBC"	12	4	7	5	0	2.1581904019542	-4.70984223892903	7.95942851965305	35.6696352090342	35.8231642627561	0.783652311534409	"evaluated"	"r04_C8_vs_rest"	"usage_raw"	"EpiMP05"	"source"	0.843933258575517
"NMIBC"	7	3	2	5	0	-5.24373641285278	-10.5982889905015	-0.474975475796423	39.7251372896717	43.905675215	0.271898710819648	"evaluated"	"r04_C8_vs_rest"	"usage_raw"	"EpiMP05"	"source"	0.346052904679553
"ALL"	28	4	2	26	0	-5.42525803743607	-11.3085595013225	-2.55860611283851	6.63156251927015	14.1364643765482	6.8803690701867e-06	"evaluated"	"r04_C8_vs_rest"	"usage_raw"	"EpiMP06"	"ALL"	4.4171239476179e-05
"CNP0000460"	10	1	0	10	0	-7.89011514174434	-13.4294742832133	-3.84120817942465	2.84360437329997	12.0468784180312	0.00592153702414871	"evaluated"	"r04_C8_vs_rest"	"usage_raw"	"EpiMP06"	"dataset"	0.0225266649623727
"HRA003620"	8	1	2	6	0	-2.34653760551454	-6.98674223111036	-0.690407267764023	6.45899535845367	10.5792301760527	0.042315274905714	"evaluated"	"r04_C8_vs_rest"	"usage_raw"	"EpiMP06"	"dataset"	0.136983953006145
"InhouseData"	4	1	0	4	0	-9.73374143383986	-17.1534191065739	-5.5672989838959	17.1951602090724	30.1821368657024	0.100348246462291	"evaluated"	"r04_C8_vs_rest"	"usage_raw"	"EpiMP06"	"dataset"	0.234145908412012
"PRJNA662018"	6	1	0	6	0	-5.33574708274801	-5.96543607090091	-3.59977926842497	6.13251718377424	11.6649715819676	0.0360316862182336	"evaluated"	"r04_C8_vs_rest"	"usage_raw"	"EpiMP06"	"dataset"	0.100888721411054
"Normal"	9	3	1	8	0	-5.16736761452123	-6.8956904545509	-2.55200148385124	3.87117631590792	10.1673599824759	0.0128512401874965	"evaluated"	"r04_C8_vs_rest"	"usage_raw"	"EpiMP06"	"source"	0.0449793406562378
"MIBC"	12	4	1	11	0	-5.58738294433764	-13.0129399863254	-2.99289475609726	9.6121632791462	17.9449263201193	0.00326371690167023	"evaluated"	"r04_C8_vs_rest"	"usage_raw"	"EpiMP06"	"source"	0.0114230091558458
"NMIBC"	7	3	0	7	0	-5.68314846035091	-8.93638011487809	-3.60795216445873	5.07102919237695	12.7108066942335	0.0224942712224497	"evaluated"	"r04_C8_vs_rest"	"usage_raw"	"EpiMP06"	"source"	0.104973265704765
"ALL"	28	4	20	8	0	29.2869696685088	-9.89990510814643	54.4496764516177	133.143422056285	103.00320816294	0.00426570842144832	"evaluated"	"r04_C8_vs_rest"	"usage_raw"	"EpiMP07"	"ALL"	0.00663554643336406
"CNP0000460"	10	1	8	2	0	38.6109359428269	7.47602858863471	53.6102570995356	141.523119848147	117.013126485959	0.126278928554698	"evaluated"	"r04_C8_vs_rest"	"usage_raw"	"EpiMP07"	"dataset"	0.196433888862863
"HRA003620"	8	1	4	4	0	-0.389823108711855	-15.0653654108012	16.2908949871392	104.96950115886	101.656392123184	0.944182513250483	"evaluated"	"r04_C8_vs_rest"	"usage_raw"	"EpiMP07"	"dataset"	0.944182513250483
"InhouseData"	4	1	2	2	0	4.38447897465658	-16.1953326044033	46.7065372591524	146.727615856252	120.60089017616	0.855132140584706	"evaluated"	"r04_C8_vs_rest"	"usage_raw"	"EpiMP07"	"dataset"	0.855132140584706
"PRJNA662018"	6	1	6	0	0	73.8007211246588	54.4496764516177	96.4206398754999	147.686357733103	69.7173110021044	0.0360316862182336	"evaluated"	"r04_C8_vs_rest"	"usage_raw"	"EpiMP07"	"dataset"	0.100888721411054
"Normal"	9	3	6	3	0	22.8985037779353	-9.67166065368315	59.5710343540648	130.323353454316	104.112718026746	0.0972010883062347	"evaluated"	"r04_C8_vs_rest"	"usage_raw"	"EpiMP07"	"source"	0.194402176612469
"MIBC"	12	4	9	3	0	43.4381229501909	11.869037697753	64.0531054265191	143.695848855942	100.508533603661	0.020658377241239	"evaluated"	"r04_C8_vs_rest"	"usage_raw"	"EpiMP07"	"source"	0.0321352534863718
"NMIBC"	7	3	5	2	0	8.89201443625944	-5.78987061168933	51.9411513791006	118.679350030834	105.85328043967	0.554113130069446	"evaluated"	"r04_C8_vs_rest"	"usage_raw"	"EpiMP07"	"source"	0.554113130069446
"ALL"	28	4	19	9	0	4.52989293189676	-0.91464544639303	16.6872649132107	31.0181871187545	23.4599282770661	0.0153017849043063	"evaluated"	"r04_C8_vs_rest"	"usage_raw"	"EpiMP08"	"ALL"	0.0214224988660288
"CNP0000460"	10	1	4	6	0	-1.15330694367325	-4.54229346791062	7.93219378927499	37.4652101458666	31.257426406068	0.918812683274642	"evaluated"	"r04_C8_vs_rest"	"usage_raw"	"EpiMP08"	"dataset"	0.918812683274642
"HRA003620"	8	1	7	1	0	5.24094130609454	3.5546460705962	16.6872649132107	24.3683732806004	16.4565200451576	0.0800579199844347	"evaluated"	"r04_C8_vs_rest"	"usage_raw"	"EpiMP08"	"dataset"	0.16011583996887
"InhouseData"	4	1	3	1	0	2.86578332328239	-2.26923968456872	10.2794563779353	31.6408690882281	26.4964357181439	0.583882420770365	"evaluated"	"r04_C8_vs_rest"	"usage_raw"	"EpiMP08"	"dataset"	0.817435389078511
"PRJNA662018"	6	1	5	1	0	10.9477385258556	3.79121304222933	19.0031303351071	28.7244458781243	17.7776374105558	0.0591720678258594	"evaluated"	"r04_C8_vs_rest"	"usage_raw"	"EpiMP08"	"dataset"	0.103551118695254
"Normal"	9	3	5	4	0	0.572553697367116	-4.13427243456072	5.54251064321098	28.2333837468445	25.9098242432903	0.635586122278767	"evaluated"	"r04_C8_vs_rest"	"usage_raw"	"EpiMP08"	"source"	0.684477362454056
"MIBC"	12	4	10	2	0	12.3252045437598	2.50635936409977	21.2664938991566	35.6800199175478	23.848369338003	0.0309840500984566	"evaluated"	"r04_C8_vs_rest"	"usage_raw"	"EpiMP08"	"source"	0.0433776701378393
"NMIBC"	7	3	4	3	0	4.54867686167256	-0.938130122255402	5.64962216297007	26.6069352275647	19.6441630731717	0.271898710819648	"evaluated"	"r04_C8_vs_rest"	"usage_raw"	"EpiMP08"	"source"	0.346052904679553
"ALL"	28	4	9	19	0	-2.30177945228276	-5.95768298248742	0.4916139706291	12.8918190326171	14.7207713220654	0.0371979106569159	"evaluated"	"r04_C8_vs_rest"	"usage_raw"	"EpiMP09"	"ALL"	0.0433975624330686
"CNP0000460"	10	1	2	8	0	-2.86278725206714	-6.87135394356374	-1.79778877582333	9.139439687141	13.2658211399588	0.0414910873877315	"evaluated"	"r04_C8_vs_rest"	"usage_raw"	"EpiMP09"	"dataset"	0.0829821747754631
"HRA003620"	8	1	1	7	0	-3.32239192636171	-6.76589639041762	-1.89579615662149	10.6653858206125	15.595509625142	0.058707408431205	"evaluated"	"r04_C8_vs_rest"	"usage_raw"	"EpiMP09"	"dataset"	0.136983953006145
"InhouseData"	4	1	2	2	0	3.68076762778914	-4.44184492982992	19.497217398486	29.8794397349072	18.5048348940403	0.855132140584706	"evaluated"	"r04_C8_vs_rest"	"usage_raw"	"EpiMP09"	"dataset"	0.855132140584706
"PRJNA662018"	6	1	4	2	0	0.609553117159901	-0.158069632078151	1.82861804942482	10.7892817562232	13.4566615068241	0.529368106184798	"evaluated"	"r04_C8_vs_rest"	"usage_raw"	"EpiMP09"	"dataset"	0.570088729737475
"Normal"	9	3	4	5	0	-1.47969169933823	-2.03449764238258	2.15634692915926	9.23888073806036	9.26281319924333	1	"evaluated"	"r04_C8_vs_rest"	"usage_raw"	"EpiMP09"	"source"	1
"MIBC"	12	4	4	8	0	-4.92099790013127	-8.10115171992871	0.4916139706291	17.712935778806	18.7354088280114	0.224015384088612	"evaluated"	"r04_C8_vs_rest"	"usage_raw"	"EpiMP09"	"source"	0.261351281436714
"NMIBC"	7	3	1	6	0	-2.93777145725373	-10.1258892082947	-1.56156041550876	9.32368241786621	14.855910326929	0.108319380730004	"evaluated"	"r04_C8_vs_rest"	"usage_raw"	"EpiMP09"	"source"	0.252745221703343
"ALL"	28	4	20	8	0	2.87592487734464	-0.201144085005853	11.517845717368	12.5464267592961	5.54236816537147	0.00149005437735928	"evaluated"	"r04_C8_vs_rest"	"usage_raw"	"EpiMP10"	"ALL"	0.00298010875471857
"CNP0000460"	10	1	6	4	0	0.376990402979567	-0.419362111012014	5.10229775324909	7.57401679979632	4.1186953217693	0.308063229907199	"evaluated"	"r04_C8_vs_rest"	"usage_raw"	"EpiMP10"	"dataset"	0.359407101558399
"HRA003620"	8	1	6	2	0	4.47814342520228	0.980319389262181	13.4267883483464	16.0829618914022	6.78269143242487	0.141482121482793	"evaluated"	"r04_C8_vs_rest"	"usage_raw"	"EpiMP10"	"dataset"	0.198074970075911
"InhouseData"	4	1	3	1	0	2.10778903101756	0.161986245764277	10.5998597984012	15.5541705174237	6.90011350427579	0.361310428526179	"evaluated"	"r04_C8_vs_rest"	"usage_raw"	"EpiMP10"	"dataset"	0.562038444374056
"PRJNA662018"	6	1	5	1	0	9.96825285595906	5.33276816819077	12.8414488259632	14.113234010236	5.35622832270101	0.0591720678258594	"evaluated"	"r04_C8_vs_rest"	"usage_raw"	"EpiMP10"	"dataset"	0.103551118695254
"Normal"	9	3	5	4	0	0.469084187981055	-0.42216221821779	4.44493960714039	8.07058390995191	4.76354276382812	0.406941216918031	"evaluated"	"r04_C8_vs_rest"	"usage_raw"	"EpiMP10"	"source"	0.633019670761381
"MIBC"	12	4	9	3	0	5.03762163135449	0.311197656471249	15.9626821651561	17.2084455022332	6.74815131325575	0.0167287003897047	"evaluated"	"r04_C8_vs_rest"	"usage_raw"	"EpiMP10"	"source"	0.0292752256819832
"NMIBC"	7	3	6	1	0	7.99625385134191	1.13991673466522	10.0136831576656	10.3090497205609	4.47665828526845	0.0519129649350183	"evaluated"	"r04_C8_vs_rest"	"usage_raw"	"EpiMP10"	"source"	0.145356301818051
"ALL"	28	4	25	3	0	8.77995179718307	3.53590489582294	17.0628021271594	19.0658437526059	8.43125163928103	1.76741562992507e-05	"evaluated"	"r04_C8_vs_rest"	"usage_raw"	"EpiMP11"	"ALL"	6.18595470473776e-05
"CNP0000460"	10	1	9	1	0	11.2025396554461	3.76001719873687	16.8353059272907	20.474766905522	9.97406382221763	0.00804523748656169	"evaluated"	"r04_C8_vs_rest"	"usage_raw"	"EpiMP11"	"dataset"	0.0225266649623727
"HRA003620"	8	1	6	2	0	3.97596383185479	0.969973652685146	6.34853009538028	14.1022758688507	10.0911988761929	0.107327557761612	"evaluated"	"r04_C8_vs_rest"	"usage_raw"	"EpiMP11"	"dataset"	0.166953978740285
"InhouseData"	4	1	4	0	0	15.7687153175491	5.31672611392948	27.7849143711877	21.0482109957973	3.71528582822924	0.100348246462291	"evaluated"	"r04_C8_vs_rest"	"usage_raw"	"EpiMP11"	"dataset"	0.234145908412012
"PRJNA662018"	6	1	6	0	0	15.9492752671116	10.0745456243488	17.6821973690833	22.0141508472916	6.7906122258721	0.0360316862182336	"evaluated"	"r04_C8_vs_rest"	"usage_raw"	"EpiMP11"	"dataset"	0.100888721411054
"Normal"	9	3	7	2	0	3.84373048017238	1.97836930963319	12.3192530079462	17.9811978746867	9.27029324476097	0.0580240199462214	"evaluated"	"r04_C8_vs_rest"	"usage_raw"	"EpiMP11"	"source"	0.135389379874517
"MIBC"	12	4	11	1	0	14.0249838000864	4.47838823559648	18.8799198320557	19.7201755192872	6.80079584600415	0.00419259258389319	"evaluated"	"r04_C8_vs_rest"	"usage_raw"	"EpiMP11"	"source"	0.0117392592349009
"NMIBC"	7	3	7	0	0	8.4426273684607	4.57886374506513	13.0227631840578	19.3386768527627	10.1475509349958	0.0224942712224497	"evaluated"	"r04_C8_vs_rest"	"usage_raw"	"EpiMP11"	"source"	0.104973265704765
"ALL"	28	4	8	20	0	-0.400279118310877	-1.71421989648119	0.121721122820854	4.77259022731918	5.53631802480676	0.0351733826150206	"evaluated"	"r04_C8_vs_rest"	"usage_raw"	"EpiMP12"	"ALL"	0.0433975624330686
"CNP0000460"	10	1	3	7	0	-0.378943463911929	-1.70494292357024	0.0461726052888256	7.25577581067123	8.00861133471668	0.308063229907199	"evaluated"	"r04_C8_vs_rest"	"usage_raw"	"EpiMP12"	"dataset"	0.359407101558399
"HRA003620"	8	1	2	6	0	-0.18038797664392	-0.615523336320269	0.031730444472196	1.79018303373993	2.0049570068223	0.441208519505878	"evaluated"	"r04_C8_vs_rest"	"usage_raw"	"EpiMP12"	"dataset"	0.475147636390945
"InhouseData"	4	1	0	4	0	-2.01241833540404	-3.63935579247662	-0.811502580410227	8.25843054609548	10.6968705835783	0.100348246462291	"evaluated"	"r04_C8_vs_rest"	"usage_raw"	"EpiMP12"	"dataset"	0.234145908412012
"PRJNA662018"	6	1	3	3	0	-0.130597370414246	-1.55115992806843	0.905074159095333	2.28659696732057	2.68394215975517	0.674986713970489	"evaluated"	"r04_C8_vs_rest"	"usage_raw"	"EpiMP12"	"dataset"	0.674986713970489
"Normal"	9	3	4	5	0	-0.229028335853033	-1.16239869696504	0.235547732670746	6.46240875896827	7.03579289606128	0.553616991965781	"evaluated"	"r04_C8_vs_rest"	"usage_raw"	"EpiMP12"	"source"	0.684477362454056
"MIBC"	12	4	3	9	0	-0.320512556710036	-1.42089915205391	0.013925048554306	4.62135974587787	5.4594929016044	0.146707642066199	"evaluated"	"r04_C8_vs_rest"	"usage_raw"	"EpiMP12"	"source"	0.186718817175163
"NMIBC"	7	3	1	6	0	-1.65702952893981	-1.90608196996033	-0.278634253631243	2.85921865481261	3.74012197296928	0.150785565027971	"evaluated"	"r04_C8_vs_rest"	"usage_raw"	"EpiMP12"	"source"	0.26387473879895
"ALL"	28	4	12	16	0	-0.576954105192968	-5.53047246842857	1.74997080282886	11.5819985417207	12.9955105210345	0.300155602014099	"evaluated"	"r04_C8_vs_rest"	"usage_raw"	"EpiMP13"	"ALL"	0.300155602014099
"CNP0000460"	10	1	5	5	0	0.107746606286299	-3.11310618716076	5.11968599172804	14.0183235817238	13.6381445589822	0.918812683274642	"evaluated"	"r04_C8_vs_rest"	"usage_raw"	"EpiMP13"	"dataset"	0.918812683274642
"HRA003620"	8	1	0	8	0	-6.65198782613263	-9.08278628118881	-3.79323684303945	6.72408792500448	13.481047039454	0.0142661867014469	"evaluated"	"r04_C8_vs_rest"	"usage_raw"	"EpiMP13"	"dataset"	0.0998633069101285
"InhouseData"	4	1	3	1	0	0.402063286850904	-3.80067794837024	4.30377325603124	17.867011023935	17.7659790031249	0.855132140584706	"evaluated"	"r04_C8_vs_rest"	"usage_raw"	"EpiMP13"	"dataset"	0.855132140584706
"PRJNA662018"	6	1	4	2	0	2.10555998353762	0.155589452967647	4.1402265892767	9.80866264252787	8.09675944516886	0.401678166469773	"evaluated"	"r04_C8_vs_rest"	"usage_raw"	"EpiMP13"	"dataset"	0.511226757325166
"Normal"	9	3	4	5	0	-0.713665763011614	-3.89570705695085	1.0454432610449	12.4823431724784	13.762380067406	0.635586122278767	"evaluated"	"r04_C8_vs_rest"	"usage_raw"	"EpiMP13"	"source"	0.684477362454056
"MIBC"	12	4	7	5	0	0.402063286850904	-3.87983392079684	3.49052666711247	12.4239906787164	12.5749462190927	0.968712415392996	"evaluated"	"r04_C8_vs_rest"	"usage_raw"	"EpiMP13"	"source"	0.968712415392996
"NMIBC"	7	3	1	6	0	-3.21729871835341	-6.49363046692778	-1.47077853832045	8.98099749589698	12.7305027647429	0.150785565027971	"evaluated"	"r04_C8_vs_rest"	"usage_raw"	"EpiMP13"	"source"	0.26387473879895
"ALL"	28	4	6	22	0	-5.274958250816	-6.64057140511903	-1.09079102929846	4.98445182674716	9.30934681227391	0.00014977513098963	"evaluated"	"r04_C8_vs_rest"	"usage_raw"	"EpiMP14"	"ALL"	0.000349475305642469
"CNP0000460"	10	1	1	9	0	-5.274958250816	-5.95102453633669	-3.37240662966517	2.9870091105103	7.61762596188955	0.00804523748656169	"evaluated"	"r04_C8_vs_rest"	"usage_raw"	"EpiMP14"	"dataset"	0.0225266649623727
"HRA003620"	8	1	2	6	0	-5.20815111387039	-6.10676842746366	-0.240682161584658	5.62398721949499	9.17501098526344	0.058707408431205	"evaluated"	"r04_C8_vs_rest"	"usage_raw"	"EpiMP14"	"dataset"	0.136983953006145
"InhouseData"	4	1	1	3	0	-4.49121826958943	-8.69754323254166	-1.4416827982436	6.03993307229002	11.6879408334859	0.361310428526179	"evaluated"	"r04_C8_vs_rest"	"usage_raw"	"EpiMP14"	"dataset"	0.562038444374056
"PRJNA662018"	6	1	2	4	0	-4.43785619019586	-8.48610301135571	0.41132227728479	6.75715499978289	10.7222666514538	0.208412803684149	"evaluated"	"r04_C8_vs_rest"	"usage_raw"	"EpiMP14"	"dataset"	0.291777925157808
"Normal"	9	3	0	9	0	-5.62166200040264	-6.85008051160113	-4.74664393689761	3.90687471902469	9.2737873218086	0.00915168885265007	"evaluated"	"r04_C8_vs_rest"	"usage_raw"	"EpiMP14"	"source"	0.0449793406562378
"MIBC"	12	4	2	10	0	-5.36600129207661	-6.18829279530894	-1.73068681325687	5.67828170686162	10.1423846482809	0.0167287003897047	"evaluated"	"r04_C8_vs_rest"	"usage_raw"	"EpiMP14"	"source"	0.0292752256819832
"NMIBC"	7	3	4	3	0	0.185149973351583	-6.52808933021053	0.592660154933848	5.18048545647982	7.92700129543164	0.554113130069446	"evaluated"	"r04_C8_vs_rest"	"usage_raw"	"EpiMP14"	"source"	0.554113130069446
"ALL"	28	4	10	18	0	-0.0396613256973302	-0.123259649268884	0.0251657450949672	0.502395468586245	0.547312083568181	0.0332436644944335	"evaluated"	"r04_C8_vs_rest"	"UCell_raw"	"EpiMP01"	"ALL"	0.0465411302922069
"CNP0000460"	10	1	2	8	0	-0.0587773901333624	-0.148593743215288	-0.0389913877219645	0.45740978191631	0.527116438099168	0.0665457213437161	"evaluated"	"r04_C8_vs_rest"	"UCell_raw"	"EpiMP01"	"dataset"	0.10351556653467
"HRA003620"	8	1	6	2	0	0.0290076078941857	0.00579814975583751	0.0726791917309558	0.571734090949161	0.537622705170157	0.107327557761612	"evaluated"	"r04_C8_vs_rest"	"UCell_raw"	"EpiMP01"	"dataset"	0.136598709878415
"InhouseData"	4	1	2	2	0	-0.0147431112539596	-0.0783296104514989	0.0247228789284687	0.365843488798429	0.404707109067499	0.855132140584706	"evaluated"	"r04_C8_vs_rest"	"UCell_raw"	"EpiMP01"	"dataset"	0.920911536014299
"PRJNA662018"	6	1	0	6	0	-0.118422188223502	-0.156370682506658	-0.072076536653483	0.575954769744125	0.688960646881024	0.0360316862182336	"evaluated"	"r04_C8_vs_rest"	"UCell_raw"	"EpiMP01"	"dataset"	0.0420369672546058
"Normal"	9	3	4	5	0	-0.0410012016480616	-0.136961959285943	0.0352055744188374	0.53547047515902	0.576986710576365	0.343252562436031	"evaluated"	"r04_C8_vs_rest"	"UCell_raw"	"EpiMP01"	"source"	0.436866897645858
"MIBC"	12	4	3	9	0	-0.0623277662218641	-0.127136910578666	0.00144026237857826	0.468108156666476	0.535320397977013	0.0376328835201408	"evaluated"	"r04_C8_vs_rest"	"UCell_raw"	"EpiMP01"	"source"	0.0526860369281971
"NMIBC"	7	3	3	4	0	-0.0374427610885152	-0.0475197220005424	0.0579416398681405	0.518648709140852	0.529716166999662	0.799846105662473	"evaluated"	"r04_C8_vs_rest"	"UCell_raw"	"EpiMP01"	"source"	0.861372729174971
"ALL"	28	4	12	16	0	-0.00979392274149328	-0.0445147017134665	0.0149897375397135	0.14804704716726	0.164095547002847	0.103491647958341	"evaluated"	"r04_C8_vs_rest"	"UCell_raw"	"EpiMP02"	"ALL"	0.13171664285607
"CNP0000460"	10	1	4	6	0	-0.0112421991844422	-0.0380169774851672	0.00530757816103801	0.125484371943635	0.13406006040503	0.358951435852626	"evaluated"	"r04_C8_vs_rest"	"UCell_raw"	"EpiMP02"	"dataset"	0.358951435852626
"HRA003620"	8	1	6	2	0	0.0229537101522252	0.00615705872895301	0.0328700325198517	0.17083085609924	0.159491913015538	0.362726506485098	"evaluated"	"r04_C8_vs_rest"	"UCell_raw"	"EpiMP02"	"dataset"	0.39062854544549
"InhouseData"	4	1	2	2	0	-0.00251109698713322	-0.0279283927536638	0.00531478967236508	0.124291325885111	0.144393831979277	0.855132140584706	"evaluated"	"r04_C8_vs_rest"	"UCell_raw"	"EpiMP02"	"dataset"	0.920911536014299
"PRJNA662018"	6	1	0	6	0	-0.074134917341639	-0.0885921716825531	-0.0346099111065797	0.171110241485429	0.23342734666467	0.0360316862182336	"evaluated"	"r04_C8_vs_rest"	"UCell_raw"	"EpiMP02"	"dataset"	0.0420369672546058
"Normal"	9	3	5	4	0	0.00324626340894085	-0.0253078273606945	0.0201817934749323	0.150989189724516	0.158509710957031	0.812703686128436	"evaluated"	"r04_C8_vs_rest"	"UCell_raw"	"EpiMP02"	"source"	0.875219354292162
"MIBC"	12	4	3	9	0	-0.0227222911590943	-0.0575503859803215	-0.00150780957256928	0.145121316003334	0.177212908083244	0.0309840500984566	"evaluated"	"r04_C8_vs_rest"	"UCell_raw"	"EpiMP02"	"source"	0.0481974112642659
"NMIBC"	7	3	4	3	0	0.00599468307840373	-0.0275944503873357	0.0288624419690427	0.149279831588947	0.14879043149536	1	"evaluated"	"r04_C8_vs_rest"	"UCell_raw"	"EpiMP02"	"source"	1
"ALL"	28	4	28	0	0	0.213349404122464	0.112328547279231	0.241135102571861	0.482747301200082	0.288145160776132	4.0032562049053e-06	"evaluated"	"r04_C8_vs_rest"	"UCell_raw"	"EpiMP03"	"ALL"	1.10971696606847e-05
"CNP0000460"	10	1	10	0	0	0.217166086105729	0.18731321691289	0.23160517042871	0.441608112007529	0.237832929399206	0.00592153702414871	"evaluated"	"r04_C8_vs_rest"	"UCell_raw"	"EpiMP03"	"dataset"	0.0160904749731234
"HRA003620"	8	1	8	0	0	0.236230332681996	0.17276825209241	0.255049596459738	0.498079624049458	0.281243674075884	0.0142661867014469	"evaluated"	"r04_C8_vs_rest"	"UCell_raw"	"EpiMP03"	"dataset"	0.0324529058509686
"InhouseData"	4	1	4	0	0	0.205622580763503	0.169894940395908	0.239887720001792	0.506471281263634	0.302311201629437	0.100348246462291	"evaluated"	"r04_C8_vs_rest"	"UCell_raw"	"EpiMP03"	"dataset"	0.200696492924582
"PRJNA662018"	6	1	6	0	0	0.0766280200400467	0.072393640286099	0.185396210192188	0.515053532679467	0.371756834769135	0.0360316862182336	"evaluated"	"r04_C8_vs_rest"	"UCell_raw"	"EpiMP03"	"dataset"	0.0420369672546058
"Normal"	9	3	9	0	0	0.198515650451132	0.161494230132536	0.220899876883046	0.441076251063787	0.260268607127586	0.00915168885265007	"evaluated"	"r04_C8_vs_rest"	"UCell_raw"	"EpiMP03"	"source"	0.0183033777053001
"MIBC"	12	4	12	0	0	0.186285792742387	0.095293537665788	0.232595809394856	0.486046028901732	0.314946789460055	0.00252617426850217	"evaluated"	"r04_C8_vs_rest"	"UCell_raw"	"EpiMP03"	"source"	0.00707328795180607
"NMIBC"	7	3	7	0	0	0.259941967020309	0.236166036824249	0.307630032682826	0.530669403886775	0.278040794866108	0.0224942712224497	"evaluated"	"r04_C8_vs_rest"	"UCell_raw"	"EpiMP03"	"source"	0.0449885424448993
"ALL"	28	4	28	0	0	0.22592669414614	0.126643420842542	0.258437040201106	0.536373864248687	0.332118117813113	4.0032562049053e-06	"evaluated"	"r04_C8_vs_rest"	"UCell_raw"	"EpiMP04"	"ALL"	1.10971696606847e-05
"CNP0000460"	10	1	10	0	0	0.237550965685914	0.232083234490131	0.2697067975273	0.526222254835915	0.287430261291296	0.00592153702414871	"evaluated"	"r04_C8_vs_rest"	"UCell_raw"	"EpiMP04"	"dataset"	0.0160904749731234
"HRA003620"	8	1	8	0	0	0.18773585883186	0.144385428785087	0.262281610423746	0.513808919547277	0.310064091854552	0.0142661867014469	"evaluated"	"r04_C8_vs_rest"	"UCell_raw"	"EpiMP04"	"dataset"	0.0324529058509686
"InhouseData"	4	1	4	0	0	0.206343836545339	0.174202318952023	0.244299693003972	0.54975310439189	0.337594928981234	0.100348246462291	"evaluated"	"r04_C8_vs_rest"	"UCell_raw"	"EpiMP04"	"dataset"	0.200696492924582
"PRJNA662018"	6	1	6	0	0	0.0978320979889982	0.0781560354919788	0.214816525854147	0.574460312776387	0.432352039182143	0.0360316862182336	"evaluated"	"r04_C8_vs_rest"	"UCell_raw"	"EpiMP04"	"dataset"	0.0420369672546058
"Normal"	9	3	9	0	0	0.239081628640555	0.150170699850281	0.259017970817719	0.528753209985276	0.311539807957244	0.00915168885265007	"evaluated"	"r04_C8_vs_rest"	"UCell_raw"	"EpiMP04"	"source"	0.0183033777053001
"MIBC"	12	4	12	0	0	0.18773585883186	0.107346150945664	0.223062421608432	0.537892935657575	0.364135946357194	0.00252617426850217	"evaluated"	"r04_C8_vs_rest"	"UCell_raw"	"EpiMP04"	"source"	0.00707328795180607
"NMIBC"	7	3	7	0	0	0.256364582111894	0.226202694096325	0.285353928322473	0.54356772588641	0.303688238695093	0.0224942712224497	"evaluated"	"r04_C8_vs_rest"	"UCell_raw"	"EpiMP04"	"source"	0.0449885424448993
"ALL"	28	4	12	16	0	-0.0134397884395448	-0.0720707057141171	0.0516470183627299	0.428601763495205	0.439706792654358	0.418868678861839	"evaluated"	"r04_C8_vs_rest"	"UCell_raw"	"EpiMP05"	"ALL"	0.451089346466596
"CNP0000460"	10	1	3	7	0	-0.0386182088418395	-0.0891609765334708	-0.00104900757622881	0.418232583753837	0.453714675712686	0.185143724157873	"evaluated"	"r04_C8_vs_rest"	"UCell_raw"	"EpiMP05"	"dataset"	0.199385549093094
"HRA003620"	8	1	7	1	0	0.0644653751637141	0.0137741195602425	0.0905827998132467	0.493058083556145	0.437852826498375	0.0299739735865559	"evaluated"	"r04_C8_vs_rest"	"UCell_raw"	"EpiMP05"	"dataset"	0.0419635630211782
"InhouseData"	4	1	2	2	0	0.0173669678429541	-0.0299103473458777	0.045543081530208	0.291748246246182	0.293482479904806	1	"evaluated"	"r04_C8_vs_rest"	"UCell_raw"	"EpiMP05"	"dataset"	1
"PRJNA662018"	6	1	0	6	0	-0.0652705082437887	-0.0915491989339308	-0.0459120928484789	0.451177647815581	0.516315150931493	0.0360316862182336	"evaluated"	"r04_C8_vs_rest"	"UCell_raw"	"EpiMP05"	"dataset"	0.0420369672546058
"Normal"	9	3	4	5	0	-0.0299745452292924	-0.0906964314328713	0.0871834142059493	0.48716607014442	0.493552395609217	0.722282962716192	"evaluated"	"r04_C8_vs_rest"	"UCell_raw"	"EpiMP05"	"source"	0.842663456502224
"MIBC"	12	4	4	8	0	-0.0269914184467613	-0.0720707057141171	0.00933868794239184	0.38912863965127	0.415911091051966	0.146707642066199	"evaluated"	"r04_C8_vs_rest"	"UCell_raw"	"EpiMP05"	"source"	0.171158915743899
"NMIBC"	7	3	4	3	0	0.00859283830812574	-0.0279095741056165	0.0644653751637141	0.420973010107245	0.411269363030784	0.799846105662473	"evaluated"	"r04_C8_vs_rest"	"UCell_raw"	"EpiMP05"	"source"	0.861372729174971
"ALL"	28	4	8	20	0	-0.028388188286437	-0.0554170432992539	0.00632285041659847	0.191523447452443	0.222538925909023	0.00219308472898891	"evaluated"	"r04_C8_vs_rest"	"UCell_raw"	"EpiMP06"	"ALL"	0.00341146513398275
"CNP0000460"	10	1	2	8	0	-0.0516183462707877	-0.0735220264829457	-0.0177652249391007	0.153007175415194	0.201280346877523	0.0249324556028631	"evaluated"	"r04_C8_vs_rest"	"UCell_raw"	"EpiMP06"	"dataset"	0.0436317973050105
"HRA003620"	8	1	4	4	0	-0.00290340462683426	-0.021303054590355	0.0247439605497081	0.191750423780491	0.190566499178322	1	"evaluated"	"r04_C8_vs_rest"	"UCell_raw"	"EpiMP06"	"dataset"	1
"InhouseData"	4	1	2	2	0	-0.0175017303724292	-0.0636095179724179	0.0183729843142459	0.261990232264228	0.289725035549971	0.583882420770365	"evaluated"	"r04_C8_vs_rest"	"UCell_raw"	"EpiMP06"	"dataset"	0.817435389078511
"PRJNA662018"	6	1	0	6	0	-0.0436670029405499	-0.0567529554756939	-0.0320200263711555	0.208436742535937	0.25580905350849	0.0360316862182336	"evaluated"	"r04_C8_vs_rest"	"UCell_raw"	"EpiMP06"	"dataset"	0.0420369672546058
"Normal"	9	3	2	7	0	-0.0223944021956207	-0.0488904810626471	-0.0162221658535941	0.169624598948968	0.198143056162648	0.123534253752569	"evaluated"	"r04_C8_vs_rest"	"UCell_raw"	"EpiMP06"	"source"	0.192164394726219
"MIBC"	12	4	4	8	0	-0.0425428443845727	-0.0674961638484285	0.00632285041659847	0.209014664496308	0.244589136662394	0.0309840500984566	"evaluated"	"r04_C8_vs_rest"	"UCell_raw"	"EpiMP06"	"source"	0.0481974112642659
"NMIBC"	7	3	2	5	0	-0.0261532748310057	-0.0424846566103983	0.0033253073208343	0.189694166310287	0.216104682862868	0.352542137499713	"evaluated"	"r04_C8_vs_rest"	"UCell_raw"	"EpiMP06"	"source"	0.548398880555109
"ALL"	28	4	28	0	0	0.125215756597813	0.104506229414355	0.164493463174295	0.383689457564089	0.250464882120671	4.0032562049053e-06	"evaluated"	"r04_C8_vs_rest"	"UCell_raw"	"EpiMP07"	"ALL"	1.10971696606847e-05
"CNP0000460"	10	1	10	0	0	0.125215756597813	0.112503227154085	0.13137792808624	0.385651105901976	0.263811192531474	0.00592153702414871	"evaluated"	"r04_C8_vs_rest"	"UCell_raw"	"EpiMP07"	"dataset"	0.0160904749731234
"HRA003620"	8	1	8	0	0	0.165432403932734	0.0817433382945577	0.189870383505484	0.382000008984701	0.241884669357649	0.0142661867014469	"evaluated"	"r04_C8_vs_rest"	"UCell_raw"	"EpiMP07"	"dataset"	0.0324529058509686
"InhouseData"	4	1	4	0	0	0.123312365674516	0.100932137735555	0.154630286937732	0.390251706955226	0.258001647956455	0.100348246462291	"evaluated"	"r04_C8_vs_rest"	"UCell_raw"	"EpiMP07"	"dataset"	0.200696492924582
"PRJNA662018"	6	1	6	0	0	0.112857846830104	0.0938303506790558	0.180323846874069	0.378297808846036	0.23463680456284	0.0360316862182336	"evaluated"	"r04_C8_vs_rest"	"UCell_raw"	"EpiMP07"	"dataset"	0.0420369672546058
"Normal"	9	3	9	0	0	0.12163998550609	0.0858732794610931	0.132977063921793	0.375302161403181	0.256387606286954	0.00915168885265007	"evaluated"	"r04_C8_vs_rest"	"UCell_raw"	"EpiMP07"	"source"	0.0183033777053001
"MIBC"	12	4	12	0	0	0.115187029130623	0.104506229414355	0.146108122915784	0.382101031249911	0.252657416353549	0.00252617426850217	"evaluated"	"r04_C8_vs_rest"	"UCell_raw"	"EpiMP07"	"source"	0.00707328795180607
"NMIBC"	7	3	7	0	0	0.142124760450499	0.12207588864562	0.181443193727242	0.397196140595276	0.239091320936231	0.0224942712224497	"evaluated"	"r04_C8_vs_rest"	"UCell_raw"	"EpiMP07"	"source"	0.0449885424448993
"ALL"	28	4	27	1	0	0.0640702794532957	0.0464660187257284	0.0835892104664453	0.281725526135352	0.213483608781506	4.97900576551667e-06	"evaluated"	"r04_C8_vs_rest"	"UCell_raw"	"EpiMP08"	"ALL"	1.10971696606847e-05
"CNP0000460"	10	1	9	1	0	0.0490858693205824	0.0462746453115268	0.080208972671261	0.326628604822693	0.258982402663931	0.00804523748656169	"evaluated"	"r04_C8_vs_rest"	"UCell_raw"	"EpiMP08"	"dataset"	0.0160904749731234
"HRA003620"	8	1	8	0	0	0.0800129043856857	0.0726006567950019	0.0894903782260402	0.258160141875577	0.182478559067058	0.0142661867014469	"evaluated"	"r04_C8_vs_rest"	"UCell_raw"	"EpiMP08"	"dataset"	0.0324529058509686
"InhouseData"	4	1	4	0	0	0.0467135330668439	0.033021907550668	0.0736910224199515	0.268468514776336	0.20846911787256	0.100348246462291	"evaluated"	"r04_C8_vs_rest"	"UCell_raw"	"EpiMP08"	"dataset"	0.200696492924582
"PRJNA662018"	6	1	6	0	0	0.0642198404523807	0.0541586589943347	0.0762986525367441	0.247145581575492	0.18233534586936	0.0360316862182336	"evaluated"	"r04_C8_vs_rest"	"UCell_raw"	"EpiMP08"	"dataset"	0.0420369672546058
"Normal"	9	3	9	0	0	0.0564526289683078	0.0468746874028732	0.0779833327372332	0.301179329789946	0.237358610305209	0.00915168885265007	"evaluated"	"r04_C8_vs_rest"	"UCell_raw"	"EpiMP08"	"source"	0.0183033777053001
"MIBC"	12	4	11	1	0	0.0745578551894077	0.0373916663832001	0.0901406752609402	0.283705552263706	0.21465002316858	0.00419259258389319	"evaluated"	"r04_C8_vs_rest"	"UCell_raw"	"EpiMP08"	"source"	0.00838518516778638
"NMIBC"	7	3	7	0	0	0.0573634204100265	0.0498260553109666	0.0800129043856857	0.253319162359407	0.180787610730333	0.0224942712224497	"evaluated"	"r04_C8_vs_rest"	"UCell_raw"	"EpiMP08"	"source"	0.0449885424448993
"ALL"	28	4	21	7	0	0.0189007998112271	0.00386554094124121	0.0324858891063757	0.223562165289589	0.202142317650757	0.00100019924257421	"evaluated"	"r04_C8_vs_rest"	"UCell_raw"	"EpiMP09"	"ALL"	0.00175034867450487
"CNP0000460"	10	1	7	3	0	0.0108666077579988	-0.00267861110501021	0.0214380323321679	0.214281876409717	0.203257410340334	0.102917539402853	"evaluated"	"r04_C8_vs_rest"	"UCell_raw"	"EpiMP09"	"dataset"	0.144084555163994
"HRA003620"	8	1	7	1	0	0.0346664940108409	0.0165835186392341	0.0428315766094502	0.234452307507207	0.203343718451286	0.0208625823327655	"evaluated"	"r04_C8_vs_rest"	"UCell_raw"	"EpiMP09"	"dataset"	0.0324529058509686
"InhouseData"	4	1	3	1	0	0.0250915108601579	0.0170075866141327	0.0589667056705523	0.244203366694166	0.193320585269639	0.201242620957724	"evaluated"	"r04_C8_vs_rest"	"UCell_raw"	"EpiMP09"	"dataset"	0.352174586676017
"PRJNA662018"	6	1	4	2	0	0.00994788819228974	-0.000255646785796503	0.0197152295843548	0.210748322862832	0.204563117021505	0.529368106184798	"evaluated"	"r04_C8_vs_rest"	"UCell_raw"	"EpiMP09"	"dataset"	0.529368106184798
"Normal"	9	3	9	0	0	0.0216300695704979	0.0165415527851234	0.040461488671048	0.220856380582611	0.192313174317536	0.00915168885265007	"evaluated"	"r04_C8_vs_rest"	"UCell_raw"	"EpiMP09"	"source"	0.0183033777053001
"MIBC"	12	4	6	6	0	0.00180601512382836	-0.0056509629065774	0.0220152095184063	0.232461026365074	0.218376719988219	0.456125851713522	"evaluated"	"r04_C8_vs_rest"	"UCell_raw"	"EpiMP09"	"source"	0.456125851713522
"NMIBC"	7	3	6	1	0	0.0288714993506338	0.0127996255377165	0.0419997883594464	0.211785840926301	0.186949383643537	0.0346105575157073	"evaluated"	"r04_C8_vs_rest"	"UCell_raw"	"EpiMP09"	"source"	0.0605684756524879
"ALL"	28	4	28	0	0	0.0664408951604422	0.0467613676099704	0.0964261532853043	0.26157749531118	0.182413251252854	4.0032562049053e-06	"evaluated"	"r04_C8_vs_rest"	"UCell_raw"	"EpiMP10"	"ALL"	1.10971696606847e-05
"CNP0000460"	10	1	10	0	0	0.0498498033400392	0.0434617018286015	0.078621892639761	0.234350455971554	0.175439254314346	0.00592153702414871	"evaluated"	"r04_C8_vs_rest"	"UCell_raw"	"EpiMP10"	"dataset"	0.0160904749731234
"HRA003620"	8	1	8	0	0	0.0826510329389517	0.0603678002679007	0.12326137413615	0.280863936703557	0.185847632834042	0.0142661867014469	"evaluated"	"r04_C8_vs_rest"	"UCell_raw"	"EpiMP10"	"dataset"	0.0324529058509686
"InhouseData"	4	1	4	0	0	0.0508423353885426	0.0441967842529809	0.0893751228030986	0.280356778959421	0.197627207291884	0.100348246462291	"evaluated"	"r04_C8_vs_rest"	"UCell_raw"	"EpiMP10"	"dataset"	0.200696492924582
"PRJNA662018"	6	1	6	0	0	0.0873333222499181	0.0786169778809199	0.0998895173933149	0.26872111658856	0.179314766682765	0.0360316862182336	"evaluated"	"r04_C8_vs_rest"	"UCell_raw"	"EpiMP10"	"dataset"	0.0420369672546058
"Normal"	9	3	9	0	0	0.0550224062569721	0.0429163005378971	0.0707321920493408	0.243925287398585	0.177506526686381	0.00915168885265007	"evaluated"	"r04_C8_vs_rest"	"UCell_raw"	"EpiMP10"	"source"	0.0183033777053001
"MIBC"	12	4	12	0	0	0.0699705260741909	0.0469099271042736	0.0890966527496402	0.27515890707471	0.191138808211793	0.00252617426850217	"evaluated"	"r04_C8_vs_rest"	"UCell_raw"	"EpiMP10"	"source"	0.00707328795180607
"NMIBC"	7	3	7	0	0	0.0945698738285625	0.0640904893947477	0.110670617212487	0.260990771032753	0.17376379948014	0.0224942712224497	"evaluated"	"r04_C8_vs_rest"	"UCell_raw"	"EpiMP10"	"source"	0.0449885424448993
"ALL"	28	4	28	0	0	0.113398674270423	0.0805773033926852	0.136933102241517	0.267059089255511	0.159298827376578	4.0032562049053e-06	"evaluated"	"r04_C8_vs_rest"	"UCell_raw"	"EpiMP11"	"ALL"	1.10971696606847e-05
"CNP0000460"	10	1	10	0	0	0.128678225953403	0.107973037386212	0.134606408773399	0.254771673736264	0.131018444316857	0.00592153702414871	"evaluated"	"r04_C8_vs_rest"	"UCell_raw"	"EpiMP11"	"dataset"	0.0160904749731234
"HRA003620"	8	1	8	0	0	0.106540400802662	0.070729020776138	0.116007128414598	0.269465266474878	0.173256083718628	0.0142661867014469	"evaluated"	"r04_C8_vs_rest"	"UCell_raw"	"EpiMP11"	"dataset"	0.0324529058509686
"InhouseData"	4	1	4	0	0	0.132016249037914	0.11062412284057	0.14902857182669	0.271166793764484	0.143530348135138	0.100348246462291	"evaluated"	"r04_C8_vs_rest"	"UCell_raw"	"EpiMP11"	"dataset"	0.200696492924582
"PRJNA662018"	6	1	6	0	0	0.0689289683940715	0.0472822300843931	0.126129069368318	0.281591409155787	0.198335443514339	0.0360316862182336	"evaluated"	"r04_C8_vs_rest"	"UCell_raw"	"EpiMP11"	"dataset"	0.0420369672546058
"Normal"	9	3	9	0	0	0.130455645969644	0.0810066061481622	0.135212699831332	0.258944544081638	0.151119098356075	0.00915168885265007	"evaluated"	"r04_C8_vs_rest"	"UCell_raw"	"EpiMP11"	"source"	0.0183033777053001
"MIBC"	12	4	12	0	0	0.0996542796339311	0.0790253836089546	0.120106788462927	0.264262064876272	0.164301354902848	0.00252617426850217	"evaluated"	"r04_C8_vs_rest"	"UCell_raw"	"EpiMP11"	"source"	0.00707328795180607
"NMIBC"	7	3	7	0	0	0.120313851783539	0.108218749591497	0.151762583909047	0.282286974843473	0.161239860357905	0.0224942712224497	"evaluated"	"r04_C8_vs_rest"	"UCell_raw"	"EpiMP11"	"source"	0.0449885424448993
"ALL"	28	4	12	16	0	-0.00983558650881353	-0.038207036292222	0.0327625409007712	0.342518341976211	0.345016196063292	0.775917823119929	"evaluated"	"r04_C8_vs_rest"	"UCell_raw"	"EpiMP12"	"ALL"	0.775917823119929
"CNP0000460"	10	1	2	8	0	-0.0299055667217377	-0.0445817483539383	-0.0118629930594627	0.332999617135698	0.357217786346521	0.153576396549984	"evaluated"	"r04_C8_vs_rest"	"UCell_raw"	"EpiMP12"	"dataset"	0.179172462641648
"HRA003620"	8	1	7	1	0	0.0339811235240279	0.0297042010158382	0.0644489612611231	0.346771687433344	0.306435423227913	0.0208625823327655	"evaluated"	"r04_C8_vs_rest"	"UCell_raw"	"EpiMP12"	"dataset"	0.0324529058509686
"InhouseData"	4	1	2	2	0	0.010726555045229	-0.0246401034623229	0.043570168363424	0.349180026855061	0.340976516999189	0.855132140584706	"evaluated"	"r04_C8_vs_rest"	"UCell_raw"	"EpiMP12"	"dataset"	0.920911536014299
"PRJNA662018"	6	1	1	5	0	-0.0321512780900068	-0.0412009369007935	-0.0174865078925059	0.34827063284832	0.37881436208115	0.0934924836898357	"evaluated"	"r04_C8_vs_rest"	"UCell_raw"	"EpiMP12"	"dataset"	0.100684213204438
"Normal"	9	3	4	5	0	-0.0109065413000734	-0.0385994090136301	0.0325847103636767	0.359982744660667	0.36283459737234	1	"evaluated"	"r04_C8_vs_rest"	"UCell_raw"	"EpiMP12"	"source"	1
"MIBC"	12	4	4	8	0	-0.020303929570132	-0.040201149405658	0.0239464238166113	0.338363914282297	0.350106216896246	0.326799567668966	"evaluated"	"r04_C8_vs_rest"	"UCell_raw"	"EpiMP12"	"source"	0.351937995951194
"NMIBC"	7	3	4	3	0	0.0131472410081641	-0.0172179113870803	0.0557010165487183	0.327185986000048	0.313381072952309	0.554113130069446	"evaluated"	"r04_C8_vs_rest"	"UCell_raw"	"EpiMP12"	"source"	0.775758382097224
"ALL"	28	4	26	2	0	0.0134573824496697	0.0101379768824494	0.0179331353570865	0.106130559851888	0.0925011246475282	5.54858483034233e-06	"evaluated"	"r04_C8_vs_rest"	"UCell_raw"	"EpiMP13"	"ALL"	1.10971696606847e-05
"CNP0000460"	10	1	9	1	0	0.0134934859321728	0.0107775664418725	0.0155309800121876	0.113876885004435	0.101493870159709	0.00804523748656169	"evaluated"	"r04_C8_vs_rest"	"UCell_raw"	"EpiMP13"	"dataset"	0.0160904749731234
"HRA003620"	8	1	7	1	0	0.0111288928006047	0.00728961106048031	0.0147712971373623	0.0919412571616143	0.0814675561309839	0.0208625823327655	"evaluated"	"r04_C8_vs_rest"	"UCell_raw"	"EpiMP13"	"dataset"	0.0324529058509686
"InhouseData"	4	1	4	0	0	0.0138763556685998	0.0115794946678917	0.0164495375667358	0.117511873331468	0.103359196765441	0.100348246462291	"evaluated"	"r04_C8_vs_rest"	"UCell_raw"	"EpiMP13"	"dataset"	0.200696492924582
"PRJNA662018"	6	1	6	0	0	0.0205120758386327	0.0143769199308274	0.0235554186534354	0.104551545864955	0.0849859254040113	0.0360316862182336	"evaluated"	"r04_C8_vs_rest"	"UCell_raw"	"EpiMP13"	"dataset"	0.0420369672546058
"Normal"	9	3	8	1	0	0.0118080683069661	0.00777070534267473	0.0157227415198603	0.106905124058972	0.0953697931114566	0.0128512401874965	"evaluated"	"r04_C8_vs_rest"	"UCell_raw"	"EpiMP13"	"source"	0.0224896703281189
"MIBC"	12	4	11	1	0	0.0131016312504425	0.0121666415464425	0.0184419219162706	0.105702148584619	0.0914125845512767	0.00326371690167023	"evaluated"	"r04_C8_vs_rest"	"UCell_raw"	"EpiMP13"	"source"	0.00761533943723055
"NMIBC"	7	3	7	0	0	0.0149556954891697	0.0123274470606779	0.0179398159558936	0.105869110900955	0.0906789053589086	0.0224942712224497	"evaluated"	"r04_C8_vs_rest"	"UCell_raw"	"EpiMP13"	"source"	0.0449885424448993
"ALL"	28	4	8	20	0	-0.0151497586362421	-0.0441205460668812	0.00616976154444195	0.326283943896127	0.338624870886373	0.124275904196739	"evaluated"	"r04_C8_vs_rest"	"UCell_raw"	"EpiMP14"	"ALL"	0.144988554896196
"CNP0000460"	10	1	2	8	0	-0.0309360257014099	-0.0574106838258007	-0.00848358946308926	0.302177395677911	0.32579352417447	0.126278928554698	"evaluated"	"r04_C8_vs_rest"	"UCell_raw"	"EpiMP14"	"dataset"	0.160718636342343
"HRA003620"	8	1	5	3	0	0.0308946940237955	-0.00380604550530128	0.0575536622664496	0.346465367992756	0.323103084572992	0.183430618982178	"evaluated"	"r04_C8_vs_rest"	"UCell_raw"	"EpiMP14"	"dataset"	0.214002388812541
"InhouseData"	4	1	1	3	0	-0.00372037429641114	-0.0326148789551324	0.0174043130227104	0.294483870127683	0.305974061763694	0.583882420770365	"evaluated"	"r04_C8_vs_rest"	"UCell_raw"	"EpiMP14"	"dataset"	0.817435389078511
"PRJNA662018"	6	1	0	6	0	-0.0429326449147394	-0.0594878131028619	-0.0214686317674377	0.360753007976611	0.402473369905838	0.0360316862182336	"evaluated"	"r04_C8_vs_rest"	"UCell_raw"	"EpiMP14"	"dataset"	0.0420369672546058
"Normal"	9	3	3	6	0	-0.0132709459102326	-0.0621580850493241	0.00511101117840462	0.349564960485089	0.362015906306978	0.236136970221653	"evaluated"	"r04_C8_vs_rest"	"UCell_raw"	"EpiMP14"	"source"	0.330591758310314
"MIBC"	12	4	2	10	0	-0.0365397767733408	-0.0441205460668812	-0.00146751334347303	0.306591546165576	0.332786268709521	0.0652572567829591	"evaluated"	"r04_C8_vs_rest"	"UCell_raw"	"EpiMP14"	"source"	0.0830546904510389
"NMIBC"	7	3	3	4	0	-0.0141097182622534	-0.0201714342950289	0.0593894714916302	0.330109604391263	0.318559714791626	0.799846105662473	"evaluated"	"r04_C8_vs_rest"	"UCell_raw"	"EpiMP14"	"source"	0.861372729174971
"ALL"	10	3	0	10	0	-43.9256906022748	-55.5508500588505	-29.0660478317764	12.5931733818171	54.5738861474976	0.00592153702414871	"evaluated"	"r06_C12_vs_C16"	"usage_raw"	"EpiMP01"	"ALL"	0.0276338394460273
"CNP0000460"	5	1	0	5	0	-56.9204082206513	-59.920731132715	-51.4421755734484	17.5104025358386	72.0160395989183	0.0590582290905367	"evaluated"	"r06_C12_vs_C16"	"usage_raw"	"EpiMP01"	"dataset"	0.137802534544586
"HRA003620"	4	1	0	4	0	-31.2470428525371	-38.4281365800745	-24.7530043271148	8.92737929037916	40.8614773450315	0.100348246462291	"evaluated"	"r06_C12_vs_C16"	"usage_raw"	"EpiMP01"	"dataset"	0.234145908412012
"PRJNA662018"	1	1	0	1	0	-19.5425501227972	-19.5425501227972	-19.5425501227972	2.67020397746118	22.2127541002584	NA	"fewer_than_3_pairs"	"r06_C12_vs_C16"	"usage_raw"	"EpiMP01"	"dataset"	NA
"Normal"	3	2	0	3	0	-35.6090328940584	-38.2874832302425	-26.9829458847352	3.53891237208882	35.1828541507212	0.18144920772142	"evaluated"	"r06_C12_vs_C16"	"usage_raw"	"EpiMP01"	"source"	0.254028890809988
"MIBC"	5	3	0	5	0	-51.4421755734484	-56.9204082206513	-26.8850528110158	5.5351678974017	48.4773514695273	0.0590582290905367	"evaluated"	"r06_C12_vs_C16"	"usage_raw"	"EpiMP01"	"source"	0.206703801816879
"NMIBC"	2	2	0	2	0	-55.0821922301401	-59.1805645261486	-50.9838199341315	43.8195786074479	98.901770837588	NA	"fewer_than_3_pairs"	"r06_C12_vs_C16"	"usage_raw"	"EpiMP01"	"source"	NA
"ALL"	10	3	4	6	0	-0.232884167993774	-1.19608093819824	2.87770385052861	5.16280078290656	3.51048094056387	0.838463781922464	"evaluated"	"r06_C12_vs_C16"	"usage_raw"	"EpiMP02"	"ALL"	0.838463781922464
"CNP0000460"	5	1	2	3	0	-0.996091538160458	-1.29660368709963	6.01554170122807	7.94939982545285	5.19210614417072	0.787406490666269	"evaluated"	"r06_C12_vs_C16"	"usage_raw"	"EpiMP02"	"dataset"	0.787406490666269
"HRA003620"	4	1	2	2	0	0.333344659404323	-0.522510980603087	1.58753857401934	1.32221710991023	0.590534175898303	0.855132140584706	"evaluated"	"r06_C12_vs_C16"	"usage_raw"	"EpiMP02"	"dataset"	0.920911536014299
"PRJNA662018"	1	1	0	1	0	-0.190001719031487	-0.190001719031487	-0.190001719031487	6.59214026216038	6.78214198119187	NA	"fewer_than_3_pairs"	"r06_C12_vs_C16"	"usage_raw"	"EpiMP02"	"dataset"	NA
"Normal"	3	2	0	3	0	-1.26274407154417	-1.2796738793219	-0.769255344250114	0.712779653278064	1.65781777847802	0.18144920772142	"evaluated"	"r06_C12_vs_C16"	"usage_raw"	"EpiMP02"	"source"	0.254028890809988
"MIBC"	5	3	2	3	0	-0.190001719031487	-0.996091538160458	3.52278648878324	6.6995959175714	5.38486586827502	0.787406490666269	"evaluated"	"r06_C12_vs_C16"	"usage_raw"	"EpiMP02"	"source"	0.847976220717521
"NMIBC"	2	2	2	0	0	6.39233127627243	3.66739360601857	9.11726894652628	7.99584464068719	1.60351336441476	NA	"fewer_than_3_pairs"	"r06_C12_vs_C16"	"usage_raw"	"EpiMP02"	"source"	NA
"ALL"	10	3	8	2	0	6.49047646551253	1.41322815613514	20.9288163575351	22.15484421206	11.2427063503519	0.0665457213437161	"evaluated"	"r06_C12_vs_C16"	"usage_raw"	"EpiMP03"	"ALL"	0.116455012351503
"CNP0000460"	5	1	4	1	0	4.99560400889605	0.219102871881502	7.10551213722208	18.6497116095333	14.5544470398915	0.41849223344682	"evaluated"	"r06_C12_vs_C16"	"usage_raw"	"EpiMP03"	"dataset"	0.532626478932316
"HRA003620"	4	1	3	1	0	17.918249532901	4.26965868607488	32.3255874733219	27.933937456538	9.25694083004232	0.201242620957724	"evaluated"	"r06_C12_vs_C16"	"usage_raw"	"EpiMP03"	"dataset"	0.352174586676017
"PRJNA662018"	1	1	1	0	0	13.937069262889	13.937069262889	13.937069262889	16.5641342467809	2.62706498389188	NA	"fewer_than_3_pairs"	"r06_C12_vs_C16"	"usage_raw"	"EpiMP03"	"dataset"	NA
"Normal"	3	2	1	2	0	-0.547687637109395	-7.82549126465856	2.66387657834679	5.17540352489711	8.43391743673516	0.789268026134281	"evaluated"	"r06_C12_vs_C16"	"usage_raw"	"EpiMP03"	"source"	0.849980951221534
"MIBC"	5	3	5	0	0	7.10551213722208	4.99560400889605	13.937069262889	26.4658831217113	15.2222138111338	0.0590582290905367	"evaluated"	"r06_C12_vs_C16"	"usage_raw"	"EpiMP03"	"source"	0.206703801816879
"NMIBC"	2	2	2	0	0	31.3392868998537	27.2993428111354	35.3792309885719	36.8464079686758	5.50712106882215	NA	"fewer_than_3_pairs"	"r06_C12_vs_C16"	"usage_raw"	"EpiMP03"	"source"	NA
"ALL"	10	3	7	3	0	17.6625320878776	0.881056409079919	32.1952155075807	54.9878996884793	39.1547628662789	0.153576396549984	"evaluated"	"r06_C12_vs_C16"	"usage_raw"	"EpiMP04"	"ALL"	0.195460868336343
"CNP0000460"	5	1	4	1	0	22.0249340227638	4.44658860898254	25.2154365687889	62.7671929864904	37.6659623721179	0.105645429201877	"evaluated"	"r06_C12_vs_C16"	"usage_raw"	"EpiMP04"	"dataset"	0.184879501103285
"HRA003620"	4	1	2	2	0	1.94334041231452	-17.4766403311163	18.9958324091719	45.7669287439375	46.1910770781964	1	"evaluated"	"r06_C12_vs_C16"	"usage_raw"	"EpiMP04"	"dataset"	1
"PRJNA662018"	1	1	1	0	0	34.521808487178	34.521808487178	34.521808487178	52.9753169765915	18.4535084894135	NA	"fewer_than_3_pairs"	"r06_C12_vs_C16"	"usage_raw"	"EpiMP04"	"dataset"	NA
"Normal"	3	2	2	1	0	36.0829391777133	13.3347449246755	55.1047936866307	70.8670746620736	37.2683619804406	0.422678074170636	"evaluated"	"r06_C12_vs_C16"	"usage_raw"	"EpiMP04"	"source"	0.537953912580809
"MIBC"	5	3	4	1	0	22.0249340227638	13.3001301529914	25.2154365687889	48.199984935163	29.2490139536628	0.105645429201877	"evaluated"	"r06_C12_vs_C16"	"usage_raw"	"EpiMP04"	"source"	0.211290858403754
"NMIBC"	2	2	1	1	0	-18.6098123651977	-30.1380128522878	-7.08161187810758	48.1389241113788	66.7487364765765	NA	"fewer_than_3_pairs"	"r06_C12_vs_C16"	"usage_raw"	"EpiMP04"	"source"	NA
"ALL"	10	3	1	9	0	-15.9760036395148	-27.1813777862986	-6.67958802231563	36.9797893668373	54.9299929204911	0.0665457213437161	"evaluated"	"r06_C12_vs_C16"	"usage_raw"	"EpiMP05"	"ALL"	0.116455012351503
"CNP0000460"	5	1	1	4	0	-7.38416269113182	-15.9717567600629	-1.38604821473376	36.4145439350567	37.1760225287152	0.589638551626567	"evaluated"	"r06_C12_vs_C16"	"usage_raw"	"EpiMP05"	"dataset"	0.687911643564328
"HRA003620"	4	1	0	4	0	-31.9139312241227	-47.6108486816963	-26.6155607346436	38.633855130974	80.9463333231912	0.100348246462291	"evaluated"	"r06_C12_vs_C16"	"usage_raw"	"EpiMP05"	"dataset"	0.234145908412012
"PRJNA662018"	1	1	0	1	0	-6.44472979937689	-6.44472979937689	-6.44472979937689	33.1897534691932	39.6344832685701	NA	"fewer_than_3_pairs"	"r06_C12_vs_C16"	"usage_raw"	"EpiMP05"	"dataset"	NA
"Normal"	3	2	0	3	0	-15.9802505189668	-23.070457329418	-8.68314936685027	39.2928790454708	55.1352000033273	0.18144920772142	"evaluated"	"r06_C12_vs_C16"	"usage_raw"	"EpiMP05"	"source"	0.254028890809988
"MIBC"	5	3	1	4	0	-15.9717567600629	-18.2435187255868	-6.44472979937689	40.4724391190312	47.5022611530672	0.589638551626567	"evaluated"	"r06_C12_vs_C16"	"usage_raw"	"EpiMP05"	"source"	0.687911643564328
"NMIBC"	2	2	0	2	0	-48.4129812463942	-68.9273905240254	-27.898571968763	24.7785304684023	73.1915117147966	NA	"fewer_than_3_pairs"	"r06_C12_vs_C16"	"usage_raw"	"EpiMP05"	"source"	NA
"ALL"	10	3	2	8	0	-1.95163073920212	-6.68224619313835	-1.04919785866322	4.14274058435628	7.84803797250248	0.126278928554698	"evaluated"	"r06_C12_vs_C16"	"usage_raw"	"EpiMP06"	"ALL"	0.176790499976577
"CNP0000460"	5	1	0	5	0	-7.38509305133089	-11.594987985438	-1.86923863930348	3.00149149476435	10.7496759652323	0.0590582290905367	"evaluated"	"r06_C12_vs_C16"	"usage_raw"	"EpiMP06"	"dataset"	0.137802534544586
"HRA003620"	4	1	1	3	0	-1.73313690259349	-2.66894353396576	0.296195064866214	2.86789105449824	3.5075026210043	0.855132140584706	"evaluated"	"r06_C12_vs_C16"	"usage_raw"	"EpiMP06"	"dataset"	0.920911536014299
"PRJNA662018"	1	1	1	0	0	4.24639473690214	4.24639473690214	4.24639473690214	14.9483841517481	10.701989414846	NA	"fewer_than_3_pairs"	"r06_C12_vs_C16"	"usage_raw"	"EpiMP06"	"dataset"	NA
"Normal"	3	2	0	3	0	-1.86923863930348	-3.2214721289321	-1.65074480269484	1.6154970335448	4.24056210819494	0.18144920772142	"evaluated"	"r06_C12_vs_C16"	"usage_raw"	"EpiMP06"	"source"	0.254028890809988
"MIBC"	5	3	1	4	0	-2.03402283910077	-7.38509305133089	-0.921513489522233	5.35502841974694	8.89287294544489	0.280712665268496	"evaluated"	"r06_C12_vs_C16"	"usage_raw"	"EpiMP06"	"source"	0.357270664887176
"NMIBC"	2	2	1	1	0	-5.7442780145109	-11.3571836006281	-0.131372428393719	4.90288632209686	10.6471643366078	NA	"fewer_than_3_pairs"	"r06_C12_vs_C16"	"usage_raw"	"EpiMP06"	"source"	NA
"ALL"	10	3	10	0	0	65.8032387972544	40.5037439592167	87.0423148883635	146.284076967739	79.8006802969068	0.00592153702414871	"evaluated"	"r06_C12_vs_C16"	"usage_raw"	"EpiMP07"	"ALL"	0.0276338394460273
"CNP0000460"	5	1	5	0	0	49.4932271934059	34.2278344234393	84.5224007729721	139.548490248993	83.1609413776567	0.0590582290905367	"evaluated"	"r06_C12_vs_C16"	"usage_raw"	"EpiMP07"	"dataset"	0.137802534544586
"HRA003620"	4	1	4	0	0	89.5379844334585	70.2160271589329	105.66920047548	148.236573473568	61.8893302726134	0.100348246462291	"evaluated"	"r06_C12_vs_C16"	"usage_raw"	"EpiMP07"	"dataset"	0.234145908412012
"PRJNA662018"	1	1	1	0	0	37.5072495478203	37.5072495478203	37.5072495478203	172.152024538151	134.64477499033	NA	"fewer_than_3_pairs"	"r06_C12_vs_C16"	"usage_raw"	"EpiMP07"	"dataset"	NA
"Normal"	3	2	3	0	0	56.9776620738975	41.3948288903014	80.7124077101016	164.356660653587	101.944390277951	0.18144920772142	"evaluated"	"r06_C12_vs_C16"	"usage_raw"	"EpiMP07"	"source"	0.254028890809988
"MIBC"	5	3	5	0	0	74.6288155206113	37.5072495478203	84.5224007729721	148.745943704023	84.9922263990219	0.0590582290905367	"evaluated"	"r06_C12_vs_C16"	"usage_raw"	"EpiMP07"	"source"	0.206703801816879
"NMIBC"	2	2	2	0	0	79.4142845282041	64.453755860805	94.3748131956032	113.020534598257	33.6062500700526	NA	"fewer_than_3_pairs"	"r06_C12_vs_C16"	"usage_raw"	"EpiMP07"	"source"	NA
"ALL"	10	3	8	2	0	19.1085855362184	5.06757882181123	26.8382195240209	41.5903269459415	27.897312607189	0.185143724157873	"evaluated"	"r06_C12_vs_C16"	"usage_raw"	"EpiMP08"	"ALL"	0.216001011517519
"CNP0000460"	5	1	4	1	0	28.9436933581212	20.221714409768	34.3924781971122	44.0641055663781	21.2075989731332	0.177529852412154	"evaluated"	"r06_C12_vs_C16"	"usage_raw"	"EpiMP08"	"dataset"	0.276157548196683
"HRA003620"	4	1	3	1	0	17.7425527368719	4.54569113341804	18.6270420024317	36.5238079798632	31.0936275808853	0.855132140584706	"evaluated"	"r06_C12_vs_C16"	"usage_raw"	"EpiMP08"	"dataset"	0.920911536014299
"PRJNA662018"	1	1	1	0	0	0.926888825390009	0.926888825390009	0.926888825390009	49.4875097080723	48.5606208826823	NA	"fewer_than_3_pairs"	"r06_C12_vs_C16"	"usage_raw"	"EpiMP08"	"dataset"	NA
"Normal"	3	2	3	0	0	20.5217980217201	19.0057234163975	24.7327456899206	42.3537264163813	20.0353463527426	0.18144920772142	"evaluated"	"r06_C12_vs_C16"	"usage_raw"	"EpiMP08"	"source"	0.254028890809988
"MIBC"	5	3	4	1	0	20.221714409768	0.926888825390009	34.3924781971122	47.2278119415522	32.5846476052768	0.280712665268496	"evaluated"	"r06_C12_vs_C16"	"usage_raw"	"EpiMP08"	"source"	0.357270664887176
"NMIBC"	2	2	1	1	0	-1.62040924238371	-11.42834219491	8.18752371014259	26.3515152512552	27.9719244936389	NA	"fewer_than_3_pairs"	"r06_C12_vs_C16"	"usage_raw"	"EpiMP08"	"source"	NA
"ALL"	10	3	6	4	0	0.772942468775908	-0.950160802852092	8.27185853241877	13.8037764542957	10.3935896472085	0.358951435852626	"evaluated"	"r06_C12_vs_C16"	"usage_raw"	"EpiMP09"	"ALL"	0.386563084764367
"CNP0000460"	5	1	2	3	0	-1.19248642082611	-5.28852644592511	0.780197176763526	10.3268759058253	9.29469396751074	0.787406490666269	"evaluated"	"r06_C12_vs_C16"	"usage_raw"	"EpiMP09"	"dataset"	0.787406490666269
"HRA003620"	4	1	3	1	0	6.67206333591481	2.54855871994766	11.1673222705949	19.0388989614542	11.9950813068265	0.201242620957724	"evaluated"	"r06_C12_vs_C16"	"usage_raw"	"EpiMP09"	"dataset"	0.352174586676017
"PRJNA662018"	1	1	1	0	0	0.765687760788291	0.765687760788291	0.765687760788291	10.2477891680138	9.4821014072255	NA	"fewer_than_3_pairs"	"r06_C12_vs_C16"	"usage_raw"	"EpiMP09"	"dataset"	NA
"Normal"	3	2	2	1	0	3.47247294290689	-0.90802675150911	9.26340041925908	15.8899531689932	11.4771950381288	0.789268026134281	"evaluated"	"r06_C12_vs_C16"	"usage_raw"	"EpiMP09"	"source"	0.849980951221534
"MIBC"	5	3	2	3	0	-0.223183948930048	-1.19248642082611	0.765687760788291	13.4683519285068	11.4260033739883	1	"evaluated"	"r06_C12_vs_C16"	"usage_raw"	"EpiMP09"	"source"	1
"NMIBC"	2	2	2	0	0	5.32592545284313	3.05306131480333	7.59878959088293	11.5130726967219	6.18714724387873	NA	"fewer_than_3_pairs"	"r06_C12_vs_C16"	"usage_raw"	"EpiMP09"	"source"	NA
"ALL"	10	3	3	7	0	-4.07820066961734	-10.5384261239334	0.545093030871195	10.5473029473759	19.1613546497666	0.126278928554698	"evaluated"	"r06_C12_vs_C16"	"usage_raw"	"EpiMP10"	"ALL"	0.176790499976577
"CNP0000460"	5	1	1	4	0	-6.90815737307971	-25.956774098647	-2.12687166701974	9.74812784133672	25.1351044312051	0.105645429201877	"evaluated"	"r06_C12_vs_C16"	"usage_raw"	"EpiMP10"	"dataset"	0.184879501103285
"HRA003620"	4	1	2	2	0	0.113286800524921	-3.33941246277743	4.08841967154906	8.62936807113855	7.99364766289183	0.855132140584706	"evaluated"	"r06_C12_vs_C16"	"usage_raw"	"EpiMP10"	"dataset"	0.920911536014299
"PRJNA662018"	1	1	0	1	0	-11.7485157075512	-11.7485157075512	-11.7485157075512	22.2149179825216	33.9634336900729	NA	"fewer_than_3_pairs"	"r06_C12_vs_C16"	"usage_raw"	"EpiMP10"	"dataset"	NA
"Normal"	3	2	0	3	0	-2.60062425593751	-4.07820066961734	-2.36374796147862	3.3144389950617	6.74219666381318	0.18144920772142	"evaluated"	"r06_C12_vs_C16"	"usage_raw"	"EpiMP10"	"source"	0.254028890809988
"MIBC"	5	3	1	4	0	-11.7485157075512	-25.956774098647	-6.90815737307971	11.7990593876518	28.8320748002626	0.105645429201877	"evaluated"	"r06_C12_vs_C16"	"usage_raw"	"EpiMP10"	"source"	0.211290858403754
"NMIBC"	2	2	2	0	0	4.65391652270118	3.04483222643468	6.26300081896769	18.2672077751577	13.6132912524565	NA	"fewer_than_3_pairs"	"r06_C12_vs_C16"	"usage_raw"	"EpiMP10"	"source"	NA
"ALL"	10	3	8	2	0	8.38424844256476	1.30295661687202	15.6282742426884	18.495678501308	11.5024231227697	0.0665457213437161	"evaluated"	"r06_C12_vs_C16"	"usage_raw"	"EpiMP11"	"ALL"	0.116455012351503
"CNP0000460"	5	1	3	2	0	9.18181423479413	-4.19679531580445	17.7479804955363	22.82763271003	17.2338841315486	0.41849223344682	"evaluated"	"r06_C12_vs_C16"	"usage_raw"	"EpiMP11"	"dataset"	0.532626478932316
"HRA003620"	4	1	4	0	0	8.42791906723998	5.74668399031918	12.0392471909958	16.1144140805797	6.75640196650465	0.100348246462291	"evaluated"	"r06_C12_vs_C16"	"usage_raw"	"EpiMP11"	"dataset"	0.234145908412012
"PRJNA662018"	1	1	1	0	0	4.53176243667646	4.53176243667646	4.53176243667646	6.36096514061174	1.82920270393527	NA	"fewer_than_3_pairs"	"r06_C12_vs_C16"	"usage_raw"	"EpiMP11"	"dataset"	NA
"Normal"	3	2	2	1	0	0.226688010270541	-7.29865472399321	3.90668533030297	16.3517586103863	18.6886342096033	1	"evaluated"	"r06_C12_vs_C16"	"usage_raw"	"EpiMP11"	"source"	1
"MIBC"	5	3	4	1	0	9.26915548414457	4.53176243667646	17.7479804955363	19.7851768731946	10.3028080658564	0.105645429201877	"evaluated"	"r06_C12_vs_C16"	"usage_raw"	"EpiMP11"	"source"	0.211290858403754
"NMIBC"	2	2	2	0	0	14.7656682731719	11.973741253983	17.5575952923608	18.4878124079741	3.72214413480222	NA	"fewer_than_3_pairs"	"r06_C12_vs_C16"	"usage_raw"	"EpiMP11"	"source"	NA
"ALL"	10	3	8	2	0	1.11026570260917	0.177769839490141	2.01152102297075	4.10008171872021	2.44981025828888	0.0249324556028631	"evaluated"	"r06_C12_vs_C16"	"usage_raw"	"EpiMP12"	"ALL"	0.0698108756880167
"CNP0000460"	5	1	5	0	0	2.04372075674235	1.91492182165595	2.55350503647236	6.70840379894092	3.77791743748892	0.0590582290905367	"evaluated"	"r06_C12_vs_C16"	"usage_raw"	"EpiMP12"	"dataset"	0.137802534544586
"HRA003620"	4	1	3	1	0	0.482804933498215	0.0307976196219602	0.916407274869763	1.58948335699052	1.12508339599701	0.361310428526179	"evaluated"	"r06_C12_vs_C16"	"usage_raw"	"EpiMP12"	"dataset"	0.562038444374056
"PRJNA662018"	1	1	0	1	0	-0.0073170469207744	-0.0073170469207744	-0.0073170469207744	1.1008647645354	1.10818181145617	NA	"fewer_than_3_pairs"	"r06_C12_vs_C16"	"usage_raw"	"EpiMP12"	"dataset"	NA
"Normal"	3	2	3	0	0	1.49798255808798	0.870521788977027	4.74113031888958	6.4292872481616	3.18751336227985	0.18144920772142	"evaluated"	"r06_C12_vs_C16"	"usage_raw"	"EpiMP12"	"source"	0.254028890809988
"MIBC"	5	3	3	2	0	1.91492182165595	-0.0073170469207744	2.04372075674235	2.74319780655613	1.56343020918823	0.280712665268496	"evaluated"	"r06_C12_vs_C16"	"usage_raw"	"EpiMP12"	"source"	0.357270664887176
"NMIBC"	2	2	2	0	0	0.43927747991426	0.297641796306212	0.580913163522309	3.99848320496832	3.55920572505406	NA	"fewer_than_3_pairs"	"r06_C12_vs_C16"	"usage_raw"	"EpiMP12"	"source"	NA
"ALL"	10	3	9	1	0	5.75196380108747	3.77035744074881	10.0772011087041	11.263573620562	4.72547204083857	0.0144328239388418	"evaluated"	"r06_C12_vs_C16"	"usage_raw"	"EpiMP13"	"ALL"	0.0505148837859463
"CNP0000460"	5	1	5	0	0	10.3875745415202	5.30564733394824	12.3297749939381	13.1644200658363	4.13264756481049	0.0590582290905367	"evaluated"	"r06_C12_vs_C16"	"usage_raw"	"EpiMP13"	"dataset"	0.137802534544586
"HRA003620"	4	1	4	0	0	5.75196380108747	4.95730164999821	6.77181278995083	10.1935332843087	4.21638264544716	0.100348246462291	"evaluated"	"r06_C12_vs_C16"	"usage_raw"	"EpiMP13"	"dataset"	0.234145908412012
"PRJNA662018"	1	1	0	1	0	-3.68644926334083	-3.68644926334083	-3.68644926334083	6.03950273920382	9.72595200254464	NA	"fewer_than_3_pairs"	"r06_C12_vs_C16"	"usage_raw"	"EpiMP13"	"dataset"	NA
"Normal"	3	2	3	0	0	5.98039011651588	5.75196380108747	9.15508255522698	15.1472129664427	7.20264543440501	0.18144920772142	"evaluated"	"r06_C12_vs_C16"	"usage_raw"	"EpiMP13"	"source"	0.254028890809988
"MIBC"	5	3	4	1	0	5.30564733394824	3.25859414301566	10.3875745415202	10.8903298011881	4.41246079960457	0.177529852412154	"evaluated"	"r06_C12_vs_C16"	"usage_raw"	"EpiMP13"	"source"	0.310677241721269
"NMIBC"	2	2	2	0	0	4.57898409660199	2.29543573977513	6.86253245342884	6.37122415017592	1.79224005357393	NA	"fewer_than_3_pairs"	"r06_C12_vs_C16"	"usage_raw"	"EpiMP13"	"source"	NA
"ALL"	10	3	0	10	0	-5.39000415320086	-6.84323304859051	-4.7566323566101	2.90956358790345	9.53011519703658	0.00592153702414871	"evaluated"	"r06_C12_vs_C16"	"usage_raw"	"EpiMP14"	"ALL"	0.0276338394460273
"CNP0000460"	5	1	0	5	0	-5.70480210681656	-7.3146858684491	-5.07520619958516	2.65130918675608	11.3557142859873	0.0590582290905367	"evaluated"	"r06_C12_vs_C16"	"usage_raw"	"EpiMP14"	"dataset"	0.137802534544586
"HRA003620"	4	1	0	4	0	-3.93496323131695	-5.30725878364885	-2.52677696840461	2.38443257187231	6.28350509260881	0.100348246462291	"evaluated"	"r06_C12_vs_C16"	"usage_raw"	"EpiMP14"	"dataset"	0.234145908412012
"PRJNA662018"	1	1	0	1	0	-7.08720051222931	-7.08720051222931	-7.08720051222931	6.30135965776489	13.3885601699942	NA	"fewer_than_3_pairs"	"r06_C12_vs_C16"	"usage_raw"	"EpiMP14"	"dataset"	NA
"Normal"	3	2	0	3	0	-2.83069163699347	-3.74656158529673	-2.22286229981574	0.527328772896146	3.56338081730664	0.18144920772142	"evaluated"	"r06_C12_vs_C16"	"usage_raw"	"EpiMP14"	"source"	0.254028890809988
"MIBC"	5	3	0	5	0	-5.70480210681656	-7.08720051222931	-5.07520619958516	3.26564135438885	9.30986725693296	0.0590582290905367	"evaluated"	"r06_C12_vs_C16"	"usage_raw"	"EpiMP14"	"source"	0.206703801816879
"NMIBC"	2	2	0	2	0	-13.4381152226896	-17.1015075051973	-9.77472294018183	5.59272139420092	19.0308366168905	NA	"fewer_than_3_pairs"	"r06_C12_vs_C16"	"usage_raw"	"EpiMP14"	"source"	NA
"ALL"	10	3	0	10	0	-0.235065418625804	-0.263096643775092	-0.158489794191166	0.457652681453358	0.675241240681546	0.00592153702414871	"evaluated"	"r06_C12_vs_C16"	"UCell_raw"	"EpiMP01"	"ALL"	0.0118430740482974
"CNP0000460"	5	1	0	5	0	-0.232177277952841	-0.252931025797685	-0.14949834537641	0.444798308043326	0.651531878370264	0.0590582290905367	"evaluated"	"r06_C12_vs_C16"	"UCell_raw"	"EpiMP01"	"dataset"	0.103351900908439
"HRA003620"	4	1	0	4	0	-0.233908159246965	-0.284554632203023	-0.175419572381048	0.463076671871531	0.689142717208636	0.100348246462291	"evaluated"	"r06_C12_vs_C16"	"UCell_raw"	"EpiMP01"	"dataset"	0.175609431309009
"PRJNA662018"	1	1	0	1	0	-0.237953559298768	-0.237953559298768	-0.237953559298768	0.500228586830825	0.738182146129593	NA	"fewer_than_3_pairs"	"r06_C12_vs_C16"	"UCell_raw"	"EpiMP01"	"dataset"	NA
"Normal"	3	2	0	3	0	-0.232177277952841	-0.257264727905668	-0.208820709294137	0.447540053483101	0.680871252298691	0.18144920772142	"evaluated"	"r06_C12_vs_C16"	"UCell_raw"	"EpiMP01"	"source"	0.282254323122209
"MIBC"	5	3	0	5	0	-0.237953559298768	-0.252931025797685	-0.14949834537641	0.465973533250084	0.676404329488413	0.0590582290905367	"evaluated"	"r06_C12_vs_C16"	"UCell_raw"	"EpiMP01"	"source"	0.103351900908439
"NMIBC"	2	2	0	2	0	-0.211869007321731	-0.251515501279166	-0.172222513364295	0.452019493916927	0.663888501238658	NA	"fewer_than_3_pairs"	"r06_C12_vs_C16"	"UCell_raw"	"EpiMP01"	"source"	NA
"ALL"	10	3	0	10	0	-0.0695539266877618	-0.0750574059896716	-0.0500925703026106	0.125424792292047	0.189003538722499	0.00592153702414871	"evaluated"	"r06_C12_vs_C16"	"UCell_raw"	"EpiMP02"	"ALL"	0.0118430740482974
"CNP0000460"	5	1	0	5	0	-0.0624984037581983	-0.0733103299832374	-0.0459572924840813	0.128147219029166	0.182030931641251	0.0590582290905367	"evaluated"	"r06_C12_vs_C16"	"UCell_raw"	"EpiMP02"	"dataset"	0.103351900908439
"HRA003620"	4	1	0	4	0	-0.0833739302656516	-0.0951531358264475	-0.0630736505095067	0.1191473616093	0.194000217679602	0.100348246462291	"evaluated"	"r06_C12_vs_C16"	"UCell_raw"	"EpiMP02"	"dataset"	0.175609431309009
"PRJNA662018"	1	1	0	1	0	-0.066957476962888	-0.066957476962888	-0.066957476962888	0.136922381337437	0.203879858300325	NA	"fewer_than_3_pairs"	"r06_C12_vs_C16"	"UCell_raw"	"EpiMP02"	"dataset"	NA
"Normal"	3	2	0	3	0	-0.0721503764126356	-0.0844852336812114	-0.067324390085417	0.10331912411843	0.180475414491971	0.18144920772142	"evaluated"	"r06_C12_vs_C16"	"UCell_raw"	"EpiMP02"	"source"	0.282254323122209
"MIBC"	5	3	0	5	0	-0.066957476962888	-0.0733103299832374	-0.0459572924840813	0.135063963599047	0.194605630976809	0.0590582290905367	"evaluated"	"r06_C12_vs_C16"	"UCell_raw"	"EpiMP02"	"source"	0.103351900908439
"NMIBC"	2	2	0	2	0	-0.053305128147546	-0.0739513061331068	-0.0326589501619853	0.134485366284971	0.187790494432518	NA	"fewer_than_3_pairs"	"r06_C12_vs_C16"	"UCell_raw"	"EpiMP02"	"source"	NA
"ALL"	10	3	5	5	0	0.0179175327297723	-0.0221076738282352	0.0434191847834621	0.470025298811611	0.460406910200143	0.683480902201426	"evaluated"	"r06_C12_vs_C16"	"UCell_raw"	"EpiMP03"	"ALL"	0.73605635621692
"CNP0000460"	5	1	2	3	0	-0.00836708185494872	-0.0266878711526641	0.0426497857600056	0.451080216382935	0.452099852770033	1	"evaluated"	"r06_C12_vs_C16"	"UCell_raw"	"EpiMP03"	"dataset"	1
"HRA003620"	4	1	3	1	0	0.0421937790758823	0.0108321768591071	0.0579013296212198	0.48181354953903	0.455273822134585	0.583882420770365	"evaluated"	"r06_C12_vs_C16"	"UCell_raw"	"EpiMP03"	"dataset"	0.681196157565426
"PRJNA662018"	1	1	0	1	0	-0.00487684156760571	-0.00487684156760571	-0.00487684156760571	0.517597708045317	0.522474549612923	NA	"fewer_than_3_pairs"	"r06_C12_vs_C16"	"UCell_raw"	"EpiMP03"	"dataset"	NA
"Normal"	3	2	1	2	0	-0.00836708185494872	-0.0435870477499856	0.0161724125861008	0.407132969208627	0.422620365366234	0.789268026134281	"evaluated"	"r06_C12_vs_C16"	"UCell_raw"	"EpiMP03"	"source"	0.920812697156662
"MIBC"	5	3	2	3	0	-0.00487684156760571	-0.0266878711526641	0.0426497857600056	0.491988898012739	0.48207563372359	1	"evaluated"	"r06_C12_vs_C16"	"UCell_raw"	"EpiMP03"	"source"	1
"NMIBC"	2	2	2	0	0	0.0465398765708804	0.0451077638477474	0.0479719892940135	0.509454795213268	0.462914918642388	NA	"fewer_than_3_pairs"	"r06_C12_vs_C16"	"UCell_raw"	"EpiMP03"	"source"	NA
"ALL"	10	3	5	5	0	0.00076128417826371	-0.0363911487957784	0.0408629720310351	0.528155607885176	0.53263607170845	1	"evaluated"	"r06_C12_vs_C16"	"UCell_raw"	"EpiMP04"	"ALL"	1
"CNP0000460"	5	1	3	2	0	0.0156117461354522	-0.0241473986530582	0.04144532251528	0.50761592709691	0.507942124701741	1	"evaluated"	"r06_C12_vs_C16"	"UCell_raw"	"EpiMP04"	"dataset"	1
"HRA003620"	4	1	2	2	0	-0.000678239132525738	-0.0517959078619566	0.0438465506220157	0.548977922172893	0.556249040280308	0.855132140584706	"evaluated"	"r06_C12_vs_C16"	"UCell_raw"	"EpiMP04"	"dataset"	0.855132140584706
"PRJNA662018"	1	1	0	1	0	-0.0140891777789248	-0.0140891777789248	-0.0140891777789248	0.54756475467564	0.561653932454565	NA	"fewer_than_3_pairs"	"r06_C12_vs_C16"	"UCell_raw"	"EpiMP04"	"dataset"	NA
"Normal"	3	2	2	1	0	0.04144532251528	-0.0221605562012455	0.049741881634221	0.520966382673558	0.516393939890001	1	"evaluated"	"r06_C12_vs_C16"	"UCell_raw"	"EpiMP04"	"source"	1
"MIBC"	5	3	3	2	0	0.0156117461354522	-0.0140891777789248	0.0391159205783003	0.53824521901326	0.53702565283066	0.787406490666269	"evaluated"	"r06_C12_vs_C16"	"UCell_raw"	"EpiMP04"	"source"	0.847976220717521
"NMIBC"	2	2	0	2	0	-0.032309898748205	-0.0363911487957784	-0.0282286487006316	0.513715417882393	0.546025316630598	NA	"fewer_than_3_pairs"	"r06_C12_vs_C16"	"UCell_raw"	"EpiMP04"	"source"	NA
"ALL"	10	3	0	10	0	-0.155016650497775	-0.186284349023392	-0.127151426065081	0.415099269767111	0.576200695156091	0.00592153702414871	"evaluated"	"r06_C12_vs_C16"	"UCell_raw"	"EpiMP05"	"ALL"	0.0118430740482974
"CNP0000460"	5	1	0	5	0	-0.157865262304709	-0.183785197728453	-0.0872672351672836	0.398469908623197	0.534414859766807	0.0590582290905367	"evaluated"	"r06_C12_vs_C16"	"UCell_raw"	"EpiMP05"	"dataset"	0.103351900908439
"HRA003620"	4	1	0	4	0	-0.174416449382316	-0.232580156142379	-0.136616658110164	0.448468294007834	0.64324865887806	0.100348246462291	"evaluated"	"r06_C12_vs_C16"	"UCell_raw"	"EpiMP05"	"dataset"	0.175609431309009
"PRJNA662018"	1	1	0	1	0	-0.152168038690841	-0.152168038690841	-0.152168038690841	0.364769978523793	0.516938017214635	NA	"fewer_than_3_pairs"	"r06_C12_vs_C16"	"UCell_raw"	"EpiMP05"	"dataset"	NA
"Normal"	3	2	0	3	0	-0.157865262304709	-0.182674443468318	-0.149607268218707	0.450469149647548	0.619368536670661	0.18144920772142	"evaluated"	"r06_C12_vs_C16"	"UCell_raw"	"EpiMP05"	"source"	0.282254323122209
"MIBC"	5	3	0	5	0	-0.152168038690841	-0.183785197728453	-0.122418810042539	0.410220801420418	0.552056622816306	0.0590582290905367	"evaluated"	"r06_C12_vs_C16"	"UCell_raw"	"EpiMP05"	"source"	0.103351900908439
"NMIBC"	2	2	0	2	0	-0.197568492920509	-0.252719121797122	-0.142417864043896	0.37424062081319	0.571809113733699	NA	"fewer_than_3_pairs"	"r06_C12_vs_C16"	"UCell_raw"	"EpiMP05"	"source"	NA
"ALL"	10	3	0	10	0	-0.0614199921794444	-0.0864996602813266	-0.0515204595834493	0.15254392459305	0.220430395738827	0.00592153702414871	"evaluated"	"r06_C12_vs_C16"	"UCell_raw"	"EpiMP06"	"ALL"	0.0118430740482974
"CNP0000460"	5	1	0	5	0	-0.0862829853346814	-0.0979111698712808	-0.0563863814935199	0.151443370868996	0.22800185611447	0.0590582290905367	"evaluated"	"r06_C12_vs_C16"	"UCell_raw"	"EpiMP06"	"dataset"	0.103351900908439
"HRA003620"	4	1	0	4	0	-0.0529143286444693	-0.0634195213907675	-0.0468994778449583	0.13982463737956	0.197229307970817	0.100348246462291	"evaluated"	"r06_C12_vs_C16"	"UCell_raw"	"EpiMP06"	"dataset"	0.175609431309009
"PRJNA662018"	1	1	0	1	0	-0.0664536028653689	-0.0664536028653689	-0.0664536028653689	0.20892384206728	0.275377444932649	NA	"fewer_than_3_pairs"	"r06_C12_vs_C16"	"UCell_raw"	"EpiMP06"	"dataset"	NA
"Normal"	3	2	0	3	0	-0.0563863814935199	-0.0714791333785308	-0.0560442241300147	0.134572011407111	0.200792122581635	0.18144920772142	"evaluated"	"r06_C12_vs_C16"	"UCell_raw"	"EpiMP06"	"source"	0.282254323122209
"MIBC"	5	3	0	5	0	-0.0664536028653689	-0.0979111698712808	-0.0501265905224292	0.170003820393252	0.241344470950646	0.0590582290905367	"evaluated"	"r06_C12_vs_C16"	"UCell_raw"	"EpiMP06"	"source"	0.103351900908439
"NMIBC"	2	2	0	2	0	-0.0617505625736134	-0.0740167739541474	-0.0494843511930794	0.135852054871453	0.197602617445066	NA	"fewer_than_3_pairs"	"r06_C12_vs_C16"	"UCell_raw"	"EpiMP06"	"source"	NA
"ALL"	10	3	7	3	0	0.0190714890965755	-0.00644925413793167	0.0262296889446443	0.389748797290522	0.367929807749009	0.262192602406773	"evaluated"	"r06_C12_vs_C16"	"UCell_raw"	"EpiMP07"	"ALL"	0.333699675790438
"CNP0000460"	5	1	3	2	0	0.00398039627483576	-0.00992580427552081	0.0141631063089589	0.394608628320705	0.393732209667998	1	"evaluated"	"r06_C12_vs_C16"	"UCell_raw"	"EpiMP07"	"dataset"	1
"HRA003620"	4	1	4	0	0	0.0578857070111316	0.0262296889446443	0.0915300194461462	0.390535610708626	0.330661609328967	0.100348246462291	"evaluated"	"r06_C12_vs_C16"	"UCell_raw"	"EpiMP07"	"dataset"	0.175609431309009
"PRJNA662018"	1	1	0	1	0	-0.0256882033670415	-0.0256882033670415	-0.0256882033670415	0.36230238846719	0.387990591834232	NA	"fewer_than_3_pairs"	"r06_C12_vs_C16"	"UCell_raw"	"EpiMP07"	"dataset"	NA
"Normal"	3	2	2	1	0	0.0252708237974216	-0.00127232656575416	0.0259100672289034	0.375855094995335	0.367853542485709	1	"evaluated"	"r06_C12_vs_C16"	"UCell_raw"	"EpiMP07"	"source"	1
"MIBC"	5	3	3	2	0	0.00398039627483576	-0.00992580427552081	0.0141631063089589	0.394551867981545	0.378355215453508	0.787406490666269	"evaluated"	"r06_C12_vs_C16"	"UCell_raw"	"EpiMP07"	"source"	0.847976220717521
"NMIBC"	2	2	2	0	0	0.056600987623035	0.0402904297536136	0.0729115454924565	0.398581674005746	0.341980686382711	NA	"fewer_than_3_pairs"	"r06_C12_vs_C16"	"UCell_raw"	"EpiMP07"	"source"	NA
"ALL"	10	3	6	4	0	0.0282675601085194	-0.0227577063280905	0.0726419247337326	0.309562736132448	0.290835218386159	0.414823067184775	"evaluated"	"r06_C12_vs_C16"	"UCell_raw"	"EpiMP08"	"ALL"	0.483960245048904
"CNP0000460"	5	1	3	2	0	0.0802013084220364	-0.00235490032683272	0.0853213207661581	0.333060439739121	0.296916028576143	0.589638551626567	"evaluated"	"r06_C12_vs_C16"	"UCell_raw"	"EpiMP08"	"dataset"	0.75044906570654
"HRA003620"	4	1	3	1	0	0.0282675601085194	0.00176584243430487	0.0355296585016756	0.294424462179943	0.285396521352482	0.855132140584706	"evaluated"	"r06_C12_vs_C16"	"UCell_raw"	"EpiMP08"	"dataset"	0.855132140584706
"PRJNA662018"	1	1	0	1	0	-0.029558641661843	-0.029558641661843	-0.029558641661843	0.252627313909104	0.282185955570947	NA	"fewer_than_3_pairs"	"r06_C12_vs_C16"	"UCell_raw"	"EpiMP08"	"dataset"	NA
"Normal"	3	2	3	0	0	0.0499637736688211	0.037890303553283	0.0650825410454287	0.325008305809234	0.273014333966366	0.18144920772142	"evaluated"	"r06_C12_vs_C16"	"UCell_raw"	"EpiMP08"	"source"	0.282254323122209
"MIBC"	5	3	2	3	0	-0.00235490032683272	-0.029558641661843	0.0853213207661581	0.32447709000308	0.306910973362182	0.787406490666269	"evaluated"	"r06_C12_vs_C16"	"UCell_raw"	"EpiMP08"	"source"	0.847976220717521
"NMIBC"	2	2	1	1	0	-0.0282686606350999	-0.0577621343422967	0.00122481307209697	0.249108496940689	0.277377157575789	NA	"fewer_than_3_pairs"	"r06_C12_vs_C16"	"UCell_raw"	"EpiMP08"	"source"	NA
"ALL"	10	3	0	10	0	-0.0367887394724444	-0.0488221253684582	-0.0292242874873348	0.227321691598452	0.265292896603673	0.00592153702414871	"evaluated"	"r06_C12_vs_C16"	"UCell_raw"	"EpiMP09"	"ALL"	0.0118430740482974
"CNP0000460"	5	1	0	5	0	-0.0397561711025977	-0.0518441101237451	-0.0382814052848719	0.207903394275192	0.252134489238418	0.0590582290905367	"evaluated"	"r06_C12_vs_C16"	"UCell_raw"	"EpiMP09"	"dataset"	0.103351900908439
"HRA003620"	4	1	0	4	0	-0.0256871214215233	-0.0292242874873348	-0.0211608833021032	0.255643556549754	0.280341605917669	0.100348246462291	"evaluated"	"r06_C12_vs_C16"	"UCell_raw"	"EpiMP09"	"dataset"	0.175609431309009
"PRJNA662018"	1	1	0	1	0	-0.0597643777644211	-0.0597643777644211	-0.0597643777644211	0.211125718409543	0.270890096173964	NA	"fewer_than_3_pairs"	"r06_C12_vs_C16"	"UCell_raw"	"EpiMP09"	"dataset"	NA
"Normal"	3	2	0	3	0	-0.0226004474050062	-0.0392890810249522	-0.0197213191992003	0.218390052605348	0.250196836953114	0.18144920772142	"evaluated"	"r06_C12_vs_C16"	"UCell_raw"	"EpiMP09"	"source"	0.282254323122209
"MIBC"	5	3	0	5	0	-0.0397561711025977	-0.0518441101237451	-0.0382814052848719	0.235403683501845	0.27908765544458	0.0590582290905367	"evaluated"	"r06_C12_vs_C16"	"UCell_raw"	"EpiMP09"	"source"	0.103351900908439
"NMIBC"	2	2	0	2	0	-0.0329359186476175	-0.0341159961538172	-0.0317558411414178	0.220514170329625	0.253450088977242	NA	"fewer_than_3_pairs"	"r06_C12_vs_C16"	"UCell_raw"	"EpiMP09"	"source"	NA
"ALL"	10	3	3	7	0	-0.0325772321938466	-0.0504559543754555	0.0059406822338792	0.263943674528601	0.294740010021625	0.102917539402853	"evaluated"	"r06_C12_vs_C16"	"UCell_raw"	"EpiMP10"	"ALL"	0.144084555163994
"CNP0000460"	5	1	1	4	0	-0.0446533420204664	-0.0523901584937851	-0.0393936555591396	0.262102130747055	0.313184913943368	0.105645429201877	"evaluated"	"r06_C12_vs_C16"	"UCell_raw"	"EpiMP10"	"dataset"	0.164337334314031
"HRA003620"	4	1	2	2	0	0.00979417165565355	-0.0114275234809874	0.0286102689040739	0.26671094224757	0.259322368480137	0.583882420770365	"evaluated"	"r06_C12_vs_C16"	"UCell_raw"	"EpiMP10"	"dataset"	0.681196157565426
"PRJNA662018"	1	1	0	1	0	-0.0821037340184113	-0.0821037340184113	-0.0821037340184113	0.262082322560451	0.344186056578862	NA	"fewer_than_3_pairs"	"r06_C12_vs_C16"	"UCell_raw"	"EpiMP10"	"dataset"	NA
"Normal"	3	2	0	3	0	-0.0257608088285537	-0.0325772321938466	-0.0162052852635095	0.231032531610733	0.254967273639452	0.18144920772142	"evaluated"	"r06_C12_vs_C16"	"UCell_raw"	"EpiMP10"	"source"	0.282254323122209
"MIBC"	5	3	1	4	0	-0.0523901584937851	-0.0821037340184113	-0.0446533420204664	0.262674400933675	0.319079078195486	0.105645429201877	"evaluated"	"r06_C12_vs_C16"	"UCell_raw"	"EpiMP10"	"source"	0.164337334314031
"NMIBC"	2	2	2	0	0	0.0229321287324861	0.0165348128052401	0.0293294446597321	0.316483572892718	0.293551444160232	NA	"fewer_than_3_pairs"	"r06_C12_vs_C16"	"UCell_raw"	"EpiMP10"	"source"	NA
"ALL"	10	3	9	1	0	0.0142375317834045	0.00412324724212312	0.0310117051848658	0.259521002530206	0.241246691872812	0.0249324556028631	"evaluated"	"r06_C12_vs_C16"	"UCell_raw"	"EpiMP11"	"ALL"	0.0436317973050105
"CNP0000460"	5	1	5	0	0	0.0120967529562853	0.00146541200406908	0.0292350920688738	0.25183083276844	0.236834718107672	0.0590582290905367	"evaluated"	"r06_C12_vs_C16"	"UCell_raw"	"EpiMP11"	"dataset"	0.103351900908439
"HRA003620"	4	1	3	1	0	0.0293778331737118	0.00822181940166487	0.0449528682428873	0.271748486410779	0.247951631939939	0.201242620957724	"evaluated"	"r06_C12_vs_C16"	"UCell_raw"	"EpiMP11"	"dataset"	0.281739669340814
"PRJNA662018"	1	1	1	0	0	0.0125751153867429	0.0125751153867429	0.0125751153867429	0.249061915816748	0.236486800430005	NA	"fewer_than_3_pairs"	"r06_C12_vs_C16"	"UCell_raw"	"EpiMP11"	"dataset"	NA
"Normal"	3	2	2	1	0	0.00146541200406908	-0.00667357746473504	0.00868268009206764	0.250517122161726	0.249666191078194	0.789268026134281	"evaluated"	"r06_C12_vs_C16"	"UCell_raw"	"EpiMP11"	"source"	0.920812697156662
"MIBC"	5	3	5	0	0	0.0125751153867429	0.0120967529562853	0.0316039095568632	0.258858958867716	0.238916778310716	0.0590582290905367	"evaluated"	"r06_C12_vs_C16"	"UCell_raw"	"EpiMP11"	"source"	0.103351900908439
"NMIBC"	2	2	2	0	0	0.0402397052691753	0.0347373986690245	0.0457420118693261	0.274681932239153	0.234442226969978	NA	"fewer_than_3_pairs"	"r06_C12_vs_C16"	"UCell_raw"	"EpiMP11"	"source"	NA
"ALL"	10	3	0	10	0	-0.0884690718669869	-0.0998406200837721	-0.073923492843843	0.312663464998955	0.404709366414975	0.00592153702414871	"evaluated"	"r06_C12_vs_C16"	"UCell_raw"	"EpiMP12"	"ALL"	0.0118430740482974
"CNP0000460"	5	1	0	5	0	-0.0887407058200796	-0.0913473072475963	-0.0692872819346597	0.319808073888771	0.409654379994307	0.0590582290905367	"evaluated"	"r06_C12_vs_C16"	"UCell_raw"	"EpiMP12"	"dataset"	0.103351900908439
"HRA003620"	4	1	0	4	0	-0.0907832870954425	-0.109303067691559	-0.0772377308335394	0.296649963481408	0.392407474911063	0.100348246462291	"evaluated"	"r06_C12_vs_C16"	"UCell_raw"	"EpiMP12"	"dataset"	0.175609431309009
"PRJNA662018"	1	1	0	1	0	-0.0881974379138943	-0.0881974379138943	-0.0881974379138943	0.340994426620062	0.429191864533957	NA	"fewer_than_3_pairs"	"r06_C12_vs_C16"	"UCell_raw"	"EpiMP12"	"dataset"	NA
"Normal"	3	2	0	3	0	-0.0887407058200796	-0.108968901749412	-0.0838177778242336	0.310439643508029	0.409383861283766	0.18144920772142	"evaluated"	"r06_C12_vs_C16"	"UCell_raw"	"EpiMP12"	"source"	0.282254323122209
"MIBC"	5	3	0	5	0	-0.0722663738489948	-0.0881974379138943	-0.0692872819346597	0.323695356264527	0.409616822109106	0.0590582290905367	"evaluated"	"r06_C12_vs_C16"	"UCell_raw"	"EpiMP12"	"source"	0.103351900908439
"NMIBC"	2	2	0	2	0	-0.0970095158050469	-0.0998406200837721	-0.0941784115263216	0.288419469071413	0.38542898487646	NA	"fewer_than_3_pairs"	"r06_C12_vs_C16"	"UCell_raw"	"EpiMP12"	"source"	NA
"ALL"	10	3	7	3	0	0.00779285683097161	-0.000353520767251873	0.0184794944474446	0.106226552832026	0.0997604675083039	0.102917539402853	"evaluated"	"r06_C12_vs_C16"	"UCell_raw"	"EpiMP13"	"ALL"	0.144084555163994
"CNP0000460"	5	1	4	1	0	0.0185979290209993	0.0130143968410816	0.0186304934728422	0.115022092097222	0.104259447094492	0.177529852412154	"evaluated"	"r06_C12_vs_C16"	"UCell_raw"	"EpiMP13"	"dataset"	0.248541793377015
"HRA003620"	4	1	3	1	0	0.00222179239948128	0.00113033839631664	0.00645953529734141	0.0992942229583992	0.0939261416642225	0.201242620957724	"evaluated"	"r06_C12_vs_C16"	"UCell_raw"	"EpiMP13"	"dataset"	0.281739669340814
"PRJNA662018"	1	1	0	1	0	-0.0106246969531314	-0.0106246969531314	-0.0106246969531314	0.0899781760005565	0.100602872953688	NA	"fewer_than_3_pairs"	"r06_C12_vs_C16"	"UCell_raw"	"EpiMP13"	"dataset"	NA
"Normal"	3	2	2	1	0	0.0018722679781009	0.000388408814532386	0.0102350984995501	0.110819474593983	0.104361225710628	0.422678074170636	"evaluated"	"r06_C12_vs_C16"	"UCell_raw"	"EpiMP13"	"source"	0.59174930383889
"MIBC"	5	3	4	1	0	0.0130143968410816	0.00257131682086166	0.0186304934728422	0.108825997715135	0.10018745465468	0.177529852412154	"evaluated"	"r06_C12_vs_C16"	"UCell_raw"	"EpiMP13"	"source"	0.248541793377015
"NMIBC"	2	2	1	1	0	0.00104669564244241	-0.00749205189972671	0.00958544318461154	0.0928385579813205	0.0917918623388781	NA	"fewer_than_3_pairs"	"r06_C12_vs_C16"	"UCell_raw"	"EpiMP13"	"source"	NA
"ALL"	10	3	0	10	0	-0.11448855242722	-0.131655450913549	-0.10263841439354	0.288158956206657	0.404731190363074	0.00592153702414871	"evaluated"	"r06_C12_vs_C16"	"UCell_raw"	"EpiMP14"	"ALL"	0.0118430740482974
"CNP0000460"	5	1	0	5	0	-0.104557303426544	-0.116829193812711	-0.101998784715872	0.286451930758054	0.39998636500857	0.0590582290905367	"evaluated"	"r06_C12_vs_C16"	"UCell_raw"	"EpiMP14"	"dataset"	0.103351900908439
"HRA003620"	4	1	0	4	0	-0.122026465774845	-0.134963680022151	-0.103848642798016	0.284568480581783	0.401354337627104	0.100348246462291	"evaluated"	"r06_C12_vs_C16"	"UCell_raw"	"EpiMP14"	"dataset"	0.175609431309009
"PRJNA662018"	1	1	0	1	0	-0.130906742130309	-0.130906742130309	-0.130906742130309	0.31105598594917	0.441962728079479	NA	"fewer_than_3_pairs"	"r06_C12_vs_C16"	"UCell_raw"	"EpiMP14"	"dataset"	NA
"Normal"	3	2	0	3	0	-0.112147911041728	-0.128143784803221	-0.108352607234136	0.279592194521595	0.399873818865924	0.18144920772142	"evaluated"	"r06_C12_vs_C16"	"UCell_raw"	"EpiMP14"	"source"	0.282254323122209
"MIBC"	5	3	0	5	0	-0.101998784715872	-0.130906742130309	-0.0853702653186508	0.286576715722702	0.397805366564803	0.0590582290905367	"evaluated"	"r06_C12_vs_C16"	"UCell_raw"	"EpiMP14"	"source"	0.103351900908439
"NMIBC"	2	2	0	2	0	-0.124367107160337	-0.12813606383415	-0.120598150486524	0.30496469994414	0.429331807104477	NA	"fewer_than_3_pairs"	"r06_C12_vs_C16"	"UCell_raw"	"EpiMP14"	"source"	NA
"ALL"	25	4	2	23	0	-32.7192264871378	-34.3306356431016	-22.0375912503857	13.1717000600477	40.0254318877975	5.43617014074554e-05	"evaluated"	"r06_C12_vs_rest"	"usage_raw"	"EpiMP01"	"ALL"	0.000126843969950729
"CNP0000460"	10	1	1	9	0	-32.5218568329294	-33.999219918725	-29.5713844066363	10.5272729793558	36.7542778831127	0.0144328239388418	"evaluated"	"r06_C12_vs_rest"	"usage_raw"	"EpiMP01"	"dataset"	0.0336765891906308
"HRA003620"	7	1	1	6	0	-22.0375912503857	-33.3711089042342	-9.39377222461675	21.7664958068424	40.7090878087443	0.0519129649350183	"evaluated"	"r06_C12_vs_rest"	"usage_raw"	"EpiMP01"	"dataset"	0.090847688636282
"InhouseData"	4	1	0	4	0	-29.2108756383411	-39.4019496145207	-21.9733565776322	11.5811693141958	43.7455998680076	0.100348246462291	"evaluated"	"r06_C12_vs_rest"	"usage_raw"	"EpiMP01"	"dataset"	0.234145908412012
"PRJNA662018"	4	1	0	4	0	-35.3673011804654	-40.1130581020341	-32.2085881853352	6.33240595073868	43.2867510576426	0.100348246462291	"evaluated"	"r06_C12_vs_rest"	"usage_raw"	"EpiMP01"	"dataset"	0.175609431309009
"Normal"	8	3	0	8	0	-32.269261538977	-33.747942040891	-30.6048222910047	9.14673126712466	39.6142964031768	0.0142661867014469	"evaluated"	"r06_C12_vs_rest"	"usage_raw"	"EpiMP01"	"source"	0.0365095190823396
"MIBC"	11	4	0	11	0	-34.3306356431016	-38.9766636559274	-22.5007871324984	9.04348306721058	40.9848337146879	0.00385729282994253	"evaluated"	"r06_C12_vs_rest"	"usage_raw"	"EpiMP01"	"source"	0.0156153288392274
"NMIBC"	6	3	2	4	0	-24.4824223136847	-33.318853974218	3.03977696532491	26.1067229374799	38.8147091846595	0.208412803684149	"evaluated"	"r06_C12_vs_rest"	"usage_raw"	"EpiMP01"	"source"	0.265252659234371
"ALL"	25	4	4	21	0	-3.68302896459032	-8.58452603395786	-0.31467208631577	5.44245330963887	11.4293171491232	0.000572996156858652	"evaluated"	"r06_C12_vs_rest"	"usage_raw"	"EpiMP02"	"ALL"	0.0011072939990782
"CNP0000460"	10	1	3	7	0	-1.22744394577212	-4.44808410665749	-0.0615068913998474	5.27257559798727	6.9304594174113	0.153576396549984	"evaluated"	"r06_C12_vs_rest"	"usage_raw"	"EpiMP02"	"dataset"	0.179172462641648
"HRA003620"	7	1	0	7	0	-0.992954847452455	-5.23372232130382	-0.253351437356702	4.80452004675033	10.2282277972524	0.0224942712224497	"evaluated"	"r06_C12_vs_rest"	"usage_raw"	"EpiMP02"	"dataset"	0.090847688636282
"InhouseData"	4	1	1	3	0	-11.0024300901675	-14.9280845727482	-5.93432324006094	5.57981537417157	15.4397930968133	0.201242620957724	"evaluated"	"r06_C12_vs_rest"	"usage_raw"	"EpiMP02"	"dataset"	0.352174586676017
"PRJNA662018"	4	1	0	4	0	-15.3022156715611	-17.8045249980943	-11.4194138356634	6.84616873429007	20.7678918964867	0.100348246462291	"evaluated"	"r06_C12_vs_rest"	"usage_raw"	"EpiMP02"	"dataset"	0.175609431309009
"Normal"	8	3	1	7	0	-1.05670608202826	-2.33294619763492	-0.511807754267075	3.52455842399597	6.7211324310363	0.0208625823327655	"evaluated"	"r06_C12_vs_rest"	"usage_raw"	"EpiMP02"	"source"	0.0365095190823396
"MIBC"	11	4	1	10	0	-8.58452603395786	-16.2639875538347	-5.26929522154959	6.19032851182851	17.0268160313105	0.00669228378824031	"evaluated"	"r06_C12_vs_rest"	"usage_raw"	"EpiMP02"	"source"	0.0156153288392274
"NMIBC"	6	3	2	4	0	-0.131678723541363	-3.94723906608688	0.523628307280522	6.62854195314839	7.44481548922894	0.674986713970489	"evaluated"	"r06_C12_vs_rest"	"usage_raw"	"EpiMP02"	"source"	0.674986713970489
"ALL"	25	4	23	2	0	14.6329765538539	5.99455811163382	38.9524631863047	28.1526625983724	5.43275688279907	1.8841157194807e-05	"evaluated"	"r06_C12_vs_rest"	"usage_raw"	"EpiMP03"	"ALL"	8.38579006782482e-05
"CNP0000460"	10	1	9	1	0	7.39805898673444	3.43402988581363	19.827962619392	17.9675779835129	4.40045190577989	0.00804523748656169	"evaluated"	"r06_C12_vs_rest"	"usage_raw"	"EpiMP03"	"dataset"	0.0281583312029659
"HRA003620"	7	1	6	1	0	38.9524631863047	11.6810045283862	50.2653124510085	37.3594733975445	5.17824964375608	0.0346105575157073	"evaluated"	"r06_C12_vs_rest"	"usage_raw"	"EpiMP03"	"dataset"	0.090847688636282
"InhouseData"	4	1	4	0	0	19.3380441598046	11.5177637439885	32.5036694238539	31.8621557888927	7.17876678085483	0.100348246462291	"evaluated"	"r06_C12_vs_rest"	"usage_raw"	"EpiMP03"	"dataset"	0.234145908412012
"PRJNA662018"	4	1	4	0	0	11.6717697265508	7.35092784390658	31.4019068334775	33.7939620464498	6.71289709561651	0.100348246462291	"evaluated"	"r06_C12_vs_rest"	"usage_raw"	"EpiMP03"	"dataset"	0.175609431309009
"Normal"	8	3	6	2	0	5.14156454332327	1.22422485557826	11.3794215996235	9.45137360148044	2.7917052090258	0.042315274905714	"evaluated"	"r06_C12_vs_rest"	"usage_raw"	"EpiMP03"	"source"	0.0592413848679996
"MIBC"	11	4	11	0	0	14.6329765538539	7.32220098573305	35.6730331503408	29.6869225814017	6.79071997840008	0.00385729282994253	"evaluated"	"r06_C12_vs_rest"	"usage_raw"	"EpiMP03"	"source"	0.0156153288392274
"NMIBC"	6	3	6	0	0	46.0618513700311	29.7733436164003	60.6624883983824	50.2749046253412	6.46456010589493	0.0360316862182336	"evaluated"	"r06_C12_vs_rest"	"usage_raw"	"EpiMP03"	"source"	0.100888721411054
"ALL"	25	4	24	1	0	44.4421244603874	29.0801774243041	71.4877190698387	63.7170828560399	11.5669803240215	1.47752354163661e-05	"evaluated"	"r06_C12_vs_rest"	"usage_raw"	"EpiMP04"	"ALL"	8.38579006782482e-05
"CNP0000460"	10	1	10	0	0	78.0028287314203	52.6265524104288	104.506580850365	85.3284462177423	10.2936901265857	0.00592153702414871	"evaluated"	"r06_C12_vs_rest"	"usage_raw"	"EpiMP04"	"dataset"	0.0276338394460273
"HRA003620"	7	1	6	1	0	28.5827349485652	14.9964575896403	52.5226718801865	43.1762506845299	11.4862469800214	0.0346105575157073	"evaluated"	"r06_C12_vs_rest"	"usage_raw"	"EpiMP04"	"dataset"	0.090847688636282
"InhouseData"	4	1	4	0	0	33.3782844574828	31.2872075850099	37.1607945723871	49.9547417197309	14.8850240198166	0.100348246462291	"evaluated"	"r06_C12_vs_rest"	"usage_raw"	"EpiMP04"	"dataset"	0.234145908412012
"PRJNA662018"	4	1	4	0	0	37.9622883418381	29.6830127045511	56.1033020517066	59.3974718882355	11.5734454738159	0.100348246462291	"evaluated"	"r06_C12_vs_rest"	"usage_raw"	"EpiMP04"	"dataset"	0.175609431309009
"Normal"	8	3	7	1	0	91.0393183276378	52.3923155730312	105.543228347219	87.2110018507517	12.4665353342277	0.0208625823327655	"evaluated"	"r06_C12_vs_rest"	"usage_raw"	"EpiMP04"	"source"	0.0365095190823396
"MIBC"	11	4	11	0	0	33.6404067021586	28.8314561864346	43.3631472209524	48.3538956918251	12.3743499391421	0.00385729282994253	"evaluated"	"r06_C12_vs_rest"	"usage_raw"	"EpiMP04"	"source"	0.0156153288392274
"NMIBC"	6	3	6	0	0	50.5330414700807	34.9944907615927	57.5235036126972	60.5577006641513	8.88739601602536	0.0360316862182336	"evaluated"	"r06_C12_vs_rest"	"usage_raw"	"EpiMP04"	"source"	0.100888721411054
"ALL"	25	4	6	19	0	-9.41670524662599	-22.1065090684278	-1.25309500832965	32.3883010131559	43.681668867231	0.00657576611427124	"evaluated"	"r06_C12_vs_rest"	"usage_raw"	"EpiMP05"	"ALL"	0.00920607255997974
"CNP0000460"	10	1	2	8	0	-17.0265213657433	-34.2337589453527	-15.6907959251348	39.234393890391	57.3192844037141	0.0414910873877315	"evaluated"	"r06_C12_vs_rest"	"usage_raw"	"EpiMP05"	"dataset"	0.0726094029285302
"HRA003620"	7	1	1	6	0	-8.2840101433202	-11.7279168726159	-1.66797386117244	27.1832301177859	34.3963364459411	0.0759269629825577	"evaluated"	"r06_C12_vs_rest"	"usage_raw"	"EpiMP05"	"dataset"	0.106297748175581
"InhouseData"	4	1	2	2	0	-2.28156880190361	-13.2740622979985	6.05453506615135	35.1092536570774	40.0472120870209	0.855132140584706	"evaluated"	"r06_C12_vs_rest"	"usage_raw"	"EpiMP05"	"dataset"	0.855132140584706
"PRJNA662018"	4	1	1	3	0	-5.33310259243079	-12.4113871078413	-0.732143785035731	21.6609902430444	29.4714185434906	0.583882420770365	"evaluated"	"r06_C12_vs_rest"	"usage_raw"	"EpiMP05"	"dataset"	0.681196157565426
"Normal"	8	3	0	8	0	-31.8816244303738	-35.2818759485972	-13.2076146636211	29.3825270055603	54.4909371410605	0.0142661867014469	"evaluated"	"r06_C12_vs_rest"	"usage_raw"	"EpiMP05"	"source"	0.0365095190823396
"MIBC"	11	4	5	6	0	-1.25309500832965	-12.4491606803814	8.17399685919346	33.3419807064313	35.229177942687	0.824098168245978	"evaluated"	"r06_C12_vs_rest"	"usage_raw"	"EpiMP05"	"source"	0.824098168245978
"NMIBC"	6	3	1	5	0	-12.4626764664863	-17.1479831088836	-6.75867654630701	34.6475869189452	44.7655445304557	0.142213241936393	"evaluated"	"r06_C12_vs_rest"	"usage_raw"	"EpiMP05"	"source"	0.248873173388687
"ALL"	25	4	2	23	0	-5.42939034778734	-10.5760535422969	-2.37018173899797	6.48088770760627	13.6903117744851	2.12540790317628e-05	"evaluated"	"r06_C12_vs_rest"	"usage_raw"	"EpiMP06"	"ALL"	8.38579006782482e-05
"CNP0000460"	10	1	0	10	0	-8.19885971328998	-14.5010142920546	-4.22235350227777	2.51401898883505	12.009017029351	0.00592153702414871	"evaluated"	"r06_C12_vs_rest"	"usage_raw"	"EpiMP06"	"dataset"	0.0276338394460273
"HRA003620"	7	1	2	5	0	-2.37127319242965	-5.22141170914401	-0.318377607155792	6.30394563782207	8.87917075522267	0.0759269629825577	"evaluated"	"r06_C12_vs_rest"	"usage_raw"	"EpiMP06"	"dataset"	0.106297748175581
"InhouseData"	4	1	0	4	0	-9.42996629708678	-16.2481533803919	-6.20333101610453	17.1582699143691	30.1797880137787	0.100348246462291	"evaluated"	"r06_C12_vs_rest"	"usage_raw"	"EpiMP06"	"dataset"	0.234145908412012
"PRJNA662018"	4	1	0	4	0	-4.08882511740151	-5.95136493971845	-1.93070343952505	6.03032591989382	9.82356918173581	0.100348246462291	"evaluated"	"r06_C12_vs_rest"	"usage_raw"	"EpiMP06"	"dataset"	0.175609431309009
"Normal"	8	3	1	7	0	-5.35862757518767	-5.81101784292454	-3.58616365957734	3.11283052577431	8.6273765693867	0.0208625823327655	"evaluated"	"r06_C12_vs_rest"	"usage_raw"	"EpiMP06"	"source"	0.0365095190823396
"MIBC"	11	4	1	10	0	-4.68398769066051	-12.765615337708	-1.77020412060761	10.1833348186956	18.2029633373354	0.00669228378824031	"evaluated"	"r06_C12_vs_rest"	"usage_raw"	"EpiMP06"	"source"	0.0156153288392274
"NMIBC"	6	3	0	6	0	-5.906222309623	-9.52780372458737	-3.13580248126907	4.18381091305172	12.1676975160573	0.0360316862182336	"evaluated"	"r06_C12_vs_rest"	"usage_raw"	"EpiMP06"	"source"	0.100888721411054
"ALL"	25	4	20	5	0	45.2424168365853	12.6324854257229	73.2923867980093	150.045236767139	105.507130506007	0.000632739428044683	"evaluated"	"r06_C12_vs_rest"	"usage_raw"	"EpiMP07"	"ALL"	0.0011072939990782
"CNP0000460"	10	1	8	2	0	50.5929951829522	14.4815845820608	63.0250530963199	150.808813290729	116.749235232534	0.0831311427008039	"evaluated"	"r06_C12_vs_rest"	"usage_raw"	"EpiMP07"	"dataset"	0.116383599781125
"HRA003620"	7	1	6	1	0	42.0589692953485	16.6782701805941	45.3694776867164	138.242121091746	102.306237804591	0.0519129649350183	"evaluated"	"r06_C12_vs_rest"	"usage_raw"	"EpiMP07"	"dataset"	0.090847688636282
"InhouseData"	4	1	2	2	0	8.90408591882396	-10.6561954602038	50.2402646574103	150.607870332135	119.927887053752	0.855132140584706	"evaluated"	"r06_C12_vs_rest"	"usage_raw"	"EpiMP07"	"dataset"	0.855132140584706
"PRJNA662018"	4	1	4	0	0	112.514493390898	91.9954112876227	120.16552205896	168.229114325109	68.5826743694245	0.100348246462291	"evaluated"	"r06_C12_vs_rest"	"usage_raw"	"EpiMP07"	"dataset"	0.175609431309009
"Normal"	8	3	8	0	0	54.9999931678461	36.5514474842799	93.0258738001933	166.459480720675	105.518891450296	0.0142661867014469	"evaluated"	"r06_C12_vs_rest"	"usage_raw"	"EpiMP07"	"source"	0.0365095190823396
"MIBC"	11	4	8	3	0	48.4637210571628	8.90408591882396	90.2136945933791	151.552482340467	101.830714384602	0.0233763900464205	"evaluated"	"r06_C12_vs_rest"	"usage_raw"	"EpiMP07"	"source"	0.0409086825812359
"NMIBC"	6	3	4	2	0	27.4538598709965	-6.02307441936975	45.5012870672508	125.396294611325	112.231545469533	0.529368106184798	"evaluated"	"r06_C12_vs_rest"	"usage_raw"	"EpiMP07"	"source"	0.570088729737475
"ALL"	25	4	19	6	0	12.1742643706145	2.6086489218433	21.8727584530808	36.9509913057528	23.3970274611046	0.000769987729082085	"evaluated"	"r06_C12_vs_rest"	"usage_raw"	"EpiMP08"	"ALL"	0.00119775868968324
"CNP0000460"	10	1	7	3	0	9.18082895994938	-1.33220226107619	18.046972312672	43.7715093020238	31.0651348956276	0.0831311427008039	"evaluated"	"r06_C12_vs_rest"	"usage_raw"	"EpiMP08"	"dataset"	0.116383599781125
"HRA003620"	7	1	7	0	0	15.0104330210845	10.5877642757564	21.3102208798385	30.8689191038154	14.8639393563173	0.0224942712224497	"evaluated"	"r06_C12_vs_rest"	"usage_raw"	"EpiMP08"	"dataset"	0.090847688636282
"InhouseData"	4	1	2	2	0	4.58090603958435	-4.05099419154965	15.8498931322104	33.6190581530004	26.401065251924	0.855132140584706	"evaluated"	"r06_C12_vs_rest"	"usage_raw"	"EpiMP08"	"dataset"	0.855132140584706
"PRJNA662018"	4	1	3	1	0	22.073430373665	13.8142197675585	25.9788411599691	33.8752558212178	16.1556252673552	0.201242620957724	"evaluated"	"r06_C12_vs_rest"	"usage_raw"	"EpiMP08"	"dataset"	0.281739669340814
"Normal"	8	3	7	1	0	11.8246165865729	5.7916101034267	22.5903745501723	38.1585255583366	25.5134914775154	0.042315274905714	"evaluated"	"r06_C12_vs_rest"	"usage_raw"	"EpiMP08"	"source"	0.0592413848679996
"MIBC"	11	4	8	3	0	18.8812219610047	4.58090603958435	23.5691986197031	39.7646260174948	23.9312827496685	0.0293825411093689	"evaluated"	"r06_C12_vs_rest"	"usage_raw"	"EpiMP08"	"source"	0.0411355575531165
"NMIBC"	6	3	4	2	0	5.82923831673498	0.152856769440723	12.9794970451553	30.1826153307805	19.5956074101895	0.208412803684149	"evaluated"	"r06_C12_vs_rest"	"usage_raw"	"EpiMP08"	"source"	0.265252659234371
"ALL"	25	4	8	17	0	-2.51401616578985	-7.25279664202625	1.63276764632754	13.8291316230062	15.1540948380758	0.11239768319071	"evaluated"	"r06_C12_vs_rest"	"usage_raw"	"EpiMP09"	"ALL"	0.131130630389162
"CNP0000460"	10	1	1	9	0	-3.09850153486508	-6.37049018132514	-1.69782971387434	9.02056805977365	13.2428621412179	0.0249324556028631	"evaluated"	"r06_C12_vs_rest"	"usage_raw"	"EpiMP09"	"dataset"	0.0498649112057262
"HRA003620"	7	1	2	5	0	-2.51401616578985	-8.13574092902856	1.46807006165375	13.0312175588347	15.6143948759428	0.554113130069446	"evaluated"	"r06_C12_vs_rest"	"usage_raw"	"EpiMP09"	"dataset"	0.596737216997864
"InhouseData"	4	1	3	1	0	5.27846993571192	-2.43716717632262	19.3136485758089	30.1519696607008	18.5539581969264	0.361310428526179	"evaluated"	"r06_C12_vs_rest"	"usage_raw"	"EpiMP09"	"dataset"	0.50583459993665
"PRJNA662018"	4	1	2	2	0	0.568622428954583	-5.94502096160376	1.71090734114863	10.924052105693	15.7267881551027	1	"evaluated"	"r06_C12_vs_rest"	"usage_raw"	"EpiMP09"	"dataset"	1
"Normal"	8	3	4	4	0	0.6933405025977	-2.53674184302362	3.81769269319622	10.5478393871411	8.61328568542257	0.62406453246517	"evaluated"	"r06_C12_vs_rest"	"usage_raw"	"EpiMP09"	"source"	0.62406453246517
"MIBC"	11	4	4	7	0	-4.68536737984423	-8.87290557778481	1.04009428981871	19.1374225157098	19.7266328769988	0.398304593395588	"evaluated"	"r06_C12_vs_rest"	"usage_raw"	"EpiMP09"	"source"	0.506933118867111
"NMIBC"	6	3	0	6	0	-3.07919709708656	-13.265827072804	-2.47200431988248	8.47232130086972	15.4921873035878	0.0360316862182336	"evaluated"	"r06_C12_vs_rest"	"usage_raw"	"EpiMP09"	"source"	0.100888721411054
"ALL"	25	4	15	10	0	0.737186591209471	-0.564382395114765	10.6074736037091	11.8727021246593	5.65504320759521	0.0206680286991046	"evaluated"	"r06_C12_vs_rest"	"usage_raw"	"EpiMP10"	"ALL"	0.0263047637988604
"CNP0000460"	10	1	4	6	0	-0.400443227699577	-1.0823810041625	3.69098612534068	5.65593007214594	4.23669848102882	0.838463781922464	"evaluated"	"r06_C12_vs_rest"	"usage_raw"	"EpiMP10"	"dataset"	0.838463781922464
"HRA003620"	7	1	4	3	0	0.737186591209471	-0.832984573934456	19.224944278154	17.0233582154819	6.84049355900641	0.352542137499713	"evaluated"	"r06_C12_vs_rest"	"usage_raw"	"EpiMP10"	"dataset"	0.411299160416332
"InhouseData"	4	1	3	1	0	1.91827140552709	0.240662715159799	9.85382048951838	15.172888667301	6.99667686814989	0.361310428526179	"evaluated"	"r06_C12_vs_rest"	"usage_raw"	"EpiMP10"	"dataset"	0.50583459993665
"PRJNA662018"	4	1	4	0	0	9.62171001402519	6.45908561784957	12.4786887020499	15.1007975543612	5.78473324848692	0.100348246462291	"evaluated"	"r06_C12_vs_rest"	"usage_raw"	"EpiMP10"	"dataset"	0.175609431309009
"Normal"	8	3	2	6	0	-0.838195953537323	-1.74018081598099	0.601134353833365	7.14771394363244	4.56806953001047	0.62406453246517	"evaluated"	"r06_C12_vs_rest"	"usage_raw"	"EpiMP10"	"source"	0.62406453246517
"MIBC"	11	4	8	3	0	4.74805036243027	0.159716232685925	13.1860446214039	16.9561165816519	7.3543772926256	0.0293825411093689	"evaluated"	"r06_C12_vs_rest"	"usage_raw"	"EpiMP10"	"source"	0.0411355575531165
"NMIBC"	6	3	5	1	0	4.10463691828202	0.574141708356302	9.82362701412049	8.8530931948751	3.98889562181916	0.142213241936393	"evaluated"	"r06_C12_vs_rest"	"usage_raw"	"EpiMP10"	"source"	0.248873173388687
"ALL"	25	4	24	1	0	9.50398229146773	3.951845817314	17.8780095663794	21.1673946183387	8.5576515759747	2.39594001937852e-05	"evaluated"	"r06_C12_vs_rest"	"usage_raw"	"EpiMP11"	"ALL"	8.38579006782482e-05
"CNP0000460"	10	1	9	1	0	11.0929097863357	4.02530579500047	17.0092016788141	20.5226609129827	10.0219662931193	0.0108269212771313	"evaluated"	"r06_C12_vs_rest"	"usage_raw"	"EpiMP11"	"dataset"	0.0303153795759677
"HRA003620"	7	1	7	0	0	6.5076016406382	3.32329581001432	10.3112314256479	17.3521765356105	10.2833925726506	0.0224942712224497	"evaluated"	"r06_C12_vs_rest"	"usage_raw"	"EpiMP11"	"dataset"	0.090847688636282
"InhouseData"	4	1	4	0	0	16.5995055383709	6.07391424451088	28.6040195656243	21.621149041812	3.54272077004765	0.100348246462291	"evaluated"	"r06_C12_vs_rest"	"usage_raw"	"EpiMP11"	"dataset"	0.234145908412012
"PRJNA662018"	4	1	4	0	0	21.429524836474	14.5093018732082	29.0305802214384	29.0021061030301	6.8917488448575	0.100348246462291	"evaluated"	"r06_C12_vs_rest"	"usage_raw"	"EpiMP11"	"dataset"	0.175609431309009
"Normal"	8	3	8	0	0	7.78559902732624	2.50165949320542	14.3111697605876	21.2833304955371	9.38671351523686	0.0142661867014469	"evaluated"	"r06_C12_vs_rest"	"usage_raw"	"EpiMP11"	"source"	0.0365095190823396
"MIBC"	11	4	10	1	0	14.3384169521535	4.02337447206693	25.2636103396934	20.9057024016127	6.82382665584347	0.00669228378824031	"evaluated"	"r06_C12_vs_rest"	"usage_raw"	"EpiMP11"	"source"	0.0156153288392274
"NMIBC"	6	3	6	0	0	10.3112314256479	5.78199552075537	16.1261127965355	21.4925825127387	10.6309146771991	0.0360316862182336	"evaluated"	"r06_C12_vs_rest"	"usage_raw"	"EpiMP11"	"source"	0.100888721411054
"ALL"	25	4	12	13	0	-0.0592801096403144	-1.41614609546936	0.935553249628111	5.43024800126236	5.83151126461062	0.647370988319675	"evaluated"	"r06_C12_vs_rest"	"usage_raw"	"EpiMP12"	"ALL"	0.686504181787592
"CNP0000460"	10	1	6	4	0	0.344094207877826	-1.16394654499657	1.59064014197869	7.9131642369767	7.99703958683541	0.838463781922464	"evaluated"	"r06_C12_vs_rest"	"usage_raw"	"EpiMP12"	"dataset"	0.838463781922464
"HRA003620"	7	1	3	4	0	-0.0592801096403144	-0.660939104050002	0.772056920439981	1.99161469316652	1.91609210083089	0.932646638965876	"evaluated"	"r06_C12_vs_rest"	"usage_raw"	"EpiMP12"	"dataset"	0.932646638965876
"InhouseData"	4	1	0	4	0	-1.90462889171932	-3.33736301545554	-1.14199613548396	8.16703148087809	10.7417617400983	0.100348246462291	"evaluated"	"r06_C12_vs_rest"	"usage_raw"	"EpiMP12"	"dataset"	0.234145908412012
"PRJNA662018"	4	1	3	1	0	0.505895006280117	-0.306033783382601	0.956287491015641	2.50378222152847	2.35942352017555	0.855132140584706	"evaluated"	"r06_C12_vs_rest"	"usage_raw"	"EpiMP12"	"dataset"	0.920911536014299
"Normal"	8	3	6	2	0	1.08205458986965	-0.0375845368194788	1.86739663862915	7.89652936804664	7.58713587788394	0.362726506485098	"evaluated"	"r06_C12_vs_rest"	"usage_raw"	"EpiMP12"	"source"	0.423180924232615
"MIBC"	11	4	5	6	0	-0.0592801096403144	-1.00666117022419	0.344094207877826	4.85428169853683	5.51041914499658	0.504879873834092	"evaluated"	"r06_C12_vs_rest"	"usage_raw"	"EpiMP12"	"source"	0.589026519473107
"NMIBC"	6	3	1	5	0	-1.44925108649288	-1.81611625910367	-0.522686270254168	3.19781106721345	4.07934733287196	0.208412803684149	"evaluated"	"r06_C12_vs_rest"	"usage_raw"	"EpiMP12"	"source"	0.265252659234371
"ALL"	25	4	15	10	0	1.74086514420503	-5.0867549682228	4.76490126997538	13.1223050238206	12.8884717825762	0.686504181787592	"evaluated"	"r06_C12_vs_rest"	"usage_raw"	"EpiMP13"	"ALL"	0.686504181787592
"CNP0000460"	10	1	7	3	0	4.32608507843957	-0.848728635812018	7.23667097563876	16.4698207796372	13.5435995934809	0.102917539402853	"evaluated"	"r06_C12_vs_rest"	"usage_raw"	"EpiMP13"	"dataset"	0.130985959239995
"HRA003620"	7	1	2	5	0	-5.0867549682228	-7.87670730562868	1.19796815340161	8.71645612951805	12.6936793306003	0.150785565027971	"evaluated"	"r06_C12_vs_rest"	"usage_raw"	"EpiMP13"	"dataset"	0.191908900944691
"InhouseData"	4	1	3	1	0	1.08294653825264	-2.99996988657431	4.02028374039545	17.6688808462231	17.7315135306546	0.855132140584706	"evaluated"	"r06_C12_vs_rest"	"usage_raw"	"EpiMP13"	"dataset"	0.855132140584706
"PRJNA662018"	4	1	3	1	0	2.32770066314452	-0.14249097346457	3.63886971532058	7.91717537690581	6.74849729819432	0.583882420770365	"evaluated"	"r06_C12_vs_rest"	"usage_raw"	"EpiMP13"	"dataset"	0.681196157565426
"Normal"	8	3	7	1	0	4.57812608863773	2.86576496445639	6.81512903622119	16.6333784054463	13.1368457692521	0.183430618982178	"evaluated"	"r06_C12_vs_rest"	"usage_raw"	"EpiMP13"	"source"	0.233457151431863
"MIBC"	11	4	7	4	0	1.17705305500409	-3.14742071822868	3.13097028308856	12.9831293355064	12.9632746666303	0.755657737671463	"evaluated"	"r06_C12_vs_rest"	"usage_raw"	"EpiMP13"	"source"	0.813785255953883
"NMIBC"	6	3	1	5	0	-4.14253072750007	-5.61610823691072	-2.14858558665587	8.69602927689549	12.4201678462426	0.29450739368011	"evaluated"	"r06_C12_vs_rest"	"usage_raw"	"EpiMP13"	"source"	0.343591959293462
"ALL"	25	4	3	22	0	-5.34191061077448	-7.04480275638515	-3.0592002317808	4.02721028549967	9.40490334519677	4.31651159613768e-05	"evaluated"	"r06_C12_vs_rest"	"usage_raw"	"EpiMP14"	"ALL"	0.000120862324691855
"CNP0000460"	10	1	0	10	0	-5.53870961421225	-6.7905714240552	-5.27017640978782	2.08700986305861	7.62353986914203	0.00592153702414871	"evaluated"	"r06_C12_vs_rest"	"usage_raw"	"EpiMP14"	"dataset"	0.0276338394460273
"HRA003620"	7	1	1	6	0	-4.71041891642685	-5.6113952374722	-1.5289887978027	5.04890612225015	8.61791675766027	0.0519129649350183	"evaluated"	"r06_C12_vs_rest"	"usage_raw"	"EpiMP14"	"dataset"	0.090847688636282
"InhouseData"	4	1	1	3	0	-4.38549226297832	-8.8585260057177	-2.03957214895703	5.25766342059384	11.7702693122902	0.201242620957724	"evaluated"	"r06_C12_vs_rest"	"usage_raw"	"EpiMP14"	"dataset"	0.352174586676017
"PRJNA662018"	4	1	1	3	0	-10.0461661517281	-10.4590964047307	-6.59795185123154	5.85929049219484	12.870172596429	0.201242620957724	"evaluated"	"r06_C12_vs_rest"	"usage_raw"	"EpiMP14"	"dataset"	0.281739669340814
"Normal"	8	3	0	8	0	-5.51827797263109	-6.70801394186132	-5.11657691603678	2.75803057325811	8.76095521271495	0.0142661867014469	"evaluated"	"r06_C12_vs_rest"	"usage_raw"	"EpiMP14"	"source"	0.0365095190823396
"MIBC"	11	4	2	9	0	-5.71178429417583	-7.22632013426834	-3.54425429139215	5.19723419892844	10.9037244161635	0.00871925545288926	"evaluated"	"r06_C12_vs_rest"	"usage_raw"	"EpiMP14"	"source"	0.0174385109057785
"NMIBC"	6	3	1	5	0	-3.21593525887703	-7.08244135011575	-0.438878735338403	3.57440606053568	7.51566222506684	0.0934924836898357	"evaluated"	"r06_C12_vs_rest"	"usage_raw"	"EpiMP14"	"source"	0.218149128609617
"ALL"	25	4	6	19	0	-0.133845657834708	-0.196534184026155	-0.00434455778969012	0.435101493134723	0.534556725571978	0.00124298015130243	"evaluated"	"r06_C12_vs_rest"	"UCell_raw"	"EpiMP01"	"ALL"	0.00193352467980377
"CNP0000460"	10	1	1	9	0	-0.147383524119275	-0.185226765321419	-0.0974402544679914	0.413479028596857	0.528435413284972	0.0323129112432441	"evaluated"	"r06_C12_vs_rest"	"UCell_raw"	"EpiMP01"	"dataset"	0.0452380757405418
"HRA003620"	7	1	3	4	0	-0.0774190726000281	-0.12400231073065	0.0378742104379241	0.472130701705924	0.53082484142666	0.352542137499713	"evaluated"	"r06_C12_vs_rest"	"UCell_raw"	"EpiMP01"	"dataset"	0.493558992499598
"InhouseData"	4	1	2	2	0	-0.0285251818522831	-0.0949080771897762	0.01441425099622	0.354628666842985	0.406597311184258	0.583882420770365	"evaluated"	"r06_C12_vs_rest"	"UCell_raw"	"EpiMP01"	"dataset"	0.681196157565426
"PRJNA662018"	4	1	0	4	0	-0.204722032685006	-0.221635646588901	-0.162607238256102	0.504829365771525	0.684350217931522	0.100348246462291	"evaluated"	"r06_C12_vs_rest"	"UCell_raw"	"EpiMP01"	"dataset"	0.117072954206006
"Normal"	8	3	1	7	0	-0.180379863159838	-0.209956977304	-0.14180456312354	0.415044646691452	0.575265792100478	0.0208625823327655	"evaluated"	"r06_C12_vs_rest"	"UCell_raw"	"EpiMP01"	"source"	0.0292076152658717
"MIBC"	11	4	3	8	0	-0.0808539163986496	-0.18153032881816	-0.00193120074879435	0.431365016499088	0.523034459631575	0.0293825411093689	"evaluated"	"r06_C12_vs_rest"	"UCell_raw"	"EpiMP01"	"source"	0.0457061750590184
"NMIBC"	6	3	2	4	0	-0.0594530226296314	-0.0833336081593213	0.0564094960435885	0.468694162224414	0.501402124424718	0.833935414088552	"evaluated"	"r06_C12_vs_rest"	"UCell_raw"	"EpiMP01"	"source"	0.898084292095364
"ALL"	25	4	5	20	0	-0.0280804314537177	-0.0494025022514428	-0.00326194358403784	0.1285157657712	0.160532211481375	0.00164330586388204	"evaluated"	"r06_C12_vs_rest"	"UCell_raw"	"EpiMP02"	"ALL"	0.00230062820943485
"CNP0000460"	10	1	2	8	0	-0.0335101428860105	-0.0411388609544431	-0.0109112436167466	0.114109214119535	0.134497535405547	0.102917539402853	"evaluated"	"r06_C12_vs_rest"	"UCell_raw"	"EpiMP02"	"dataset"	0.110834273203072
"HRA003620"	7	1	2	5	0	-0.0280804314537177	-0.0514997671574549	0.00858916940596492	0.137911555384766	0.162060527106492	0.204893893816379	"evaluated"	"r06_C12_vs_rest"	"UCell_raw"	"EpiMP02"	"dataset"	0.318723834825478
"InhouseData"	4	1	1	3	0	-0.00726546748686906	-0.0298771850402378	-0.00210926341862664	0.120262344381245	0.14498332535324	0.201242620957724	"evaluated"	"r06_C12_vs_rest"	"UCell_raw"	"EpiMP02"	"dataset"	0.313044077045348
"PRJNA662018"	4	1	0	4	0	-0.104359166025683	-0.112385715679162	-0.0741237513350712	0.156342934466578	0.238493235455128	0.100348246462291	"evaluated"	"r06_C12_vs_rest"	"UCell_raw"	"EpiMP02"	"dataset"	0.117072954206006
"Normal"	8	3	1	7	0	-0.040797635181965	-0.0618047865025368	-0.0360099132964294	0.112884597231364	0.16018360395147	0.0208625823327655	"evaluated"	"r06_C12_vs_rest"	"UCell_raw"	"EpiMP02"	"source"	0.0292076152658717
"MIBC"	11	4	2	9	0	-0.0280804314537177	-0.0670977950973559	-0.00726546748686906	0.13583680344373	0.177406433845978	0.011278190116074	"evaluated"	"r06_C12_vs_rest"	"UCell_raw"	"EpiMP02"	"source"	0.0197368327031296
"NMIBC"	6	3	2	4	0	-0.00454687492021406	-0.00646168620385834	0.0222617514525744	0.135935421424676	0.130060947186144	1	"evaluated"	"r06_C12_vs_rest"	"UCell_raw"	"EpiMP02"	"source"	1
"ALL"	25	4	24	1	0	0.225883004070544	0.169269211814064	0.252788695038062	0.483768422504303	0.284574479580437	1.47752354163661e-05	"evaluated"	"r06_C12_vs_rest"	"UCell_raw"	"EpiMP03"	"ALL"	3.7682314389614e-05
"CNP0000460"	10	1	10	0	0	0.210834081611101	0.181177392509804	0.230339500919624	0.436811468416135	0.240327818004799	0.00592153702414871	"evaluated"	"r06_C12_vs_rest"	"UCell_raw"	"EpiMP03"	"dataset"	0.0138169197230137
"HRA003620"	7	1	6	1	0	0.252788695038062	0.197576107942304	0.260032103142715	0.512457209373731	0.301821984817262	0.0346105575157073	"evaluated"	"r06_C12_vs_rest"	"UCell_raw"	"EpiMP03"	"dataset"	0.0692211150314147
"InhouseData"	4	1	4	0	0	0.197457062532504	0.159885155269749	0.232980606508219	0.499278816685283	0.303870117439819	0.100348246462291	"evaluated"	"r06_C12_vs_rest"	"UCell_raw"	"EpiMP03"	"dataset"	0.234145908412012
"PRJNA662018"	4	1	4	0	0	0.168072182936121	0.0802117149323786	0.277593143030275	0.535445036522241	0.345712361495709	0.100348246462291	"evaluated"	"r06_C12_vs_rest"	"UCell_raw"	"EpiMP03"	"dataset"	0.117072954206006
"Normal"	8	3	7	1	0	0.192382619374332	0.166098399189451	0.2263709417	0.445089861982633	0.274813896288466	0.0208625823327655	"evaluated"	"r06_C12_vs_rest"	"UCell_raw"	"EpiMP03"	"source"	0.0292076152658717
"MIBC"	11	4	11	0	0	0.177925913308129	0.0966342021311009	0.242527995802861	0.48871862765519	0.314218928221137	0.00385729282994253	"evaluated"	"r06_C12_vs_rest"	"UCell_raw"	"EpiMP03"	"source"	0.00900034993653258
"NMIBC"	6	3	6	0	0	0.262582458403032	0.237895393506674	0.330597952753139	0.526264460423235	0.243240434795117	0.0360316862182336	"evaluated"	"r06_C12_vs_rest"	"UCell_raw"	"EpiMP03"	"source"	0.0720633724364671
"ALL"	25	4	24	1	0	0.231973950710983	0.183726475365515	0.255077363319547	0.532841824635705	0.326688208723031	1.47752354163661e-05	"evaluated"	"r06_C12_vs_rest"	"UCell_raw"	"EpiMP04"	"ALL"	3.7682314389614e-05
"CNP0000460"	10	1	10	0	0	0.243044734755969	0.225780265043984	0.264170501292333	0.524368784870851	0.290104735756806	0.00592153702414871	"evaluated"	"r06_C12_vs_rest"	"UCell_raw"	"EpiMP04"	"dataset"	0.0138169197230137
"HRA003620"	7	1	6	1	0	0.192622104483158	0.169997576148371	0.240279692256235	0.513447613821524	0.331458753722283	0.0346105575157073	"evaluated"	"r06_C12_vs_rest"	"UCell_raw"	"EpiMP04"	"dataset"	0.0692211150314147
"InhouseData"	4	1	4	0	0	0.195121466465669	0.166073174717411	0.230379099910831	0.540913420128433	0.339582611965859	0.100348246462291	"evaluated"	"r06_C12_vs_rest"	"UCell_raw"	"EpiMP04"	"dataset"	0.234145908412012
"PRJNA662018"	4	1	4	0	0	0.191294810198331	0.114204086546583	0.260079386984603	0.57989269747993	0.396904034147075	0.100348246462291	"evaluated"	"r06_C12_vs_rest"	"UCell_raw"	"EpiMP04"	"dataset"	0.117072954206006
"Normal"	8	3	7	1	0	0.244589237853046	0.206705971180773	0.261214134455894	0.535812289732801	0.329979654285202	0.0208625823327655	"evaluated"	"r06_C12_vs_rest"	"UCell_raw"	"EpiMP04"	"source"	0.0292076152658717
"MIBC"	11	4	11	0	0	0.184318377038603	0.121069263239301	0.221185549670681	0.52902863834107	0.352581387131145	0.00385729282994253	"evaluated"	"r06_C12_vs_rest"	"UCell_raw"	"EpiMP04"	"source"	0.00900034993653258
"NMIBC"	6	3	6	0	0	0.247590051616968	0.234384397168931	0.297308064831879	0.535872046046408	0.274828787558594	0.0360316862182336	"evaluated"	"r06_C12_vs_rest"	"UCell_raw"	"EpiMP04"	"source"	0.0720633724364671
"ALL"	25	4	7	18	0	-0.0742092159499135	-0.120956322674515	0.00296254155350451	0.36932624453546	0.426249383059535	0.00335862459610583	"evaluated"	"r06_C12_vs_rest"	"UCell_raw"	"EpiMP05"	"ALL"	0.00427461312231651
"CNP0000460"	10	1	2	8	0	-0.101157621600503	-0.117324461636867	-0.0456979032146318	0.385590551613078	0.454764865993387	0.0249324556028631	"evaluated"	"r06_C12_vs_rest"	"UCell_raw"	"EpiMP05"	"dataset"	0.038783819826676
"HRA003620"	7	1	3	4	0	-0.0268741560327898	-0.0624468186360583	0.0130241558991765	0.394669809955937	0.427441438980172	0.446872820710831	"evaluated"	"r06_C12_vs_rest"	"UCell_raw"	"EpiMP05"	"dataset"	0.521351624162636
"InhouseData"	4	1	2	2	0	0.00305096271495696	-0.0464334352283351	0.0372980206995158	0.282977119826954	0.29516349707073	1	"evaluated"	"r06_C12_vs_rest"	"UCell_raw"	"EpiMP05"	"dataset"	1
"PRJNA662018"	4	1	0	4	0	-0.128664865237071	-0.144360780597087	-0.0976011864284917	0.370663362064089	0.483960463852597	0.100348246462291	"evaluated"	"r06_C12_vs_rest"	"UCell_raw"	"EpiMP05"	"dataset"	0.117072954206006
"Normal"	8	3	1	7	0	-0.117903598433452	-0.146287888722878	-0.0919609070950524	0.381007767869761	0.490542187042766	0.0208625823327655	"evaluated"	"r06_C12_vs_rest"	"UCell_raw"	"EpiMP05"	"source"	0.0292076152658717
"MIBC"	11	4	4	7	0	-0.0268741560327898	-0.111402350102355	0.0160918866971344	0.353510507195137	0.39790044761276	0.142368182702515	"evaluated"	"r06_C12_vs_rest"	"UCell_raw"	"EpiMP05"	"source"	0.166096213152934
"NMIBC"	6	3	2	4	0	-0.0251609830916823	-0.0456461254019302	0.051568943826903	0.382746398546986	0.392498692734315	0.833935414088552	"evaluated"	"r06_C12_vs_rest"	"UCell_raw"	"EpiMP05"	"source"	0.898084292095364
"ALL"	25	4	6	19	0	-0.0524552402624852	-0.0780016958197652	-0.00208880511890888	0.173218607868289	0.215306703763423	0.000632739428044683	"evaluated"	"r06_C12_vs_rest"	"UCell_raw"	"EpiMP06"	"ALL"	0.0011072939990782
"CNP0000460"	10	1	1	9	0	-0.0610835980149594	-0.0892072540349199	-0.0333098958897435	0.143098718528345	0.201454297038736	0.0108269212771313	"evaluated"	"r06_C12_vs_rest"	"UCell_raw"	"EpiMP06"	"dataset"	0.0189471122349798
"HRA003620"	7	1	3	4	0	-0.0217749554307587	-0.0511351901838146	0.0191453786356385	0.165218465146638	0.182572837815603	0.446872820710831	"evaluated"	"r06_C12_vs_rest"	"UCell_raw"	"EpiMP06"	"dataset"	0.521351624162636
"InhouseData"	4	1	2	2	0	-0.0212554162180717	-0.0678257133907317	0.0131190795899597	0.257162443914457	0.290613661497157	0.583882420770365	"evaluated"	"r06_C12_vs_rest"	"UCell_raw"	"EpiMP06"	"dataset"	0.681196157565426
"PRJNA662018"	4	1	0	4	0	-0.0539529646343122	-0.0606805442466929	-0.0466127037028421	0.178574744934869	0.231915028250092	0.100348246462291	"evaluated"	"r06_C12_vs_rest"	"UCell_raw"	"EpiMP06"	"dataset"	0.117072954206006
"Normal"	8	3	1	7	0	-0.062120787359519	-0.0789918516245307	-0.0416153196895685	0.136627338377817	0.191981603053352	0.0208625823327655	"evaluated"	"r06_C12_vs_rest"	"UCell_raw"	"EpiMP06"	"source"	0.0292076152658717
"MIBC"	11	4	3	8	0	-0.0524552402624852	-0.0660316837788948	0.00392780135371641	0.203985809077042	0.242470250305149	0.045446946073126	"evaluated"	"r06_C12_vs_rest"	"UCell_raw"	"EpiMP06"	"source"	0.057841567729433
"NMIBC"	6	3	2	4	0	-0.0314295551796735	-0.056176467188993	0.0109665116620203	0.165600431639536	0.196607002717019	0.29450739368011	"evaluated"	"r06_C12_vs_rest"	"UCell_raw"	"EpiMP06"	"source"	0.458122612391282
"ALL"	25	4	25	0	0	0.126362894660098	0.101161975725462	0.184502036159599	0.39387766573855	0.254630805743992	1.30706054780131e-05	"evaluated"	"r06_C12_vs_rest"	"UCell_raw"	"EpiMP07"	"ALL"	3.7682314389614e-05
"CNP0000460"	10	1	10	0	0	0.118768110532868	0.108493653577684	0.129474460487189	0.38469515327547	0.265232221721973	0.00592153702414871	"evaluated"	"r06_C12_vs_rest"	"UCell_raw"	"EpiMP07"	"dataset"	0.0138169197230137
"HRA003620"	7	1	7	0	0	0.184502036159599	0.130550096953149	0.195049833121204	0.412533895189425	0.256845751267802	0.0224942712224497	"evaluated"	"r06_C12_vs_rest"	"UCell_raw"	"EpiMP07"	"dataset"	0.0692211150314147
"InhouseData"	4	1	4	0	0	0.11970266830688	0.093518433114154	0.152888592727981	0.385576488531788	0.258872130996533	0.100348246462291	"evaluated"	"r06_C12_vs_rest"	"UCell_raw"	"EpiMP07"	"dataset"	0.234145908412012
"PRJNA662018"	4	1	4	0	0	0.166049568455389	0.107934019865982	0.230592485273559	0.39248672256398	0.220009785879828	0.100348246462291	"evaluated"	"r06_C12_vs_rest"	"UCell_raw"	"EpiMP07"	"dataset"	0.117072954206006
"Normal"	8	3	8	0	0	0.121182478321582	0.0951145187640604	0.158271114445975	0.399092358784149	0.271251324480461	0.0142661867014469	"evaluated"	"r06_C12_vs_rest"	"UCell_raw"	"EpiMP07"	"source"	0.0292076152658717
"MIBC"	11	4	11	0	0	0.110191367912822	0.100282867364292	0.159575997241493	0.385044073569857	0.254603012445022	0.00385729282994253	"evaluated"	"r06_C12_vs_rest"	"UCell_raw"	"EpiMP07"	"source"	0.00900034993653258
"NMIBC"	6	3	6	0	0	0.167533984787558	0.127422100860784	0.197583727991808	0.403119660653689	0.232521068476809	0.0360316862182336	"evaluated"	"r06_C12_vs_rest"	"UCell_raw"	"EpiMP07"	"source"	0.0720633724364671
"ALL"	25	4	23	2	0	0.0800955132361958	0.0478322831923428	0.107350802769494	0.292419033137358	0.213300266389043	1.8841157194807e-05	"evaluated"	"r06_C12_vs_rest"	"UCell_raw"	"EpiMP08"	"ALL"	3.7682314389614e-05
"CNP0000460"	10	1	9	1	0	0.0740127548854049	0.0509785619070745	0.106311398468485	0.339430470815422	0.259314167487077	0.00804523748656169	"evaluated"	"r06_C12_vs_rest"	"UCell_raw"	"EpiMP08"	"dataset"	0.0160904749731234
"HRA003620"	7	1	7	0	0	0.0818350760960403	0.0797592618539416	0.101798398276174	0.266225066408329	0.179831559148695	0.0224942712224497	"evaluated"	"r06_C12_vs_rest"	"UCell_raw"	"EpiMP08"	"dataset"	0.0692211150314147
"InhouseData"	4	1	3	1	0	0.0468612637755621	0.034046379860976	0.0734422389809199	0.269552782425366	0.208925427359033	0.201242620957724	"evaluated"	"r06_C12_vs_rest"	"UCell_raw"	"EpiMP08"	"dataset"	0.313044077045348
"PRJNA662018"	4	1	4	0	0	0.0786083369970729	0.0709989663378679	0.0899949117446154	0.243596131429989	0.161210590344578	0.100348246462291	"evaluated"	"r06_C12_vs_rest"	"UCell_raw"	"EpiMP08"	"dataset"	0.117072954206006
"Normal"	8	3	8	0	0	0.0812853704225227	0.0572711193365378	0.101221894956322	0.322159224257522	0.241474329434164	0.0142661867014469	"evaluated"	"r06_C12_vs_rest"	"UCell_raw"	"EpiMP08"	"source"	0.0292076152658717
"MIBC"	11	4	9	2	0	0.0780021449543816	0.0468612637755621	0.108689421235876	0.286965201418386	0.210146415020528	0.00871925545288926	"evaluated"	"r06_C12_vs_rest"	"UCell_raw"	"EpiMP08"	"source"	0.0174385109057785
"NMIBC"	6	3	6	0	0	0.074403111887653	0.0562170742280327	0.0926432643611505	0.262764136461919	0.181516909837826	0.0360316862182336	"evaluated"	"r06_C12_vs_rest"	"UCell_raw"	"EpiMP08"	"source"	0.0720633724364671
"ALL"	25	4	16	9	0	0.00783010258545094	-0.00496585725482041	0.0233931599089275	0.213281639455994	0.202658728719315	0.0757566257409905	"evaluated"	"r06_C12_vs_rest"	"UCell_raw"	"EpiMP09"	"ALL"	0.0757566257409905
"CNP0000460"	10	1	6	4	0	0.00408961515814033	-0.00723400296572482	0.0100712388707407	0.204518705406992	0.203820420238578	0.683480902201426	"evaluated"	"r06_C12_vs_rest"	"UCell_raw"	"EpiMP09"	"dataset"	0.683480902201426
"HRA003620"	7	1	5	2	0	0.018356926501124	0.00509777417957194	0.0250892709834311	0.216052976536497	0.20202832491985	0.0759269629825577	"evaluated"	"r06_C12_vs_rest"	"UCell_raw"	"EpiMP09"	"dataset"	0.132872185219476
"InhouseData"	4	1	3	1	0	0.0226165079790223	0.0147834255988622	0.0546287603284588	0.240894390305052	0.194098712356753	0.201242620957724	"evaluated"	"r06_C12_vs_rest"	"UCell_raw"	"EpiMP09"	"dataset"	0.313044077045348
"PRJNA662018"	4	1	2	2	0	0.00174336398137492	-0.018904013263424	0.0139560381505733	0.20272638383856	0.209417722932786	1	"evaluated"	"r06_C12_vs_rest"	"UCell_raw"	"EpiMP09"	"dataset"	1
"Normal"	8	3	6	2	0	0.00645159595297179	0.00148283873180016	0.0160685540638364	0.197437051419059	0.189863339260829	0.107327557761612	"evaluated"	"r06_C12_vs_rest"	"UCell_raw"	"EpiMP09"	"source"	0.107327557761612
"MIBC"	11	4	5	6	0	-0.00158636135774279	-0.00739138874228439	0.0183560359058134	0.228515090567265	0.220306075377258	0.755657737671463	"evaluated"	"r06_C12_vs_rest"	"UCell_raw"	"EpiMP09"	"source"	0.755657737671463
"NMIBC"	6	3	5	1	0	0.0284058385783782	0.0110622875194416	0.0379358245595364	0.206479763134577	0.187365779124402	0.142213241936393	"evaluated"	"r06_C12_vs_rest"	"UCell_raw"	"EpiMP09"	"source"	0.248873173388687
"ALL"	25	4	24	1	0	0.0654942366097882	0.0366003178955985	0.107210356134406	0.259397932875767	0.1847788203426	1.66905887185438e-05	"evaluated"	"r06_C12_vs_rest"	"UCell_raw"	"EpiMP10"	"ALL"	3.7682314389614e-05
"CNP0000460"	10	1	10	0	0	0.0441350410565547	0.0329257317398147	0.0607340754536124	0.226396678454734	0.176486688009777	0.00592153702414871	"evaluated"	"r06_C12_vs_rest"	"UCell_raw"	"EpiMP10"	"dataset"	0.0138169197230137
"HRA003620"	7	1	6	1	0	0.0912377054820492	0.048733183869785	0.148614275168113	0.289730478292281	0.195288849344163	0.0346105575157073	"evaluated"	"r06_C12_vs_rest"	"UCell_raw"	"EpiMP10"	"dataset"	0.0692211150314147
"InhouseData"	4	1	4	0	0	0.0493322003904639	0.0415948040552834	0.0862278082357261	0.276883253220557	0.198392841320012	0.100348246462291	"evaluated"	"r06_C12_vs_rest"	"UCell_raw"	"EpiMP10"	"dataset"	0.234145908412012
"PRJNA662018"	4	1	4	0	0	0.0962672142116911	0.0814311320034093	0.112667296868426	0.271333794104657	0.173502579444513	0.100348246462291	"evaluated"	"r06_C12_vs_rest"	"UCell_raw"	"EpiMP10"	"dataset"	0.117072954206006
"Normal"	8	3	7	1	0	0.0399912926703496	0.0248991072141345	0.0759232664909427	0.24285986841212	0.184670288533135	0.0299739735865559	"evaluated"	"r06_C12_vs_rest"	"UCell_raw"	"EpiMP10"	"source"	0.0381486936556166
"MIBC"	11	4	11	0	0	0.0665034942452992	0.0440063476243381	0.0831641448836155	0.275299481765417	0.195885019624074	0.00385729282994253	"evaluated"	"r06_C12_vs_rest"	"UCell_raw"	"EpiMP10"	"source"	0.00900034993653258
"NMIBC"	6	3	6	0	0	0.101414187614242	0.0576496203593261	0.115149830465912	0.252295845862937	0.164562164072518	0.0360316862182336	"evaluated"	"r06_C12_vs_rest"	"UCell_raw"	"EpiMP10"	"source"	0.0720633724364671
"ALL"	25	4	24	1	0	0.118742128959741	0.0898509877484943	0.14084466228922	0.271651298236854	0.15841708930815	1.47752354163661e-05	"evaluated"	"r06_C12_vs_rest"	"UCell_raw"	"EpiMP11"	"ALL"	3.7682314389614e-05
"CNP0000460"	10	1	10	0	0	0.127516615026616	0.107994813949288	0.137500304541639	0.255027684550955	0.132303359520518	0.00592153702414871	"evaluated"	"r06_C12_vs_rest"	"UCell_raw"	"EpiMP11"	"dataset"	0.0138169197230137
"HRA003620"	7	1	6	1	0	0.100316818263835	0.0859142446983842	0.123951416366489	0.280119224797846	0.183349185030814	0.0346105575157073	"evaluated"	"r06_C12_vs_rest"	"UCell_raw"	"EpiMP11"	"dataset"	0.0692211150314147
"InhouseData"	4	1	4	0	0	0.129793395624481	0.111134651146314	0.143517626297794	0.26882178995074	0.143962908131113	0.100348246462291	"evaluated"	"r06_C12_vs_rest"	"UCell_raw"	"EpiMP11"	"dataset"	0.234145908412012
"PRJNA662018"	4	1	4	0	0	0.110435510481809	0.067471532870932	0.149660519427253	0.30122096925598	0.194524427439603	0.100348246462291	"evaluated"	"r06_C12_vs_rest"	"UCell_raw"	"EpiMP11"	"dataset"	0.117072954206006
"Normal"	8	3	7	1	0	0.132225350440155	0.0878826162234392	0.141722459679303	0.26809218539249	0.157112732006289	0.0208625823327655	"evaluated"	"r06_C12_vs_rest"	"UCell_raw"	"EpiMP11"	"source"	0.0292076152658717
"MIBC"	11	4	11	0	0	0.100316818263835	0.0827696609181088	0.121413161170656	0.266033670471831	0.163792682107295	0.00385729282994253	"evaluated"	"r06_C12_vs_rest"	"UCell_raw"	"EpiMP11"	"source"	0.00900034993653258
"NMIBC"	6	3	6	0	0	0.138064382801898	0.114843691836025	0.157950602546191	0.286695766265217	0.150300978912197	0.0360316862182336	"evaluated"	"r06_C12_vs_rest"	"UCell_raw"	"EpiMP11"	"source"	0.0720633724364671
"ALL"	25	4	9	16	0	-0.0360926275133366	-0.0674246723562642	0.00676892816780778	0.314165019870797	0.338953311359097	0.0495063743985312	"evaluated"	"r06_C12_vs_rest"	"UCell_raw"	"EpiMP12"	"ALL"	0.0533145570445721
"CNP0000460"	10	1	2	8	0	-0.0459623527041034	-0.0853690754511331	-0.0354323275840584	0.31502899765073	0.357928345227296	0.0527870006322246	"evaluated"	"r06_C12_vs_rest"	"UCell_raw"	"EpiMP12"	"dataset"	0.0615848340709287
"HRA003620"	7	1	4	3	0	0.00216042040450543	-0.0318212294747766	0.050312238753168	0.298293872017208	0.298021887781058	0.932646638965876	"evaluated"	"r06_C12_vs_rest"	"UCell_raw"	"EpiMP12"	"dataset"	0.932646638965876
"InhouseData"	4	1	2	2	0	0.000708819400104782	-0.0356479746346178	0.0355175883672637	0.341660802318546	0.342500007986005	1	"evaluated"	"r06_C12_vs_rest"	"UCell_raw"	"EpiMP12"	"dataset"	1
"PRJNA662018"	4	1	1	3	0	-0.0538212746320848	-0.0677273473851583	-0.0334091468531945	0.312283801716994	0.359599021323262	0.201242620957724	"evaluated"	"r06_C12_vs_rest"	"UCell_raw"	"EpiMP12"	"dataset"	0.216722822569857
"Normal"	8	3	1	7	0	-0.0597019860596451	-0.0926238947700405	-0.0475268682601728	0.306505301675747	0.362261371897422	0.058707408431205	"evaluated"	"r06_C12_vs_rest"	"UCell_raw"	"EpiMP12"	"source"	0.0632233629259131
"MIBC"	11	4	4	7	0	-0.0220091888175699	-0.0538212746320848	0.0150978778927936	0.323605627760055	0.343080311670755	0.230024245060274	"evaluated"	"r06_C12_vs_rest"	"UCell_raw"	"EpiMP12"	"source"	0.247718417757218
"NMIBC"	6	3	4	2	0	0.00409635098917627	-0.0258690656045979	0.0568552235701258	0.307070196333888	0.300309730069958	0.833935414088552	"evaluated"	"r06_C12_vs_rest"	"UCell_raw"	"EpiMP12"	"source"	0.898084292095364
"ALL"	25	4	25	0	0	0.0147464337272046	0.0125502755512333	0.0199223951611838	0.107592503607573	0.0921283564354823	1.30706054780131e-05	"evaluated"	"r06_C12_vs_rest"	"UCell_raw"	"EpiMP13"	"ALL"	3.7682314389614e-05
"CNP0000460"	10	1	10	0	0	0.0150304238253872	0.0138487868962458	0.0195642202961199	0.117592842631408	0.101562830620487	0.00592153702414871	"evaluated"	"r06_C12_vs_rest"	"UCell_raw"	"EpiMP13"	"dataset"	0.0138169197230137
"HRA003620"	7	1	7	0	0	0.0125502755512333	0.0065810508248209	0.0160307730571314	0.0932086202780891	0.0815234293390994	0.0224942712224497	"evaluated"	"r06_C12_vs_rest"	"UCell_raw"	"EpiMP13"	"dataset"	0.0692211150314147
"InhouseData"	4	1	4	0	0	0.0141463405483773	0.0122433021378592	0.0149101627257099	0.116567489026395	0.103560364711203	0.100348246462291	"evaluated"	"r06_C12_vs_rest"	"UCell_raw"	"EpiMP13"	"dataset"	0.234145908412012
"PRJNA662018"	4	1	4	0	0	0.0234439393005744	0.0186605682292092	0.0279030524112057	0.09878846645576	0.0756687851159194	0.100348246462291	"evaluated"	"r06_C12_vs_rest"	"UCell_raw"	"EpiMP13"	"dataset"	0.117072954206006
"Normal"	8	3	8	0	0	0.0162937810569895	0.00717475309904389	0.0216072284142743	0.112380375538969	0.0971424247834357	0.0142661867014469	"evaluated"	"r06_C12_vs_rest"	"UCell_raw"	"EpiMP13"	"source"	0.0292076152658717
"MIBC"	11	4	11	0	0	0.0144166318569406	0.013107194593771	0.0156329213826516	0.106374643063236	0.0913510017517905	0.00385729282994253	"evaluated"	"r06_C12_vs_rest"	"UCell_raw"	"EpiMP13"	"source"	0.00900034993653258
"NMIBC"	6	3	6	0	0	0.0168686949038876	0.0140575311534355	0.0195475403419392	0.103441418696996	0.0868680822249792	0.0360316862182336	"evaluated"	"r06_C12_vs_rest"	"UCell_raw"	"EpiMP13"	"source"	0.0720633724364671
"ALL"	25	4	6	19	0	-0.0481357885252156	-0.0929752085090121	-0.00732301345819397	0.292418741276504	0.33158567894371	0.00905500465388982	"evaluated"	"r06_C12_vs_rest"	"UCell_raw"	"EpiMP14"	"ALL"	0.0105641720962048
"CNP0000460"	10	1	1	9	0	-0.0536427058786339	-0.0858916786894177	-0.0424093837742935	0.279605587791645	0.326626353603595	0.0527870006322246	"evaluated"	"r06_C12_vs_rest"	"UCell_raw"	"EpiMP14"	"dataset"	0.0615848340709287
"HRA003620"	7	1	4	3	0	0.000186103531352677	-0.0742645476574691	0.0371920535177385	0.292930687373268	0.31284767340664	0.799846105662473	"evaluated"	"r06_C12_vs_rest"	"UCell_raw"	"EpiMP14"	"dataset"	0.861372729174971
"InhouseData"	4	1	1	3	0	-0.0114922302925157	-0.0403678055548773	0.00869343732950812	0.28708414644708	0.307266284379933	0.583882420770365	"evaluated"	"r06_C12_vs_rest"	"UCell_raw"	"EpiMP14"	"dataset"	0.681196157565426
"PRJNA662018"	4	1	0	4	0	-0.0787270751032098	-0.110399325468762	-0.0405323320333557	0.328890314148738	0.401094896547645	0.100348246462291	"evaluated"	"r06_C12_vs_rest"	"UCell_raw"	"EpiMP14"	"dataset"	0.117072954206006
"Normal"	8	3	1	7	0	-0.0874952764631776	-0.102457588753163	-0.055302307293373	0.287994158485057	0.357647284521825	0.042315274905714	"evaluated"	"r06_C12_vs_rest"	"UCell_raw"	"EpiMP14"	"source"	0.049367820723333
"MIBC"	11	4	2	9	0	-0.0453272910077012	-0.0706668196900674	-0.0092810606920217	0.289266870234026	0.329286914949516	0.0366712945648324	"evaluated"	"r06_C12_vs_rest"	"UCell_raw"	"EpiMP14"	"source"	0.0513398123907654
"NMIBC"	6	3	3	3	0	0.00156408603818117	-0.0355080516618121	0.0453630129595387	0.304096615242977	0.301051272162246	0.833935414088552	"evaluated"	"r06_C12_vs_rest"	"UCell_raw"	"EpiMP14"	"source"	0.898084292095364
"ALL"	12	3	8	4	0	13.9197874085476	-4.725555828916	23.1909546064012	52.0058315693137	36.6907350120644	0.224015384088612	"evaluated"	"r06_C16_vs_rest"	"usage_raw"	"EpiMP01"	"ALL"	0.313621537724057
"CNP0000460"	5	1	5	0	0	16.9362341064771	15.7358677958296	45.2339136521155	72.0160395989183	36.4672556088428	0.0590582290905367	"evaluated"	"r06_C16_vs_rest"	"usage_raw"	"EpiMP01"	"dataset"	0.206703801816879
"HRA003620"	5	1	2	3	0	-0.436541360477818	-18.9409892588317	10.723993647469	37.3214562526141	36.5975622009055	1	"evaluated"	"r06_C16_vs_rest"	"usage_raw"	"EpiMP01"	"dataset"	1
"PRJNA662018"	2	1	1	1	0	1.20888423903529	-8.19185749759762	10.6096259756682	38.6912497870508	37.4823655480156	NA	"fewer_than_3_pairs"	"r06_C16_vs_rest"	"usage_raw"	"EpiMP01"	"dataset"	NA
"Normal"	4	2	2	2	0	-4.10849780568134	-19.3206689587032	11.0689219909182	32.1774835837771	36.3207327458808	0.583882420770365	"evaluated"	"r06_C16_vs_rest"	"usage_raw"	"EpiMP01"	"source"	0.817435389078511
"MIBC"	5	3	3	2	0	15.7358677958296	-0.436541360477818	16.9362341064771	48.4773514695273	36.5019764775845	0.589638551626567	"evaluated"	"r06_C16_vs_rest"	"usage_raw"	"EpiMP01"	"source"	0.75044906570654
"NMIBC"	3	3	3	0	0	32.7327152887014	26.3715415005013	60.2334563316957	84.3244290496731	37.4986689244423	0.18144920772142	"evaluated"	"r06_C16_vs_rest"	"usage_raw"	"EpiMP01"	"source"	0.317536113512486
"ALL"	12	3	4	8	0	-2.19909236361099	-10.6620228433439	0.437064004127244	3.20623034651236	9.2216249316176	0.0652572567829591	"evaluated"	"r06_C16_vs_rest"	"usage_raw"	"EpiMP02"	"ALL"	0.152266932493571
"CNP0000460"	5	1	2	3	0	-3.36603653810825	-6.71876232414379	0.462820592113552	5.19210614417072	9.17850120301758	0.280712665268496	"evaluated"	"r06_C16_vs_rest"	"usage_raw"	"EpiMP02"	"dataset"	0.357270664887176
"HRA003620"	5	1	2	3	0	-0.0952221905660971	-1.03214818911372	0.428478474798474	0.966059014573745	2.84192704047651	0.787406490666269	"evaluated"	"r06_C16_vs_rest"	"usage_raw"	"EpiMP02"	"dataset"	0.918640905777314
"PRJNA662018"	2	1	0	2	0	-21.4367097987574	-22.3458160775823	-20.5276035199324	3.84196918221301	25.2786789809704	NA	"fewer_than_3_pairs"	"r06_C16_vs_rest"	"usage_raw"	"EpiMP02"	"dataset"	NA
"Normal"	4	2	3	1	0	0.576846621843656	0.297553308457331	1.00820565220776	1.86040292617739	1.13149058735596	0.201242620957724	"evaluated"	"r06_C16_vs_rest"	"usage_raw"	"EpiMP02"	"source"	0.402485241915448
"MIBC"	5	3	1	4	0	-10.537626526797	-11.0352117929847	-3.36603653810825	5.38486586827502	14.2037761696518	0.105645429201877	"evaluated"	"r06_C16_vs_rest"	"usage_raw"	"EpiMP02"	"source"	0.414236322295025
"NMIBC"	3	3	0	3	0	-6.71876232414379	-14.9868423402756	-3.87545525662876	1.36960770402123	11.7048853272428	0.18144920772142	"evaluated"	"r06_C16_vs_rest"	"usage_raw"	"EpiMP02"	"source"	0.317536113512486
"ALL"	12	3	6	6	0	-0.281855397255394	-2.76112837583286	6.93692186433449	10.1429928961912	7.61601680657276	0.556298461274735	"evaluated"	"r06_C16_vs_rest"	"usage_raw"	"EpiMP03"	"ALL"	0.649014871487191
"CNP0000460"	5	1	4	1	0	5.04628552361497	3.56838142027982	14.3033705315393	14.5544470398915	6.66664765902728	0.105645429201877	"evaluated"	"r06_C16_vs_rest"	"usage_raw"	"EpiMP03"	"dataset"	0.246506001471046
"HRA003620"	5	1	2	3	0	-0.576202328555157	-1.15409457129957	0.0124915340443698	8.00678279811126	6.36863835337337	0.787406490666269	"evaluated"	"r06_C16_vs_rest"	"usage_raw"	"EpiMP03"	"dataset"	0.918640905777314
"PRJNA662018"	2	1	0	2	0	-8.65300302629465	-9.64780460097781	-7.65820145161149	4.45488278214031	13.107885808435	NA	"fewer_than_3_pairs"	"r06_C16_vs_rest"	"usage_raw"	"EpiMP03"	"dataset"	NA
"Normal"	4	2	2	2	0	-0.281855397255394	-0.720675389241261	4.87550941084298	7.07697574514812	2.64028632629101	1	"evaluated"	"r06_C16_vs_rest"	"usage_raw"	"EpiMP03"	"source"	1
"MIBC"	5	3	4	1	0	5.04628552361497	3.56838142027982	12.608830886493	15.2222138111338	9.44952011413403	0.280712665268496	"evaluated"	"r06_C16_vs_rest"	"usage_raw"	"EpiMP03"	"source"	0.491247164219868
"NMIBC"	3	3	0	3	0	-2.94360361235179	-6.79310489400638	-2.82195345467251	5.76564757267768	11.1944852676797	0.18144920772142	"evaluated"	"r06_C16_vs_rest"	"usage_raw"	"EpiMP03"	"source"	0.317536113512486
"ALL"	12	3	11	1	0	16.0920023517666	7.80953637401809	33.0592912248075	36.6316693601805	13.4502395083065	0.00419259258389319	"evaluated"	"r06_C16_vs_rest"	"usage_raw"	"EpiMP04"	"ALL"	0.0586962961745047
"CNP0000460"	5	1	5	0	0	22.5785045679921	19.4873056376306	31.0479921703846	37.6659623721179	13.0823810007512	0.0590582290905367	"evaluated"	"r06_C16_vs_rest"	"usage_raw"	"EpiMP04"	"dataset"	0.206703801816879
"HRA003620"	5	1	5	0	0	12.6966990659027	8.62084160090489	42.0083969666346	41.6736826505352	11.4567505659155	0.0590582290905367	"evaluated"	"r06_C16_vs_rest"	"usage_raw"	"EpiMP04"	"dataset"	0.206703801816879
"PRJNA662018"	2	1	1	1	0	2.08729547127767	0.443132860237645	3.73145808231769	21.4409036044499	19.3536081331723	NA	"fewer_than_3_pairs"	"r06_C16_vs_rest"	"usage_raw"	"EpiMP04"	"dataset"	NA
"Normal"	4	2	4	0	0	21.8723456181437	11.6777346996532	33.7880933694471	33.8522977203031	10.2588152693464	0.100348246462291	"evaluated"	"r06_C16_vs_rest"	"usage_raw"	"EpiMP04"	"source"	0.402485241915448
"MIBC"	5	3	4	1	0	10.7109160927504	0.269215078221231	22.5785045679921	29.2490139536628	14.9588550784153	0.177529852412154	"evaluated"	"r06_C16_vs_rest"	"usage_raw"	"EpiMP04"	"source"	0.414236322295025
"NMIBC"	3	3	3	0	0	19.4873056376306	12.4314631654942	53.488406674533	52.6419238908798	15.1911125434052	0.18144920772142	"evaluated"	"r06_C16_vs_rest"	"usage_raw"	"EpiMP04"	"source"	0.317536113512486
"ALL"	12	3	8	4	0	4.6190162584766	-8.36620234821638	34.4919915011686	54.6808545560944	43.1748240478287	0.224015384088612	"evaluated"	"r06_C16_vs_rest"	"usage_raw"	"EpiMP05"	"ALL"	0.313621537724057
"CNP0000460"	5	1	2	3	0	-5.95103471571887	-22.09919527709	1.79783078777662	37.1760225287152	48.0650309289715	0.280712665268496	"evaluated"	"r06_C16_vs_rest"	"usage_raw"	"EpiMP05"	"dataset"	0.357270664887176
"HRA003620"	5	1	5	0	0	39.6865542055702	32.7604705997014	42.2367926068099	81.0303603520127	42.8213061894488	0.0590582290905367	"evaluated"	"r06_C16_vs_rest"	"usage_raw"	"EpiMP05"	"dataset"	0.206703801816879
"PRJNA662018"	2	1	1	1	0	0.736068643825295	-7.4378183009418	8.90995558859239	32.5691701347466	31.8331014909213	NA	"fewer_than_3_pairs"	"r06_C16_vs_rest"	"usage_raw"	"EpiMP05"	"dataset"	NA
"Normal"	4	2	3	1	0	19.5173181081048	-3.08350321179237	35.1295511014785	61.6930171193202	49.1642873377388	0.361310428526179	"evaluated"	"r06_C16_vs_rest"	"usage_raw"	"EpiMP05"	"source"	0.632293249920813
"MIBC"	5	3	4	1	0	2.963866900445	1.79783078777662	17.0838425333595	47.5022611530672	39.6156813230549	0.41849223344682	"evaluated"	"r06_C16_vs_rest"	"usage_raw"	"EpiMP05"	"source"	0.650987918695053
"NMIBC"	3	3	1	2	0	-5.95103471571887	-10.7813699807139	32.0681265342555	57.2956268101721	41.1207775359048	1	"evaluated"	"r06_C16_vs_rest"	"usage_raw"	"EpiMP05"	"source"	1
"ALL"	12	3	2	10	0	-4.41224559651922	-8.16662739795522	-0.654817985418283	7.22670892045487	10.9943106882649	0.0652572567829591	"evaluated"	"r06_C16_vs_rest"	"usage_raw"	"EpiMP06"	"ALL"	0.152266932493571
"CNP0000460"	5	1	1	4	0	-3.42500038682827	-3.94417061465108	-0.0288172878283337	10.7496759652323	10.429827082188	0.589638551626567	"evaluated"	"r06_C16_vs_rest"	"usage_raw"	"EpiMP06"	"dataset"	0.589638551626567
"HRA003620"	5	1	1	4	0	-6.19562269224604	-10.8425104822879	-0.863484884614933	3.50267430472998	9.68123068427432	0.177529852412154	"evaluated"	"r06_C16_vs_rest"	"usage_raw"	"EpiMP06"	"dataset"	0.414236322295025
"PRJNA662018"	2	1	0	2	0	-7.95884186561026	-9.4981025092217	-6.41958122199882	7.72937784782347	15.6882197134337	NA	"fewer_than_3_pairs"	"r06_C16_vs_rest"	"usage_raw"	"EpiMP06"	"dataset"	NA
"Normal"	4	2	0	4	0	-5.06989665344856	-8.17517552326163	-3.17399918214204	4.05126184105438	10.3305398930095	0.100348246462291	"evaluated"	"r06_C16_vs_rest"	"usage_raw"	"EpiMP06"	"source"	0.402485241915448
"MIBC"	5	3	1	4	0	-3.42500038682827	-4.88032057838737	-0.0288172878283337	8.89287294544489	11.7900998344754	0.177529852412154	"evaluated"	"r06_C16_vs_rest"	"usage_raw"	"EpiMP06"	"source"	0.414236322295025
"NMIBC"	3	3	1	2	0	-10.8425104822879	-10.9399368175605	2.71469429604275	8.68369831800549	10.553023171588	1	"evaluated"	"r06_C16_vs_rest"	"usage_raw"	"EpiMP06"	"source"	1
"ALL"	12	3	3	9	0	-29.3427765098269	-41.4047600419389	-7.58772338040982	78.443687732979	102.277909443584	0.0652572567829591	"evaluated"	"r06_C16_vs_rest"	"usage_raw"	"EpiMP07"	"ALL"	0.152266932493571
"CNP0000460"	5	1	1	4	0	-35.3446441424323	-48.7198718588705	-15.5552771692481	83.1609413776567	119.420361973384	0.177529852412154	"evaluated"	"r06_C16_vs_rest"	"usage_raw"	"EpiMP07"	"dataset"	0.310677241721269
"HRA003620"	5	1	0	5	0	-36.7145131202235	-38.966389436295	-23.3409088772216	60.5774324252371	98.5867483960219	0.0590582290905367	"evaluated"	"r06_C16_vs_rest"	"usage_raw"	"EpiMP07"	"dataset"	0.206703801816879
"PRJNA662018"	2	1	2	0	0	42.6665111526463	29.4907245693757	55.8422977359169	111.31619189064	68.6496807379932	NA	"fewer_than_3_pairs"	"r06_C16_vs_rest"	"usage_raw"	"EpiMP07"	"dataset"	NA
"Normal"	4	2	1	3	0	-21.7042534106394	-27.2472790169899	-10.2226212566952	90.2907529673963	106.056399830442	0.201242620957724	"evaluated"	"r06_C16_vs_rest"	"usage_raw"	"EpiMP07"	"source"	0.402485241915448
"MIBC"	5	3	1	4	0	-35.3446441424323	-36.7145131202235	-15.5552771692481	84.9922263990219	98.4554707933393	0.589638551626567	"evaluated"	"r06_C16_vs_rest"	"usage_raw"	"EpiMP07"	"source"	0.75044906570654
"NMIBC"	3	3	1	2	0	-70.9571704761266	-85.9733945448005	-27.3211162450107	51.7333696436846	103.61065334485	0.422678074170636	"evaluated"	"r06_C16_vs_rest"	"usage_raw"	"EpiMP07"	"source"	0.59174930383889
"ALL"	12	3	5	7	0	-3.05906879695842	-12.7486013508591	17.1732327410985	28.3858465733829	25.2757931460177	0.783652311534409	"evaluated"	"r06_C16_vs_rest"	"usage_raw"	"EpiMP08"	"ALL"	0.843933258575517
"CNP0000460"	5	1	1	4	0	-16.7424564898276	-16.9063669801979	-11.4173163045363	21.2075989731332	31.4775327499177	0.177529852412154	"evaluated"	"r06_C16_vs_rest"	"usage_raw"	"EpiMP08"	"dataset"	0.310677241721269
"HRA003620"	5	1	2	3	0	-2.21031061252671	-3.90782698139013	15.5275356347758	29.6526455828428	20.4898996275641	0.787406490666269	"evaluated"	"r06_C16_vs_rest"	"usage_raw"	"EpiMP08"	"dataset"	0.918640905777314
"PRJNA662018"	2	1	2	0	0	21.4282901179553	20.0226344006366	22.833945835274	43.1644680503572	21.7361779324019	NA	"fewer_than_3_pairs"	"r06_C16_vs_rest"	"usage_raw"	"EpiMP08"	"dataset"	NA
"Normal"	4	2	1	3	0	-6.151715391177	-11.7964318724199	2.22415094929892	20.9986891622252	24.4192546941692	0.583882420770365	"evaluated"	"r06_C16_vs_rest"	"usage_raw"	"EpiMP08"	"source"	0.817435389078511
"MIBC"	5	3	2	3	0	-11.4173163045363	-16.7424564898276	24.2396015525927	32.5846476052768	28.6642941131693	0.787406490666269	"evaluated"	"r06_C16_vs_rest"	"usage_raw"	"EpiMP08"	"source"	0.787406490666269
"NMIBC"	3	3	2	1	0	16.6919840936921	6.39207855615098	17.654481388505	31.2373880684366	20.77034280323	0.422678074170636	"evaluated"	"r06_C16_vs_rest"	"usage_raw"	"EpiMP08"	"source"	0.59174930383889
"ALL"	12	3	4	8	0	-3.86892727973417	-9.97798922037298	1.38510774967122	11.3498456863489	16.5933118014699	0.0916805301459911	"evaluated"	"r06_C16_vs_rest"	"usage_raw"	"EpiMP09"	"ALL"	0.183361060291982
"CNP0000460"	5	1	2	3	0	-2.76432133179096	-5.01234829353667	0.952101797223245	9.29469396751074	14.1547101480311	0.280712665268496	"evaluated"	"r06_C16_vs_rest"	"usage_raw"	"EpiMP09"	"dataset"	0.357270664887176
"HRA003620"	5	1	1	4	0	-4.97353322767737	-9.15551440174896	-1.32587687799694	12.0441107545788	17.0873532699095	0.177529852412154	"evaluated"	"r06_C16_vs_rest"	"usage_raw"	"EpiMP09"	"dataset"	0.414236322295025
"PRJNA662018"	2	1	1	1	0	-6.70264995109833	-14.8416466076062	1.43634670540955	14.7520623128697	21.454712263968	NA	"fewer_than_3_pairs"	"r06_C16_vs_rest"	"usage_raw"	"EpiMP09"	"dataset"	NA
"Normal"	4	2	2	2	0	0.679124364509113	-2.23779096541705	2.6902402587647	11.6679534149936	11.8946284861551	1	"evaluated"	"r06_C16_vs_rest"	"usage_raw"	"EpiMP09"	"source"	1
"MIBC"	5	3	1	4	0	-9.15551440174896	-20.1840972885109	-5.01234829353667	11.4260033739883	22.7021036641257	0.105645429201877	"evaluated"	"r06_C16_vs_rest"	"usage_raw"	"EpiMP09"	"source"	0.414236322295025
"NMIBC"	3	3	1	2	0	-2.76432133179096	-7.60486750401799	3.40551101506323	10.7987725687571	12.6769031174633	0.789268026134281	"evaluated"	"r06_C16_vs_rest"	"usage_raw"	"EpiMP09"	"source"	0.920812697156662
"ALL"	12	3	10	2	0	6.59424983458829	1.51502501409744	23.865421324467	19.0669601524734	7.33764157782353	0.0376328835201408	"evaluated"	"r06_C16_vs_rest"	"usage_raw"	"EpiMP10"	"ALL"	0.152266932493571
"CNP0000460"	5	1	5	0	0	6.71519558499727	6.47330408417931	30.4460304126197	25.1351044312051	6.55083516659211	0.0590582290905367	"evaluated"	"r06_C16_vs_rest"	"usage_raw"	"EpiMP10"	"dataset"	0.206703801816879
"HRA003620"	5	1	3	2	0	1.71240763235297	-3.03120836178238	2.97687388348008	7.21746391660474	7.32678346558117	1	"evaluated"	"r06_C16_vs_rest"	"usage_raw"	"EpiMP10"	"dataset"	1
"PRJNA662018"	2	1	2	0	0	24.188537158808	23.865421324467	24.5116529931489	33.520340045316	9.331802886508	NA	"fewer_than_3_pairs"	"r06_C16_vs_rest"	"usage_raw"	"EpiMP10"	"dataset"	NA
"Normal"	4	2	3	1	0	1.3176423958419	-1.60131618438932	3.02661205341897	6.08482973072398	5.97717625753623	0.855132140584706	"evaluated"	"r06_C16_vs_rest"	"usage_raw"	"EpiMP10"	"source"	1
"MIBC"	5	3	4	1	0	23.5423054901261	6.47330408417931	30.4460304126197	28.8320748002626	7.67320065884652	0.105645429201877	"evaluated"	"r06_C16_vs_rest"	"usage_raw"	"EpiMP10"	"source"	0.414236322295025
"NMIBC"	3	3	3	0	0	6.71519558499727	4.84603473423867	15.7749822062436	20.101276301824	8.5923302031683	0.18144920772142	"evaluated"	"r06_C16_vs_rest"	"usage_raw"	"EpiMP10"	"source"	0.317536113512486
"ALL"	12	3	5	7	0	-1.93170361271258	-5.22804914058319	1.78724461999839	10.4030180738828	10.0070359987567	0.504903176723131	"evaluated"	"r06_C16_vs_rest"	"usage_raw"	"EpiMP11"	"ALL"	0.642604043102167
"CNP0000460"	5	1	3	2	0	0.731197825546609	-6.31406841619106	8.01714931478137	17.2338841315486	12.6623142837059	0.589638551626567	"evaluated"	"r06_C16_vs_rest"	"usage_raw"	"EpiMP11"	"dataset"	0.589638551626567
"HRA003620"	5	1	2	3	0	-2.25951815230659	-4.86604271538057	1.65736576604596	6.34340394026856	9.0156550025174	0.280712665268496	"evaluated"	"r06_C16_vs_rest"	"usage_raw"	"EpiMP11"	"dataset"	0.561425330536992
"PRJNA662018"	2	1	0	2	0	-2.37240451322768	-2.75666223328224	-1.98814679317313	3.47488826375423	5.84729277698192	NA	"fewer_than_3_pairs"	"r06_C16_vs_rest"	"usage_raw"	"EpiMP11"	"dataset"	NA
"Normal"	4	2	2	2	0	-0.301076193130315	-2.91114929307509	8.24767747686683	15.1893286160336	9.5517242391115	1	"evaluated"	"r06_C16_vs_rest"	"usage_raw"	"EpiMP11"	"source"	1
"MIBC"	5	3	3	2	0	0.731197825546609	-1.60388907311858	2.17688118185568	10.3028080658564	9.95754863489402	0.787406490666269	"evaluated"	"r06_C16_vs_rest"	"usage_raw"	"EpiMP11"	"source"	0.787406490666269
"NMIBC"	3	3	0	3	0	-6.31406841619106	-8.19200490382486	-4.72749418476393	4.18828736439254	10.6965972847214	0.18144920772142	"evaluated"	"r06_C16_vs_rest"	"usage_raw"	"EpiMP11"	"source"	0.317536113512486
"ALL"	12	3	4	8	0	-0.351126590596801	-1.83459548511176	0.232936573113605	2.35983597461098	3.36578284096719	0.12608955395259	"evaluated"	"r06_C16_vs_rest"	"usage_raw"	"EpiMP12"	"ALL"	0.220656719417033
"CNP0000460"	5	1	1	4	0	-1.72309542702176	-2.91227251108049	-1.64257317583111	3.77791743748892	5.82551991710781	0.105645429201877	"evaluated"	"r06_C16_vs_rest"	"usage_raw"	"EpiMP12"	"dataset"	0.246506001471046
"HRA003620"	5	1	2	3	0	-0.267842819871923	-0.434410361321678	0.21698644883168	1.35042055777508	1.76753152129844	0.589638551626567	"evaluated"	"r06_C16_vs_rest"	"usage_raw"	"EpiMP12"	"dataset"	0.917215524752437
"PRJNA662018"	2	1	1	1	0	0.126102409718369	0.0487601415978634	0.203444677838874	1.33817085950586	1.21206844978749	NA	"fewer_than_3_pairs"	"r06_C16_vs_rest"	"usage_raw"	"EpiMP12"	"dataset"	NA
"Normal"	4	2	1	3	0	-0.351126590596801	-1.62457928957373	-0.146635502696022	2.95357732293173	4.37366552460468	0.201242620957724	"evaluated"	"r06_C16_vs_rest"	"usage_raw"	"EpiMP12"	"source"	0.402485241915448
"MIBC"	5	3	2	3	0	-1.64257317583111	-1.72309542702176	0.28078694595938	1.56343020918823	2.64909952795765	0.280712665268496	"evaluated"	"r06_C16_vs_rest"	"usage_raw"	"EpiMP12"	"source"	0.491247164219868
"NMIBC"	3	3	1	2	0	-0.028582126522642	-1.09883889295219	0.603216331823063	2.89552378588789	3.21641145113309	0.789268026134281	"evaluated"	"r06_C16_vs_rest"	"usage_raw"	"EpiMP12"	"source"	0.920812697156662
"ALL"	12	3	1	11	0	-6.76656631756978	-10.1967139855663	-4.07819670858629	5.05091720261794	11.8083668788774	0.0085899572511856	"evaluated"	"r06_C16_vs_rest"	"usage_raw"	"EpiMP13"	"ALL"	0.0601297007582992
"CNP0000460"	5	1	0	5	0	-8.71504658242707	-12.0492225837032	-7.99685120845732	4.13264756481049	12.9782589596432	0.0590582290905367	"evaluated"	"r06_C16_vs_rest"	"usage_raw"	"EpiMP13"	"dataset"	0.206703801816879
"HRA003620"	5	1	0	5	0	-5.10652431672507	-9.57921111952069	-4.24467137562562	4.28656822832671	11.6399038181986	0.0590582290905367	"evaluated"	"r06_C16_vs_rest"	"usage_raw"	"EpiMP13"	"dataset"	0.206703801816879
"PRJNA662018"	2	1	1	1	0	-0.0473305957951609	-2.7918060112387	2.69714481964838	9.25746373286465	9.30479432865981	NA	"fewer_than_3_pairs"	"r06_C16_vs_rest"	"usage_raw"	"EpiMP13"	"dataset"	NA
"Normal"	4	2	0	4	0	-6.55168776259119	-8.39244118622316	-4.89106108145021	6.54381171576498	13.2756262208472	0.100348246462291	"evaluated"	"r06_C16_vs_rest"	"usage_raw"	"EpiMP13"	"source"	0.402485241915448
"MIBC"	5	3	1	4	0	-8.71504658242707	-12.0492225837032	-3.5787727074683	4.41246079960457	10.7912723398405	0.177529852412154	"evaluated"	"r06_C16_vs_rest"	"usage_raw"	"EpiMP13"	"source"	0.414236322295025
"NMIBC"	3	3	0	3	0	-5.53628142668224	-9.896889928351	-4.00529098179261	4.12448519011084	11.5471786546458	0.18144920772142	"evaluated"	"r06_C16_vs_rest"	"usage_raw"	"EpiMP13"	"source"	0.317536113512486
"ALL"	12	3	6	6	0	-0.0966164601173964	-1.41771437039777	4.33088485298901	9.78987771669184	7.83014213153064	0.84451926747294	"evaluated"	"r06_C16_vs_rest"	"usage_raw"	"EpiMP14"	"ALL"	0.84451926747294
"CNP0000460"	5	1	3	2	0	0.521612527606582	-0.567856235989669	3.35361118646516	11.3557142859873	6.87542343751778	0.589638551626567	"evaluated"	"r06_C16_vs_rest"	"usage_raw"	"EpiMP14"	"dataset"	0.589638551626567
"HRA003620"	5	1	2	3	0	-0.575811070367173	-4.47379395095115	0.374623315754876	5.57394591055608	6.69015775828481	0.589638551626567	"evaluated"	"r06_C16_vs_rest"	"usage_raw"	"EpiMP14"	"dataset"	0.917215524752437
"PRJNA662018"	2	1	1	1	0	3.34821600911527	0.401615364472386	6.29481665375815	16.4151158087926	13.0668997996774	NA	"fewer_than_3_pairs"	"r06_C16_vs_rest"	"usage_raw"	"EpiMP14"	"dataset"	NA
"Normal"	4	2	1	3	0	-2.52082509347041	-5.39754130962355	-0.332236348053533	3.35646290856628	6.56541547277295	0.201242620957724	"evaluated"	"r06_C16_vs_rest"	"usage_raw"	"EpiMP14"	"source"	0.402485241915448
"MIBC"	5	3	2	3	0	-0.575811070367173	-1.04195740047353	0.521612527606582	9.30986725693296	9.36737326432086	0.787406490666269	"evaluated"	"r06_C16_vs_rest"	"usage_raw"	"EpiMP14"	"source"	0.787406490666269
"NMIBC"	3	3	3	0	0	9.24141729840103	8.25206157548081	14.68873073157	19.1677815604574	6.95439245522386	0.18144920772142	"evaluated"	"r06_C16_vs_rest"	"usage_raw"	"EpiMP14"	"source"	0.317536113512486
"ALL"	12	3	12	0	0	0.102841321142856	0.0575697429508857	0.150723281399555	0.687716088775956	0.573987963517988	0.00252617426850217	"evaluated"	"r06_C16_vs_rest"	"UCell_raw"	"EpiMP01"	"ALL"	0.00456920366233833
"CNP0000460"	5	1	5	0	0	0.118682093095267	0.116869878413186	0.149923768559108	0.651531878370264	0.506301570583152	0.0590582290905367	"evaluated"	"r06_C16_vs_rest"	"UCell_raw"	"EpiMP01"	"dataset"	0.0689012672722929
"HRA003620"	5	1	5	0	0	0.0824030240275148	0.0569780606144046	0.153121819920897	0.699258522940963	0.589814488607861	0.0590582290905367	"evaluated"	"r06_C16_vs_rest"	"UCell_raw"	"EpiMP01"	"dataset"	0.0826815207267514
"PRJNA662018"	2	1	2	0	0	0.0456828962472776	0.0396408591727267	0.0517249333218285	0.749320529377671	0.703637633130394	NA	"fewer_than_3_pairs"	"r06_C16_vs_rest"	"UCell_raw"	"EpiMP01"	"dataset"	NA
"Normal"	4	2	4	0	0	0.0728954122434654	0.0506898135553477	0.104890027884619	0.695583875691586	0.612899446495085	0.100348246462291	"evaluated"	"r06_C16_vs_rest"	"UCell_raw"	"EpiMP01"	"source"	0.140487545047207
"MIBC"	5	3	5	0	0	0.116869878413186	0.0824030240275148	0.118682093095267	0.676404329488413	0.576108812249763	0.0590582290905367	"evaluated"	"r06_C16_vs_rest"	"UCell_raw"	"EpiMP01"	"source"	0.0826815207267514
"NMIBC"	3	3	3	0	0	0.222892194724514	0.140329582560447	0.237377614859994	0.696078638367688	0.518571238328899	0.18144920772142	"evaluated"	"r06_C16_vs_rest"	"UCell_raw"	"EpiMP01"	"source"	0.230935355281808
"ALL"	12	3	10	2	0	0.0387679831945165	0.0250443109227286	0.0518334430803407	0.193630014876521	0.161265800029499	0.0309840500984566	"evaluated"	"r06_C16_vs_rest"	"UCell_raw"	"EpiMP02"	"ALL"	0.0361480584481994
"CNP0000460"	5	1	5	0	0	0.046196534880239	0.0366445557668521	0.0517335984410805	0.182030931641251	0.135036708342364	0.0590582290905367	"evaluated"	"r06_C16_vs_rest"	"UCell_raw"	"EpiMP02"	"dataset"	0.0689012672722929
"HRA003620"	5	1	5	0	0	0.040891410622181	0.0288112813304194	0.0521329769981211	0.199461818284553	0.153637379731005	0.0590582290905367	"evaluated"	"r06_C16_vs_rest"	"UCell_raw"	"EpiMP02"	"dataset"	0.0826815207267514
"PRJNA662018"	2	1	0	2	0	-0.0378613655489606	-0.0423351537633702	-0.0333875773345509	0.208048214444613	0.245909579993573	NA	"fewer_than_3_pairs"	"r06_C16_vs_rest"	"UCell_raw"	"EpiMP02"	"dataset"	NA
"Normal"	4	2	4	0	0	0.0387679831945165	0.0346862371577439	0.043701802216166	0.190683616045067	0.151063559865673	0.100348246462291	"evaluated"	"r06_C16_vs_rest"	"UCell_raw"	"EpiMP02"	"source"	0.140487545047207
"MIBC"	5	3	4	1	0	0.0346366180091777	0.013743399699656	0.046196534880239	0.194605630976809	0.171126358594806	0.177529852412154	"evaluated"	"r06_C16_vs_rest"	"UCell_raw"	"EpiMP02"	"source"	0.191185994905396
"NMIBC"	3	3	2	1	0	0.0657598093970888	0.00947543370965447	0.0796514667572255	0.195932519817978	0.158434522639088	0.422678074170636	"evaluated"	"r06_C16_vs_rest"	"UCell_raw"	"EpiMP02"	"source"	0.493124419865741
"ALL"	12	3	12	0	0	0.139218725469114	0.0914890777226421	0.180975742329513	0.462893902449911	0.327313458747555	0.00252617426850217	"evaluated"	"r06_C16_vs_rest"	"UCell_raw"	"EpiMP03"	"ALL"	0.00456920366233833
"CNP0000460"	5	1	5	0	0	0.172974349139216	0.14939963669498	0.17912454391678	0.452099852770033	0.286120350086358	0.0590582290905367	"evaluated"	"r06_C16_vs_rest"	"UCell_raw"	"EpiMP03"	"dataset"	0.0689012672722929
"HRA003620"	5	1	5	0	0	0.102339294797269	0.0947520098895645	0.18652933756771	0.442402236509199	0.306878336355835	0.0590582290905367	"evaluated"	"r06_C16_vs_rest"	"UCell_raw"	"EpiMP03"	"dataset"	0.0826815207267514
"PRJNA662018"	2	1	2	0	0	0.0597241551215406	0.0518969062068942	0.067551404036187	0.541108191501387	0.481384036379846	NA	"fewer_than_3_pairs"	"r06_C16_vs_rest"	"UCell_raw"	"EpiMP03"	"dataset"	NA
"Normal"	4	2	4	0	0	0.140640673728637	0.0914890777226421	0.18973729553182	0.414694247526589	0.274108548000764	0.100348246462291	"evaluated"	"r06_C16_vs_rest"	"UCell_raw"	"EpiMP03"	"source"	0.140487545047207
"MIBC"	5	3	5	0	0	0.129037814243249	0.102339294797269	0.172974349139216	0.48207563372359	0.35030470271412	0.0590582290905367	"evaluated"	"r06_C16_vs_rest"	"UCell_raw"	"EpiMP03"	"source"	0.0826815207267514
"NMIBC"	3	3	3	0	0	0.14939963669498	0.0967346469936139	0.18084910699269	0.495190556891542	0.359934599798999	0.18144920772142	"evaluated"	"r06_C16_vs_rest"	"UCell_raw"	"EpiMP03"	"source"	0.230935355281808
"ALL"	12	3	12	0	0	0.155214327825814	0.116171724276727	0.209738603679028	0.53657068369736	0.368548344526501	0.00252617426850217	"evaluated"	"r06_C16_vs_rest"	"UCell_raw"	"EpiMP04"	"ALL"	0.00456920366233833
"CNP0000460"	5	1	5	0	0	0.20299737853338	0.173781950673186	0.208620562304551	0.507942124701741	0.320914259843337	0.0590582290905367	"evaluated"	"r06_C16_vs_rest"	"UCell_raw"	"EpiMP04"	"dataset"	0.0689012672722929
"HRA003620"	5	1	5	0	0	0.12089839235201	0.11728014033048	0.262462598651875	0.544154579799695	0.367228108497684	0.0590582290905367	"evaluated"	"r06_C16_vs_rest"	"UCell_raw"	"EpiMP04"	"dataset"	0.0826815207267514
"PRJNA662018"	2	1	2	0	0	0.0982481946241195	0.0909490538784451	0.105547335369794	0.589182340930572	0.490934146306452	NA	"fewer_than_3_pairs"	"r06_C16_vs_rest"	"UCell_raw"	"EpiMP04"	"dataset"	NA
"Normal"	4	2	4	0	0	0.16475947732828	0.119993829346627	0.222081071391382	0.511239639386813	0.333924215977084	0.100348246462291	"evaluated"	"r06_C16_vs_rest"	"UCell_raw"	"EpiMP04"	"source"	0.140487545047207
"MIBC"	5	3	5	0	0	0.136646704978442	0.109450552245313	0.173781950673186	0.53702565283066	0.393701283064225	0.0590582290905367	"evaluated"	"r06_C16_vs_rest"	"UCell_raw"	"EpiMP04"	"source"	0.0826815207267514
"NMIBC"	3	3	3	0	0	0.20299737853338	0.157921927324424	0.23876902573188	0.569587127555925	0.372792285029515	0.18144920772142	"evaluated"	"r06_C16_vs_rest"	"UCell_raw"	"EpiMP04"	"source"	0.230935355281808
"ALL"	12	3	12	0	0	0.102581974267108	0.0770228159558753	0.131008007191822	0.589537460779301	0.481967410684356	0.00252617426850217	"evaluated"	"r06_C16_vs_rest"	"UCell_raw"	"EpiMP05"	"ALL"	0.00456920366233833
"CNP0000460"	5	1	5	0	0	0.10232235574247	0.0824536396777383	0.106426550064798	0.534414859766807	0.432822905308053	0.0590582290905367	"evaluated"	"r06_C16_vs_rest"	"UCell_raw"	"EpiMP05"	"dataset"	0.0689012672722929
"HRA003620"	5	1	5	0	0	0.12936965253675	0.102841592791745	0.135923071157038	0.667423194892982	0.520265754077619	0.0590582290905367	"evaluated"	"r06_C16_vs_rest"	"UCell_raw"	"EpiMP05"	"dataset"	0.0826815207267514
"PRJNA662018"	2	1	2	0	0	0.0235468123843706	0.0203467552771676	0.0267468694915737	0.53262962802633	0.509082815641959	NA	"fewer_than_3_pairs"	"r06_C16_vs_rest"	"UCell_raw"	"EpiMP05"	"dataset"	NA
"Normal"	4	2	4	0	0	0.115626201251696	0.0915946486725538	0.131008007191822	0.655556737241164	0.548580282628485	0.100348246462291	"evaluated"	"r06_C16_vs_rest"	"UCell_raw"	"EpiMP05"	"source"	0.140487545047207
"MIBC"	5	3	5	0	0	0.10232235574247	0.0824536396777383	0.102841592791745	0.552056622816306	0.4672584098412	0.0590582290905367	"evaluated"	"r06_C16_vs_rest"	"UCell_raw"	"EpiMP05"	"source"	0.0826815207267514
"NMIBC"	3	3	3	0	0	0.156026882018481	0.0865867900942227	0.210898509821562	0.563979822101808	0.417665249497445	0.18144920772142	"evaluated"	"r06_C16_vs_rest"	"UCell_raw"	"EpiMP05"	"source"	0.230935355281808
"ALL"	12	3	9	3	0	0.0145353548174084	-0.00169573169379004	0.0334029828642093	0.22977594742514	0.210053993174387	0.0652572567829591	"evaluated"	"r06_C16_vs_rest"	"UCell_raw"	"EpiMP06"	"ALL"	0.0702770457662636
"CNP0000460"	5	1	5	0	0	0.0315137068883908	0.01610326211959	0.0334482833678969	0.22800185611447	0.188639686623792	0.0590582290905367	"evaluated"	"r06_C16_vs_rest"	"UCell_raw"	"EpiMP06"	"dataset"	0.0689012672722929
"HRA003620"	5	1	3	2	0	0.00142660772475459	-0.0110627499494239	0.0333878826963134	0.204694457373117	0.196585880206317	0.589638551626567	"evaluated"	"r06_C16_vs_rest"	"UCell_raw"	"EpiMP06"	"dataset"	0.589638551626567
"PRJNA662018"	2	1	1	1	0	-0.000345141139180494	-0.00700143546638415	0.00631115318802317	0.296914900831872	0.297260041971053	NA	"fewer_than_3_pairs"	"r06_C16_vs_rest"	"UCell_raw"	"EpiMP06"	"dataset"	NA
"Normal"	4	2	2	2	0	-9.00982616079543e-05	-0.0143081864062111	0.0183708253543887	0.209232855681806	0.20508011847202	1	"evaluated"	"r06_C16_vs_rest"	"UCell_raw"	"EpiMP06"	"source"	1
"MIBC"	5	3	5	0	0	0.0315137068883908	0.01610326211959	0.0333878826963134	0.241344470950646	0.215860354433162	0.0590582290905367	"evaluated"	"r06_C16_vs_rest"	"UCell_raw"	"EpiMP06"	"source"	0.0826815207267514
"NMIBC"	3	3	2	1	0	0.00142660772475459	-0.00611556103441661	0.0531448246880294	0.237885863873743	0.207008557346252	0.789268026134281	"evaluated"	"r06_C16_vs_rest"	"UCell_raw"	"EpiMP06"	"source"	0.789268026134281
"ALL"	12	3	12	0	0	0.0870916453155239	0.056210773545901	0.0974542232338392	0.35835278819412	0.276246111058116	0.00252617426850217	"evaluated"	"r06_C16_vs_rest"	"UCell_raw"	"EpiMP07"	"ALL"	0.00456920366233833
"CNP0000460"	5	1	5	0	0	0.0974324873869086	0.0966781269222552	0.0975194307746309	0.393732209667998	0.294489130257158	0.0590582290905367	"evaluated"	"r06_C16_vs_rest"	"UCell_raw"	"EpiMP07"	"dataset"	0.0689012672722929
"HRA003620"	5	1	5	0	0	0.0533228194048378	0.0448679758271564	0.0820368407297345	0.316903093596003	0.257647777056973	0.0590582290905367	"evaluated"	"r06_C16_vs_rest"	"UCell_raw"	"EpiMP07"	"dataset"	0.0826815207267514
"PRJNA662018"	2	1	2	0	0	0.0963940729413467	0.0767837489338011	0.116004396948892	0.373528471004716	0.277134398063369	NA	"fewer_than_3_pairs"	"r06_C16_vs_rest"	"UCell_raw"	"EpiMP07"	"dataset"	NA
"Normal"	4	2	4	0	0	0.0676798300672861	0.045967738761656	0.0975186375387971	0.341357414530319	0.265550868297152	0.100348246462291	"evaluated"	"r06_C16_vs_rest"	"UCell_raw"	"EpiMP07"	"source"	0.140487545047207
"MIBC"	5	3	5	0	0	0.0974324873869086	0.0966781269222552	0.0975194307746309	0.378355215453508	0.28393266708003	0.0590582290905367	"evaluated"	"r06_C16_vs_rest"	"UCell_raw"	"EpiMP07"	"source"	0.0826815207267514
"NMIBC"	3	3	3	0	0	0.0606213240044196	0.0588973744653375	0.0763838869528664	0.347675907646874	0.277695508036211	0.18144920772142	"evaluated"	"r06_C16_vs_rest"	"UCell_raw"	"EpiMP07"	"source"	0.230935355281808
"ALL"	12	3	11	1	0	0.0542530900007016	0.0147995733660248	0.101628123381405	0.289647169600624	0.230105342014046	0.00326371690167023	"evaluated"	"r06_C16_vs_rest"	"UCell_raw"	"EpiMP08"	"ALL"	0.00456920366233833
"CNP0000460"	5	1	4	1	0	0.0148701375177784	0.0145878809107637	0.0287220561307847	0.296916028576143	0.263290323290379	0.105645429201877	"evaluated"	"r06_C16_vs_rest"	"UCell_raw"	"EpiMP08"	"dataset"	0.113772000678944
"HRA003620"	5	1	5	0	0	0.0614845768203429	0.0470216031810602	0.0999842631393405	0.287470022391291	0.217170389522327	0.0590582290905367	"evaluated"	"r06_C16_vs_rest"	"UCell_raw"	"EpiMP08"	"dataset"	0.0826815207267514
"PRJNA662018"	2	1	2	0	0	0.097437620132645	0.0928765781451683	0.101998662120122	0.276917890185157	0.179480270052512	NA	"fewer_than_3_pairs"	"r06_C16_vs_rest"	"UCell_raw"	"EpiMP08"	"dataset"	NA
"Normal"	4	2	4	0	0	0.030804742045912	0.0129898779639402	0.0602622681706303	0.278701757111407	0.236254353022749	0.100348246462291	"evaluated"	"r06_C16_vs_rest"	"UCell_raw"	"EpiMP08"	"source"	0.140487545047207
"MIBC"	5	3	4	1	0	0.0287220561307847	0.0148701375177784	0.106559704107598	0.306910973362182	0.250746265665019	0.105645429201877	"evaluated"	"r06_C16_vs_rest"	"UCell_raw"	"EpiMP08"	"source"	0.134457818984207
"NMIBC"	3	3	3	0	0	0.0883155361576916	0.0749000564890173	0.101202099689071	0.275468046650315	0.18750512125082	0.18144920772142	"evaluated"	"r06_C16_vs_rest"	"UCell_raw"	"EpiMP08"	"source"	0.230935355281808
"ALL"	12	3	11	1	0	0.0446314632330047	0.0368185953646711	0.0587506054881288	0.266567789912223	0.225993188846116	0.00419259258389319	"evaluated"	"r06_C16_vs_rest"	"UCell_raw"	"EpiMP09"	"ALL"	0.00533602692495497
"CNP0000460"	5	1	5	0	0	0.0495319046553825	0.0441156200593626	0.0586035500102697	0.252134489238418	0.207497789571142	0.0590582290905367	"evaluated"	"r06_C16_vs_rest"	"UCell_raw"	"EpiMP09"	"dataset"	0.0689012672722929
"HRA003620"	5	1	5	0	0	0.0451473064066467	0.0436999212170813	0.0591917719217064	0.287323500303577	0.240616571061988	0.0590582290905367	"evaluated"	"r06_C16_vs_rest"	"UCell_raw"	"EpiMP09"	"dataset"	0.0826815207267514
"PRJNA662018"	2	1	1	1	0	0.0150885341244797	0.00229809687652861	0.0278789713724307	0.250761765618349	0.235673231493869	NA	"fewer_than_3_pairs"	"r06_C16_vs_rest"	"UCell_raw"	"EpiMP09"	"dataset"	NA
"Normal"	4	2	4	0	0	0.0518754282084582	0.0447854601092554	0.0587506054881288	0.266460397176639	0.214799759787713	0.100348246462291	"evaluated"	"r06_C16_vs_rest"	"UCell_raw"	"EpiMP09"	"source"	0.140487545047207
"MIBC"	5	3	4	1	0	0.0252661555975392	0.00402107194447288	0.0441156200593626	0.27908765544458	0.256599173067513	0.177529852412154	"evaluated"	"r06_C16_vs_rest"	"UCell_raw"	"EpiMP09"	"source"	0.191185994905396
"NMIBC"	3	3	3	0	0	0.0602294910649709	0.0504494498426763	0.0635704213659303	0.245844537672406	0.189907787221659	0.18144920772142	"evaluated"	"r06_C16_vs_rest"	"UCell_raw"	"EpiMP09"	"source"	0.230935355281808
"ALL"	12	3	11	1	0	0.0757086705864892	0.0635088264878456	0.128180237763762	0.295095185355128	0.20788851191776	0.00326371690167023	"evaluated"	"r06_C16_vs_rest"	"UCell_raw"	"EpiMP10"	"ALL"	0.00456920366233833
"CNP0000460"	5	1	5	0	0	0.076051783396595	0.0756639064869398	0.12194772770735	0.313184913943368	0.20851643681201	0.0590582290905367	"evaluated"	"r06_C16_vs_rest"	"UCell_raw"	"EpiMP10"	"dataset"	0.0689012672722929
"HRA003620"	5	1	4	1	0	0.0550835988593667	0.0271493121154874	0.0663172356973386	0.248714650100682	0.203874563225518	0.105645429201877	"evaluated"	"r06_C16_vs_rest"	"UCell_raw"	"EpiMP10"	"dataset"	0.123253000735523
"PRJNA662018"	2	1	2	0	0	0.149468630607898	0.148173199270447	0.150764061945348	0.365822202020639	0.216353571412741	NA	"fewer_than_3_pairs"	"r06_C16_vs_rest"	"UCell_raw"	"EpiMP10"	"dataset"	NA
"Normal"	4	2	3	1	0	0.0607004172783527	0.0412869123989225	0.0687508726221527	0.242796399375304	0.193459031632582	0.201242620957724	"evaluated"	"r06_C16_vs_rest"	"UCell_raw"	"EpiMP10"	"source"	0.234783057784011
"MIBC"	5	3	5	0	0	0.12194772770735	0.0752852123458008	0.152059493282799	0.319079078195486	0.208911977961178	0.0590582290905367	"evaluated"	"r06_C16_vs_rest"	"UCell_raw"	"EpiMP10"	"source"	0.0826815207267514
"NMIBC"	3	3	3	0	0	0.0757534346860386	0.0757086705864892	0.111315601309518	0.32485374526096	0.225422042225635	0.18144920772142	"evaluated"	"r06_C16_vs_rest"	"UCell_raw"	"EpiMP10"	"source"	0.230935355281808
"ALL"	12	3	12	0	0	0.0587523173417935	0.0354913687305162	0.0784468021900329	0.241470446546198	0.176126199081729	0.00252617426850217	"evaluated"	"r06_C16_vs_rest"	"UCell_raw"	"EpiMP11"	"ALL"	0.00456920366233833
"CNP0000460"	5	1	5	0	0	0.0745073316881585	0.0631665489398806	0.0873568962990427	0.236834718107672	0.151173865195427	0.0590582290905367	"evaluated"	"r06_C16_vs_rest"	"UCell_raw"	"EpiMP11"	"dataset"	0.0689012672722929
"HRA003620"	5	1	5	0	0	0.0498469578065203	0.0356475032953696	0.0754767708203629	0.242090290680082	0.181390396403309	0.0590582290905367	"evaluated"	"r06_C16_vs_rest"	"UCell_raw"	"EpiMP11"	"dataset"	0.0826815207267514
"PRJNA662018"	2	1	2	0	0	0.026163616814273	0.0257902098577178	0.0265370237708283	0.251510157307802	0.225346540493529	NA	"fewer_than_3_pairs"	"r06_C16_vs_rest"	"UCell_raw"	"EpiMP11"	"dataset"	NA
"Normal"	4	2	4	0	0	0.0715763888605107	0.0354913687305162	0.117862806291847	0.241910874718809	0.160133088556956	0.100348246462291	"evaluated"	"r06_C16_vs_rest"	"UCell_raw"	"EpiMP11"	"source"	0.140487545047207
"MIBC"	5	3	5	0	0	0.0631665489398806	0.0498469578065203	0.0745073316881585	0.238916778310716	0.178857870783763	0.0590582290905367	"evaluated"	"r06_C16_vs_rest"	"UCell_raw"	"EpiMP11"	"source"	0.0826815207267514
"NMIBC"	3	3	3	0	0	0.0543380857437064	0.040624258235545	0.0649074282820347	0.245139322708519	0.192897560278034	0.18144920772142	"evaluated"	"r06_C16_vs_rest"	"UCell_raw"	"EpiMP11"	"source"	0.230935355281808
"ALL"	12	3	12	0	0	0.043938830704372	0.0367245609918436	0.0760810006144394	0.412483540730958	0.350289822102796	0.00252617426850217	"evaluated"	"r06_C16_vs_rest"	"UCell_raw"	"EpiMP12"	"ALL"	0.00456920366233833
"CNP0000460"	5	1	5	0	0	0.0440846132823516	0.0371795463903704	0.0740675330297127	0.409654379994307	0.33977407613302	0.0590582290905367	"evaluated"	"r06_C16_vs_rest"	"UCell_raw"	"EpiMP12"	"dataset"	0.0689012672722929
"HRA003620"	5	1	5	0	0	0.0635926585283154	0.0423896584512152	0.0821214033686194	0.406408560949051	0.341349621788777	0.0590582290905367	"evaluated"	"r06_C16_vs_rest"	"UCell_raw"	"EpiMP12"	"dataset"	0.0826815207267514
"PRJNA662018"	2	1	2	0	0	0.0358142042150622	0.0318247822593971	0.0398036261707272	0.434743892027349	0.398929687812287	NA	"fewer_than_3_pairs"	"r06_C16_vs_rest"	"UCell_raw"	"EpiMP12"	"dataset"	NA
"Normal"	4	2	4	0	0	0.0397846024207928	0.035425168235808	0.0523225946805663	0.422641122238075	0.374677961742494	0.100348246462291	"evaluated"	"r06_C16_vs_rest"	"UCell_raw"	"EpiMP12"	"source"	0.140487545047207
"MIBC"	5	3	5	0	0	0.0440846132823516	0.0353596047962634	0.0635926585283154	0.409616822109106	0.360628868121031	0.0590582290905367	"evaluated"	"r06_C16_vs_rest"	"UCell_raw"	"EpiMP12"	"source"	0.0826815207267514
"NMIBC"	3	3	3	0	0	0.1070289416811	0.0754109949037461	0.13286958174442	0.40371796309122	0.300540559219476	0.18144920772142	"evaluated"	"r06_C16_vs_rest"	"UCell_raw"	"EpiMP12"	"source"	0.230935355281808
"ALL"	12	3	7	5	0	0.00115720664915116	-0.00517207121886872	0.0131320854442608	0.100435458782393	0.095780867334689	0.326799567668966	"evaluated"	"r06_C16_vs_rest"	"UCell_raw"	"EpiMP13"	"ALL"	0.326799567668966
"CNP0000460"	5	1	2	3	0	-0.00049995571370863	-0.0070049755779746	0.000366342692994223	0.104259447094492	0.103207647624389	0.787406490666269	"evaluated"	"r06_C16_vs_rest"	"UCell_raw"	"EpiMP13"	"dataset"	0.787406490666269
"HRA003620"	5	1	3	2	0	0.00702339016194969	-0.00510831707957589	0.0129682105201683	0.0929976667102473	0.0883689346737807	0.280712665268496	"evaluated"	"r06_C16_vs_rest"	"UCell_raw"	"EpiMP13"	"dataset"	0.302305947212226
"PRJNA662018"	2	1	2	0	0	0.0137262199197962	0.00783714526255214	0.0196152945770402	0.109469968182507	0.0957437482627107	NA	"fewer_than_3_pairs"	"r06_C16_vs_rest"	"UCell_raw"	"EpiMP13"	"dataset"	NA
"Normal"	4	2	2	2	0	0.00326171722412053	-0.00165204605517545	0.00850959525150434	0.100591861006558	0.0969960290343493	0.583882420770365	"evaluated"	"r06_C16_vs_rest"	"UCell_raw"	"EpiMP13"	"source"	0.628796453137316
"MIBC"	5	3	3	2	0	0.000366342692994223	-0.0070049755779746	0.0136237102165383	0.10018745465468	0.0963165093071268	0.589638551626567	"evaluated"	"r06_C16_vs_rest"	"UCell_raw"	"EpiMP13"	"source"	0.589638551626567
"NMIBC"	3	3	2	1	0	0.00194807060530809	-0.00170763151571955	0.013740188191296	0.100640262696361	0.0932679151144124	0.789268026134281	"evaluated"	"r06_C16_vs_rest"	"UCell_raw"	"EpiMP13"	"source"	0.789268026134281
"ALL"	12	3	11	1	0	0.065523661290908	0.0360399304235016	0.0785902017160308	0.415657773256401	0.346103314078327	0.00326371690167023	"evaluated"	"r06_C16_vs_rest"	"UCell_raw"	"EpiMP14"	"ALL"	0.00456920366233833
"CNP0000460"	5	1	5	0	0	0.0674556430890173	0.0635916794927988	0.0774343783001332	0.39998636500857	0.309758245578622	0.0590582290905367	"evaluated"	"r06_C16_vs_rest"	"UCell_raw"	"EpiMP14"	"dataset"	0.0689012672722929
"HRA003620"	5	1	4	1	0	0.0411989808894054	0.0205627790257902	0.0820576719637236	0.410231326517902	0.35079194610299	0.105645429201877	"evaluated"	"r06_C16_vs_rest"	"UCell_raw"	"EpiMP14"	"dataset"	0.123253000735523
"PRJNA662018"	2	1	2	0	0	0.0431580054562988	0.0307914024205114	0.0555246084920861	0.468402410722231	0.425244405265932	NA	"fewer_than_3_pairs"	"r06_C16_vs_rest"	"UCell_raw"	"EpiMP14"	"dataset"	NA
"Normal"	4	2	3	1	0	0.0376452598506762	0.015029995196202	0.0615602234976026	0.411340184669716	0.372395225826588	0.201242620957724	"evaluated"	"r06_C16_vs_rest"	"UCell_raw"	"EpiMP14"	"source"	0.234783057784011
"MIBC"	5	3	5	0	0	0.0635916794927988	0.0411989808894054	0.0674556430890173	0.397805366564803	0.344184270333588	0.0590582290905367	"evaluated"	"r06_C16_vs_rest"	"UCell_raw"	"EpiMP14"	"source"	0.0826815207267514
"NMIBC"	3	3	3	0	0	0.154945826488201	0.111418519008037	0.171438491040213	0.451168569191312	0.314245837988546	0.18144920772142	"evaluated"	"r06_C16_vs_rest"	"UCell_raw"	"EpiMP14"	"source"	0.230935355281808
"ALL"	15	4	0	15	0	-49.8825142738916	-69.5721730065009	-38.7152112785441	24.8103450758825	78.4967447358702	0.000726513880057952	"evaluated"	"r04_C8_vs_C6"	"usage_raw"	"EpiMP01"	"ALL"	0.00305655874983804
"CNP0000460"	4	1	0	4	0	-66.880822110168	-75.6795046974103	-59.5509922370778	31.278439648018	99.6281144723381	0.100348246462291	"evaluated"	"r04_C8_vs_C6"	"usage_raw"	"EpiMP01"	"dataset"	0.234145908412012
"HRA003620"	5	1	0	5	0	-68.9743227203323	-70.1700232926696	-59.9475006787336	30.739349222587	94.8737381028626	0.0590582290905367	"evaluated"	"r04_C8_vs_C6"	"usage_raw"	"EpiMP01"	"dataset"	0.165363041453503
"InhouseData"	1	1	0	1	0	-39.4097641171142	-39.4097641171142	-39.4097641171142	17.1787463422349	56.5885104593491	NA	"fewer_than_3_pairs"	"r04_C8_vs_C6"	"usage_raw"	"EpiMP01"	"dataset"	NA
"PRJNA662018"	5	1	0	5	0	-34.9233769710572	-43.9729350126791	-33.502771082965	15.2331850181992	49.5963024350078	0.0590582290905367	"evaluated"	"r04_C8_vs_C6"	"usage_raw"	"EpiMP01"	"dataset"	0.137802534544586
"MIBC"	7	4	0	7	0	-49.8825142738916	-61.36065945177	-41.6913495648966	15.9319258869025	67.1410153312628	0.0224942712224497	"evaluated"	"r04_C8_vs_C6"	"usage_raw"	"EpiMP01"	"source"	0.0449885424448993
"NMIBC"	6	3	0	6	0	-58.1711572790736	-70.7833753198144	-40.0585666463499	35.0192951931919	89.7442206179531	0.0360316862182336	"evaluated"	"r04_C8_vs_C6"	"usage_raw"	"EpiMP01"	"source"	0.126110901763817
"Normal"	2	2	0	2	0	-59.2414081203628	-71.4004236950156	-47.08239254571	25.2579618853848	84.4993700057476	NA	"fewer_than_3_pairs"	"r04_C8_vs_C6"	"usage_raw"	"EpiMP01"	"source"	NA
"ALL"	15	4	3	12	0	-17.1268944909419	-25.8679420454402	-3.44003516857336	5.53469416492333	23.9389829009481	0.00412805010171735	"evaluated"	"r04_C8_vs_C6"	"usage_raw"	"EpiMP02"	"ALL"	0.00642141126933809
"CNP0000460"	4	1	1	3	0	-16.010748574715	-32.7516072372325	-2.09583288592357	6.55112586224128	25.3878174106824	0.361310428526179	"evaluated"	"r04_C8_vs_C6"	"usage_raw"	"EpiMP02"	"dataset"	0.459849636306046
"HRA003620"	5	1	2	3	0	-0.472077441083611	-6.73193528546825	0.07558494070001	3.22388940019148	9.7176376133158	0.280712665268496	"evaluated"	"r04_C8_vs_C6"	"usage_raw"	"EpiMP02"	"dataset"	0.357270664887176
"InhouseData"	1	1	0	1	0	-47.87752692544	-47.87752692544	-47.87752692544	12.5401577113223	60.4176846367623	NA	"fewer_than_3_pairs"	"r04_C8_vs_C6"	"usage_raw"	"EpiMP02"	"dataset"	NA
"PRJNA662018"	5	1	0	5	0	-21.7938754775355	-26.1223798375136	-17.1268944909419	5.63126086252102	29.7055202336302	0.0590582290905367	"evaluated"	"r04_C8_vs_C6"	"usage_raw"	"EpiMP02"	"dataset"	0.137802534544586
"MIBC"	7	4	0	7	0	-25.4531285142103	-36.7455155894034	-19.4603849842387	6.2506975984856	34.6453806178845	0.0224942712224497	"evaluated"	"r04_C8_vs_C6"	"usage_raw"	"EpiMP02"	"source"	0.0449885424448993
"NMIBC"	6	3	2	4	0	-3.44003516857336	-11.9370316929136	-0.0613306547458953	5.94132485786881	11.9190353103125	0.29450739368011	"evaluated"	"r04_C8_vs_C6"	"usage_raw"	"EpiMP02"	"source"	0.343591959293462
"Normal"	2	2	1	1	0	-20.7176435949587	-31.1328730096583	-10.302414180259	1.80879006861896	22.5264336635776	NA	"fewer_than_3_pairs"	"r04_C8_vs_C6"	"usage_raw"	"EpiMP02"	"source"	NA
"ALL"	15	4	11	4	0	3.94418836042078	-1.11459135850316	21.2923399678197	34.5985645635326	23.8474103782391	0.105513715289701	"evaluated"	"r04_C8_vs_C6"	"usage_raw"	"EpiMP03"	"ALL"	0.123099334504652
"CNP0000460"	4	1	2	2	0	2.42149167950247	-5.12272531013584	13.9219428587225	33.9150571631931	27.5373312941089	0.855132140584706	"evaluated"	"r04_C8_vs_C6"	"usage_raw"	"EpiMP03"	"dataset"	0.855132140584706
"HRA003620"	5	1	4	1	0	9.34532762958147	0.849898642229462	43.0515829625901	43.4373984038047	23.6620162850499	0.177529852412154	"evaluated"	"r04_C8_vs_C6"	"usage_raw"	"EpiMP03"	"dataset"	0.276157548196683
"InhouseData"	1	1	1	0	0	1.99274145723646	1.99274145723646	1.99274145723646	31.0540137677857	29.0612723105492	NA	"fewer_than_3_pairs"	"r04_C8_vs_C6"	"usage_raw"	"EpiMP03"	"dataset"	NA
"PRJNA662018"	5	1	4	1	0	3.94418836042078	0.359114137392679	5.27838700823269	27.0154468026814	20.0380953522705	0.41849223344682	"evaluated"	"r04_C8_vs_C6"	"usage_raw"	"EpiMP03"	"dataset"	0.48824093902129
"MIBC"	7	4	5	2	0	0.849898642229462	-1.11459135850316	2.96846490882862	29.1074274827282	24.1241106215676	0.554113130069446	"evaluated"	"r04_C8_vs_C6"	"usage_raw"	"EpiMP03"	"source"	0.596737216997864
"NMIBC"	6	3	5	1	0	21.2923399678197	7.90979206744832	33.3552861725231	49.6459270314534	28.5008015067649	0.0934924836898357	"evaluated"	"r04_C8_vs_C6"	"usage_raw"	"EpiMP03"	"source"	0.145432752406411
"Normal"	2	2	1	1	0	-0.243329198426846	-3.00418730175661	2.51752890490292	8.67545694258554	8.91878614101239	NA	"fewer_than_3_pairs"	"r04_C8_vs_C6"	"usage_raw"	"EpiMP03"	"source"	NA
"ALL"	15	4	13	2	0	13.1415579474687	4.59049444318353	25.2952012910548	43.8373505287547	27.0642991905174	0.0023768350959738	"evaluated"	"r04_C8_vs_C6"	"usage_raw"	"EpiMP04"	"ALL"	0.00554594855727221
"CNP0000460"	4	1	4	0	0	10.5820312823549	4.8191612901691	17.553245654913	46.3636012028559	34.5732255401288	0.100348246462291	"evaluated"	"r04_C8_vs_C6"	"usage_raw"	"EpiMP04"	"dataset"	0.234145908412012
"HRA003620"	5	1	3	2	0	13.1415579474687	-3.68915037446949	28.7107536172716	41.8676020253456	27.5955114907671	0.280712665268496	"evaluated"	"r04_C8_vs_C6"	"usage_raw"	"EpiMP04"	"dataset"	0.357270664887176
"InhouseData"	1	1	1	0	0	8.42588194774822	8.42588194774822	8.42588194774822	39.1812534756506	30.7553715279024	NA	"fewer_than_3_pairs"	"r04_C8_vs_C6"	"usage_raw"	"EpiMP04"	"dataset"	NA
"PRJNA662018"	5	1	5	0	0	19.6409609894075	6.86413880154066	29.4611620426569	44.7173179035037	19.7877313431016	0.0590582290905367	"evaluated"	"r04_C8_vs_C6"	"usage_raw"	"EpiMP04"	"dataset"	0.137802534544586
"MIBC"	7	4	6	1	0	13.1415579474687	6.27183653455452	20.7603049771227	38.4930898995508	25.6403361611938	0.0519129649350183	"evaluated"	"r04_C8_vs_C6"	"usage_raw"	"EpiMP04"	"source"	0.0807535010100284
"NMIBC"	6	3	6	0	0	11.487625009906	5.50574821021406	25.5608430175216	48.2476332229249	31.4539647477493	0.0360316862182336	"evaluated"	"r04_C8_vs_C6"	"usage_raw"	"EpiMP04"	"source"	0.126110901763817
"Normal"	2	2	1	1	0	30.4322415270038	13.3715455762672	47.4929374777405	49.3114146484581	18.8791731214542	NA	"fewer_than_3_pairs"	"r04_C8_vs_C6"	"usage_raw"	"EpiMP04"	"source"	NA
"ALL"	15	4	6	9	0	-4.38613775743416	-7.91106294937277	19.8945883156739	38.3438880887682	33.0652646918012	0.670128703919811	"evaluated"	"r04_C8_vs_C6"	"usage_raw"	"EpiMP05"	"ALL"	0.670128703919811
"CNP0000460"	4	1	2	2	0	12.3763461546984	-5.53787339202777	32.3588476884034	47.2281106363276	32.7834824946503	0.583882420770365	"evaluated"	"r04_C8_vs_C6"	"usage_raw"	"EpiMP05"	"dataset"	0.628796453137316
"HRA003620"	5	1	2	3	0	-2.74612193754342	-4.38613775743416	23.9887145004207	36.9210944853655	28.0690409031991	0.787406490666269	"evaluated"	"r04_C8_vs_C6"	"usage_raw"	"EpiMP05"	"dataset"	0.847976220717521
"InhouseData"	1	1	0	1	0	-18.9043568054795	-18.9043568054795	-18.9043568054795	48.5628039030676	67.4671607085471	NA	"fewer_than_3_pairs"	"r04_C8_vs_C6"	"usage_raw"	"EpiMP05"	"dataset"	NA
"PRJNA662018"	5	1	2	3	0	-6.43500178057344	-7.98173906609484	7.3265794259654	30.6155204912635	31.4065350347748	1	"evaluated"	"r04_C8_vs_C6"	"usage_raw"	"EpiMP05"	"dataset"	1
"MIBC"	7	4	4	3	0	7.3265794259654	-4.57825333462714	19.8945883156739	38.0702449351819	31.1305372489253	0.352542137499713	"evaluated"	"r04_C8_vs_C6"	"usage_raw"	"EpiMP05"	"source"	0.411299160416332
"NMIBC"	6	3	1	5	0	-7.13769430661207	-7.94640100773381	-3.66834189830093	38.1569283089229	38.1822804177043	0.401678166469773	"evaluated"	"r04_C8_vs_C6"	"usage_raw"	"EpiMP05"	"source"	0.432576486967448
"Normal"	2	2	1	1	0	15.3767549016988	1.35569073695905	29.3978190664385	39.8625184658562	24.4857635641575	NA	"fewer_than_3_pairs"	"r04_C8_vs_C6"	"usage_raw"	"EpiMP05"	"source"	NA
"ALL"	15	4	3	12	0	-4.57207849456232	-7.25546548783613	-1.63057174627978	6.94424971165082	11.3229923840941	0.00344452408391649	"evaluated"	"r04_C8_vs_C6"	"usage_raw"	"EpiMP06"	"ALL"	0.00602791714685385
"CNP0000460"	4	1	1	3	0	-4.20796290885728	-5.14836721589511	-3.04517948283024	3.98899206139425	7.97457585126232	0.201242620957724	"evaluated"	"r04_C8_vs_C6"	"usage_raw"	"EpiMP06"	"dataset"	0.313044077045348
"HRA003620"	5	1	1	4	0	-7.61789186836112	-9.12900841164908	-0.982493519717685	6.59444324687267	11.456862600123	0.177529852412154	"evaluated"	"r04_C8_vs_C6"	"usage_raw"	"EpiMP06"	"dataset"	0.276157548196683
"InhouseData"	1	1	0	1	0	-6.96486917128446	-6.96486917128446	-6.96486917128446	22.4120769015804	29.3769460728648	NA	"fewer_than_3_pairs"	"r04_C8_vs_C6"	"usage_raw"	"EpiMP06"	"dataset"	NA
"PRJNA662018"	5	1	1	4	0	-4.57207849456232	-4.76500005094983	-2.27864997284187	6.5646968586483	10.2570646565766	0.105645429201877	"evaluated"	"r04_C8_vs_C6"	"usage_raw"	"EpiMP06"	"dataset"	0.147903600882628
"MIBC"	7	4	2	5	0	-4.76500005094983	-7.25546548783613	-0.481420528543783	8.83996822551123	13.1342131852415	0.0759269629825577	"evaluated"	"r04_C8_vs_C6"	"usage_raw"	"EpiMP06"	"source"	0.106297748175581
"NMIBC"	6	3	1	5	0	-4.20796290885728	-6.28194364396071	-2.72568501246066	5.7764092958399	9.42979903956089	0.0934924836898357	"evaluated"	"r04_C8_vs_C6"	"usage_raw"	"EpiMP06"	"source"	0.145432752406411
"Normal"	2	2	0	2	0	-6.8505434531057	-7.98977593237739	-5.71131097383401	3.81275616057211	10.6632996136778	NA	"fewer_than_3_pairs"	"r04_C8_vs_C6"	"usage_raw"	"EpiMP06"	"source"	NA
"ALL"	15	4	15	0	0	80.3576614489787	75.9145664368575	103.629857856776	127.938056314694	38.2373979589243	0.000726513880057952	"evaluated"	"r04_C8_vs_C6"	"usage_raw"	"EpiMP07"	"ALL"	0.00305655874983804
"CNP0000460"	4	1	4	0	0	77.6600976789968	74.0613290298499	88.6920608901728	125.075648842497	39.9823566014714	0.100348246462291	"evaluated"	"r04_C8_vs_C6"	"usage_raw"	"EpiMP07"	"dataset"	0.234145908412012
"HRA003620"	5	1	5	0	0	80.0879053969733	78.2583545540086	88.2640598793309	108.284142321191	26.3339215418975	0.0590582290905367	"evaluated"	"r04_C8_vs_C6"	"usage_raw"	"EpiMP07"	"dataset"	0.165363041453503
"InhouseData"	1	1	1	0	0	105.628730795559	105.628730795559	105.628730795559	127.75354353419	22.1248127386318	NA	"fewer_than_3_pairs"	"r04_C8_vs_C6"	"usage_raw"	"EpiMP07"	"dataset"	NA
"PRJNA662018"	5	1	5	0	0	101.424713475565	76.8665989647	101.630984917993	149.918798842054	51.9674245059719	0.0590582290905367	"evaluated"	"r04_C8_vs_C6"	"usage_raw"	"EpiMP07"	"dataset"	0.137802534544586
"MIBC"	7	4	7	0	0	105.628730795559	90.891187462272	112.627098377281	141.67116414263	37.358100377489	0.0224942712224497	"evaluated"	"r04_C8_vs_C6"	"usage_raw"	"EpiMP07"	"source"	0.0449885424448993
"NMIBC"	6	3	6	0	0	75.9145664368575	72.2589192715196	79.282578788905	113.680090487555	36.6624908980196	0.0360316862182336	"evaluated"	"r04_C8_vs_C6"	"usage_raw"	"EpiMP07"	"source"	0.126110901763817
"Normal"	2	2	2	0	0	76.6064157216714	64.0941311235107	89.1187003198321	122.646076398334	46.0396606766622	NA	"fewer_than_3_pairs"	"r04_C8_vs_C6"	"usage_raw"	"EpiMP07"	"source"	NA
"ALL"	15	4	14	1	0	16.0606660574467	8.10610344101369	21.4658517928979	27.1761718019931	12.5802427066713	0.00109162812494216	"evaluated"	"r04_C8_vs_C6"	"usage_raw"	"EpiMP08"	"ALL"	0.00305655874983804
"CNP0000460"	4	1	4	0	0	21.176250397465	16.3957493517943	25.8790757212389	29.8688166959767	8.77024202040841	0.100348246462291	"evaluated"	"r04_C8_vs_C6"	"usage_raw"	"EpiMP08"	"dataset"	0.234145908412012
"HRA003620"	5	1	5	0	0	7.60717283995526	4.39654096988755	19.2883787610194	23.9684826054471	13.0804103804359	0.0590582290905367	"evaluated"	"r04_C8_vs_C6"	"usage_raw"	"EpiMP08"	"dataset"	0.165363041453503
"InhouseData"	1	1	1	0	0	8.60503404207212	8.60503404207212	8.60503404207212	21.753004406304	13.1479703642319	NA	"fewer_than_3_pairs"	"r04_C8_vs_C6"	"usage_raw"	"EpiMP08"	"dataset"	NA
"PRJNA662018"	5	1	4	1	0	14.6834552275885	9.11920640098374	23.0889844194331	29.3143785624902	15.0145300504049	0.105645429201877	"evaluated"	"r04_C8_vs_C6"	"usage_raw"	"EpiMP08"	"dataset"	0.147903600882628
"MIBC"	7	4	7	0	0	16.0606660574467	11.6442446348303	21.4658517928979	32.4014686784016	16.463248656883	0.0224942712224497	"evaluated"	"r04_C8_vs_C6"	"usage_raw"	"EpiMP08"	"source"	0.0449885424448993
"NMIBC"	6	3	5	1	0	8.3631896204695	5.19919893740448	14.6603844376786	19.8253476341279	9.87963051815022	0.0591720678258594	"evaluated"	"r04_C8_vs_C6"	"usage_raw"	"EpiMP08"	"source"	0.138068158260339
"Normal"	2	2	2	0	0	23.8485467916655	21.5684627763425	26.1286308069885	30.940105238159	7.09155844649356	NA	"fewer_than_3_pairs"	"r04_C8_vs_C6"	"usage_raw"	"EpiMP08"	"source"	NA
"ALL"	15	4	4	11	0	-2.87502039271185	-23.7438782517668	-1.04282038354352	11.7119486223159	28.5870501947903	0.0331834311510942	"evaluated"	"r04_C8_vs_C6"	"usage_raw"	"EpiMP09"	"ALL"	0.0464568036115318
"CNP0000460"	4	1	1	3	0	-11.2271146252988	-23.0978086829635	-1.57261236388685	11.5898791683602	25.0331855899117	0.201242620957724	"evaluated"	"r04_C8_vs_C6"	"usage_raw"	"EpiMP09"	"dataset"	0.313044077045348
"HRA003620"	5	1	1	4	0	-23.0933124963411	-36.0448804647294	-2.21703781624607	10.6470839154517	43.0603981227924	0.177529852412154	"evaluated"	"r04_C8_vs_C6"	"usage_raw"	"EpiMP09"	"dataset"	0.276157548196683
"InhouseData"	1	1	0	1	0	-2.87502039271185	-2.87502039271185	-2.87502039271185	18.909956497574	21.7849768902859	NA	"fewer_than_3_pairs"	"r04_C8_vs_C6"	"usage_raw"	"EpiMP09"	"dataset"	NA
"PRJNA662018"	5	1	2	3	0	-2.33675565280752	-16.0832352785596	3.35752143743441	11.4348673172929	18.317208611592	0.589638551626567	"evaluated"	"r04_C8_vs_C6"	"usage_raw"	"EpiMP09"	"dataset"	0.634995363290149
"MIBC"	7	4	0	7	0	-16.0832352785596	-21.7225687013543	-2.54602910447896	13.5302669271903	26.5470211045687	0.0224942712224497	"evaluated"	"r04_C8_vs_C6"	"usage_raw"	"EpiMP09"	"source"	0.0449885424448993
"NMIBC"	6	3	2	4	0	-16.8362578327795	-34.8676003517349	-0.571616230344532	10.1494736253286	38.9888324398561	0.208412803684149	"evaluated"	"r04_C8_vs_C6"	"usage_raw"	"EpiMP09"	"source"	0.265252659234371
"Normal"	2	2	2	0	0	5.51345427084875	4.43548785414158	6.59142068755592	10.0352595462171	4.52180527536835	NA	"fewer_than_3_pairs"	"r04_C8_vs_C6"	"usage_raw"	"EpiMP09"	"source"	NA
"ALL"	15	4	10	5	0	6.81413689212782	-1.36790390418128	12.5155839231144	15.2266802822887	8.09095842892182	0.0570833388248299	"evaluated"	"r04_C8_vs_C6"	"usage_raw"	"EpiMP10"	"ALL"	0.0726515221406926
"CNP0000460"	4	1	2	2	0	6.51368145584214	-0.730026163176255	14.7128886860132	13.3007119998449	5.83153093285015	0.583882420770365	"evaluated"	"r04_C8_vs_C6"	"usage_raw"	"EpiMP10"	"dataset"	0.628796453137316
"HRA003620"	5	1	2	3	0	-2.78690890604636	-3.20818390186476	6.81413689212782	17.1264976686315	10.9553018910471	1	"evaluated"	"r04_C8_vs_C6"	"usage_raw"	"EpiMP10"	"dataset"	1
"InhouseData"	1	1	1	0	0	0.00411858891674655	0.00411858891674655	0.00411858891674655	6.03086156264457	6.02674297372782	NA	"fewer_than_3_pairs"	"r04_C8_vs_C6"	"usage_raw"	"EpiMP10"	"dataset"	NA
"PRJNA662018"	5	1	5	0	0	10.8188343769842	6.84894442045759	11.9116565123733	16.7068012658298	7.44700005469267	0.0590582290905367	"evaluated"	"r04_C8_vs_C6"	"usage_raw"	"EpiMP10"	"dataset"	0.137802534544586
"MIBC"	7	4	5	2	0	11.9116565123733	-1.3197703986373	13.7506745472014	19.4363931749802	9.89205037309358	0.150785565027971	"evaluated"	"r04_C8_vs_C6"	"usage_raw"	"EpiMP10"	"source"	0.191908900944691
"NMIBC"	6	3	4	2	0	6.8315406562927	1.63442290640354	9.82636188785253	11.8747177792688	5.09561709459886	0.142213241936393	"evaluated"	"r04_C8_vs_C6"	"usage_raw"	"EpiMP10"	"source"	0.19909853871095
"Normal"	2	2	1	1	0	-0.224587960361479	-1.50574843320392	1.05657251248096	10.5485726669281	10.7731606272895	NA	"fewer_than_3_pairs"	"r04_C8_vs_C6"	"usage_raw"	"EpiMP10"	"source"	NA
"ALL"	15	4	13	2	0	10.7930852196396	3.83006328822406	17.3574091228437	17.238056320233	6.19604838780305	0.00286559480782183	"evaluated"	"r04_C8_vs_C6"	"usage_raw"	"EpiMP11"	"ALL"	0.00573118961564365
"CNP0000460"	4	1	3	1	0	3.47287107566547	0.0414002521777734	8.64942733263078	14.0380712989168	8.82011478977368	0.361310428526179	"evaluated"	"r04_C8_vs_C6"	"usage_raw"	"EpiMP11"	"dataset"	0.459849636306046
"HRA003620"	5	1	4	1	0	12.8563219678124	10.7930852196396	13.44618117657	16.1381459611628	5.07370610329692	0.105645429201877	"evaluated"	"r04_C8_vs_C6"	"usage_raw"	"EpiMP11"	"dataset"	0.246506001471046
"InhouseData"	1	1	1	0	0	9.55823765260134	9.55823765260134	9.55823765260134	10.9568119079227	1.3985742553214	NA	"fewer_than_3_pairs"	"r04_C8_vs_C6"	"usage_raw"	"EpiMP11"	"dataset"	NA
"PRJNA662018"	5	1	5	0	0	19.518437307659	7.79851153663477	20.5403496075696	22.1542035788181	6.17863237722902	0.0590582290905367	"evaluated"	"r04_C8_vs_C6"	"usage_raw"	"EpiMP11"	"dataset"	0.137802534544586
"MIBC"	7	4	6	1	0	10.7930852196396	5.3756273824423	14.3212810572992	15.1869988695767	5.41056424757744	0.0519129649350183	"evaluated"	"r04_C8_vs_C6"	"usage_raw"	"EpiMP11"	"source"	0.0807535010100284
"NMIBC"	6	3	6	0	0	10.3274167522236	6.79995998228234	18.0495771033716	17.8324087589506	6.51214419029966	0.0360316862182336	"evaluated"	"r04_C8_vs_C6"	"usage_raw"	"EpiMP11"	"source"	0.126110901763817
"Normal"	2	2	1	1	0	14.6367446102742	6.54134669351186	22.7321425270365	22.6337000813771	7.99695547110289	NA	"fewer_than_3_pairs"	"r04_C8_vs_C6"	"usage_raw"	"EpiMP11"	"source"	NA
"ALL"	15	4	9	6	0	0.0401583462442135	-0.605244961306047	1.04049148178106	2.78880880604908	2.83014769579648	0.629260787503937	"evaluated"	"r04_C8_vs_C6"	"usage_raw"	"EpiMP12"	"ALL"	0.670128703919811
"CNP0000460"	4	1	3	1	0	1.359159670135	0.939415969942606	1.58441238023779	3.11131936991553	1.94665068987013	0.201242620957724	"evaluated"	"r04_C8_vs_C6"	"usage_raw"	"EpiMP12"	"dataset"	0.313044077045348
"HRA003620"	5	1	2	3	0	-0.284557379970381	-1.06398526732099	0.0401583462442135	1.59929233037588	1.97710690540198	0.41849223344682	"evaluated"	"r04_C8_vs_C6"	"usage_raw"	"EpiMP12"	"dataset"	0.48824093902129
"InhouseData"	1	1	0	1	0	-5.37541348291561	-5.37541348291561	-5.37541348291561	9.81385525037561	15.1892687332912	NA	"fewer_than_3_pairs"	"r04_C8_vs_C6"	"usage_raw"	"EpiMP12"	"dataset"	NA
"PRJNA662018"	5	1	4	1	0	0.135818658782311	0.00729694766306732	0.316668475212049	2.3153075417638	1.9181618834331	0.41849223344682	"evaluated"	"r04_C8_vs_C6"	"usage_raw"	"EpiMP12"	"dataset"	0.48824093902129
"MIBC"	7	4	4	3	0	0.0401583462442135	-1.14901117563976	0.803125102109851	3.45597535908939	4.1128738837278	0.932646638965876	"evaluated"	"r04_C8_vs_C6"	"usage_raw"	"EpiMP12"	"source"	0.932646638965876
"NMIBC"	6	3	3	3	0	-0.0518921797947316	-0.241188361790919	0.1036882310025	2.08834644276676	1.96585838625582	1	"evaluated"	"r04_C8_vs_C6"	"usage_raw"	"EpiMP12"	"source"	1
"Normal"	2	2	2	0	0	1.62163899359613	1.2065201140753	2.03675787311696	2.55511296025493	0.933473966658802	NA	"fewer_than_3_pairs"	"r04_C8_vs_C6"	"usage_raw"	"EpiMP12"	"source"	NA
"ALL"	15	4	14	1	0	5.03632882548956	4.29031919435733	5.68750743953063	8.82279743801509	3.51695370998346	0.000891901377059125	"evaluated"	"r04_C8_vs_C6"	"usage_raw"	"EpiMP13"	"ALL"	0.00305655874983804
"CNP0000460"	4	1	4	0	0	4.46513870402734	3.72071052706706	5.72594027668704	6.98050629468397	1.99899419495722	0.100348246462291	"evaluated"	"r04_C8_vs_C6"	"usage_raw"	"EpiMP13"	"dataset"	0.234145908412012
"HRA003620"	5	1	5	0	0	4.37815282289274	4.28819065938462	5.30921363577393	6.60307298714946	1.98874867254481	0.0590582290905367	"evaluated"	"r04_C8_vs_C6"	"usage_raw"	"EpiMP13"	"dataset"	0.165363041453503
"InhouseData"	1	1	1	0	0	16.2999382270553	16.2999382270553	16.2999382270553	27.188707530449	10.8887693033937	NA	"fewer_than_3_pairs"	"r04_C8_vs_C6"	"usage_raw"	"EpiMP13"	"dataset"	NA
"PRJNA662018"	5	1	4	1	0	5.25162855469088	5.03632882548956	5.41534443262972	8.84317278505882	4.78516324076104	0.105645429201877	"evaluated"	"r04_C8_vs_C6"	"usage_raw"	"EpiMP13"	"dataset"	0.147903600882628
"MIBC"	7	4	7	0	0	5.30921363577393	4.94472911670776	7.20280825160198	10.4444502183203	3.4414571944576	0.0224942712224497	"evaluated"	"r04_C8_vs_C6"	"usage_raw"	"EpiMP13"	"source"	0.0449885424448993
"NMIBC"	6	3	5	1	0	4.29031919435733	2.57617185505473	4.35672654950206	7.23738069722922	3.97887469046851	0.0591720678258594	"evaluated"	"r04_C8_vs_C6"	"usage_raw"	"EpiMP13"	"source"	0.138068158260339
"Normal"	2	2	2	0	0	5.50783435643551	5.27208159096253	5.74358712190848	7.9032629293043	2.39542857286879	NA	"fewer_than_3_pairs"	"r04_C8_vs_C6"	"usage_raw"	"EpiMP13"	"source"	NA
"ALL"	15	4	1	14	0	-4.39345569150224	-8.67001351927471	-3.12311437059102	5.90788773001707	11.8517416899218	0.00109162812494216	"evaluated"	"r04_C8_vs_C6"	"usage_raw"	"EpiMP14"	"ALL"	0.00305655874983804
"CNP0000460"	4	1	0	4	0	-4.89311959635277	-8.08725766539868	-3.3387232425162	4.76700691795455	11.2998682295167	0.100348246462291	"evaluated"	"r04_C8_vs_C6"	"usage_raw"	"EpiMP14"	"dataset"	0.234145908412012
"HRA003620"	5	1	0	5	0	-7.24333629610933	-10.8880545323538	-4.27751902616087	5.36522639051808	12.6497238747882	0.0590582290905367	"evaluated"	"r04_C8_vs_C6"	"usage_raw"	"EpiMP14"	"dataset"	0.165363041453503
"InhouseData"	1	1	0	1	0	-2.43161996698356	-2.43161996698356	-2.43161996698356	2.66292623155638	5.09454619853994	NA	"fewer_than_3_pairs"	"r04_C8_vs_C6"	"usage_raw"	"EpiMP14"	"dataset"	NA
"PRJNA662018"	5	1	1	4	0	-4.39345569150224	-8.21505833894683	-3.91508610628816	8.01224601885821	12.846697371656	0.105645429201877	"evaluated"	"r04_C8_vs_C6"	"usage_raw"	"EpiMP14"	"dataset"	0.147903600882628
"MIBC"	7	4	0	7	0	-7.24333629610933	-8.67001351927471	-3.12311437059102	6.25049401007595	12.9384312582609	0.0224942712224497	"evaluated"	"r04_C8_vs_C6"	"usage_raw"	"EpiMP14"	"source"	0.0449885424448993
"NMIBC"	6	3	1	5	0	-4.33548735883156	-5.77229423157368	-1.41380141073202	5.86158726819661	10.4514386053023	0.0934924836898357	"evaluated"	"r04_C8_vs_C6"	"usage_raw"	"EpiMP14"	"source"	0.145432752406411
"Normal"	2	2	0	2	0	-7.401570319321	-9.14481242583742	-5.65832821280458	4.84766713527238	12.2492374545934	NA	"fewer_than_3_pairs"	"r04_C8_vs_C6"	"usage_raw"	"EpiMP14"	"source"	NA
"ALL"	15	4	0	15	0	-0.156068694894491	-0.172432130023602	-0.149697381036443	0.543033415370557	0.703230528362526	0.000726513880057952	"evaluated"	"r04_C8_vs_C6"	"UCell_raw"	"EpiMP01"	"ALL"	0.00113013270231237
"CNP0000460"	4	1	0	4	0	-0.170009050708258	-0.182988315409365	-0.161472393749846	0.508425122249179	0.682876780700132	0.100348246462291	"evaluated"	"r04_C8_vs_C6"	"UCell_raw"	"EpiMP01"	"dataset"	0.117072954206006
"HRA003620"	5	1	0	5	0	-0.154147043557013	-0.158779803139621	-0.153062340490086	0.558915688290123	0.699742000348173	0.0590582290905367	"evaluated"	"r04_C8_vs_C6"	"UCell_raw"	"EpiMP01"	"dataset"	0.0918683563630571
"InhouseData"	1	1	0	1	0	-0.155356284761168	-0.155356284761168	-0.155356284761168	0.428260977935444	0.583617262696612	NA	"fewer_than_3_pairs"	"r04_C8_vs_C6"	"UCell_raw"	"EpiMP01"	"dataset"	NA
"PRJNA662018"	5	1	0	5	0	-0.146332421582801	-0.212581181675791	-0.129083546944459	0.577792264435116	0.746924707639976	0.0590582290905367	"evaluated"	"r04_C8_vs_C6"	"UCell_raw"	"EpiMP01"	"dataset"	0.0689012672722929
"MIBC"	7	4	0	7	0	-0.156068694894491	-0.180249820316213	-0.154751664159091	0.52024389784954	0.689527507435781	0.0224942712224497	"evaluated"	"r04_C8_vs_C6"	"UCell_raw"	"EpiMP01"	"source"	0.0262433164261913
"NMIBC"	6	3	0	6	0	-0.158167983595858	-0.166908245674647	-0.135078245330865	0.545661911392091	0.69739975280815	0.0360316862182336	"evaluated"	"r04_C8_vs_C6"	"UCell_raw"	"EpiMP01"	"source"	0.0458585097322973
"Normal"	2	2	0	2	0	-0.153772189639742	-0.195646990574007	-0.111897388705477	0.614911238629517	0.768683428269259	NA	"fewer_than_3_pairs"	"r04_C8_vs_C6"	"UCell_raw"	"EpiMP01"	"source"	NA
"ALL"	15	4	0	15	0	-0.0875607335999717	-0.128808562457623	-0.0464598152643382	0.163175703018532	0.254594443833312	0.000726513880057952	"evaluated"	"r04_C8_vs_C6"	"UCell_raw"	"EpiMP02"	"ALL"	0.00113013270231237
"CNP0000460"	4	1	0	4	0	-0.072779126619455	-0.112207718206568	-0.0491227649442257	0.140857096377757	0.229408452909095	0.100348246462291	"evaluated"	"r04_C8_vs_C6"	"UCell_raw"	"EpiMP02"	"dataset"	0.117072954206006
"HRA003620"	5	1	0	5	0	-0.0382051190675981	-0.0468849747430089	-0.0316097231889491	0.161667911159756	0.219656553409042	0.0590582290905367	"evaluated"	"r04_C8_vs_C6"	"UCell_raw"	"EpiMP02"	"dataset"	0.0918683563630571
"InhouseData"	1	1	0	1	0	-0.166082881927236	-0.166082881927236	-0.166082881927236	0.206508218054505	0.372591099981741	NA	"fewer_than_3_pairs"	"r04_C8_vs_C6"	"UCell_raw"	"EpiMP02"	"dataset"	NA
"PRJNA662018"	5	1	0	5	0	-0.107040062006491	-0.114658008580748	-0.0875607335999717	0.173871877182732	0.286081795767269	0.0590582290905367	"evaluated"	"r04_C8_vs_C6"	"UCell_raw"	"EpiMP02"	"dataset"	0.0689012672722929
"MIBC"	7	4	0	7	0	-0.107040062006491	-0.152785816717637	-0.0914834260875683	0.166872450376139	0.282379079560017	0.0224942712224497	"evaluated"	"r04_C8_vs_C6"	"UCell_raw"	"EpiMP02"	"source"	0.0262433164261913
"NMIBC"	6	3	0	6	0	-0.0480933952247063	-0.0723616728161917	-0.0401625032471155	0.155139944978041	0.215210693892549	0.0360316862182336	"evaluated"	"r04_C8_vs_C6"	"UCell_raw"	"EpiMP02"	"source"	0.0458585097322973
"Normal"	2	2	0	2	0	-0.101155107223753	-0.136590521879443	-0.0657196925680635	0.17434436138838	0.275499468612133	NA	"fewer_than_3_pairs"	"r04_C8_vs_C6"	"UCell_raw"	"EpiMP02"	"source"	NA
"ALL"	15	4	12	3	0	0.0470735987572206	0.00973552538880348	0.0874636217753027	0.526488661629717	0.468182505740043	0.00587612541415952	"evaluated"	"r04_C8_vs_C6"	"UCell_raw"	"EpiMP03"	"ALL"	0.00632813506140256
"CNP0000460"	4	1	3	1	0	0.0273128396488189	0.00162265292370652	0.0537139059332783	0.492020470247626	0.46399675103946	0.361310428526179	"evaluated"	"r04_C8_vs_C6"	"UCell_raw"	"EpiMP03"	"dataset"	0.361310428526179
"HRA003620"	5	1	4	1	0	0.0852253550118089	0.014026207470765	0.180526820366121	0.528041520924111	0.438497419462635	0.177529852412154	"evaluated"	"r04_C8_vs_C6"	"UCell_raw"	"EpiMP03"	"dataset"	0.191185994905396
"InhouseData"	1	1	1	0	0	0.0470735987572206	0.0470735987572206	0.0470735987572206	0.622360788678185	0.575287189920964	NA	"fewer_than_3_pairs"	"r04_C8_vs_C6"	"UCell_raw"	"EpiMP03"	"dataset"	NA
"PRJNA662018"	5	1	4	1	0	0.0411323239887175	0.0332270826268792	0.0897018885387965	0.533335930031303	0.479795258941732	0.105645429201877	"evaluated"	"r04_C8_vs_C6"	"UCell_raw"	"EpiMP03"	"dataset"	0.105645429201877
"MIBC"	7	4	6	1	0	0.0332270826268792	0.00973552538880348	0.044102961372969	0.515288577057434	0.470776154444456	0.0519129649350183	"evaluated"	"r04_C8_vs_C6"	"UCell_raw"	"EpiMP03"	"source"	0.0559062699300197
"NMIBC"	6	3	5	1	0	0.0762692353862672	0.0537139059332783	0.0885827551570496	0.551779123765689	0.472888996240271	0.0591720678258594	"evaluated"	"r04_C8_vs_C6"	"UCell_raw"	"EpiMP03"	"source"	0.0591720678258594
"Normal"	2	2	1	1	0	0.044832307450883	0.00619692051133544	0.0834676943904305	0.489817571224796	0.444985263773913	NA	"fewer_than_3_pairs"	"r04_C8_vs_C6"	"UCell_raw"	"EpiMP03"	"source"	NA
"ALL"	15	4	12	3	0	0.0410198025012927	0.00700631718685174	0.059886462783112	0.540283133460113	0.496928827520102	0.00826562227177156	"evaluated"	"r04_C8_vs_C6"	"UCell_raw"	"EpiMP04"	"ALL"	0.00826562227177156
"CNP0000460"	4	1	3	1	0	0.014464041283218	0.00475359137960472	0.0312020812188927	0.501929132384068	0.480437501068789	0.201242620957724	"evaluated"	"r04_C8_vs_C6"	"UCell_raw"	"EpiMP04"	"dataset"	0.216722822569857
"HRA003620"	5	1	3	2	0	0.0622201400415247	-0.0134478076546315	0.117889654653374	0.535052774531422	0.484431450473089	0.280712665268496	"evaluated"	"r04_C8_vs_C6"	"UCell_raw"	"EpiMP04"	"dataset"	0.280712665268496
"InhouseData"	1	1	1	0	0	0.00750306492422448	0.00750306492422448	0.00750306492422448	0.568831155280799	0.561328090356575	NA	"fewer_than_3_pairs"	"r04_C8_vs_C6"	"UCell_raw"	"EpiMP04"	"dataset"	NA
"PRJNA662018"	5	1	5	0	0	0.0414453394295391	0.0410198025012927	0.0531670138384278	0.570487088885503	0.509739413160869	0.0590582290905367	"evaluated"	"r04_C8_vs_C6"	"UCell_raw"	"EpiMP04"	"dataset"	0.0689012672722929
"MIBC"	7	4	6	1	0	0.0224185131169571	0.00700631718685174	0.0470934081698602	0.520908554826804	0.4899644113097	0.108319380730004	"evaluated"	"r04_C8_vs_C6"	"UCell_raw"	"EpiMP04"	"source"	0.108319380730004
"NMIBC"	6	3	5	1	0	0.0494990624771192	0.0173514466623757	0.0610533014123183	0.538542594316368	0.49048137459062	0.0591720678258594	"evaluated"	"r04_C8_vs_C6"	"UCell_raw"	"EpiMP04"	"source"	0.0591720678258594
"Normal"	2	2	1	1	0	0.0726691330629771	0.0296106627041728	0.115727603421781	0.613315776107927	0.54064664304495	NA	"fewer_than_3_pairs"	"r04_C8_vs_C6"	"UCell_raw"	"EpiMP04"	"source"	NA
"ALL"	15	4	1	14	0	-0.101800741617975	-0.122089594949717	-0.082073000221406	0.437002062929359	0.532746391628775	0.000891901377059125	"evaluated"	"r04_C8_vs_C6"	"UCell_raw"	"EpiMP05"	"ALL"	0.00124866192788277
"CNP0000460"	4	1	0	4	0	-0.103700865228525	-0.11903048091326	-0.0905497562653939	0.422939085992194	0.528818457942323	0.100348246462291	"evaluated"	"r04_C8_vs_C6"	"UCell_raw"	"EpiMP05"	"dataset"	0.117072954206006
"HRA003620"	5	1	1	4	0	-0.0802992557691278	-0.106119028577467	-0.0672478015447771	0.468575496903602	0.537078225954072	0.105645429201877	"evaluated"	"r04_C8_vs_C6"	"UCell_raw"	"EpiMP05"	"dataset"	0.134457818984207
"InhouseData"	1	1	0	1	0	-0.126188813823605	-0.126188813823605	-0.126188813823605	0.373589859520684	0.499778673344289	NA	"fewer_than_3_pairs"	"r04_C8_vs_C6"	"UCell_raw"	"EpiMP05"	"dataset"	NA
"PRJNA662018"	5	1	0	5	0	-0.101800741617975	-0.117990376075829	-0.0913680562653897	0.429361451186584	0.538150447909537	0.0590582290905367	"evaluated"	"r04_C8_vs_C6"	"UCell_raw"	"EpiMP05"	"dataset"	0.0689012672722929
"MIBC"	7	4	0	7	0	-0.117990376075829	-0.127013438307945	-0.0918656495091117	0.419974869749821	0.530912976688426	0.0224942712224497	"evaluated"	"r04_C8_vs_C6"	"UCell_raw"	"EpiMP05"	"source"	0.0262433164261913
"NMIBC"	6	3	0	6	0	-0.0965843989416823	-0.105039456837594	-0.0830664558931933	0.430198045003934	0.521806315065672	0.0360316862182336	"evaluated"	"r04_C8_vs_C6"	"UCell_raw"	"EpiMP05"	"source"	0.0458585097322973
"Normal"	2	2	1	1	0	-0.0549742807752909	-0.101956672878588	-0.0079918886719938	0.517009292834019	0.57198357360931	NA	"fewer_than_3_pairs"	"r04_C8_vs_C6"	"UCell_raw"	"EpiMP05"	"source"	NA
"ALL"	15	4	0	15	0	-0.0608752261213266	-0.0765651907405	-0.0464293531530458	0.199921469229722	0.261835608561531	0.000726513880057952	"evaluated"	"r04_C8_vs_C6"	"UCell_raw"	"EpiMP06"	"ALL"	0.00113013270231237
"CNP0000460"	4	1	0	4	0	-0.0677435685141042	-0.0803015923580891	-0.0564251003334795	0.161161604514157	0.230144728691622	0.100348246462291	"evaluated"	"r04_C8_vs_C6"	"UCell_raw"	"EpiMP06"	"dataset"	0.117072954206006
"HRA003620"	5	1	0	5	0	-0.0559316152979493	-0.082155715134352	-0.0487922195722869	0.190819399010834	0.25008387416619	0.0590582290905367	"evaluated"	"r04_C8_vs_C6"	"UCell_raw"	"EpiMP06"	"dataset"	0.0918683563630571
"InhouseData"	1	1	0	1	0	-0.0641772671019872	-0.0641772671019872	-0.0641772671019872	0.335387252813499	0.399564519915486	NA	"fewer_than_3_pairs"	"r04_C8_vs_C6"	"UCell_raw"	"EpiMP06"	"dataset"	NA
"PRJNA662018"	5	1	0	5	0	-0.0582805498266203	-0.0762700737091966	-0.0440664867338047	0.212938274504307	0.271394264582008	0.0590582290905367	"evaluated"	"r04_C8_vs_C6"	"UCell_raw"	"EpiMP06"	"dataset"	0.0689012672722929
"MIBC"	7	4	0	7	0	-0.0641772671019872	-0.0795080114530776	-0.0459334712711126	0.203082507558409	0.267258707788289	0.0224942712224497	"evaluated"	"r04_C8_vs_C6"	"UCell_raw"	"EpiMP06"	"source"	0.0262433164261913
"NMIBC"	6	3	0	6	0	-0.0595778879739734	-0.071177739710493	-0.0476200025070086	0.19490351196547	0.252783011858941	0.0360316862182336	"evaluated"	"r04_C8_vs_C6"	"UCell_raw"	"EpiMP06"	"source"	0.0458585097322973
"Normal"	2	2	0	2	0	-0.066100844503573	-0.0711854591063848	-0.0610162299007611	0.203911706872077	0.27001255137565	NA	"fewer_than_3_pairs"	"r04_C8_vs_C6"	"UCell_raw"	"EpiMP06"	"source"	NA
"ALL"	15	4	15	0	0	0.114067034320287	0.0977912344883899	0.139348913836246	0.395005726711584	0.280120087615119	0.000726513880057952	"evaluated"	"r04_C8_vs_C6"	"UCell_raw"	"EpiMP07"	"ALL"	0.00113013270231237
"CNP0000460"	4	1	4	0	0	0.100079593690152	0.0903179805278383	0.103833760805003	0.409669076062059	0.315596928419369	0.100348246462291	"evaluated"	"r04_C8_vs_C6"	"UCell_raw"	"EpiMP07"	"dataset"	0.117072954206006
"HRA003620"	5	1	5	0	0	0.147770544781962	0.114067034320287	0.151296387881148	0.386221495229066	0.251332509360297	0.0590582290905367	"evaluated"	"r04_C8_vs_C6"	"UCell_raw"	"EpiMP07"	"dataset"	0.0918683563630571
"InhouseData"	1	1	1	0	0	0.128443424252173	0.128443424252173	0.128443424252173	0.40991510956923	0.281471685317057	NA	"fewer_than_3_pairs"	"r04_C8_vs_C6"	"UCell_raw"	"EpiMP07"	"dataset"	NA
"PRJNA662018"	5	1	5	0	0	0.111293055527035	0.0898245733016842	0.13092728289053	0.389077402142193	0.280255873686153	0.0590582290905367	"evaluated"	"r04_C8_vs_C6"	"UCell_raw"	"EpiMP07"	"dataset"	0.0689012672722929
"MIBC"	7	4	7	0	0	0.111293055527035	0.0948455454086003	0.138106984517068	0.388018190714472	0.273094548451278	0.0224942712224497	"evaluated"	"r04_C8_vs_C6"	"UCell_raw"	"EpiMP07"	"source"	0.0262433164261913
"NMIBC"	6	3	6	0	0	0.114262033972969	0.103736260978662	0.12680972057431	0.402735099374989	0.290455890129687	0.0360316862182336	"evaluated"	"r04_C8_vs_C6"	"UCell_raw"	"EpiMP07"	"source"	0.0458585097322973
"Normal"	2	2	2	0	0	0.122571917566401	0.109143934513832	0.13599990061897	0.396273984711259	0.273702067144858	NA	"fewer_than_3_pairs"	"r04_C8_vs_C6"	"UCell_raw"	"EpiMP07"	"source"	NA
"ALL"	15	4	15	0	0	0.0525814218195454	0.0371197065923272	0.0907577634411718	0.255077163793235	0.194531039119083	0.000726513880057952	"evaluated"	"r04_C8_vs_C6"	"UCell_raw"	"EpiMP08"	"ALL"	0.00113013270231237
"CNP0000460"	4	1	4	0	0	0.0851691119358495	0.0673730032450979	0.0981665392761859	0.296981568880436	0.216611138295002	0.100348246462291	"evaluated"	"r04_C8_vs_C6"	"UCell_raw"	"EpiMP08"	"dataset"	0.117072954206006
"HRA003620"	5	1	5	0	0	0.0389913564541539	0.0352480567305005	0.0834808333975934	0.245435386856447	0.188221296451229	0.0590582290905367	"evaluated"	"r04_C8_vs_C6"	"UCell_raw"	"EpiMP08"	"dataset"	0.0918683563630571
"InhouseData"	1	1	1	0	0	0.0200652401364508	0.0200652401364508	0.0200652401364508	0.22336831549446	0.203303075358009	NA	"fewer_than_3_pairs"	"r04_C8_vs_C6"	"UCell_raw"	"EpiMP08"	"dataset"	NA
"PRJNA662018"	5	1	5	0	0	0.0490585347736924	0.0472949254822682	0.0769494077446843	0.237537186320017	0.181422295198416	0.0590582290905367	"evaluated"	"r04_C8_vs_C6"	"UCell_raw"	"EpiMP08"	"dataset"	0.0689012672722929
"MIBC"	7	4	7	0	0	0.0723035303869487	0.0361369429436571	0.0802151205711389	0.263776533610499	0.203332592033678	0.0224942712224497	"evaluated"	"r04_C8_vs_C6"	"UCell_raw"	"EpiMP08"	"source"	0.0262433164261913
"NMIBC"	6	3	6	0	0	0.0431431409682111	0.0361838816614138	0.0512597977352261	0.226314686263659	0.180203696460844	0.0360316862182336	"evaluated"	"r04_C8_vs_C6"	"UCell_raw"	"EpiMP08"	"source"	0.0458585097322973
"Normal"	2	2	2	0	0	0.104209170128825	0.103746328028129	0.104672012229521	0.310916802021539	0.206707631892714	NA	"fewer_than_3_pairs"	"r04_C8_vs_C6"	"UCell_raw"	"EpiMP08"	"source"	NA
"ALL"	15	4	2	13	0	-0.0345232357114351	-0.0754212657556238	-0.00954297979708675	0.226627793698717	0.27804683328868	0.00412805010171735	"evaluated"	"r04_C8_vs_C6"	"UCell_raw"	"EpiMP09"	"ALL"	0.00481605845200357
"CNP0000460"	4	1	0	4	0	-0.0540160783305475	-0.0778953820477942	-0.0292282979773451	0.228918728771701	0.282026330466293	0.100348246462291	"evaluated"	"r04_C8_vs_C6"	"UCell_raw"	"EpiMP09"	"dataset"	0.117072954206006
"HRA003620"	5	1	1	4	0	-0.0627255826974802	-0.0948087784738209	-0.0345232357114351	0.233202589960981	0.313342430694657	0.177529852412154	"evaluated"	"r04_C8_vs_C6"	"UCell_raw"	"EpiMP09"	"dataset"	0.191185994905396
"InhouseData"	1	1	0	1	0	-0.0159418374474324	-0.0159418374474324	-0.0159418374474324	0.262043920436596	0.277985757884028	NA	"fewer_than_3_pairs"	"r04_C8_vs_C6"	"UCell_raw"	"EpiMP09"	"dataset"	NA
"PRJNA662018"	5	1	1	4	0	-0.00314412214674112	-0.061938714694783	-0.00211449911656045	0.211137024030488	0.239579853221543	0.105645429201877	"evaluated"	"r04_C8_vs_C6"	"UCell_raw"	"EpiMP09"	"dataset"	0.105645429201877
"MIBC"	7	4	0	7	0	-0.061938714694783	-0.0690854899229138	-0.0267656803631155	0.233474558132195	0.284184989248874	0.0224942712224497	"evaluated"	"r04_C8_vs_C6"	"UCell_raw"	"EpiMP09"	"source"	0.0262433164261913
"NMIBC"	6	3	1	5	0	-0.0540160783305475	-0.0899558674460907	-0.0105168471846046	0.213530410390796	0.289503433215071	0.0591720678258594	"evaluated"	"r04_C8_vs_C6"	"UCell_raw"	"EpiMP09"	"source"	0.0591720678258594
"Normal"	2	2	1	1	0	0.0197627804564738	0.00882414066995665	0.0307014202429909	0.241956268105304	0.22219348764883	NA	"fewer_than_3_pairs"	"r04_C8_vs_C6"	"UCell_raw"	"EpiMP09"	"source"	NA
"ALL"	15	4	15	0	0	0.0615817791341697	0.0270772780656239	0.0714297873967002	0.276912383432874	0.219273585188809	0.000726513880057952	"evaluated"	"r04_C8_vs_C6"	"UCell_raw"	"EpiMP10"	"ALL"	0.00113013270231237
"CNP0000460"	4	1	4	0	0	0.0472540541001603	0.0189928762535658	0.0806368865288214	0.278192371431025	0.225816662748798	0.100348246462291	"evaluated"	"r04_C8_vs_C6"	"UCell_raw"	"EpiMP10"	"dataset"	0.117072954206006
"HRA003620"	5	1	5	0	0	0.0299210965227607	0.0130137412343171	0.0725849262015668	0.278577040470848	0.223231554504436	0.0590582290905367	"evaluated"	"r04_C8_vs_C6"	"UCell_raw"	"EpiMP10"	"dataset"	0.0918683563630571
"InhouseData"	1	1	1	0	0	0.0378828112093626	0.0378828112093626	0.0378828112093626	0.232544887010808	0.194662075801445	NA	"fewer_than_3_pairs"	"r04_C8_vs_C6"	"UCell_raw"	"EpiMP10"	"dataset"	NA
"PRJNA662018"	5	1	5	0	0	0.0675732264435973	0.0615817791341697	0.0676200273063126	0.283097235280792	0.215003455702664	0.0590582290905367	"evaluated"	"r04_C8_vs_C6"	"UCell_raw"	"EpiMP10"	"dataset"	0.0689012672722929
"MIBC"	7	4	7	0	0	0.0615817791341697	0.0254482762218399	0.0785667486070328	0.277145752797516	0.216375606624943	0.0224942712224497	"evaluated"	"r04_C8_vs_C6"	"UCell_raw"	"EpiMP10"	"source"	0.0262433164261913
"NMIBC"	6	3	6	0	0	0.0622041214139629	0.0366495764881526	0.0713320012620745	0.274260267602222	0.213781713352134	0.0360316862182336	"evaluated"	"r04_C8_vs_C6"	"UCell_raw"	"EpiMP10"	"source"	0.0458585097322973
"Normal"	2	2	2	0	0	0.0381598124762179	0.0234297050611706	0.0528899198912652	0.284051938148585	0.245892125672367	NA	"fewer_than_3_pairs"	"r04_C8_vs_C6"	"UCell_raw"	"EpiMP10"	"source"	NA
"ALL"	15	4	14	1	0	0.0323998139308414	0.0167329340259021	0.0570094944148824	0.272098608496845	0.232821316126451	0.00109162812494216	"evaluated"	"r04_C8_vs_C6"	"UCell_raw"	"EpiMP11"	"ALL"	0.00138934488629002
"CNP0000460"	4	1	4	0	0	0.0226117650689063	0.0173877046251261	0.0258404774510548	0.241862351123241	0.221245934115966	0.100348246462291	"evaluated"	"r04_C8_vs_C6"	"UCell_raw"	"EpiMP11"	"dataset"	0.117072954206006
"HRA003620"	5	1	4	1	0	0.0510607604123906	0.01405336586008	0.0882441353855665	0.284299929446111	0.23672055529091	0.105645429201877	"evaluated"	"r04_C8_vs_C6"	"UCell_raw"	"EpiMP11"	"dataset"	0.134457818984207
"InhouseData"	1	1	1	0	0	0.0323998139308414	0.0323998139308414	0.0323998139308414	0.262447678917669	0.230047864986827	NA	"fewer_than_3_pairs"	"r04_C8_vs_C6"	"UCell_raw"	"EpiMP11"	"dataset"	NA
"PRJNA662018"	5	1	5	0	0	0.0498888727413652	0.0194125021917242	0.0629582284173743	0.286016479362299	0.238737072798304	0.0590582290905367	"evaluated"	"r04_C8_vs_C6"	"UCell_raw"	"EpiMP11"	"dataset"	0.0689012672722929
"MIBC"	7	4	7	0	0	0.0230866336923096	0.0167329340259021	0.0411443433361033	0.259004309528344	0.226114959104647	0.0224942712224497	"evaluated"	"r04_C8_vs_C6"	"UCell_raw"	"EpiMP11"	"source"	0.0262433164261913
"NMIBC"	6	3	6	0	0	0.0425813845698406	0.02512817451595	0.0599838614161283	0.283648149065371	0.238431742070891	0.0360316862182336	"evaluated"	"r04_C8_vs_C6"	"UCell_raw"	"EpiMP11"	"source"	0.0458585097322973
"Normal"	2	2	1	1	0	0.0438177453115782	0.0180565714752469	0.0695789191479096	0.283280033181024	0.239462287869446	NA	"fewer_than_3_pairs"	"r04_C8_vs_C6"	"UCell_raw"	"EpiMP11"	"source"	NA
"ALL"	15	4	0	15	0	-0.0722362608528295	-0.083506463365093	-0.0460438801857107	0.339403121833078	0.403371682501659	0.000726513880057952	"evaluated"	"r04_C8_vs_C6"	"UCell_raw"	"EpiMP12"	"ALL"	0.00113013270231237
"CNP0000460"	4	1	0	4	0	-0.0774071428598587	-0.0840042329256721	-0.0661766015408442	0.330185222817598	0.402958914424255	0.100348246462291	"evaluated"	"r04_C8_vs_C6"	"UCell_raw"	"EpiMP12"	"dataset"	0.117072954206006
"HRA003620"	5	1	0	5	0	-0.0610041465141322	-0.0840446380042529	-0.0607694766272616	0.330240620759442	0.390792448125128	0.0590582290905367	"evaluated"	"r04_C8_vs_C6"	"UCell_raw"	"EpiMP12"	"dataset"	0.0918683563630571
"InhouseData"	1	1	0	1	0	-0.0766686809667482	-0.0766686809667482	-0.0766686809667482	0.391859503293888	0.468528184260636	NA	"fewer_than_3_pairs"	"r04_C8_vs_C6"	"UCell_raw"	"EpiMP12"	"dataset"	NA
"PRJNA662018"	5	1	0	5	0	-0.044090136766533	-0.0832182014888016	-0.0390836575721751	0.345448665826937	0.403249830988319	0.0590582290905367	"evaluated"	"r04_C8_vs_C6"	"UCell_raw"	"EpiMP12"	"dataset"	0.0689012672722929
"MIBC"	7	4	0	7	0	-0.0766686809667482	-0.0846809464734186	-0.054383550116075	0.340931970864658	0.410527780580986	0.0224942712224497	"evaluated"	"r04_C8_vs_C6"	"UCell_raw"	"EpiMP12"	"source"	0.0262433164261913
"NMIBC"	6	3	0	6	0	-0.0666202036834809	-0.0799925838633733	-0.0445637798076644	0.326933098418968	0.38989407051035	0.0360316862182336	"evaluated"	"r04_C8_vs_C6"	"UCell_raw"	"EpiMP12"	"source"	0.0458585097322973
"Normal"	2	2	0	2	0	-0.0472959547330676	-0.065545339987226	-0.0290465694789093	0.371462220464879	0.418758175197946	NA	"fewer_than_3_pairs"	"r04_C8_vs_C6"	"UCell_raw"	"EpiMP12"	"source"	NA
"ALL"	15	4	15	0	0	0.0177569079112927	0.0140409322556027	0.0210007583151567	0.101520477003824	0.0843754643114086	0.000726513880057952	"evaluated"	"r04_C8_vs_C6"	"UCell_raw"	"EpiMP13"	"ALL"	0.00113013270231237
"CNP0000460"	4	1	4	0	0	0.0187346181326318	0.0136563454115377	0.0210367344297172	0.0998327718558016	0.0838743101471784	0.100348246462291	"evaluated"	"r04_C8_vs_C6"	"UCell_raw"	"EpiMP13"	"dataset"	0.117072954206006
"HRA003620"	5	1	5	0	0	0.0177569079112927	0.0155616997733397	0.0211438728394128	0.0931232925578629	0.0751602922099945	0.0590582290905367	"evaluated"	"r04_C8_vs_C6"	"UCell_raw"	"EpiMP13"	"dataset"	0.0918683563630571
"InhouseData"	1	1	1	0	0	0.0125201647378657	0.0125201647378657	0.0125201647378657	0.137492123941768	0.124971959203902	NA	"fewer_than_3_pairs"	"r04_C8_vs_C6"	"UCell_raw"	"EpiMP13"	"dataset"	NA
"PRJNA662018"	5	1	5	0	0	0.0202455650613858	0.0163137600235367	0.0207129356963109	0.104073496180614	0.085872260765708	0.0590582290905367	"evaluated"	"r04_C8_vs_C6"	"UCell_raw"	"EpiMP13"	"dataset"	0.0689012672722929
"MIBC"	7	4	7	0	0	0.0202455650613858	0.0145658786061144	0.0213589395927901	0.099043688120157	0.0821229623075833	0.0224942712224497	"evaluated"	"r04_C8_vs_C6"	"UCell_raw"	"EpiMP13"	"source"	0.0262433164261913
"NMIBC"	6	3	6	0	0	0.0159377298984382	0.0122503496409038	0.0197216728490595	0.103820883467058	0.0871108391186228	0.0360316862182336	"evaluated"	"r04_C8_vs_C6"	"UCell_raw"	"EpiMP13"	"source"	0.0458585097322973
"Normal"	2	2	2	0	0	0.0192349218038018	0.0184959148575473	0.0199739287500564	0.103288018706956	0.0840530969031545	NA	"fewer_than_3_pairs"	"r04_C8_vs_C6"	"UCell_raw"	"EpiMP13"	"source"	NA
"ALL"	15	4	0	15	0	-0.0875545957740658	-0.105644754073946	-0.0757329876223201	0.3342432475371	0.421350698367985	0.000726513880057952	"evaluated"	"r04_C8_vs_C6"	"UCell_raw"	"EpiMP14"	"ALL"	0.00113013270231237
"CNP0000460"	4	1	0	4	0	-0.0970201271336509	-0.106706222485102	-0.0854145880941246	0.319506547622401	0.414607231067977	0.100348246462291	"evaluated"	"r04_C8_vs_C6"	"UCell_raw"	"EpiMP14"	"dataset"	0.117072954206006
"HRA003620"	5	1	0	5	0	-0.0869834330599139	-0.101726353191257	-0.0724714101903392	0.322178626834072	0.40490473040615	0.0590582290905367	"evaluated"	"r04_C8_vs_C6"	"UCell_raw"	"EpiMP14"	"dataset"	0.0918683563630571
"InhouseData"	1	1	0	1	0	-0.0890978688994966	-0.0890978688994966	-0.0890978688994966	0.288253645303493	0.377351514202989	NA	"fewer_than_3_pairs"	"r04_C8_vs_C6"	"UCell_raw"	"EpiMP14"	"dataset"	NA
"PRJNA662018"	5	1	0	5	0	-0.0872404310573673	-0.104803849654656	-0.0652190968174609	0.367295148618609	0.451991277002826	0.0590582290905367	"evaluated"	"r04_C8_vs_C6"	"UCell_raw"	"EpiMP14"	"dataset"	0.0689012672722929
"MIBC"	7	4	0	7	0	-0.101726353191257	-0.108984993956821	-0.088169149978432	0.313249831159105	0.412076528334353	0.0224942712224497	"evaluated"	"r04_C8_vs_C6"	"UCell_raw"	"EpiMP14"	"source"	0.0262433164261913
"NMIBC"	6	3	0	6	0	-0.0761012649386874	-0.0874118050955278	-0.0533994669150564	0.340494366313281	0.413419303378538	0.0360316862182336	"evaluated"	"r04_C8_vs_C6"	"UCell_raw"	"EpiMP14"	"source"	0.0458585097322973
"Normal"	2	2	0	2	0	-0.0886376299224976	-0.0967207397885768	-0.0805545200564184	0.388966848531538	0.477604478454036	NA	"fewer_than_3_pairs"	"r04_C8_vs_C6"	"UCell_raw"	"EpiMP14"	"source"	NA
"ALL"	21	4	0	21	0	-15.7189942261407	-33.0618751739527	-9.32926807046396	17.3234543715845	40.5808229879377	6.4115163065495e-05	"evaluated"	"r04_C8_vs_C3"	"usage_raw"	"EpiMP01"	"ALL"	0.000259730675191152
"CNP0000460"	9	1	0	9	0	-33.0618751739527	-42.0293982219782	-27.4256740389856	18.4120893780775	53.6597282054958	0.00915168885265007	"evaluated"	"r04_C8_vs_C3"	"usage_raw"	"EpiMP01"	"dataset"	0.0256247287874202
"HRA003620"	5	1	0	5	0	-8.40852998255001	-9.32926807046396	-4.74521975534157	27.170137434429	35.0699104871647	0.0590582290905367	"evaluated"	"r04_C8_vs_C3"	"usage_raw"	"EpiMP01"	"dataset"	0.118116458181073
"InhouseData"	3	1	0	3	0	-20.6589548364106	-38.6202132145555	-14.0663109899478	9.69315566036613	37.9311868512314	0.18144920772142	"evaluated"	"r04_C8_vs_C3"	"usage_raw"	"EpiMP01"	"dataset"	0.254028890809988
"PRJNA662018"	4	1	0	4	0	-12.1395242380806	-12.8223030401181	-11.0579793630568	8.28839581183349	20.0291539769278	0.100348246462291	"evaluated"	"r04_C8_vs_C3"	"usage_raw"	"EpiMP01"	"dataset"	0.140487545047207
"Normal"	6	3	0	6	0	-21.5723341325631	-35.1911700134415	-13.1002876419629	15.2637234625759	41.9309580716378	0.0360316862182336	"evaluated"	"r04_C8_vs_C3"	"usage_raw"	"EpiMP01"	"source"	0.100888721411054
"MIBC"	10	4	0	10	0	-13.7483163161898	-26.3069643529237	-9.07061203132206	10.844273357473	33.1568941245139	0.00592153702414871	"evaluated"	"r04_C8_vs_C3"	"usage_raw"	"EpiMP01"	"source"	0.0118430740482974
"NMIBC"	5	2	0	5	0	-19.5577309230593	-33.0618751739527	-9.32926807046396	32.7534934906179	53.8085186143451	0.0590582290905367	"evaluated"	"r04_C8_vs_C3"	"usage_raw"	"EpiMP01"	"source"	0.118116458181073
"ALL"	21	4	13	8	0	0.581984045281331	-6.96393376920113	1.9693370347949	4.55174794319535	7.31872324655529	0.780965379727014	"evaluated"	"r04_C8_vs_C3"	"usage_raw"	"EpiMP02"	"ALL"	0.899018343466687
"CNP0000460"	9	1	4	5	0	-6.96393376920113	-9.5800720226536	0.623062990679471	5.91007027153429	12.5497101110328	0.286320596793059	"evaluated"	"r04_C8_vs_C3"	"usage_raw"	"EpiMP02"	"dataset"	0.400848835510283
"HRA003620"	5	1	5	0	0	0.659841201024237	0.609978176825482	2.14308271225303	1.97246161016471	0.474415706901949	0.0590582290905367	"evaluated"	"r04_C8_vs_C3"	"usage_raw"	"EpiMP02"	"dataset"	0.118116458181073
"InhouseData"	3	1	3	0	0	2.04017193001679	1.02148939469936	2.71743194975344	5.40147785981393	3.58892094018433	0.18144920772142	"evaluated"	"r04_C8_vs_C3"	"usage_raw"	"EpiMP02"	"dataset"	0.254028890809988
"PRJNA662018"	4	1	1	3	0	-1.88453529979801	-3.79320563361886	-0.910735438747887	4.0823331832571	6.90173895582585	0.583882420770365	"evaluated"	"r04_C8_vs_C3"	"usage_raw"	"EpiMP02"	"dataset"	0.628796453137316
"Normal"	6	3	3	3	0	-4.43395567432418	-9.55452639835866	0.619791787215974	2.21982070488185	10.3365091108107	0.401678166469773	"evaluated"	"r04_C8_vs_C3"	"usage_raw"	"EpiMP02"	"source"	0.432576486967448
"MIBC"	10	4	6	4	0	0.292395452331627	-1.89142315139927	2.02246320621132	5.71438070718601	7.22505744907619	0.918812683274642	"evaluated"	"r04_C8_vs_C3"	"usage_raw"	"EpiMP02"	"source"	0.989490581988076
"NMIBC"	5	2	4	1	0	0.659841201024237	0.517561363058083	1.24082711789891	5.02479510119024	3.88471180440701	0.41849223344682	"evaluated"	"r04_C8_vs_C3"	"usage_raw"	"EpiMP02"	"source"	0.532626478932316
"ALL"	21	4	18	3	0	7.89518070324574	2.28902555066581	23.11388324393	21.1197960290095	6.05353331198051	0.000747621972734611	"evaluated"	"r04_C8_vs_C3"	"usage_raw"	"EpiMP03"	"ALL"	0.00116296751314273
"CNP0000460"	9	1	8	1	0	6.31271481283974	3.39922677844581	19.0265926753511	19.5764086442164	5.75796491489533	0.0128512401874965	"evaluated"	"r04_C8_vs_C3"	"usage_raw"	"EpiMP03"	"dataset"	0.025702480374993
"HRA003620"	5	1	3	2	0	31.666638072541	-2.32753474760139	48.6355571720691	32.9558932135353	7.71866684035871	0.280712665268496	"evaluated"	"r04_C8_vs_C3"	"usage_raw"	"EpiMP03"	"dataset"	0.392997731375894
"InhouseData"	3	1	3	0	0	8.11948745279554	4.71159363587867	17.8783116383811	22.1756681943098	9.82222716240181	0.18144920772142	"evaluated"	"r04_C8_vs_C3"	"usage_raw"	"EpiMP03"	"dataset"	0.254028890809988
"PRJNA662018"	4	1	4	0	0	6.08663505439543	3.47689790744448	9.80450427997901	9.00539204016152	1.81062490713346	0.100348246462291	"evaluated"	"r04_C8_vs_C3"	"usage_raw"	"EpiMP03"	"dataset"	0.140487545047207
"Normal"	6	3	3	3	0	0.877120793155932	-1.87934705178953	9.6131800838447	8.20517040214483	5.42172920317893	0.674986713970489	"evaluated"	"r04_C8_vs_C3"	"usage_raw"	"EpiMP03"	"source"	0.674986713970489
"MIBC"	10	4	10	0	0	7.10394775804274	4.60197562492288	16.2998163697122	19.2349520983709	6.24941054227354	0.00592153702414871	"evaluated"	"r04_C8_vs_C3"	"usage_raw"	"EpiMP03"	"source"	0.0118430740482974
"NMIBC"	5	2	5	0	0	31.666638072541	23.11388324393	53.1311352557176	40.3870346425243	6.41994378195636	0.0590582290905367	"evaluated"	"r04_C8_vs_C3"	"usage_raw"	"EpiMP03"	"source"	0.118116458181073
"ALL"	21	4	21	0	0	46.1924265724324	28.7046181684564	66.7315405397794	61.7277254663195	13.1898313675658	6.4115163065495e-05	"evaluated"	"r04_C8_vs_C3"	"usage_raw"	"EpiMP04"	"ALL"	0.000259730675191152
"CNP0000460"	9	1	9	0	0	66.7315405397794	41.6168307253408	78.3182546990902	74.2960433304809	13.8903896341346	0.00915168885265007	"evaluated"	"r04_C8_vs_C3"	"usage_raw"	"EpiMP04"	"dataset"	0.0256247287874202
"HRA003620"	5	1	5	0	0	46.8029445789092	21.2142948531071	50.5820647746204	47.6328788898577	11.4463872761197	0.0590582290905367	"evaluated"	"r04_C8_vs_C3"	"usage_raw"	"EpiMP04"	"dataset"	0.118116458181073
"InhouseData"	3	1	3	0	0	28.7046181684564	27.575237874629	34.9170174957031	53.9870416294452	21.893744105376	0.18144920772142	"evaluated"	"r04_C8_vs_C3"	"usage_raw"	"EpiMP04"	"dataset"	0.254028890809988
"PRJNA662018"	4	1	4	0	0	45.8805103041622	38.2444084963515	57.2442373492636	56.8730813701891	7.26494582873614	0.100348246462291	"evaluated"	"r04_C8_vs_C3"	"usage_raw"	"EpiMP04"	"dataset"	0.140487545047207
"Normal"	6	3	6	0	0	71.4417640139994	54.6194337159102	77.7766878963725	76.6919696858562	12.7356730023722	0.0360316862182336	"evaluated"	"r04_C8_vs_C3"	"usage_raw"	"EpiMP04"	"source"	0.100888721411054
"MIBC"	10	4	10	0	0	35.6694503539904	27.0105477277153	41.494977249743	49.3432301982381	12.7257019633961	0.00592153702414871	"evaluated"	"r04_C8_vs_C3"	"usage_raw"	"EpiMP04"	"source"	0.0118430740482974
"NMIBC"	5	2	5	0	0	46.8029445789092	46.1924265724324	56.3180059986889	68.5396229390383	14.6630802141378	0.0590582290905367	"evaluated"	"r04_C8_vs_C3"	"usage_raw"	"EpiMP04"	"source"	0.118116458181073
"ALL"	21	4	11	10	0	4.61614210819148	-16.0033041915942	18.154847562601	44.3038502374845	45.1352474880536	0.834802747504781	"evaluated"	"r04_C8_vs_C3"	"usage_raw"	"EpiMP05"	"ALL"	0.899018343466687
"CNP0000460"	9	1	5	4	0	13.2407534007914	-14.7845346033311	21.2732323609817	42.4589530276872	43.0720693936417	0.905695442034309	"evaluated"	"r04_C8_vs_C3"	"usage_raw"	"EpiMP05"	"dataset"	0.975364322190795
"HRA003620"	5	1	2	3	0	-0.931316842831713	-16.0033041915942	32.2763534012674	56.8320958456779	42.243618360616	0.787406490666269	"evaluated"	"r04_C8_vs_C3"	"usage_raw"	"EpiMP05"	"dataset"	0.847976220717521
"InhouseData"	3	1	1	2	0	-4.97512931687621	-50.2645547452679	-0.179493604342362	42.987420632509	74.9584097599571	0.422678074170636	"evaluated"	"r04_C8_vs_C3"	"usage_raw"	"EpiMP05"	"dataset"	0.455191772183761
"PRJNA662018"	4	1	3	1	0	9.66855241042046	1.20873888053989	11.217134777049	33.7818841530185	31.0245629058501	0.855132140584706	"evaluated"	"r04_C8_vs_C3"	"usage_raw"	"EpiMP05"	"dataset"	0.855132140584706
"Normal"	6	3	4	2	0	21.5129449056336	-5.7700928622529	29.645429413522	50.7841452046363	31.5915065138892	0.142213241936393	"evaluated"	"r04_C8_vs_C3"	"usage_raw"	"EpiMP05"	"source"	0.248873173388687
"MIBC"	10	4	5	5	0	1.84241263267988	-9.32939601047403	10.3448722742089	40.6676295402964	48.8450371677901	1	"evaluated"	"r04_C8_vs_C3"	"usage_raw"	"EpiMP05"	"source"	1
"NMIBC"	5	2	2	3	0	-16.0033041915942	-17.1502510031818	13.2407534007914	43.7999376712787	53.9681572975781	0.589638551626567	"evaluated"	"r04_C8_vs_C3"	"usage_raw"	"EpiMP05"	"source"	0.634995363290149
"ALL"	21	4	0	21	0	-24.1596737018133	-36.2027817025702	-15.8516081480468	6.04776572404964	32.1418273719403	6.4115163065495e-05	"evaluated"	"r04_C8_vs_C3"	"usage_raw"	"EpiMP06"	"ALL"	0.000259730675191152
"CNP0000460"	9	1	0	9	0	-30.6528878866361	-32.8954802478195	-18.2631092842985	3.00125233859029	30.7389653668961	0.00915168885265007	"evaluated"	"r04_C8_vs_C3"	"usage_raw"	"EpiMP06"	"dataset"	0.0256247287874202
"HRA003620"	5	1	0	5	0	-22.8054264088401	-36.8461442092926	-10.9938174980021	4.66215108114908	31.2758954119418	0.0590582290905367	"evaluated"	"r04_C8_vs_C3"	"usage_raw"	"EpiMP06"	"dataset"	0.118116458181073
"InhouseData"	3	1	0	3	0	-12.1849196905696	-24.1938506965699	-6.70244515920027	17.4856799711685	34.0215706448254	0.18144920772142	"evaluated"	"r04_C8_vs_C3"	"usage_raw"	"EpiMP06"	"dataset"	0.254028890809988
"PRJNA662018"	4	1	0	4	0	-26.511959821104	-33.1932306919909	-22.2336000481175	6.0560034596197	34.9708743786241	0.100348246462291	"evaluated"	"r04_C8_vs_C3"	"usage_raw"	"EpiMP06"	"dataset"	0.140487545047207
"Normal"	6	3	0	6	0	-38.4617808071622	-42.3831525450355	-33.8831462381878	2.62927699031334	41.7318375773488	0.0360316862182336	"evaluated"	"r04_C8_vs_C3"	"usage_raw"	"EpiMP06"	"source"	0.100888721411054
"MIBC"	10	4	0	10	0	-17.3592441856644	-29.0295843404304	-13.1015918049389	8.83013031806904	29.9114806999457	0.00592153702414871	"evaluated"	"r04_C8_vs_C3"	"usage_raw"	"EpiMP06"	"source"	0.0118430740482974
"NMIBC"	5	2	0	5	0	-22.7640713514567	-22.8054264088401	-14.3159233480906	4.5852230164944	25.0945084694395	0.0590582290905367	"evaluated"	"r04_C8_vs_C3"	"usage_raw"	"EpiMP06"	"source"	0.118116458181073
"ALL"	21	4	19	2	0	44.641183334337	12.3155334939835	57.7881129081354	138.63632537512	97.8341261694895	0.00017415564105844	"evaluated"	"r04_C8_vs_C3"	"usage_raw"	"EpiMP07"	"ALL"	0.00034831128211688
"CNP0000460"	9	1	9	0	0	57.6393909932839	44.641183334337	62.6246579885211	142.750498879855	91.610874533247	0.00915168885265007	"evaluated"	"r04_C8_vs_C3"	"usage_raw"	"EpiMP07"	"dataset"	0.0256247287874202
"HRA003620"	5	1	3	2	0	5.30409400652765	-3.36353131506942	27.2160311859391	97.1995328568421	86.3633313596825	0.41849223344682	"evaluated"	"r04_C8_vs_C3"	"usage_raw"	"EpiMP07"	"dataset"	0.532626478932316
"InhouseData"	3	1	3	0	0	37.4048888613741	24.8602111776788	69.4657491107473	165.037899451247	114.622222212754	0.18144920772142	"evaluated"	"r04_C8_vs_C3"	"usage_raw"	"EpiMP07"	"dataset"	0.254028890809988
"PRJNA662018"	4	1	4	0	0	52.2424490363973	37.6807985353362	62.3520317504348	161.374245080219	113.583863830846	0.100348246462291	"evaluated"	"r04_C8_vs_C3"	"usage_raw"	"EpiMP07"	"dataset"	0.140487545047207
"Normal"	6	3	4	2	0	50.2904489638745	8.63764734728219	60.9534221397438	135.731239187735	96.3435091614092	0.142213241936393	"evaluated"	"r04_C8_vs_C3"	"usage_raw"	"EpiMP07"	"source"	0.248873173388687
"MIBC"	10	4	10	0	0	42.9750361703784	16.5924502200251	75.6387656431614	150.684111361301	103.843849423435	0.00592153702414871	"evaluated"	"r04_C8_vs_C3"	"usage_raw"	"EpiMP07"	"source"	0.0118430740482974
"NMIBC"	5	2	5	0	0	36.5779535928039	5.30409400652765	49.7154838764931	118.02685682762	87.603420071295	0.0590582290905367	"evaluated"	"r04_C8_vs_C3"	"usage_raw"	"EpiMP07"	"source"	0.118116458181073
"ALL"	21	4	4	17	0	-14.6134090882529	-23.1619715609789	-4.33121470934549	31.8856642730813	45.0779157511565	0.019871648498973	"evaluated"	"r04_C8_vs_C3"	"usage_raw"	"EpiMP08"	"ALL"	0.0278203078985622
"CNP0000460"	9	1	4	5	0	-4.33121470934549	-14.6134090882529	12.3791631367097	37.4917003484244	37.9114448985772	1	"evaluated"	"r04_C8_vs_C3"	"usage_raw"	"EpiMP08"	"dataset"	1
"HRA003620"	5	1	0	5	0	-28.5953850090309	-46.9561025327784	-14.6862436750776	22.8444688571663	53.5390137553137	0.0590582290905367	"evaluated"	"r04_C8_vs_C3"	"usage_raw"	"EpiMP08"	"dataset"	0.118116458181073
"InhouseData"	3	1	0	3	0	-22.1492634438782	-34.0481710923213	-13.9765276618589	26.1890521334735	50.8224301549676	0.18144920772142	"evaluated"	"r04_C8_vs_C3"	"usage_raw"	"EpiMP08"	"dataset"	0.254028890809988
"PRJNA662018"	4	1	0	4	0	-12.9744267099512	-16.7273892058741	-7.7187178873235	34.8460364781589	46.3177168614052	0.100348246462291	"evaluated"	"r04_C8_vs_C3"	"usage_raw"	"EpiMP08"	"dataset"	0.140487545047207
"Normal"	6	3	1	5	0	-9.83525869151069	-19.8731745902061	-5.66434445829252	28.529390190725	42.1528306989608	0.208412803684149	"evaluated"	"r04_C8_vs_C3"	"usage_raw"	"EpiMP08"	"source"	0.324197694619787
"MIBC"	10	4	2	8	0	-15.2777394151338	-21.3827844822717	-2.09183835668294	34.5136591353514	46.7142011183725	0.126278928554698	"evaluated"	"r04_C8_vs_C3"	"usage_raw"	"EpiMP08"	"source"	0.160718636342343
"NMIBC"	5	2	1	4	0	-14.6862436750776	-28.5953850090309	-7.22324305601413	30.6572034473686	45.3154470793596	0.41849223344682	"evaluated"	"r04_C8_vs_C3"	"usage_raw"	"EpiMP08"	"source"	0.532626478932316
"ALL"	21	4	3	18	0	-7.95126613457184	-17.6297007579974	-1.70827776741992	11.4796832769238	23.4030630507901	0.000579552796285747	"evaluated"	"r04_C8_vs_C3"	"usage_raw"	"EpiMP09"	"ALL"	0.00101421739350006
"CNP0000460"	9	1	1	8	0	-7.52567612749116	-9.14671867809065	-1.70827776741992	9.25241506752298	15.4724596451826	0.0329693812442201	"evaluated"	"r04_C8_vs_C3"	"usage_raw"	"EpiMP09"	"dataset"	0.0512857041576757
"HRA003620"	5	1	0	5	0	-17.6297007579974	-27.2034175938277	-12.2440668162281	12.5716184109236	39.1702915305603	0.0590582290905367	"evaluated"	"r04_C8_vs_C3"	"usage_raw"	"EpiMP09"	"dataset"	0.118116458181073
"InhouseData"	3	1	2	1	0	0.558819635053361	-12.6866800290523	1.27436207545447	17.0411695840953	24.835654764845	1	"evaluated"	"r04_C8_vs_C3"	"usage_raw"	"EpiMP09"	"dataset"	1
"PRJNA662018"	4	1	0	4	0	-7.4873964888155	-14.0241115860853	-2.97172313068609	10.9550031001972	20.463441328153	0.100348246462291	"evaluated"	"r04_C8_vs_C3"	"usage_raw"	"EpiMP09"	"dataset"	0.140487545047207
"Normal"	6	3	1	5	0	-1.66025677375092	-4.0707411155794	-0.681238330556298	9.4071898719455	12.7911918046054	0.29450739368011	"evaluated"	"r04_C8_vs_C3"	"usage_raw"	"EpiMP09"	"source"	0.374827591956504
"MIBC"	10	4	2	8	0	-9.75058676565769	-19.2960890491937	-4.4500832175384	14.0280110795214	25.5609627059538	0.0144328239388418	"evaluated"	"r04_C8_vs_C3"	"usage_raw"	"EpiMP09"	"source"	0.0202059535143785
"NMIBC"	5	2	0	5	0	-12.2440668162281	-18.0273345445157	-9.14671867809065	8.8700197577026	31.8215092358844	0.0590582290905367	"evaluated"	"r04_C8_vs_C3"	"usage_raw"	"EpiMP09"	"source"	0.118116458181073
"ALL"	21	4	12	9	0	2.95890403394406	-0.938607821353244	8.40402181173308	8.57479552119935	4.81953074078167	0.109853514160051	"evaluated"	"r04_C8_vs_C3"	"usage_raw"	"EpiMP10"	"ALL"	0.139813563476428
"CNP0000460"	9	1	5	4	0	0.00955945727163199	-0.938607821353244	6.32516164642414	8.26272415972436	3.42604044775104	0.343252562436031	"evaluated"	"r04_C8_vs_C3"	"usage_raw"	"EpiMP10"	"dataset"	0.436866897645858
"HRA003620"	5	1	2	3	0	-0.304440688324191	-8.17675385670856	8.40402181173308	6.95380123632254	9.20558281596373	1	"evaluated"	"r04_C8_vs_C3"	"usage_raw"	"EpiMP10"	"dataset"	1
"InhouseData"	3	1	2	1	0	3.24690420809097	0.238087378574329	3.7040841186404	5.82516574509566	4.27935281631617	0.422678074170636	"evaluated"	"r04_C8_vs_C3"	"usage_raw"	"EpiMP10"	"dataset"	0.455191772183761
"PRJNA662018"	4	1	3	1	0	11.522654134097	4.41008158673169	17.600541570585	13.3654212726918	2.87745224947212	0.201242620957724	"evaluated"	"r04_C8_vs_C3"	"usage_raw"	"EpiMP10"	"dataset"	0.256126972128012
"Normal"	6	3	1	5	0	-0.653522383559469	-2.20077098957698	-0.320439752684567	3.89270247079587	7.17685082328036	0.29450739368011	"evaluated"	"r04_C8_vs_C3"	"usage_raw"	"EpiMP10"	"source"	0.374827591956504
"MIBC"	10	4	8	2	0	5.24321283780698	3.03090407748079	15.4082145131573	11.5768862047134	3.74422142307561	0.0144328239388418	"evaluated"	"r04_C8_vs_C3"	"usage_raw"	"EpiMP10"	"source"	0.0202059535143785
"NMIBC"	5	2	3	2	0	0.00955945727163199	-2.19801845686106	8.40402181173308	8.18912581465549	4.14136527719534	0.589638551626567	"evaluated"	"r04_C8_vs_C3"	"usage_raw"	"EpiMP10"	"source"	0.634995363290149
"ALL"	21	4	19	2	0	14.4542150477602	5.20892563715558	23.0204767618274	20.6667233608844	5.39434877896653	0.000131655236839861	"evaluated"	"r04_C8_vs_C3"	"usage_raw"	"EpiMP11"	"ALL"	0.000307195552626343
"CNP0000460"	9	1	8	1	0	14.4542150477602	5.20892563715558	23.0204767618274	21.8016690933856	6.80274546601296	0.0128512401874965	"evaluated"	"r04_C8_vs_C3"	"usage_raw"	"EpiMP11"	"dataset"	0.025702480374993
"HRA003620"	5	1	4	1	0	12.528138769545	1.43819555867551	13.8888151748806	14.4495441882966	5.85270921101896	0.177529852412154	"evaluated"	"r04_C8_vs_C3"	"usage_raw"	"EpiMP11"	"dataset"	0.276157548196683
"InhouseData"	3	1	3	0	0	25.1399594008426	15.8071378259047	29.8443070192204	26.0451890178186	3.99087892134939	0.18144920772142	"evaluated"	"r04_C8_vs_C3"	"usage_raw"	"EpiMP11"	"dataset"	0.254028890809988
"PRJNA662018"	4	1	4	0	0	18.4956291602482	13.3579987726694	24.28324248711	21.8507201857906	2.7051080862594	0.100348246462291	"evaluated"	"r04_C8_vs_C3"	"usage_raw"	"EpiMP11"	"dataset"	0.140487545047207
"Normal"	6	3	5	1	0	13.3363386673112	4.13326224072217	22.5192128400902	21.3908834168948	6.91461754680536	0.0934924836898357	"evaluated"	"r04_C8_vs_C3"	"usage_raw"	"EpiMP11"	"source"	0.218149128609617
"MIBC"	10	4	9	1	0	18.4956291602482	8.32794098194534	24.6100887410888	21.4967176448451	4.01139221409288	0.00804523748656169	"evaluated"	"r04_C8_vs_C3"	"usage_raw"	"EpiMP11"	"source"	0.014079165601483
"NMIBC"	5	2	5	0	0	12.528138769545	5.20892563715558	17.8615770708598	18.1377427257503	6.33593938730725	0.0590582290905367	"evaluated"	"r04_C8_vs_C3"	"usage_raw"	"EpiMP11"	"source"	0.118116458181073
"ALL"	21	4	1	20	0	-2.30231569612036	-4.71071860239399	-1.34123573453937	5.09347759963108	10.715422922444	9.90706381988885e-05	"evaluated"	"r04_C8_vs_C3"	"usage_raw"	"EpiMP12"	"ALL"	0.000277397786956888
"CNP0000460"	9	1	1	8	0	-2.2748456944833	-4.08213980147408	-1.21065199482259	6.7426888041329	12.769961440996	0.0178171887595787	"evaluated"	"r04_C8_vs_C3"	"usage_raw"	"EpiMP12"	"dataset"	0.0311800803292628
"HRA003620"	5	1	0	5	0	-3.68030974806727	-3.88809442521756	-3.0510796405688	1.37522951623153	4.89258172038571	0.0590582290905367	"evaluated"	"r04_C8_vs_C3"	"usage_raw"	"EpiMP12"	"dataset"	0.118116458181073
"InhouseData"	3	1	0	3	0	-4.71071860239399	-13.1457503205106	-3.17940023841129	9.36770156836016	18.6808957401768	0.18144920772142	"evaluated"	"r04_C8_vs_C3"	"usage_raw"	"EpiMP12"	"dataset"	0.254028890809988
"PRJNA662018"	4	1	0	4	0	-1.80200048521359	-5.29251399426207	-1.0817501187223	2.82489451720463	7.3971581449754	0.100348246462291	"evaluated"	"r04_C8_vs_C3"	"usage_raw"	"EpiMP12"	"dataset"	0.140487545047207
"Normal"	6	3	0	6	0	-3.62055200785152	-13.8466063523283	-2.09694558953103	7.07769510955866	15.9137258817229	0.0360316862182336	"evaluated"	"r04_C8_vs_C3"	"usage_raw"	"EpiMP12"	"source"	0.100888721411054
"MIBC"	10	4	0	10	0	-1.9554235551582	-4.29580886193769	-1.24731794682652	4.69023320863175	9.87270147584649	0.00592153702414871	"evaluated"	"r04_C8_vs_C3"	"usage_raw"	"EpiMP12"	"source"	0.0118430740482974
"NMIBC"	5	2	1	4	0	-3.68030974806727	-3.88809442521756	-2.2748456944833	3.51890536971667	6.16290226450432	0.105645429201877	"evaluated"	"r04_C8_vs_C3"	"usage_raw"	"EpiMP12"	"source"	0.164337334314031
"ALL"	21	4	9	12	0	-0.509344916954166	-2.48951078522724	4.97412736557564	12.317354297215	12.2480390404925	0.972272990639196	"evaluated"	"r04_C8_vs_C3"	"usage_raw"	"EpiMP13"	"ALL"	0.972272990639196
"CNP0000460"	9	1	4	5	0	-0.370430370601188	-0.645194314505704	5.00470525068959	13.4124739467383	10.988991889884	0.722282962716192	"evaluated"	"r04_C8_vs_C3"	"usage_raw"	"EpiMP13"	"dataset"	0.842663456502224
"HRA003620"	5	1	2	3	0	-1.02094063688762	-2.48951078522724	1.10463386892946	6.26762269436586	9.33856702377914	0.589638551626567	"evaluated"	"r04_C8_vs_C3"	"usage_raw"	"EpiMP13"	"dataset"	0.687911643564328
"InhouseData"	3	1	2	1	0	6.29256277044749	2.42279875280088	8.18295876508381	22.3052942315176	17.3323101430769	0.422678074170636	"evaluated"	"r04_C8_vs_C3"	"usage_raw"	"EpiMP13"	"dataset"	0.455191772183761
"PRJNA662018"	4	1	1	3	0	-4.23398288370282	-7.94413728434585	-1.26983278405004	9.92454463862205	14.9045318233151	0.361310428526179	"evaluated"	"r04_C8_vs_C3"	"usage_raw"	"EpiMP13"	"dataset"	0.421528833280542
"Normal"	6	3	2	4	0	-1.84839383026289	-3.13574232175076	0.0476956268885909	12.8751604206306	14.3473476389548	0.401678166469773	"evaluated"	"r04_C8_vs_C3"	"usage_raw"	"EpiMP13"	"source"	0.432576486967448
"MIBC"	10	4	5	5	0	0.969190555062283	-2.81862155247698	4.99706077941111	13.7700292547131	13.5682890140863	0.759765825978067	"evaluated"	"r04_C8_vs_C3"	"usage_raw"	"EpiMP13"	"source"	0.886393463641078
"NMIBC"	5	2	2	3	0	-0.509344916954166	-0.645194314505704	1.10463386892946	8.74263703411997	7.08836877515018	0.787406490666269	"evaluated"	"r04_C8_vs_C3"	"usage_raw"	"EpiMP13"	"source"	0.787406490666269
"ALL"	21	4	1	20	0	-7.33252321538942	-10.6649767855028	-4.05941287422152	3.80071714958668	11.1664176123424	7.42087643403292e-05	"evaluated"	"r04_C8_vs_C3"	"usage_raw"	"EpiMP14"	"ALL"	0.000259730675191152
"CNP0000460"	9	1	0	9	0	-8.99723386200395	-11.0083626151427	-6.71484275201539	3.13177281956406	12.3109062757171	0.00915168885265007	"evaluated"	"r04_C8_vs_C3"	"usage_raw"	"EpiMP14"	"dataset"	0.0256247287874202
"HRA003620"	5	1	1	4	0	-7.02323523390492	-10.5269702589951	-3.49283873184277	3.38242944096157	10.3444484814852	0.105645429201877	"evaluated"	"r04_C8_vs_C3"	"usage_raw"	"EpiMP14"	"dataset"	0.184879501103285
"InhouseData"	3	1	0	3	0	-8.56338760940603	-9.61418219745444	-5.15593874476285	3.25251972717591	10.2448044855188	0.18144920772142	"evaluated"	"r04_C8_vs_C3"	"usage_raw"	"EpiMP14"	"dataset"	0.254028890809988
"PRJNA662018"	4	1	0	4	0	-4.07678402411918	-4.90374718435999	-3.24317662347072	6.23984959472703	10.3099893784385	0.100348246462291	"evaluated"	"r04_C8_vs_C3"	"usage_raw"	"EpiMP14"	"dataset"	0.140487545047207
"Normal"	6	3	0	6	0	-8.45029394533301	-10.1445361597473	-4.5954675560476	2.63742070968769	10.6836807566211	0.0360316862182336	"evaluated"	"r04_C8_vs_C3"	"usage_raw"	"EpiMP14"	"source"	0.100888721411054
"MIBC"	10	4	0	10	0	-6.86903899296016	-8.25567151090188	-4.06809844917035	4.33106693076246	10.7041407758467	0.00592153702414871	"evaluated"	"r04_C8_vs_C3"	"usage_raw"	"EpiMP14"	"source"	0.0118430740482974
"NMIBC"	5	2	1	4	0	-10.7249903523708	-11.4867020065995	-6.69266764858235	4.1359733151139	12.6702555121995	0.105645429201877	"evaluated"	"r04_C8_vs_C3"	"usage_raw"	"EpiMP14"	"source"	0.164337334314031
"ALL"	21	4	1	20	0	-0.0934441902863491	-0.177354575400863	-0.046263578170136	0.492986359988622	0.602450091269865	0.000262696784705367	"evaluated"	"r04_C8_vs_C3"	"UCell_raw"	"EpiMP01"	"ALL"	0.000459719373234393
"CNP0000460"	9	1	0	9	0	-0.110105370405964	-0.241586700841248	-0.0848642155314713	0.462347323569791	0.608895311557303	0.00915168885265007	"evaluated"	"r04_C8_vs_C3"	"UCell_raw"	"EpiMP01"	"dataset"	0.0142359604374557
"HRA003620"	5	1	1	4	0	-0.0335280076981049	-0.0498768157013052	-0.0220334027115693	0.588995489032594	0.614673190667497	0.41849223344682	"evaluated"	"r04_C8_vs_C3"	"UCell_raw"	"EpiMP01"	"dataset"	0.48824093902129
"InhouseData"	3	1	0	3	0	-0.191417388968645	-0.203487119333162	-0.115514324077592	0.352190017857343	0.501051850474964	0.18144920772142	"evaluated"	"r04_C8_vs_C3"	"UCell_raw"	"EpiMP01"	"dataset"	0.230935355281808
"PRJNA662018"	4	1	0	4	0	-0.092923278417322	-0.149025877848597	-0.0451055153165088	0.547510037224485	0.648718151972268	0.100348246462291	"evaluated"	"r04_C8_vs_C3"	"UCell_raw"	"EpiMP01"	"dataset"	0.140487545047207
"Normal"	6	3	1	5	0	-0.110816736920941	-0.160897957409626	-0.0440513946351681	0.548836611219727	0.648799977974684	0.0934924836898357	"evaluated"	"r04_C8_vs_C3"	"UCell_raw"	"EpiMP01"	"source"	0.163611846457212
"MIBC"	10	4	0	10	0	-0.0806283825815476	-0.178458786392611	-0.0427893896092543	0.469484139802355	0.580527625316913	0.00592153702414871	"evaluated"	"r04_C8_vs_C3"	"UCell_raw"	"EpiMP01"	"source"	0.00921127981534243
"NMIBC"	5	2	0	5	0	-0.0848642155314713	-0.109848475730612	-0.0781361365919894	0.47297049888383	0.590675159129988	0.0590582290905367	"evaluated"	"r04_C8_vs_C3"	"UCell_raw"	"EpiMP01"	"source"	0.0826815207267514
"ALL"	21	4	8	13	0	-0.00879275714990366	-0.0370935651279457	0.0212882667613082	0.142662729892258	0.156316720205609	0.144339193370849	"evaluated"	"r04_C8_vs_C3"	"UCell_raw"	"EpiMP02"	"ALL"	0.15544220824553
"CNP0000460"	9	1	1	8	0	-0.0321907264278646	-0.0556673459406432	-0.00879275714990366	0.12793716448001	0.161327149156304	0.0243902414330541	"evaluated"	"r04_C8_vs_C3"	"UCell_raw"	"EpiMP02"	"dataset"	0.0310421254602506
"HRA003620"	5	1	4	1	0	0.0216979338505674	0.0123297725393322	0.024765692724381	0.166160725499952	0.140599067448861	0.105645429201877	"evaluated"	"r04_C8_vs_C3"	"UCell_raw"	"EpiMP02"	"dataset"	0.164337334314031
"InhouseData"	3	1	1	2	0	-0.0152135113478407	-0.0399804785276512	0.00303737770673379	0.126616853585417	0.146174417016749	0.789268026134281	"evaluated"	"r04_C8_vs_C3"	"UCell_raw"	"EpiMP02"	"dataset"	0.789268026134281
"PRJNA662018"	4	1	2	2	0	-0.00848060723120976	-0.0355376999986159	0.0132172091536049	0.158457164790326	0.172297048404128	0.583882420770365	"evaluated"	"r04_C8_vs_C3"	"UCell_raw"	"EpiMP02"	"dataset"	0.583882420770365
"Normal"	6	3	2	4	0	-0.0346421457779052	-0.0563898441958071	0.0105265879363196	0.154175068373977	0.174662833762145	0.401678166469773	"evaluated"	"r04_C8_vs_C3"	"UCell_raw"	"EpiMP02"	"source"	0.468624527548069
"MIBC"	10	4	4	6	0	-0.0120031342488722	-0.0279645281181215	0.018336635020046	0.141874088612219	0.156296921909927	0.308063229907199	"evaluated"	"r04_C8_vs_C3"	"UCell_raw"	"EpiMP02"	"source"	0.331760401438522
"NMIBC"	5	2	2	3	0	-0.000367800018148984	-0.00198900596653735	0.0123297725393322	0.130425206274272	0.134340980529132	1	"evaluated"	"r04_C8_vs_C3"	"UCell_raw"	"EpiMP02"	"source"	1
"ALL"	21	4	21	0	0	0.15401558713578	0.10809303404705	0.193885223626831	0.472708602101754	0.323933930132394	6.4115163065495e-05	"evaluated"	"r04_C8_vs_C3"	"UCell_raw"	"EpiMP03"	"ALL"	0.000148417528680658
"CNP0000460"	9	1	9	0	0	0.158749398700418	0.144584956031488	0.180325707262232	0.445558731774429	0.288482137951251	0.00915168885265007	"evaluated"	"r04_C8_vs_C3"	"UCell_raw"	"EpiMP03"	"dataset"	0.0142359604374557
"HRA003620"	5	1	5	0	0	0.218717945018025	0.10809303404705	0.226837267029326	0.494843467010899	0.331376072159586	0.0590582290905367	"evaluated"	"r04_C8_vs_C3"	"UCell_raw"	"EpiMP03"	"dataset"	0.164337334314031
"InhouseData"	3	1	3	0	0	0.0825076106617884	0.0787925845453336	0.118848161259431	0.52440288149761	0.420144921181696	0.18144920772142	"evaluated"	"r04_C8_vs_C3"	"UCell_raw"	"EpiMP03"	"dataset"	0.230935355281808
"PRJNA662018"	4	1	4	0	0	0.130060847784926	0.10790936941451	0.167268456306334	0.467356519654915	0.322239541718997	0.100348246462291	"evaluated"	"r04_C8_vs_C3"	"UCell_raw"	"EpiMP03"	"dataset"	0.140487545047207
"Normal"	6	3	6	0	0	0.136850674846796	0.110991216174741	0.157565945809258	0.429018434429741	0.296382881612829	0.0360316862182336	"evaluated"	"r04_C8_vs_C3"	"UCell_raw"	"EpiMP03"	"source"	0.118344135651719
"MIBC"	10	4	10	0	0	0.130060847784926	0.0859919828894793	0.162121581946002	0.485897932780812	0.355533012048863	0.00592153702414871	"evaluated"	"r04_C8_vs_C3"	"UCell_raw"	"EpiMP03"	"source"	0.00921127981534243
"NMIBC"	5	2	5	0	0	0.226837267029326	0.193885223626831	0.227177830144953	0.498758141950056	0.293797024522933	0.0590582290905367	"evaluated"	"r04_C8_vs_C3"	"UCell_raw"	"EpiMP03"	"source"	0.0826815207267514
"ALL"	21	4	21	0	0	0.167512613557243	0.100280732971291	0.197746676036966	0.543599804420102	0.39438883828176	6.4115163065495e-05	"evaluated"	"r04_C8_vs_C3"	"UCell_raw"	"EpiMP04"	"ALL"	0.000148417528680658
"CNP0000460"	9	1	9	0	0	0.173438439928652	0.16297778356516	0.21880387302144	0.5239488913711	0.351853070903835	0.00915168885265007	"evaluated"	"r04_C8_vs_C3"	"UCell_raw"	"EpiMP04"	"dataset"	0.0142359604374557
"HRA003620"	5	1	5	0	0	0.167512613557243	0.134181917234907	0.173787491124034	0.537438074512957	0.392272102986458	0.0590582290905367	"evaluated"	"r04_C8_vs_C3"	"UCell_raw"	"EpiMP04"	"dataset"	0.164337334314031
"InhouseData"	3	1	3	0	0	0.087718940756746	0.064326667970941	0.0970311363692149	0.56500594771185	0.486673725070661	0.18144920772142	"evaluated"	"r04_C8_vs_C3"	"UCell_raw"	"EpiMP04"	"dataset"	0.230935355281808
"PRJNA662018"	4	1	4	0	0	0.147063002444842	0.105364990891213	0.197633356339563	0.579461913695476	0.423526568909542	0.100348246462291	"evaluated"	"r04_C8_vs_C3"	"UCell_raw"	"EpiMP04"	"dataset"	0.140487545047207
"Normal"	6	3	6	0	0	0.185592557982809	0.168994070150095	0.213539573775322	0.534267203971627	0.362140962357634	0.0360316862182336	"evaluated"	"r04_C8_vs_C3"	"UCell_raw"	"EpiMP04"	"source"	0.118344135651719
"MIBC"	10	4	10	0	0	0.106701537756435	0.0908593888103823	0.161060049290128	0.553393280966392	0.429936997656294	0.00592153702414871	"evaluated"	"r04_C8_vs_C3"	"UCell_raw"	"EpiMP04"	"source"	0.00921127981534243
"NMIBC"	5	2	5	0	0	0.173787491124034	0.16297778356516	0.20442662985941	0.535211971865691	0.361989970641642	0.0590582290905367	"evaluated"	"r04_C8_vs_C3"	"UCell_raw"	"EpiMP04"	"source"	0.0826815207267514
"ALL"	21	4	6	15	0	-0.0446540752411596	-0.0916160889332532	0.00532434946381177	0.437469097504801	0.472189670613491	0.0311638455366196	"evaluated"	"r04_C8_vs_C3"	"UCell_raw"	"EpiMP05"	"ALL"	0.0396630761375158
"CNP0000460"	9	1	1	8	0	-0.0664640687134796	-0.0916160889332532	-0.0238501132860072	0.415626347722417	0.479932198894008	0.0128512401874965	"evaluated"	"r04_C8_vs_C3"	"UCell_raw"	"EpiMP05"	"dataset"	0.0179917362624951
"HRA003620"	5	1	3	2	0	0.0199915678196708	-0.023489343307726	0.0953222779709502	0.554247191860228	0.502661520107589	0.589638551626567	"evaluated"	"r04_C8_vs_C3"	"UCell_raw"	"EpiMP05"	"dataset"	0.589638551626567
"InhouseData"	3	1	1	2	0	-0.101173619918589	-0.146774570323489	-0.0450176038649106	0.293336054868977	0.387472964355047	0.422678074170636	"evaluated"	"r04_C8_vs_C3"	"UCell_raw"	"EpiMP05"	"dataset"	0.455191772183761
"PRJNA662018"	4	1	1	3	0	-0.0317477301731134	-0.0692267696244317	0.00600478819053005	0.448742448547751	0.480216699808539	0.361310428526179	"evaluated"	"r04_C8_vs_C3"	"UCell_raw"	"EpiMP05"	"dataset"	0.459849636306046
"Normal"	6	3	2	4	0	-0.0342520942635834	-0.0798755855102298	0.0655291801567108	0.516825612841344	0.508154917939134	1	"evaluated"	"r04_C8_vs_C3"	"UCell_raw"	"EpiMP05"	"source"	1
"MIBC"	10	4	4	6	0	-0.0317477301731134	-0.0924962321173119	0.0096848965075291	0.405118239250452	0.455399755605619	0.153576396549984	"evaluated"	"r04_C8_vs_C3"	"UCell_raw"	"EpiMP05"	"source"	0.179172462641648
"NMIBC"	5	2	0	5	0	-0.0535451425405602	-0.0800801776949672	-0.023489343307726	0.406942995609647	0.462611203838464	0.0590582290905367	"evaluated"	"r04_C8_vs_C3"	"UCell_raw"	"EpiMP05"	"source"	0.0826815207267514
"ALL"	21	4	0	21	0	-0.116877507932187	-0.144447008156372	-0.0850081633917562	0.186638299454685	0.295897677772692	6.4115163065495e-05	"evaluated"	"r04_C8_vs_C3"	"UCell_raw"	"EpiMP06"	"ALL"	0.000148417528680658
"CNP0000460"	9	1	0	9	0	-0.118385764293808	-0.123195254957799	-0.0891219860283985	0.157542057829028	0.282560999059575	0.00915168885265007	"evaluated"	"r04_C8_vs_C3"	"UCell_raw"	"EpiMP06"	"dataset"	0.0142359604374557
"HRA003620"	5	1	0	5	0	-0.0759216971894149	-0.116877507932187	-0.0419416854712564	0.188692227084358	0.269429169197009	0.0590582290905367	"evaluated"	"r04_C8_vs_C3"	"UCell_raw"	"EpiMP06"	"dataset"	0.164337334314031
"InhouseData"	3	1	0	3	0	-0.144447008156372	-0.154522759256822	-0.0773398440699073	0.261750179565092	0.368176245730787	0.18144920772142	"evaluated"	"r04_C8_vs_C3"	"UCell_raw"	"EpiMP06"	"dataset"	0.230935355281808
"PRJNA662018"	4	1	0	4	0	-0.105583416377741	-0.127987376658651	-0.0891744308548113	0.193203523492514	0.304781914628235	0.100348246462291	"evaluated"	"r04_C8_vs_C3"	"UCell_raw"	"EpiMP06"	"dataset"	0.140487545047207
"Normal"	6	3	0	6	0	-0.120790509625803	-0.142948740733105	-0.118020198521497	0.167346894852078	0.301278450943595	0.0360316862182336	"evaluated"	"r04_C8_vs_C3"	"UCell_raw"	"EpiMP06"	"source"	0.118344135651719
"MIBC"	10	4	0	10	0	-0.0911952377599103	-0.138420981159019	-0.078921232056673	0.206527011650947	0.304937827134375	0.00592153702414871	"evaluated"	"r04_C8_vs_C3"	"UCell_raw"	"EpiMP06"	"source"	0.00921127981534243
"NMIBC"	5	2	0	5	0	-0.11497210924555	-0.116877507932187	-0.0865402428769234	0.170010560585288	0.27136045124424	0.0590582290905367	"evaluated"	"r04_C8_vs_C3"	"UCell_raw"	"EpiMP06"	"source"	0.0826815207267514
"ALL"	21	4	20	1	0	0.0879751932990905	0.0725678250505869	0.11775371129816	0.37589867634606	0.284233092945956	7.42087643403292e-05	"evaluated"	"r04_C8_vs_C3"	"UCell_raw"	"EpiMP07"	"ALL"	0.000148417528680658
"CNP0000460"	9	1	9	0	0	0.104138732435137	0.0879751932990905	0.125517705475701	0.390921403082141	0.282672605969957	0.00915168885265007	"evaluated"	"r04_C8_vs_C3"	"UCell_raw"	"EpiMP07"	"dataset"	0.0142359604374557
"HRA003620"	5	1	4	1	0	0.0881098563805215	0.0725678250505869	0.11775371129816	0.353925497532388	0.272529938621016	0.105645429201877	"evaluated"	"r04_C8_vs_C3"	"UCell_raw"	"EpiMP07"	"dataset"	0.164337334314031
"InhouseData"	3	1	3	0	0	0.0533624139078078	0.0490483403308122	0.0612264493984343	0.390457219124763	0.334728163941202	0.18144920772142	"evaluated"	"r04_C8_vs_C3"	"UCell_raw"	"EpiMP07"	"dataset"	0.230935355281808
"PRJNA662018"	4	1	4	0	0	0.082444080332075	0.0763706293315341	0.100216730321786	0.35864510762294	0.264501828301695	0.100348246462291	"evaluated"	"r04_C8_vs_C3"	"UCell_raw"	"EpiMP07"	"dataset"	0.140487545047207
"Normal"	6	3	5	1	0	0.103165266030133	0.0799738186942226	0.12017296221556	0.362134330404925	0.269940405455206	0.0591720678258594	"evaluated"	"r04_C8_vs_C3"	"UCell_raw"	"EpiMP07"	"source"	0.118344135651719
"MIBC"	10	4	10	0	0	0.082444080332075	0.063415398780898	0.0868316802915787	0.377589965925524	0.296193417482519	0.00592153702414871	"evaluated"	"r04_C8_vs_C3"	"UCell_raw"	"EpiMP07"	"source"	0.00921127981534243
"NMIBC"	5	2	5	0	0	0.113336131059809	0.0881098563805215	0.12996016792515	0.389033312316494	0.27746366886173	0.0590582290905367	"evaluated"	"r04_C8_vs_C3"	"UCell_raw"	"EpiMP07"	"source"	0.0826815207267514
"ALL"	21	4	9	12	0	-0.00803415727224738	-0.0341939661757434	0.0209055152506733	0.287702672085223	0.296082651408561	0.602112702844855	"evaluated"	"r04_C8_vs_C3"	"UCell_raw"	"EpiMP08"	"ALL"	0.602112702844855
"CNP0000460"	9	1	7	2	0	0.0209055152506733	0.00908033398970681	0.0679225673876427	0.320869204484429	0.293954871895348	0.286320596793059	"evaluated"	"r04_C8_vs_C3"	"UCell_raw"	"EpiMP08"	"dataset"	0.308345258084833
"HRA003620"	5	1	1	4	0	-0.0254506032919569	-0.100430883505907	-0.0250719957267195	0.255369439308033	0.306747216629227	0.105645429201877	"evaluated"	"r04_C8_vs_C3"	"UCell_raw"	"EpiMP08"	"dataset"	0.164337334314031
"InhouseData"	3	1	0	3	0	-0.0208216256257965	-0.0628636134838864	-0.0181055738746874	0.261711036676628	0.308749953040412	0.18144920772142	"evaluated"	"r04_C8_vs_C3"	"UCell_raw"	"EpiMP08"	"dataset"	0.230935355281808
"PRJNA662018"	4	1	1	3	0	-0.00696018283609456	-0.0156349113154772	0.00362399763075279	0.272988241714943	0.278038972563573	0.583882420770365	"evaluated"	"r04_C8_vs_C3"	"UCell_raw"	"EpiMP08"	"dataset"	0.583882420770365
"Normal"	6	3	4	2	0	0.0140471996758271	-0.00224832902860113	0.0205364090045633	0.294332984420833	0.292565419406812	0.529368106184798	"evaluated"	"r04_C8_vs_C3"	"UCell_raw"	"EpiMP08"	"source"	0.570088729737475
"MIBC"	10	4	3	7	0	-0.0181055738746874	-0.0373763716278107	0.0221074224740655	0.289344459334201	0.301505731037386	0.540817904242618	"evaluated"	"r04_C8_vs_C3"	"UCell_raw"	"EpiMP08"	"source"	0.540817904242618
"NMIBC"	5	2	2	3	0	-0.0250719957267195	-0.0254506032919569	0.00908033398970681	0.276462722784534	0.289457170553011	0.589638551626567	"evaluated"	"r04_C8_vs_C3"	"UCell_raw"	"EpiMP08"	"source"	0.687911643564328
"ALL"	21	4	6	15	0	-0.0279729071842607	-0.0427806029071007	0.0037670139491193	0.226796229776809	0.252870853439137	0.00487211577336908	"evaluated"	"r04_C8_vs_C3"	"UCell_raw"	"EpiMP09"	"ALL"	0.00682096208271671
"CNP0000460"	9	1	3	6	0	-0.0274008387421457	-0.0340448872513735	0.0037670139491193	0.2145068876287	0.233247953182264	0.123534253752569	"evaluated"	"r04_C8_vs_C3"	"UCell_raw"	"EpiMP09"	"dataset"	0.144123296044664
"HRA003620"	5	1	1	4	0	-0.0279729071842607	-0.0486486881066575	-0.0161690445420603	0.258815794714635	0.30163735498378	0.177529852412154	"evaluated"	"r04_C8_vs_C3"	"UCell_raw"	"EpiMP09"	"dataset"	0.248541793377015
"InhouseData"	3	1	0	3	0	-0.0471660582927114	-0.0524038158537141	-0.0278287591291968	0.222281793960828	0.260048157851865	0.18144920772142	"evaluated"	"r04_C8_vs_C3"	"UCell_raw"	"EpiMP09"	"dataset"	0.230935355281808
"PRJNA662018"	4	1	2	2	0	-0.0156098280586099	-0.0405144550656797	0.0120319735300785	0.21780862029976	0.230681273776751	0.583882420770365	"evaluated"	"r04_C8_vs_C3"	"UCell_raw"	"EpiMP09"	"dataset"	0.583882420770365
"Normal"	6	3	4	2	0	0.00630879641892333	-0.000893335298501143	0.0217643406880806	0.224644537869533	0.216813595094015	0.29450739368011	"evaluated"	"r04_C8_vs_C3"	"UCell_raw"	"EpiMP09"	"source"	0.374827591956504
"MIBC"	10	4	1	9	0	-0.0370575611286603	-0.0458363225307529	-0.0281240966198574	0.232560816758964	0.263963673641261	0.0108269212771313	"evaluated"	"r04_C8_vs_C3"	"UCell_raw"	"EpiMP09"	"source"	0.0151576897879838
"NMIBC"	5	2	1	4	0	-0.0427806029071007	-0.0669579001098824	-0.0279729071842607	0.21784908610123	0.273953923049034	0.105645429201877	"evaluated"	"r04_C8_vs_C3"	"UCell_raw"	"EpiMP09"	"source"	0.134457818984207
"ALL"	21	4	20	1	0	0.0394804582232222	0.0296400022541983	0.0799653048546004	0.241262324019552	0.193805295325332	0.000343544314493334	"evaluated"	"r04_C8_vs_C3"	"UCell_raw"	"EpiMP10"	"ALL"	0.00053440226698963
"CNP0000460"	9	1	9	0	0	0.0421201596356903	0.032666454540199	0.0799653048546004	0.240995760712207	0.184356841837213	0.00915168885265007	"evaluated"	"r04_C8_vs_C3"	"UCell_raw"	"EpiMP10"	"dataset"	0.0142359604374557
"HRA003620"	5	1	4	1	0	0.0394804582232222	0.0115128619615772	0.0731376290839417	0.240088069816089	0.207543918945781	0.280712665268496	"evaluated"	"r04_C8_vs_C3"	"UCell_raw"	"EpiMP10"	"dataset"	0.357270664887176
"InhouseData"	3	1	3	0	0	0.0231539963600206	0.0158896093847883	0.0263969993071094	0.228945841383856	0.208472767709265	0.18144920772142	"evaluated"	"r04_C8_vs_C3"	"UCell_raw"	"EpiMP10"	"dataset"	0.230935355281808
"PRJNA662018"	4	1	4	0	0	0.071813109826881	0.0547866982323917	0.0827032509265763	0.252567271192178	0.186890431860091	0.100348246462291	"evaluated"	"r04_C8_vs_C3"	"UCell_raw"	"EpiMP10"	"dataset"	0.140487545047207
"Normal"	6	3	5	1	0	0.0376699367498625	0.0334099165877556	0.0547206486245	0.219344199565749	0.185022674111975	0.208412803684149	"evaluated"	"r04_C8_vs_C3"	"UCell_raw"	"EpiMP10"	"source"	0.291777925157808
"MIBC"	10	4	10	0	0	0.0485580632375624	0.0303966153256985	0.0782583859119357	0.252556582454947	0.201712282626368	0.00592153702414871	"evaluated"	"r04_C8_vs_C3"	"UCell_raw"	"EpiMP10"	"source"	0.00921127981534243
"NMIBC"	5	2	5	0	0	0.0421201596356903	0.0115128619615772	0.0833749994029964	0.244975556493325	0.18853046617929	0.0590582290905367	"evaluated"	"r04_C8_vs_C3"	"UCell_raw"	"EpiMP10"	"source"	0.0826815207267514
"ALL"	21	4	21	0	0	0.111090999194614	0.0741510409771617	0.128191761243657	0.2686049160868	0.166237282783534	6.4115163065495e-05	"evaluated"	"r04_C8_vs_C3"	"UCell_raw"	"EpiMP11"	"ALL"	0.000148417528680658
"CNP0000460"	9	1	9	0	0	0.122626598835702	0.0770985628881833	0.135167400345163	0.256497414914722	0.144305511883498	0.00915168885265007	"evaluated"	"r04_C8_vs_C3"	"UCell_raw"	"EpiMP11"	"dataset"	0.0142359604374557
"HRA003620"	5	1	5	0	0	0.111174462454693	0.0741510409771617	0.120987694722648	0.274037491536034	0.184847445172945	0.0590582290905367	"evaluated"	"r04_C8_vs_C3"	"UCell_raw"	"EpiMP11"	"dataset"	0.164337334314031
"InhouseData"	3	1	3	0	0	0.100557742491928	0.078562846652269	0.10975186047326	0.287085150081979	0.195061259495602	0.18144920772142	"evaluated"	"r04_C8_vs_C3"	"UCell_raw"	"EpiMP11"	"dataset"	0.230935355281808
"PRJNA662018"	4	1	4	0	0	0.096270361939667	0.0767628612952645	0.12400031777265	0.275195898916048	0.1707030817878	0.100348246462291	"evaluated"	"r04_C8_vs_C3"	"UCell_raw"	"EpiMP11"	"dataset"	0.140487545047207
"Normal"	6	3	6	0	0	0.127978000745848	0.0862699304417968	0.134707900922871	0.260613047920884	0.154038383131207	0.0360316862182336	"evaluated"	"r04_C8_vs_C3"	"UCell_raw"	"EpiMP11"	"source"	0.118344135651719
"MIBC"	10	4	10	0	0	0.0910037335883238	0.0723378726504	0.111153596639674	0.268978098566371	0.174950950164085	0.00592153702414871	"evaluated"	"r04_C8_vs_C3"	"UCell_raw"	"EpiMP11"	"source"	0.00921127981534243
"NMIBC"	5	2	5	0	0	0.120987694722648	0.0939619758659961	0.128191761243657	0.277448792926756	0.163448627605224	0.0590582290905367	"evaluated"	"r04_C8_vs_C3"	"UCell_raw"	"EpiMP11"	"source"	0.0826815207267514
"ALL"	21	4	1	20	0	-0.0642365901214964	-0.0847145668149554	-0.051678256551858	0.343090917859963	0.416373715493943	7.42087643403292e-05	"evaluated"	"r04_C8_vs_C3"	"UCell_raw"	"EpiMP12"	"ALL"	0.000148417528680658
"CNP0000460"	9	1	0	9	0	-0.0704410324785076	-0.0950182447154242	-0.0642365901214964	0.333468854345273	0.426662599497289	0.00915168885265007	"evaluated"	"r04_C8_vs_C3"	"UCell_raw"	"EpiMP12"	"dataset"	0.0142359604374557
"HRA003620"	5	1	1	4	0	-0.0369134987458186	-0.0546910944586931	-0.0178107513147817	0.357077113134857	0.390474796574275	0.105645429201877	"evaluated"	"r04_C8_vs_C3"	"UCell_raw"	"EpiMP12"	"dataset"	0.164337334314031
"InhouseData"	3	1	0	3	0	-0.136557270703407	-0.150313560638144	-0.0822267313572767	0.350601195122967	0.460108966218779	0.18144920772142	"evaluated"	"r04_C8_vs_C3"	"UCell_raw"	"EpiMP12"	"dataset"	0.230935355281808
"PRJNA662018"	4	1	0	4	0	-0.0541949643370404	-0.0587755764539395	-0.0465902162483295	0.341625108727144	0.392795937092373	0.100348246462291	"evaluated"	"r04_C8_vs_C3"	"UCell_raw"	"EpiMP12"	"dataset"	0.140487545047207
"Normal"	6	3	1	5	0	-0.0579574233366772	-0.0675323571547339	-0.0262776276240508	0.368371310531047	0.436915561448413	0.0591720678258594	"evaluated"	"r04_C8_vs_C3"	"UCell_raw"	"EpiMP12"	"source"	0.118344135651719
"MIBC"	10	4	0	10	0	-0.0608394807856563	-0.0811461832308435	-0.0412062772490768	0.342750287205395	0.415518495304857	0.00592153702414871	"evaluated"	"r04_C8_vs_C3"	"UCell_raw"	"EpiMP12"	"source"	0.00921127981534243
"NMIBC"	5	2	0	5	0	-0.0663061062197298	-0.0950182447154242	-0.0581559224632337	0.313435707963798	0.393433940726751	0.0590582290905367	"evaluated"	"r04_C8_vs_C3"	"UCell_raw"	"EpiMP12"	"source"	0.0826815207267514
"ALL"	21	4	7	14	0	-0.00278285400382652	-0.0101685300834214	0.00423838312160482	0.109305576519116	0.113231419789328	0.0822315201248248	"evaluated"	"r04_C8_vs_C3"	"UCell_raw"	"EpiMP13"	"ALL"	0.0959367734789623
"CNP0000460"	9	1	4	5	0	-0.00278285400382652	-0.0100857804271022	0.00556098854182197	0.114455537308461	0.115555285586197	0.722282962716192	"evaluated"	"r04_C8_vs_C3"	"UCell_raw"	"EpiMP13"	"dataset"	0.722282962716192
"HRA003620"	5	1	2	3	0	-0.00043621852052414	-0.00733097206501131	0.00427042577382468	0.1006785701097	0.105150847136846	0.589638551626567	"evaluated"	"r04_C8_vs_C3"	"UCell_raw"	"EpiMP13"	"dataset"	0.589638551626567
"InhouseData"	3	1	1	2	0	-0.00888699682034186	-0.0127389251317259	-0.00402063536650418	0.117908968695975	0.126119676754681	0.422678074170636	"evaluated"	"r04_C8_vs_C3"	"UCell_raw"	"EpiMP13"	"dataset"	0.455191772183761
"PRJNA662018"	4	1	0	4	0	-0.00593632142886374	-0.0108785088512999	-0.00144567879330798	0.102049378622218	0.108437244837962	0.100348246462291	"evaluated"	"r04_C8_vs_C3"	"UCell_raw"	"EpiMP13"	"dataset"	0.140487545047207
"Normal"	6	3	1	5	0	-0.00674279687517847	-0.0130074264564316	-0.000753192083969616	0.113219500303463	0.121334298899424	0.142213241936393	"evaluated"	"r04_C8_vs_C3"	"UCell_raw"	"EpiMP13"	"source"	0.221220598567722
"MIBC"	10	4	3	7	0	-0.00484030202253361	-0.00984814676765155	0.000466700352921668	0.109412808947484	0.114245675546905	0.102917539402853	"evaluated"	"r04_C8_vs_C3"	"UCell_raw"	"EpiMP13"	"source"	0.130985959239995
"NMIBC"	5	2	3	2	0	0.00672466715257912	-0.00733097206501131	0.00902103476405769	0.104394403121166	0.101479453342061	0.787406490666269	"evaluated"	"r04_C8_vs_C3"	"UCell_raw"	"EpiMP13"	"source"	0.847976220717521
"ALL"	21	4	1	20	0	-0.0558703235913197	-0.0705179511963171	-0.0399359831419853	0.318814552230384	0.379372670409437	7.42087643403292e-05	"evaluated"	"r04_C8_vs_C3"	"UCell_raw"	"EpiMP14"	"ALL"	0.000148417528680658
"CNP0000460"	9	1	0	9	0	-0.061729965674366	-0.0841226848220184	-0.0567352995503503	0.304616150284294	0.38215083717175	0.00915168885265007	"evaluated"	"r04_C8_vs_C3"	"UCell_raw"	"EpiMP14"	"dataset"	0.0142359604374557
"HRA003620"	5	1	1	4	0	-0.0240735780410989	-0.0390630829794169	-0.00556931943190736	0.344969522595301	0.370939245240377	0.105645429201877	"evaluated"	"r04_C8_vs_C3"	"UCell_raw"	"EpiMP14"	"dataset"	0.164337334314031
"InhouseData"	3	1	0	3	0	-0.106535016373355	-0.111101180004755	-0.0772181540142307	0.291338901485013	0.381373452039885	0.18144920772142	"evaluated"	"r04_C8_vs_C3"	"UCell_raw"	"EpiMP14"	"dataset"	0.230935355281808
"PRJNA662018"	4	1	0	4	0	-0.0424980057675082	-0.0471929274222972	-0.0387940870659629	0.33867398171197	0.382162990432722	0.100348246462291	"evaluated"	"r04_C8_vs_C3"	"UCell_raw"	"EpiMP14"	"dataset"	0.140487545047207
"Normal"	6	3	1	5	0	-0.0435720066504121	-0.0543534822024725	-0.0280391793163205	0.356923956694337	0.409592735032847	0.0591720678258594	"evaluated"	"r04_C8_vs_C3"	"UCell_raw"	"EpiMP14"	"source"	0.118344135651719
"MIBC"	10	4	0	10	0	-0.0563175003917796	-0.0785245050351053	-0.0457703442085499	0.305261674694499	0.37006995600999	0.00592153702414871	"evaluated"	"r04_C8_vs_C3"	"UCell_raw"	"EpiMP14"	"source"	0.00921127981534243
"NMIBC"	5	2	0	5	0	-0.0621200047791407	-0.0705179511963171	-0.0558703235913197	0.300189021945411	0.361714021660241	0.0590582290905367	"evaluated"	"r04_C8_vs_C3"	"UCell_raw"	"EpiMP14"	"source"	0.0826815207267514
